0 0.187500 0.840037 0.187500 0.840951 0.186849 0.841865 0.186198 0.840951 0.185547 0.840951 0.184896 0.840951 0.184245 0.840951 0.183594 0.840951 0.182943 0.841865 0.182292 0.840951 0.181641 0.841865 0.180990 0.840951 0.180339 0.841865 0.179688 0.842779 0.179036 0.842779 0.178385 0.842779 0.177734 0.842779 0.177083 0.843693 0.176432 0.844607 0.175781 0.844607 0.175130 0.845521 0.174479 0.844607 0.174479 0.843693 0.174479 0.844607 0.175130 0.845521 0.174479 0.846435 0.174479 0.847349 0.174479 0.848263 0.174479 0.849177 0.174479 0.850091 0.174479 0.851005 0.175130 0.851920 0.175130 0.852834 0.175130 0.853748 0.175130 0.854662 0.175781 0.854662 0.176432 0.855576 0.177083 0.856490 0.177734 0.857404 0.178385 0.858318 0.177734 0.859232 0.178385 0.858318 0.179036 0.857404 0.179688 0.858318 0.180339 0.858318 0.180990 0.859232 0.180339 0.858318 0.180339 0.857404 0.180339 0.856490 0.179688 0.855576 0.179688 0.854662 0.179688 0.853748 0.179688 0.852834 0.180339 0.851920 0.180990 0.851005 0.181641 0.850091 0.182292 0.850091 0.182943 0.849177 0.183594 0.850091 0.184245 0.850091 0.184896 0.851005 0.185547 0.851920 0.186198 0.852834 0.186198 0.853748 0.186198 0.854662 0.186198 0.855576 0.186198 0.856490 0.186198 0.857404 0.185547 0.858318 0.184896 0.859232 0.185547 0.858318 0.186198 0.858318 0.186849 0.858318 0.187500 0.858318 0.188151 0.858318 0.188802 0.857404 0.189453 0.856490 0.189453 0.855576 0.189453 0.854662 0.189453 0.853748 0.190104 0.852834 0.190104 0.851920 0.189453 0.851005 0.189453 0.850091 0.188802 0.849177 0.188802 0.848263 0.188802 0.847349 0.188802 0.846435 0.188802 0.845521 0.188151 0.844607 0.188151 0.843693 0.188802 0.842779 0.188151 0.843693 0.187500 0.842779 0.186849 0.841865 0.187500 0.840951
0 0.498698 0.839122 0.498047 0.840037 0.497396 0.840951 0.496745 0.840951 0.496094 0.841865 0.495443 0.842779 0.494792 0.842779 0.494141 0.843693 0.493490 0.843693 0.492839 0.843693 0.492188 0.844607 0.491536 0.844607 0.490885 0.845521 0.490234 0.844607 0.490234 0.843693 0.490234 0.844607 0.490885 0.845521 0.490234 0.846435 0.490234 0.847349 0.490234 0.848263 0.490234 0.849177 0.490234 0.850091 0.490885 0.851005 0.490885 0.851920 0.490234 0.852834 0.490885 0.851920 0.491536 0.852834 0.492188 0.853748 0.492188 0.854662 0.492188 0.855576 0.492188 0.856490 0.492188 0.857404 0.492188 0.858318 0.492188 0.859232 0.492188 0.860146 0.492188 0.861060 0.492188 0.861974 0.492839 0.861974 0.493490 0.861060 0.494141 0.861060 0.494792 0.861060 0.495443 0.861974 0.496094 0.861974 0.496745 0.862888 0.497396 0.862888 0.498047 0.863803 0.498698 0.863803 0.499349 0.862888 0.500000 0.862888 0.500651 0.862888 0.501302 0.861974 0.501953 0.861974 0.502604 0.861060 0.503255 0.861060 0.503906 0.861060 0.504557 0.860146 0.505208 0.860146 0.505859 0.859232 0.505859 0.858318 0.505859 0.857404 0.506510 0.856490 0.507161 0.855576 0.507812 0.855576 0.507812 0.854662 0.508464 0.853748 0.508464 0.852834 0.508464 0.851920 0.508464 0.851005 0.507812 0.850091 0.508464 0.849177 0.507812 0.850091 0.507161 0.849177 0.506510 0.848263 0.506510 0.847349 0.506510 0.846435 0.506510 0.845521 0.505859 0.845521 0.505208 0.844607 0.504557 0.843693 0.505208 0.842779 0.504557 0.843693 0.503906 0.842779 0.503255 0.841865 0.502604 0.840951 0.503255 0.840037 0.502604 0.840951 0.501953 0.840037 0.501302 0.840037 0.500651 0.839122 0.500000 0.839122 0.499349 0.839122
0 0.327474 0.839122 0.326823 0.840037 0.326172 0.840037 0.325521 0.840037 0.324870 0.840037 0.324219 0.840037 0.323568 0.840037 0.322917 0.840037 0.322266 0.840951 0.321615 0.840951 0.320964 0.841865 0.320312 0.840951 0.320964 0.841865 0.320312 0.842779 0.319661 0.843693 0.319010 0.842779 0.319661 0.843693 0.319010 0.844607 0.319010 0.845521 0.319010 0.846435 0.319010 0.847349 0.319010 0.848263 0.319010 0.849177 0.319010 0.850091 0.319010 0.851005 0.319010 0.851920 0.319010 0.852834 0.319010 0.853748 0.318359 0.854662 0.319010 0.853748 0.319661 0.853748 0.320312 0.853748 0.320964 0.854662 0.321615 0.854662 0.322266 0.855576 0.322917 0.856490 0.322917 0.857404 0.323568 0.857404 0.324219 0.857404 0.324870 0.858318 0.325521 0.857404 0.326172 0.858318 0.326823 0.858318 0.327474 0.859232 0.328125 0.859232 0.328776 0.858318 0.329427 0.859232 0.330078 0.859232 0.330729 0.858318 0.331380 0.858318 0.332031 0.858318 0.332682 0.859232 0.332031 0.858318 0.332682 0.857404 0.333333 0.856490 0.333984 0.856490 0.333984 0.855576 0.333984 0.854662 0.334635 0.853748 0.334635 0.852834 0.334635 0.851920 0.334635 0.851005 0.334635 0.850091 0.335286 0.849177 0.335286 0.848263 0.335286 0.847349 0.334635 0.846435 0.334635 0.845521 0.334635 0.844607 0.334635 0.843693 0.335286 0.842779 0.334635 0.843693 0.333984 0.842779 0.333333 0.841865 0.332682 0.840951 0.332682 0.840037 0.332031 0.839122 0.331380 0.839122 0.330729 0.840037 0.330078 0.840037 0.329427 0.840951 0.328776 0.840037 0.328125 0.840037
0 0.841146 0.838208 0.841797 0.839122 0.841146 0.840037 0.840495 0.840951 0.839844 0.840951 0.839193 0.841865 0.838542 0.840951 0.837891 0.840951 0.837240 0.841865 0.836589 0.840951 0.837240 0.841865 0.837240 0.842779 0.836589 0.843693 0.836589 0.844607 0.835938 0.845521 0.835286 0.846435 0.834635 0.847349 0.833984 0.846435 0.834635 0.847349 0.834635 0.848263 0.834635 0.849177 0.835286 0.850091 0.835938 0.851005 0.835938 0.851920 0.835938 0.852834 0.836589 0.853748 0.836589 0.854662 0.836589 0.855576 0.837240 0.856490 0.837240 0.857404 0.836589 0.858318 0.837240 0.857404 0.837891 0.858318 0.838542 0.859232 0.838542 0.860146 0.838542 0.861060 0.839193 0.861060 0.839844 0.861060 0.840495 0.861060 0.841146 0.861974 0.841797 0.861974 0.842448 0.862888 0.843099 0.863803 0.842448 0.864717 0.843099 0.863803 0.843750 0.864717 0.844401 0.865631 0.844401 0.866545 0.844401 0.867459 0.845052 0.868373 0.845703 0.868373 0.846354 0.869287 0.845703 0.868373 0.845703 0.867459 0.846354 0.866545 0.846354 0.865631 0.846354 0.864717 0.847005 0.863803 0.847656 0.862888 0.848307 0.862888 0.848958 0.861974 0.849609 0.862888 0.848958 0.861974 0.848958 0.861060 0.848958 0.860146 0.848958 0.859232 0.849609 0.858318 0.850260 0.857404 0.850911 0.858318 0.850260 0.857404 0.850911 0.856490 0.850911 0.855576 0.850911 0.854662 0.850911 0.853748 0.851562 0.852834 0.852214 0.851920 0.852865 0.851005 0.853516 0.851920 0.854167 0.851005 0.854818 0.851005 0.854167 0.851005 0.853516 0.851920 0.852865 0.851005 0.852214 0.851005 0.851562 0.850091 0.850911 0.849177 0.850911 0.848263 0.850911 0.847349 0.850911 0.846435 0.850911 0.845521 0.851562 0.844607 0.851562 0.843693 0.850911 0.842779 0.851562 0.841865 0.850911 0.842779 0.850260 0.841865 0.849609 0.840951 0.850260 0.840037 0.849609 0.840951 0.848958 0.840951 0.848307 0.840037 0.847656 0.840951 0.847005 0.840037 0.846354 0.840037 0.845703 0.840037 0.845052 0.840037 0.844401 0.839122 0.843750 0.839122 0.843099 0.839122 0.842448 0.839122 0.841797 0.839122
0 0.783203 0.838208 0.782552 0.839122 0.783203 0.840037 0.783203 0.840951 0.783203 0.841865 0.782552 0.842779 0.781901 0.843693 0.781250 0.843693 0.780599 0.844607 0.779948 0.844607 0.779297 0.843693 0.779948 0.844607 0.779948 0.845521 0.779297 0.846435 0.779297 0.847349 0.779297 0.848263 0.778646 0.849177 0.778646 0.850091 0.778646 0.851005 0.779297 0.851920 0.779297 0.852834 0.779297 0.853748 0.779948 0.854662 0.779948 0.855576 0.779948 0.856490 0.779297 0.857404 0.778646 0.858318 0.777995 0.858318 0.777344 0.859232 0.776693 0.858318 0.777344 0.859232 0.777344 0.860146 0.776693 0.861060 0.777344 0.860146 0.777995 0.860146 0.778646 0.861060 0.779297 0.861060 0.779948 0.861974 0.780599 0.861974 0.781250 0.861974 0.781901 0.861974 0.782552 0.861974 0.783203 0.861974 0.783854 0.862888 0.784505 0.862888 0.785156 0.863803 0.785807 0.864717 0.785156 0.865631 0.785807 0.864717 0.786458 0.864717 0.787109 0.863803 0.787760 0.863803 0.788411 0.862888 0.789062 0.863803 0.789714 0.864717 0.789062 0.863803 0.789714 0.862888 0.789714 0.861974 0.789714 0.861060 0.790365 0.860146 0.791016 0.859232 0.791667 0.859232 0.792318 0.858318 0.792969 0.859232 0.792969 0.860146 0.792969 0.859232 0.792318 0.858318 0.792969 0.857404 0.793620 0.856490 0.794271 0.856490 0.794922 0.855576 0.795573 0.856490 0.796224 0.857404 0.796224 0.856490 0.795573 0.856490 0.794922 0.855576 0.794922 0.854662 0.794922 0.853748 0.794922 0.852834 0.794922 0.851920 0.794922 0.851005 0.795573 0.850091 0.794922 0.851005 0.794271 0.850091 0.793620 0.849177 0.793620 0.848263 0.793620 0.847349 0.794271 0.846435 0.793620 0.845521 0.793620 0.844607 0.794271 0.843693 0.793620 0.844607 0.792969 0.843693 0.792318 0.842779 0.791667 0.841865 0.791667 0.840951 0.791016 0.841865 0.790365 0.841865 0.789714 0.840951 0.789062 0.840951 0.788411 0.840037 0.787760 0.840037 0.787109 0.839122 0.786458 0.840037 0.785807 0.839122 0.785156 0.839122 0.784505 0.839122 0.783854 0.839122
0 0.408854 0.838208 0.409505 0.839122 0.408854 0.840037 0.408203 0.840951 0.407552 0.841865 0.406901 0.841865 0.406250 0.842779 0.405599 0.841865 0.406250 0.842779 0.406250 0.843693 0.406250 0.844607 0.406250 0.845521 0.405599 0.846435 0.405599 0.847349 0.405599 0.848263 0.405599 0.849177 0.405599 0.850091 0.404948 0.851005 0.404948 0.851920 0.404948 0.852834 0.404297 0.853748 0.403646 0.854662 0.402995 0.853748 0.403646 0.854662 0.403646 0.855576 0.402995 0.856490 0.403646 0.855576 0.404297 0.856490 0.404948 0.857404 0.405599 0.858318 0.406250 0.859232 0.405599 0.860146 0.405599 0.861060 0.405599 0.860146 0.406250 0.859232 0.406901 0.860146 0.407552 0.860146 0.408203 0.860146 0.408854 0.860146 0.409505 0.860146 0.410156 0.860146 0.410807 0.860146 0.411458 0.859232 0.412109 0.859232 0.412760 0.859232 0.413411 0.858318 0.414062 0.858318 0.414714 0.857404 0.415365 0.857404 0.416016 0.857404 0.416667 0.857404 0.417318 0.857404 0.417969 0.857404 0.418620 0.858318 0.418620 0.857404 0.419271 0.856490 0.419922 0.855576 0.420573 0.854662 0.421224 0.855576 0.420573 0.854662 0.420573 0.853748 0.420573 0.852834 0.420573 0.851920 0.420573 0.851005 0.420573 0.850091 0.420573 0.849177 0.420573 0.848263 0.421224 0.847349 0.420573 0.848263 0.419922 0.847349 0.419271 0.846435 0.418620 0.845521 0.418620 0.844607 0.418620 0.843693 0.417969 0.842779 0.417318 0.841865 0.417318 0.840951 0.417969 0.840037 0.417318 0.840951 0.416667 0.840951 0.416016 0.840951 0.415365 0.840037 0.415365 0.840951 0.415365 0.841865 0.415365 0.842779 0.415365 0.843693 0.415365 0.844607 0.414714 0.845521 0.414062 0.844607 0.414062 0.843693 0.414062 0.842779 0.414062 0.841865 0.414062 0.840951 0.414062 0.840037 0.413411 0.840037 0.412760 0.839122 0.412109 0.840037 0.411458 0.840037 0.410807 0.839122 0.410156 0.839122 0.409505 0.839122
0 0.358724 0.838208 0.358073 0.839122 0.357422 0.840037 0.356771 0.840037 0.356120 0.840037 0.355469 0.840951 0.354818 0.840951 0.354167 0.841865 0.353516 0.841865 0.352865 0.841865 0.352214 0.841865 0.351562 0.841865 0.350911 0.841865 0.350260 0.840951 0.349609 0.840951 0.348958 0.840951 0.348307 0.841865 0.347656 0.842779 0.347005 0.841865 0.346354 0.842779 0.347005 0.841865 0.347656 0.842779 0.348307 0.843693 0.348307 0.844607 0.348307 0.845521 0.347656 0.846435 0.348307 0.847349 0.348307 0.848263 0.348307 0.849177 0.348307 0.850091 0.348307 0.851005 0.348307 0.851920 0.347656 0.852834 0.347656 0.853748 0.347656 0.854662 0.347005 0.855576 0.347005 0.856490 0.347656 0.857404 0.347656 0.858318 0.348307 0.859232 0.348307 0.860146 0.348958 0.859232 0.349609 0.860146 0.350260 0.860146 0.350911 0.861060 0.351562 0.861974 0.352214 0.861974 0.352865 0.862888 0.353516 0.862888 0.354167 0.862888 0.354818 0.861974 0.355469 0.861974 0.356120 0.861060 0.356771 0.861060 0.357422 0.860146 0.358073 0.861060 0.358724 0.861060 0.359375 0.861974 0.358724 0.861060 0.359375 0.860146 0.360026 0.859232 0.360677 0.860146 0.360026 0.859232 0.360677 0.858318 0.361328 0.857404 0.361979 0.858318 0.361328 0.857404 0.361979 0.856490 0.362630 0.855576 0.362630 0.854662 0.363281 0.853748 0.363281 0.852834 0.363281 0.851920 0.363281 0.851005 0.363281 0.850091 0.363281 0.849177 0.363281 0.848263 0.362630 0.847349 0.362630 0.846435 0.362630 0.845521 0.362630 0.844607 0.363281 0.843693 0.362630 0.842779 0.361979 0.842779 0.361328 0.841865 0.360677 0.842779 0.360026 0.841865 0.359375 0.841865 0.358724 0.840951 0.358073 0.840037 0.358073 0.839122
0 0.125000 0.838208 0.124349 0.839122 0.123698 0.840037 0.123047 0.840037 0.122396 0.840951 0.121745 0.841865 0.121094 0.842779 0.120443 0.842779 0.119792 0.843693 0.119141 0.844607 0.119141 0.845521 0.118490 0.846435 0.118490 0.847349 0.117839 0.848263 0.117188 0.849177 0.117188 0.850091 0.117188 0.851005 0.116536 0.851920 0.115885 0.852834 0.115234 0.852834 0.115234 0.853748 0.115885 0.853748 0.115885 0.852834 0.116536 0.851920 0.117188 0.851920 0.117839 0.852834 0.118490 0.851920 0.119141 0.851920 0.119792 0.851920 0.120443 0.851920 0.121094 0.851920 0.121745 0.851005 0.122396 0.851005 0.123047 0.850091 0.123698 0.851005 0.124349 0.850091 0.125000 0.850091 0.125651 0.849177 0.126302 0.849177 0.126953 0.849177 0.127604 0.850091 0.128255 0.850091 0.128906 0.851005 0.129557 0.851920 0.130208 0.851920 0.130859 0.851920 0.131510 0.851920 0.132161 0.852834 0.131510 0.851920 0.132161 0.851005 0.132161 0.850091 0.132161 0.849177 0.132161 0.848263 0.132161 0.847349 0.132812 0.846435 0.132161 0.845521 0.132161 0.844607 0.131510 0.843693 0.132161 0.842779 0.131510 0.843693 0.130859 0.842779 0.130208 0.842779 0.129557 0.841865 0.128906 0.840951 0.128906 0.840037 0.128255 0.840037 0.127604 0.839122 0.126953 0.839122 0.126302 0.838208 0.125651 0.838208
0 0.038411 0.837294 0.037760 0.838208 0.037109 0.838208 0.036458 0.838208 0.035807 0.839122 0.035156 0.838208 0.035807 0.839122 0.035156 0.840037 0.034505 0.840951 0.033854 0.840037 0.034505 0.840951 0.033854 0.841865 0.033203 0.842779 0.032552 0.842779 0.031901 0.843693 0.031250 0.843693 0.031901 0.844607 0.031901 0.845521 0.031901 0.846435 0.031901 0.847349 0.031250 0.848263 0.030599 0.849177 0.029948 0.850091 0.029948 0.851005 0.029297 0.851920 0.028646 0.851920 0.027995 0.851920 0.027344 0.852834 0.026693 0.853748 0.026042 0.854662 0.025391 0.853748 0.026042 0.854662 0.025391 0.855576 0.024740 0.856490 0.024089 0.856490 0.023438 0.857404 0.022786 0.858318 0.022135 0.859232 0.021484 0.860146 0.020833 0.860146 0.020182 0.861060 0.019531 0.861974 0.018880 0.862888 0.018229 0.863803 0.017578 0.863803 0.016927 0.864717 0.016276 0.864717 0.015625 0.865631 0.014974 0.865631 0.014323 0.865631 0.013672 0.865631 0.013021 0.865631 0.012370 0.865631 0.012370 0.866545 0.011719 0.867459 0.011068 0.868373 0.010417 0.868373 0.009766 0.869287 0.009115 0.869287 0.008464 0.869287 0.007812 0.870201 0.007161 0.869287 0.006510 0.869287 0.005859 0.868373 0.005208 0.867459 0.004557 0.866545 0.003906 0.865631 0.003255 0.864717 0.002604 0.863803 0.001953 0.862888 0.001953 0.861974 0.002604 0.861060 0.001953 0.861974 0.001302 0.861974 0.000651 0.861060 0.000651 0.861974 0.000651 0.862888 0.000651 0.863803 0.000651 0.864717 0.000651 0.865631 0.000651 0.866545 0.000651 0.867459 0.000651 0.868373 0.000651 0.869287 0.000651 0.870201 0.000651 0.871115 0.000651 0.872029 0.000651 0.872943 0.000651 0.873857 0.000651 0.874771 0.000651 0.875686 0.000651 0.876600 0.000651 0.877514 0.001302 0.877514 0.001953 0.877514 0.002604 0.877514 0.003255 0.877514 0.003906 0.877514 0.004557 0.877514 0.005208 0.877514 0.005859 0.877514 0.006510 0.877514 0.007161 0.877514 0.007812 0.877514 0.008464 0.878428 0.009115 0.877514 0.009766 0.877514 0.010417 0.877514 0.011068 0.877514 0.011719 0.877514 0.012370 0.877514 0.013021 0.877514 0.013672 0.877514 0.014323 0.877514 0.014974 0.877514 0.015625 0.877514 0.016276 0.877514 0.016927 0.877514 0.017578 0.877514 0.018229 0.877514 0.018880 0.877514 0.019531 0.877514 0.020182 0.877514 0.020833 0.877514 0.021484 0.877514 0.022135 0.877514 0.022786 0.877514 0.023438 0.877514 0.024089 0.877514 0.024740 0.877514 0.025391 0.877514 0.026042 0.877514 0.026693 0.877514 0.027344 0.877514 0.027995 0.877514 0.028646 0.877514 0.029297 0.877514 0.029948 0.877514 0.030599 0.877514 0.031250 0.877514 0.031901 0.877514 0.032552 0.877514 0.033203 0.877514 0.033854 0.877514 0.034505 0.877514 0.035156 0.877514 0.035807 0.877514 0.036458 0.877514 0.037109 0.877514 0.037760 0.877514 0.038411 0.877514 0.039062 0.877514 0.039714 0.877514 0.040365 0.877514 0.041016 0.877514 0.041667 0.878428 0.042318 0.877514 0.042969 0.877514 0.043620 0.877514 0.044271 0.877514 0.044922 0.877514 0.045573 0.877514 0.046224 0.877514 0.046875 0.877514 0.047526 0.877514 0.048177 0.877514 0.048828 0.877514 0.049479 0.877514 0.050130 0.877514 0.050781 0.877514 0.051432 0.877514 0.052083 0.877514 0.052734 0.877514 0.053385 0.877514 0.054036 0.877514 0.054688 0.877514 0.055339 0.877514 0.055990 0.877514 0.056641 0.877514 0.057292 0.877514 0.057943 0.877514 0.058594 0.877514 0.059245 0.877514 0.059896 0.877514 0.060547 0.877514 0.061198 0.877514 0.061849 0.877514 0.062500 0.877514 0.063151 0.877514 0.063802 0.877514 0.064453 0.877514 0.065104 0.877514 0.065755 0.877514 0.066406 0.877514 0.067057 0.877514 0.067708 0.877514 0.068359 0.877514 0.069010 0.877514 0.069661 0.877514 0.070312 0.878428 0.070964 0.877514 0.071615 0.877514 0.072266 0.877514 0.072917 0.877514 0.073568 0.877514 0.074219 0.877514 0.074870 0.877514 0.075521 0.877514 0.076172 0.877514 0.076823 0.877514 0.077474 0.877514 0.078125 0.877514 0.078776 0.877514 0.079427 0.877514 0.080078 0.877514 0.080729 0.877514 0.081380 0.877514 0.082031 0.877514 0.082682 0.877514 0.083333 0.877514 0.083984 0.877514 0.084635 0.877514 0.085286 0.877514 0.085938 0.877514 0.086589 0.877514 0.087240 0.877514 0.087891 0.877514 0.088542 0.877514 0.089193 0.877514 0.089844 0.877514 0.090495 0.877514 0.091146 0.877514 0.091797 0.877514 0.092448 0.877514 0.093099 0.878428 0.093750 0.877514 0.094401 0.877514 0.095052 0.877514 0.095703 0.877514 0.096354 0.877514 0.097005 0.877514 0.097656 0.877514 0.098307 0.877514 0.098958 0.877514 0.099609 0.877514 0.100260 0.878428 0.100911 0.877514 0.101562 0.877514 0.102214 0.877514 0.102865 0.877514 0.103516 0.877514 0.104167 0.877514 0.104818 0.877514 0.105469 0.877514 0.106120 0.877514 0.106771 0.877514 0.107422 0.877514 0.108073 0.877514 0.108724 0.877514 0.109375 0.877514 0.110026 0.877514 0.110677 0.877514 0.111328 0.877514 0.111979 0.877514 0.112630 0.877514 0.113281 0.877514 0.113932 0.877514 0.114583 0.877514 0.115234 0.877514 0.115885 0.877514 0.116536 0.877514 0.117188 0.877514 0.117839 0.877514 0.118490 0.877514 0.119141 0.877514 0.119792 0.877514 0.120443 0.877514 0.121094 0.877514 0.121745 0.877514 0.122396 0.877514 0.123047 0.877514 0.123698 0.877514 0.124349 0.877514 0.125000 0.877514 0.125651 0.877514 0.126302 0.878428 0.126953 0.877514 0.127604 0.877514 0.128255 0.877514 0.128906 0.877514 0.129557 0.877514 0.130208 0.877514 0.130859 0.877514 0.131510 0.877514 0.132161 0.877514 0.132812 0.877514 0.133464 0.877514 0.134115 0.877514 0.134766 0.876600 0.135417 0.876600 0.136068 0.876600 0.136719 0.876600 0.137370 0.876600 0.138021 0.876600 0.138672 0.877514 0.139323 0.877514 0.139974 0.877514 0.140625 0.877514 0.141276 0.877514 0.141927 0.877514 0.142578 0.877514 0.143229 0.877514 0.143880 0.877514 0.144531 0.877514 0.145182 0.877514 0.145833 0.877514 0.146484 0.877514 0.147135 0.877514 0.147786 0.877514 0.148438 0.877514 0.149089 0.877514 0.149740 0.877514 0.150391 0.877514 0.151042 0.877514 0.151693 0.877514 0.152344 0.877514 0.152995 0.877514 0.153646 0.877514 0.154297 0.877514 0.154948 0.878428 0.155599 0.877514 0.156250 0.877514 0.156901 0.877514 0.157552 0.877514 0.158203 0.877514 0.158854 0.877514 0.159505 0.877514 0.160156 0.877514 0.160807 0.877514 0.161458 0.877514 0.162109 0.877514 0.162760 0.877514 0.163411 0.877514 0.164062 0.877514 0.164714 0.877514 0.165365 0.877514 0.166016 0.876600 0.166667 0.877514 0.167318 0.877514 0.167969 0.876600 0.168620 0.876600 0.169271 0.877514 0.169922 0.877514 0.170573 0.876600 0.171224 0.877514 0.171875 0.877514 0.172526 0.877514 0.173177 0.877514 0.173828 0.877514 0.174479 0.877514 0.175130 0.877514 0.175781 0.877514 0.176432 0.877514 0.177083 0.877514 0.177734 0.877514 0.178385 0.877514 0.179036 0.877514 0.179688 0.877514 0.180339 0.877514 0.180990 0.877514 0.181641 0.877514 0.182292 0.877514 0.182943 0.878428 0.183594 0.877514 0.184245 0.877514 0.184896 0.877514 0.185547 0.877514 0.186198 0.877514 0.186849 0.877514 0.187500 0.877514 0.188151 0.877514 0.188802 0.877514 0.189453 0.877514 0.190104 0.876600 0.190755 0.876600 0.191406 0.876600 0.192057 0.876600 0.192708 0.876600 0.193359 0.876600 0.194010 0.877514 0.194661 0.877514 0.195312 0.877514 0.195964 0.877514 0.196615 0.877514 0.197266 0.877514 0.197917 0.877514 0.198568 0.877514 0.199219 0.877514 0.199870 0.877514 0.200521 0.877514 0.201172 0.877514 0.201823 0.877514 0.202474 0.877514 0.203125 0.877514 0.203776 0.877514 0.204427 0.877514 0.205078 0.877514 0.205729 0.877514 0.206380 0.877514 0.207031 0.877514 0.207682 0.878428 0.208333 0.877514 0.208984 0.877514 0.209635 0.877514 0.210286 0.877514 0.210938 0.877514 0.211589 0.877514 0.212240 0.877514 0.212891 0.877514 0.213542 0.877514 0.214193 0.877514 0.214844 0.877514 0.215495 0.878428 0.216146 0.877514 0.216797 0.877514 0.217448 0.877514 0.218099 0.877514 0.218750 0.877514 0.219401 0.877514 0.220052 0.877514 0.220703 0.877514 0.221354 0.877514 0.222005 0.877514 0.222656 0.877514 0.223307 0.877514 0.223958 0.877514 0.224609 0.876600 0.225260 0.876600 0.225911 0.875686 0.226562 0.875686 0.227214 0.875686 0.227865 0.876600 0.228516 0.876600 0.229167 0.875686 0.229818 0.875686 0.230469 0.875686 0.231120 0.876600 0.231771 0.876600 0.232422 0.876600 0.233073 0.877514 0.233724 0.877514 0.234375 0.877514 0.235026 0.877514 0.235677 0.877514 0.236328 0.877514 0.236979 0.877514 0.237630 0.877514 0.238281 0.877514 0.238932 0.877514 0.239583 0.877514 0.240234 0.877514 0.240885 0.877514 0.241536 0.877514 0.242188 0.877514 0.242839 0.877514 0.243490 0.877514 0.244141 0.878428 0.244792 0.877514 0.245443 0.877514 0.246094 0.877514 0.246745 0.877514 0.247396 0.877514 0.248047 0.877514 0.248698 0.877514 0.249349 0.877514 0.250000 0.877514 0.250651 0.877514 0.251302 0.877514 0.251953 0.877514 0.252604 0.877514 0.253255 0.877514 0.253906 0.877514 0.254557 0.877514 0.255208 0.877514 0.255859 0.876600 0.256510 0.877514 0.257161 0.876600 0.257812 0.876600 0.258464 0.876600 0.259115 0.875686 0.259766 0.876600 0.260417 0.876600 0.261068 0.877514 0.261719 0.878428 0.262370 0.877514 0.263021 0.877514 0.263672 0.877514 0.264323 0.877514 0.264974 0.877514 0.265625 0.877514 0.266276 0.877514 0.266927 0.877514 0.267578 0.877514 0.268229 0.877514 0.268880 0.877514 0.269531 0.877514 0.270182 0.877514 0.270833 0.877514 0.271484 0.877514 0.272135 0.877514 0.272786 0.877514 0.273438 0.877514 0.274089 0.877514 0.274740 0.877514 0.275391 0.877514 0.276042 0.877514 0.276693 0.877514 0.277344 0.877514 0.277995 0.877514 0.278646 0.877514 0.279297 0.876600 0.279297 0.875686 0.279297 0.874771 0.279297 0.873857 0.279297 0.872943 0.279948 0.872029 0.280599 0.872943 0.280599 0.873857 0.280599 0.874771 0.280599 0.875686 0.281250 0.874771 0.281901 0.874771 0.282552 0.874771 0.283203 0.873857 0.283854 0.873857 0.284505 0.873857 0.285156 0.873857 0.285807 0.874771 0.286458 0.874771 0.287109 0.875686 0.287760 0.876600 0.288411 0.877514 0.289062 0.877514 0.289714 0.877514 0.290365 0.877514 0.291016 0.877514 0.291667 0.877514 0.292318 0.877514 0.292969 0.877514 0.293620 0.877514 0.294271 0.877514 0.294922 0.877514 0.295573 0.877514 0.296224 0.877514 0.296875 0.877514 0.297526 0.877514 0.298177 0.877514 0.298828 0.877514 0.299479 0.877514 0.300130 0.877514 0.300781 0.877514 0.301432 0.877514 0.302083 0.878428 0.302734 0.877514 0.303385 0.877514 0.304036 0.877514 0.304688 0.877514 0.305339 0.877514 0.305990 0.877514 0.306641 0.877514 0.307292 0.877514 0.307943 0.877514 0.308594 0.877514 0.309245 0.877514 0.309896 0.877514 0.310547 0.877514 0.311198 0.877514 0.311849 0.877514 0.312500 0.877514 0.313151 0.877514 0.313802 0.876600 0.314453 0.876600 0.315104 0.875686 0.315755 0.875686 0.316406 0.875686 0.317057 0.875686 0.317708 0.876600 0.318359 0.876600 0.319010 0.877514 0.319661 0.877514 0.320312 0.877514 0.320964 0.877514 0.321615 0.877514 0.322266 0.877514 0.322917 0.877514 0.323568 0.877514 0.324219 0.877514 0.324870 0.877514 0.325521 0.877514 0.326172 0.877514 0.326823 0.877514 0.327474 0.877514 0.328125 0.877514 0.328776 0.877514 0.329427 0.877514 0.330078 0.877514 0.330729 0.877514 0.331380 0.877514 0.332031 0.877514 0.332682 0.877514 0.333333 0.877514 0.333984 0.877514 0.334635 0.877514 0.335286 0.876600 0.335938 0.877514 0.336589 0.876600 0.337240 0.875686 0.337891 0.875686 0.338542 0.874771 0.339193 0.875686 0.339844 0.875686 0.340495 0.875686 0.341146 0.875686 0.341797 0.875686 0.342448 0.875686 0.343099 0.874771 0.343750 0.874771 0.344401 0.874771 0.345052 0.874771 0.345703 0.874771 0.346354 0.874771 0.347005 0.873857 0.347656 0.874771 0.348307 0.874771 0.348958 0.875686 0.349609 0.876600 0.349609 0.877514 0.348958 0.878428 0.349609 0.877514 0.350260 0.877514 0.350911 0.877514 0.351562 0.877514 0.352214 0.877514 0.352865 0.878428 0.353516 0.878428 0.354167 0.878428 0.354818 0.878428 0.355469 0.878428 0.356120 0.878428 0.356771 0.878428 0.357422 0.878428 0.358073 0.877514 0.358724 0.877514 0.359375 0.878428 0.358724 0.877514 0.358724 0.876600 0.359375 0.875686 0.358724 0.875686 0.358073 0.874771 0.357422 0.874771 0.356771 0.874771 0.356120 0.873857 0.355469 0.874771 0.354818 0.874771 0.354167 0.873857 0.353516 0.874771 0.352865 0.873857 0.352214 0.873857 0.351562 0.873857 0.350911 0.872943 0.350260 0.872943 0.349609 0.872943 0.348958 0.872029 0.348307 0.872029 0.347656 0.871115 0.347005 0.870201 0.346354 0.870201 0.345703 0.869287 0.345052 0.869287 0.344401 0.868373 0.343750 0.867459 0.343099 0.867459 0.342448 0.866545 0.341797 0.866545 0.341146 0.867459 0.340495 0.867459 0.339844 0.867459 0.339193 0.868373 0.338542 0.868373 0.337891 0.869287 0.337240 0.869287 0.336589 0.870201 0.335938 0.870201 0.335286 0.870201 0.334635 0.871115 0.333984 0.871115 0.333333 0.872029 0.332682 0.872029 0.332031 0.871115 0.331380 0.871115 0.330729 0.871115 0.330078 0.870201 0.329427 0.870201 0.328776 0.869287 0.328125 0.868373 0.328776 0.867459 0.328125 0.868373 0.327474 0.868373 0.326823 0.868373 0.326172 0.868373 0.325521 0.868373 0.324870 0.867459 0.324219 0.867459 0.323568 0.867459 0.322917 0.868373 0.322266 0.869287 0.321615 0.870201 0.320964 0.870201 0.320964 0.871115 0.320312 0.872029 0.319661 0.871115 0.319661 0.870201 0.319010 0.870201 0.318359 0.869287 0.317708 0.869287 0.317057 0.868373 0.316406 0.867459 0.316406 0.866545 0.315755 0.865631 0.315104 0.864717 0.314453 0.863803 0.315104 0.862888 0.314453 0.863803 0.313802 0.862888 0.313151 0.862888 0.312500 0.861974 0.311849 0.862888 0.311198 0.861974 0.310547 0.862888 0.309896 0.862888 0.309245 0.862888 0.308594 0.863803 0.307943 0.864717 0.307292 0.863803 0.307943 0.864717 0.307292 0.865631 0.306641 0.866545 0.305990 0.865631 0.306641 0.866545 0.305990 0.867459 0.305339 0.868373 0.304688 0.869287 0.304036 0.870201 0.303385 0.870201 0.302734 0.871115 0.302083 0.870201 0.301432 0.869287 0.300781 0.870201 0.300130 0.870201 0.299479 0.869287 0.298828 0.869287 0.298177 0.869287 0.297526 0.868373 0.296875 0.868373 0.296224 0.868373 0.295573 0.868373 0.294922 0.868373 0.294271 0.869287 0.293620 0.869287 0.292969 0.869287 0.292318 0.870201 0.291667 0.870201 0.291016 0.870201 0.290365 0.870201 0.289714 0.871115 0.289062 0.872029 0.288411 0.871115 0.288411 0.870201 0.287760 0.870201 0.287109 0.869287 0.286458 0.868373 0.285807 0.867459 0.285156 0.866545 0.284505 0.865631 0.284505 0.864717 0.284505 0.863803 0.285156 0.862888 0.285156 0.861974 0.285156 0.862888 0.284505 0.863803 0.283854 0.863803 0.283203 0.863803 0.282552 0.862888 0.283203 0.863803 0.282552 0.864717 0.281901 0.865631 0.281250 0.865631 0.280599 0.866545 0.279948 0.866545 0.279297 0.867459 0.278646 0.868373 0.277995 0.868373 0.277344 0.869287 0.276693 0.868373 0.276042 0.868373 0.275391 0.868373 0.274740 0.868373 0.274089 0.867459 0.273438 0.867459 0.272786 0.867459 0.272135 0.868373 0.271484 0.867459 0.270833 0.867459 0.270182 0.866545 0.269531 0.866545 0.268880 0.865631 0.268229 0.865631 0.267578 0.866545 0.266927 0.867459 0.266276 0.868373 0.265625 0.868373 0.264974 0.869287 0.264323 0.869287 0.263672 0.869287 0.263021 0.868373 0.262370 0.869287 0.261719 0.868373 0.261068 0.868373 0.260417 0.867459 0.259766 0.866545 0.259115 0.865631 0.258464 0.865631 0.257812 0.864717 0.257161 0.863803 0.257812 0.862888 0.257161 0.863803 0.256510 0.862888 0.255859 0.862888 0.255208 0.862888 0.254557 0.861974 0.253906 0.861974 0.253255 0.861974 0.252604 0.862888 0.251953 0.861974 0.251302 0.862888 0.250651 0.863803 0.250000 0.862888 0.250651 0.863803 0.250651 0.864717 0.250000 0.865631 0.250000 0.866545 0.249349 0.867459 0.248698 0.868373 0.248047 0.868373 0.247396 0.869287 0.246745 0.869287 0.246094 0.869287 0.245443 0.869287 0.244792 0.869287 0.244141 0.868373 0.243490 0.869287 0.242839 0.869287 0.242188 0.870201 0.241536 0.870201 0.240885 0.869287 0.240234 0.869287 0.239583 0.868373 0.238932 0.868373 0.238281 0.868373 0.237630 0.868373 0.236979 0.868373 0.236328 0.868373 0.235677 0.869287 0.235026 0.869287 0.235026 0.870201 0.235026 0.871115 0.234375 0.872029 0.233724 0.871115 0.233724 0.870201 0.233724 0.869287 0.233073 0.869287 0.232422 0.868373 0.231771 0.867459 0.231120 0.866545 0.230469 0.865631 0.229818 0.864717 0.229818 0.863803 0.230469 0.862888 0.229818 0.863803 0.229167 0.862888 0.228516 0.863803 0.227865 0.863803 0.227214 0.863803 0.226562 0.862888 0.225911 0.862888 0.225260 0.861974 0.224609 0.862888 0.223958 0.861974 0.224609 0.862888 0.223958 0.863803 0.223307 0.864717 0.222656 0.864717 0.222005 0.865631 0.221354 0.866545 0.221354 0.867459 0.220703 0.868373 0.220052 0.869287 0.219401 0.870201 0.218750 0.870201 0.218099 0.871115 0.217448 0.871115 0.216797 0.871115 0.216146 0.871115 0.215495 0.870201 0.214844 0.870201 0.214193 0.869287 0.213542 0.869287 0.212891 0.869287 0.212240 0.869287 0.211589 0.869287 0.210938 0.869287 0.210286 0.869287 0.209635 0.868373 0.208984 0.868373 0.208333 0.868373 0.208333 0.869287 0.208333 0.870201 0.208333 0.871115 0.208333 0.872029 0.208333 0.872943 0.208333 0.873857 0.208333 0.874771 0.208333 0.875686 0.208333 0.876600 0.208333 0.877514 0.207682 0.878428 0.207031 0.877514 0.207031 0.876600 0.207031 0.875686 0.207031 0.874771 0.207031 0.873857 0.207031 0.872943 0.207031 0.872029 0.207031 0.871115 0.207031 0.870201 0.207031 0.869287 0.206380 0.868373 0.205729 0.868373 0.205078 0.867459 0.204427 0.867459 0.203776 0.866545 0.203125 0.865631 0.202474 0.865631 0.201823 0.864717 0.201172 0.863803 0.201823 0.862888 0.201172 0.863803 0.200521 0.862888 0.199870 0.862888 0.199219 0.862888 0.198568 0.861974 0.197917 0.862888 0.197266 0.862888 0.196615 0.862888 0.195964 0.862888 0.195312 0.862888 0.194661 0.863803 0.194010 0.864717 0.193359 0.865631 0.192708 0.866545 0.192057 0.867459 0.191406 0.866545 0.192057 0.867459 0.191406 0.868373 0.190755 0.869287 0.190104 0.870201 0.189453 0.870201 0.188802 0.871115 0.188151 0.871115 0.187500 0.870201 0.186849 0.870201 0.186198 0.869287 0.185547 0.869287 0.184896 0.868373 0.184245 0.868373 0.183594 0.869287 0.182943 0.869287 0.182292 0.869287 0.181641 0.870201 0.180990 0.870201 0.180339 0.871115 0.179688 0.871115 0.179036 0.871115 0.178385 0.871115 0.177734 0.871115 0.177083 0.871115 0.176432 0.871115 0.175781 0.871115 0.175130 0.870201 0.174479 0.870201 0.173828 0.869287 0.173177 0.868373 0.172526 0.867459 0.171875 0.866545 0.171224 0.865631 0.170573 0.864717 0.170573 0.863803 0.169922 0.863803 0.169271 0.863803 0.168620 0.863803 0.167969 0.862888 0.167318 0.863803 0.166667 0.863803 0.166016 0.864717 0.165365 0.864717 0.164714 0.865631 0.164062 0.866545 0.163411 0.867459 0.162760 0.868373 0.162109 0.868373 0.161458 0.869287 0.160807 0.869287 0.160156 0.869287 0.159505 0.869287 0.158854 0.869287 0.158203 0.869287 0.157552 0.869287 0.156901 0.869287 0.156250 0.869287 0.155599 0.869287 0.155599 0.870201 0.155599 0.871115 0.155599 0.872029 0.155599 0.872943 0.155599 0.873857 0.155599 0.874771 0.155599 0.875686 0.155599 0.876600 0.155599 0.877514 0.154948 0.878428 0.154297 0.877514 0.154297 0.876600 0.154297 0.875686 0.154297 0.874771 0.154297 0.873857 0.154297 0.872943 0.154297 0.872029 0.154297 0.871115 0.154297 0.870201 0.153646 0.870201 0.152995 0.870201 0.152344 0.870201 0.151693 0.871115 0.151042 0.870201 0.150391 0.870201 0.149740 0.870201 0.149089 0.869287 0.148438 0.869287 0.147786 0.868373 0.147135 0.867459 0.146484 0.866545 0.145833 0.865631 0.145182 0.864717 0.144531 0.863803 0.143880 0.862888 0.143880 0.861974 0.143229 0.861060 0.142578 0.861974 0.141927 0.861974 0.141276 0.861974 0.140625 0.862888 0.139974 0.862888 0.139323 0.862888 0.138672 0.862888 0.138021 0.862888 0.137370 0.863803 0.136719 0.862888 0.137370 0.863803 0.136719 0.864717 0.136068 0.865631 0.135417 0.866545 0.134766 0.867459 0.134115 0.868373 0.133464 0.868373 0.132812 0.869287 0.132161 0.869287 0.131510 0.869287 0.130859 0.869287 0.130208 0.869287 0.129557 0.869287 0.128906 0.869287 0.128255 0.869287 0.127604 0.869287 0.126953 0.869287 0.126302 0.868373 0.125651 0.869287 0.125000 0.870201 0.124349 0.870201 0.123698 0.870201 0.123047 0.870201 0.122396 0.870201 0.121745 0.870201 0.121094 0.871115 0.120443 0.870201 0.119792 0.870201 0.119141 0.869287 0.118490 0.868373 0.117839 0.867459 0.117839 0.866545 0.117188 0.865631 0.116536 0.865631 0.115885 0.864717 0.115234 0.863803 0.114583 0.863803 0.113932 0.862888 0.113281 0.861974 0.113932 0.861060 0.113281 0.861974 0.112630 0.861060 0.111979 0.861060 0.111328 0.861060 0.110677 0.861974 0.110026 0.861974 0.109375 0.861974 0.108724 0.861974 0.108073 0.861974 0.107422 0.862888 0.106771 0.863803 0.106120 0.863803 0.105469 0.864717 0.104818 0.865631 0.104167 0.866545 0.104167 0.867459 0.103516 0.868373 0.102865 0.869287 0.102214 0.869287 0.101562 0.870201 0.100911 0.869287 0.100260 0.868373 0.099609 0.869287 0.098958 0.869287 0.098307 0.869287 0.097656 0.869287 0.097005 0.868373 0.096354 0.868373 0.095703 0.868373 0.095052 0.868373 0.094401 0.868373 0.093750 0.869287 0.093099 0.868373 0.092448 0.869287 0.091797 0.869287 0.091146 0.868373 0.090495 0.868373 0.089844 0.867459 0.089193 0.866545 0.088542 0.865631 0.088542 0.864717 0.088542 0.863803 0.087891 0.862888 0.087891 0.861974 0.087891 0.861060 0.087891 0.860146 0.087240 0.859232 0.086589 0.858318 0.086589 0.857404 0.085938 0.857404 0.085286 0.857404 0.084635 0.857404 0.083984 0.856490 0.083333 0.856490 0.082682 0.855576 0.082031 0.854662 0.082682 0.853748 0.082031 0.854662 0.081380 0.854662 0.080729 0.853748 0.081380 0.854662 0.080729 0.855576 0.080729 0.856490 0.080729 0.857404 0.080078 0.858318 0.080078 0.859232 0.079427 0.860146 0.078776 0.861060 0.078125 0.861060 0.077474 0.861974 0.076823 0.862888 0.076172 0.863803 0.075521 0.864717 0.074870 0.865631 0.074219 0.866545 0.073568 0.867459 0.072917 0.867459 0.072266 0.868373 0.071615 0.868373 0.070964 0.868373 0.070964 0.869287 0.070964 0.870201 0.070964 0.871115 0.070964 0.872029 0.070964 0.872943 0.070964 0.873857 0.070964 0.874771 0.070964 0.875686 0.070964 0.876600 0.070964 0.877514 0.070312 0.878428 0.069661 0.877514 0.069661 0.876600 0.069661 0.875686 0.069661 0.874771 0.069661 0.873857 0.069661 0.872943 0.069661 0.872029 0.069661 0.871115 0.069661 0.870201 0.069661 0.869287 0.069010 0.868373 0.068359 0.868373 0.067708 0.867459 0.067057 0.867459 0.066406 0.867459 0.065755 0.867459 0.065104 0.867459 0.064453 0.866545 0.063802 0.866545 0.063151 0.865631 0.062500 0.865631 0.061849 0.864717 0.061198 0.863803 0.060547 0.862888 0.061198 0.861974 0.060547 0.862888 0.059896 0.861974 0.059245 0.861974 0.058594 0.861974 0.057943 0.861974 0.057292 0.861974 0.056641 0.861060 0.055990 0.861060 0.055339 0.860146 0.054688 0.859232 0.054036 0.859232 0.053385 0.858318 0.052734 0.857404 0.052083 0.857404 0.051432 0.858318 0.050781 0.857404 0.051432 0.858318 0.051432 0.859232 0.051432 0.860146 0.050781 0.861060 0.050130 0.861974 0.049479 0.861060 0.050130 0.861974 0.049479 0.862888 0.048828 0.863803 0.048828 0.864717 0.048177 0.865631 0.048177 0.866545 0.047526 0.867459 0.046875 0.868373 0.046224 0.869287 0.045573 0.869287 0.044922 0.870201 0.044271 0.870201 0.043620 0.870201 0.042969 0.870201 0.042318 0.870201 0.041667 0.869287 0.041016 0.869287 0.040365 0.869287 0.039714 0.869287 0.039062 0.869287 0.038411 0.870201 0.037760 0.869287 0.037109 0.869287 0.036458 0.868373 0.035807 0.868373 0.035156 0.867459 0.034505 0.866545 0.033854 0.865631 0.033203 0.864717 0.032552 0.863803 0.033203 0.862888 0.032552 0.863803 0.031901 0.862888 0.031250 0.862888 0.030599 0.861974 0.029948 0.861060 0.029948 0.860146 0.029297 0.859232 0.029297 0.858318 0.029297 0.857404 0.028646 0.856490 0.028646 0.855576 0.028646 0.854662 0.028646 0.853748 0.028646 0.852834 0.029297 0.851920 0.029948 0.851005 0.030599 0.851005 0.031250 0.850091 0.031901 0.850091 0.032552 0.851005 0.033203 0.851005 0.033854 0.850091 0.034505 0.851005 0.035156 0.851005 0.035807 0.850091 0.036458 0.850091 0.037109 0.849177 0.037760 0.849177 0.038411 0.848263 0.039062 0.849177 0.039714 0.849177 0.040365 0.850091 0.041016 0.850091 0.041667 0.851005 0.042318 0.851920 0.042969 0.851005 0.043620 0.851920 0.044271 0.851005 0.044922 0.851005 0.045573 0.851920 0.046224 0.851920 0.046875 0.851005 0.047526 0.851005 0.048177 0.851920 0.047526 0.851005 0.047526 0.850091 0.048177 0.849177 0.047526 0.848263 0.047526 0.847349 0.047526 0.846435 0.048177 0.845521 0.048177 0.844607 0.048828 0.843693 0.048177 0.844607 0.047526 0.843693 0.046875 0.842779 0.046224 0.841865 0.046875 0.840951 0.046224 0.841865 0.045573 0.840951 0.044922 0.840951 0.044271 0.840951 0.043620 0.841865 0.042969 0.840951 0.042318 0.840951 0.041667 0.840037 0.041016 0.839122 0.040365 0.838208 0.041016 0.837294 0.040365 0.838208 0.039714 0.837294 0.039062 0.838208
0 0.440104 0.836380 0.440104 0.837294 0.440104 0.838208 0.440104 0.839122 0.440104 0.840037 0.439453 0.840951 0.438802 0.841865 0.438151 0.841865 0.437500 0.842779 0.436849 0.842779 0.436198 0.843693 0.435547 0.843693 0.435547 0.844607 0.435547 0.845521 0.434896 0.846435 0.434245 0.847349 0.433594 0.848263 0.432943 0.847349 0.433594 0.848263 0.433594 0.849177 0.433594 0.850091 0.432943 0.851005 0.432292 0.851920 0.432943 0.852834 0.432943 0.853748 0.433594 0.854662 0.433594 0.855576 0.433594 0.856490 0.434245 0.857404 0.434245 0.858318 0.434245 0.859232 0.434896 0.860146 0.434896 0.861060 0.435547 0.861974 0.436198 0.862888 0.436198 0.863803 0.435547 0.864717 0.436198 0.863803 0.436849 0.862888 0.437500 0.862888 0.438151 0.862888 0.438802 0.861974 0.439453 0.861060 0.440104 0.861060 0.440755 0.860146 0.441406 0.860146 0.442057 0.859232 0.442708 0.859232 0.443359 0.859232 0.444010 0.860146 0.444661 0.860146 0.445312 0.861060 0.445964 0.861974 0.446615 0.861974 0.447266 0.861974 0.447917 0.861060 0.447917 0.860146 0.447917 0.859232 0.447917 0.858318 0.447917 0.857404 0.448568 0.856490 0.449219 0.855576 0.449870 0.856490 0.449219 0.855576 0.449870 0.854662 0.449870 0.853748 0.449219 0.852834 0.449219 0.851920 0.449219 0.851005 0.449870 0.850091 0.450521 0.849177 0.451172 0.848263 0.451823 0.849177 0.451172 0.848263 0.451823 0.847349 0.451172 0.848263 0.450521 0.847349 0.449870 0.846435 0.450521 0.845521 0.449870 0.846435 0.449219 0.845521 0.448568 0.844607 0.447917 0.843693 0.447917 0.842779 0.448568 0.841865 0.447917 0.842779 0.447266 0.841865 0.446615 0.841865 0.445964 0.840951 0.445312 0.840951 0.444661 0.840037 0.444010 0.840037 0.443359 0.839122 0.442708 0.838208 0.443359 0.837294 0.442708 0.838208 0.442057 0.838208 0.441406 0.837294 0.440755 0.837294
0 0.067057 0.836380 0.066406 0.837294 0.065755 0.838208 0.065104 0.838208 0.064453 0.839122 0.063802 0.839122 0.063151 0.840037 0.062500 0.840951 0.061849 0.840951 0.061198 0.841865 0.060547 0.842779 0.059896 0.842779 0.059245 0.843693 0.058594 0.843693 0.057943 0.842779 0.058594 0.843693 0.058594 0.844607 0.058594 0.845521 0.058594 0.846435 0.058594 0.847349 0.058594 0.848263 0.058594 0.849177 0.059245 0.849177 0.059896 0.850091 0.060547 0.851005 0.061198 0.851005 0.061849 0.850091 0.062500 0.849177 0.063151 0.848263 0.063802 0.848263 0.064453 0.847349 0.065104 0.847349 0.065755 0.847349 0.066406 0.847349 0.067057 0.847349 0.067708 0.846435 0.068359 0.846435 0.069010 0.845521 0.069661 0.846435 0.070312 0.846435 0.070964 0.847349 0.071615 0.848263 0.071615 0.849177 0.071615 0.850091 0.070964 0.851005 0.071615 0.850091 0.072266 0.851005 0.072917 0.851920 0.073568 0.851920 0.074219 0.851920 0.074870 0.851920 0.075521 0.852834 0.074870 0.851920 0.075521 0.851005 0.076172 0.850091 0.076823 0.849177 0.076823 0.848263 0.076823 0.847349 0.076823 0.846435 0.077474 0.845521 0.076823 0.846435 0.076172 0.845521 0.075521 0.844607 0.074870 0.843693 0.074870 0.842779 0.074870 0.841865 0.074219 0.840951 0.074870 0.840037 0.074219 0.840951 0.073568 0.840951 0.072917 0.840951 0.072266 0.840037 0.071615 0.840037 0.070964 0.839122 0.070312 0.838208 0.069661 0.839122 0.069010 0.838208 0.068359 0.838208 0.067708 0.837294
0 0.871745 0.834552 0.872396 0.835466 0.872396 0.836380 0.871745 0.837294 0.871745 0.838208 0.871094 0.839122 0.870443 0.840037 0.869792 0.840951 0.869141 0.840951 0.868490 0.841865 0.867839 0.841865 0.867188 0.841865 0.866536 0.840951 0.867188 0.841865 0.866536 0.842779 0.865885 0.843693 0.865234 0.844607 0.864583 0.845521 0.863932 0.844607 0.864583 0.845521 0.863932 0.846435 0.863281 0.847349 0.862630 0.848263 0.861979 0.847349 0.862630 0.848263 0.862630 0.849177 0.863281 0.850091 0.863281 0.851005 0.862630 0.851920 0.863281 0.851005 0.863932 0.851920 0.864583 0.852834 0.864583 0.853748 0.863932 0.854662 0.864583 0.853748 0.865234 0.854662 0.865885 0.855576 0.865885 0.856490 0.865885 0.857404 0.865885 0.858318 0.866536 0.859232 0.866536 0.860146 0.866536 0.861060 0.866536 0.861974 0.866536 0.862888 0.865885 0.863803 0.866536 0.864717 0.865885 0.865631 0.866536 0.866545 0.865885 0.865631 0.866536 0.864717 0.867188 0.863803 0.867839 0.863803 0.868490 0.862888 0.869141 0.862888 0.869792 0.862888 0.870443 0.863803 0.871094 0.863803 0.871745 0.864717 0.872396 0.863803 0.873047 0.864717 0.873698 0.863803 0.874349 0.862888 0.875000 0.862888 0.875651 0.861974 0.876302 0.861974 0.876953 0.861974 0.877604 0.862888 0.876953 0.861974 0.876953 0.861060 0.876953 0.860146 0.877604 0.859232 0.877604 0.858318 0.877604 0.857404 0.878255 0.856490 0.878906 0.855576 0.879557 0.855576 0.880208 0.854662 0.880208 0.853748 0.880859 0.852834 0.880208 0.851920 0.880208 0.851005 0.880208 0.850091 0.880208 0.849177 0.880859 0.848263 0.881510 0.847349 0.881510 0.846435 0.881510 0.845521 0.882161 0.844607 0.882812 0.843693 0.883464 0.844607 0.882812 0.843693 0.882812 0.842779 0.882812 0.841865 0.883464 0.840951 0.884115 0.840951 0.884766 0.840951 0.884115 0.840037 0.884115 0.839122 0.883464 0.840037 0.882812 0.840037 0.883464 0.840951 0.882812 0.841865 0.882161 0.842779 0.881510 0.843693 0.880859 0.843693 0.880208 0.844607 0.879557 0.843693 0.878906 0.843693 0.878255 0.842779 0.877604 0.841865 0.876953 0.840951 0.876953 0.840037 0.876953 0.839122 0.877604 0.838208 0.876953 0.839122 0.876302 0.838208 0.875651 0.837294 0.875000 0.837294 0.874349 0.836380 0.873698 0.836380 0.873047 0.836380 0.872396 0.835466
0 0.214193 0.834552 0.213542 0.835466 0.212891 0.836380 0.212240 0.836380 0.211589 0.835466 0.212240 0.836380 0.211589 0.837294 0.210938 0.838208 0.210286 0.838208 0.209635 0.839122 0.208984 0.839122 0.208333 0.839122 0.207682 0.838208 0.208333 0.839122 0.207682 0.840037 0.207031 0.840951 0.206380 0.840037 0.207031 0.840951 0.207031 0.841865 0.206380 0.842779 0.205729 0.843693 0.205729 0.844607 0.205078 0.845521 0.204427 0.846435 0.204427 0.847349 0.204427 0.848263 0.203776 0.849177 0.203125 0.850091 0.202474 0.849177 0.203125 0.850091 0.203125 0.851005 0.203125 0.851920 0.203776 0.852834 0.204427 0.852834 0.205078 0.853748 0.205729 0.854662 0.205729 0.855576 0.206380 0.855576 0.207031 0.856490 0.207031 0.855576 0.207682 0.854662 0.208333 0.853748 0.208984 0.854662 0.208333 0.853748 0.208333 0.852834 0.208984 0.851920 0.209635 0.851005 0.210286 0.851005 0.210938 0.850091 0.211589 0.851005 0.212240 0.851005 0.212891 0.851920 0.213542 0.851920 0.214193 0.852834 0.214844 0.853748 0.214844 0.854662 0.215495 0.855576 0.215495 0.856490 0.214844 0.857404 0.214844 0.858318 0.214844 0.857404 0.215495 0.856490 0.216146 0.857404 0.216797 0.857404 0.217448 0.858318 0.216797 0.857404 0.217448 0.856490 0.218099 0.855576 0.218750 0.854662 0.218750 0.853748 0.218750 0.852834 0.218750 0.851920 0.218750 0.851005 0.219401 0.850091 0.219401 0.849177 0.220052 0.848263 0.220703 0.847349 0.220703 0.846435 0.221354 0.845521 0.220703 0.846435 0.220052 0.845521 0.219401 0.845521 0.218750 0.844607 0.218099 0.843693 0.218099 0.842779 0.218099 0.841865 0.217448 0.840951 0.216797 0.840951 0.216146 0.840037 0.215495 0.840951 0.214844 0.840037 0.214193 0.840037 0.213542 0.839122 0.212891 0.838208 0.212891 0.837294 0.212891 0.836380 0.213542 0.835466
0 0.020833 0.801645 0.020182 0.802559 0.019531 0.802559 0.018880 0.802559 0.018880 0.803473 0.018880 0.804388 0.018229 0.805302 0.017578 0.806216 0.016927 0.806216 0.016276 0.807130 0.015625 0.807130 0.015625 0.808044 0.014974 0.808958 0.014323 0.809872 0.014974 0.809872 0.015625 0.810786 0.016276 0.811700 0.016276 0.812614 0.016276 0.813528 0.016276 0.814442 0.016276 0.815356 0.016276 0.816271 0.016927 0.817185 0.016927 0.818099 0.016927 0.819013 0.016276 0.819927 0.016927 0.819927 0.017578 0.820841 0.018229 0.821755 0.018229 0.822669 0.018229 0.823583 0.017578 0.824497 0.017578 0.825411 0.016927 0.826325 0.016276 0.827239 0.015625 0.826325 0.015625 0.827239 0.016276 0.828154 0.016276 0.827239 0.016927 0.826325 0.017578 0.826325 0.018229 0.825411 0.018880 0.825411 0.019531 0.824497 0.020182 0.825411 0.020833 0.825411 0.021484 0.826325 0.022135 0.827239 0.022786 0.828154 0.022786 0.829068 0.023438 0.828154 0.024089 0.827239 0.024740 0.828154 0.024089 0.827239 0.024740 0.826325 0.025391 0.825411 0.026042 0.825411 0.026693 0.824497 0.027344 0.823583 0.027995 0.823583 0.028646 0.822669 0.029297 0.822669 0.029948 0.821755 0.030599 0.821755 0.031250 0.822669 0.031250 0.823583 0.031250 0.822669 0.030599 0.821755 0.031250 0.820841 0.031901 0.819927 0.032552 0.820841 0.031901 0.819927 0.032552 0.819013 0.032552 0.818099 0.032552 0.817185 0.032552 0.816271 0.033203 0.815356 0.033854 0.814442 0.034505 0.814442 0.035156 0.813528 0.035807 0.814442 0.036458 0.814442 0.035807 0.814442 0.035156 0.813528 0.035156 0.812614 0.035807 0.811700 0.035156 0.812614 0.034505 0.812614 0.033854 0.811700 0.033203 0.811700 0.032552 0.810786 0.031901 0.809872 0.031901 0.808958 0.031250 0.808044 0.031250 0.807130 0.030599 0.806216 0.029948 0.805302 0.029948 0.804388 0.030599 0.803473 0.029948 0.804388 0.029297 0.803473 0.028646 0.802559 0.027995 0.802559 0.027344 0.802559 0.026693 0.801645 0.026042 0.801645 0.025391 0.801645 0.024740 0.802559 0.024089 0.802559 0.023438 0.801645 0.022786 0.801645 0.022135 0.801645 0.021484 0.801645
0 0.486328 0.799817 0.485677 0.800731 0.485026 0.800731 0.484375 0.801645 0.483724 0.801645 0.483073 0.801645 0.482422 0.801645 0.481771 0.802559 0.481120 0.802559 0.480469 0.803473 0.479818 0.803473 0.479167 0.802559 0.478516 0.802559 0.477865 0.802559 0.477214 0.801645 0.476562 0.801645 0.477214 0.801645 0.477865 0.802559 0.477865 0.803473 0.477865 0.804388 0.477214 0.805302 0.476562 0.806216 0.475911 0.807130 0.475260 0.808044 0.474609 0.807130 0.475260 0.808044 0.475260 0.808958 0.475911 0.809872 0.476562 0.810786 0.476562 0.811700 0.476562 0.812614 0.476562 0.813528 0.477214 0.814442 0.477214 0.815356 0.477214 0.816271 0.476562 0.817185 0.475911 0.818099 0.475260 0.817185 0.475911 0.818099 0.475911 0.819013 0.475260 0.819927 0.475260 0.820841 0.475911 0.821755 0.475260 0.822669 0.475260 0.823583 0.475260 0.822669 0.475911 0.821755 0.476562 0.822669 0.477214 0.822669 0.477865 0.822669 0.478516 0.821755 0.479167 0.821755 0.479818 0.820841 0.480469 0.821755 0.481120 0.821755 0.481771 0.822669 0.482422 0.823583 0.483073 0.824497 0.483073 0.825411 0.482422 0.826325 0.482422 0.827239 0.482422 0.826325 0.483073 0.825411 0.483724 0.825411 0.484375 0.824497 0.485026 0.824497 0.485677 0.824497 0.486328 0.823583 0.486979 0.824497 0.486328 0.823583 0.486979 0.822669 0.487630 0.821755 0.488281 0.821755 0.488932 0.820841 0.489583 0.820841 0.490234 0.820841 0.490885 0.821755 0.490234 0.820841 0.490234 0.819927 0.490885 0.819013 0.490885 0.818099 0.490885 0.817185 0.490885 0.816271 0.490885 0.815356 0.491536 0.814442 0.492188 0.813528 0.492839 0.813528 0.492839 0.812614 0.492188 0.811700 0.492188 0.810786 0.492188 0.809872 0.492188 0.808958 0.492188 0.808044 0.492188 0.807130 0.492188 0.806216 0.492188 0.805302 0.491536 0.805302 0.490885 0.804388 0.490234 0.803473 0.489583 0.802559 0.489583 0.801645 0.489583 0.800731 0.490234 0.799817 0.489583 0.800731 0.488932 0.800731 0.488281 0.800731 0.487630 0.799817 0.486979 0.799817
0 0.574219 0.798903 0.573568 0.799817 0.572917 0.800731 0.572266 0.800731 0.571615 0.801645 0.570964 0.801645 0.570312 0.801645 0.569661 0.800731 0.569010 0.800731 0.568359 0.800731 0.567708 0.801645 0.567057 0.801645 0.566406 0.802559 0.565755 0.801645 0.566406 0.802559 0.565755 0.803473 0.565104 0.804388 0.564453 0.804388 0.564453 0.805302 0.563802 0.806216 0.563151 0.807130 0.562500 0.808044 0.561849 0.807130 0.562500 0.808044 0.562500 0.808958 0.562500 0.809872 0.562500 0.810786 0.562500 0.811700 0.562500 0.812614 0.562500 0.813528 0.561849 0.814442 0.561849 0.815356 0.561849 0.816271 0.561849 0.817185 0.561198 0.818099 0.560547 0.819013 0.560547 0.819927 0.559896 0.820841 0.559896 0.821755 0.559896 0.820841 0.560547 0.819927 0.561198 0.820841 0.561849 0.820841 0.562500 0.820841 0.563151 0.819927 0.563802 0.820841 0.564453 0.820841 0.565104 0.821755 0.565755 0.821755 0.566406 0.822669 0.567057 0.823583 0.567708 0.823583 0.568359 0.824497 0.569010 0.824497 0.569661 0.824497 0.570312 0.824497 0.570964 0.824497 0.571615 0.824497 0.572266 0.823583 0.572917 0.822669 0.573568 0.821755 0.574219 0.821755 0.574870 0.820841 0.575521 0.819927 0.576172 0.820841 0.575521 0.819927 0.575521 0.819013 0.576172 0.818099 0.576823 0.817185 0.577474 0.816271 0.578125 0.816271 0.578776 0.815356 0.579427 0.815356 0.580078 0.816271 0.579427 0.815356 0.579427 0.814442 0.579427 0.813528 0.579427 0.812614 0.578776 0.811700 0.578776 0.810786 0.578776 0.809872 0.578776 0.808958 0.578125 0.808044 0.578125 0.807130 0.578125 0.806216 0.578125 0.805302 0.578125 0.804388 0.577474 0.804388 0.576823 0.803473 0.576172 0.803473 0.575521 0.802559 0.574870 0.801645 0.574219 0.800731 0.573568 0.799817
0 0.227214 0.798903 0.226562 0.799817 0.225911 0.800731 0.225260 0.800731 0.224609 0.800731 0.223958 0.799817 0.223307 0.800731 0.222656 0.800731 0.222005 0.800731 0.221354 0.801645 0.220703 0.802559 0.220052 0.802559 0.219401 0.803473 0.218750 0.803473 0.218750 0.804388 0.218099 0.805302 0.217448 0.806216 0.216797 0.806216 0.216146 0.807130 0.215495 0.807130 0.216146 0.807130 0.216797 0.808044 0.217448 0.808958 0.217448 0.809872 0.217448 0.810786 0.217448 0.811700 0.217448 0.812614 0.217448 0.813528 0.218099 0.814442 0.218099 0.815356 0.218750 0.816271 0.218750 0.817185 0.218750 0.818099 0.218750 0.819013 0.218750 0.819927 0.219401 0.820841 0.219401 0.821755 0.219401 0.822669 0.220052 0.823583 0.220052 0.824497 0.219401 0.825411 0.220052 0.824497 0.220703 0.824497 0.221354 0.824497 0.222005 0.825411 0.222656 0.824497 0.223307 0.824497 0.223958 0.824497 0.224609 0.824497 0.225260 0.824497 0.225911 0.824497 0.226562 0.825411 0.227214 0.825411 0.227865 0.825411 0.228516 0.824497 0.229167 0.823583 0.229167 0.822669 0.229818 0.821755 0.230469 0.820841 0.231120 0.821755 0.230469 0.820841 0.230469 0.819927 0.230469 0.819013 0.230469 0.818099 0.231120 0.817185 0.231771 0.816271 0.232422 0.815356 0.233073 0.816271 0.232422 0.815356 0.233073 0.814442 0.233073 0.813528 0.233073 0.812614 0.233073 0.811700 0.233724 0.810786 0.233724 0.809872 0.233724 0.808958 0.233724 0.808044 0.234375 0.807130 0.233724 0.808044 0.233073 0.807130 0.232422 0.806216 0.231771 0.805302 0.231771 0.804388 0.231120 0.804388 0.230469 0.804388 0.229818 0.803473 0.229167 0.803473 0.228516 0.802559 0.227865 0.801645 0.227214 0.800731 0.226562 0.799817
0 0.973958 0.797989 0.973307 0.798903 0.972656 0.798903 0.972005 0.799817 0.971354 0.799817 0.970703 0.799817 0.970052 0.798903 0.969401 0.799817 0.968750 0.800731 0.968099 0.801645 0.968099 0.802559 0.967448 0.803473 0.966797 0.804388 0.966146 0.805302 0.965495 0.805302 0.965495 0.806216 0.964844 0.807130 0.964193 0.808044 0.963542 0.808958 0.962891 0.808044 0.963542 0.808958 0.963542 0.809872 0.962891 0.810786 0.962240 0.811700 0.961589 0.811700 0.960938 0.812614 0.960286 0.811700 0.959635 0.810786 0.960286 0.811700 0.959635 0.812614 0.960286 0.813528 0.960286 0.814442 0.959635 0.815356 0.960286 0.814442 0.960938 0.815356 0.961589 0.816271 0.962240 0.816271 0.962891 0.815356 0.963542 0.815356 0.964193 0.815356 0.964844 0.816271 0.965495 0.816271 0.966146 0.817185 0.966797 0.818099 0.967448 0.819013 0.967448 0.819927 0.968099 0.819927 0.968750 0.819927 0.969401 0.820841 0.970052 0.820841 0.970703 0.820841 0.971354 0.821755 0.972005 0.820841 0.972656 0.820841 0.973307 0.819927 0.973958 0.820841 0.974609 0.819927 0.975260 0.819927 0.975911 0.819927 0.976562 0.819927 0.977214 0.819013 0.977865 0.819013 0.978516 0.818099 0.979167 0.819013 0.979818 0.819927 0.979167 0.819013 0.979167 0.818099 0.979818 0.817185 0.980469 0.816271 0.981120 0.817185 0.980469 0.816271 0.980469 0.815356 0.980469 0.814442 0.981120 0.813528 0.981120 0.812614 0.981120 0.811700 0.981120 0.810786 0.980469 0.809872 0.980469 0.808958 0.980469 0.808044 0.981120 0.807130 0.981120 0.806216 0.980469 0.805302 0.979818 0.804388 0.979818 0.803473 0.979818 0.802559 0.980469 0.801645 0.981120 0.801645 0.981120 0.800731 0.980469 0.801645 0.979818 0.802559 0.979167 0.802559 0.978516 0.802559 0.977865 0.801645 0.977214 0.801645 0.976562 0.800731 0.975911 0.799817 0.975260 0.798903 0.975260 0.797989 0.974609 0.797989
0 0.826823 0.797075 0.826823 0.797989 0.826172 0.798903 0.825521 0.799817 0.824870 0.799817 0.824219 0.800731 0.824219 0.801645 0.823568 0.802559 0.822917 0.803473 0.822266 0.804388 0.821615 0.803473 0.822266 0.804388 0.822266 0.805302 0.822266 0.806216 0.821615 0.807130 0.821615 0.808044 0.821615 0.808958 0.821615 0.809872 0.821615 0.810786 0.822266 0.811700 0.822266 0.812614 0.822266 0.813528 0.822266 0.814442 0.822266 0.815356 0.822266 0.816271 0.822917 0.817185 0.822266 0.818099 0.822917 0.817185 0.823568 0.817185 0.824219 0.817185 0.824870 0.817185 0.825521 0.817185 0.826172 0.818099 0.826823 0.818099 0.827474 0.819013 0.828125 0.819927 0.828776 0.820841 0.828776 0.821755 0.829427 0.821755 0.830078 0.822669 0.830729 0.822669 0.831380 0.822669 0.832031 0.822669 0.832682 0.823583 0.833333 0.823583 0.833984 0.822669 0.834635 0.822669 0.835286 0.822669 0.835938 0.823583 0.836589 0.824497 0.837240 0.824497 0.836589 0.824497 0.835938 0.823583 0.835286 0.822669 0.834635 0.821755 0.834635 0.820841 0.834635 0.819927 0.834635 0.819013 0.835286 0.818099 0.835286 0.817185 0.835938 0.816271 0.836589 0.815356 0.837240 0.814442 0.837891 0.813528 0.838542 0.814442 0.837891 0.813528 0.837891 0.812614 0.838542 0.811700 0.838542 0.810786 0.839193 0.809872 0.838542 0.808958 0.837891 0.808044 0.838542 0.807130 0.837891 0.808044 0.837240 0.807130 0.836589 0.806216 0.837240 0.805302 0.836589 0.806216 0.835938 0.805302 0.835286 0.804388 0.835286 0.803473 0.834635 0.802559 0.833984 0.801645 0.833984 0.800731 0.833333 0.800731 0.832682 0.799817 0.832031 0.799817 0.831380 0.798903 0.830729 0.798903 0.830078 0.798903 0.829427 0.798903 0.828776 0.797989 0.828125 0.797989 0.827474 0.797989
0 0.767578 0.797075 0.768229 0.797989 0.768229 0.798903 0.768229 0.799817 0.767578 0.800731 0.766927 0.801645 0.766276 0.800731 0.766927 0.801645 0.766276 0.802559 0.765625 0.803473 0.764974 0.804388 0.764323 0.803473 0.764974 0.804388 0.764323 0.805302 0.764323 0.806216 0.764323 0.807130 0.764323 0.808044 0.764323 0.808958 0.764323 0.809872 0.764323 0.810786 0.764323 0.811700 0.764323 0.812614 0.764323 0.813528 0.764323 0.814442 0.764323 0.815356 0.764323 0.816271 0.764323 0.817185 0.764323 0.818099 0.764323 0.819013 0.763672 0.819927 0.763672 0.820841 0.763672 0.819927 0.764323 0.819013 0.764974 0.819013 0.765625 0.819013 0.766276 0.819927 0.766927 0.819927 0.767578 0.820841 0.768229 0.820841 0.768880 0.821755 0.769531 0.822669 0.769531 0.823583 0.770182 0.824497 0.770182 0.825411 0.770833 0.824497 0.771484 0.824497 0.772135 0.824497 0.772786 0.825411 0.773438 0.825411 0.774089 0.824497 0.774740 0.825411 0.775391 0.826325 0.774740 0.825411 0.774740 0.824497 0.774740 0.823583 0.774740 0.822669 0.775391 0.821755 0.776042 0.820841 0.776693 0.820841 0.777344 0.819927 0.777344 0.819013 0.777344 0.818099 0.777344 0.817185 0.777995 0.816271 0.778646 0.815356 0.779297 0.814442 0.779948 0.815356 0.779297 0.814442 0.779948 0.813528 0.779297 0.812614 0.779297 0.811700 0.779297 0.810786 0.779297 0.809872 0.779297 0.808958 0.779297 0.808044 0.779948 0.807130 0.779297 0.806216 0.779948 0.805302 0.779297 0.806216 0.778646 0.805302 0.777995 0.804388 0.777995 0.803473 0.777344 0.802559 0.777344 0.801645 0.777995 0.800731 0.777344 0.801645 0.776693 0.801645 0.776042 0.800731 0.775391 0.800731 0.774740 0.799817 0.774089 0.798903 0.774740 0.797989 0.774740 0.797075 0.774740 0.797989 0.774089 0.798903 0.773438 0.798903 0.772786 0.799817 0.772135 0.799817 0.771484 0.799817 0.770833 0.798903 0.770182 0.798903 0.769531 0.798903 0.768880 0.798903 0.768229 0.797989
0 0.541667 0.797075 0.542318 0.797989 0.542318 0.798903 0.541667 0.799817 0.541016 0.800731 0.540365 0.800731 0.539714 0.801645 0.539062 0.801645 0.538411 0.802559 0.537760 0.801645 0.537109 0.801645 0.536458 0.801645 0.536458 0.802559 0.535807 0.803473 0.535156 0.804388 0.534505 0.805302 0.533854 0.804388 0.534505 0.805302 0.534505 0.806216 0.533854 0.807130 0.533854 0.808044 0.533203 0.808958 0.533854 0.809872 0.533854 0.810786 0.533854 0.811700 0.533203 0.812614 0.533203 0.813528 0.532552 0.814442 0.531901 0.815356 0.531250 0.814442 0.531901 0.815356 0.531901 0.816271 0.532552 0.817185 0.532552 0.818099 0.532552 0.819013 0.531901 0.819927 0.532552 0.819013 0.533203 0.819013 0.533854 0.819013 0.534505 0.819927 0.535156 0.819927 0.535807 0.820841 0.536458 0.821755 0.535807 0.822669 0.536458 0.821755 0.537109 0.822669 0.537760 0.823583 0.537760 0.824497 0.537760 0.825411 0.538411 0.825411 0.539062 0.825411 0.539714 0.824497 0.540365 0.824497 0.541016 0.823583 0.541667 0.823583 0.542318 0.823583 0.542969 0.823583 0.543620 0.822669 0.544271 0.823583 0.544922 0.823583 0.545573 0.822669 0.546224 0.823583 0.545573 0.822669 0.545573 0.821755 0.546224 0.820841 0.546875 0.819927 0.547526 0.819927 0.548177 0.819013 0.548828 0.818099 0.549479 0.817185 0.550130 0.818099 0.549479 0.817185 0.550130 0.816271 0.549479 0.815356 0.549479 0.814442 0.550130 0.813528 0.550130 0.812614 0.550781 0.811700 0.550781 0.810786 0.550130 0.809872 0.550130 0.808958 0.550781 0.808044 0.550130 0.808958 0.549479 0.808044 0.548828 0.807130 0.548828 0.806216 0.548828 0.805302 0.548828 0.804388 0.548828 0.803473 0.548828 0.802559 0.549479 0.801645 0.550130 0.800731 0.549479 0.801645 0.548828 0.802559 0.548177 0.802559 0.547526 0.802559 0.546875 0.802559 0.546224 0.801645 0.546875 0.800731 0.546224 0.801645 0.545573 0.800731 0.544922 0.799817 0.544271 0.798903 0.543620 0.798903 0.542969 0.798903 0.542318 0.797989
0 0.310547 0.797075 0.311198 0.797989 0.311198 0.798903 0.311198 0.799817 0.310547 0.800731 0.309896 0.801645 0.309245 0.801645 0.308594 0.802559 0.307943 0.803473 0.307292 0.803473 0.306641 0.804388 0.305990 0.803473 0.305339 0.804388 0.304688 0.805302 0.304688 0.806216 0.304688 0.807130 0.304688 0.808044 0.304688 0.808958 0.304688 0.809872 0.304036 0.810786 0.304036 0.811700 0.303385 0.812614 0.302734 0.813528 0.302083 0.813528 0.301432 0.814442 0.300781 0.813528 0.300130 0.813528 0.300781 0.813528 0.301432 0.814442 0.302083 0.813528 0.302734 0.814442 0.303385 0.815356 0.302734 0.816271 0.303385 0.815356 0.304036 0.816271 0.304688 0.817185 0.304688 0.818099 0.304688 0.819013 0.305339 0.819927 0.305339 0.820841 0.305339 0.821755 0.305339 0.822669 0.305990 0.823583 0.305990 0.824497 0.305339 0.825411 0.305990 0.824497 0.306641 0.825411 0.307292 0.826325 0.307943 0.827239 0.308594 0.827239 0.309245 0.827239 0.309896 0.828154 0.310547 0.827239 0.310547 0.826325 0.310547 0.825411 0.311198 0.824497 0.311849 0.823583 0.312500 0.823583 0.313151 0.822669 0.313802 0.822669 0.314453 0.821755 0.315104 0.822669 0.315755 0.821755 0.316406 0.820841 0.317057 0.820841 0.317708 0.819927 0.318359 0.819927 0.319010 0.820841 0.318359 0.819927 0.318359 0.819013 0.318359 0.818099 0.319010 0.817185 0.319661 0.816271 0.320312 0.815356 0.320964 0.816271 0.320312 0.815356 0.320312 0.814442 0.320312 0.813528 0.319661 0.812614 0.319661 0.811700 0.319661 0.810786 0.319661 0.809872 0.319661 0.808958 0.320312 0.808044 0.319661 0.807130 0.319010 0.806216 0.319010 0.805302 0.318359 0.804388 0.319010 0.803473 0.318359 0.804388 0.317708 0.803473 0.317057 0.802559 0.317057 0.801645 0.317708 0.800731 0.317057 0.801645 0.316406 0.800731 0.315755 0.800731 0.315104 0.799817 0.314453 0.798903 0.315104 0.797989 0.314453 0.798903 0.313802 0.797989 0.313151 0.797075 0.312500 0.797989 0.311849 0.797075 0.311198 0.797989
0 0.884115 0.796161 0.884766 0.797075 0.884115 0.797989 0.884115 0.798903 0.883464 0.799817 0.882812 0.800731 0.882161 0.801645 0.881510 0.801645 0.880859 0.802559 0.880208 0.801645 0.880859 0.802559 0.880208 0.803473 0.879557 0.804388 0.878906 0.805302 0.878906 0.806216 0.878906 0.807130 0.878906 0.808044 0.878255 0.808958 0.877604 0.809872 0.876953 0.808958 0.877604 0.809872 0.877604 0.810786 0.877604 0.811700 0.878255 0.812614 0.878255 0.813528 0.878255 0.814442 0.878255 0.815356 0.877604 0.816271 0.877604 0.817185 0.877604 0.818099 0.877604 0.819013 0.876953 0.819927 0.877604 0.819013 0.878255 0.819927 0.878906 0.820841 0.878906 0.821755 0.879557 0.822669 0.880208 0.822669 0.880859 0.823583 0.881510 0.824497 0.882161 0.825411 0.882812 0.824497 0.883464 0.824497 0.884115 0.823583 0.884766 0.823583 0.885417 0.822669 0.886068 0.822669 0.886719 0.822669 0.887370 0.821755 0.888021 0.821755 0.888672 0.821755 0.889323 0.821755 0.889974 0.821755 0.890625 0.821755 0.891276 0.820841 0.891927 0.819927 0.892578 0.819927 0.892578 0.819013 0.892578 0.818099 0.892578 0.817185 0.892578 0.816271 0.893229 0.815356 0.893880 0.814442 0.894531 0.815356 0.893880 0.814442 0.894531 0.813528 0.895182 0.812614 0.895833 0.813528 0.895182 0.812614 0.895833 0.811700 0.895833 0.810786 0.895833 0.809872 0.895833 0.808958 0.895833 0.808044 0.895833 0.807130 0.896484 0.806216 0.895833 0.807130 0.895182 0.806216 0.894531 0.805302 0.894531 0.804388 0.894531 0.803473 0.893880 0.802559 0.893880 0.801645 0.893880 0.800731 0.893880 0.799817 0.893880 0.798903 0.894531 0.797989 0.895182 0.797989 0.894531 0.797989 0.893880 0.798903 0.893229 0.798903 0.892578 0.798903 0.891927 0.799817 0.891276 0.799817 0.890625 0.800731 0.889974 0.799817 0.889323 0.799817 0.888672 0.798903 0.888021 0.798903 0.887370 0.797989 0.886719 0.797075 0.886068 0.797075 0.885417 0.797075 0.884766 0.797075
0 0.681641 0.795247 0.680990 0.796161 0.680990 0.797075 0.680990 0.797989 0.680990 0.798903 0.680990 0.799817 0.680339 0.800731 0.680339 0.801645 0.680339 0.802559 0.680339 0.803473 0.679688 0.804388 0.679036 0.805302 0.678385 0.805302 0.678385 0.806216 0.678385 0.807130 0.678385 0.808044 0.678385 0.808958 0.677734 0.809872 0.677083 0.810786 0.676432 0.810786 0.676432 0.811700 0.675781 0.812614 0.676432 0.813528 0.677083 0.814442 0.677734 0.815356 0.678385 0.816271 0.679036 0.817185 0.679036 0.818099 0.679036 0.819013 0.679036 0.819927 0.679036 0.820841 0.679688 0.820841 0.680339 0.820841 0.680990 0.820841 0.681641 0.821755 0.682292 0.821755 0.682943 0.822669 0.683594 0.823583 0.682943 0.824497 0.683594 0.823583 0.684245 0.824497 0.684896 0.824497 0.685547 0.824497 0.686198 0.824497 0.686849 0.823583 0.687500 0.823583 0.688151 0.823583 0.688802 0.823583 0.689453 0.824497 0.690104 0.824497 0.690755 0.823583 0.691406 0.823583 0.692057 0.823583 0.692057 0.822669 0.692057 0.821755 0.691406 0.820841 0.690755 0.819927 0.690755 0.819013 0.690755 0.818099 0.691406 0.817185 0.692057 0.816271 0.692708 0.816271 0.693359 0.815356 0.694010 0.816271 0.693359 0.815356 0.693359 0.814442 0.694010 0.813528 0.694661 0.812614 0.694010 0.811700 0.694010 0.810786 0.694010 0.809872 0.694010 0.808958 0.694010 0.808044 0.694010 0.807130 0.693359 0.806216 0.692708 0.805302 0.692057 0.804388 0.692057 0.803473 0.692708 0.802559 0.692057 0.803473 0.691406 0.802559 0.690755 0.801645 0.690104 0.800731 0.690755 0.799817 0.690104 0.800731 0.689453 0.800731 0.688802 0.800731 0.688151 0.799817 0.687500 0.799817 0.686849 0.798903 0.686198 0.799817 0.685547 0.799817 0.684896 0.799817 0.684245 0.799817 0.683594 0.799817 0.682943 0.798903 0.682292 0.798903 0.681641 0.797989 0.680990 0.797075 0.680990 0.796161
0 0.204427 0.763254 0.205078 0.764168 0.204427 0.765082 0.203776 0.765996 0.203125 0.766910 0.202474 0.765996 0.203125 0.766910 0.202474 0.767824 0.203125 0.768739 0.203125 0.769653 0.203125 0.770567 0.202474 0.771481 0.201823 0.772395 0.201172 0.772395 0.201823 0.773309 0.201823 0.774223 0.201823 0.775137 0.201172 0.776051 0.201172 0.776965 0.200521 0.777879 0.201172 0.776965 0.201823 0.777879 0.202474 0.778793 0.201823 0.779707 0.202474 0.778793 0.203125 0.779707 0.203776 0.780622 0.204427 0.781536 0.205078 0.781536 0.205729 0.782450 0.206380 0.783364 0.206380 0.784278 0.206380 0.785192 0.206380 0.786106 0.206380 0.787020 0.206380 0.787934 0.205729 0.788848 0.205078 0.789762 0.205729 0.788848 0.206380 0.787934 0.207031 0.787020 0.207682 0.787020 0.208333 0.786106 0.208984 0.786106 0.209635 0.785192 0.210286 0.785192 0.210938 0.784278 0.211589 0.784278 0.212240 0.785192 0.212891 0.785192 0.213542 0.785192 0.214193 0.784278 0.214844 0.784278 0.215495 0.783364 0.216146 0.783364 0.216797 0.784278 0.216146 0.783364 0.216146 0.782450 0.216146 0.781536 0.216797 0.780622 0.217448 0.779707 0.216797 0.778793 0.216797 0.777879 0.216797 0.776965 0.217448 0.776051 0.218099 0.775137 0.218750 0.774223 0.219401 0.775137 0.218750 0.774223 0.219401 0.773309 0.219401 0.772395 0.219401 0.771481 0.219401 0.770567 0.219401 0.769653 0.219401 0.768739 0.219401 0.767824 0.219401 0.766910 0.220052 0.765996 0.219401 0.766910 0.218750 0.765996 0.218099 0.765996 0.217448 0.765996 0.216797 0.765082 0.216146 0.765082 0.215495 0.764168 0.214844 0.764168 0.214193 0.764168 0.213542 0.763254 0.212891 0.763254 0.212240 0.763254 0.211589 0.763254 0.210938 0.763254 0.210286 0.763254 0.209635 0.763254 0.208984 0.764168 0.208333 0.764168 0.207682 0.765082 0.207031 0.764168 0.206380 0.764168 0.205729 0.764168 0.205078 0.764168
0 0.269531 0.761426 0.268880 0.762340 0.268229 0.762340 0.267578 0.763254 0.266927 0.764168 0.266276 0.764168 0.265625 0.765082 0.264974 0.764168 0.264323 0.765082 0.263672 0.765082 0.263021 0.765996 0.262370 0.765996 0.261719 0.765082 0.261068 0.764168 0.261719 0.765082 0.261719 0.765996 0.261719 0.766910 0.261719 0.767824 0.261719 0.768739 0.261719 0.769653 0.261068 0.770567 0.260417 0.771481 0.259766 0.771481 0.259115 0.772395 0.258464 0.773309 0.257812 0.772395 0.258464 0.773309 0.257812 0.774223 0.257161 0.775137 0.256510 0.774223 0.257161 0.775137 0.257161 0.776051 0.256510 0.776965 0.255859 0.776965 0.255208 0.776965 0.255859 0.776965 0.256510 0.776965 0.257161 0.776051 0.257812 0.776965 0.258464 0.776965 0.259115 0.777879 0.259766 0.778793 0.259766 0.779707 0.259766 0.780622 0.259115 0.781536 0.259766 0.780622 0.260417 0.781536 0.261068 0.782450 0.261719 0.783364 0.262370 0.784278 0.262370 0.785192 0.261719 0.786106 0.262370 0.785192 0.263021 0.785192 0.263672 0.785192 0.264323 0.784278 0.264974 0.785192 0.265625 0.785192 0.266276 0.785192 0.266927 0.785192 0.267578 0.785192 0.268229 0.785192 0.268880 0.786106 0.269531 0.786106 0.270182 0.787020 0.270182 0.787934 0.270182 0.787020 0.269531 0.786106 0.269531 0.785192 0.270182 0.784278 0.270833 0.783364 0.271484 0.783364 0.272135 0.782450 0.272786 0.782450 0.273438 0.781536 0.274089 0.782450 0.274089 0.783364 0.274089 0.782450 0.273438 0.781536 0.274089 0.780622 0.274740 0.779707 0.275391 0.779707 0.275391 0.778793 0.276042 0.777879 0.276693 0.776965 0.277344 0.776051 0.277344 0.775137 0.277344 0.774223 0.277344 0.773309 0.277344 0.772395 0.277995 0.771481 0.277344 0.772395 0.276693 0.771481 0.276042 0.770567 0.276042 0.769653 0.276042 0.768739 0.276693 0.767824 0.276042 0.768739 0.275391 0.767824 0.274740 0.766910 0.274740 0.765996 0.274089 0.765082 0.273438 0.764168 0.274089 0.763254 0.273438 0.764168 0.272786 0.763254 0.272135 0.763254 0.271484 0.762340 0.270833 0.762340 0.270182 0.761426
0 0.147135 0.761426 0.146484 0.762340 0.147135 0.762340 0.147786 0.763254 0.147786 0.764168 0.147786 0.765082 0.147786 0.765996 0.147135 0.766910 0.146484 0.767824 0.145833 0.766910 0.146484 0.767824 0.146484 0.768739 0.145833 0.769653 0.145833 0.770567 0.145182 0.771481 0.145833 0.772395 0.145833 0.773309 0.145833 0.774223 0.145182 0.775137 0.145182 0.776051 0.145182 0.776965 0.144531 0.777879 0.145182 0.778793 0.145182 0.779707 0.145182 0.780622 0.145182 0.781536 0.145182 0.782450 0.145833 0.783364 0.145833 0.784278 0.145833 0.785192 0.145182 0.786106 0.145833 0.786106 0.146484 0.786106 0.147135 0.786106 0.147786 0.787020 0.148438 0.787020 0.149089 0.786106 0.149740 0.786106 0.150391 0.787020 0.151042 0.787020 0.151693 0.787934 0.152344 0.787934 0.152995 0.788848 0.153646 0.789762 0.154297 0.789762 0.154948 0.789762 0.155599 0.789762 0.156250 0.788848 0.156901 0.787934 0.157552 0.787934 0.158203 0.787020 0.158854 0.787020 0.159505 0.787934 0.160156 0.787934 0.160807 0.788848 0.161458 0.788848 0.162109 0.789762 0.162760 0.789762 0.163411 0.788848 0.164062 0.788848 0.163411 0.787934 0.164062 0.787020 0.163411 0.787934 0.162760 0.787934 0.162109 0.787020 0.161458 0.787020 0.160807 0.786106 0.160156 0.785192 0.160156 0.784278 0.160156 0.783364 0.160807 0.782450 0.160807 0.781536 0.160156 0.780622 0.160156 0.779707 0.160156 0.778793 0.160807 0.777879 0.160807 0.776965 0.160807 0.776051 0.160807 0.775137 0.160807 0.774223 0.160807 0.773309 0.161458 0.772395 0.160807 0.771481 0.160807 0.770567 0.160807 0.769653 0.160807 0.768739 0.160807 0.767824 0.160807 0.766910 0.160807 0.765996 0.161458 0.765082 0.160807 0.765996 0.160156 0.765082 0.159505 0.765082 0.158854 0.764168 0.158203 0.764168 0.157552 0.763254 0.156901 0.763254 0.156250 0.762340 0.155599 0.762340 0.154948 0.762340 0.154297 0.762340 0.153646 0.761426 0.152995 0.762340 0.152344 0.762340 0.151693 0.763254 0.151042 0.763254 0.150391 0.763254 0.149740 0.764168 0.149089 0.764168 0.148438 0.763254 0.147786 0.763254 0.147135 0.762340
0 0.755859 0.760512 0.755208 0.761426 0.754557 0.761426 0.753906 0.762340 0.753255 0.762340 0.752604 0.763254 0.751953 0.763254 0.751302 0.763254 0.750651 0.764168 0.750000 0.764168 0.750000 0.765082 0.750000 0.765996 0.750000 0.766910 0.750000 0.767824 0.749349 0.768739 0.749349 0.769653 0.748698 0.770567 0.748047 0.771481 0.747396 0.770567 0.748047 0.771481 0.748047 0.772395 0.748047 0.773309 0.748047 0.774223 0.748047 0.775137 0.747396 0.776051 0.747396 0.776965 0.746745 0.777879 0.746094 0.778793 0.746745 0.777879 0.747396 0.778793 0.748047 0.778793 0.748698 0.779707 0.749349 0.779707 0.750000 0.780622 0.750651 0.780622 0.751302 0.781536 0.751953 0.782450 0.752604 0.783364 0.751953 0.784278 0.752604 0.783364 0.753255 0.782450 0.753906 0.782450 0.754557 0.783364 0.755208 0.783364 0.755859 0.783364 0.756510 0.784278 0.757161 0.784278 0.757812 0.784278 0.758464 0.785192 0.758464 0.784278 0.759115 0.783364 0.759766 0.782450 0.760417 0.782450 0.761068 0.781536 0.761719 0.781536 0.762370 0.781536 0.763021 0.781536 0.763021 0.780622 0.763672 0.779707 0.763672 0.778793 0.764323 0.777879 0.764974 0.776965 0.765625 0.776965 0.766276 0.776051 0.766927 0.776965 0.767578 0.776965 0.768229 0.776965 0.768880 0.776051 0.768229 0.776965 0.767578 0.776965 0.766927 0.776051 0.766276 0.776051 0.765625 0.775137 0.764974 0.774223 0.764974 0.773309 0.764974 0.772395 0.764974 0.771481 0.764323 0.770567 0.764323 0.769653 0.764323 0.768739 0.764323 0.767824 0.764323 0.766910 0.764974 0.765996 0.764323 0.765996 0.763672 0.765082 0.763021 0.764168 0.762370 0.764168 0.761719 0.765082 0.761068 0.764168 0.760417 0.764168 0.759766 0.763254 0.759115 0.762340 0.759766 0.761426 0.759115 0.762340 0.758464 0.761426 0.757812 0.760512 0.757161 0.760512 0.756510 0.760512
0 0.468750 0.760512 0.468099 0.761426 0.467448 0.762340 0.466797 0.762340 0.466146 0.763254 0.465495 0.763254 0.464844 0.763254 0.464193 0.764168 0.463542 0.764168 0.462891 0.765082 0.462240 0.765996 0.461589 0.765082 0.462240 0.765996 0.462240 0.766910 0.461589 0.767824 0.461589 0.768739 0.461589 0.769653 0.462240 0.770567 0.462240 0.771481 0.462240 0.772395 0.462240 0.773309 0.462240 0.774223 0.461589 0.775137 0.462240 0.776051 0.462240 0.776965 0.462240 0.777879 0.462240 0.778793 0.462240 0.779707 0.462891 0.780622 0.463542 0.780622 0.464193 0.781536 0.464844 0.782450 0.464193 0.783364 0.464844 0.782450 0.465495 0.783364 0.466146 0.784278 0.466797 0.785192 0.467448 0.785192 0.468099 0.786106 0.468750 0.785192 0.469401 0.786106 0.470052 0.786106 0.470703 0.787020 0.470052 0.786106 0.470703 0.785192 0.471354 0.784278 0.472005 0.784278 0.472656 0.783364 0.473307 0.784278 0.472656 0.783364 0.473307 0.782450 0.473958 0.781536 0.474609 0.781536 0.474609 0.780622 0.475260 0.779707 0.475911 0.778793 0.476562 0.777879 0.477214 0.777879 0.477865 0.776965 0.477214 0.776051 0.477214 0.775137 0.476562 0.774223 0.476562 0.773309 0.476562 0.772395 0.476562 0.771481 0.477214 0.770567 0.477865 0.769653 0.478516 0.770567 0.477865 0.769653 0.477214 0.768739 0.476562 0.767824 0.476562 0.766910 0.475911 0.765996 0.475911 0.765082 0.475911 0.764168 0.476562 0.763254 0.475911 0.764168 0.475260 0.763254 0.474609 0.762340 0.475260 0.761426 0.474609 0.762340 0.473958 0.763254 0.473307 0.762340 0.472656 0.763254 0.472005 0.762340 0.471354 0.762340 0.470703 0.762340 0.470052 0.761426 0.469401 0.761426
0 0.180339 0.760512 0.179688 0.761426 0.179036 0.762340 0.178385 0.761426 0.179036 0.762340 0.179036 0.763254 0.178385 0.764168 0.177734 0.765082 0.177083 0.765082 0.176432 0.765996 0.175781 0.766910 0.175130 0.765996 0.175781 0.766910 0.175130 0.767824 0.174479 0.768739 0.173828 0.768739 0.173177 0.769653 0.172526 0.768739 0.171875 0.768739 0.171224 0.768739 0.170573 0.768739 0.169922 0.767824 0.169922 0.766910 0.169922 0.767824 0.170573 0.768739 0.169922 0.769653 0.169271 0.770567 0.168620 0.770567 0.167969 0.770567 0.168620 0.770567 0.169271 0.770567 0.169922 0.769653 0.170573 0.769653 0.171224 0.769653 0.171875 0.770567 0.172526 0.770567 0.173177 0.771481 0.173828 0.772395 0.173828 0.773309 0.173828 0.774223 0.173828 0.775137 0.174479 0.776051 0.173828 0.776965 0.174479 0.776051 0.175130 0.776965 0.175781 0.777879 0.175781 0.778793 0.175781 0.779707 0.175781 0.780622 0.175130 0.781536 0.175781 0.781536 0.176432 0.782450 0.177083 0.783364 0.177083 0.784278 0.177083 0.785192 0.176432 0.786106 0.177083 0.785192 0.177734 0.786106 0.178385 0.787020 0.179036 0.787934 0.179036 0.788848 0.179036 0.789762 0.178385 0.790676 0.179036 0.789762 0.179688 0.789762 0.180339 0.789762 0.180990 0.789762 0.181641 0.788848 0.182292 0.788848 0.182943 0.787934 0.183594 0.788848 0.184245 0.789762 0.183594 0.788848 0.183594 0.787934 0.184245 0.787020 0.184896 0.786106 0.185547 0.785192 0.186198 0.784278 0.186849 0.784278 0.187500 0.783364 0.188151 0.782450 0.188802 0.783364 0.188151 0.782450 0.188151 0.781536 0.188151 0.780622 0.188151 0.779707 0.188802 0.778793 0.189453 0.777879 0.190104 0.776965 0.190104 0.776051 0.190104 0.775137 0.190104 0.774223 0.189453 0.773309 0.189453 0.772395 0.189453 0.771481 0.189453 0.770567 0.190104 0.769653 0.189453 0.770567 0.188802 0.769653 0.188151 0.768739 0.188151 0.767824 0.188151 0.766910 0.188151 0.765996 0.188151 0.765082 0.187500 0.764168 0.186849 0.764168 0.186198 0.763254 0.185547 0.762340 0.184896 0.761426 0.184245 0.761426 0.183594 0.761426 0.182943 0.761426 0.182292 0.760512 0.181641 0.761426 0.180990 0.761426
0 0.899089 0.759598 0.898438 0.760512 0.897786 0.760512 0.897135 0.761426 0.896484 0.761426 0.895833 0.762340 0.895182 0.762340 0.894531 0.763254 0.893880 0.762340 0.894531 0.763254 0.893880 0.764168 0.893229 0.765082 0.892578 0.764168 0.893229 0.765082 0.893229 0.765996 0.892578 0.766910 0.891927 0.767824 0.891927 0.768739 0.891276 0.769653 0.891276 0.770567 0.891927 0.771481 0.891927 0.772395 0.891927 0.773309 0.891927 0.774223 0.891276 0.775137 0.891927 0.776051 0.891927 0.776965 0.892578 0.777879 0.893229 0.778793 0.893229 0.779707 0.892578 0.780622 0.893229 0.779707 0.893880 0.778793 0.894531 0.778793 0.895182 0.779707 0.895833 0.778793 0.896484 0.779707 0.897135 0.780622 0.897786 0.781536 0.898438 0.782450 0.898438 0.783364 0.897786 0.784278 0.898438 0.783364 0.899089 0.783364 0.899740 0.783364 0.900391 0.784278 0.901042 0.783364 0.901693 0.784278 0.902344 0.784278 0.902995 0.784278 0.903646 0.783364 0.904297 0.783364 0.904948 0.784278 0.905599 0.785192 0.905599 0.784278 0.904948 0.784278 0.904297 0.783364 0.904297 0.782450 0.904297 0.781536 0.904297 0.780622 0.904948 0.779707 0.905599 0.778793 0.906250 0.779707 0.905599 0.778793 0.906250 0.777879 0.906901 0.776965 0.907552 0.776051 0.908203 0.775137 0.908854 0.776051 0.908203 0.775137 0.908854 0.774223 0.908854 0.773309 0.909505 0.772395 0.908854 0.771481 0.908854 0.770567 0.908203 0.769653 0.908203 0.768739 0.908203 0.767824 0.908203 0.766910 0.908854 0.765996 0.908203 0.765082 0.908203 0.764168 0.907552 0.764168 0.906901 0.764168 0.906250 0.763254 0.905599 0.763254 0.904948 0.762340 0.904297 0.761426 0.904948 0.760512 0.904297 0.761426 0.903646 0.761426 0.902995 0.760512 0.902344 0.760512 0.901693 0.759598 0.901042 0.760512 0.900391 0.760512 0.899740 0.760512
0 0.638672 0.759598 0.639323 0.760512 0.638672 0.761426 0.638021 0.762340 0.637370 0.763254 0.636719 0.763254 0.636068 0.764168 0.635417 0.764168 0.634766 0.763254 0.634115 0.763254 0.634766 0.764168 0.634766 0.765082 0.634766 0.765996 0.635417 0.766910 0.635417 0.767824 0.635417 0.768739 0.634766 0.769653 0.634115 0.770567 0.633464 0.769653 0.634115 0.770567 0.634115 0.771481 0.634115 0.772395 0.634115 0.773309 0.634766 0.774223 0.634766 0.775137 0.634766 0.776051 0.634115 0.776965 0.634115 0.777879 0.634766 0.778793 0.635417 0.779707 0.634766 0.780622 0.635417 0.779707 0.636068 0.780622 0.636719 0.781536 0.636719 0.782450 0.636068 0.783364 0.636719 0.782450 0.637370 0.783364 0.638021 0.784278 0.638672 0.784278 0.639323 0.785192 0.639974 0.786106 0.639323 0.787020 0.639974 0.786106 0.640625 0.787020 0.641276 0.787020 0.641927 0.787020 0.642578 0.786106 0.643229 0.786106 0.643880 0.786106 0.644531 0.785192 0.645182 0.785192 0.645833 0.784278 0.646484 0.784278 0.647135 0.783364 0.647786 0.784278 0.647135 0.783364 0.647135 0.782450 0.647786 0.781536 0.648438 0.780622 0.649089 0.781536 0.648438 0.780622 0.649089 0.779707 0.649089 0.778793 0.649740 0.777879 0.650391 0.776965 0.651042 0.777879 0.651693 0.776965 0.651042 0.777879 0.650391 0.776965 0.649740 0.776965 0.649089 0.776051 0.648438 0.775137 0.648438 0.774223 0.648438 0.773309 0.648438 0.772395 0.648438 0.771481 0.648438 0.770567 0.648438 0.769653 0.649089 0.768739 0.648438 0.767824 0.648438 0.766910 0.648438 0.765996 0.647786 0.765082 0.648438 0.764168 0.647786 0.765082 0.647135 0.764168 0.646484 0.763254 0.646484 0.762340 0.647135 0.761426 0.647135 0.760512 0.647135 0.761426 0.646484 0.762340 0.645833 0.761426 0.645182 0.761426 0.644531 0.761426 0.643880 0.760512 0.643229 0.760512 0.642578 0.760512 0.641927 0.760512 0.641276 0.759598 0.640625 0.759598 0.639974 0.759598 0.639323 0.760512
0 0.526693 0.759598 0.526042 0.760512 0.525391 0.761426 0.524740 0.760512 0.525391 0.761426 0.524740 0.762340 0.524089 0.763254 0.523438 0.763254 0.523438 0.764168 0.522786 0.765082 0.522135 0.764168 0.521484 0.764168 0.521484 0.765082 0.520833 0.765996 0.520182 0.766910 0.519531 0.765996 0.520182 0.766910 0.519531 0.767824 0.518880 0.768739 0.518229 0.768739 0.517578 0.769653 0.516927 0.768739 0.517578 0.769653 0.517578 0.770567 0.517578 0.771481 0.517578 0.772395 0.517578 0.773309 0.517578 0.774223 0.516927 0.775137 0.516276 0.776051 0.515625 0.775137 0.516276 0.776051 0.516276 0.776965 0.516276 0.777879 0.515625 0.778793 0.516276 0.778793 0.516927 0.778793 0.517578 0.778793 0.518229 0.779707 0.518880 0.779707 0.519531 0.780622 0.520182 0.780622 0.520833 0.780622 0.521484 0.781536 0.522135 0.781536 0.522786 0.782450 0.523438 0.783364 0.524089 0.784278 0.524089 0.785192 0.524089 0.786106 0.524089 0.787020 0.523438 0.787934 0.524089 0.787934 0.524740 0.787934 0.525391 0.787020 0.526042 0.787020 0.526693 0.786106 0.527344 0.785192 0.527995 0.785192 0.528646 0.784278 0.529297 0.784278 0.529948 0.785192 0.529948 0.784278 0.530599 0.783364 0.531250 0.782450 0.531901 0.782450 0.532552 0.781536 0.533203 0.781536 0.533854 0.782450 0.534505 0.783364 0.535156 0.783364 0.534505 0.783364 0.533854 0.782450 0.533854 0.781536 0.533854 0.780622 0.534505 0.779707 0.533854 0.778793 0.533854 0.777879 0.533854 0.776965 0.533854 0.776051 0.533854 0.775137 0.534505 0.774223 0.535156 0.773309 0.535807 0.772395 0.536458 0.773309 0.535807 0.772395 0.535807 0.771481 0.535807 0.770567 0.535156 0.769653 0.535156 0.768739 0.535807 0.767824 0.535156 0.768739 0.534505 0.767824 0.533854 0.766910 0.533203 0.765996 0.533203 0.765082 0.533203 0.764168 0.533203 0.763254 0.532552 0.762340 0.532552 0.761426 0.531901 0.760512 0.531901 0.759598 0.531250 0.759598 0.530599 0.759598 0.529948 0.759598 0.529297 0.759598 0.528646 0.759598 0.527995 0.759598 0.527344 0.759598
0 0.947266 0.757770 0.947917 0.757770 0.948568 0.757770 0.949219 0.758684 0.949219 0.759598 0.948568 0.760512 0.949219 0.759598 0.949870 0.760512 0.950521 0.761426 0.950521 0.762340 0.950521 0.763254 0.951172 0.764168 0.951172 0.765082 0.951172 0.765996 0.951172 0.766910 0.950521 0.767824 0.949870 0.768739 0.949870 0.769653 0.949219 0.770567 0.949219 0.771481 0.949219 0.772395 0.949219 0.773309 0.949870 0.774223 0.949870 0.775137 0.949870 0.776051 0.949219 0.776965 0.949870 0.776965 0.950521 0.777879 0.951172 0.777879 0.951823 0.778793 0.952474 0.778793 0.953125 0.779707 0.953776 0.779707 0.954427 0.780622 0.955078 0.780622 0.955729 0.781536 0.956380 0.782450 0.956380 0.783364 0.956380 0.784278 0.955729 0.785192 0.956380 0.784278 0.957031 0.783364 0.957682 0.784278 0.958333 0.785192 0.958984 0.786106 0.959635 0.787020 0.959635 0.787934 0.959635 0.788848 0.958984 0.789762 0.958333 0.789762 0.957682 0.789762 0.958333 0.789762 0.958984 0.789762 0.959635 0.788848 0.960286 0.787934 0.960938 0.787934 0.960938 0.787020 0.960938 0.786106 0.960938 0.785192 0.960938 0.784278 0.960938 0.783364 0.960938 0.782450 0.961589 0.781536 0.962240 0.780622 0.962891 0.779707 0.963542 0.780622 0.962891 0.779707 0.963542 0.778793 0.964193 0.777879 0.964844 0.778793 0.964193 0.777879 0.964844 0.776965 0.965495 0.776051 0.966146 0.776965 0.965495 0.776051 0.965495 0.775137 0.965495 0.774223 0.965495 0.773309 0.966146 0.772395 0.966146 0.771481 0.966146 0.770567 0.966146 0.769653 0.966797 0.768739 0.966797 0.767824 0.967448 0.766910 0.966797 0.767824 0.966146 0.766910 0.965495 0.766910 0.964844 0.765996 0.964193 0.765082 0.964193 0.764168 0.963542 0.763254 0.963542 0.762340 0.964193 0.761426 0.963542 0.762340 0.962891 0.762340 0.962240 0.761426 0.961589 0.761426 0.960938 0.760512 0.960286 0.759598 0.959635 0.758684 0.958984 0.757770 0.958333 0.758684 0.957682 0.758684 0.957031 0.759598 0.956380 0.758684 0.955729 0.758684 0.955078 0.757770 0.954427 0.758684 0.953776 0.758684 0.953125 0.759598 0.952474 0.758684 0.951823 0.758684 0.951172 0.757770 0.950521 0.757770 0.949870 0.758684 0.949219 0.758684 0.948568 0.757770 0.947917 0.757770
0 0.674479 0.757770 0.673828 0.758684 0.673177 0.758684 0.672526 0.759598 0.671875 0.759598 0.671224 0.759598 0.670573 0.759598 0.669922 0.759598 0.669271 0.759598 0.668620 0.760512 0.667969 0.761426 0.667318 0.760512 0.667969 0.761426 0.667318 0.762340 0.666667 0.763254 0.666016 0.763254 0.665365 0.764168 0.664714 0.764168 0.664062 0.765082 0.664062 0.765996 0.663411 0.766910 0.662760 0.767824 0.662109 0.767824 0.661458 0.768739 0.660807 0.769653 0.661458 0.770567 0.661458 0.771481 0.661458 0.772395 0.661458 0.773309 0.661458 0.774223 0.660807 0.775137 0.661458 0.774223 0.662109 0.775137 0.662760 0.776051 0.662760 0.776965 0.663411 0.777879 0.663411 0.778793 0.663411 0.779707 0.663411 0.780622 0.662760 0.781536 0.663411 0.782450 0.663411 0.783364 0.663411 0.784278 0.662760 0.785192 0.663411 0.784278 0.664062 0.784278 0.664714 0.783364 0.665365 0.783364 0.666016 0.782450 0.666667 0.783364 0.667318 0.783364 0.667969 0.784278 0.668620 0.784278 0.669271 0.785192 0.669922 0.785192 0.670573 0.786106 0.671224 0.785192 0.671875 0.784278 0.672526 0.784278 0.673177 0.783364 0.673828 0.782450 0.674479 0.781536 0.675130 0.781536 0.675781 0.780622 0.676432 0.780622 0.677083 0.779707 0.677734 0.779707 0.678385 0.778793 0.679036 0.779707 0.679688 0.779707 0.679036 0.779707 0.678385 0.778793 0.678385 0.777879 0.679036 0.776965 0.678385 0.777879 0.677734 0.776965 0.677083 0.776051 0.677083 0.775137 0.677083 0.774223 0.677734 0.773309 0.678385 0.772395 0.678385 0.771481 0.678385 0.770567 0.678385 0.769653 0.678385 0.768739 0.679036 0.767824 0.678385 0.766910 0.678385 0.765996 0.679036 0.765082 0.678385 0.765996 0.677734 0.765082 0.677083 0.765082 0.676432 0.764168 0.675781 0.763254 0.675781 0.762340 0.676432 0.761426 0.675781 0.762340 0.675130 0.761426 0.674479 0.760512 0.674479 0.759598 0.673828 0.758684
0 0.506510 0.757770 0.505859 0.758684 0.505208 0.759598 0.504557 0.760512 0.503906 0.760512 0.503255 0.761426 0.502604 0.761426 0.501953 0.761426 0.501302 0.761426 0.500651 0.760512 0.500000 0.760512 0.499349 0.760512 0.498698 0.760512 0.498047 0.761426 0.497396 0.761426 0.496745 0.762340 0.496094 0.761426 0.495443 0.762340 0.494792 0.762340 0.494141 0.762340 0.493490 0.762340 0.492839 0.761426 0.492188 0.761426 0.492188 0.762340 0.492188 0.763254 0.491536 0.764168 0.491536 0.765082 0.491536 0.765996 0.490885 0.766910 0.490234 0.767824 0.489583 0.766910 0.490234 0.767824 0.490234 0.768739 0.490234 0.769653 0.489583 0.770567 0.488932 0.771481 0.488281 0.770567 0.488932 0.771481 0.488932 0.772395 0.488281 0.773309 0.487630 0.774223 0.486979 0.775137 0.486328 0.775137 0.486328 0.776051 0.486328 0.776965 0.485677 0.777879 0.486328 0.778793 0.486979 0.778793 0.487630 0.777879 0.488281 0.777879 0.488932 0.777879 0.489583 0.778793 0.490234 0.778793 0.490885 0.779707 0.491536 0.780622 0.492188 0.781536 0.491536 0.782450 0.492188 0.781536 0.492839 0.782450 0.493490 0.782450 0.494141 0.783364 0.494792 0.784278 0.495443 0.784278 0.496094 0.784278 0.496745 0.785192 0.497396 0.785192 0.498047 0.784278 0.498698 0.784278 0.499349 0.784278 0.500000 0.784278 0.500651 0.784278 0.501302 0.784278 0.501953 0.784278 0.502604 0.783364 0.503255 0.782450 0.503906 0.783364 0.503255 0.782450 0.503906 0.781536 0.504557 0.780622 0.505208 0.780622 0.505859 0.779707 0.506510 0.780622 0.505859 0.779707 0.505859 0.778793 0.505859 0.777879 0.505859 0.776965 0.506510 0.776051 0.506510 0.775137 0.507161 0.774223 0.507161 0.773309 0.507161 0.772395 0.507812 0.771481 0.507161 0.772395 0.506510 0.771481 0.505859 0.770567 0.505208 0.769653 0.504557 0.768739 0.504557 0.767824 0.504557 0.766910 0.504557 0.765996 0.504557 0.765082 0.504557 0.764168 0.505208 0.763254 0.505859 0.762340 0.506510 0.761426 0.507161 0.761426 0.507812 0.760512 0.508464 0.759598 0.509115 0.759598 0.509766 0.758684 0.510417 0.759598 0.511068 0.759598 0.511719 0.760512 0.512370 0.759598 0.513021 0.759598 0.513672 0.760512 0.513021 0.759598 0.513021 0.758684 0.512370 0.759598 0.511719 0.758684 0.511068 0.758684 0.510417 0.758684 0.509766 0.758684 0.509115 0.759598 0.508464 0.759598 0.507812 0.758684 0.507161 0.758684
0 0.437500 0.757770 0.438151 0.758684 0.438151 0.759598 0.438151 0.760512 0.437500 0.761426 0.437500 0.762340 0.436849 0.763254 0.436198 0.764168 0.435547 0.764168 0.434896 0.765082 0.434245 0.764168 0.434896 0.765082 0.434896 0.765996 0.434245 0.766910 0.433594 0.767824 0.432943 0.766910 0.433594 0.767824 0.433594 0.768739 0.432943 0.769653 0.432943 0.770567 0.432292 0.771481 0.431641 0.772395 0.430990 0.772395 0.430990 0.773309 0.431641 0.774223 0.431641 0.775137 0.431641 0.776051 0.431641 0.776965 0.431641 0.777879 0.431641 0.778793 0.432292 0.779707 0.432943 0.779707 0.433594 0.780622 0.434245 0.781536 0.434245 0.782450 0.433594 0.783364 0.434245 0.782450 0.434896 0.781536 0.435547 0.781536 0.436198 0.780622 0.436849 0.780622 0.437500 0.781536 0.438151 0.781536 0.438802 0.782450 0.439453 0.783364 0.440104 0.784278 0.440104 0.785192 0.440104 0.786106 0.439453 0.787020 0.439453 0.787934 0.440104 0.788848 0.440755 0.789762 0.440755 0.790676 0.440755 0.789762 0.440104 0.788848 0.440104 0.787934 0.440755 0.787020 0.441406 0.786106 0.442057 0.786106 0.442708 0.785192 0.443359 0.786106 0.443359 0.787020 0.443359 0.786106 0.442708 0.785192 0.443359 0.784278 0.444010 0.783364 0.444661 0.783364 0.445312 0.782450 0.445964 0.782450 0.446615 0.782450 0.447266 0.781536 0.447917 0.781536 0.447917 0.780622 0.447917 0.779707 0.447917 0.778793 0.448568 0.777879 0.448568 0.776965 0.449219 0.776051 0.449219 0.775137 0.449219 0.774223 0.449219 0.773309 0.448568 0.772395 0.448568 0.771481 0.447917 0.770567 0.447917 0.769653 0.447917 0.768739 0.447266 0.767824 0.446615 0.766910 0.446615 0.765996 0.446615 0.765082 0.446615 0.764168 0.446615 0.763254 0.445964 0.763254 0.445312 0.762340 0.444661 0.761426 0.444010 0.760512 0.444661 0.759598 0.444010 0.760512 0.443359 0.759598 0.442708 0.760512 0.442057 0.760512 0.441406 0.761426 0.440755 0.761426 0.440104 0.760512 0.439453 0.760512 0.438802 0.759598 0.438151 0.758684
0 0.097656 0.757770 0.097656 0.758684 0.097005 0.759598 0.096354 0.759598 0.095703 0.760512 0.095052 0.759598 0.094401 0.758684 0.095052 0.759598 0.094401 0.760512 0.093750 0.761426 0.093099 0.762340 0.092448 0.761426 0.093099 0.762340 0.092448 0.763254 0.091797 0.764168 0.091146 0.764168 0.090495 0.765082 0.089844 0.764168 0.090495 0.765082 0.090495 0.765996 0.089844 0.766910 0.089193 0.767824 0.088542 0.768739 0.087891 0.769653 0.087240 0.768739 0.087891 0.769653 0.087240 0.770567 0.086589 0.771481 0.085938 0.771481 0.085286 0.772395 0.084635 0.772395 0.083984 0.773309 0.083333 0.773309 0.083984 0.774223 0.083984 0.775137 0.083333 0.776051 0.083984 0.775137 0.084635 0.776051 0.085286 0.776965 0.085938 0.777879 0.086589 0.778793 0.086589 0.779707 0.085938 0.780622 0.086589 0.779707 0.087240 0.779707 0.087891 0.779707 0.088542 0.780622 0.089193 0.779707 0.089844 0.780622 0.090495 0.780622 0.091146 0.781536 0.091797 0.782450 0.092448 0.783364 0.092448 0.784278 0.092448 0.785192 0.092448 0.786106 0.093099 0.786106 0.093750 0.787020 0.094401 0.787020 0.095052 0.787934 0.095703 0.787934 0.096354 0.788848 0.097005 0.788848 0.097656 0.787934 0.098307 0.788848 0.097656 0.787934 0.097656 0.787020 0.098307 0.786106 0.098958 0.785192 0.099609 0.785192 0.100260 0.784278 0.100911 0.784278 0.101562 0.783364 0.102214 0.784278 0.102865 0.784278 0.102214 0.784278 0.101562 0.783364 0.101562 0.782450 0.101562 0.781536 0.102214 0.780622 0.102214 0.779707 0.102214 0.778793 0.102865 0.777879 0.102865 0.776965 0.103516 0.776051 0.103516 0.775137 0.104167 0.774223 0.103516 0.773309 0.103516 0.772395 0.103516 0.771481 0.104167 0.770567 0.104167 0.769653 0.104167 0.768739 0.104818 0.767824 0.104167 0.768739 0.103516 0.767824 0.102865 0.766910 0.102865 0.765996 0.102865 0.765082 0.103516 0.764168 0.102865 0.763254 0.103516 0.762340 0.103516 0.761426 0.103516 0.762340 0.102865 0.763254 0.102214 0.763254 0.101562 0.763254 0.100911 0.763254 0.100260 0.762340 0.099609 0.762340 0.098958 0.761426 0.098307 0.761426 0.097656 0.760512 0.097005 0.759598 0.097656 0.758684
0 0.837891 0.756856 0.837891 0.757770 0.838542 0.757770 0.839193 0.758684 0.839844 0.759598 0.839844 0.760512 0.839844 0.761426 0.839193 0.762340 0.838542 0.763254 0.837891 0.764168 0.837240 0.765082 0.836589 0.764168 0.837240 0.765082 0.836589 0.765996 0.835938 0.766910 0.835286 0.765996 0.835938 0.766910 0.835938 0.767824 0.835286 0.768739 0.835286 0.769653 0.834635 0.770567 0.834635 0.771481 0.834635 0.772395 0.834635 0.773309 0.833984 0.774223 0.833333 0.775137 0.832682 0.775137 0.832031 0.776051 0.831380 0.775137 0.832031 0.776051 0.832031 0.776965 0.832682 0.777879 0.832682 0.778793 0.832682 0.779707 0.832682 0.780622 0.832031 0.781536 0.832682 0.780622 0.833333 0.780622 0.833984 0.779707 0.834635 0.780622 0.835286 0.780622 0.835938 0.780622 0.836589 0.781536 0.837240 0.781536 0.837891 0.782450 0.838542 0.783364 0.838542 0.784278 0.837891 0.785192 0.838542 0.784278 0.839193 0.784278 0.839844 0.785192 0.840495 0.785192 0.841146 0.785192 0.841797 0.784278 0.842448 0.784278 0.843099 0.783364 0.843750 0.783364 0.844401 0.782450 0.845052 0.782450 0.845703 0.782450 0.846354 0.781536 0.847005 0.781536 0.847656 0.782450 0.848307 0.781536 0.848958 0.781536 0.849609 0.782450 0.849609 0.783364 0.850260 0.783364 0.850260 0.782450 0.849609 0.782450 0.848958 0.781536 0.848958 0.780622 0.848958 0.779707 0.849609 0.778793 0.850260 0.777879 0.850911 0.778793 0.850260 0.777879 0.850260 0.776965 0.850911 0.776051 0.851562 0.775137 0.851562 0.774223 0.851562 0.773309 0.851562 0.772395 0.852214 0.771481 0.851562 0.770567 0.850911 0.769653 0.850911 0.768739 0.850911 0.767824 0.850911 0.766910 0.850260 0.765996 0.850911 0.765082 0.850911 0.764168 0.850911 0.765082 0.850260 0.765996 0.849609 0.765082 0.848958 0.765082 0.848307 0.764168 0.847656 0.763254 0.847005 0.762340 0.847005 0.761426 0.846354 0.760512 0.845703 0.759598 0.845703 0.758684 0.845052 0.758684 0.844401 0.759598 0.843750 0.759598 0.843099 0.758684 0.842448 0.759598 0.841797 0.759598 0.841146 0.759598 0.840495 0.758684 0.839844 0.758684 0.839193 0.757770 0.838542 0.757770
0 0.039062 0.756856 0.038411 0.757770 0.037760 0.758684 0.037109 0.758684 0.036458 0.757770 0.037109 0.758684 0.037109 0.759598 0.037109 0.760512 0.037109 0.761426 0.036458 0.762340 0.035807 0.763254 0.035156 0.763254 0.034505 0.764168 0.033854 0.764168 0.033203 0.765082 0.032552 0.764168 0.031901 0.763254 0.032552 0.764168 0.032552 0.765082 0.031901 0.765996 0.031250 0.766910 0.030599 0.766910 0.029948 0.767824 0.029297 0.766910 0.029297 0.765996 0.028646 0.765996 0.027995 0.765082 0.028646 0.765996 0.028646 0.766910 0.029297 0.766910 0.029948 0.767824 0.029948 0.768739 0.029948 0.769653 0.029948 0.770567 0.029297 0.771481 0.029297 0.772395 0.029297 0.773309 0.029297 0.774223 0.029297 0.775137 0.029297 0.776051 0.029948 0.776965 0.029948 0.777879 0.029297 0.778793 0.029948 0.777879 0.030599 0.778793 0.031250 0.778793 0.031901 0.779707 0.032552 0.780622 0.032552 0.781536 0.031901 0.782450 0.032552 0.781536 0.033203 0.782450 0.033854 0.782450 0.034505 0.783364 0.035156 0.784278 0.034505 0.785192 0.035156 0.784278 0.035807 0.785192 0.036458 0.785192 0.037109 0.785192 0.037760 0.785192 0.038411 0.784278 0.039062 0.784278 0.039714 0.784278 0.040365 0.784278 0.041016 0.785192 0.041667 0.785192 0.042318 0.785192 0.042969 0.784278 0.043620 0.785192 0.043620 0.786106 0.043620 0.785192 0.042969 0.784278 0.043620 0.783364 0.044271 0.782450 0.044922 0.781536 0.044922 0.780622 0.045573 0.779707 0.045573 0.778793 0.045573 0.777879 0.046224 0.776965 0.046875 0.776051 0.047526 0.775137 0.048177 0.775137 0.048177 0.774223 0.048177 0.773309 0.048177 0.772395 0.047526 0.772395 0.046875 0.771481 0.046224 0.770567 0.045573 0.769653 0.045573 0.768739 0.045573 0.767824 0.044922 0.766910 0.044271 0.766910 0.043620 0.765996 0.042969 0.765082 0.043620 0.764168 0.042969 0.765082 0.042318 0.764168 0.041667 0.763254 0.042318 0.762340 0.041667 0.763254 0.041016 0.762340 0.040365 0.761426 0.039714 0.760512 0.040365 0.759598 0.039714 0.760512 0.039062 0.759598 0.038411 0.758684 0.038411 0.757770
0 0.355469 0.755941 0.356120 0.756856 0.356120 0.757770 0.355469 0.758684 0.354818 0.759598 0.354167 0.759598 0.353516 0.760512 0.352865 0.760512 0.352214 0.760512 0.352214 0.761426 0.351562 0.762340 0.350911 0.763254 0.350260 0.763254 0.349609 0.764168 0.348958 0.764168 0.348958 0.765082 0.348958 0.765996 0.348307 0.766910 0.347656 0.767824 0.347005 0.767824 0.346354 0.768739 0.345703 0.768739 0.345052 0.767824 0.345703 0.768739 0.345703 0.769653 0.345703 0.770567 0.345703 0.771481 0.345703 0.772395 0.345703 0.773309 0.345703 0.774223 0.345703 0.775137 0.346354 0.776051 0.346354 0.776965 0.347005 0.777879 0.347005 0.778793 0.347005 0.779707 0.347656 0.779707 0.348307 0.779707 0.348958 0.780622 0.349609 0.780622 0.350260 0.781536 0.350911 0.782450 0.351562 0.783364 0.351562 0.784278 0.352214 0.784278 0.352865 0.785192 0.353516 0.786106 0.352865 0.785192 0.353516 0.784278 0.354167 0.783364 0.354818 0.783364 0.355469 0.782450 0.356120 0.783364 0.356771 0.782450 0.357422 0.782450 0.358073 0.781536 0.358724 0.781536 0.359375 0.781536 0.360026 0.781536 0.360677 0.781536 0.361328 0.780622 0.361979 0.781536 0.361328 0.780622 0.361328 0.779707 0.361979 0.778793 0.361328 0.777879 0.361328 0.776965 0.361328 0.776051 0.361979 0.775137 0.362630 0.774223 0.362630 0.773309 0.362630 0.772395 0.363281 0.771481 0.363281 0.770567 0.363281 0.769653 0.363281 0.768739 0.362630 0.767824 0.362630 0.766910 0.362630 0.765996 0.361979 0.765082 0.361328 0.765082 0.360677 0.764168 0.360026 0.763254 0.359375 0.763254 0.358724 0.762340 0.358073 0.761426 0.358073 0.760512 0.357422 0.759598 0.357422 0.758684 0.358073 0.757770 0.357422 0.758684 0.356771 0.757770 0.356120 0.756856
0 0.114583 0.724863 0.113932 0.725777 0.113281 0.725777 0.112630 0.725777 0.111979 0.725777 0.111328 0.725777 0.110677 0.726691 0.110026 0.726691 0.109375 0.727605 0.108724 0.727605 0.108073 0.727605 0.107422 0.727605 0.106771 0.727605 0.106120 0.727605 0.105469 0.727605 0.104818 0.728519 0.104167 0.728519 0.103516 0.729433 0.102865 0.729433 0.102214 0.730347 0.101562 0.730347 0.100911 0.731261 0.100260 0.732176 0.099609 0.732176 0.099609 0.733090 0.098958 0.734004 0.099609 0.733090 0.100260 0.733090 0.100911 0.734004 0.101562 0.734004 0.102214 0.734918 0.102865 0.735832 0.102865 0.736746 0.102865 0.737660 0.102865 0.738574 0.102214 0.739488 0.101562 0.740402 0.100911 0.741316 0.100260 0.740402 0.100911 0.741316 0.100911 0.742230 0.100911 0.743144 0.100260 0.744059 0.099609 0.744059 0.098958 0.744059 0.098958 0.744973 0.099609 0.744973 0.100260 0.744059 0.100911 0.743144 0.101562 0.742230 0.102214 0.742230 0.102865 0.742230 0.103516 0.743144 0.104167 0.743144 0.104818 0.743144 0.105469 0.744059 0.106120 0.744059 0.106771 0.744973 0.107422 0.744059 0.108073 0.744973 0.108724 0.744973 0.109375 0.745887 0.110026 0.744973 0.110677 0.745887 0.111328 0.745887 0.111979 0.745887 0.112630 0.744973 0.113281 0.744973 0.113932 0.744059 0.114583 0.744059 0.115234 0.744059 0.115885 0.744973 0.115234 0.744059 0.115234 0.743144 0.115885 0.742230 0.116536 0.741316 0.117188 0.740402 0.117188 0.739488 0.117839 0.738574 0.117839 0.737660 0.118490 0.736746 0.119141 0.735832 0.119792 0.736746 0.119141 0.735832 0.119141 0.734918 0.118490 0.734004 0.117839 0.733090 0.118490 0.732176 0.117839 0.733090 0.117188 0.732176 0.116536 0.731261 0.116536 0.730347 0.116536 0.729433 0.116536 0.728519 0.115885 0.727605 0.115234 0.727605 0.114583 0.726691 0.113932 0.725777
0 0.428385 0.723035 0.427734 0.723949 0.427083 0.723949 0.426432 0.723949 0.425781 0.723949 0.425130 0.724863 0.424479 0.724863 0.423828 0.724863 0.423177 0.724863 0.422526 0.725777 0.421875 0.725777 0.421224 0.724863 0.420573 0.723949 0.421224 0.724863 0.420573 0.725777 0.419922 0.726691 0.419271 0.726691 0.419271 0.727605 0.419271 0.728519 0.418620 0.729433 0.418620 0.730347 0.418620 0.731261 0.418620 0.732176 0.417969 0.733090 0.417969 0.734004 0.417318 0.734918 0.417318 0.735832 0.417318 0.736746 0.417318 0.737660 0.417969 0.738574 0.418620 0.739488 0.418620 0.740402 0.418620 0.741316 0.417969 0.742230 0.418620 0.743144 0.419271 0.744059 0.419922 0.744973 0.419922 0.745887 0.419271 0.746801 0.419922 0.745887 0.420573 0.746801 0.421224 0.747715 0.421875 0.747715 0.422526 0.747715 0.423177 0.747715 0.423828 0.747715 0.424479 0.747715 0.425130 0.747715 0.425781 0.747715 0.426432 0.747715 0.427083 0.747715 0.427734 0.748629 0.427083 0.747715 0.427083 0.746801 0.427083 0.745887 0.427734 0.744973 0.428385 0.744059 0.429036 0.744059 0.429688 0.743144 0.430339 0.743144 0.430990 0.742230 0.431641 0.742230 0.432292 0.741316 0.432943 0.741316 0.433594 0.741316 0.433594 0.740402 0.433594 0.739488 0.433594 0.738574 0.433594 0.737660 0.433594 0.736746 0.433594 0.735832 0.433594 0.734918 0.434245 0.734004 0.434245 0.733090 0.433594 0.732176 0.433594 0.731261 0.433594 0.730347 0.432943 0.729433 0.432292 0.728519 0.432292 0.727605 0.432292 0.726691 0.432292 0.725777 0.432292 0.724863 0.432292 0.723949 0.431641 0.723949 0.430990 0.723035 0.430339 0.723035 0.429688 0.723949 0.429036 0.723949
0 0.854167 0.722121 0.853516 0.723035 0.852865 0.723035 0.852865 0.723949 0.852214 0.724863 0.851562 0.725777 0.850911 0.724863 0.851562 0.725777 0.850911 0.726691 0.850260 0.727605 0.849609 0.728519 0.849609 0.729433 0.849609 0.730347 0.848958 0.731261 0.848307 0.732176 0.848958 0.733090 0.848958 0.734004 0.848958 0.734918 0.848958 0.735832 0.848958 0.736746 0.848307 0.737660 0.848958 0.738574 0.849609 0.739488 0.849609 0.740402 0.849609 0.741316 0.849609 0.742230 0.848958 0.743144 0.849609 0.742230 0.850260 0.743144 0.850911 0.744059 0.850911 0.744973 0.850260 0.745887 0.850911 0.744973 0.851562 0.744059 0.852214 0.744059 0.852865 0.744973 0.853516 0.744973 0.854167 0.745887 0.854818 0.746801 0.855469 0.747715 0.856120 0.748629 0.856120 0.749543 0.856120 0.750457 0.856771 0.750457 0.857422 0.751371 0.858073 0.752285 0.858724 0.752285 0.858073 0.752285 0.857422 0.751371 0.857422 0.750457 0.857422 0.749543 0.857422 0.748629 0.857422 0.747715 0.858073 0.746801 0.858073 0.745887 0.858724 0.744973 0.859375 0.744059 0.860026 0.744059 0.860677 0.743144 0.861328 0.744059 0.861979 0.744059 0.862630 0.744059 0.863281 0.743144 0.863932 0.743144 0.864583 0.742230 0.865234 0.741316 0.865885 0.742230 0.865234 0.741316 0.865234 0.740402 0.864583 0.739488 0.864583 0.738574 0.864583 0.737660 0.865234 0.736746 0.865885 0.735832 0.866536 0.736746 0.865885 0.735832 0.866536 0.734918 0.865885 0.734004 0.865885 0.733090 0.865885 0.732176 0.865885 0.731261 0.866536 0.730347 0.865885 0.731261 0.865234 0.731261 0.864583 0.730347 0.863932 0.730347 0.863281 0.729433 0.862630 0.728519 0.862630 0.727605 0.862630 0.726691 0.863281 0.725777 0.862630 0.726691 0.861979 0.726691 0.861328 0.725777 0.860677 0.725777 0.860026 0.724863 0.859375 0.723949 0.859375 0.723035 0.858724 0.722121 0.858073 0.723035 0.857422 0.723035 0.856771 0.723035 0.856120 0.723035 0.855469 0.722121 0.854818 0.722121
0 0.626302 0.722121 0.625651 0.723035 0.625000 0.723035 0.624349 0.723949 0.623698 0.723949 0.623047 0.723949 0.622396 0.724863 0.622396 0.725777 0.622396 0.726691 0.622396 0.727605 0.621745 0.728519 0.621094 0.729433 0.620443 0.730347 0.619792 0.729433 0.620443 0.730347 0.620443 0.731261 0.619792 0.732176 0.619792 0.733090 0.619792 0.734004 0.619141 0.734918 0.619141 0.735832 0.619141 0.736746 0.619141 0.737660 0.619141 0.738574 0.619141 0.739488 0.619141 0.740402 0.619141 0.741316 0.619792 0.742230 0.619792 0.743144 0.619792 0.744059 0.620443 0.744973 0.620443 0.745887 0.620443 0.746801 0.621094 0.746801 0.621745 0.747715 0.622396 0.747715 0.623047 0.748629 0.623698 0.748629 0.624349 0.749543 0.625000 0.748629 0.625651 0.749543 0.626302 0.748629 0.626953 0.747715 0.627604 0.746801 0.628255 0.746801 0.628906 0.745887 0.629557 0.745887 0.630208 0.745887 0.630859 0.745887 0.631510 0.745887 0.632161 0.745887 0.632812 0.746801 0.633464 0.745887 0.633464 0.744973 0.633464 0.744059 0.633464 0.743144 0.634115 0.742230 0.634766 0.741316 0.635417 0.742230 0.634766 0.741316 0.634766 0.740402 0.634766 0.739488 0.634766 0.738574 0.634766 0.737660 0.634766 0.736746 0.634766 0.735832 0.634766 0.734918 0.635417 0.734004 0.636068 0.733090 0.636719 0.734004 0.636068 0.733090 0.636068 0.732176 0.636719 0.731261 0.636068 0.732176 0.635417 0.732176 0.634766 0.731261 0.634115 0.731261 0.633464 0.730347 0.632812 0.729433 0.632161 0.728519 0.632161 0.727605 0.632161 0.726691 0.632812 0.725777 0.632161 0.726691 0.631510 0.725777 0.630859 0.724863 0.630208 0.723949 0.630208 0.723035 0.629557 0.722121 0.628906 0.722121 0.628255 0.722121 0.627604 0.722121 0.626953 0.722121
0 0.687500 0.721207 0.686849 0.722121 0.686198 0.723035 0.685547 0.723035 0.684896 0.723949 0.684245 0.723035 0.683594 0.723949 0.682943 0.723949 0.682292 0.723949 0.681641 0.723949 0.680990 0.723949 0.680339 0.723949 0.679688 0.723035 0.680339 0.723949 0.679688 0.724863 0.679036 0.725777 0.678385 0.726691 0.677734 0.726691 0.677734 0.727605 0.677734 0.728519 0.677083 0.729433 0.676432 0.730347 0.675781 0.731261 0.675781 0.732176 0.675781 0.733090 0.675781 0.734004 0.675781 0.734918 0.675781 0.735832 0.675781 0.736746 0.675130 0.737660 0.675781 0.736746 0.676432 0.737660 0.677083 0.738574 0.677083 0.739488 0.677083 0.740402 0.677083 0.741316 0.677083 0.742230 0.677083 0.743144 0.677734 0.743144 0.678385 0.743144 0.679036 0.743144 0.679688 0.743144 0.680339 0.743144 0.680990 0.742230 0.681641 0.743144 0.682292 0.743144 0.682943 0.744059 0.683594 0.744059 0.684245 0.744973 0.684896 0.744973 0.685547 0.744973 0.686198 0.744059 0.686849 0.743144 0.687500 0.743144 0.688151 0.742230 0.688802 0.742230 0.689453 0.742230 0.690104 0.743144 0.689453 0.742230 0.690104 0.741316 0.690755 0.740402 0.691406 0.741316 0.690755 0.740402 0.691406 0.739488 0.692057 0.738574 0.691406 0.737660 0.691406 0.736746 0.691406 0.735832 0.692057 0.734918 0.692708 0.734004 0.693359 0.734918 0.692708 0.734004 0.692708 0.733090 0.692708 0.732176 0.692057 0.731261 0.692057 0.730347 0.692057 0.729433 0.691406 0.728519 0.692057 0.727605 0.691406 0.728519 0.690755 0.727605 0.690104 0.726691 0.689453 0.725777 0.688802 0.724863 0.688802 0.723949 0.688151 0.723035 0.688151 0.722121 0.688151 0.721207
0 0.888021 0.640768 0.888021 0.641682 0.887370 0.642596 0.886719 0.643510 0.886068 0.642596 0.886719 0.643510 0.886068 0.644424 0.886068 0.645338 0.885417 0.646252 0.885417 0.647166 0.885417 0.648080 0.885417 0.648995 0.884766 0.649909 0.884115 0.650823 0.883464 0.650823 0.882812 0.651737 0.882161 0.652651 0.881510 0.653565 0.880859 0.652651 0.881510 0.653565 0.881510 0.654479 0.881510 0.655393 0.881510 0.656307 0.881510 0.657221 0.882161 0.658135 0.882161 0.659049 0.882161 0.659963 0.882161 0.660878 0.881510 0.661792 0.881510 0.662706 0.880859 0.663620 0.880208 0.664534 0.879557 0.665448 0.878906 0.664534 0.878906 0.665448 0.879557 0.666362 0.879557 0.665448 0.880208 0.664534 0.880859 0.664534 0.881510 0.664534 0.882161 0.664534 0.882812 0.664534 0.883464 0.664534 0.884115 0.664534 0.884766 0.665448 0.885417 0.664534 0.886068 0.664534 0.886719 0.664534 0.887370 0.664534 0.888021 0.664534 0.888672 0.664534 0.889323 0.664534 0.889974 0.663620 0.890625 0.662706 0.891276 0.661792 0.891927 0.661792 0.892578 0.660878 0.893229 0.660878 0.893880 0.659963 0.894531 0.659049 0.895182 0.658135 0.895182 0.657221 0.895182 0.656307 0.895182 0.655393 0.895833 0.654479 0.895182 0.653565 0.895182 0.652651 0.895182 0.651737 0.895833 0.650823 0.895182 0.651737 0.894531 0.650823 0.893880 0.649909 0.893880 0.648995 0.894531 0.648080 0.893880 0.648995 0.893229 0.648080 0.892578 0.648080 0.891927 0.647166 0.891276 0.646252 0.890625 0.645338 0.890625 0.644424 0.890625 0.643510 0.890625 0.642596 0.889974 0.641682 0.890625 0.640768 0.889974 0.641682 0.889323 0.641682 0.888672 0.641682
0 0.736979 0.638940 0.736328 0.639854 0.735677 0.639854 0.735026 0.639854 0.734375 0.639854 0.733724 0.640768 0.733073 0.639854 0.733724 0.640768 0.733724 0.641682 0.733724 0.642596 0.733724 0.643510 0.733073 0.644424 0.732422 0.645338 0.731771 0.645338 0.731771 0.646252 0.731771 0.647166 0.731771 0.648080 0.731771 0.648995 0.731771 0.649909 0.731771 0.650823 0.731771 0.651737 0.731771 0.652651 0.731771 0.653565 0.732422 0.653565 0.733073 0.654479 0.733724 0.654479 0.734375 0.655393 0.735026 0.655393 0.735677 0.655393 0.736328 0.655393 0.736979 0.654479 0.737630 0.654479 0.738281 0.653565 0.738932 0.654479 0.739583 0.655393 0.740234 0.656307 0.740885 0.657221 0.740885 0.658135 0.740885 0.659049 0.740885 0.659963 0.740234 0.660878 0.739583 0.661792 0.738932 0.661792 0.738932 0.662706 0.738932 0.663620 0.738281 0.664534 0.737630 0.665448 0.736979 0.666362 0.736979 0.667276 0.736328 0.668190 0.735677 0.667276 0.735026 0.668190 0.734375 0.668190 0.733724 0.668190 0.733724 0.669104 0.733073 0.670018 0.733073 0.670932 0.733073 0.671846 0.733724 0.671846 0.734375 0.672761 0.735026 0.673675 0.735677 0.674589 0.736328 0.674589 0.736979 0.675503 0.737630 0.675503 0.738281 0.675503 0.738932 0.676417 0.739583 0.675503 0.739583 0.674589 0.740234 0.673675 0.740885 0.672761 0.741536 0.672761 0.742188 0.671846 0.742839 0.671846 0.743490 0.671846 0.744141 0.671846 0.744792 0.671846 0.745443 0.672761 0.746094 0.672761 0.746745 0.673675 0.747396 0.674589 0.746745 0.675503 0.747396 0.674589 0.748047 0.673675 0.748698 0.672761 0.749349 0.671846 0.749349 0.670932 0.749349 0.670018 0.749349 0.669104 0.749349 0.668190 0.748698 0.667276 0.748698 0.666362 0.748047 0.665448 0.748047 0.664534 0.748047 0.663620 0.747396 0.662706 0.747396 0.661792 0.747396 0.660878 0.748047 0.659963 0.748047 0.659049 0.748698 0.658135 0.749349 0.657221 0.750000 0.657221 0.750651 0.656307 0.751302 0.656307 0.751953 0.655393 0.752604 0.656307 0.751953 0.655393 0.751953 0.654479 0.752604 0.653565 0.753255 0.652651 0.753255 0.651737 0.753255 0.650823 0.753255 0.649909 0.753906 0.648995 0.753906 0.648080 0.753255 0.648080 0.752604 0.647166 0.751953 0.646252 0.751302 0.646252 0.750651 0.645338 0.750651 0.644424 0.750651 0.643510 0.750651 0.644424 0.750651 0.645338 0.751302 0.646252 0.750651 0.647166 0.750000 0.648080 0.749349 0.648080 0.748698 0.648995 0.748047 0.648995 0.747396 0.648995 0.747396 0.649909 0.747396 0.650823 0.747396 0.651737 0.747396 0.652651 0.746745 0.653565 0.746094 0.652651 0.746094 0.651737 0.746094 0.650823 0.746094 0.649909 0.746094 0.648995 0.745443 0.649909 0.744792 0.649909 0.744141 0.649909 0.743490 0.649909 0.742839 0.649909 0.742188 0.650823 0.741536 0.650823 0.740885 0.651737 0.740234 0.650823 0.739583 0.649909 0.738932 0.648995 0.738281 0.648080 0.738281 0.647166 0.738932 0.646252 0.738932 0.645338 0.738932 0.644424 0.739583 0.643510 0.738932 0.643510 0.738281 0.642596 0.737630 0.641682 0.736979 0.640768 0.736328 0.639854
0 0.433594 0.631627 0.432943 0.632541 0.432292 0.632541 0.431641 0.632541 0.430990 0.633455 0.430339 0.633455 0.429688 0.632541 0.430339 0.633455 0.430339 0.634369 0.430339 0.635283 0.430339 0.636197 0.430339 0.637112 0.430339 0.638026 0.429688 0.638940 0.430339 0.639854 0.430339 0.640768 0.430990 0.641682 0.431641 0.642596 0.432292 0.643510 0.432943 0.644424 0.432943 0.645338 0.432943 0.646252 0.433594 0.647166 0.433594 0.648080 0.433594 0.648995 0.433594 0.649909 0.433594 0.650823 0.433594 0.651737 0.432943 0.652651 0.432292 0.653565 0.432943 0.654479 0.433594 0.654479 0.434245 0.655393 0.434896 0.655393 0.435547 0.656307 0.436198 0.657221 0.436198 0.658135 0.436198 0.659049 0.436198 0.659963 0.435547 0.660878 0.435547 0.661792 0.434896 0.662706 0.434245 0.663620 0.434245 0.664534 0.433594 0.665448 0.432943 0.666362 0.432292 0.666362 0.431641 0.667276 0.430990 0.667276 0.430339 0.668190 0.429688 0.667276 0.430339 0.668190 0.429688 0.669104 0.429688 0.670018 0.429036 0.670932 0.429036 0.671846 0.428385 0.672761 0.428385 0.673675 0.427734 0.674589 0.427734 0.675503 0.427734 0.676417 0.427734 0.677331 0.427734 0.678245 0.427083 0.679159 0.427734 0.678245 0.428385 0.678245 0.429036 0.678245 0.429688 0.677331 0.430339 0.676417 0.430990 0.677331 0.430339 0.676417 0.430990 0.675503 0.430990 0.674589 0.430990 0.673675 0.430990 0.672761 0.431641 0.671846 0.432292 0.670932 0.432943 0.671846 0.432292 0.670932 0.432943 0.670018 0.433594 0.669104 0.434245 0.668190 0.434896 0.668190 0.435547 0.667276 0.436198 0.667276 0.436849 0.668190 0.437500 0.668190 0.438151 0.669104 0.438802 0.670018 0.439453 0.670932 0.439453 0.671846 0.440104 0.671846 0.440755 0.670932 0.441406 0.670932 0.442057 0.670932 0.442708 0.670932 0.443359 0.670932 0.444010 0.671846 0.444661 0.671846 0.445312 0.672761 0.445964 0.673675 0.445964 0.674589 0.445964 0.675503 0.446615 0.675503 0.447266 0.675503 0.447917 0.674589 0.448568 0.674589 0.449219 0.674589 0.449870 0.673675 0.450521 0.674589 0.451172 0.674589 0.451823 0.675503 0.452474 0.676417 0.451823 0.677331 0.452474 0.676417 0.453125 0.677331 0.453776 0.677331 0.454427 0.678245 0.455078 0.679159 0.454427 0.678245 0.454427 0.677331 0.455078 0.676417 0.455729 0.675503 0.456380 0.675503 0.457031 0.674589 0.457682 0.675503 0.457031 0.674589 0.457682 0.673675 0.458333 0.672761 0.457682 0.673675 0.457031 0.673675 0.456380 0.673675 0.455729 0.673675 0.455078 0.673675 0.454427 0.672761 0.453776 0.672761 0.453125 0.672761 0.452474 0.673675 0.451823 0.673675 0.451172 0.672761 0.450521 0.672761 0.449870 0.671846 0.449219 0.670932 0.449870 0.670018 0.449219 0.670932 0.448568 0.670018 0.447917 0.669104 0.447917 0.668190 0.447266 0.667276 0.447266 0.666362 0.447266 0.665448 0.447266 0.664534 0.447266 0.663620 0.447917 0.662706 0.448568 0.661792 0.449219 0.661792 0.449870 0.660878 0.450521 0.660878 0.451172 0.661792 0.451823 0.661792 0.452474 0.660878 0.453125 0.660878 0.453776 0.659963 0.453776 0.659049 0.454427 0.658135 0.455078 0.657221 0.455729 0.658135 0.455078 0.657221 0.455078 0.656307 0.454427 0.655393 0.453776 0.654479 0.453125 0.653565 0.453125 0.652651 0.453776 0.651737 0.453125 0.652651 0.452474 0.651737 0.451823 0.650823 0.451823 0.649909 0.451823 0.648995 0.451823 0.648080 0.451823 0.647166 0.451823 0.646252 0.451823 0.645338 0.452474 0.644424 0.452474 0.643510 0.452474 0.642596 0.451823 0.641682 0.451172 0.640768 0.450521 0.639854 0.450521 0.638940 0.450521 0.638026 0.450521 0.637112 0.450521 0.636197 0.450521 0.635283 0.449870 0.635283 0.449219 0.635283 0.448568 0.636197 0.447917 0.636197 0.447266 0.636197 0.446615 0.635283 0.445964 0.635283 0.445312 0.636197 0.444661 0.637112 0.444010 0.636197 0.444661 0.637112 0.444010 0.638026 0.443359 0.638940 0.442708 0.638940 0.442057 0.639854 0.441406 0.639854 0.440755 0.639854 0.440104 0.639854 0.439453 0.638940 0.438802 0.638940 0.438151 0.638026 0.437500 0.638026 0.436849 0.637112 0.436198 0.636197 0.436198 0.635283 0.436198 0.634369 0.436849 0.633455 0.436198 0.634369 0.435547 0.633455 0.434896 0.632541 0.435547 0.631627 0.434896 0.632541 0.434245 0.631627
0 0.399740 0.627971 0.399740 0.628885 0.399089 0.629799 0.399089 0.630713 0.398438 0.631627 0.399089 0.632541 0.399089 0.633455 0.399089 0.634369 0.398438 0.635283 0.399089 0.636197 0.398438 0.637112 0.399089 0.636197 0.399740 0.637112 0.400391 0.638026 0.401042 0.638940 0.401693 0.639854 0.402344 0.640768 0.402344 0.641682 0.402995 0.642596 0.403646 0.643510 0.404297 0.643510 0.404948 0.644424 0.405599 0.645338 0.406250 0.645338 0.406901 0.646252 0.407552 0.646252 0.408203 0.647166 0.408854 0.648080 0.408854 0.648995 0.408854 0.649909 0.408854 0.650823 0.408854 0.651737 0.408854 0.652651 0.408203 0.653565 0.408203 0.654479 0.408854 0.655393 0.408854 0.656307 0.408854 0.657221 0.408854 0.658135 0.408854 0.659049 0.408203 0.659963 0.408854 0.659049 0.409505 0.659049 0.410156 0.659963 0.410807 0.659963 0.411458 0.659049 0.412109 0.659963 0.411458 0.659049 0.411458 0.658135 0.412109 0.657221 0.412760 0.656307 0.413411 0.657221 0.412760 0.656307 0.413411 0.655393 0.414062 0.654479 0.414714 0.653565 0.415365 0.652651 0.416016 0.651737 0.416667 0.652651 0.416016 0.651737 0.416016 0.650823 0.416016 0.649909 0.416016 0.648995 0.416016 0.648080 0.416016 0.647166 0.416667 0.646252 0.417318 0.645338 0.417969 0.645338 0.417969 0.644424 0.417969 0.643510 0.417969 0.642596 0.418620 0.641682 0.419271 0.640768 0.419922 0.639854 0.419922 0.638940 0.419922 0.638026 0.419922 0.637112 0.419922 0.636197 0.419922 0.635283 0.419922 0.634369 0.419271 0.633455 0.418620 0.632541 0.419271 0.631627 0.418620 0.632541 0.417969 0.631627 0.417318 0.630713 0.416667 0.629799 0.416016 0.629799 0.415365 0.630713 0.414714 0.630713 0.414062 0.630713 0.413411 0.630713 0.412760 0.631627 0.412109 0.631627 0.411458 0.632541 0.410807 0.631627 0.410156 0.631627 0.409505 0.630713 0.408854 0.629799 0.408203 0.629799 0.407552 0.630713 0.406901 0.630713 0.406250 0.630713 0.405599 0.631627 0.404948 0.631627 0.404297 0.630713 0.403646 0.630713 0.402995 0.629799 0.402344 0.629799 0.401693 0.628885 0.401042 0.628885 0.400391 0.627971
0 0.464844 0.627057 0.464844 0.627971 0.464193 0.628885 0.463542 0.629799 0.462891 0.629799 0.462240 0.630713 0.461589 0.629799 0.462240 0.630713 0.461589 0.631627 0.461589 0.632541 0.460938 0.633455 0.460938 0.634369 0.460286 0.635283 0.459635 0.636197 0.458984 0.635283 0.459635 0.636197 0.459635 0.637112 0.458984 0.638026 0.459635 0.638940 0.459635 0.639854 0.458984 0.640768 0.459635 0.639854 0.460286 0.640768 0.460938 0.641682 0.460938 0.642596 0.461589 0.643510 0.461589 0.644424 0.460938 0.645338 0.461589 0.644424 0.462240 0.645338 0.462891 0.646252 0.463542 0.647166 0.464193 0.648080 0.464193 0.648995 0.464193 0.649909 0.464193 0.650823 0.463542 0.651737 0.462891 0.652651 0.462891 0.653565 0.462240 0.654479 0.462240 0.655393 0.462240 0.656307 0.462240 0.657221 0.462240 0.658135 0.462240 0.659049 0.462891 0.659049 0.463542 0.659049 0.464193 0.659049 0.464844 0.658135 0.465495 0.658135 0.466146 0.657221 0.466797 0.657221 0.467448 0.656307 0.468099 0.656307 0.468750 0.655393 0.469401 0.656307 0.470052 0.656307 0.470703 0.657221 0.471354 0.658135 0.470703 0.659049 0.471354 0.658135 0.472005 0.659049 0.472656 0.659049 0.473307 0.659963 0.473958 0.659049 0.474609 0.659963 0.473958 0.659049 0.474609 0.658135 0.474609 0.657221 0.474609 0.656307 0.474609 0.655393 0.474609 0.654479 0.474609 0.653565 0.475260 0.652651 0.474609 0.653565 0.473958 0.652651 0.473307 0.651737 0.473307 0.650823 0.472656 0.649909 0.472656 0.648995 0.472656 0.648080 0.473307 0.647166 0.473958 0.646252 0.474609 0.647166 0.473958 0.646252 0.473958 0.645338 0.474609 0.644424 0.475260 0.643510 0.475911 0.644424 0.475260 0.643510 0.475260 0.642596 0.475260 0.641682 0.475911 0.640768 0.475260 0.639854 0.474609 0.638940 0.473958 0.638940 0.473307 0.638940 0.472656 0.638940 0.472005 0.638026 0.471354 0.638940 0.470703 0.638940 0.470052 0.638026 0.469401 0.638026 0.468750 0.637112 0.468099 0.636197 0.468099 0.635283 0.468099 0.634369 0.468099 0.633455 0.467448 0.632541 0.467448 0.631627 0.467448 0.630713 0.466797 0.629799 0.466146 0.628885 0.466146 0.627971 0.466797 0.627057 0.466146 0.627971 0.465495 0.627971
0 0.370443 0.626143 0.371094 0.627057 0.371094 0.627971 0.370443 0.628885 0.369792 0.629799 0.369141 0.630713 0.368490 0.630713 0.367839 0.631627 0.367188 0.631627 0.366536 0.631627 0.365885 0.630713 0.365234 0.630713 0.364583 0.630713 0.363932 0.629799 0.363281 0.630713 0.363932 0.631627 0.363932 0.632541 0.363932 0.633455 0.363932 0.634369 0.364583 0.635283 0.364583 0.636197 0.363932 0.637112 0.364583 0.636197 0.365234 0.637112 0.365885 0.638026 0.365885 0.638940 0.365885 0.639854 0.365234 0.640768 0.364583 0.641682 0.363932 0.641682 0.363281 0.642596 0.362630 0.642596 0.361979 0.642596 0.361328 0.642596 0.360677 0.643510 0.360026 0.643510 0.359375 0.643510 0.358724 0.643510 0.358073 0.642596 0.357422 0.642596 0.356771 0.641682 0.356120 0.640768 0.356120 0.639854 0.356771 0.638940 0.356120 0.639854 0.355469 0.638940 0.356120 0.639854 0.355469 0.640768 0.354818 0.641682 0.354167 0.642596 0.353516 0.642596 0.352865 0.643510 0.352214 0.644424 0.351562 0.644424 0.350911 0.645338 0.350260 0.645338 0.349609 0.645338 0.348958 0.644424 0.348307 0.644424 0.347656 0.644424 0.347005 0.643510 0.346354 0.644424 0.345703 0.644424 0.345052 0.645338 0.344401 0.644424 0.345052 0.645338 0.345052 0.646252 0.345052 0.647166 0.345052 0.648080 0.344401 0.648995 0.343750 0.649909 0.343099 0.649909 0.342448 0.650823 0.342448 0.651737 0.341797 0.652651 0.341146 0.652651 0.341146 0.653565 0.340495 0.654479 0.339844 0.655393 0.339193 0.655393 0.338542 0.656307 0.337891 0.655393 0.337240 0.655393 0.336589 0.654479 0.335938 0.654479 0.335286 0.653565 0.334635 0.653565 0.333984 0.652651 0.333333 0.651737 0.333333 0.650823 0.333333 0.649909 0.333333 0.648995 0.333984 0.648080 0.333333 0.648995 0.332682 0.648080 0.332031 0.648080 0.331380 0.648080 0.330729 0.648995 0.330078 0.648995 0.329427 0.649909 0.328776 0.648995 0.328125 0.648995 0.327474 0.648080 0.326823 0.647166 0.327474 0.646252 0.326823 0.647166 0.326172 0.646252 0.325521 0.645338 0.325521 0.644424 0.325521 0.643510 0.325521 0.642596 0.325521 0.641682 0.325521 0.640768 0.325521 0.639854 0.325521 0.638940 0.326172 0.638026 0.325521 0.637112 0.326172 0.636197 0.325521 0.637112 0.324870 0.636197 0.324219 0.635283 0.323568 0.635283 0.322917 0.634369 0.322266 0.633455 0.321615 0.632541 0.320964 0.632541 0.320312 0.632541 0.319661 0.632541 0.319010 0.631627 0.319010 0.632541 0.318359 0.633455 0.317708 0.634369 0.317057 0.634369 0.316406 0.635283 0.315755 0.635283 0.315104 0.635283 0.314453 0.636197 0.313802 0.636197 0.313151 0.636197 0.312500 0.635283 0.313151 0.636197 0.312500 0.637112 0.312500 0.638026 0.311849 0.638940 0.311198 0.639854 0.311198 0.640768 0.311198 0.641682 0.311198 0.642596 0.310547 0.643510 0.310547 0.644424 0.310547 0.645338 0.309896 0.646252 0.310547 0.645338 0.311198 0.646252 0.311849 0.647166 0.311849 0.648080 0.311198 0.648995 0.311849 0.648080 0.312500 0.648995 0.313151 0.649909 0.313151 0.650823 0.313151 0.651737 0.313151 0.652651 0.313802 0.653565 0.313802 0.654479 0.313802 0.655393 0.313151 0.656307 0.313151 0.657221 0.313151 0.658135 0.313151 0.659049 0.313151 0.659963 0.313802 0.660878 0.313802 0.661792 0.313802 0.662706 0.314453 0.663620 0.314453 0.664534 0.315104 0.665448 0.315755 0.666362 0.315755 0.667276 0.316406 0.668190 0.316406 0.669104 0.316406 0.670018 0.317057 0.670932 0.317057 0.671846 0.317057 0.672761 0.317708 0.672761 0.318359 0.673675 0.319010 0.674589 0.319661 0.674589 0.320312 0.674589 0.320964 0.675503 0.321615 0.674589 0.322266 0.675503 0.322917 0.674589 0.322266 0.675503 0.321615 0.674589 0.320964 0.673675 0.321615 0.672761 0.320964 0.673675 0.320312 0.672761 0.319661 0.671846 0.319661 0.670932 0.319661 0.670018 0.320312 0.669104 0.320312 0.668190 0.320312 0.667276 0.320964 0.666362 0.321615 0.665448 0.322266 0.665448 0.322917 0.664534 0.323568 0.664534 0.324219 0.664534 0.324870 0.664534 0.325521 0.665448 0.324870 0.664534 0.324870 0.663620 0.325521 0.662706 0.326172 0.661792 0.326823 0.660878 0.327474 0.659963 0.328125 0.659049 0.328776 0.658135 0.329427 0.658135 0.330078 0.657221 0.330729 0.657221 0.331380 0.658135 0.331380 0.659049 0.332031 0.659963 0.332682 0.660878 0.332682 0.661792 0.332682 0.662706 0.332682 0.663620 0.332031 0.664534 0.331380 0.665448 0.330729 0.666362 0.330078 0.667276 0.329427 0.666362 0.330078 0.667276 0.330078 0.668190 0.330078 0.669104 0.329427 0.670018 0.328776 0.670932 0.329427 0.671846 0.330078 0.671846 0.330729 0.671846 0.331380 0.671846 0.332031 0.672761 0.332682 0.672761 0.333333 0.673675 0.333984 0.674589 0.334635 0.675503 0.334635 0.676417 0.334635 0.675503 0.333984 0.674589 0.334635 0.673675 0.334635 0.672761 0.335286 0.671846 0.335938 0.670932 0.336589 0.670932 0.337240 0.670018 0.337891 0.670932 0.338542 0.670932 0.339193 0.671846 0.339844 0.671846 0.340495 0.670932 0.341146 0.670932 0.341797 0.671846 0.342448 0.672761 0.343099 0.673675 0.343750 0.674589 0.343750 0.675503 0.343750 0.674589 0.344401 0.673675 0.345052 0.673675 0.344401 0.673675 0.343750 0.672761 0.343099 0.672761 0.342448 0.672761 0.341797 0.671846 0.341797 0.670932 0.341797 0.670018 0.341797 0.669104 0.341797 0.668190 0.341797 0.667276 0.341797 0.666362 0.342448 0.665448 0.343099 0.664534 0.343750 0.665448 0.343099 0.664534 0.343099 0.663620 0.343099 0.662706 0.343099 0.661792 0.343750 0.660878 0.343750 0.659963 0.343750 0.659049 0.344401 0.658135 0.343750 0.657221 0.343750 0.656307 0.343750 0.655393 0.344401 0.654479 0.345052 0.654479 0.345703 0.654479 0.346354 0.653565 0.347005 0.654479 0.347656 0.654479 0.348307 0.655393 0.348307 0.656307 0.348307 0.657221 0.347656 0.658135 0.348307 0.659049 0.348307 0.659963 0.348307 0.660878 0.348307 0.661792 0.348958 0.662706 0.349609 0.663620 0.349609 0.664534 0.349609 0.665448 0.349609 0.666362 0.348958 0.667276 0.349609 0.666362 0.350260 0.667276 0.350911 0.667276 0.351562 0.666362 0.352214 0.665448 0.352865 0.664534 0.353516 0.665448 0.352865 0.664534 0.353516 0.663620 0.354167 0.662706 0.353516 0.663620 0.352865 0.662706 0.352214 0.661792 0.352214 0.660878 0.352214 0.659963 0.352865 0.659049 0.352865 0.658135 0.353516 0.657221 0.354167 0.656307 0.354818 0.656307 0.355469 0.655393 0.356120 0.656307 0.356771 0.656307 0.357422 0.657221 0.358073 0.658135 0.357422 0.659049 0.358073 0.658135 0.358724 0.659049 0.359375 0.659049 0.360026 0.659963 0.360677 0.660878 0.361328 0.661792 0.361979 0.662706 0.361979 0.663620 0.362630 0.663620 0.363281 0.664534 0.363932 0.664534 0.364583 0.663620 0.365234 0.662706 0.365885 0.662706 0.366536 0.661792 0.367188 0.661792 0.367839 0.661792 0.368490 0.661792 0.369141 0.661792 0.369792 0.662706 0.370443 0.662706 0.371094 0.663620 0.371745 0.664534 0.371745 0.665448 0.371745 0.666362 0.371745 0.667276 0.371094 0.668190 0.370443 0.669104 0.371094 0.669104 0.371094 0.668190 0.371745 0.667276 0.372396 0.667276 0.373047 0.667276 0.373698 0.668190 0.373047 0.667276 0.373698 0.666362 0.374349 0.665448 0.375000 0.666362 0.374349 0.665448 0.374349 0.664534 0.375000 0.663620 0.374349 0.662706 0.374349 0.661792 0.374349 0.660878 0.375000 0.659963 0.375651 0.659049 0.376302 0.659963 0.375651 0.659049 0.375651 0.658135 0.376302 0.657221 0.376302 0.656307 0.376953 0.655393 0.377604 0.654479 0.377604 0.653565 0.377604 0.652651 0.377604 0.651737 0.378255 0.650823 0.377604 0.651737 0.376953 0.651737 0.376302 0.651737 0.375651 0.652651 0.375000 0.652651 0.374349 0.653565 0.373698 0.652651 0.373047 0.652651 0.372396 0.651737 0.371745 0.650823 0.371745 0.649909 0.371745 0.648995 0.371745 0.648080 0.371745 0.647166 0.371745 0.646252 0.372396 0.645338 0.372396 0.644424 0.373047 0.643510 0.373698 0.642596 0.374349 0.641682 0.375000 0.641682 0.375651 0.640768 0.376302 0.641682 0.376953 0.641682 0.377604 0.642596 0.378255 0.643510 0.378255 0.644424 0.378906 0.644424 0.379557 0.645338 0.379557 0.644424 0.380208 0.643510 0.380859 0.642596 0.381510 0.642596 0.382161 0.641682 0.382812 0.641682 0.383464 0.640768 0.384115 0.641682 0.384766 0.641682 0.385417 0.642596 0.386068 0.643510 0.386068 0.644424 0.386068 0.645338 0.385417 0.646252 0.386068 0.647166 0.386068 0.648080 0.386068 0.648995 0.386719 0.649909 0.386719 0.650823 0.386719 0.651737 0.386719 0.652651 0.386719 0.653565 0.386719 0.654479 0.386719 0.655393 0.386068 0.656307 0.385417 0.657221 0.384766 0.657221 0.384115 0.658135 0.383464 0.658135 0.382812 0.657221 0.383464 0.658135 0.382812 0.659049 0.382161 0.659963 0.381510 0.659963 0.380859 0.660878 0.380859 0.661792 0.380859 0.662706 0.380208 0.663620 0.380859 0.662706 0.381510 0.663620 0.382161 0.663620 0.382812 0.664534 0.383464 0.664534 0.384115 0.664534 0.384766 0.665448 0.385417 0.665448 0.386068 0.666362 0.386719 0.665448 0.387370 0.665448 0.388021 0.665448 0.388672 0.664534 0.389323 0.664534 0.389974 0.663620 0.390625 0.663620 0.391276 0.662706 0.391927 0.662706 0.392578 0.662706 0.393229 0.662706 0.393880 0.662706 0.394531 0.663620 0.395182 0.663620 0.395833 0.664534 0.396484 0.665448 0.396484 0.666362 0.396484 0.667276 0.396484 0.668190 0.396484 0.669104 0.395833 0.670018 0.395182 0.670932 0.394531 0.671846 0.393880 0.671846 0.393229 0.672761 0.392578 0.672761 0.392578 0.673675 0.391927 0.674589 0.391927 0.675503 0.392578 0.676417 0.393229 0.676417 0.393880 0.675503 0.394531 0.675503 0.395182 0.674589 0.395833 0.674589 0.396484 0.673675 0.397135 0.674589 0.397786 0.674589 0.398438 0.675503 0.399089 0.676417 0.398438 0.677331 0.399089 0.676417 0.399740 0.676417 0.400391 0.676417 0.401042 0.677331 0.400391 0.676417 0.401042 0.675503 0.400391 0.675503 0.399740 0.674589 0.399089 0.673675 0.398438 0.672761 0.398438 0.671846 0.398438 0.670932 0.399089 0.670018 0.399089 0.669104 0.399740 0.668190 0.400391 0.667276 0.401042 0.668190 0.400391 0.667276 0.401042 0.666362 0.401693 0.665448 0.402344 0.666362 0.401693 0.665448 0.401693 0.664534 0.401042 0.663620 0.401042 0.662706 0.401042 0.661792 0.401042 0.660878 0.401693 0.659963 0.401042 0.659049 0.401042 0.658135 0.400391 0.657221 0.400391 0.656307 0.401042 0.655393 0.401042 0.654479 0.401042 0.655393 0.400391 0.656307 0.399740 0.655393 0.399089 0.655393 0.398438 0.656307 0.397786 0.655393 0.397135 0.655393 0.396484 0.654479 0.395833 0.654479 0.395182 0.653565 0.394531 0.652651 0.394531 0.651737 0.394531 0.650823 0.394531 0.649909 0.394531 0.648995 0.394531 0.648080 0.394531 0.647166 0.394531 0.646252 0.394531 0.645338 0.393880 0.644424 0.393880 0.643510 0.393229 0.642596 0.393880 0.641682 0.393229 0.642596 0.392578 0.643510 0.391927 0.642596 0.391276 0.642596 0.390625 0.641682 0.389974 0.641682 0.389323 0.640768 0.388672 0.639854 0.388672 0.638940 0.389323 0.638026 0.388672 0.638940 0.388021 0.638026 0.387370 0.638026 0.386719 0.637112 0.387370 0.638026 0.386719 0.638940 0.386068 0.639854 0.385417 0.640768 0.384766 0.640768 0.384115 0.641682 0.383464 0.640768 0.382812 0.640768 0.382161 0.639854 0.381510 0.638940 0.380859 0.638026 0.380859 0.637112 0.380859 0.636197 0.380859 0.635283 0.380859 0.634369 0.381510 0.633455 0.381510 0.632541 0.381510 0.631627 0.381510 0.630713 0.381510 0.629799 0.381510 0.628885 0.381510 0.627971 0.380859 0.627971 0.380208 0.627057 0.379557 0.627971 0.378906 0.627971 0.378255 0.628885 0.377604 0.628885 0.376953 0.628885 0.376302 0.628885 0.375651 0.627971 0.375000 0.627971 0.374349 0.627057 0.373698 0.627057 0.373047 0.626143 0.372396 0.626143 0.371745 0.626143 0.371094 0.627057
0 0.747396 0.625229 0.748047 0.626143 0.748047 0.627057 0.748047 0.627971 0.747396 0.628885 0.746745 0.629799 0.746745 0.630713 0.746745 0.631627 0.746094 0.632541 0.746745 0.633455 0.746745 0.634369 0.746745 0.635283 0.746745 0.636197 0.746745 0.637112 0.746745 0.638026 0.746094 0.638940 0.746745 0.638026 0.747396 0.638940 0.748047 0.638940 0.748698 0.639854 0.749349 0.640768 0.750000 0.641682 0.750651 0.641682 0.751302 0.640768 0.751953 0.639854 0.752604 0.639854 0.753255 0.638940 0.753906 0.638940 0.754557 0.638026 0.755208 0.638940 0.755859 0.638940 0.756510 0.639854 0.757161 0.639854 0.757812 0.640768 0.757161 0.641682 0.757161 0.642596 0.757812 0.643510 0.757812 0.644424 0.757812 0.645338 0.757812 0.646252 0.758464 0.647166 0.758464 0.648080 0.758464 0.648995 0.758464 0.649909 0.758464 0.650823 0.759115 0.651737 0.759115 0.652651 0.759115 0.653565 0.759115 0.654479 0.758464 0.655393 0.758464 0.656307 0.757812 0.657221 0.757161 0.658135 0.757161 0.659049 0.757161 0.659963 0.757161 0.660878 0.757161 0.661792 0.757161 0.662706 0.756510 0.663620 0.756510 0.664534 0.755859 0.665448 0.756510 0.666362 0.755859 0.667276 0.756510 0.666362 0.757161 0.667276 0.757812 0.667276 0.758464 0.668190 0.759115 0.669104 0.759766 0.669104 0.760417 0.669104 0.761068 0.668190 0.761719 0.668190 0.762370 0.667276 0.763021 0.667276 0.763672 0.667276 0.764323 0.667276 0.764974 0.666362 0.765625 0.666362 0.766276 0.665448 0.766927 0.665448 0.767578 0.665448 0.768229 0.665448 0.768880 0.665448 0.769531 0.666362 0.768880 0.665448 0.768880 0.664534 0.769531 0.663620 0.770182 0.662706 0.770833 0.663620 0.770182 0.662706 0.769531 0.661792 0.769531 0.660878 0.769531 0.659963 0.769531 0.659049 0.769531 0.658135 0.769531 0.657221 0.768880 0.656307 0.768880 0.655393 0.768229 0.654479 0.768229 0.653565 0.768229 0.652651 0.768229 0.651737 0.768229 0.650823 0.768229 0.649909 0.767578 0.648995 0.766927 0.648080 0.766276 0.647166 0.765625 0.646252 0.765625 0.645338 0.766276 0.644424 0.765625 0.645338 0.764974 0.644424 0.764323 0.643510 0.764974 0.642596 0.764323 0.643510 0.763672 0.642596 0.763021 0.642596 0.762370 0.641682 0.761719 0.640768 0.762370 0.639854 0.761719 0.640768 0.761068 0.639854 0.760417 0.638940 0.760417 0.638026 0.760417 0.637112 0.759766 0.636197 0.760417 0.635283 0.761068 0.635283 0.760417 0.635283 0.759766 0.635283 0.759115 0.634369 0.758464 0.635283 0.757812 0.634369 0.757161 0.634369 0.756510 0.633455 0.755859 0.634369 0.755208 0.633455 0.754557 0.633455 0.753906 0.632541 0.753255 0.631627 0.753255 0.630713 0.753906 0.629799 0.753255 0.630713 0.752604 0.629799 0.751953 0.628885 0.751302 0.627971 0.751302 0.627057 0.751953 0.626143 0.751302 0.627057 0.750651 0.626143 0.750000 0.626143 0.749349 0.626143 0.748698 0.626143 0.748047 0.626143
0 0.721354 0.617916 0.720703 0.618830 0.720052 0.618830 0.720052 0.619744 0.719401 0.620658 0.718750 0.621572 0.719401 0.622486 0.719401 0.623400 0.719401 0.624314 0.719401 0.625229 0.719401 0.626143 0.719401 0.627057 0.719401 0.627971 0.718750 0.628885 0.718099 0.629799 0.717448 0.629799 0.716797 0.630713 0.716146 0.630713 0.715495 0.630713 0.714844 0.631627 0.714193 0.630713 0.713542 0.631627 0.712891 0.631627 0.712240 0.632541 0.712240 0.633455 0.712240 0.634369 0.712240 0.635283 0.712240 0.636197 0.712240 0.637112 0.711589 0.638026 0.712240 0.637112 0.712891 0.638026 0.713542 0.638940 0.714193 0.639854 0.714844 0.640768 0.714844 0.641682 0.714193 0.642596 0.714844 0.643510 0.714844 0.644424 0.714193 0.645338 0.713542 0.646252 0.713542 0.647166 0.713542 0.648080 0.713542 0.648995 0.713542 0.649909 0.713542 0.650823 0.712891 0.651737 0.712240 0.652651 0.711589 0.653565 0.710938 0.652651 0.711589 0.653565 0.710938 0.654479 0.710286 0.654479 0.709635 0.654479 0.708984 0.654479 0.708333 0.653565 0.707682 0.653565 0.707031 0.652651 0.706380 0.652651 0.705729 0.652651 0.705078 0.652651 0.704427 0.653565 0.703776 0.653565 0.703125 0.652651 0.702474 0.652651 0.701823 0.653565 0.701172 0.653565 0.700521 0.654479 0.699870 0.654479 0.699219 0.655393 0.698568 0.655393 0.697917 0.655393 0.697266 0.656307 0.696615 0.657221 0.695964 0.657221 0.695312 0.658135 0.694661 0.658135 0.694010 0.658135 0.693359 0.657221 0.692708 0.658135 0.692057 0.659049 0.691406 0.659049 0.690755 0.659963 0.690755 0.660878 0.690104 0.661792 0.689453 0.662706 0.688802 0.662706 0.688151 0.663620 0.687500 0.663620 0.686849 0.663620 0.686198 0.663620 0.685547 0.663620 0.684896 0.662706 0.684245 0.663620 0.683594 0.664534 0.682943 0.663620 0.683594 0.664534 0.682943 0.665448 0.682943 0.666362 0.682292 0.667276 0.682292 0.668190 0.682292 0.669104 0.682292 0.670018 0.681641 0.670932 0.681641 0.671846 0.682292 0.671846 0.682943 0.672761 0.683594 0.671846 0.684245 0.671846 0.684245 0.670932 0.684896 0.670018 0.685547 0.669104 0.686198 0.668190 0.686849 0.668190 0.687500 0.667276 0.688151 0.668190 0.688802 0.668190 0.689453 0.669104 0.690104 0.670018 0.690755 0.670932 0.690755 0.671846 0.690755 0.672761 0.690755 0.673675 0.690104 0.674589 0.689453 0.675503 0.689453 0.676417 0.689453 0.677331 0.690104 0.677331 0.690755 0.677331 0.691406 0.677331 0.692057 0.678245 0.692708 0.677331 0.693359 0.678245 0.694010 0.678245 0.694661 0.679159 0.695312 0.679159 0.695964 0.680073 0.696615 0.680987 0.697266 0.681901 0.697917 0.681901 0.698568 0.680987 0.699219 0.680987 0.699870 0.681901 0.700521 0.680987 0.701172 0.681901 0.701172 0.682815 0.701823 0.683729 0.701823 0.684644 0.702474 0.685558 0.701823 0.686472 0.702474 0.685558 0.703125 0.686472 0.703776 0.687386 0.704427 0.688300 0.705078 0.689214 0.705078 0.690128 0.705078 0.691042 0.704427 0.691956 0.703776 0.692870 0.703125 0.692870 0.702474 0.693784 0.701823 0.693784 0.701172 0.692870 0.700521 0.692870 0.699870 0.692870 0.699219 0.692870 0.698568 0.692870 0.697917 0.692870 0.697266 0.693784 0.696615 0.693784 0.695964 0.693784 0.695312 0.693784 0.694661 0.692870 0.694010 0.692870 0.693359 0.691956 0.692708 0.691956 0.692057 0.691042 0.691406 0.691956 0.690755 0.691042 0.690104 0.691042 0.689453 0.691042 0.688802 0.691042 0.688151 0.691956 0.687500 0.691042 0.686849 0.691956 0.686198 0.691042 0.685547 0.691956 0.684896 0.691956 0.684245 0.691956 0.683594 0.692870 0.682943 0.692870 0.682292 0.692870 0.681641 0.691956 0.680990 0.691956 0.680339 0.691042 0.679688 0.691042 0.679036 0.691042 0.678385 0.691042 0.677734 0.691956 0.677083 0.691956 0.676432 0.691956 0.675781 0.691956 0.675130 0.691956 0.674479 0.691956 0.673828 0.691956 0.673177 0.691956 0.672526 0.691956 0.671875 0.691956 0.671224 0.691042 0.670573 0.691042 0.669922 0.691956 0.669271 0.691956 0.668620 0.691956 0.667969 0.691042 0.667318 0.691042 0.666667 0.690128 0.666016 0.690128 0.665365 0.690128 0.664714 0.690128 0.664062 0.690128 0.663411 0.689214 0.664062 0.690128 0.663411 0.691042 0.662760 0.691956 0.662109 0.691956 0.661458 0.692870 0.660807 0.691956 0.660156 0.691956 0.659505 0.691956 0.658854 0.691042 0.658203 0.691956 0.657552 0.691042 0.656901 0.691042 0.656250 0.691042 0.655599 0.691956 0.654948 0.691956 0.654297 0.691042 0.653646 0.691042 0.652995 0.691042 0.652344 0.691956 0.651693 0.691042 0.651042 0.691042 0.650391 0.690128 0.649740 0.690128 0.649089 0.689214 0.648438 0.689214 0.647786 0.689214 0.647135 0.689214 0.646484 0.690128 0.645833 0.690128 0.645182 0.690128 0.644531 0.689214 0.643880 0.689214 0.643229 0.688300 0.642578 0.687386 0.641927 0.686472 0.642578 0.685558 0.641927 0.686472 0.641276 0.685558 0.640625 0.684644 0.639974 0.684644 0.639323 0.685558 0.638672 0.685558 0.638021 0.686472 0.637370 0.686472 0.636719 0.686472 0.636068 0.687386 0.635417 0.687386 0.634766 0.688300 0.634115 0.688300 0.633464 0.689214 0.632812 0.688300 0.632161 0.688300 0.631510 0.687386 0.630859 0.687386 0.630208 0.687386 0.629557 0.687386 0.628906 0.687386 0.628255 0.687386 0.627604 0.687386 0.626953 0.688300 0.626302 0.688300 0.625651 0.689214 0.625000 0.690128 0.624349 0.690128 0.623698 0.691042 0.623047 0.691042 0.622396 0.691042 0.621745 0.691042 0.621094 0.691956 0.620443 0.691042 0.619792 0.691956 0.619141 0.691956 0.618490 0.691956 0.617839 0.691042 0.617188 0.691042 0.616536 0.690128 0.615885 0.689214 0.615234 0.689214 0.614583 0.689214 0.613932 0.689214 0.613281 0.689214 0.612630 0.689214 0.611979 0.689214 0.611328 0.689214 0.610677 0.689214 0.610026 0.689214 0.609375 0.689214 0.608724 0.688300 0.608073 0.689214 0.607422 0.689214 0.606771 0.689214 0.606120 0.688300 0.605469 0.688300 0.604818 0.688300 0.604167 0.688300 0.603516 0.687386 0.602865 0.688300 0.602214 0.689214 0.601562 0.689214 0.600911 0.690128 0.600260 0.690128 0.599609 0.689214 0.598958 0.690128 0.598307 0.689214 0.597656 0.688300 0.597005 0.687386 0.596354 0.687386 0.597005 0.687386 0.597656 0.688300 0.598307 0.689214 0.598307 0.690128 0.597656 0.691042 0.597005 0.691956 0.596354 0.691042 0.597005 0.691956 0.596354 0.692870 0.595703 0.693784 0.595052 0.693784 0.594401 0.694698 0.593750 0.693784 0.593099 0.694698 0.592448 0.693784 0.591797 0.693784 0.591146 0.693784 0.590495 0.692870 0.589844 0.693784 0.589193 0.693784 0.588542 0.694698 0.587891 0.693784 0.587240 0.693784 0.586589 0.692870 0.585938 0.692870 0.585286 0.692870 0.584635 0.692870 0.583984 0.691956 0.583333 0.691956 0.582682 0.691956 0.582031 0.692870 0.581380 0.691956 0.580729 0.691956 0.580078 0.691042 0.579427 0.691042 0.578776 0.690128 0.578125 0.690128 0.577474 0.689214 0.576823 0.689214 0.576172 0.688300 0.575521 0.688300 0.574870 0.687386 0.574219 0.688300 0.573568 0.687386 0.572917 0.687386 0.572266 0.686472 0.571615 0.685558 0.572266 0.684644 0.571615 0.685558 0.570964 0.686472 0.570312 0.686472 0.569661 0.686472 0.569010 0.687386 0.568359 0.688300 0.567708 0.689214 0.567057 0.689214 0.566406 0.690128 0.565755 0.690128 0.565104 0.689214 0.564453 0.689214 0.563802 0.689214 0.563151 0.689214 0.562500 0.690128 0.561849 0.690128 0.561198 0.690128 0.560547 0.689214 0.559896 0.689214 0.559245 0.688300 0.558594 0.688300 0.557943 0.688300 0.557292 0.688300 0.556641 0.687386 0.555990 0.687386 0.555339 0.686472 0.554688 0.686472 0.554036 0.686472 0.553385 0.687386 0.552734 0.687386 0.552083 0.688300 0.551432 0.688300 0.550781 0.689214 0.550130 0.689214 0.549479 0.690128 0.548828 0.690128 0.548177 0.689214 0.547526 0.689214 0.546875 0.689214 0.546224 0.690128 0.545573 0.691042 0.544922 0.691042 0.544271 0.691956 0.544271 0.692870 0.543620 0.693784 0.542969 0.694698 0.542318 0.694698 0.541667 0.695612 0.541016 0.694698 0.540365 0.694698 0.539714 0.693784 0.539062 0.693784 0.538411 0.692870 0.537760 0.691956 0.538411 0.691042 0.537760 0.691956 0.537109 0.691042 0.536458 0.690128 0.536458 0.689214 0.536458 0.688300 0.536458 0.687386 0.537109 0.686472 0.536458 0.687386 0.535807 0.686472 0.535156 0.686472 0.534505 0.685558 0.533854 0.684644 0.533203 0.683729 0.533203 0.682815 0.533203 0.681901 0.533854 0.680987 0.533854 0.680073 0.533854 0.680987 0.533203 0.681901 0.532552 0.680987 0.531901 0.680987 0.531250 0.680073 0.530599 0.680073 0.529948 0.679159 0.529948 0.678245 0.529297 0.678245 0.528646 0.677331 0.528646 0.678245 0.527995 0.679159 0.528646 0.679159 0.529297 0.680073 0.529948 0.679159 0.530599 0.680073 0.531250 0.680987 0.531250 0.681901 0.531901 0.682815 0.531901 0.683729 0.531901 0.684644 0.531901 0.685558 0.531901 0.686472 0.531250 0.687386 0.531901 0.686472 0.532552 0.685558 0.533203 0.686472 0.533854 0.685558 0.534505 0.686472 0.535156 0.686472 0.535807 0.687386 0.536458 0.688300 0.536458 0.689214 0.535807 0.690128 0.535156 0.691042 0.535156 0.691956 0.534505 0.692870 0.533854 0.692870 0.533203 0.693784 0.532552 0.693784 0.531901 0.693784 0.531250 0.694698 0.530599 0.693784 0.529948 0.693784 0.529297 0.693784 0.528646 0.694698 0.527995 0.693784 0.527344 0.694698 0.526693 0.694698 0.526042 0.694698 0.525391 0.693784 0.524740 0.693784 0.524089 0.692870 0.523438 0.692870 0.522786 0.691956 0.522135 0.691042 0.522135 0.690128 0.522135 0.689214 0.522786 0.688300 0.522135 0.687386 0.522135 0.686472 0.521484 0.686472 0.520833 0.685558 0.520182 0.684644 0.520833 0.683729 0.520182 0.684644 0.519531 0.683729 0.518880 0.682815 0.518229 0.681901 0.518880 0.680987 0.518229 0.681901 0.517578 0.681901 0.516927 0.681901 0.516276 0.681901 0.515625 0.682815 0.514974 0.681901 0.514974 0.680987 0.514323 0.680987 0.513672 0.681901 0.514323 0.681901 0.514974 0.681901 0.515625 0.682815 0.515625 0.683729 0.515625 0.684644 0.514974 0.685558 0.515625 0.684644 0.516276 0.685558 0.516927 0.686472 0.516927 0.687386 0.516927 0.688300 0.516927 0.689214 0.516276 0.690128 0.515625 0.691042 0.514974 0.691042 0.514323 0.691956 0.513672 0.691956 0.513021 0.691956 0.512370 0.691042 0.511719 0.691956 0.511068 0.691042 0.510417 0.691042 0.509766 0.690128 0.509115 0.690128 0.508464 0.689214 0.507812 0.689214 0.507161 0.688300 0.506510 0.687386 0.505859 0.687386 0.505208 0.686472 0.504557 0.685558 0.505208 0.684644 0.504557 0.684644 0.504557 0.685558 0.505208 0.686472 0.505208 0.687386 0.505208 0.688300 0.504557 0.689214 0.503906 0.690128 0.503255 0.691042 0.502604 0.691956 0.501953 0.691956 0.501302 0.692870 0.500651 0.691956 0.500000 0.691956 0.499349 0.691042 0.498698 0.691042 0.498047 0.690128 0.497396 0.691042 0.496745 0.690128 0.496094 0.690128 0.495443 0.691042 0.494792 0.691042 0.494141 0.691042 0.493490 0.691042 0.492839 0.691956 0.492188 0.691042 0.492839 0.691956 0.492188 0.692870 0.491536 0.693784 0.490885 0.693784 0.490234 0.694698 0.489583 0.694698 0.488932 0.693784 0.488281 0.693784 0.487630 0.693784 0.486979 0.692870 0.486328 0.692870 0.485677 0.692870 0.485677 0.693784 0.485677 0.694698 0.485026 0.695612 0.484375 0.694698 0.484375 0.693784 0.484375 0.692870 0.484375 0.691956 0.483724 0.691956 0.483073 0.691042 0.482422 0.690128 0.483073 0.689214 0.482422 0.690128 0.481771 0.689214 0.481120 0.688300 0.481771 0.687386 0.481120 0.688300 0.480469 0.689214 0.479818 0.689214 0.479167 0.690128 0.478516 0.690128 0.477865 0.690128 0.477214 0.690128 0.476562 0.690128 0.475911 0.690128 0.475260 0.691042 0.474609 0.691042 0.473958 0.691956 0.473307 0.691042 0.473958 0.691956 0.473307 0.692870 0.472656 0.693784 0.472005 0.694698 0.471354 0.694698 0.470703 0.695612 0.470052 0.695612 0.469401 0.694698 0.468750 0.694698 0.468099 0.694698 0.467448 0.693784 0.466797 0.693784 0.466146 0.694698 0.465495 0.694698 0.464844 0.693784 0.464193 0.693784 0.463542 0.692870 0.462891 0.691956 0.462891 0.691042 0.462240 0.691042 0.461589 0.691956 0.460938 0.691956 0.460286 0.692870 0.459635 0.692870 0.458984 0.691956 0.458333 0.692870 0.457682 0.692870 0.457031 0.692870 0.456380 0.693784 0.455729 0.693784 0.455078 0.693784 0.454427 0.693784 0.453776 0.692870 0.453125 0.692870 0.452474 0.693784 0.451823 0.693784 0.451172 0.692870 0.450521 0.692870 0.449870 0.691956 0.449219 0.691956 0.448568 0.691042 0.447917 0.691042 0.447266 0.691956 0.446615 0.691042 0.445964 0.691042 0.445312 0.690128 0.444661 0.691042 0.444010 0.691042 0.443359 0.691042 0.442708 0.691042 0.442057 0.691042 0.441406 0.691956 0.440755 0.692870 0.440104 0.692870 0.439453 0.693784 0.438802 0.693784 0.438151 0.694698 0.437500 0.693784 0.436849 0.693784 0.436198 0.693784 0.435547 0.692870 0.434896 0.693784 0.434245 0.693784 0.433594 0.693784 0.432943 0.692870 0.432292 0.692870 0.431641 0.692870 0.430990 0.692870 0.430339 0.692870 0.429688 0.691956 0.429036 0.691956 0.428385 0.692870 0.427734 0.692870 0.427083 0.693784 0.426432 0.693784 0.425781 0.694698 0.425130 0.695612 0.424479 0.695612 0.423828 0.696527 0.423177 0.695612 0.422526 0.695612 0.421875 0.694698 0.421224 0.694698 0.420573 0.694698 0.419922 0.694698 0.419271 0.695612 0.418620 0.696527 0.417969 0.697441 0.417318 0.697441 0.416667 0.698355 0.416016 0.698355 0.415365 0.697441 0.414714 0.697441 0.414062 0.696527 0.413411 0.695612 0.412760 0.694698 0.412109 0.693784 0.412760 0.692870 0.412109 0.693784 0.412760 0.694698 0.412760 0.695612 0.412760 0.696527 0.412109 0.697441 0.411458 0.698355 0.410807 0.699269 0.410156 0.699269 0.409505 0.700183 0.408854 0.699269 0.408203 0.699269 0.407552 0.699269 0.406901 0.699269 0.406250 0.698355 0.405599 0.698355 0.404948 0.697441 0.404297 0.697441 0.403646 0.696527 0.402995 0.695612 0.402995 0.694698 0.402344 0.693784 0.401693 0.693784 0.401042 0.694698 0.400391 0.693784 0.399740 0.693784 0.399089 0.693784 0.398438 0.694698 0.397786 0.694698 0.397135 0.695612 0.396484 0.695612 0.395833 0.696527 0.395182 0.696527 0.394531 0.696527 0.393880 0.695612 0.393229 0.695612 0.392578 0.694698 0.391927 0.694698 0.391276 0.693784 0.390625 0.692870 0.389974 0.691956 0.389323 0.691956 0.388672 0.691042 0.388021 0.691042 0.387370 0.691042 0.386719 0.691042 0.386068 0.691042 0.385417 0.691956 0.384766 0.691956 0.384115 0.691042 0.383464 0.691042 0.382812 0.690128 0.382161 0.690128 0.381510 0.689214 0.380859 0.688300 0.381510 0.687386 0.380859 0.688300 0.381510 0.689214 0.380859 0.690128 0.380208 0.691042 0.379557 0.691956 0.378906 0.692870 0.378255 0.693784 0.377604 0.693784 0.376953 0.694698 0.376302 0.693784 0.375651 0.693784 0.375000 0.692870 0.374349 0.692870 0.373698 0.692870 0.373047 0.692870 0.372396 0.692870 0.371745 0.691956 0.371094 0.691956 0.370443 0.691042 0.371094 0.691956 0.370443 0.692870 0.370443 0.693784 0.369792 0.694698 0.369141 0.695612 0.368490 0.695612 0.367839 0.696527 0.367188 0.696527 0.366536 0.695612 0.365885 0.695612 0.365234 0.696527 0.364583 0.696527 0.363932 0.696527 0.363281 0.695612 0.363932 0.696527 0.363281 0.697441 0.362630 0.697441 0.361979 0.698355 0.361328 0.697441 0.361979 0.698355 0.361979 0.699269 0.361979 0.700183 0.361328 0.701097 0.360677 0.702011 0.360026 0.702925 0.359375 0.702925 0.358724 0.703839 0.358073 0.702925 0.357422 0.703839 0.356771 0.703839 0.356120 0.703839 0.355469 0.704753 0.354818 0.704753 0.354818 0.705667 0.354818 0.706581 0.354167 0.707495 0.353516 0.706581 0.353516 0.705667 0.353516 0.704753 0.352865 0.704753 0.352214 0.703839 0.351562 0.702925 0.350911 0.702011 0.350260 0.701097 0.350260 0.700183 0.350911 0.699269 0.350260 0.700183 0.349609 0.699269 0.348958 0.699269 0.348307 0.698355 0.347656 0.697441 0.347656 0.696527 0.347656 0.695612 0.347656 0.694698 0.348307 0.693784 0.347656 0.693784 0.347005 0.692870 0.346354 0.691956 0.345703 0.691042 0.345703 0.690128 0.345703 0.689214 0.345703 0.688300 0.346354 0.687386 0.347005 0.686472 0.347656 0.686472 0.347005 0.685558 0.347005 0.686472 0.346354 0.687386 0.345703 0.687386 0.345052 0.687386 0.344401 0.687386 0.343750 0.688300 0.343099 0.688300 0.343099 0.689214 0.343099 0.690128 0.342448 0.691042 0.341797 0.691956 0.341146 0.691956 0.340495 0.692870 0.339844 0.691956 0.339193 0.691956 0.338542 0.691042 0.337891 0.691042 0.337240 0.690128 0.336589 0.689214 0.337240 0.688300 0.336589 0.689214 0.335938 0.690128 0.335286 0.690128 0.334635 0.690128 0.333984 0.690128 0.333333 0.690128 0.332682 0.690128 0.332031 0.690128 0.331380 0.691042 0.330729 0.691042 0.330078 0.691042 0.329427 0.691042 0.328776 0.690128 0.328125 0.690128 0.327474 0.691042 0.326823 0.691042 0.326172 0.691956 0.325521 0.691956 0.324870 0.692870 0.324219 0.692870 0.323568 0.692870 0.322917 0.692870 0.322266 0.692870 0.321615 0.692870 0.320964 0.692870 0.320312 0.691956 0.319661 0.691956 0.319010 0.691042 0.318359 0.690128 0.317708 0.690128 0.317057 0.689214 0.316406 0.688300 0.317057 0.687386 0.317057 0.686472 0.317057 0.687386 0.316406 0.688300 0.315755 0.687386 0.315104 0.687386 0.314453 0.687386 0.313802 0.688300 0.313151 0.688300 0.312500 0.688300 0.311849 0.688300 0.311198 0.688300 0.310547 0.688300 0.309896 0.688300 0.309245 0.688300 0.308594 0.689214 0.307943 0.689214 0.307292 0.689214 0.306641 0.689214 0.305990 0.689214 0.305339 0.690128 0.304688 0.690128 0.304036 0.689214 0.303385 0.688300 0.304036 0.689214 0.304036 0.690128 0.304036 0.691042 0.303385 0.691956 0.302734 0.692870 0.302083 0.693784 0.301432 0.693784 0.300781 0.694698 0.300130 0.694698 0.299479 0.694698 0.298828 0.695612 0.298177 0.695612 0.297526 0.695612 0.296875 0.695612 0.296224 0.694698 0.295573 0.694698 0.294922 0.693784 0.294271 0.692870 0.293620 0.693784 0.292969 0.693784 0.292318 0.692870 0.291667 0.692870 0.291016 0.692870 0.290365 0.692870 0.289714 0.691956 0.290365 0.692870 0.289714 0.693784 0.289714 0.694698 0.289714 0.695612 0.289062 0.696527 0.288411 0.697441 0.287760 0.696527 0.288411 0.697441 0.288411 0.698355 0.287760 0.699269 0.287109 0.700183 0.286458 0.700183 0.285807 0.701097 0.285156 0.701097 0.284505 0.700183 0.283854 0.700183 0.283203 0.699269 0.282552 0.698355 0.282552 0.697441 0.282552 0.696527 0.282552 0.695612 0.282552 0.694698 0.283203 0.693784 0.283854 0.693784 0.283203 0.693784 0.282552 0.694698 0.281901 0.694698 0.281250 0.693784 0.280599 0.693784 0.279948 0.692870 0.279297 0.693784 0.278646 0.692870 0.277995 0.692870 0.277344 0.692870 0.276693 0.692870 0.276042 0.692870 0.275391 0.692870 0.274740 0.692870 0.274089 0.691956 0.273438 0.691956 0.272786 0.691042 0.272135 0.691956 0.271484 0.691956 0.270833 0.691956 0.270182 0.692870 0.269531 0.692870 0.268880 0.692870 0.268229 0.692870 0.267578 0.693784 0.266927 0.693784 0.266276 0.694698 0.265625 0.694698 0.264974 0.693784 0.264323 0.693784 0.263672 0.692870 0.263021 0.691956 0.262370 0.691042 0.263021 0.690128 0.262370 0.691042 0.263021 0.691956 0.262370 0.692870 0.262370 0.693784 0.261719 0.694698 0.261068 0.695612 0.260417 0.695612 0.259766 0.696527 0.259115 0.696527 0.258464 0.695612 0.257812 0.695612 0.257161 0.696527 0.256510 0.695612 0.255859 0.695612 0.255208 0.694698 0.254557 0.694698 0.253906 0.693784 0.253255 0.693784 0.252604 0.694698 0.251953 0.694698 0.251302 0.695612 0.250651 0.695612 0.250000 0.696527 0.249349 0.695612 0.248698 0.695612 0.248047 0.694698 0.247396 0.694698 0.246745 0.693784 0.247396 0.694698 0.246745 0.695612 0.246094 0.696527 0.245443 0.697441 0.244792 0.697441 0.244141 0.698355 0.243490 0.699269 0.242839 0.699269 0.242188 0.700183 0.241536 0.700183 0.240885 0.699269 0.240234 0.699269 0.239583 0.698355 0.238932 0.697441 0.238281 0.696527 0.238281 0.695612 0.238281 0.694698 0.238932 0.693784 0.239583 0.693784 0.238932 0.693784 0.238281 0.694698 0.237630 0.694698 0.236979 0.694698 0.236328 0.693784 0.235677 0.693784 0.235026 0.692870 0.234375 0.692870 0.233724 0.692870 0.233073 0.691956 0.232422 0.692870 0.231771 0.692870 0.231120 0.691956 0.231771 0.692870 0.231771 0.693784 0.231771 0.694698 0.231120 0.695612 0.230469 0.696527 0.229818 0.697441 0.229167 0.697441 0.228516 0.698355 0.227865 0.697441 0.227214 0.697441 0.226562 0.696527 0.225911 0.695612 0.225911 0.694698 0.226562 0.693784 0.225911 0.694698 0.225260 0.693784 0.224609 0.693784 0.223958 0.693784 0.223307 0.693784 0.222656 0.693784 0.222005 0.692870 0.221354 0.693784 0.220703 0.693784 0.220052 0.692870 0.219401 0.693784 0.218750 0.694698 0.218099 0.694698 0.217448 0.695612 0.216797 0.695612 0.216146 0.696527 0.215495 0.695612 0.214844 0.695612 0.214193 0.694698 0.213542 0.694698 0.212891 0.694698 0.212240 0.694698 0.211589 0.693784 0.210938 0.694698 0.210286 0.694698 0.209635 0.695612 0.208984 0.695612 0.208333 0.694698 0.208333 0.693784 0.208333 0.694698 0.208984 0.695612 0.208333 0.696527 0.207682 0.697441 0.207031 0.697441 0.206380 0.698355 0.205729 0.698355 0.205078 0.698355 0.204427 0.697441 0.203776 0.697441 0.203125 0.696527 0.202474 0.696527 0.201823 0.695612 0.201172 0.694698 0.201172 0.693784 0.201172 0.692870 0.200521 0.691956 0.200521 0.691042 0.199870 0.690128 0.200521 0.689214 0.199870 0.690128 0.199219 0.691042 0.198568 0.690128 0.198568 0.691042 0.197917 0.691956 0.197266 0.692870 0.196615 0.692870 0.195964 0.693784 0.195312 0.692870 0.194661 0.692870 0.194010 0.693784 0.193359 0.693784 0.192708 0.693784 0.192057 0.694698 0.191406 0.694698 0.190755 0.695612 0.190104 0.695612 0.189453 0.694698 0.188802 0.695612 0.188151 0.695612 0.187500 0.695612 0.186849 0.695612 0.186198 0.694698 0.185547 0.695612 0.184896 0.695612 0.184245 0.694698 0.184896 0.695612 0.184245 0.696527 0.183594 0.697441 0.182943 0.697441 0.182292 0.698355 0.181641 0.698355 0.180990 0.698355 0.180339 0.697441 0.179688 0.697441 0.179036 0.698355 0.178385 0.698355 0.177734 0.697441 0.177083 0.697441 0.176432 0.696527 0.175781 0.696527 0.175130 0.695612 0.174479 0.694698 0.174479 0.693784 0.174479 0.692870 0.175130 0.691956 0.174479 0.692870 0.173828 0.692870 0.173177 0.692870 0.172526 0.692870 0.171875 0.692870 0.171224 0.691956 0.171224 0.692870 0.171224 0.693784 0.171224 0.694698 0.170573 0.695612 0.169922 0.696527 0.169271 0.695612 0.169922 0.696527 0.169922 0.697441 0.169271 0.698355 0.169271 0.699269 0.168620 0.700183 0.167969 0.700183 0.167318 0.701097 0.166667 0.701097 0.166016 0.700183 0.165365 0.700183 0.164714 0.699269 0.164714 0.698355 0.164714 0.697441 0.164062 0.696527 0.164714 0.695612 0.165365 0.694698 0.166016 0.695612 0.165365 0.694698 0.165365 0.693784 0.166016 0.692870 0.165365 0.693784 0.164714 0.693784 0.164062 0.693784 0.163411 0.694698 0.162760 0.694698 0.162109 0.695612 0.161458 0.695612 0.160807 0.695612 0.160156 0.694698 0.159505 0.694698 0.158854 0.694698 0.158203 0.694698 0.157552 0.694698 0.156901 0.694698 0.156250 0.695612 0.155599 0.695612 0.154948 0.696527 0.154297 0.696527 0.153646 0.696527 0.152995 0.697441 0.152344 0.697441 0.151693 0.698355 0.151042 0.698355 0.150391 0.699269 0.149740 0.699269 0.149089 0.698355 0.148438 0.698355 0.147786 0.697441 0.147135 0.696527 0.147135 0.695612 0.146484 0.694698 0.146484 0.693784 0.145833 0.692870 0.146484 0.691956 0.145833 0.692870 0.145182 0.693784 0.144531 0.692870 0.145182 0.693784 0.145182 0.694698 0.144531 0.695612 0.144531 0.696527 0.144531 0.697441 0.143880 0.698355 0.143229 0.699269 0.142578 0.699269 0.141927 0.700183 0.141276 0.699269 0.140625 0.699269 0.139974 0.698355 0.139323 0.697441 0.138672 0.696527 0.138672 0.695612 0.138672 0.694698 0.138672 0.693784 0.139323 0.692870 0.139974 0.692870 0.140625 0.692870 0.141276 0.691956 0.141276 0.691042 0.141276 0.690128 0.141927 0.689214 0.141276 0.689214 0.140625 0.690128 0.140625 0.691042 0.139974 0.691956 0.139323 0.692870 0.138672 0.693784 0.138021 0.694698 0.137370 0.694698 0.136719 0.695612 0.136068 0.694698 0.135417 0.694698 0.134766 0.693784 0.134115 0.692870 0.134115 0.691956 0.133464 0.691956 0.132812 0.691042 0.132161 0.691956 0.131510 0.691956 0.130859 0.691956 0.130208 0.692870 0.129557 0.692870 0.128906 0.693784 0.128255 0.692870 0.127604 0.692870 0.126953 0.692870 0.126302 0.692870 0.125651 0.692870 0.125000 0.692870 0.124349 0.692870 0.123698 0.693784 0.123047 0.693784 0.122396 0.694698 0.121745 0.695612 0.121094 0.694698 0.121094 0.695612 0.120443 0.696527 0.119792 0.696527 0.119141 0.696527 0.118490 0.695612 0.117839 0.696527 0.117188 0.695612 0.116536 0.695612 0.115885 0.694698 0.115234 0.694698 0.114583 0.694698 0.113932 0.693784 0.113281 0.693784 0.112630 0.693784 0.111979 0.694698 0.111328 0.695612 0.110677 0.695612 0.110026 0.696527 0.109375 0.695612 0.108724 0.695612 0.108073 0.694698 0.107422 0.693784 0.108073 0.692870 0.107422 0.693784 0.106771 0.692870 0.106120 0.692870 0.105469 0.692870 0.104818 0.693784 0.104818 0.694698 0.104818 0.695612 0.104818 0.696527 0.104167 0.697441 0.103516 0.698355 0.102865 0.698355 0.102214 0.699269 0.101562 0.699269 0.100911 0.699269 0.100260 0.699269 0.099609 0.699269 0.098958 0.699269 0.098307 0.698355 0.097656 0.698355 0.097005 0.697441 0.096354 0.696527 0.096354 0.695612 0.095703 0.695612 0.095052 0.694698 0.094401 0.693784 0.094401 0.692870 0.094401 0.691956 0.095052 0.691042 0.094401 0.690128 0.094401 0.689214 0.093750 0.688300 0.094401 0.687386 0.093750 0.688300 0.093099 0.689214 0.092448 0.689214 0.091797 0.689214 0.091146 0.690128 0.090495 0.689214 0.089844 0.689214 0.089193 0.688300 0.088542 0.687386 0.087891 0.687386 0.087240 0.687386 0.086589 0.686472 0.085938 0.687386 0.085286 0.687386 0.084635 0.688300 0.083984 0.687386 0.083333 0.687386 0.082682 0.686472 0.082031 0.686472 0.081380 0.686472 0.080729 0.685558 0.080078 0.685558 0.079427 0.684644 0.078776 0.685558 0.078125 0.686472 0.077474 0.686472 0.076823 0.687386 0.076172 0.686472 0.075521 0.686472 0.074870 0.685558 0.074219 0.685558 0.073568 0.684644 0.072917 0.684644 0.072266 0.685558 0.071615 0.685558 0.072266 0.686472 0.072266 0.687386 0.072266 0.688300 0.071615 0.689214 0.070964 0.690128 0.070312 0.690128 0.069661 0.691042 0.069010 0.691042 0.068359 0.691956 0.067708 0.691956 0.067057 0.691956 0.066406 0.691956 0.065755 0.691956 0.065104 0.691956 0.064453 0.692870 0.063802 0.692870 0.063151 0.692870 0.062500 0.692870 0.061849 0.692870 0.061198 0.693784 0.060547 0.692870 0.059896 0.691956 0.060547 0.692870 0.060547 0.693784 0.059896 0.694698 0.059245 0.695612 0.058594 0.695612 0.057943 0.696527 0.057292 0.695612 0.056641 0.696527 0.055990 0.696527 0.055339 0.696527 0.054688 0.697441 0.054036 0.698355 0.053385 0.698355 0.052734 0.699269 0.052083 0.699269 0.051432 0.698355 0.050781 0.698355 0.050130 0.697441 0.049479 0.696527 0.049479 0.695612 0.048828 0.695612 0.048177 0.694698 0.048828 0.695612 0.048177 0.696527 0.047526 0.697441 0.046875 0.697441 0.046224 0.698355 0.045573 0.698355 0.044922 0.698355 0.044271 0.698355 0.043620 0.697441 0.044271 0.698355 0.043620 0.699269 0.042969 0.700183 0.042318 0.699269 0.042969 0.700183 0.042318 0.701097 0.041667 0.702011 0.041016 0.702011 0.040365 0.702925 0.039714 0.702011 0.039062 0.702011 0.038411 0.701097 0.037760 0.701097 0.037109 0.702011 0.036458 0.701097 0.035807 0.702011 0.035156 0.701097 0.034505 0.701097 0.033854 0.702011 0.033203 0.701097 0.032552 0.701097 0.031901 0.700183 0.031250 0.699269 0.030599 0.698355 0.030599 0.697441 0.030599 0.696527 0.031250 0.695612 0.030599 0.694698 0.029948 0.695612 0.029297 0.695612 0.028646 0.696527 0.027995 0.695612 0.027344 0.695612 0.026693 0.694698 0.026042 0.693784 0.026042 0.692870 0.026693 0.691956 0.026042 0.692870 0.025391 0.691956 0.024740 0.692870 0.024089 0.693784 0.023438 0.694698 0.022786 0.693784 0.023438 0.694698 0.022786 0.695612 0.022135 0.696527 0.021484 0.696527 0.020833 0.697441 0.020182 0.696527 0.019531 0.696527 0.018880 0.696527 0.018229 0.697441 0.017578 0.696527 0.016927 0.696527 0.016276 0.695612 0.015625 0.695612 0.014974 0.694698 0.014323 0.694698 0.013672 0.695612 0.013021 0.695612 0.012370 0.696527 0.011719 0.696527 0.011068 0.696527 0.010417 0.696527 0.009766 0.695612 0.009115 0.694698 0.009766 0.695612 0.009115 0.696527 0.008464 0.697441 0.007812 0.697441 0.007161 0.698355 0.006510 0.697441 0.005859 0.697441 0.005208 0.696527 0.004557 0.695612 0.005208 0.694698 0.004557 0.695612 0.003906 0.694698 0.003255 0.693784 0.002604 0.693784 0.001953 0.694698 0.001302 0.694698 0.000651 0.693784 0.000651 0.694698 0.000651 0.695612 0.000651 0.696527 0.000651 0.697441 0.000651 0.698355 0.000651 0.699269 0.000651 0.700183 0.000651 0.701097 0.000651 0.702011 0.000651 0.702925 0.000651 0.703839 0.000651 0.704753 0.000651 0.705667 0.000651 0.706581 0.000651 0.707495 0.000651 0.708410 0.000651 0.709324 0.000651 0.710238 0.000651 0.711152 0.000651 0.712066 0.000651 0.712980 0.000651 0.713894 0.001302 0.713894 0.001953 0.714808 0.002604 0.714808 0.003255 0.715722 0.003906 0.716636 0.003906 0.717550 0.003255 0.718464 0.003906 0.717550 0.004557 0.718464 0.005208 0.719378 0.005208 0.720293 0.005859 0.720293 0.006510 0.720293 0.007161 0.719378 0.007812 0.720293 0.008464 0.719378 0.009115 0.719378 0.009766 0.718464 0.010417 0.718464 0.011068 0.717550 0.011719 0.717550 0.012370 0.716636 0.013021 0.716636 0.013672 0.716636 0.014323 0.715722 0.014974 0.714808 0.015625 0.714808 0.016276 0.713894 0.016927 0.714808 0.017578 0.713894 0.018229 0.714808 0.018880 0.713894 0.019531 0.713894 0.020182 0.712980 0.020833 0.713894 0.021484 0.713894 0.022135 0.714808 0.022786 0.714808 0.023438 0.713894 0.024089 0.713894 0.024740 0.712980 0.025391 0.712980 0.026042 0.712980 0.026693 0.712980 0.027344 0.712066 0.027995 0.712066 0.028646 0.712066 0.029297 0.711152 0.029948 0.711152 0.030599 0.710238 0.031250 0.711152 0.031901 0.711152 0.032552 0.712066 0.033203 0.712980 0.033203 0.713894 0.033854 0.713894 0.034505 0.714808 0.035156 0.714808 0.035807 0.715722 0.036458 0.714808 0.037109 0.714808 0.037760 0.714808 0.038411 0.715722 0.039062 0.715722 0.039714 0.715722 0.040365 0.715722 0.041016 0.715722 0.041667 0.715722 0.042318 0.715722 0.042969 0.715722 0.043620 0.715722 0.044271 0.715722 0.044922 0.715722 0.045573 0.715722 0.046224 0.715722 0.046875 0.715722 0.047526 0.714808 0.048177 0.714808 0.048828 0.714808 0.049479 0.714808 0.050130 0.715722 0.050781 0.715722 0.051432 0.716636 0.052083 0.716636 0.052734 0.716636 0.053385 0.716636 0.054036 0.717550 0.054688 0.717550 0.055339 0.717550 0.055990 0.717550 0.056641 0.718464 0.057292 0.717550 0.057943 0.717550 0.058594 0.716636 0.059245 0.716636 0.059896 0.716636 0.060547 0.715722 0.061198 0.715722 0.061849 0.716636 0.062500 0.716636 0.063151 0.715722 0.063802 0.715722 0.064453 0.715722 0.065104 0.714808 0.065755 0.714808 0.065755 0.713894 0.066406 0.712980 0.067057 0.712066 0.067708 0.711152 0.068359 0.711152 0.069010 0.710238 0.069661 0.710238 0.070312 0.709324 0.070964 0.709324 0.071615 0.709324 0.072266 0.710238 0.072917 0.709324 0.073568 0.710238 0.074219 0.710238 0.074870 0.709324 0.075521 0.709324 0.076172 0.709324 0.076823 0.709324 0.077474 0.710238 0.078125 0.710238 0.078776 0.711152 0.079427 0.712066 0.078776 0.712980 0.079427 0.712066 0.080078 0.712066 0.080729 0.711152 0.081380 0.711152 0.082031 0.710238 0.082682 0.710238 0.083333 0.709324 0.083984 0.709324 0.084635 0.708410 0.085286 0.708410 0.085938 0.709324 0.086589 0.709324 0.087240 0.710238 0.087891 0.710238 0.088542 0.711152 0.089193 0.712066 0.089193 0.712980 0.089844 0.713894 0.089844 0.714808 0.089193 0.715722 0.089844 0.714808 0.090495 0.714808 0.091146 0.715722 0.091797 0.715722 0.092448 0.715722 0.093099 0.715722 0.093750 0.716636 0.094401 0.716636 0.095052 0.717550 0.095703 0.717550 0.096354 0.717550 0.097005 0.716636 0.097656 0.717550 0.098307 0.716636 0.098307 0.715722 0.098958 0.714808 0.099609 0.713894 0.100260 0.713894 0.100911 0.712980 0.101562 0.712980 0.102214 0.712980 0.102865 0.713894 0.103516 0.713894 0.104167 0.712980 0.104818 0.712980 0.105469 0.712066 0.106120 0.712066 0.106771 0.712066 0.107422 0.712980 0.108073 0.712980 0.108724 0.713894 0.109375 0.714808 0.110026 0.714808 0.110677 0.714808 0.111328 0.713894 0.111979 0.713894 0.111979 0.712980 0.111979 0.712066 0.111979 0.711152 0.111979 0.710238 0.111979 0.709324 0.112630 0.708410 0.113281 0.709324 0.113281 0.710238 0.113281 0.711152 0.113281 0.712066 0.113281 0.712980 0.113932 0.712980 0.114583 0.713894 0.115234 0.712980 0.115885 0.713894 0.116536 0.713894 0.117188 0.712980 0.117839 0.712980 0.118490 0.712980 0.119141 0.712980 0.119792 0.712980 0.120443 0.712980 0.121094 0.712980 0.121745 0.713894 0.122396 0.713894 0.123047 0.714808 0.123698 0.715722 0.124349 0.716636 0.123698 0.717550 0.123698 0.718464 0.123698 0.717550 0.124349 0.716636 0.125000 0.716636 0.125651 0.716636 0.126302 0.716636 0.126953 0.716636 0.127604 0.716636 0.127604 0.715722 0.128255 0.714808 0.128906 0.713894 0.129557 0.713894 0.130208 0.712980 0.130859 0.712980 0.131510 0.712980 0.132161 0.712980 0.132812 0.712066 0.133464 0.712066 0.134115 0.712066 0.134766 0.712066 0.135417 0.712066 0.136068 0.711152 0.136719 0.711152 0.137370 0.712066 0.138021 0.712066 0.138672 0.712980 0.139323 0.712980 0.139974 0.713894 0.140625 0.713894 0.141276 0.712980 0.141927 0.712980 0.142578 0.712066 0.143229 0.712066 0.143880 0.712066 0.144531 0.711152 0.145182 0.711152 0.145833 0.712066 0.146484 0.712066 0.147135 0.712066 0.147786 0.712066 0.148438 0.712066 0.149089 0.712980 0.149740 0.712066 0.150391 0.712980 0.151042 0.712980 0.151693 0.712066 0.152344 0.712066 0.152995 0.712066 0.153646 0.712066 0.154297 0.711152 0.154948 0.711152 0.155599 0.712066 0.156250 0.711152 0.156901 0.711152 0.157552 0.711152 0.158203 0.712066 0.158854 0.711152 0.159505 0.711152 0.160156 0.711152 0.160807 0.710238 0.161458 0.710238 0.162109 0.711152 0.162760 0.711152 0.163411 0.712066 0.164062 0.711152 0.164714 0.711152 0.165365 0.712066 0.166016 0.711152 0.166667 0.711152 0.167318 0.712066 0.167969 0.712066 0.168620 0.711152 0.169271 0.711152 0.169922 0.712066 0.170573 0.712066 0.171224 0.712066 0.171875 0.712066 0.172526 0.712066 0.173177 0.712066 0.173828 0.712066 0.174479 0.712066 0.175130 0.712066 0.175781 0.712980 0.176432 0.712980 0.177083 0.713894 0.177734 0.713894 0.178385 0.714808 0.179036 0.714808 0.179688 0.715722 0.180339 0.716636 0.180990 0.717550 0.180339 0.718464 0.180990 0.717550 0.181641 0.717550 0.182292 0.717550 0.182943 0.717550 0.183594 0.717550 0.183594 0.716636 0.183594 0.715722 0.183594 0.714808 0.184245 0.713894 0.184896 0.712980 0.185547 0.713894 0.184896 0.712980 0.184896 0.712066 0.185547 0.711152 0.186198 0.710238 0.186849 0.710238 0.187500 0.709324 0.188151 0.710238 0.187500 0.709324 0.188151 0.708410 0.188802 0.707495 0.189453 0.706581 0.190104 0.706581 0.190755 0.705667 0.191406 0.705667 0.192057 0.704753 0.192708 0.704753 0.193359 0.703839 0.194010 0.704753 0.194661 0.703839 0.195312 0.703839 0.195964 0.704753 0.196615 0.704753 0.197266 0.704753 0.197917 0.705667 0.198568 0.705667 0.199219 0.706581 0.199870 0.707495 0.200521 0.708410 0.201172 0.708410 0.201823 0.709324 0.202474 0.710238 0.201823 0.711152 0.202474 0.710238 0.203125 0.709324 0.203776 0.710238 0.204427 0.710238 0.205078 0.710238 0.205729 0.710238 0.206380 0.710238 0.207031 0.709324 0.207682 0.710238 0.208333 0.709324 0.208984 0.709324 0.209635 0.709324 0.210286 0.709324 0.210938 0.709324 0.211589 0.709324 0.212240 0.710238 0.212891 0.709324 0.213542 0.709324 0.214193 0.708410 0.214193 0.707495 0.214844 0.706581 0.215495 0.705667 0.216146 0.705667 0.216797 0.704753 0.217448 0.703839 0.218099 0.703839 0.218750 0.702925 0.219401 0.702925 0.220052 0.702925 0.220703 0.703839 0.221354 0.703839 0.222005 0.704753 0.222656 0.705667 0.223307 0.706581 0.223958 0.707495 0.223958 0.708410 0.224609 0.709324 0.224609 0.710238 0.224609 0.711152 0.223958 0.712066 0.224609 0.711152 0.225260 0.712066 0.225911 0.712980 0.226562 0.712066 0.227214 0.712066 0.227865 0.712980 0.228516 0.712980 0.229167 0.713894 0.229818 0.713894 0.230469 0.713894 0.231120 0.713894 0.231771 0.712980 0.232422 0.712980 0.233073 0.712066 0.233724 0.712066 0.234375 0.712066 0.235026 0.712066 0.235677 0.712066 0.236328 0.711152 0.236979 0.711152 0.237630 0.711152 0.238281 0.712066 0.238932 0.712066 0.239583 0.712980 0.240234 0.712980 0.240885 0.712980 0.241536 0.712066 0.242188 0.712980 0.242839 0.712066 0.243490 0.712066 0.244141 0.712066 0.244792 0.711152 0.245443 0.711152 0.246094 0.711152 0.246745 0.710238 0.247396 0.710238 0.248047 0.711152 0.248698 0.711152 0.249349 0.712066 0.250000 0.712066 0.250651 0.712980 0.251302 0.712980 0.251953 0.712980 0.252604 0.712980 0.253255 0.712980 0.253906 0.712980 0.254557 0.712066 0.255208 0.712066 0.255859 0.712066 0.256510 0.712980 0.257161 0.712980 0.257812 0.713894 0.258464 0.712980 0.259115 0.712980 0.259766 0.712066 0.260417 0.712066 0.261068 0.712066 0.261719 0.712066 0.262370 0.712980 0.263021 0.712980 0.263672 0.712980 0.264323 0.712980 0.264974 0.712980 0.265625 0.712980 0.266276 0.712066 0.266927 0.712066 0.267578 0.711152 0.268229 0.711152 0.268880 0.711152 0.269531 0.712066 0.270182 0.712066 0.270833 0.711152 0.271484 0.712066 0.272135 0.712066 0.272786 0.712980 0.273438 0.713894 0.274089 0.713894 0.274740 0.714808 0.275391 0.715722 0.276042 0.715722 0.276693 0.715722 0.277344 0.714808 0.277995 0.714808 0.278646 0.713894 0.279297 0.713894 0.279948 0.712980 0.280599 0.712980 0.281250 0.712980 0.281901 0.712980 0.282552 0.712980 0.283203 0.712980 0.283854 0.712980 0.284505 0.712066 0.285156 0.712066 0.285807 0.712980 0.286458 0.712980 0.287109 0.712980 0.287760 0.712066 0.288411 0.712980 0.289062 0.712066 0.289714 0.712066 0.290365 0.712066 0.291016 0.712066 0.291667 0.712066 0.292318 0.712066 0.292969 0.711152 0.293620 0.711152 0.294271 0.711152 0.294922 0.712066 0.295573 0.712066 0.296224 0.711152 0.296875 0.712066 0.297526 0.711152 0.298177 0.711152 0.298828 0.710238 0.299479 0.710238 0.300130 0.710238 0.300781 0.710238 0.301432 0.711152 0.302083 0.711152 0.302734 0.711152 0.303385 0.712066 0.304036 0.712066 0.304688 0.711152 0.305339 0.711152 0.305990 0.711152 0.306641 0.711152 0.307292 0.711152 0.307943 0.711152 0.308594 0.711152 0.309245 0.710238 0.309896 0.710238 0.310547 0.710238 0.311198 0.711152 0.311849 0.711152 0.312500 0.712066 0.313151 0.711152 0.313802 0.712066 0.314453 0.712066 0.315104 0.712980 0.315755 0.713894 0.315755 0.714808 0.316406 0.714808 0.317057 0.713894 0.317708 0.714808 0.318359 0.714808 0.319010 0.714808 0.319661 0.714808 0.320312 0.713894 0.320964 0.713894 0.321615 0.713894 0.322266 0.714808 0.322917 0.714808 0.323568 0.714808 0.323568 0.713894 0.324219 0.712980 0.324219 0.712066 0.324870 0.711152 0.324870 0.710238 0.324870 0.709324 0.324870 0.708410 0.324870 0.707495 0.325521 0.706581 0.325521 0.705667 0.326172 0.704753 0.326823 0.703839 0.327474 0.703839 0.328125 0.702925 0.328776 0.702925 0.329427 0.703839 0.330078 0.703839 0.330729 0.703839 0.331380 0.704753 0.332031 0.704753 0.332682 0.705667 0.333333 0.706581 0.333333 0.707495 0.333984 0.708410 0.333333 0.709324 0.333984 0.708410 0.334635 0.709324 0.335286 0.709324 0.335938 0.710238 0.336589 0.710238 0.337240 0.710238 0.337891 0.710238 0.338542 0.710238 0.339193 0.710238 0.339844 0.710238 0.340495 0.710238 0.341146 0.710238 0.341797 0.710238 0.342448 0.710238 0.343099 0.709324 0.343750 0.709324 0.344401 0.710238 0.345052 0.710238 0.345703 0.711152 0.346354 0.712066 0.345703 0.712980 0.346354 0.712066 0.347005 0.712980 0.347656 0.712980 0.348307 0.712980 0.348958 0.712980 0.349609 0.712066 0.350260 0.712980 0.350911 0.712980 0.351562 0.712980 0.352214 0.713894 0.352865 0.713894 0.353516 0.714808 0.354167 0.715722 0.353516 0.716636 0.354167 0.715722 0.354818 0.715722 0.355469 0.714808 0.356120 0.714808 0.356771 0.713894 0.357422 0.713894 0.358073 0.712980 0.358724 0.712980 0.359375 0.712980 0.360026 0.712980 0.360677 0.712980 0.361328 0.712066 0.361979 0.712066 0.362630 0.712066 0.363281 0.711152 0.363932 0.711152 0.364583 0.711152 0.365234 0.711152 0.365885 0.711152 0.366536 0.712066 0.367188 0.711152 0.367839 0.710238 0.368490 0.710238 0.369141 0.710238 0.369792 0.710238 0.370443 0.711152 0.371094 0.710238 0.371745 0.710238 0.372396 0.710238 0.373047 0.710238 0.373698 0.711152 0.373047 0.710238 0.373698 0.709324 0.374349 0.708410 0.375000 0.708410 0.375651 0.707495 0.376302 0.708410 0.376953 0.708410 0.377604 0.708410 0.378255 0.708410 0.378906 0.708410 0.379557 0.709324 0.380208 0.708410 0.380859 0.708410 0.381510 0.707495 0.382161 0.707495 0.382812 0.707495 0.383464 0.708410 0.384115 0.707495 0.384766 0.708410 0.385417 0.708410 0.386068 0.709324 0.386719 0.709324 0.387370 0.710238 0.388021 0.710238 0.388672 0.710238 0.389323 0.710238 0.389974 0.711152 0.390625 0.711152 0.391276 0.712066 0.391927 0.711152 0.392578 0.711152 0.393229 0.711152 0.393880 0.711152 0.394531 0.711152 0.395182 0.711152 0.395833 0.711152 0.396484 0.710238 0.397135 0.709324 0.397786 0.709324 0.398438 0.708410 0.399089 0.708410 0.399740 0.707495 0.400391 0.708410 0.401042 0.708410 0.401693 0.709324 0.402344 0.709324 0.402995 0.710238 0.403646 0.711152 0.403646 0.712066 0.402995 0.712980 0.403646 0.712066 0.404297 0.712980 0.404948 0.713894 0.404297 0.714808 0.404948 0.713894 0.405599 0.713894 0.406250 0.713894 0.406901 0.713894 0.407552 0.713894 0.408203 0.714808 0.407552 0.713894 0.408203 0.712980 0.408854 0.712066 0.409505 0.712066 0.410156 0.711152 0.410807 0.710238 0.411458 0.709324 0.412109 0.709324 0.412760 0.708410 0.413411 0.709324 0.414062 0.708410 0.414714 0.708410 0.415365 0.708410 0.416016 0.708410 0.416667 0.708410 0.417318 0.707495 0.417969 0.708410 0.418620 0.708410 0.419271 0.709324 0.419922 0.710238 0.419271 0.711152 0.419922 0.710238 0.420573 0.710238 0.421224 0.710238 0.421875 0.711152 0.422526 0.711152 0.423177 0.711152 0.423828 0.711152 0.424479 0.711152 0.425130 0.712066 0.424479 0.711152 0.425130 0.710238 0.425781 0.709324 0.426432 0.709324 0.427083 0.708410 0.427734 0.709324 0.428385 0.709324 0.429036 0.710238 0.429688 0.711152 0.429036 0.712066 0.429688 0.711152 0.430339 0.711152 0.430990 0.710238 0.431641 0.710238 0.432292 0.711152 0.432943 0.710238 0.433594 0.710238 0.434245 0.711152 0.434896 0.711152 0.435547 0.711152 0.436198 0.711152 0.436849 0.712066 0.436198 0.711152 0.436198 0.710238 0.436849 0.709324 0.437500 0.708410 0.438151 0.708410 0.438802 0.707495 0.439453 0.707495 0.440104 0.707495 0.440755 0.706581 0.441406 0.706581 0.442057 0.705667 0.442708 0.705667 0.443359 0.705667 0.444010 0.706581 0.444661 0.705667 0.445312 0.705667 0.445964 0.705667 0.446615 0.704753 0.447266 0.704753 0.447917 0.703839 0.448568 0.703839 0.449219 0.702925 0.449870 0.702925 0.450521 0.703839 0.451172 0.703839 0.451823 0.704753 0.452474 0.705667 0.453125 0.705667 0.453776 0.706581 0.454427 0.706581 0.455078 0.707495 0.455729 0.706581 0.456380 0.706581 0.457031 0.707495 0.457682 0.707495 0.458333 0.708410 0.458984 0.709324 0.458333 0.710238 0.458984 0.709324 0.459635 0.710238 0.460286 0.710238 0.460938 0.711152 0.461589 0.712066 0.460938 0.712980 0.460938 0.713894 0.460938 0.712980 0.461589 0.712066 0.462240 0.712066 0.462891 0.712980 0.463542 0.712066 0.464193 0.712066 0.464844 0.711152 0.465495 0.710238 0.466146 0.710238 0.466797 0.709324 0.467448 0.709324 0.468099 0.708410 0.468750 0.709324 0.469401 0.709324 0.470052 0.710238 0.470703 0.711152 0.471354 0.712066 0.470703 0.711152 0.471354 0.710238 0.472005 0.709324 0.472656 0.708410 0.473307 0.707495 0.473307 0.706581 0.473958 0.705667 0.474609 0.704753 0.475260 0.703839 0.475911 0.704753 0.475260 0.703839 0.475911 0.702925 0.476562 0.702011 0.477214 0.702011 0.477865 0.701097 0.478516 0.702011 0.479167 0.701097 0.479818 0.700183 0.480469 0.700183 0.481120 0.699269 0.481771 0.699269 0.482422 0.699269 0.483073 0.700183 0.483724 0.700183 0.484375 0.701097 0.485026 0.702011 0.485677 0.702925 0.485677 0.703839 0.486328 0.704753 0.486979 0.705667 0.486328 0.706581 0.486979 0.705667 0.487630 0.706581 0.488281 0.707495 0.488932 0.708410 0.488281 0.709324 0.488932 0.708410 0.489583 0.707495 0.490234 0.707495 0.490885 0.707495 0.491536 0.706581 0.492188 0.706581 0.492839 0.706581 0.493490 0.707495 0.494141 0.706581 0.494792 0.706581 0.495443 0.705667 0.496094 0.706581 0.496745 0.706581 0.497396 0.707495 0.498047 0.707495 0.498698 0.707495 0.499349 0.707495 0.500000 0.707495 0.500651 0.707495 0.501302 0.707495 0.501953 0.708410 0.502604 0.707495 0.503255 0.707495 0.503906 0.706581 0.504557 0.706581 0.505208 0.705667 0.505859 0.705667 0.506510 0.704753 0.507161 0.704753 0.507812 0.704753 0.508464 0.703839 0.509115 0.704753 0.509766 0.704753 0.510417 0.704753 0.511068 0.705667 0.511719 0.704753 0.512370 0.704753 0.513021 0.704753 0.513672 0.704753 0.514323 0.704753 0.514974 0.704753 0.515625 0.705667 0.516276 0.704753 0.516927 0.705667 0.517578 0.705667 0.518229 0.705667 0.518880 0.705667 0.519531 0.705667 0.520182 0.704753 0.520833 0.705667 0.521484 0.705667 0.522135 0.706581 0.522786 0.706581 0.523438 0.706581 0.524089 0.707495 0.524740 0.706581 0.525391 0.706581 0.526042 0.706581 0.526693 0.706581 0.527344 0.706581 0.527995 0.707495 0.528646 0.707495 0.529297 0.707495 0.529948 0.707495 0.530599 0.708410 0.531250 0.708410 0.531901 0.708410 0.532552 0.708410 0.533203 0.709324 0.533854 0.710238 0.533203 0.709324 0.533203 0.708410 0.533854 0.707495 0.534505 0.706581 0.535156 0.707495 0.534505 0.706581 0.535156 0.705667 0.535807 0.704753 0.536458 0.703839 0.537109 0.702925 0.537760 0.702011 0.538411 0.701097 0.539062 0.701097 0.539714 0.700183 0.540365 0.701097 0.541016 0.701097 0.541667 0.702011 0.542318 0.702925 0.542969 0.703839 0.542318 0.704753 0.542969 0.703839 0.543620 0.702925 0.544271 0.702925 0.544922 0.703839 0.545573 0.702925 0.546224 0.702925 0.546875 0.702925 0.547526 0.702925 0.548177 0.702925 0.548828 0.702925 0.549479 0.702011 0.550130 0.702011 0.550781 0.701097 0.551432 0.702011 0.552083 0.702011 0.552734 0.702925 0.553385 0.703839 0.554036 0.704753 0.553385 0.705667 0.554036 0.704753 0.554688 0.705667 0.555339 0.706581 0.555990 0.707495 0.555990 0.708410 0.555990 0.709324 0.556641 0.708410 0.557292 0.708410 0.557943 0.707495 0.558594 0.707495 0.559245 0.707495 0.559896 0.706581 0.560547 0.705667 0.561198 0.705667 0.561849 0.704753 0.562500 0.704753 0.563151 0.703839 0.563802 0.703839 0.564453 0.703839 0.565104 0.703839 0.565755 0.703839 0.566406 0.703839 0.567057 0.702925 0.567708 0.702925 0.568359 0.702011 0.569010 0.702011 0.569661 0.702011 0.570312 0.702925 0.570964 0.702925 0.571615 0.703839 0.572266 0.703839 0.572917 0.704753 0.573568 0.704753 0.574219 0.705667 0.574870 0.706581 0.575521 0.705667 0.576172 0.705667 0.576823 0.705667 0.577474 0.705667 0.578125 0.706581 0.578776 0.706581 0.579427 0.706581 0.580078 0.706581 0.580729 0.707495 0.581380 0.707495 0.582031 0.707495 0.582682 0.707495 0.583333 0.707495 0.583984 0.706581 0.584635 0.706581 0.585286 0.707495 0.585938 0.706581 0.586589 0.706581 0.587240 0.706581 0.587891 0.705667 0.588542 0.705667 0.589193 0.705667 0.589844 0.705667 0.590495 0.705667 0.591146 0.704753 0.591797 0.704753 0.592448 0.703839 0.593099 0.703839 0.593750 0.702925 0.594401 0.702925 0.594401 0.702011 0.594401 0.701097 0.594401 0.700183 0.594401 0.699269 0.595052 0.698355 0.595703 0.699269 0.595703 0.700183 0.595703 0.701097 0.595703 0.702011 0.596354 0.702011 0.597005 0.702011 0.597656 0.702011 0.598307 0.702011 0.598958 0.702011 0.599609 0.702925 0.600260 0.702925 0.600911 0.702925 0.601562 0.703839 0.602214 0.703839 0.602865 0.704753 0.603516 0.705667 0.604167 0.705667 0.604818 0.705667 0.605469 0.705667 0.606120 0.705667 0.606771 0.706581 0.607422 0.705667 0.608073 0.705667 0.608724 0.706581 0.609375 0.706581 0.610026 0.707495 0.610677 0.706581 0.611328 0.707495 0.611979 0.707495 0.612630 0.707495 0.613281 0.708410 0.613932 0.707495 0.614583 0.707495 0.615234 0.706581 0.615885 0.706581 0.616536 0.706581 0.617188 0.705667 0.617839 0.706581 0.618490 0.706581 0.619141 0.706581 0.619792 0.706581 0.620443 0.706581 0.621094 0.705667 0.621745 0.706581 0.622396 0.706581 0.623047 0.707495 0.623698 0.706581 0.624349 0.706581 0.625000 0.707495 0.625651 0.706581 0.626302 0.706581 0.626953 0.706581 0.627604 0.705667 0.628255 0.704753 0.628906 0.704753 0.629557 0.703839 0.630208 0.703839 0.630859 0.702925 0.631510 0.703839 0.632161 0.703839 0.632812 0.702925 0.633464 0.702925 0.634115 0.702925 0.634766 0.702925 0.635417 0.702925 0.636068 0.702925 0.636719 0.702011 0.637370 0.702011 0.638021 0.702925 0.638672 0.702925 0.639323 0.703839 0.639974 0.704753 0.640625 0.705667 0.639974 0.706581 0.639974 0.707495 0.639974 0.706581 0.640625 0.705667 0.641276 0.705667 0.641927 0.706581 0.641927 0.707495 0.641927 0.706581 0.641276 0.705667 0.641927 0.704753 0.642578 0.703839 0.643229 0.703839 0.643880 0.702925 0.644531 0.703839 0.645182 0.703839 0.645833 0.704753 0.646484 0.705667 0.647135 0.704753 0.647786 0.704753 0.648438 0.704753 0.649089 0.704753 0.649740 0.703839 0.650391 0.703839 0.651042 0.702925 0.651693 0.702925 0.652344 0.702011 0.652995 0.702925 0.653646 0.702925 0.654297 0.703839 0.654948 0.704753 0.654948 0.705667 0.655599 0.705667 0.656250 0.705667 0.656901 0.704753 0.657552 0.704753 0.658203 0.704753 0.658854 0.703839 0.659505 0.703839 0.660156 0.703839 0.660807 0.703839 0.661458 0.702925 0.662109 0.702925 0.662760 0.702925 0.663411 0.703839 0.664062 0.703839 0.664714 0.704753 0.665365 0.705667 0.666016 0.706581 0.666667 0.707495 0.667318 0.707495 0.667969 0.707495 0.668620 0.707495 0.669271 0.707495 0.669922 0.706581 0.670573 0.706581 0.671224 0.706581 0.671875 0.706581 0.672526 0.706581 0.673177 0.706581 0.673828 0.707495 0.673177 0.706581 0.673828 0.705667 0.674479 0.704753 0.675130 0.704753 0.675781 0.703839 0.676432 0.703839 0.677083 0.704753 0.677734 0.704753 0.678385 0.704753 0.679036 0.704753 0.679688 0.704753 0.680339 0.704753 0.680990 0.704753 0.681641 0.704753 0.682292 0.704753 0.682943 0.703839 0.683594 0.703839 0.684245 0.704753 0.684896 0.703839 0.685547 0.703839 0.686198 0.702925 0.686849 0.702011 0.687500 0.702011 0.688151 0.701097 0.688802 0.701097 0.689453 0.701097 0.690104 0.702011 0.690755 0.702011 0.691406 0.702925 0.692057 0.703839 0.692057 0.704753 0.692057 0.705667 0.692708 0.704753 0.693359 0.704753 0.694010 0.703839 0.694661 0.704753 0.695312 0.704753 0.695964 0.705667 0.696615 0.704753 0.697266 0.704753 0.697917 0.705667 0.698568 0.705667 0.699219 0.706581 0.699870 0.707495 0.700521 0.707495 0.701172 0.708410 0.700521 0.707495 0.701172 0.706581 0.701172 0.705667 0.701172 0.704753 0.701172 0.703839 0.701823 0.702925 0.702474 0.702011 0.703125 0.702011 0.703776 0.701097 0.704427 0.702011 0.705078 0.701097 0.705729 0.701097 0.706380 0.700183 0.707031 0.700183 0.707682 0.700183 0.708333 0.701097 0.708984 0.701097 0.709635 0.702011 0.710286 0.702011 0.710938 0.701097 0.711589 0.702011 0.712240 0.702011 0.712891 0.701097 0.713542 0.701097 0.714193 0.700183 0.714844 0.700183 0.715495 0.700183 0.716146 0.700183 0.716797 0.700183 0.717448 0.699269 0.718099 0.700183 0.718750 0.700183 0.719401 0.699269 0.720052 0.700183 0.720703 0.700183 0.721354 0.701097 0.722005 0.701097 0.722656 0.702011 0.723307 0.702925 0.723958 0.702925 0.724609 0.703839 0.725260 0.704753 0.725260 0.705667 0.725260 0.706581 0.725260 0.707495 0.724609 0.708410 0.725260 0.708410 0.725911 0.708410 0.726562 0.707495 0.727214 0.706581 0.727865 0.706581 0.728516 0.705667 0.729167 0.706581 0.729818 0.706581 0.730469 0.707495 0.730469 0.706581 0.731120 0.705667 0.731771 0.704753 0.732422 0.704753 0.733073 0.703839 0.733724 0.702925 0.734375 0.703839 0.733724 0.702925 0.734375 0.702011 0.735026 0.701097 0.735677 0.701097 0.736328 0.700183 0.736979 0.700183 0.736979 0.699269 0.736979 0.698355 0.737630 0.697441 0.738281 0.698355 0.738281 0.699269 0.738281 0.700183 0.738281 0.701097 0.738932 0.701097 0.739583 0.702011 0.740234 0.702925 0.740885 0.702925 0.741536 0.703839 0.742188 0.704753 0.742839 0.704753 0.743490 0.704753 0.744141 0.705667 0.744792 0.705667 0.745443 0.706581 0.746094 0.706581 0.746745 0.707495 0.747396 0.707495 0.748047 0.706581 0.748698 0.706581 0.749349 0.705667 0.750000 0.705667 0.750651 0.705667 0.751302 0.705667 0.751953 0.705667 0.752604 0.706581 0.753255 0.706581 0.753906 0.706581 0.754557 0.706581 0.755208 0.707495 0.755859 0.707495 0.756510 0.707495 0.757161 0.707495 0.757812 0.706581 0.758464 0.706581 0.759115 0.706581 0.759766 0.705667 0.760417 0.706581 0.761068 0.707495 0.760417 0.706581 0.761068 0.705667 0.761068 0.704753 0.761719 0.703839 0.762370 0.704753 0.763021 0.703839 0.763672 0.702925 0.764323 0.702925 0.764974 0.702011 0.765625 0.702011 0.766276 0.701097 0.766927 0.701097 0.767578 0.700183 0.768229 0.701097 0.768880 0.701097 0.769531 0.700183 0.770182 0.700183 0.770833 0.699269 0.771484 0.699269 0.772135 0.699269 0.772786 0.699269 0.773438 0.698355 0.774089 0.698355 0.774740 0.698355 0.775391 0.699269 0.776042 0.699269 0.776693 0.700183 0.777344 0.700183 0.777995 0.700183 0.778646 0.701097 0.779297 0.700183 0.779948 0.700183 0.780599 0.701097 0.780599 0.702011 0.780599 0.701097 0.779948 0.700183 0.780599 0.699269 0.781250 0.698355 0.781901 0.697441 0.782552 0.697441 0.783203 0.696527 0.783854 0.695612 0.784505 0.694698 0.785156 0.694698 0.785807 0.693784 0.786458 0.693784 0.787109 0.693784 0.787760 0.693784 0.788411 0.694698 0.789062 0.694698 0.789714 0.695612 0.790365 0.696527 0.791016 0.697441 0.791667 0.698355 0.791667 0.699269 0.791667 0.700183 0.791016 0.701097 0.790365 0.702011 0.789714 0.702925 0.789062 0.702925 0.788411 0.703839 0.787760 0.702925 0.787109 0.702925 0.786458 0.703839 0.785807 0.703839 0.785156 0.703839 0.784505 0.703839 0.783854 0.704753 0.783203 0.704753 0.782552 0.705667 0.781901 0.705667 0.781901 0.706581 0.781901 0.707495 0.782552 0.708410 0.782552 0.709324 0.782552 0.710238 0.783203 0.710238 0.783854 0.710238 0.784505 0.711152 0.783854 0.710238 0.784505 0.709324 0.785156 0.708410 0.785807 0.708410 0.786458 0.707495 0.787109 0.707495 0.787760 0.707495 0.788411 0.706581 0.789062 0.706581 0.789714 0.705667 0.790365 0.705667 0.791016 0.704753 0.791667 0.703839 0.792318 0.703839 0.792969 0.702925 0.793620 0.702925 0.794271 0.702925 0.794922 0.702011 0.795573 0.702011 0.796224 0.702011 0.796875 0.701097 0.797526 0.700183 0.798177 0.699269 0.798828 0.699269 0.799479 0.698355 0.800130 0.698355 0.800781 0.697441 0.801432 0.697441 0.802083 0.697441 0.802734 0.698355 0.803385 0.698355 0.804036 0.698355 0.804688 0.699269 0.805339 0.699269 0.805990 0.700183 0.806641 0.700183 0.807292 0.701097 0.807943 0.702011 0.808594 0.702925 0.808594 0.703839 0.808594 0.704753 0.807943 0.705667 0.807943 0.706581 0.807943 0.705667 0.808594 0.704753 0.809245 0.704753 0.809896 0.704753 0.810547 0.705667 0.811198 0.705667 0.811849 0.706581 0.812500 0.707495 0.812500 0.708410 0.811849 0.709324 0.812500 0.708410 0.813151 0.709324 0.813802 0.710238 0.814453 0.709324 0.815104 0.710238 0.815755 0.709324 0.816406 0.709324 0.817057 0.708410 0.817708 0.709324 0.817057 0.708410 0.817708 0.707495 0.818359 0.706581 0.819010 0.705667 0.818359 0.706581 0.817708 0.705667 0.817057 0.706581 0.816406 0.706581 0.815755 0.706581 0.815104 0.705667 0.814453 0.704753 0.813802 0.703839 0.813802 0.702925 0.813802 0.702011 0.814453 0.701097 0.815104 0.700183 0.815755 0.699269 0.816406 0.699269 0.817057 0.698355 0.817708 0.697441 0.818359 0.698355 0.819010 0.697441 0.819661 0.697441 0.820312 0.697441 0.820964 0.697441 0.821615 0.698355 0.822266 0.698355 0.822917 0.698355 0.823568 0.698355 0.824219 0.698355 0.824870 0.698355 0.825521 0.698355 0.826172 0.698355 0.826823 0.698355 0.827474 0.697441 0.828125 0.697441 0.828776 0.697441 0.829427 0.697441 0.830078 0.696527 0.830729 0.696527 0.831380 0.695612 0.832031 0.695612 0.832682 0.694698 0.833333 0.695612 0.833984 0.695612 0.834635 0.696527 0.835286 0.697441 0.835938 0.698355 0.835938 0.699269 0.835286 0.700183 0.835938 0.699269 0.836589 0.699269 0.837240 0.699269 0.837891 0.699269 0.838542 0.699269 0.839193 0.698355 0.839844 0.699269 0.840495 0.698355 0.841146 0.697441 0.841797 0.698355 0.841146 0.697441 0.841797 0.696527 0.842448 0.695612 0.843099 0.694698 0.843750 0.693784 0.844401 0.693784 0.845052 0.692870 0.845703 0.692870 0.846354 0.692870 0.847005 0.692870 0.847656 0.693784 0.848307 0.693784 0.848958 0.694698 0.849609 0.695612 0.850260 0.694698 0.850911 0.694698 0.851562 0.694698 0.852214 0.695612 0.852865 0.695612 0.853516 0.695612 0.854167 0.696527 0.854818 0.696527 0.855469 0.696527 0.856120 0.696527 0.856771 0.696527 0.857422 0.695612 0.858073 0.695612 0.858073 0.694698 0.858073 0.693784 0.858073 0.692870 0.858073 0.691956 0.858724 0.691042 0.859375 0.691956 0.859375 0.692870 0.859375 0.693784 0.859375 0.694698 0.859375 0.695612 0.859375 0.696527 0.860026 0.696527 0.860677 0.697441 0.861328 0.698355 0.860677 0.699269 0.861328 0.698355 0.861979 0.698355 0.862630 0.698355 0.863281 0.698355 0.863932 0.697441 0.864583 0.698355 0.865234 0.699269 0.865885 0.700183 0.866536 0.701097 0.866536 0.702011 0.866536 0.702925 0.865885 0.703839 0.865234 0.704753 0.864583 0.704753 0.865234 0.704753 0.865885 0.703839 0.866536 0.703839 0.867188 0.704753 0.867839 0.704753 0.868490 0.704753 0.869141 0.704753 0.869792 0.704753 0.870443 0.703839 0.871094 0.703839 0.871745 0.702925 0.872396 0.702925 0.873047 0.702925 0.873698 0.702925 0.874349 0.703839 0.875000 0.703839 0.875651 0.702925 0.876302 0.702925 0.876953 0.702925 0.877604 0.702925 0.878255 0.703839 0.878906 0.704753 0.878255 0.703839 0.878255 0.702925 0.878906 0.702011 0.879557 0.701097 0.880208 0.701097 0.880859 0.700183 0.881510 0.699269 0.882161 0.699269 0.882812 0.698355 0.883464 0.698355 0.884115 0.698355 0.884766 0.697441 0.885417 0.698355 0.886068 0.699269 0.885417 0.698355 0.886068 0.697441 0.886719 0.696527 0.887370 0.696527 0.888021 0.695612 0.888672 0.695612 0.889323 0.695612 0.889974 0.695612 0.890625 0.696527 0.891276 0.696527 0.891927 0.697441 0.892578 0.698355 0.893229 0.699269 0.893880 0.700183 0.893880 0.701097 0.893880 0.702011 0.893880 0.702925 0.894531 0.703839 0.895182 0.704753 0.894531 0.705667 0.895182 0.704753 0.895833 0.705667 0.896484 0.704753 0.897135 0.704753 0.897786 0.704753 0.898438 0.705667 0.899089 0.705667 0.899740 0.706581 0.900391 0.706581 0.901042 0.707495 0.901693 0.708410 0.901693 0.709324 0.901042 0.710238 0.901693 0.709324 0.902344 0.709324 0.902344 0.708410 0.902344 0.707495 0.902995 0.706581 0.903646 0.705667 0.904297 0.706581 0.903646 0.705667 0.903646 0.704753 0.904297 0.703839 0.904948 0.702925 0.905599 0.702011 0.906250 0.702011 0.906901 0.701097 0.906901 0.700183 0.907552 0.699269 0.908203 0.698355 0.908854 0.698355 0.909505 0.697441 0.910156 0.697441 0.910807 0.697441 0.911458 0.696527 0.912109 0.696527 0.912760 0.695612 0.912760 0.694698 0.912760 0.693784 0.912760 0.692870 0.912760 0.691956 0.912760 0.691042 0.912760 0.690128 0.912760 0.689214 0.912760 0.688300 0.913411 0.687386 0.914062 0.688300 0.914062 0.689214 0.914062 0.690128 0.914062 0.691042 0.914062 0.691956 0.914062 0.692870 0.914062 0.693784 0.914062 0.694698 0.914062 0.695612 0.914062 0.696527 0.914714 0.695612 0.915365 0.696527 0.916016 0.696527 0.916667 0.697441 0.917318 0.697441 0.917969 0.698355 0.918620 0.699269 0.918620 0.700183 0.919271 0.701097 0.919922 0.702011 0.919922 0.702925 0.920573 0.703839 0.921224 0.703839 0.921875 0.702925 0.922526 0.703839 0.923177 0.703839 0.923828 0.704753 0.924479 0.704753 0.925130 0.704753 0.925781 0.703839 0.926432 0.703839 0.927083 0.703839 0.927734 0.702925 0.928385 0.702925 0.929036 0.702925 0.929688 0.702011 0.930339 0.702925 0.930990 0.702011 0.931641 0.702011 0.932292 0.702925 0.932943 0.702925 0.933594 0.702011 0.934245 0.702011 0.934245 0.701097 0.934245 0.700183 0.934245 0.699269 0.934245 0.698355 0.934245 0.697441 0.934245 0.696527 0.934896 0.695612 0.935547 0.694698 0.936198 0.694698 0.936849 0.693784 0.936849 0.692870 0.936849 0.691956 0.936849 0.691042 0.936849 0.690128 0.936849 0.689214 0.937500 0.688300 0.938151 0.689214 0.938151 0.690128 0.938151 0.691042 0.938151 0.691956 0.938151 0.692870 0.938151 0.693784 0.938151 0.694698 0.938802 0.694698 0.939453 0.695612 0.940104 0.696527 0.940104 0.697441 0.940755 0.696527 0.941406 0.697441 0.942057 0.697441 0.942708 0.697441 0.943359 0.698355 0.944010 0.698355 0.944661 0.699269 0.945312 0.699269 0.945964 0.700183 0.946615 0.700183 0.947266 0.700183 0.947917 0.700183 0.948568 0.700183 0.949219 0.699269 0.949870 0.699269 0.950521 0.699269 0.951172 0.700183 0.950521 0.701097 0.951172 0.700183 0.951823 0.701097 0.952474 0.702011 0.952474 0.702925 0.952474 0.703839 0.952474 0.704753 0.952474 0.705667 0.952474 0.706581 0.951823 0.707495 0.952474 0.706581 0.953125 0.706581 0.953776 0.705667 0.954427 0.705667 0.955078 0.704753 0.955729 0.704753 0.956380 0.704753 0.957031 0.704753 0.957682 0.703839 0.958333 0.703839 0.958984 0.704753 0.959635 0.704753 0.960286 0.704753 0.960938 0.703839 0.961589 0.704753 0.962240 0.703839 0.962891 0.703839 0.962891 0.702925 0.963542 0.702011 0.963542 0.701097 0.964193 0.700183 0.964844 0.699269 0.965495 0.699269 0.965495 0.698355 0.965495 0.697441 0.965495 0.696527 0.965495 0.695612 0.965495 0.694698 0.966146 0.693784 0.966797 0.694698 0.966797 0.695612 0.966797 0.696527 0.966797 0.697441 0.966797 0.698355 0.966797 0.697441 0.966797 0.696527 0.966797 0.695612 0.966797 0.694698 0.966797 0.693784 0.967448 0.692870 0.968099 0.693784 0.968099 0.694698 0.968099 0.695612 0.968099 0.696527 0.968099 0.697441 0.968099 0.696527 0.968099 0.695612 0.968099 0.694698 0.968099 0.693784 0.968099 0.692870 0.968750 0.691956 0.969401 0.692870 0.969401 0.693784 0.969401 0.694698 0.969401 0.695612 0.969401 0.696527 0.970052 0.695612 0.970703 0.695612 0.971354 0.694698 0.971354 0.693784 0.971354 0.692870 0.971354 0.691956 0.971354 0.691042 0.971354 0.690128 0.971354 0.689214 0.971354 0.688300 0.971354 0.687386 0.972005 0.686472 0.972656 0.687386 0.972656 0.688300 0.972656 0.689214 0.972656 0.690128 0.972656 0.691042 0.972656 0.691956 0.972656 0.692870 0.972656 0.693784 0.972656 0.694698 0.972656 0.695612 0.973307 0.695612 0.973958 0.696527 0.974609 0.697441 0.974609 0.698355 0.974609 0.699269 0.974609 0.700183 0.974609 0.701097 0.975260 0.702011 0.974609 0.702925 0.975260 0.702011 0.975911 0.702925 0.976562 0.702925 0.977214 0.702011 0.977865 0.702011 0.978516 0.702925 0.979167 0.702925 0.979818 0.703839 0.980469 0.704753 0.981120 0.703839 0.981771 0.703839 0.982422 0.704753 0.983073 0.704753 0.983724 0.704753 0.984375 0.703839 0.985026 0.703839 0.985677 0.704753 0.986328 0.704753 0.986979 0.705667 0.987630 0.704753 0.988281 0.704753 0.988932 0.704753 0.989583 0.705667 0.990234 0.704753 0.990885 0.703839 0.991536 0.703839 0.992188 0.702925 0.992839 0.702925 0.993490 0.702011 0.994141 0.701097 0.994792 0.701097 0.995443 0.700183 0.996094 0.700183 0.996745 0.699269 0.997396 0.699269 0.998047 0.700183 0.998698 0.699269 0.998698 0.698355 0.998698 0.697441 0.998698 0.696527 0.998698 0.695612 0.998698 0.694698 0.998698 0.693784 0.998698 0.692870 0.998698 0.691956 0.998698 0.691042 0.998698 0.690128 0.998698 0.689214 0.998698 0.688300 0.998698 0.687386 0.998698 0.686472 0.998698 0.685558 0.998698 0.684644 0.998698 0.683729 0.998698 0.682815 0.998047 0.681901 0.997396 0.682815 0.996745 0.682815 0.996094 0.683729 0.996094 0.684644 0.995443 0.685558 0.994792 0.686472 0.994141 0.687386 0.993490 0.688300 0.992839 0.689214 0.992188 0.689214 0.991536 0.690128 0.990885 0.690128 0.990234 0.691042 0.989583 0.691042 0.988932 0.691956 0.988281 0.691956 0.987630 0.691042 0.986979 0.691956 0.986328 0.691956 0.985677 0.691042 0.985026 0.691042 0.984375 0.690128 0.983724 0.691042 0.983073 0.690128 0.982422 0.690128 0.981771 0.689214 0.981120 0.689214 0.980469 0.688300 0.979818 0.687386 0.979167 0.687386 0.978516 0.687386 0.977865 0.688300 0.977214 0.688300 0.976562 0.687386 0.975911 0.687386 0.975260 0.686472 0.974609 0.687386 0.973958 0.686472 0.973307 0.686472 0.972656 0.687386 0.972005 0.686472 0.971354 0.687386 0.970703 0.687386 0.970052 0.687386 0.969401 0.687386 0.968750 0.686472 0.968099 0.687386 0.967448 0.688300 0.966797 0.688300 0.966797 0.689214 0.966146 0.690128 0.965495 0.689214 0.965495 0.690128 0.964844 0.691042 0.964193 0.690128 0.964193 0.689214 0.963542 0.690128 0.962891 0.691042 0.962240 0.691042 0.961589 0.691956 0.960938 0.691956 0.960286 0.691042 0.959635 0.691956 0.958984 0.691042 0.958333 0.691042 0.957682 0.691042 0.957031 0.691956 0.956380 0.691956 0.955729 0.692870 0.955078 0.692870 0.954427 0.693784 0.953776 0.692870 0.953125 0.692870 0.952474 0.691956 0.951823 0.691042 0.951823 0.690128 0.951823 0.689214 0.951823 0.688300 0.951823 0.687386 0.951823 0.686472 0.952474 0.685558 0.952474 0.684644 0.952474 0.685558 0.951823 0.686472 0.951172 0.685558 0.951823 0.686472 0.951172 0.687386 0.950521 0.688300 0.949870 0.688300 0.949219 0.689214 0.948568 0.689214 0.947917 0.688300 0.947266 0.688300 0.946615 0.687386 0.945964 0.686472 0.945964 0.685558 0.945964 0.684644 0.945964 0.683729 0.946615 0.682815 0.947266 0.681901 0.947917 0.682815 0.947266 0.681901 0.947917 0.680987 0.947917 0.680073 0.948568 0.679159 0.948568 0.678245 0.949219 0.677331 0.948568 0.678245 0.947917 0.677331 0.947266 0.676417 0.947917 0.675503 0.947266 0.676417 0.946615 0.676417 0.945964 0.676417 0.945312 0.675503 0.944661 0.675503 0.944010 0.676417 0.943359 0.676417 0.942708 0.675503 0.942708 0.674589 0.942708 0.675503 0.943359 0.676417 0.942708 0.677331 0.943359 0.678245 0.943359 0.679159 0.944010 0.680073 0.944661 0.680987 0.944661 0.681901 0.944661 0.682815 0.944661 0.683729 0.944010 0.684644 0.944010 0.685558 0.943359 0.686472 0.942708 0.687386 0.942057 0.687386 0.941406 0.688300 0.940755 0.688300 0.940104 0.688300 0.939453 0.689214 0.938802 0.689214 0.938151 0.688300 0.937500 0.688300 0.936849 0.689214 0.936198 0.689214 0.935547 0.689214 0.934896 0.689214 0.934245 0.688300 0.933594 0.688300 0.932943 0.687386 0.932292 0.686472 0.931641 0.686472 0.930990 0.686472 0.930339 0.686472 0.929688 0.686472 0.929036 0.687386 0.928385 0.687386 0.927734 0.688300 0.927083 0.688300 0.926432 0.688300 0.925781 0.688300 0.925130 0.688300 0.924479 0.688300 0.923828 0.688300 0.923177 0.688300 0.922526 0.688300 0.921875 0.688300 0.921224 0.687386 0.920573 0.688300 0.919922 0.688300 0.919271 0.687386 0.918620 0.687386 0.917969 0.686472 0.917318 0.687386 0.916667 0.687386 0.916016 0.687386 0.915365 0.688300 0.914714 0.688300 0.914062 0.688300 0.913411 0.687386 0.912760 0.687386 0.912109 0.687386 0.911458 0.688300 0.910807 0.688300 0.910156 0.687386 0.909505 0.687386 0.908854 0.686472 0.908203 0.685558 0.908203 0.684644 0.907552 0.684644 0.906901 0.683729 0.906250 0.684644 0.905599 0.684644 0.905599 0.685558 0.904948 0.686472 0.904297 0.685558 0.904297 0.684644 0.904297 0.683729 0.903646 0.683729 0.902995 0.682815 0.902344 0.682815 0.901693 0.681901 0.901042 0.681901 0.900391 0.680987 0.899740 0.680987 0.899089 0.680987 0.898438 0.681901 0.897786 0.681901 0.897135 0.682815 0.896484 0.682815 0.895833 0.682815 0.895182 0.682815 0.894531 0.681901 0.893880 0.681901 0.893229 0.680987 0.892578 0.680073 0.893229 0.680987 0.892578 0.681901 0.891927 0.682815 0.891276 0.683729 0.890625 0.684644 0.889974 0.684644 0.889323 0.685558 0.888672 0.685558 0.888021 0.685558 0.887370 0.685558 0.886719 0.684644 0.886068 0.685558 0.885417 0.685558 0.884766 0.685558 0.884115 0.686472 0.883464 0.685558 0.882812 0.685558 0.882161 0.684644 0.881510 0.684644 0.880859 0.683729 0.880208 0.682815 0.880859 0.681901 0.880208 0.682815 0.879557 0.681901 0.878906 0.681901 0.878255 0.680987 0.877604 0.681901 0.876953 0.681901 0.876302 0.681901 0.875651 0.680987 0.875000 0.680987 0.874349 0.680073 0.873698 0.680073 0.873047 0.679159 0.872396 0.679159 0.871745 0.679159 0.871094 0.680073 0.870443 0.680073 0.869792 0.679159 0.869141 0.680073 0.868490 0.680073 0.867839 0.679159 0.867188 0.679159 0.866536 0.678245 0.865885 0.678245 0.865234 0.679159 0.864583 0.679159 0.864583 0.680073 0.864583 0.680987 0.864583 0.681901 0.863932 0.682815 0.863932 0.683729 0.863281 0.684644 0.862630 0.685558 0.861979 0.685558 0.861328 0.686472 0.860677 0.686472 0.860026 0.686472 0.860026 0.687386 0.860026 0.688300 0.860026 0.689214 0.860026 0.690128 0.860026 0.691042 0.859375 0.691956 0.858724 0.691042 0.858724 0.690128 0.858724 0.689214 0.858724 0.688300 0.858724 0.687386 0.858724 0.686472 0.858073 0.686472 0.857422 0.685558 0.856771 0.684644 0.856771 0.683729 0.856771 0.682815 0.857422 0.681901 0.856771 0.682815 0.856120 0.681901 0.855469 0.681901 0.854818 0.681901 0.854167 0.681901 0.853516 0.680987 0.853516 0.680073 0.853516 0.680987 0.854167 0.681901 0.853516 0.682815 0.852865 0.683729 0.852214 0.683729 0.851562 0.684644 0.850911 0.684644 0.850260 0.684644 0.849609 0.684644 0.848958 0.684644 0.848307 0.683729 0.847656 0.683729 0.847005 0.682815 0.846354 0.682815 0.845703 0.681901 0.845052 0.682815 0.844401 0.683729 0.843750 0.683729 0.843750 0.684644 0.843099 0.685558 0.842448 0.686472 0.841797 0.687386 0.841146 0.687386 0.840495 0.688300 0.839844 0.687386 0.839193 0.687386 0.838542 0.686472 0.837891 0.685558 0.837891 0.684644 0.838542 0.683729 0.837891 0.684644 0.837240 0.683729 0.836589 0.682815 0.837240 0.681901 0.836589 0.682815 0.835938 0.681901 0.835286 0.681901 0.834635 0.681901 0.833984 0.680987 0.833333 0.681901 0.832682 0.681901 0.832031 0.682815 0.831380 0.682815 0.830729 0.682815 0.830078 0.682815 0.829427 0.683729 0.828776 0.683729 0.828125 0.682815 0.827474 0.682815 0.826823 0.683729 0.826172 0.682815 0.825521 0.682815 0.824870 0.682815 0.824219 0.683729 0.823568 0.683729 0.822917 0.684644 0.822266 0.684644 0.821615 0.685558 0.820964 0.684644 0.820312 0.684644 0.819661 0.684644 0.819010 0.685558 0.818359 0.685558 0.817708 0.684644 0.817057 0.684644 0.816406 0.683729 0.815755 0.682815 0.815104 0.682815 0.814453 0.682815 0.813802 0.682815 0.813151 0.683729 0.812500 0.682815 0.813151 0.683729 0.812500 0.684644 0.811849 0.685558 0.811198 0.686472 0.810547 0.686472 0.809896 0.687386 0.809245 0.688300 0.808594 0.688300 0.807943 0.689214 0.807292 0.688300 0.806641 0.688300 0.805990 0.689214 0.805339 0.688300 0.804688 0.689214 0.804036 0.689214 0.803385 0.688300 0.802734 0.688300 0.802083 0.687386 0.801432 0.686472 0.800781 0.686472 0.800130 0.685558 0.799479 0.684644 0.800130 0.683729 0.799479 0.684644 0.798828 0.683729 0.798177 0.682815 0.797526 0.681901 0.797526 0.680987 0.796875 0.681901 0.796224 0.680987 0.795573 0.680987 0.794922 0.680987 0.794271 0.680073 0.794922 0.680987 0.794271 0.681901 0.793620 0.682815 0.792969 0.682815 0.792318 0.683729 0.791667 0.683729 0.791016 0.682815 0.790365 0.682815 0.789714 0.682815 0.789062 0.681901 0.788411 0.681901 0.787760 0.681901 0.787109 0.682815 0.786458 0.682815 0.785807 0.682815 0.785156 0.683729 0.784505 0.683729 0.783854 0.683729 0.783203 0.682815 0.782552 0.683729 0.781901 0.683729 0.781250 0.683729 0.780599 0.683729 0.779948 0.684644 0.779297 0.683729 0.778646 0.684644 0.777995 0.685558 0.777344 0.684644 0.777995 0.685558 0.777344 0.686472 0.776693 0.687386 0.776042 0.687386 0.775391 0.688300 0.774740 0.688300 0.774089 0.688300 0.773438 0.687386 0.772786 0.686472 0.773438 0.687386 0.772786 0.688300 0.772135 0.689214 0.771484 0.689214 0.770833 0.690128 0.770182 0.689214 0.769531 0.689214 0.768880 0.690128 0.768229 0.690128 0.767578 0.690128 0.766927 0.690128 0.766276 0.690128 0.765625 0.689214 0.764974 0.689214 0.764323 0.688300 0.763672 0.688300 0.763021 0.688300 0.762370 0.688300 0.761719 0.688300 0.761068 0.687386 0.760417 0.688300 0.759766 0.688300 0.759115 0.687386 0.758464 0.688300 0.757812 0.687386 0.757161 0.687386 0.756510 0.686472 0.755859 0.687386 0.755208 0.686472 0.754557 0.686472 0.753906 0.686472 0.753255 0.685558 0.752604 0.686472 0.751953 0.686472 0.751302 0.687386 0.750651 0.688300 0.750000 0.688300 0.749349 0.689214 0.748698 0.689214 0.748047 0.689214 0.747396 0.688300 0.748047 0.689214 0.747396 0.690128 0.747396 0.691042 0.746745 0.691956 0.746094 0.692870 0.745443 0.692870 0.744792 0.693784 0.744141 0.692870 0.743490 0.692870 0.742839 0.693784 0.742188 0.693784 0.741536 0.693784 0.740885 0.693784 0.740234 0.692870 0.739583 0.692870 0.738932 0.692870 0.738281 0.691956 0.737630 0.691956 0.736979 0.692870 0.736328 0.692870 0.735677 0.692870 0.735026 0.692870 0.734375 0.692870 0.733724 0.692870 0.733073 0.692870 0.732422 0.692870 0.731771 0.691956 0.731120 0.691956 0.730469 0.691042 0.729818 0.690128 0.729818 0.689214 0.729818 0.688300 0.730469 0.687386 0.731120 0.686472 0.731771 0.687386 0.731120 0.686472 0.731120 0.685558 0.731120 0.684644 0.731771 0.683729 0.731120 0.683729 0.730469 0.682815 0.729818 0.682815 0.729167 0.681901 0.729818 0.682815 0.729818 0.683729 0.729167 0.684644 0.728516 0.685558 0.727865 0.686472 0.727214 0.685558 0.727865 0.686472 0.727865 0.687386 0.727214 0.688300 0.726562 0.689214 0.725911 0.690128 0.725260 0.690128 0.724609 0.691042 0.723958 0.691042 0.723307 0.691042 0.722656 0.691042 0.722005 0.691042 0.721354 0.690128 0.722005 0.691042 0.721354 0.691956 0.720703 0.692870 0.720052 0.692870 0.719401 0.693784 0.718750 0.692870 0.718099 0.693784 0.717448 0.693784 0.716797 0.693784 0.716146 0.693784 0.715495 0.693784 0.714844 0.694698 0.714193 0.694698 0.713542 0.694698 0.712891 0.694698 0.712240 0.693784 0.711589 0.693784 0.710938 0.692870 0.710286 0.692870 0.709635 0.692870 0.708984 0.693784 0.708333 0.693784 0.707682 0.694698 0.707031 0.693784 0.706380 0.693784 0.705729 0.692870 0.705078 0.691956 0.705078 0.691042 0.705078 0.690128 0.705729 0.689214 0.706380 0.688300 0.707031 0.687386 0.707682 0.687386 0.708333 0.686472 0.708984 0.686472 0.709635 0.685558 0.710286 0.685558 0.710938 0.684644 0.711589 0.684644 0.711589 0.683729 0.710938 0.682815 0.711589 0.681901 0.710938 0.682815 0.710286 0.681901 0.709635 0.681901 0.708984 0.681901 0.708333 0.681901 0.707682 0.680987 0.707031 0.680987 0.706380 0.680073 0.705729 0.679159 0.706380 0.678245 0.705729 0.679159 0.705078 0.680073 0.704427 0.680073 0.703776 0.679159 0.703125 0.679159 0.702474 0.678245 0.701823 0.679159 0.701172 0.679159 0.700521 0.679159 0.699870 0.678245 0.699219 0.678245 0.698568 0.677331 0.697917 0.677331 0.697266 0.676417 0.696615 0.676417 0.695964 0.675503 0.695312 0.675503 0.694661 0.674589 0.694010 0.674589 0.693359 0.673675 0.692708 0.672761 0.692708 0.671846 0.692708 0.670932 0.693359 0.670018 0.694010 0.669104 0.694661 0.669104 0.695312 0.668190 0.695964 0.667276 0.696615 0.668190 0.697266 0.667276 0.697917 0.667276 0.698568 0.666362 0.699219 0.666362 0.699870 0.665448 0.700521 0.665448 0.701172 0.665448 0.701823 0.665448 0.702474 0.665448 0.703125 0.664534 0.703776 0.664534 0.704427 0.663620 0.705078 0.664534 0.705729 0.664534 0.706380 0.665448 0.707031 0.666362 0.707031 0.667276 0.707031 0.668190 0.707031 0.669104 0.707031 0.670018 0.706380 0.670932 0.706380 0.671846 0.706380 0.670932 0.707031 0.670018 0.707682 0.670018 0.708333 0.670018 0.708984 0.670018 0.709635 0.669104 0.710286 0.670018 0.710938 0.670018 0.711589 0.670932 0.712240 0.671846 0.712891 0.671846 0.713542 0.670932 0.714193 0.671846 0.713542 0.670932 0.714193 0.670018 0.714844 0.669104 0.715495 0.668190 0.716146 0.668190 0.716797 0.667276 0.717448 0.667276 0.718099 0.666362 0.717448 0.666362 0.716797 0.665448 0.716146 0.664534 0.715495 0.664534 0.714844 0.664534 0.714193 0.665448 0.713542 0.665448 0.712891 0.665448 0.712240 0.665448 0.711589 0.665448 0.710938 0.664534 0.710286 0.664534 0.709635 0.663620 0.708984 0.662706 0.708333 0.661792 0.708333 0.660878 0.708333 0.659963 0.708984 0.659049 0.709635 0.658135 0.710286 0.657221 0.710938 0.656307 0.711589 0.656307 0.711589 0.655393 0.712240 0.654479 0.712891 0.655393 0.713542 0.654479 0.714193 0.654479 0.714844 0.654479 0.715495 0.655393 0.716146 0.655393 0.716797 0.656307 0.717448 0.656307 0.718099 0.655393 0.718750 0.655393 0.719401 0.655393 0.720052 0.654479 0.720703 0.654479 0.721354 0.654479 0.722005 0.653565 0.722005 0.652651 0.722005 0.651737 0.722005 0.650823 0.722005 0.649909 0.722005 0.648995 0.722005 0.648080 0.722005 0.647166 0.722005 0.646252 0.722005 0.645338 0.721354 0.645338 0.720703 0.644424 0.720052 0.643510 0.719401 0.642596 0.719401 0.641682 0.720052 0.640768 0.719401 0.639854 0.719401 0.638940 0.719401 0.638026 0.720052 0.637112 0.720703 0.636197 0.721354 0.637112 0.720703 0.636197 0.721354 0.635283 0.722005 0.635283 0.722656 0.635283 0.723307 0.636197 0.723958 0.636197 0.724609 0.637112 0.725260 0.638026 0.725911 0.638940 0.725911 0.639854 0.725260 0.640768 0.725911 0.641682 0.725911 0.642596 0.725911 0.643510 0.725260 0.644424 0.724609 0.645338 0.723958 0.645338 0.723307 0.646252 0.723307 0.647166 0.723307 0.648080 0.723307 0.648995 0.723307 0.649909 0.723307 0.650823 0.723307 0.651737 0.723307 0.652651 0.723307 0.653565 0.723307 0.654479 0.723958 0.654479 0.724609 0.655393 0.725260 0.656307 0.725911 0.657221 0.725911 0.658135 0.725911 0.659049 0.725911 0.659963 0.725911 0.660878 0.725911 0.661792 0.725911 0.662706 0.725260 0.663620 0.724609 0.663620 0.725260 0.663620 0.725911 0.662706 0.726562 0.663620 0.727214 0.662706 0.727865 0.663620 0.727214 0.662706 0.727865 0.661792 0.728516 0.660878 0.729167 0.661792 0.728516 0.660878 0.728516 0.659963 0.728516 0.659049 0.728516 0.658135 0.728516 0.657221 0.728516 0.656307 0.729167 0.655393 0.729818 0.654479 0.730469 0.654479 0.730469 0.653565 0.730469 0.652651 0.730469 0.651737 0.730469 0.650823 0.730469 0.649909 0.730469 0.648995 0.730469 0.648080 0.730469 0.647166 0.730469 0.646252 0.730469 0.645338 0.729818 0.645338 0.729167 0.644424 0.729167 0.643510 0.729167 0.642596 0.728516 0.641682 0.729167 0.640768 0.728516 0.639854 0.729167 0.638940 0.729167 0.638026 0.729167 0.637112 0.729167 0.636197 0.729818 0.635283 0.730469 0.634369 0.731120 0.633455 0.731771 0.632541 0.732422 0.631627 0.733073 0.632541 0.732422 0.631627 0.733073 0.630713 0.733724 0.629799 0.733724 0.628885 0.733724 0.627971 0.733724 0.627057 0.733724 0.626143 0.733724 0.625229 0.733724 0.624314 0.734375 0.623400 0.733724 0.624314 0.733073 0.623400 0.732422 0.622486 0.732422 0.621572 0.731771 0.621572 0.731120 0.620658 0.730469 0.620658 0.729818 0.620658 0.729167 0.621572 0.728516 0.622486 0.727865 0.622486 0.727214 0.623400 0.726562 0.623400 0.725911 0.622486 0.725260 0.622486 0.724609 0.621572 0.723958 0.620658 0.723958 0.619744 0.723958 0.618830 0.723307 0.618830 0.722656 0.617916 0.722005 0.617916
0 0.952474 0.603291 0.951823 0.604205 0.951172 0.604205 0.950521 0.605119 0.949870 0.606033 0.949219 0.606033 0.948568 0.606947 0.947917 0.606947 0.947266 0.606033 0.947917 0.606947 0.947266 0.607861 0.946615 0.608775 0.945964 0.607861 0.946615 0.608775 0.945964 0.609689 0.945964 0.610603 0.945964 0.611517 0.945312 0.612431 0.945964 0.611517 0.946615 0.612431 0.947266 0.613346 0.947917 0.613346 0.948568 0.614260 0.949219 0.615174 0.948568 0.616088 0.949219 0.615174 0.949870 0.616088 0.950521 0.617002 0.951172 0.617916 0.951172 0.618830 0.951823 0.619744 0.952474 0.619744 0.953125 0.620658 0.953776 0.621572 0.953776 0.622486 0.953125 0.623400 0.953776 0.622486 0.954427 0.623400 0.955078 0.624314 0.955729 0.625229 0.956380 0.625229 0.957031 0.625229 0.957682 0.625229 0.958333 0.626143 0.958984 0.626143 0.959635 0.626143 0.960286 0.625229 0.960938 0.625229 0.961589 0.626143 0.962240 0.626143 0.962891 0.627057 0.963542 0.627057 0.964193 0.627971 0.964844 0.628885 0.965495 0.629799 0.964844 0.630713 0.965495 0.631627 0.965495 0.632541 0.965495 0.633455 0.964844 0.634369 0.964193 0.635283 0.963542 0.635283 0.962891 0.636197 0.962240 0.636197 0.961589 0.636197 0.960938 0.637112 0.960286 0.638026 0.959635 0.638940 0.958984 0.638026 0.959635 0.638940 0.959635 0.639854 0.959635 0.640768 0.958984 0.641682 0.959635 0.642596 0.959635 0.643510 0.959635 0.644424 0.959635 0.645338 0.960286 0.646252 0.960286 0.647166 0.960286 0.648080 0.960938 0.648080 0.961589 0.648995 0.962240 0.648995 0.962891 0.648995 0.963542 0.648995 0.964193 0.648995 0.964844 0.649909 0.965495 0.650823 0.965495 0.651737 0.966146 0.652651 0.965495 0.653565 0.964844 0.654479 0.964844 0.655393 0.964193 0.656307 0.964193 0.657221 0.964193 0.658135 0.964193 0.659049 0.964844 0.659963 0.964193 0.659049 0.964193 0.658135 0.964844 0.657221 0.965495 0.656307 0.966146 0.656307 0.966797 0.655393 0.967448 0.656307 0.968099 0.656307 0.968750 0.657221 0.969401 0.657221 0.970052 0.658135 0.970703 0.658135 0.971354 0.658135 0.972005 0.659049 0.972656 0.659049 0.973307 0.659963 0.973958 0.660878 0.973958 0.661792 0.973958 0.662706 0.973958 0.663620 0.973958 0.664534 0.974609 0.665448 0.975260 0.666362 0.975911 0.667276 0.976562 0.668190 0.976562 0.669104 0.976562 0.670018 0.977214 0.670018 0.977865 0.669104 0.978516 0.669104 0.979167 0.669104 0.979818 0.669104 0.980469 0.670018 0.981120 0.670018 0.981771 0.670932 0.982422 0.670932 0.983073 0.671846 0.983724 0.672761 0.983073 0.673675 0.983724 0.672761 0.984375 0.672761 0.985026 0.671846 0.985677 0.672761 0.985026 0.671846 0.984375 0.670932 0.984375 0.670018 0.985026 0.669104 0.984375 0.670018 0.983724 0.669104 0.983073 0.669104 0.982422 0.669104 0.981771 0.669104 0.981120 0.669104 0.980469 0.669104 0.979818 0.669104 0.979167 0.669104 0.978516 0.669104 0.977865 0.668190 0.977214 0.668190 0.976562 0.667276 0.975911 0.666362 0.975260 0.665448 0.975260 0.664534 0.975260 0.663620 0.975260 0.662706 0.975911 0.661792 0.975911 0.660878 0.976562 0.659963 0.977214 0.659049 0.977865 0.659963 0.977214 0.659049 0.977214 0.658135 0.977865 0.657221 0.977865 0.656307 0.978516 0.655393 0.979167 0.654479 0.979818 0.654479 0.979818 0.653565 0.980469 0.652651 0.981120 0.653565 0.981771 0.652651 0.982422 0.653565 0.983073 0.653565 0.983724 0.654479 0.984375 0.655393 0.984375 0.656307 0.985026 0.657221 0.985026 0.658135 0.984375 0.659049 0.985026 0.658135 0.985677 0.659049 0.986328 0.659963 0.986979 0.659049 0.987630 0.659049 0.988281 0.659049 0.988932 0.658135 0.989583 0.659049 0.990234 0.659049 0.990885 0.659963 0.991536 0.660878 0.991536 0.661792 0.992188 0.662706 0.992188 0.663620 0.991536 0.664534 0.991536 0.665448 0.991536 0.664534 0.992188 0.663620 0.992839 0.664534 0.993490 0.663620 0.994141 0.662706 0.994792 0.662706 0.995443 0.661792 0.996094 0.662706 0.996745 0.662706 0.997396 0.663620 0.998047 0.664534 0.998047 0.665448 0.998047 0.666362 0.998698 0.667276 0.998047 0.668190 0.998698 0.667276 0.998698 0.666362 0.998698 0.665448 0.998698 0.664534 0.998698 0.663620 0.998698 0.662706 0.998698 0.661792 0.998698 0.660878 0.998698 0.659963 0.998698 0.659049 0.998698 0.658135 0.998698 0.657221 0.998698 0.656307 0.998698 0.655393 0.998698 0.654479 0.998698 0.653565 0.998698 0.652651 0.998698 0.651737 0.998698 0.650823 0.998698 0.649909 0.998698 0.648995 0.998698 0.648080 0.998698 0.647166 0.998047 0.646252 0.997396 0.646252 0.996745 0.645338 0.996094 0.645338 0.995443 0.646252 0.994792 0.646252 0.994141 0.647166 0.993490 0.648080 0.992839 0.648995 0.992188 0.648995 0.991536 0.649909 0.990885 0.649909 0.990234 0.648995 0.989583 0.648995 0.988932 0.648080 0.988281 0.647166 0.988281 0.646252 0.988281 0.645338 0.988932 0.644424 0.988932 0.643510 0.988932 0.642596 0.989583 0.641682 0.990234 0.640768 0.990885 0.641682 0.990234 0.640768 0.990234 0.639854 0.990234 0.638940 0.990234 0.638026 0.990885 0.637112 0.990885 0.636197 0.991536 0.635283 0.991536 0.634369 0.992188 0.633455 0.992188 0.632541 0.992188 0.631627 0.991536 0.630713 0.990885 0.629799 0.991536 0.628885 0.990885 0.629799 0.990234 0.629799 0.989583 0.629799 0.988932 0.630713 0.988281 0.629799 0.988932 0.630713 0.988932 0.631627 0.988281 0.632541 0.987630 0.633455 0.986979 0.633455 0.986328 0.634369 0.985677 0.635283 0.985026 0.636197 0.984375 0.637112 0.983724 0.637112 0.983073 0.638026 0.982422 0.638026 0.981771 0.638026 0.981120 0.638026 0.980469 0.638026 0.979818 0.638026 0.979167 0.637112 0.979167 0.636197 0.979167 0.635283 0.979167 0.634369 0.979818 0.633455 0.980469 0.632541 0.981120 0.633455 0.980469 0.632541 0.981120 0.631627 0.981771 0.630713 0.981771 0.629799 0.982422 0.628885 0.983073 0.627971 0.983724 0.627057 0.983724 0.626143 0.984375 0.625229 0.984375 0.624314 0.985026 0.623400 0.985026 0.622486 0.985026 0.621572 0.985677 0.620658 0.986328 0.619744 0.986979 0.618830 0.987630 0.619744 0.986979 0.618830 0.986979 0.617916 0.986979 0.617002 0.986328 0.616088 0.986328 0.615174 0.986328 0.614260 0.986979 0.613346 0.986328 0.612431 0.986328 0.611517 0.986328 0.610603 0.986328 0.609689 0.986328 0.608775 0.985677 0.608775 0.985026 0.607861 0.984375 0.607861 0.983724 0.607861 0.983073 0.607861 0.982422 0.607861 0.981771 0.607861 0.981120 0.606947 0.981771 0.607861 0.981771 0.608775 0.981771 0.609689 0.981771 0.610603 0.981120 0.611517 0.980469 0.612431 0.980469 0.613346 0.980469 0.614260 0.980469 0.615174 0.979818 0.616088 0.979167 0.617002 0.978516 0.617002 0.977865 0.617916 0.977214 0.617002 0.976562 0.617002 0.975911 0.616088 0.975260 0.615174 0.975260 0.614260 0.975911 0.613346 0.975260 0.614260 0.974609 0.613346 0.973958 0.613346 0.973307 0.612431 0.972656 0.612431 0.972005 0.611517 0.971354 0.610603 0.971354 0.609689 0.970703 0.609689 0.970052 0.608775 0.969401 0.608775 0.968750 0.608775 0.968750 0.609689 0.968099 0.610603 0.967448 0.611517 0.966797 0.612431 0.966146 0.612431 0.965495 0.613346 0.964844 0.612431 0.964193 0.612431 0.963542 0.611517 0.962891 0.610603 0.962891 0.609689 0.962240 0.608775 0.962891 0.607861 0.962240 0.608775 0.961589 0.608775 0.960938 0.608775 0.960286 0.608775 0.959635 0.607861 0.958984 0.607861 0.958333 0.606947 0.957682 0.606947 0.957031 0.606033 0.956380 0.605119 0.955729 0.605119 0.955078 0.605119 0.954427 0.604205 0.953776 0.604205 0.953125 0.603291
0 0.522135 0.601463 0.521484 0.602377 0.520833 0.602377 0.520182 0.603291 0.519531 0.603291 0.518880 0.602377 0.519531 0.603291 0.518880 0.604205 0.518880 0.605119 0.518880 0.606033 0.518229 0.606947 0.517578 0.607861 0.516927 0.608775 0.516276 0.609689 0.515625 0.608775 0.514974 0.608775 0.514323 0.607861 0.514323 0.606947 0.513672 0.606947 0.514323 0.607861 0.514974 0.608775 0.514974 0.609689 0.514323 0.610603 0.514974 0.609689 0.515625 0.610603 0.516276 0.611517 0.516276 0.612431 0.516276 0.613346 0.515625 0.614260 0.516276 0.613346 0.516927 0.614260 0.517578 0.615174 0.517578 0.616088 0.518229 0.617002 0.518880 0.617916 0.518880 0.618830 0.518880 0.619744 0.518229 0.620658 0.518880 0.619744 0.519531 0.619744 0.520182 0.620658 0.520833 0.620658 0.521484 0.620658 0.522135 0.621572 0.522786 0.620658 0.523438 0.621572 0.524089 0.621572 0.524740 0.622486 0.525391 0.621572 0.526042 0.621572 0.526693 0.621572 0.527344 0.622486 0.527995 0.622486 0.528646 0.622486 0.529297 0.621572 0.529948 0.621572 0.530599 0.622486 0.529948 0.621572 0.530599 0.620658 0.531250 0.619744 0.531901 0.618830 0.531901 0.617916 0.532552 0.617002 0.533203 0.616088 0.533854 0.617002 0.533203 0.616088 0.533203 0.615174 0.533203 0.614260 0.533203 0.613346 0.533203 0.612431 0.532552 0.611517 0.532552 0.610603 0.533203 0.609689 0.532552 0.610603 0.531901 0.609689 0.531250 0.608775 0.531250 0.607861 0.531250 0.606947 0.530599 0.606033 0.530599 0.605119 0.530599 0.604205 0.530599 0.603291 0.530599 0.602377 0.531250 0.601463 0.530599 0.601463 0.529948 0.602377 0.529297 0.602377 0.528646 0.601463 0.527995 0.601463 0.527344 0.602377 0.526693 0.602377 0.526042 0.602377 0.525391 0.602377 0.524740 0.602377 0.524089 0.601463 0.523438 0.601463 0.522786 0.601463
0 0.263672 0.601463 0.263021 0.602377 0.262370 0.603291 0.261719 0.603291 0.261068 0.604205 0.260417 0.604205 0.259766 0.605119 0.259115 0.605119 0.258464 0.605119 0.257812 0.605119 0.257812 0.606033 0.257161 0.606947 0.257161 0.607861 0.256510 0.608775 0.256510 0.609689 0.256510 0.610603 0.256510 0.611517 0.256510 0.612431 0.256510 0.613346 0.257161 0.614260 0.257812 0.615174 0.257812 0.616088 0.258464 0.617002 0.258464 0.617916 0.258464 0.618830 0.257812 0.619744 0.258464 0.618830 0.259115 0.619744 0.259766 0.620658 0.259766 0.621572 0.259766 0.622486 0.259115 0.623400 0.259766 0.622486 0.260417 0.622486 0.261068 0.623400 0.261719 0.623400 0.262370 0.622486 0.263021 0.622486 0.263672 0.622486 0.264323 0.622486 0.264974 0.622486 0.265625 0.621572 0.266276 0.621572 0.266276 0.620658 0.266276 0.619744 0.266276 0.618830 0.266927 0.617916 0.267578 0.617002 0.268229 0.617002 0.268880 0.616088 0.269531 0.616088 0.270182 0.617002 0.270833 0.616088 0.271484 0.617002 0.272135 0.617002 0.272786 0.617916 0.272135 0.617002 0.272786 0.616088 0.272786 0.615174 0.273438 0.614260 0.274089 0.613346 0.274740 0.614260 0.274089 0.613346 0.274089 0.612431 0.274740 0.611517 0.274740 0.610603 0.274740 0.609689 0.274740 0.608775 0.274740 0.607861 0.274740 0.606947 0.274740 0.606033 0.274089 0.605119 0.274089 0.604205 0.273438 0.604205 0.272786 0.603291 0.272135 0.603291 0.271484 0.602377 0.270833 0.602377 0.270182 0.602377 0.269531 0.601463 0.268880 0.601463 0.268229 0.601463 0.267578 0.602377 0.266927 0.602377 0.266276 0.602377 0.265625 0.602377 0.264974 0.602377 0.264323 0.601463
0 0.375651 0.600548 0.376302 0.600548 0.376953 0.601463 0.376953 0.602377 0.376953 0.603291 0.376953 0.604205 0.376302 0.605119 0.375651 0.606033 0.375000 0.606947 0.374349 0.606033 0.375000 0.606947 0.375000 0.607861 0.375000 0.608775 0.374349 0.609689 0.374349 0.610603 0.374349 0.611517 0.374349 0.612431 0.374349 0.613346 0.374349 0.614260 0.375000 0.615174 0.374349 0.616088 0.375000 0.615174 0.375651 0.615174 0.376302 0.615174 0.376953 0.615174 0.377604 0.615174 0.378255 0.614260 0.378906 0.615174 0.379557 0.614260 0.380208 0.614260 0.380859 0.615174 0.380208 0.614260 0.380859 0.613346 0.381510 0.612431 0.382161 0.612431 0.382812 0.611517 0.382812 0.610603 0.382812 0.609689 0.382812 0.608775 0.382812 0.607861 0.383464 0.606947 0.384115 0.607861 0.384115 0.608775 0.384115 0.609689 0.384115 0.610603 0.384115 0.611517 0.384115 0.612431 0.384766 0.612431 0.385417 0.613346 0.386068 0.614260 0.386068 0.615174 0.386068 0.616088 0.386068 0.617002 0.386068 0.617916 0.385417 0.618830 0.384766 0.619744 0.384115 0.618830 0.384766 0.619744 0.384115 0.620658 0.383464 0.621572 0.384115 0.620658 0.384766 0.620658 0.385417 0.621572 0.386068 0.621572 0.386719 0.621572 0.387370 0.622486 0.386719 0.621572 0.387370 0.620658 0.387370 0.619744 0.388021 0.618830 0.388672 0.617916 0.389323 0.618830 0.388672 0.617916 0.389323 0.617002 0.389974 0.616088 0.390625 0.616088 0.389974 0.615174 0.389974 0.614260 0.389974 0.613346 0.390625 0.612431 0.390625 0.611517 0.390625 0.610603 0.390625 0.609689 0.391276 0.608775 0.390625 0.609689 0.389974 0.608775 0.389323 0.607861 0.388672 0.607861 0.388021 0.606947 0.387370 0.606033 0.387370 0.605119 0.388021 0.604205 0.387370 0.605119 0.386719 0.604205 0.386068 0.603291 0.386719 0.602377 0.386068 0.603291 0.385417 0.603291 0.384766 0.603291 0.384766 0.604205 0.384766 0.605119 0.384766 0.606033 0.384766 0.606947 0.384115 0.607861 0.383464 0.606947 0.383464 0.606033 0.383464 0.605119 0.383464 0.604205 0.383464 0.603291 0.383464 0.602377 0.382812 0.602377 0.382161 0.602377 0.381510 0.601463 0.380859 0.601463 0.380208 0.601463 0.379557 0.602377 0.378906 0.601463 0.378255 0.601463 0.377604 0.601463 0.376953 0.601463 0.376302 0.600548
0 0.292318 0.600548 0.291667 0.601463 0.291016 0.602377 0.290365 0.602377 0.289714 0.603291 0.289062 0.604205 0.288411 0.603291 0.289062 0.604205 0.288411 0.605119 0.287760 0.606033 0.287760 0.606947 0.287109 0.607861 0.287109 0.608775 0.286458 0.609689 0.287109 0.608775 0.287760 0.609689 0.288411 0.610603 0.289062 0.611517 0.289062 0.612431 0.289062 0.613346 0.289062 0.614260 0.288411 0.615174 0.287760 0.616088 0.288411 0.617002 0.288411 0.617916 0.288411 0.618830 0.287760 0.619744 0.287109 0.620658 0.287109 0.621572 0.287109 0.622486 0.287109 0.623400 0.286458 0.624314 0.287109 0.625229 0.286458 0.626143 0.287109 0.627057 0.287109 0.627971 0.287109 0.628885 0.286458 0.629799 0.287109 0.630713 0.287109 0.631627 0.287109 0.632541 0.287109 0.633455 0.286458 0.634369 0.286458 0.635283 0.286458 0.636197 0.286458 0.637112 0.286458 0.638026 0.286458 0.638940 0.286458 0.639854 0.287109 0.640768 0.287109 0.641682 0.287760 0.642596 0.288411 0.643510 0.288411 0.644424 0.289062 0.645338 0.289062 0.646252 0.289062 0.647166 0.289062 0.648080 0.289714 0.648995 0.289714 0.649909 0.289714 0.650823 0.289714 0.651737 0.289714 0.652651 0.289062 0.653565 0.288411 0.654479 0.287760 0.655393 0.287109 0.654479 0.287760 0.655393 0.287760 0.656307 0.287109 0.657221 0.287109 0.658135 0.287109 0.659049 0.286458 0.659963 0.285807 0.660878 0.285156 0.660878 0.284505 0.661792 0.283854 0.661792 0.283203 0.660878 0.282552 0.660878 0.281901 0.659963 0.281250 0.659049 0.280599 0.658135 0.280599 0.657221 0.280599 0.656307 0.280599 0.655393 0.280599 0.654479 0.281250 0.653565 0.281901 0.652651 0.281250 0.653565 0.280599 0.653565 0.279948 0.653565 0.279297 0.653565 0.278646 0.653565 0.277995 0.653565 0.277344 0.654479 0.276693 0.653565 0.276042 0.653565 0.275391 0.652651 0.274740 0.651737 0.274089 0.650823 0.274089 0.649909 0.273438 0.648995 0.273438 0.648080 0.272786 0.647166 0.273438 0.646252 0.274089 0.646252 0.274089 0.645338 0.274740 0.644424 0.275391 0.643510 0.276042 0.642596 0.276693 0.642596 0.277344 0.641682 0.277995 0.642596 0.277344 0.641682 0.277995 0.640768 0.278646 0.639854 0.279297 0.638940 0.279948 0.639854 0.279297 0.638940 0.279948 0.638026 0.280599 0.637112 0.281250 0.638026 0.280599 0.637112 0.280599 0.636197 0.281250 0.635283 0.281901 0.634369 0.281250 0.633455 0.281250 0.632541 0.281250 0.631627 0.281250 0.630713 0.281250 0.629799 0.280599 0.629799 0.279948 0.629799 0.279297 0.628885 0.278646 0.629799 0.277995 0.629799 0.277344 0.629799 0.276693 0.629799 0.276042 0.628885 0.275391 0.628885 0.274740 0.627971 0.274089 0.627057 0.274740 0.626143 0.274089 0.627057 0.273438 0.627057 0.272786 0.626143 0.272135 0.626143 0.271484 0.625229 0.270833 0.624314 0.270182 0.625229 0.269531 0.624314 0.270182 0.625229 0.269531 0.626143 0.268880 0.627057 0.268229 0.626143 0.268880 0.627057 0.268880 0.627971 0.268880 0.628885 0.268880 0.629799 0.268880 0.630713 0.268880 0.631627 0.268880 0.632541 0.268880 0.633455 0.268880 0.634369 0.268880 0.635283 0.269531 0.636197 0.270182 0.637112 0.270182 0.638026 0.270182 0.638940 0.270833 0.639854 0.270833 0.640768 0.270833 0.641682 0.270833 0.642596 0.270182 0.643510 0.270833 0.644424 0.270182 0.645338 0.270833 0.646252 0.270182 0.647166 0.270833 0.648080 0.270182 0.648995 0.270182 0.649909 0.270182 0.650823 0.269531 0.651737 0.268880 0.651737 0.268229 0.652651 0.267578 0.651737 0.266927 0.651737 0.266276 0.650823 0.266276 0.649909 0.265625 0.648995 0.264974 0.648080 0.264974 0.647166 0.264974 0.646252 0.264974 0.645338 0.264974 0.644424 0.264974 0.643510 0.264974 0.642596 0.264323 0.641682 0.264323 0.640768 0.263672 0.639854 0.263672 0.638940 0.263672 0.638026 0.263021 0.638026 0.262370 0.638026 0.261719 0.638026 0.261068 0.638940 0.260417 0.638026 0.261068 0.638940 0.260417 0.639854 0.259766 0.640768 0.259115 0.639854 0.259766 0.640768 0.259766 0.641682 0.259766 0.642596 0.260417 0.643510 0.260417 0.644424 0.261068 0.645338 0.261068 0.646252 0.260417 0.647166 0.261068 0.646252 0.261719 0.647166 0.262370 0.647166 0.263021 0.648080 0.263672 0.648995 0.263672 0.649909 0.263672 0.650823 0.263672 0.651737 0.263021 0.652651 0.263021 0.653565 0.263021 0.654479 0.262370 0.655393 0.261719 0.656307 0.261068 0.656307 0.260417 0.657221 0.259766 0.658135 0.259115 0.659049 0.258464 0.659049 0.257812 0.659963 0.257161 0.659963 0.256510 0.660878 0.256510 0.661792 0.255859 0.662706 0.255859 0.663620 0.255859 0.664534 0.255208 0.665448 0.255208 0.666362 0.255208 0.667276 0.255208 0.668190 0.255859 0.669104 0.255859 0.670018 0.256510 0.670932 0.256510 0.671846 0.257161 0.671846 0.257812 0.671846 0.258464 0.671846 0.258464 0.670932 0.259115 0.670018 0.259115 0.669104 0.259115 0.668190 0.259115 0.667276 0.259766 0.666362 0.260417 0.665448 0.261068 0.665448 0.261719 0.664534 0.262370 0.664534 0.263021 0.663620 0.263672 0.664534 0.264323 0.664534 0.264974 0.665448 0.265625 0.666362 0.266276 0.667276 0.265625 0.668190 0.266276 0.667276 0.266927 0.667276 0.267578 0.667276 0.268229 0.667276 0.268880 0.666362 0.269531 0.666362 0.270182 0.666362 0.270833 0.666362 0.271484 0.665448 0.272135 0.665448 0.272786 0.664534 0.273438 0.664534 0.274089 0.663620 0.274740 0.663620 0.275391 0.664534 0.276042 0.664534 0.276693 0.664534 0.277344 0.665448 0.277995 0.665448 0.278646 0.666362 0.279297 0.667276 0.279297 0.668190 0.279297 0.669104 0.279948 0.670018 0.279948 0.670932 0.279948 0.671846 0.279948 0.672761 0.279948 0.673675 0.279948 0.674589 0.279948 0.675503 0.279948 0.676417 0.279948 0.677331 0.279297 0.678245 0.278646 0.678245 0.277995 0.678245 0.278646 0.678245 0.279297 0.678245 0.279948 0.677331 0.280599 0.676417 0.281250 0.676417 0.281901 0.676417 0.282552 0.675503 0.283203 0.674589 0.283854 0.674589 0.284505 0.673675 0.285156 0.673675 0.285807 0.674589 0.286458 0.674589 0.287109 0.675503 0.287760 0.676417 0.288411 0.677331 0.289062 0.678245 0.288411 0.679159 0.289062 0.678245 0.289714 0.679159 0.290365 0.679159 0.291016 0.680073 0.290365 0.679159 0.291016 0.678245 0.291016 0.677331 0.291667 0.676417 0.291667 0.675503 0.291667 0.674589 0.291667 0.673675 0.292318 0.672761 0.292318 0.671846 0.292318 0.670932 0.292969 0.670018 0.293620 0.669104 0.294271 0.668190 0.294922 0.668190 0.295573 0.667276 0.296224 0.668190 0.296875 0.668190 0.297526 0.669104 0.298177 0.669104 0.298828 0.668190 0.299479 0.669104 0.298828 0.668190 0.298828 0.667276 0.299479 0.666362 0.299479 0.665448 0.299479 0.664534 0.299479 0.663620 0.298828 0.662706 0.298177 0.662706 0.297526 0.661792 0.296875 0.660878 0.296875 0.659963 0.296875 0.659049 0.296875 0.658135 0.297526 0.657221 0.298177 0.656307 0.298828 0.655393 0.299479 0.655393 0.300130 0.654479 0.300781 0.653565 0.301432 0.652651 0.302083 0.651737 0.302083 0.650823 0.302083 0.649909 0.302083 0.648995 0.302734 0.648080 0.302083 0.647166 0.302083 0.646252 0.302083 0.645338 0.302083 0.644424 0.302083 0.643510 0.302083 0.642596 0.302083 0.641682 0.302083 0.640768 0.302083 0.639854 0.301432 0.638940 0.301432 0.638026 0.301432 0.637112 0.301432 0.636197 0.301432 0.635283 0.301432 0.634369 0.301432 0.633455 0.300781 0.633455 0.300130 0.633455 0.299479 0.633455 0.298828 0.634369 0.298177 0.635283 0.297526 0.634369 0.298177 0.635283 0.298177 0.636197 0.298177 0.637112 0.297526 0.638026 0.297526 0.638940 0.296875 0.639854 0.296224 0.640768 0.295573 0.641682 0.294922 0.641682 0.294922 0.642596 0.294922 0.643510 0.294922 0.644424 0.294271 0.645338 0.293620 0.644424 0.293620 0.643510 0.293620 0.642596 0.293620 0.641682 0.292969 0.641682 0.292318 0.640768 0.291667 0.639854 0.291667 0.638940 0.291667 0.638026 0.291667 0.637112 0.291667 0.636197 0.291667 0.635283 0.291667 0.634369 0.292318 0.633455 0.292318 0.632541 0.292318 0.631627 0.292318 0.630713 0.292318 0.629799 0.292318 0.628885 0.292318 0.627971 0.292318 0.627057 0.292969 0.626143 0.292969 0.625229 0.292969 0.624314 0.292969 0.623400 0.292969 0.622486 0.293620 0.621572 0.292969 0.620658 0.292318 0.619744 0.292318 0.618830 0.292318 0.617916 0.291667 0.617002 0.291667 0.616088 0.291667 0.615174 0.291667 0.614260 0.292318 0.613346 0.292318 0.612431 0.292318 0.611517 0.292969 0.610603 0.293620 0.609689 0.294271 0.609689 0.294922 0.608775 0.295573 0.609689 0.296224 0.609689 0.296875 0.610603 0.297526 0.611517 0.298177 0.612431 0.298177 0.613346 0.298177 0.614260 0.298177 0.615174 0.298177 0.616088 0.298177 0.617002 0.298177 0.617916 0.298828 0.617916 0.299479 0.617916 0.300130 0.617916 0.300781 0.617916 0.301432 0.618830 0.302083 0.617916 0.302734 0.617916 0.303385 0.617002 0.304036 0.617002 0.304688 0.617916 0.304036 0.617002 0.304036 0.616088 0.304688 0.615174 0.304036 0.614260 0.304036 0.613346 0.304036 0.612431 0.304036 0.611517 0.303385 0.610603 0.303385 0.609689 0.302734 0.608775 0.302734 0.607861 0.302083 0.606947 0.302083 0.606033 0.302083 0.605119 0.302083 0.604205 0.302734 0.603291 0.302083 0.604205 0.301432 0.604205 0.300781 0.605119 0.300130 0.604205 0.299479 0.604205 0.298828 0.603291 0.298177 0.602377 0.297526 0.602377 0.296875 0.601463 0.296224 0.601463 0.295573 0.601463 0.294922 0.601463 0.294271 0.602377 0.293620 0.601463 0.292969 0.601463
0 0.641276 0.599634 0.640625 0.600548 0.639974 0.601463 0.639323 0.600548 0.639974 0.601463 0.639323 0.602377 0.638672 0.603291 0.638021 0.604205 0.637370 0.605119 0.636719 0.605119 0.636068 0.606033 0.635417 0.606033 0.634766 0.605119 0.634115 0.606033 0.633464 0.606033 0.633464 0.606947 0.632812 0.607861 0.632161 0.606947 0.631510 0.607861 0.630859 0.607861 0.630208 0.608775 0.629557 0.607861 0.630208 0.608775 0.629557 0.609689 0.628906 0.610603 0.628255 0.611517 0.627604 0.612431 0.626953 0.611517 0.627604 0.612431 0.626953 0.613346 0.626953 0.614260 0.626953 0.615174 0.626953 0.616088 0.626302 0.617002 0.625651 0.617916 0.625651 0.618830 0.625651 0.619744 0.625000 0.620658 0.625651 0.621572 0.626302 0.622486 0.625651 0.623400 0.626302 0.622486 0.626953 0.623400 0.627604 0.624314 0.627604 0.625229 0.627604 0.626143 0.626953 0.627057 0.627604 0.626143 0.628255 0.627057 0.628906 0.627971 0.628906 0.628885 0.629557 0.629799 0.629557 0.630713 0.628906 0.631627 0.629557 0.630713 0.630208 0.631627 0.630859 0.632541 0.630859 0.633455 0.631510 0.634369 0.632161 0.635283 0.632161 0.636197 0.632161 0.637112 0.632161 0.638026 0.632161 0.638940 0.632161 0.639854 0.631510 0.640768 0.631510 0.641682 0.630859 0.642596 0.630208 0.643510 0.629557 0.644424 0.628906 0.644424 0.628255 0.645338 0.627604 0.644424 0.626953 0.644424 0.626302 0.643510 0.625651 0.642596 0.625651 0.641682 0.625000 0.641682 0.624349 0.641682 0.623698 0.642596 0.623047 0.641682 0.623698 0.642596 0.623047 0.643510 0.623047 0.644424 0.623698 0.645338 0.623698 0.646252 0.623698 0.647166 0.624349 0.648080 0.625000 0.648995 0.625000 0.649909 0.625000 0.650823 0.624349 0.651737 0.623698 0.652651 0.623698 0.653565 0.623047 0.654479 0.623047 0.655393 0.623047 0.656307 0.622396 0.657221 0.623047 0.658135 0.623698 0.659049 0.623047 0.659963 0.623698 0.659049 0.624349 0.659963 0.625000 0.660878 0.625651 0.660878 0.626302 0.660878 0.626953 0.661792 0.627604 0.661792 0.628255 0.662706 0.628906 0.662706 0.628906 0.661792 0.629557 0.660878 0.630208 0.659963 0.630859 0.659963 0.631510 0.659049 0.632161 0.658135 0.632812 0.657221 0.633464 0.656307 0.634115 0.656307 0.634766 0.655393 0.635417 0.655393 0.636068 0.654479 0.636719 0.654479 0.637370 0.653565 0.638021 0.652651 0.638672 0.652651 0.638672 0.651737 0.638672 0.650823 0.639323 0.649909 0.639974 0.650823 0.639974 0.651737 0.639974 0.652651 0.640625 0.652651 0.641276 0.653565 0.641927 0.654479 0.642578 0.655393 0.641927 0.656307 0.642578 0.657221 0.641927 0.658135 0.641927 0.659049 0.641276 0.659963 0.640625 0.660878 0.639974 0.660878 0.639323 0.661792 0.638672 0.662706 0.638021 0.662706 0.637370 0.663620 0.636719 0.663620 0.636068 0.664534 0.635417 0.663620 0.636068 0.664534 0.636068 0.665448 0.636068 0.666362 0.636719 0.667276 0.637370 0.667276 0.638021 0.668190 0.638672 0.668190 0.639323 0.668190 0.639974 0.668190 0.640625 0.668190 0.641276 0.667276 0.641927 0.667276 0.642578 0.666362 0.643229 0.666362 0.643880 0.665448 0.644531 0.665448 0.645182 0.666362 0.645833 0.666362 0.646484 0.666362 0.647135 0.667276 0.647786 0.667276 0.648438 0.668190 0.649089 0.667276 0.649740 0.666362 0.650391 0.666362 0.650391 0.665448 0.650391 0.664534 0.650391 0.663620 0.650391 0.662706 0.650391 0.661792 0.651042 0.660878 0.651693 0.661792 0.651693 0.662706 0.651693 0.663620 0.651693 0.664534 0.651693 0.665448 0.652344 0.665448 0.652995 0.664534 0.653646 0.664534 0.654297 0.664534 0.654948 0.664534 0.655599 0.665448 0.656250 0.665448 0.656901 0.666362 0.657552 0.667276 0.658203 0.668190 0.658203 0.669104 0.658203 0.670018 0.658203 0.670932 0.657552 0.671846 0.656901 0.672761 0.656250 0.673675 0.655599 0.672761 0.656250 0.673675 0.655599 0.674589 0.656250 0.673675 0.656901 0.674589 0.657552 0.674589 0.658203 0.673675 0.658854 0.673675 0.659505 0.672761 0.660156 0.673675 0.660807 0.673675 0.661458 0.674589 0.662109 0.673675 0.662760 0.674589 0.663411 0.674589 0.664062 0.674589 0.664714 0.675503 0.665365 0.674589 0.666016 0.675503 0.666667 0.674589 0.667318 0.674589 0.667969 0.674589 0.668620 0.674589 0.669271 0.674589 0.669922 0.675503 0.669271 0.674589 0.669922 0.673675 0.670573 0.672761 0.671224 0.672761 0.671875 0.671846 0.672526 0.671846 0.673177 0.672761 0.673828 0.672761 0.674479 0.673675 0.675130 0.674589 0.674479 0.675503 0.675130 0.675503 0.675781 0.675503 0.676432 0.675503 0.677083 0.675503 0.676432 0.675503 0.675781 0.674589 0.675130 0.674589 0.674479 0.673675 0.674479 0.672761 0.674479 0.671846 0.674479 0.670932 0.674479 0.670018 0.674479 0.669104 0.675130 0.668190 0.675781 0.667276 0.676432 0.668190 0.675781 0.667276 0.675781 0.666362 0.675781 0.665448 0.675781 0.664534 0.675781 0.663620 0.675781 0.662706 0.675781 0.661792 0.675781 0.660878 0.675781 0.659963 0.675781 0.659049 0.676432 0.658135 0.677083 0.657221 0.677734 0.657221 0.678385 0.656307 0.679036 0.656307 0.679688 0.655393 0.680339 0.655393 0.680990 0.654479 0.680990 0.653565 0.680990 0.652651 0.681641 0.651737 0.681641 0.650823 0.681641 0.649909 0.682292 0.648995 0.681641 0.649909 0.680990 0.648995 0.680339 0.648080 0.680339 0.647166 0.680339 0.646252 0.680339 0.645338 0.680339 0.644424 0.680990 0.643510 0.681641 0.642596 0.681641 0.641682 0.682292 0.640768 0.682292 0.639854 0.682292 0.638940 0.682943 0.638026 0.682943 0.637112 0.682943 0.636197 0.682943 0.635283 0.682292 0.634369 0.682292 0.633455 0.682292 0.632541 0.682292 0.631627 0.681641 0.631627 0.680990 0.631627 0.680339 0.631627 0.679688 0.631627 0.679036 0.632541 0.678385 0.631627 0.677734 0.631627 0.677083 0.630713 0.676432 0.629799 0.676432 0.628885 0.676432 0.627971 0.676432 0.627057 0.677083 0.626143 0.677083 0.625229 0.677083 0.624314 0.677083 0.623400 0.677734 0.622486 0.677083 0.623400 0.676432 0.622486 0.675781 0.622486 0.675130 0.622486 0.674479 0.621572 0.673828 0.621572 0.673177 0.620658 0.672526 0.620658 0.671875 0.619744 0.671224 0.619744 0.670573 0.618830 0.669922 0.617916 0.669271 0.617916 0.668620 0.617002 0.667969 0.617916 0.667318 0.617916 0.666667 0.618830 0.666016 0.617916 0.666667 0.618830 0.666667 0.619744 0.666667 0.620658 0.666667 0.621572 0.666667 0.622486 0.666667 0.623400 0.666016 0.624314 0.666016 0.625229 0.665365 0.626143 0.665365 0.627057 0.665365 0.627971 0.665365 0.628885 0.665365 0.629799 0.665365 0.630713 0.665365 0.631627 0.666016 0.632541 0.666016 0.633455 0.666016 0.634369 0.666016 0.635283 0.666016 0.636197 0.666016 0.637112 0.665365 0.638026 0.664714 0.638940 0.664062 0.638940 0.663411 0.639854 0.662760 0.638940 0.662109 0.638026 0.662760 0.638940 0.662760 0.639854 0.662109 0.640768 0.662109 0.641682 0.662760 0.642596 0.662760 0.643510 0.662760 0.644424 0.662760 0.645338 0.662760 0.646252 0.662760 0.647166 0.662109 0.648080 0.662109 0.648995 0.662109 0.649909 0.661458 0.650823 0.662109 0.651737 0.662109 0.652651 0.662109 0.653565 0.661458 0.654479 0.660807 0.655393 0.660156 0.655393 0.659505 0.656307 0.658854 0.656307 0.658203 0.657221 0.657552 0.657221 0.656901 0.658135 0.656250 0.658135 0.655599 0.658135 0.654948 0.659049 0.654297 0.659049 0.653646 0.659963 0.652995 0.659963 0.652344 0.659963 0.651693 0.660878 0.651042 0.660878 0.650391 0.661792 0.649740 0.660878 0.649089 0.660878 0.648438 0.659963 0.647786 0.659049 0.647135 0.658135 0.647135 0.657221 0.646484 0.657221 0.645833 0.657221 0.645182 0.657221 0.644531 0.657221 0.643880 0.657221 0.643229 0.657221 0.642578 0.657221 0.641927 0.656307 0.642578 0.655393 0.643229 0.655393 0.643880 0.655393 0.644531 0.655393 0.645182 0.655393 0.645833 0.655393 0.646484 0.655393 0.646484 0.654479 0.647135 0.653565 0.647786 0.652651 0.648438 0.653565 0.647786 0.652651 0.648438 0.651737 0.649089 0.650823 0.649740 0.649909 0.650391 0.648995 0.651042 0.649909 0.650391 0.648995 0.651042 0.648080 0.651042 0.647166 0.651042 0.646252 0.651042 0.645338 0.651042 0.644424 0.651042 0.643510 0.651693 0.642596 0.651693 0.641682 0.651693 0.640768 0.651042 0.639854 0.651693 0.638940 0.651042 0.639854 0.650391 0.638940 0.649740 0.638940 0.649089 0.638940 0.648438 0.638940 0.647786 0.639854 0.647135 0.638940 0.647786 0.639854 0.647135 0.640768 0.646484 0.641682 0.645833 0.641682 0.645833 0.642596 0.645182 0.643510 0.644531 0.644424 0.643880 0.644424 0.643229 0.645338 0.642578 0.645338 0.641927 0.646252 0.641276 0.646252 0.640625 0.647166 0.639974 0.648080 0.639323 0.648080 0.639323 0.648995 0.639323 0.649909 0.638672 0.650823 0.638021 0.649909 0.638021 0.648995 0.638021 0.648080 0.637370 0.647166 0.636719 0.646252 0.636068 0.645338 0.635417 0.645338 0.634766 0.644424 0.635417 0.643510 0.636068 0.643510 0.636719 0.643510 0.637370 0.642596 0.637370 0.641682 0.638021 0.640768 0.638021 0.639854 0.638672 0.638940 0.639323 0.638026 0.639974 0.638026 0.639974 0.637112 0.640625 0.636197 0.640625 0.635283 0.640625 0.634369 0.641276 0.633455 0.641927 0.632541 0.641927 0.631627 0.642578 0.630713 0.642578 0.629799 0.642578 0.628885 0.642578 0.627971 0.643229 0.627057 0.643229 0.626143 0.643880 0.625229 0.644531 0.624314 0.645182 0.625229 0.644531 0.624314 0.645182 0.623400 0.645182 0.622486 0.645833 0.621572 0.645833 0.620658 0.646484 0.619744 0.646484 0.618830 0.647135 0.617916 0.647786 0.617002 0.648438 0.616088 0.649089 0.617002 0.648438 0.616088 0.649089 0.615174 0.649089 0.614260 0.649740 0.613346 0.649740 0.612431 0.649740 0.611517 0.650391 0.610603 0.651042 0.609689 0.650391 0.608775 0.650391 0.607861 0.650391 0.606947 0.649740 0.606033 0.649740 0.605119 0.650391 0.604205 0.649740 0.605119 0.649089 0.605119 0.648438 0.605119 0.647786 0.604205 0.647135 0.604205 0.646484 0.603291 0.645833 0.603291 0.645182 0.602377 0.644531 0.601463 0.644531 0.600548 0.645182 0.599634 0.644531 0.600548 0.643880 0.599634 0.643229 0.600548 0.642578 0.599634 0.641927 0.599634
0 0.351562 0.599634 0.352214 0.600548 0.351562 0.601463 0.350911 0.602377 0.350260 0.601463 0.350911 0.602377 0.350260 0.603291 0.349609 0.604205 0.348958 0.604205 0.348307 0.605119 0.347656 0.605119 0.347005 0.604205 0.346354 0.603291 0.347005 0.604205 0.346354 0.605119 0.347005 0.606033 0.347005 0.606947 0.347005 0.607861 0.346354 0.608775 0.346354 0.609689 0.346354 0.610603 0.346354 0.611517 0.346354 0.612431 0.345703 0.613346 0.345052 0.614260 0.344401 0.613346 0.345052 0.614260 0.345052 0.615174 0.345052 0.616088 0.345052 0.617002 0.345703 0.617916 0.345703 0.618830 0.345703 0.619744 0.345703 0.620658 0.346354 0.621572 0.346354 0.622486 0.346354 0.623400 0.345703 0.624314 0.345052 0.624314 0.345703 0.624314 0.346354 0.623400 0.347005 0.623400 0.347656 0.623400 0.348307 0.623400 0.348958 0.623400 0.349609 0.623400 0.350260 0.623400 0.350911 0.624314 0.351562 0.624314 0.352214 0.623400 0.352865 0.623400 0.353516 0.623400 0.354167 0.623400 0.354818 0.624314 0.354167 0.623400 0.354818 0.622486 0.355469 0.621572 0.356120 0.621572 0.356771 0.620658 0.357422 0.621572 0.358073 0.620658 0.358724 0.619744 0.359375 0.620658 0.358724 0.619744 0.359375 0.618830 0.360026 0.617916 0.360677 0.617002 0.361328 0.616088 0.361328 0.615174 0.361328 0.614260 0.361328 0.613346 0.361328 0.612431 0.360677 0.611517 0.360677 0.610603 0.360677 0.609689 0.360677 0.608775 0.360677 0.607861 0.360677 0.606947 0.360677 0.606033 0.361328 0.605119 0.360677 0.606033 0.360026 0.605119 0.359375 0.604205 0.358724 0.604205 0.358073 0.605119 0.357422 0.605119 0.356771 0.605119 0.356120 0.604205 0.355469 0.604205 0.354818 0.603291 0.354167 0.602377 0.353516 0.602377 0.352865 0.601463 0.352214 0.600548
0 0.896484 0.598720 0.897135 0.599634 0.896484 0.600548 0.896484 0.601463 0.896484 0.602377 0.895833 0.603291 0.895182 0.604205 0.894531 0.604205 0.893880 0.605119 0.893229 0.605119 0.892578 0.604205 0.893229 0.605119 0.892578 0.606033 0.891927 0.606947 0.891927 0.607861 0.891927 0.608775 0.891927 0.609689 0.891927 0.610603 0.891276 0.611517 0.890625 0.612431 0.891276 0.611517 0.891927 0.612431 0.892578 0.613346 0.892578 0.614260 0.892578 0.615174 0.891927 0.616088 0.891927 0.617002 0.891927 0.617916 0.891276 0.618830 0.891927 0.617916 0.892578 0.618830 0.893229 0.618830 0.893880 0.619744 0.894531 0.619744 0.895182 0.620658 0.895833 0.621572 0.896484 0.621572 0.897135 0.621572 0.897786 0.620658 0.898438 0.621572 0.899089 0.620658 0.899740 0.620658 0.900391 0.620658 0.901042 0.620658 0.901693 0.620658 0.902344 0.619744 0.902995 0.619744 0.903646 0.620658 0.902995 0.619744 0.903646 0.618830 0.904297 0.617916 0.904948 0.617002 0.904948 0.616088 0.904948 0.615174 0.904948 0.614260 0.904948 0.613346 0.905599 0.612431 0.905599 0.611517 0.905599 0.610603 0.904948 0.609689 0.904948 0.608775 0.904948 0.607861 0.905599 0.606947 0.905599 0.606033 0.905599 0.605119 0.904948 0.605119 0.904297 0.604205 0.903646 0.604205 0.902995 0.603291 0.902344 0.602377 0.902995 0.601463 0.902344 0.602377 0.901693 0.601463 0.901042 0.601463 0.900391 0.600548 0.899740 0.600548 0.899089 0.599634 0.898438 0.599634 0.897786 0.599634 0.897135 0.599634
0 0.467448 0.598720 0.466797 0.599634 0.466146 0.599634 0.465495 0.600548 0.464844 0.600548 0.464193 0.600548 0.463542 0.600548 0.462891 0.599634 0.462240 0.599634 0.461589 0.599634 0.462240 0.599634 0.462891 0.599634 0.463542 0.600548 0.463542 0.601463 0.463542 0.602377 0.462891 0.603291 0.462891 0.604205 0.462240 0.605119 0.461589 0.606033 0.461589 0.606947 0.461589 0.607861 0.460938 0.608775 0.460286 0.609689 0.459635 0.608775 0.460286 0.609689 0.460286 0.610603 0.460286 0.611517 0.460286 0.612431 0.460286 0.613346 0.459635 0.614260 0.459635 0.615174 0.459635 0.616088 0.459635 0.617002 0.458984 0.617916 0.459635 0.617002 0.460286 0.617916 0.460938 0.618830 0.460938 0.619744 0.460286 0.620658 0.460938 0.619744 0.461589 0.619744 0.462240 0.619744 0.462891 0.620658 0.463542 0.619744 0.464193 0.619744 0.464844 0.620658 0.465495 0.620658 0.466146 0.621572 0.466797 0.622486 0.467448 0.622486 0.468099 0.622486 0.468750 0.623400 0.468099 0.622486 0.468750 0.621572 0.469401 0.620658 0.470052 0.620658 0.470703 0.619744 0.471354 0.620658 0.472005 0.620658 0.472656 0.620658 0.473307 0.620658 0.473958 0.621572 0.473958 0.620658 0.473958 0.619744 0.474609 0.618830 0.475260 0.617916 0.475911 0.618830 0.475260 0.617916 0.475260 0.617002 0.474609 0.616088 0.474609 0.615174 0.474609 0.614260 0.474609 0.613346 0.475260 0.612431 0.475911 0.611517 0.475911 0.610603 0.475911 0.609689 0.475911 0.608775 0.475260 0.608775 0.474609 0.607861 0.473958 0.606947 0.473958 0.606033 0.474609 0.605119 0.473958 0.606033 0.473307 0.605119 0.472656 0.605119 0.472005 0.604205 0.471354 0.603291 0.471354 0.602377 0.471354 0.601463 0.470703 0.600548 0.470703 0.599634 0.470052 0.599634 0.469401 0.598720 0.468750 0.599634 0.468099 0.599634
0 0.703776 0.597806 0.703125 0.598720 0.702474 0.598720 0.701823 0.598720 0.701172 0.598720 0.700521 0.598720 0.699870 0.598720 0.699219 0.599634 0.698568 0.599634 0.697917 0.599634 0.697266 0.599634 0.696615 0.599634 0.695964 0.600548 0.695312 0.599634 0.695964 0.600548 0.695312 0.601463 0.695312 0.602377 0.695312 0.603291 0.695312 0.604205 0.695964 0.605119 0.695964 0.606033 0.695964 0.606947 0.695312 0.607861 0.695312 0.608775 0.695312 0.609689 0.694661 0.610603 0.694010 0.611517 0.693359 0.612431 0.693359 0.613346 0.692708 0.614260 0.692708 0.615174 0.692057 0.616088 0.691406 0.617002 0.690755 0.617002 0.690104 0.617916 0.689453 0.617916 0.688802 0.617002 0.688151 0.617002 0.687500 0.616088 0.686849 0.616088 0.686198 0.616088 0.685547 0.617002 0.685547 0.617916 0.684896 0.618830 0.684896 0.619744 0.684896 0.620658 0.684896 0.621572 0.685547 0.622486 0.685547 0.623400 0.686198 0.624314 0.686198 0.625229 0.686849 0.626143 0.686849 0.627057 0.687500 0.627971 0.687500 0.628885 0.688151 0.629799 0.688151 0.630713 0.688151 0.631627 0.688802 0.632541 0.688802 0.633455 0.688802 0.634369 0.688802 0.635283 0.688802 0.636197 0.688802 0.637112 0.689453 0.638026 0.689453 0.638940 0.690104 0.639854 0.690104 0.640768 0.690104 0.641682 0.690104 0.642596 0.690755 0.643510 0.690755 0.644424 0.690755 0.645338 0.691406 0.646252 0.691406 0.647166 0.691406 0.648080 0.690755 0.648995 0.691406 0.648080 0.692057 0.648080 0.692708 0.648995 0.693359 0.648995 0.694010 0.648080 0.694661 0.648080 0.695312 0.648080 0.695964 0.647166 0.696615 0.646252 0.697266 0.646252 0.697917 0.645338 0.698568 0.646252 0.699219 0.645338 0.699870 0.645338 0.700521 0.644424 0.701172 0.644424 0.701823 0.643510 0.701823 0.642596 0.701172 0.641682 0.701172 0.640768 0.701172 0.639854 0.701823 0.638940 0.702474 0.638026 0.703125 0.637112 0.703776 0.638026 0.703125 0.637112 0.703776 0.636197 0.704427 0.635283 0.704427 0.634369 0.705078 0.633455 0.705078 0.632541 0.705078 0.631627 0.705078 0.630713 0.705729 0.629799 0.706380 0.628885 0.706380 0.627971 0.706380 0.627057 0.706380 0.626143 0.706380 0.625229 0.706380 0.624314 0.707031 0.623400 0.707031 0.622486 0.706380 0.621572 0.706380 0.620658 0.706380 0.619744 0.707031 0.618830 0.706380 0.619744 0.705729 0.618830 0.705078 0.618830 0.704427 0.617916 0.703776 0.617002 0.703125 0.616088 0.703125 0.615174 0.703125 0.614260 0.703776 0.613346 0.703776 0.612431 0.703776 0.611517 0.704427 0.610603 0.704427 0.609689 0.705078 0.608775 0.705078 0.607861 0.705078 0.606947 0.705729 0.606033 0.705729 0.605119 0.705078 0.604205 0.705078 0.603291 0.705078 0.602377 0.705729 0.601463 0.705078 0.601463 0.704427 0.600548 0.703776 0.599634 0.703125 0.598720
0 0.009115 0.596892 0.009766 0.597806 0.009115 0.598720 0.008464 0.599634 0.008464 0.600548 0.008464 0.601463 0.007812 0.602377 0.007812 0.603291 0.007161 0.604205 0.007812 0.605119 0.007161 0.606033 0.007812 0.605119 0.008464 0.606033 0.009115 0.606947 0.009115 0.607861 0.009766 0.608775 0.009766 0.609689 0.009766 0.610603 0.009766 0.611517 0.009766 0.612431 0.010417 0.612431 0.011068 0.612431 0.011719 0.612431 0.012370 0.612431 0.013021 0.613346 0.012370 0.614260 0.011719 0.614260 0.011068 0.614260 0.010417 0.614260 0.009766 0.614260 0.009115 0.614260 0.008464 0.615174 0.007812 0.615174 0.007161 0.616088 0.006510 0.616088 0.005859 0.616088 0.005859 0.617002 0.005208 0.617916 0.004557 0.618830 0.004557 0.619744 0.004557 0.620658 0.005208 0.621572 0.005208 0.622486 0.005208 0.623400 0.005208 0.624314 0.004557 0.625229 0.005208 0.624314 0.005859 0.625229 0.006510 0.626143 0.006510 0.627057 0.007161 0.627057 0.007812 0.627057 0.008464 0.627057 0.009115 0.627057 0.009766 0.627971 0.009115 0.628885 0.008464 0.628885 0.007812 0.628885 0.007161 0.628885 0.006510 0.628885 0.005859 0.628885 0.006510 0.629799 0.006510 0.630713 0.006510 0.631627 0.007161 0.632541 0.007812 0.633455 0.008464 0.634369 0.008464 0.635283 0.008464 0.636197 0.007812 0.637112 0.007161 0.638026 0.006510 0.638940 0.005859 0.638940 0.005208 0.639854 0.004557 0.639854 0.003906 0.638940 0.004557 0.638026 0.003906 0.638940 0.003255 0.638026 0.002604 0.637112 0.002604 0.636197 0.003255 0.635283 0.002604 0.636197 0.001953 0.636197 0.001302 0.635283 0.000651 0.635283 0.000651 0.636197 0.000651 0.637112 0.000651 0.638026 0.000651 0.638940 0.000651 0.639854 0.000651 0.640768 0.000651 0.641682 0.000651 0.642596 0.000651 0.643510 0.000651 0.644424 0.000651 0.645338 0.000651 0.646252 0.000651 0.647166 0.001302 0.647166 0.001953 0.648080 0.001953 0.648995 0.001953 0.649909 0.001302 0.650823 0.000651 0.650823 0.001302 0.650823 0.001953 0.651737 0.001953 0.652651 0.001953 0.653565 0.001953 0.654479 0.001953 0.655393 0.001302 0.656307 0.000651 0.656307 0.000651 0.657221 0.000651 0.658135 0.000651 0.659049 0.000651 0.659963 0.000651 0.660878 0.000651 0.661792 0.000651 0.662706 0.000651 0.663620 0.000651 0.664534 0.001302 0.665448 0.001953 0.665448 0.002604 0.665448 0.003255 0.666362 0.002604 0.665448 0.002604 0.664534 0.003255 0.663620 0.003255 0.662706 0.003255 0.661792 0.003906 0.660878 0.004557 0.659963 0.005208 0.660878 0.004557 0.659963 0.005208 0.659049 0.005859 0.658135 0.005859 0.657221 0.005859 0.656307 0.006510 0.655393 0.007161 0.654479 0.007812 0.653565 0.008464 0.653565 0.009115 0.652651 0.009766 0.653565 0.009115 0.652651 0.009766 0.651737 0.009766 0.650823 0.010417 0.649909 0.011068 0.648995 0.011719 0.649909 0.011068 0.648995 0.011068 0.648080 0.011719 0.647166 0.012370 0.646252 0.013021 0.647166 0.012370 0.646252 0.012370 0.645338 0.013021 0.644424 0.013672 0.643510 0.014323 0.644424 0.013672 0.643510 0.014323 0.642596 0.014974 0.641682 0.015625 0.642596 0.014974 0.641682 0.014974 0.640768 0.014974 0.639854 0.015625 0.638940 0.015625 0.638026 0.015625 0.637112 0.015625 0.636197 0.015625 0.635283 0.015625 0.634369 0.015625 0.633455 0.014974 0.632541 0.014974 0.631627 0.015625 0.630713 0.014974 0.631627 0.014323 0.630713 0.013672 0.629799 0.014323 0.628885 0.013672 0.629799 0.013021 0.628885 0.012370 0.627971 0.013021 0.627057 0.012370 0.626143 0.012370 0.625229 0.012370 0.624314 0.012370 0.623400 0.013021 0.622486 0.013672 0.621572 0.013672 0.620658 0.014323 0.619744 0.014974 0.618830 0.014974 0.617916 0.015625 0.617002 0.015625 0.616088 0.015625 0.615174 0.014974 0.615174 0.014323 0.615174 0.013672 0.615174 0.013021 0.615174 0.012370 0.614260 0.013021 0.613346 0.013672 0.613346 0.014323 0.613346 0.014974 0.613346 0.015625 0.613346 0.016276 0.613346 0.016276 0.612431 0.016927 0.611517 0.016927 0.610603 0.016927 0.609689 0.016276 0.608775 0.016276 0.607861 0.016276 0.606947 0.015625 0.606033 0.015625 0.605119 0.015625 0.604205 0.016276 0.603291 0.016276 0.602377 0.016927 0.601463 0.016276 0.602377 0.015625 0.601463 0.014974 0.600548 0.014974 0.599634 0.014974 0.598720 0.014974 0.597806 0.015625 0.596892 0.014974 0.597806 0.014323 0.597806 0.013672 0.597806 0.013021 0.597806 0.012370 0.597806 0.011719 0.597806 0.011068 0.597806 0.010417 0.597806 0.009766 0.597806
0 0.929036 0.595978 0.928385 0.596892 0.927734 0.596892 0.927083 0.596892 0.926432 0.597806 0.925781 0.597806 0.925130 0.598720 0.924479 0.598720 0.923828 0.598720 0.923177 0.598720 0.922526 0.597806 0.921875 0.597806 0.921224 0.597806 0.920573 0.598720 0.919922 0.598720 0.919922 0.599634 0.919271 0.600548 0.919271 0.601463 0.918620 0.602377 0.917969 0.603291 0.917318 0.602377 0.917969 0.603291 0.917969 0.604205 0.917969 0.605119 0.917969 0.606033 0.917969 0.606947 0.917969 0.607861 0.917969 0.608775 0.917318 0.609689 0.917318 0.610603 0.917318 0.611517 0.917318 0.612431 0.917318 0.613346 0.916667 0.614260 0.916016 0.615174 0.916667 0.616088 0.916016 0.617002 0.916667 0.617916 0.916667 0.618830 0.916667 0.619744 0.916667 0.620658 0.916667 0.621572 0.916016 0.622486 0.916016 0.623400 0.916016 0.624314 0.916667 0.624314 0.917318 0.625229 0.916667 0.626143 0.916667 0.627057 0.916667 0.627971 0.916016 0.628885 0.916016 0.629799 0.915365 0.630713 0.914714 0.631627 0.914062 0.632541 0.914062 0.633455 0.913411 0.634369 0.912760 0.635283 0.912109 0.636197 0.912760 0.637112 0.912760 0.638026 0.913411 0.638940 0.914062 0.639854 0.914062 0.640768 0.914062 0.641682 0.913411 0.642596 0.912760 0.643510 0.912109 0.644424 0.911458 0.643510 0.912109 0.644424 0.912109 0.645338 0.911458 0.646252 0.910807 0.647166 0.910156 0.648080 0.909505 0.648080 0.908854 0.648995 0.908203 0.648995 0.907552 0.648995 0.906901 0.648995 0.906250 0.648995 0.905599 0.648080 0.904948 0.648080 0.904297 0.648080 0.903646 0.648080 0.902995 0.648995 0.902344 0.649909 0.901693 0.648995 0.902344 0.649909 0.901693 0.650823 0.901693 0.651737 0.901693 0.652651 0.901042 0.653565 0.901693 0.654479 0.901693 0.655393 0.901693 0.656307 0.901693 0.657221 0.901693 0.658135 0.901693 0.659049 0.901042 0.659963 0.901693 0.659049 0.902344 0.659963 0.902995 0.660878 0.902344 0.661792 0.902995 0.660878 0.903646 0.661792 0.904297 0.662706 0.904297 0.663620 0.904297 0.664534 0.904297 0.665448 0.904297 0.666362 0.904297 0.667276 0.904297 0.668190 0.904297 0.669104 0.904297 0.670018 0.904297 0.670932 0.904297 0.671846 0.903646 0.672761 0.902995 0.673675 0.903646 0.673675 0.903646 0.672761 0.904297 0.671846 0.904948 0.671846 0.905599 0.671846 0.906250 0.672761 0.906250 0.673675 0.906250 0.672761 0.905599 0.671846 0.906250 0.670932 0.906901 0.670018 0.907552 0.669104 0.908203 0.669104 0.908854 0.668190 0.909505 0.669104 0.910156 0.669104 0.910807 0.670018 0.911458 0.670018 0.912109 0.670018 0.912760 0.670932 0.913411 0.670932 0.914062 0.671846 0.914714 0.672761 0.915365 0.673675 0.914714 0.674589 0.915365 0.673675 0.916016 0.674589 0.916667 0.674589 0.917318 0.674589 0.917969 0.674589 0.918620 0.675503 0.918620 0.674589 0.919271 0.673675 0.918620 0.672761 0.918620 0.671846 0.918620 0.670932 0.919271 0.670018 0.919271 0.669104 0.919922 0.668190 0.920573 0.669104 0.921224 0.668190 0.921875 0.668190 0.922526 0.669104 0.923177 0.669104 0.923828 0.670018 0.924479 0.670932 0.924479 0.671846 0.923828 0.672761 0.924479 0.671846 0.925130 0.672761 0.925781 0.672761 0.926432 0.672761 0.927083 0.672761 0.927734 0.673675 0.928385 0.674589 0.927734 0.673675 0.927083 0.672761 0.927083 0.671846 0.927083 0.670932 0.927734 0.670018 0.928385 0.669104 0.929036 0.669104 0.929688 0.668190 0.930339 0.669104 0.930990 0.670018 0.931641 0.670932 0.932292 0.671846 0.932292 0.672761 0.932943 0.673675 0.932943 0.674589 0.932292 0.675503 0.932943 0.674589 0.933594 0.675503 0.934245 0.676417 0.934896 0.676417 0.935547 0.675503 0.936198 0.674589 0.936849 0.675503 0.936198 0.674589 0.936849 0.673675 0.937500 0.672761 0.938151 0.673675 0.937500 0.672761 0.938151 0.671846 0.938151 0.670932 0.937500 0.670018 0.937500 0.669104 0.937500 0.668190 0.937500 0.667276 0.937500 0.666362 0.937500 0.665448 0.938151 0.664534 0.938802 0.663620 0.939453 0.664534 0.938802 0.663620 0.939453 0.662706 0.938802 0.661792 0.938802 0.660878 0.938802 0.659963 0.939453 0.659049 0.938802 0.659963 0.938151 0.659049 0.937500 0.658135 0.936849 0.658135 0.936198 0.657221 0.935547 0.657221 0.934896 0.656307 0.934896 0.655393 0.934245 0.654479 0.934245 0.653565 0.934896 0.652651 0.934245 0.653565 0.933594 0.652651 0.932943 0.651737 0.932292 0.650823 0.931641 0.649909 0.930990 0.648995 0.930339 0.648080 0.930990 0.647166 0.930339 0.648080 0.929688 0.647166 0.929036 0.646252 0.929036 0.645338 0.929036 0.644424 0.929036 0.643510 0.929036 0.642596 0.929688 0.641682 0.929688 0.640768 0.930339 0.639854 0.930990 0.640768 0.931641 0.639854 0.932292 0.639854 0.932943 0.640768 0.933594 0.640768 0.934245 0.639854 0.934896 0.640768 0.935547 0.639854 0.936198 0.639854 0.936849 0.638940 0.937500 0.638026 0.938151 0.638940 0.937500 0.638026 0.938151 0.637112 0.938802 0.636197 0.938802 0.635283 0.939453 0.634369 0.938802 0.634369 0.938151 0.633455 0.937500 0.633455 0.936849 0.632541 0.936198 0.632541 0.935547 0.631627 0.934896 0.631627 0.934245 0.630713 0.933594 0.629799 0.933594 0.628885 0.933594 0.627971 0.933594 0.627057 0.934245 0.626143 0.934245 0.625229 0.934245 0.624314 0.934896 0.623400 0.934896 0.622486 0.934896 0.621572 0.935547 0.620658 0.936198 0.619744 0.936849 0.620658 0.936198 0.619744 0.936198 0.618830 0.936198 0.617916 0.936198 0.617002 0.936849 0.616088 0.936849 0.615174 0.937500 0.614260 0.937500 0.613346 0.937500 0.612431 0.936849 0.611517 0.936849 0.610603 0.936198 0.609689 0.935547 0.608775 0.934896 0.608775 0.934245 0.608775 0.933594 0.607861 0.932943 0.607861 0.932292 0.606947 0.931641 0.606033 0.931641 0.605119 0.931641 0.604205 0.931641 0.603291 0.931641 0.602377 0.931641 0.601463 0.931641 0.600548 0.931641 0.599634 0.931641 0.598720 0.931641 0.597806 0.930990 0.596892 0.930339 0.596892 0.929688 0.595978
0 0.812500 0.595064 0.813151 0.595978 0.813151 0.596892 0.813151 0.597806 0.812500 0.598720 0.811849 0.599634 0.811198 0.600548 0.810547 0.601463 0.809896 0.601463 0.809245 0.602377 0.808594 0.601463 0.809245 0.602377 0.808594 0.603291 0.807943 0.604205 0.807943 0.605119 0.807943 0.606033 0.807943 0.606947 0.807943 0.607861 0.807292 0.608775 0.806641 0.609689 0.805990 0.608775 0.806641 0.609689 0.805990 0.610603 0.805990 0.611517 0.805990 0.612431 0.805990 0.613346 0.805990 0.614260 0.805990 0.615174 0.806641 0.616088 0.806641 0.617002 0.805990 0.617916 0.806641 0.617002 0.807292 0.617002 0.807943 0.617002 0.808594 0.616088 0.809245 0.617002 0.809896 0.617002 0.810547 0.616088 0.811198 0.616088 0.811849 0.617002 0.811849 0.617916 0.811849 0.617002 0.811198 0.616088 0.811849 0.615174 0.812500 0.614260 0.813151 0.614260 0.813802 0.613346 0.814453 0.614260 0.815104 0.614260 0.815755 0.615174 0.816406 0.616088 0.817057 0.616088 0.817708 0.615174 0.818359 0.614260 0.819010 0.614260 0.819661 0.613346 0.820312 0.613346 0.820964 0.614260 0.821615 0.614260 0.820964 0.614260 0.820312 0.613346 0.820312 0.612431 0.820312 0.611517 0.820964 0.610603 0.820964 0.609689 0.820964 0.608775 0.820964 0.607861 0.820964 0.606947 0.820312 0.606033 0.820312 0.605119 0.819661 0.604205 0.819010 0.604205 0.818359 0.603291 0.817708 0.602377 0.817057 0.601463 0.816406 0.600548 0.815755 0.599634 0.815755 0.598720 0.815104 0.597806 0.815104 0.596892 0.815104 0.595978 0.814453 0.595978 0.813802 0.595064 0.813151 0.595064
0 0.781250 0.575868 0.780599 0.576782 0.779948 0.577697 0.779297 0.576782 0.779948 0.577697 0.779948 0.578611 0.779948 0.579525 0.779948 0.580439 0.779948 0.581353 0.779948 0.582267 0.779948 0.583181 0.779297 0.584095 0.779297 0.585009 0.779297 0.585923 0.779297 0.586837 0.779297 0.587751 0.779297 0.588665 0.779297 0.589580 0.779297 0.590494 0.779948 0.591408 0.779948 0.592322 0.779948 0.593236 0.779948 0.594150 0.780599 0.595064 0.780599 0.595978 0.780599 0.596892 0.779948 0.597806 0.780599 0.596892 0.781250 0.597806 0.781901 0.598720 0.782552 0.599634 0.781901 0.600548 0.782552 0.599634 0.783203 0.599634 0.783854 0.599634 0.784505 0.600548 0.785156 0.599634 0.785807 0.600548 0.786458 0.600548 0.787109 0.601463 0.787760 0.602377 0.788411 0.603291 0.788411 0.604205 0.788411 0.605119 0.787760 0.606033 0.788411 0.606947 0.788411 0.607861 0.787760 0.608775 0.787109 0.609689 0.786458 0.610603 0.785807 0.610603 0.785156 0.611517 0.784505 0.611517 0.783854 0.611517 0.783203 0.611517 0.782552 0.612431 0.782552 0.613346 0.782552 0.614260 0.782552 0.615174 0.782552 0.616088 0.783203 0.617002 0.783203 0.617916 0.783854 0.618830 0.783854 0.619744 0.783854 0.620658 0.783854 0.621572 0.783203 0.622486 0.782552 0.623400 0.781901 0.624314 0.781250 0.623400 0.781901 0.624314 0.781250 0.625229 0.781250 0.626143 0.780599 0.627057 0.779948 0.627971 0.779297 0.627971 0.778646 0.628885 0.777995 0.627971 0.777344 0.627971 0.776693 0.627057 0.776042 0.626143 0.776042 0.625229 0.776042 0.624314 0.776042 0.623400 0.776042 0.622486 0.776042 0.621572 0.776693 0.620658 0.776693 0.619744 0.776042 0.618830 0.776042 0.617916 0.775391 0.617002 0.776042 0.616088 0.775391 0.617002 0.774740 0.617916 0.774089 0.617916 0.774740 0.618830 0.774740 0.619744 0.774740 0.620658 0.774740 0.621572 0.774740 0.622486 0.774740 0.623400 0.774740 0.624314 0.774740 0.625229 0.774089 0.626143 0.774089 0.627057 0.773438 0.627971 0.773438 0.628885 0.772786 0.629799 0.773438 0.628885 0.774089 0.629799 0.774740 0.629799 0.775391 0.630713 0.776042 0.631627 0.776042 0.632541 0.776042 0.633455 0.775391 0.634369 0.775391 0.635283 0.774740 0.636197 0.774089 0.637112 0.774740 0.638026 0.774740 0.638940 0.774740 0.639854 0.774089 0.640768 0.774089 0.641682 0.774089 0.642596 0.773438 0.643510 0.773438 0.644424 0.773438 0.645338 0.773438 0.646252 0.773438 0.647166 0.774089 0.648080 0.774740 0.648995 0.774740 0.649909 0.775391 0.650823 0.775391 0.651737 0.776042 0.652651 0.776042 0.653565 0.776693 0.654479 0.776693 0.655393 0.776693 0.656307 0.776693 0.657221 0.776693 0.658135 0.776693 0.659049 0.776693 0.659963 0.776693 0.660878 0.776693 0.661792 0.776042 0.662706 0.776693 0.663620 0.776693 0.664534 0.777344 0.664534 0.777995 0.664534 0.778646 0.663620 0.779297 0.664534 0.779948 0.664534 0.780599 0.665448 0.781250 0.665448 0.781901 0.666362 0.782552 0.666362 0.783203 0.666362 0.783854 0.666362 0.784505 0.666362 0.784505 0.665448 0.785156 0.664534 0.785156 0.663620 0.784505 0.662706 0.784505 0.661792 0.783854 0.661792 0.783203 0.660878 0.782552 0.659963 0.782552 0.659049 0.782552 0.658135 0.782552 0.657221 0.782552 0.656307 0.782552 0.655393 0.782552 0.654479 0.783203 0.653565 0.783854 0.652651 0.783854 0.651737 0.784505 0.650823 0.784505 0.649909 0.784505 0.648995 0.784505 0.648080 0.785156 0.647166 0.785807 0.646252 0.785807 0.645338 0.786458 0.644424 0.786458 0.643510 0.787109 0.642596 0.787760 0.641682 0.788411 0.640768 0.789062 0.640768 0.789714 0.639854 0.790365 0.640768 0.791016 0.640768 0.791667 0.640768 0.792318 0.641682 0.792318 0.642596 0.792318 0.643510 0.792318 0.644424 0.792318 0.645338 0.791667 0.646252 0.791667 0.647166 0.791016 0.648080 0.790365 0.648995 0.789714 0.649909 0.789062 0.650823 0.788411 0.651737 0.787760 0.650823 0.788411 0.651737 0.787760 0.652651 0.787760 0.653565 0.788411 0.654479 0.788411 0.655393 0.787760 0.656307 0.788411 0.655393 0.789062 0.656307 0.789714 0.657221 0.790365 0.657221 0.791016 0.658135 0.791667 0.659049 0.792318 0.659963 0.792969 0.660878 0.792969 0.661792 0.792969 0.662706 0.792318 0.663620 0.792969 0.662706 0.793620 0.663620 0.794271 0.664534 0.794922 0.663620 0.795573 0.663620 0.796224 0.663620 0.796875 0.664534 0.797526 0.663620 0.798177 0.663620 0.798828 0.663620 0.799479 0.663620 0.800130 0.662706 0.800781 0.663620 0.800130 0.662706 0.800781 0.661792 0.801432 0.660878 0.802083 0.660878 0.802734 0.659963 0.803385 0.660878 0.804036 0.660878 0.804688 0.661792 0.805339 0.662706 0.805339 0.663620 0.805339 0.664534 0.805990 0.665448 0.806641 0.666362 0.806641 0.667276 0.807292 0.668190 0.806641 0.667276 0.807292 0.666362 0.807292 0.665448 0.807292 0.664534 0.807292 0.663620 0.807943 0.662706 0.807943 0.661792 0.808594 0.660878 0.809245 0.659963 0.809896 0.660878 0.809245 0.659963 0.809896 0.659049 0.810547 0.658135 0.811198 0.657221 0.811849 0.657221 0.812500 0.656307 0.813151 0.656307 0.813802 0.657221 0.813802 0.656307 0.814453 0.655393 0.815104 0.656307 0.815104 0.657221 0.815104 0.658135 0.815755 0.659049 0.815755 0.659963 0.815104 0.660878 0.814453 0.661792 0.815104 0.660878 0.815755 0.659963 0.816406 0.659049 0.817057 0.659963 0.816406 0.659049 0.817057 0.658135 0.817057 0.657221 0.817708 0.656307 0.818359 0.655393 0.819010 0.655393 0.819661 0.654479 0.820312 0.654479 0.820964 0.655393 0.821615 0.655393 0.822266 0.656307 0.822917 0.657221 0.822917 0.658135 0.823568 0.659049 0.823568 0.659963 0.823568 0.660878 0.823568 0.661792 0.823568 0.662706 0.823568 0.663620 0.822917 0.664534 0.822266 0.665448 0.821615 0.664534 0.822266 0.665448 0.821615 0.666362 0.821615 0.667276 0.821615 0.668190 0.822266 0.668190 0.822917 0.668190 0.823568 0.669104 0.824219 0.668190 0.824870 0.668190 0.824870 0.667276 0.824870 0.666362 0.824870 0.665448 0.824870 0.664534 0.825521 0.663620 0.825521 0.662706 0.825521 0.661792 0.825521 0.660878 0.825521 0.659963 0.826172 0.659049 0.826823 0.658135 0.827474 0.657221 0.828125 0.657221 0.828776 0.656307 0.829427 0.657221 0.830078 0.657221 0.830729 0.657221 0.831380 0.658135 0.832031 0.658135 0.832682 0.658135 0.833333 0.659049 0.833984 0.659049 0.834635 0.659963 0.835286 0.660878 0.835286 0.661792 0.835938 0.661792 0.836589 0.662706 0.837240 0.663620 0.837240 0.664534 0.837240 0.665448 0.837891 0.666362 0.837240 0.665448 0.837240 0.664534 0.837891 0.663620 0.838542 0.662706 0.839193 0.661792 0.839844 0.660878 0.840495 0.660878 0.841146 0.659963 0.841797 0.659963 0.842448 0.659963 0.843099 0.660878 0.843750 0.660878 0.844401 0.661792 0.845052 0.661792 0.845703 0.660878 0.846354 0.660878 0.847005 0.659963 0.847656 0.659049 0.848307 0.659049 0.848958 0.658135 0.849609 0.659049 0.850260 0.659049 0.850911 0.659963 0.851562 0.660878 0.852214 0.661792 0.852865 0.662706 0.852214 0.663620 0.852865 0.662706 0.853516 0.662706 0.854167 0.661792 0.854818 0.661792 0.855469 0.660878 0.856120 0.660878 0.856771 0.661792 0.857422 0.660878 0.858073 0.661792 0.858724 0.661792 0.859375 0.661792 0.860026 0.661792 0.860677 0.660878 0.860677 0.659963 0.860677 0.659049 0.861328 0.658135 0.861979 0.657221 0.862630 0.657221 0.863281 0.656307 0.863932 0.656307 0.864583 0.655393 0.865234 0.656307 0.865885 0.656307 0.866536 0.657221 0.867188 0.657221 0.867839 0.658135 0.868490 0.659049 0.869141 0.659963 0.869792 0.660878 0.869792 0.661792 0.869792 0.662706 0.869792 0.663620 0.870443 0.664534 0.870443 0.665448 0.869792 0.666362 0.870443 0.665448 0.871094 0.666362 0.871745 0.667276 0.871094 0.668190 0.871094 0.669104 0.871094 0.668190 0.871745 0.667276 0.872396 0.667276 0.873047 0.667276 0.873698 0.667276 0.874349 0.667276 0.875000 0.667276 0.875651 0.666362 0.876302 0.666362 0.876953 0.665448 0.877604 0.665448 0.876953 0.665448 0.876302 0.664534 0.875651 0.663620 0.875000 0.662706 0.874349 0.661792 0.875000 0.660878 0.874349 0.661792 0.873698 0.660878 0.873047 0.659963 0.873047 0.659049 0.873047 0.658135 0.873047 0.657221 0.872396 0.656307 0.872396 0.655393 0.872396 0.654479 0.872396 0.653565 0.873047 0.652651 0.873698 0.651737 0.874349 0.652651 0.873698 0.651737 0.874349 0.650823 0.875000 0.649909 0.875651 0.648995 0.876302 0.649909 0.875651 0.648995 0.875651 0.648080 0.876302 0.647166 0.876302 0.646252 0.876302 0.645338 0.876302 0.644424 0.876953 0.643510 0.876953 0.642596 0.877604 0.641682 0.878255 0.640768 0.878255 0.639854 0.878906 0.638940 0.878906 0.638026 0.879557 0.637112 0.879557 0.636197 0.880208 0.635283 0.880208 0.634369 0.880208 0.633455 0.880859 0.632541 0.881510 0.631627 0.881510 0.630713 0.881510 0.629799 0.880859 0.628885 0.880208 0.628885 0.879557 0.627971 0.878906 0.627057 0.878255 0.626143 0.878255 0.625229 0.878255 0.624314 0.878255 0.623400 0.878255 0.622486 0.878255 0.621572 0.878255 0.620658 0.878255 0.619744 0.878255 0.618830 0.878255 0.617916 0.877604 0.617002 0.876953 0.616088 0.876953 0.615174 0.876953 0.614260 0.876302 0.613346 0.876302 0.612431 0.876302 0.611517 0.875651 0.610603 0.875651 0.609689 0.875651 0.608775 0.875000 0.607861 0.875000 0.606947 0.875000 0.606033 0.875000 0.605119 0.875000 0.604205 0.874349 0.604205 0.873698 0.604205 0.873047 0.605119 0.872396 0.605119 0.871745 0.605119 0.871094 0.605119 0.870443 0.605119 0.869792 0.605119 0.869141 0.604205 0.869792 0.605119 0.869792 0.606033 0.869792 0.606947 0.869792 0.607861 0.869141 0.608775 0.869792 0.609689 0.869792 0.610603 0.869792 0.611517 0.869792 0.612431 0.869141 0.613346 0.868490 0.614260 0.867839 0.615174 0.867188 0.615174 0.866536 0.616088 0.865885 0.615174 0.865234 0.615174 0.864583 0.616088 0.863932 0.616088 0.863281 0.616088 0.863281 0.617002 0.863281 0.617916 0.863281 0.618830 0.863281 0.619744 0.862630 0.620658 0.861979 0.621572 0.861328 0.621572 0.861328 0.622486 0.860677 0.623400 0.860026 0.624314 0.860026 0.625229 0.859375 0.626143 0.858724 0.627057 0.859375 0.627971 0.859375 0.628885 0.859375 0.629799 0.859375 0.630713 0.860026 0.630713 0.860677 0.631627 0.861328 0.632541 0.861328 0.633455 0.861328 0.634369 0.861328 0.635283 0.861328 0.636197 0.860677 0.637112 0.860677 0.638026 0.860677 0.638940 0.860677 0.639854 0.860677 0.640768 0.860677 0.641682 0.861328 0.642596 0.861328 0.643510 0.861328 0.644424 0.861328 0.645338 0.860677 0.646252 0.860026 0.647166 0.859375 0.647166 0.858724 0.648080 0.858073 0.648080 0.857422 0.648080 0.856771 0.648080 0.856120 0.648995 0.855469 0.648995 0.854818 0.648995 0.854167 0.649909 0.853516 0.650823 0.852865 0.651737 0.852214 0.651737 0.851562 0.652651 0.851562 0.653565 0.851562 0.654479 0.850911 0.655393 0.850260 0.654479 0.850260 0.653565 0.850260 0.652651 0.850260 0.651737 0.849609 0.651737 0.848958 0.650823 0.848307 0.649909 0.848307 0.648995 0.847656 0.648080 0.847656 0.647166 0.847656 0.646252 0.847656 0.645338 0.847656 0.644424 0.847656 0.643510 0.847656 0.642596 0.847005 0.641682 0.847005 0.640768 0.846354 0.639854 0.845703 0.638940 0.845703 0.638026 0.845703 0.637112 0.846354 0.636197 0.847005 0.635283 0.847656 0.634369 0.847656 0.633455 0.847656 0.632541 0.847656 0.631627 0.847656 0.630713 0.847656 0.629799 0.847656 0.628885 0.847005 0.627971 0.847656 0.627057 0.847005 0.627971 0.846354 0.627057 0.845703 0.626143 0.845703 0.625229 0.846354 0.624314 0.845703 0.625229 0.845052 0.625229 0.844401 0.624314 0.843750 0.624314 0.843099 0.623400 0.842448 0.623400 0.841797 0.623400 0.841146 0.622486 0.841146 0.621572 0.841146 0.622486 0.841797 0.623400 0.841146 0.624314 0.840495 0.625229 0.839844 0.626143 0.839193 0.626143 0.839193 0.627057 0.838542 0.627971 0.837891 0.628885 0.837240 0.628885 0.836589 0.629799 0.835938 0.630713 0.835938 0.631627 0.835286 0.632541 0.835938 0.633455 0.836589 0.634369 0.836589 0.635283 0.837240 0.636197 0.837240 0.637112 0.836589 0.638026 0.837240 0.637112 0.837891 0.637112 0.838542 0.638026 0.839193 0.638026 0.839844 0.638026 0.840495 0.638026 0.841146 0.638940 0.841797 0.638940 0.842448 0.639854 0.842448 0.640768 0.843099 0.640768 0.843750 0.641682 0.843099 0.642596 0.842448 0.642596 0.841797 0.643510 0.841146 0.644424 0.840495 0.644424 0.839844 0.644424 0.839193 0.644424 0.838542 0.645338 0.837891 0.645338 0.837240 0.646252 0.836589 0.646252 0.835938 0.647166 0.835286 0.646252 0.834635 0.646252 0.833984 0.645338 0.833333 0.644424 0.833984 0.643510 0.833333 0.644424 0.832682 0.644424 0.832031 0.645338 0.832031 0.646252 0.832031 0.647166 0.832031 0.648080 0.832031 0.648995 0.831380 0.649909 0.830729 0.650823 0.830078 0.650823 0.830078 0.651737 0.830078 0.652651 0.830078 0.653565 0.830078 0.654479 0.830078 0.655393 0.830078 0.656307 0.829427 0.657221 0.828776 0.656307 0.828776 0.655393 0.828776 0.654479 0.828776 0.653565 0.828776 0.652651 0.828776 0.651737 0.828776 0.650823 0.828125 0.649909 0.827474 0.648995 0.827474 0.648080 0.827474 0.647166 0.826823 0.646252 0.826823 0.645338 0.826823 0.644424 0.826823 0.643510 0.826823 0.642596 0.826823 0.641682 0.826823 0.640768 0.826823 0.639854 0.827474 0.638940 0.826823 0.639854 0.826172 0.638940 0.825521 0.639854 0.824870 0.639854 0.824219 0.640768 0.823568 0.640768 0.822917 0.640768 0.822266 0.639854 0.821615 0.639854 0.820964 0.638940 0.820312 0.638026 0.820964 0.637112 0.820312 0.636197 0.820964 0.635283 0.821615 0.634369 0.822266 0.634369 0.822266 0.633455 0.822266 0.632541 0.822917 0.631627 0.822917 0.630713 0.822917 0.629799 0.822917 0.628885 0.822266 0.627971 0.822917 0.627057 0.822266 0.627971 0.821615 0.627057 0.820964 0.626143 0.821615 0.625229 0.820964 0.626143 0.820312 0.625229 0.819661 0.625229 0.819010 0.624314 0.818359 0.625229 0.817708 0.624314 0.817057 0.623400 0.817708 0.624314 0.817057 0.625229 0.816406 0.626143 0.815755 0.626143 0.815755 0.627057 0.815755 0.627971 0.815755 0.628885 0.815755 0.629799 0.815104 0.630713 0.814453 0.629799 0.814453 0.628885 0.814453 0.627971 0.814453 0.627057 0.814453 0.626143 0.813802 0.626143 0.813151 0.625229 0.812500 0.624314 0.811849 0.623400 0.811198 0.623400 0.810547 0.623400 0.809896 0.623400 0.809245 0.624314 0.808594 0.624314 0.807943 0.623400 0.808594 0.624314 0.808594 0.625229 0.807943 0.626143 0.807943 0.627057 0.807943 0.627971 0.807943 0.628885 0.807943 0.629799 0.807292 0.630713 0.807943 0.631627 0.807943 0.632541 0.807943 0.633455 0.807943 0.634369 0.808594 0.635283 0.809245 0.636197 0.808594 0.637112 0.809245 0.636197 0.809896 0.637112 0.810547 0.636197 0.811198 0.636197 0.811849 0.635283 0.812500 0.634369 0.813151 0.634369 0.813802 0.633455 0.814453 0.634369 0.815104 0.635283 0.815755 0.636197 0.816406 0.637112 0.817057 0.637112 0.817708 0.637112 0.818359 0.637112 0.819010 0.638026 0.818359 0.638940 0.817708 0.638940 0.817057 0.638940 0.816406 0.638940 0.815755 0.638940 0.815755 0.639854 0.815755 0.640768 0.815104 0.641682 0.814453 0.642596 0.813802 0.643510 0.813151 0.643510 0.812500 0.644424 0.811849 0.643510 0.811198 0.643510 0.810547 0.642596 0.810547 0.641682 0.809896 0.641682 0.809896 0.642596 0.810547 0.642596 0.811198 0.643510 0.811198 0.644424 0.811198 0.645338 0.810547 0.646252 0.809896 0.647166 0.809245 0.646252 0.809896 0.647166 0.809245 0.648080 0.808594 0.648080 0.807943 0.648080 0.807292 0.647166 0.806641 0.647166 0.805990 0.646252 0.805339 0.645338 0.804688 0.644424 0.805339 0.643510 0.804688 0.644424 0.804036 0.644424 0.803385 0.644424 0.802734 0.644424 0.802083 0.645338 0.801432 0.645338 0.800781 0.646252 0.800130 0.645338 0.799479 0.645338 0.798828 0.644424 0.798177 0.644424 0.797526 0.643510 0.796875 0.643510 0.796224 0.642596 0.795573 0.641682 0.795573 0.640768 0.794922 0.639854 0.794271 0.640768 0.793620 0.639854 0.792969 0.640768 0.792318 0.639854 0.792318 0.638940 0.791667 0.638026 0.791667 0.637112 0.791667 0.636197 0.791667 0.635283 0.792318 0.634369 0.792969 0.633455 0.793620 0.633455 0.792969 0.632541 0.792969 0.631627 0.792969 0.630713 0.792969 0.629799 0.792318 0.630713 0.791667 0.629799 0.791016 0.629799 0.790365 0.628885 0.789714 0.627971 0.789714 0.627057 0.789714 0.626143 0.789714 0.625229 0.789714 0.624314 0.790365 0.623400 0.791016 0.622486 0.791667 0.621572 0.791667 0.620658 0.792318 0.619744 0.792969 0.618830 0.793620 0.618830 0.794271 0.617916 0.794922 0.618830 0.794271 0.617916 0.794922 0.617002 0.794922 0.616088 0.794922 0.615174 0.795573 0.614260 0.795573 0.613346 0.795573 0.612431 0.795573 0.611517 0.795573 0.610603 0.794922 0.609689 0.794271 0.608775 0.793620 0.607861 0.793620 0.606947 0.794271 0.606033 0.793620 0.605119 0.794271 0.604205 0.794922 0.603291 0.795573 0.602377 0.796224 0.601463 0.796875 0.601463 0.797526 0.600548 0.798177 0.600548 0.798828 0.599634 0.799479 0.599634 0.799479 0.598720 0.800130 0.597806 0.800781 0.596892 0.800781 0.595978 0.801432 0.595064 0.802083 0.594150 0.801432 0.593236 0.801432 0.592322 0.801432 0.591408 0.800781 0.591408 0.800130 0.591408 0.799479 0.591408 0.798828 0.590494 0.798177 0.590494 0.797526 0.591408 0.796875 0.591408 0.796224 0.592322 0.795573 0.592322 0.794922 0.592322 0.794271 0.591408 0.793620 0.592322 0.792969 0.592322 0.792318 0.593236 0.791667 0.593236 0.791016 0.593236 0.790365 0.593236 0.789714 0.594150 0.789062 0.594150 0.789062 0.595064 0.788411 0.595978 0.787760 0.595064 0.787760 0.594150 0.787760 0.593236 0.787109 0.593236 0.786458 0.592322 0.785807 0.591408 0.785156 0.590494 0.785156 0.589580 0.785156 0.588665 0.785156 0.587751 0.785156 0.586837 0.785156 0.585923 0.785156 0.585009 0.784505 0.584095 0.784505 0.583181 0.784505 0.582267 0.784505 0.581353 0.784505 0.580439 0.784505 0.579525 0.784505 0.578611 0.784505 0.577697 0.784505 0.576782 0.783854 0.575868 0.783203 0.575868 0.782552 0.575868 0.781901 0.575868
0 0.569010 0.557587 0.568359 0.558501 0.567708 0.558501 0.567057 0.558501 0.566406 0.559415 0.565755 0.559415 0.565104 0.560329 0.564453 0.560329 0.563802 0.561243 0.563151 0.561243 0.562500 0.562157 0.561849 0.561243 0.562500 0.562157 0.561849 0.563071 0.561849 0.563985 0.561198 0.564899 0.560547 0.565814 0.559896 0.564899 0.560547 0.565814 0.559896 0.566728 0.559896 0.567642 0.559245 0.568556 0.559245 0.569470 0.559245 0.570384 0.559245 0.571298 0.559245 0.572212 0.559245 0.573126 0.558594 0.574040 0.559245 0.573126 0.559896 0.574040 0.560547 0.574954 0.560547 0.575868 0.560547 0.576782 0.560547 0.577697 0.560547 0.578611 0.560547 0.579525 0.560547 0.580439 0.559896 0.581353 0.560547 0.580439 0.561198 0.580439 0.561849 0.579525 0.562500 0.580439 0.563151 0.580439 0.563802 0.581353 0.564453 0.581353 0.565104 0.582267 0.565755 0.583181 0.566406 0.584095 0.566406 0.585009 0.566406 0.585923 0.566406 0.586837 0.566406 0.587751 0.566406 0.588665 0.567057 0.588665 0.567708 0.588665 0.568359 0.588665 0.569010 0.587751 0.569661 0.588665 0.569010 0.587751 0.569661 0.586837 0.570312 0.585923 0.570964 0.585923 0.571615 0.585009 0.572266 0.585009 0.572917 0.585009 0.573568 0.585923 0.572917 0.585009 0.573568 0.584095 0.574219 0.583181 0.574870 0.582267 0.575521 0.582267 0.576172 0.581353 0.576823 0.581353 0.577474 0.580439 0.578125 0.580439 0.578776 0.579525 0.579427 0.580439 0.580078 0.581353 0.580729 0.582267 0.581380 0.583181 0.581380 0.584095 0.581380 0.585009 0.581380 0.585923 0.581380 0.586837 0.580729 0.587751 0.580729 0.588665 0.580078 0.589580 0.579427 0.590494 0.578776 0.589580 0.579427 0.590494 0.578776 0.591408 0.578125 0.592322 0.577474 0.593236 0.576823 0.593236 0.576172 0.594150 0.575521 0.595064 0.575521 0.595978 0.574870 0.596892 0.574870 0.597806 0.574870 0.598720 0.574870 0.599634 0.574870 0.600548 0.574870 0.601463 0.574870 0.602377 0.575521 0.603291 0.575521 0.604205 0.575521 0.605119 0.575521 0.606033 0.575521 0.606947 0.575521 0.607861 0.576172 0.608775 0.576172 0.609689 0.576172 0.610603 0.576172 0.611517 0.576172 0.612431 0.576172 0.613346 0.576172 0.614260 0.576823 0.614260 0.577474 0.615174 0.578125 0.616088 0.578776 0.617002 0.578776 0.617916 0.578776 0.618830 0.578776 0.619744 0.578125 0.620658 0.578125 0.621572 0.578125 0.622486 0.578125 0.623400 0.577474 0.624314 0.578125 0.625229 0.577474 0.626143 0.577474 0.627057 0.576823 0.627971 0.576823 0.628885 0.576823 0.629799 0.576823 0.630713 0.576823 0.631627 0.576823 0.632541 0.576823 0.633455 0.576823 0.634369 0.576823 0.635283 0.576172 0.636197 0.575521 0.637112 0.576172 0.638026 0.576172 0.638940 0.576172 0.639854 0.576172 0.640768 0.575521 0.641682 0.576172 0.640768 0.576823 0.641682 0.577474 0.642596 0.577474 0.643510 0.578125 0.644424 0.578125 0.645338 0.578125 0.646252 0.577474 0.647166 0.577474 0.648080 0.577474 0.648995 0.576823 0.649909 0.576172 0.650823 0.575521 0.650823 0.575521 0.651737 0.575521 0.652651 0.574870 0.653565 0.574219 0.652651 0.574219 0.651737 0.573568 0.652651 0.572917 0.651737 0.572266 0.651737 0.571615 0.650823 0.570964 0.649909 0.570312 0.648995 0.570312 0.648080 0.570312 0.647166 0.569661 0.647166 0.569010 0.647166 0.568359 0.647166 0.567708 0.647166 0.567057 0.648080 0.566406 0.648995 0.565755 0.649909 0.565104 0.649909 0.564453 0.650823 0.564453 0.651737 0.564453 0.652651 0.564453 0.653565 0.563802 0.654479 0.563151 0.653565 0.563151 0.652651 0.563151 0.651737 0.563151 0.650823 0.563151 0.649909 0.562500 0.649909 0.561849 0.648995 0.561198 0.648995 0.560547 0.648080 0.559896 0.647166 0.559245 0.646252 0.558594 0.645338 0.558594 0.644424 0.558594 0.643510 0.559245 0.642596 0.559896 0.641682 0.560547 0.640768 0.561198 0.640768 0.561849 0.639854 0.562500 0.639854 0.563151 0.639854 0.563802 0.638940 0.564453 0.638940 0.564453 0.638026 0.565104 0.637112 0.565755 0.636197 0.565755 0.635283 0.566406 0.634369 0.566406 0.633455 0.566406 0.632541 0.566406 0.631627 0.566406 0.630713 0.566406 0.629799 0.566406 0.628885 0.567057 0.627971 0.566406 0.627057 0.566406 0.626143 0.566406 0.625229 0.565755 0.624314 0.565755 0.623400 0.565755 0.622486 0.565755 0.621572 0.566406 0.620658 0.565755 0.621572 0.565104 0.620658 0.564453 0.619744 0.564453 0.618830 0.564453 0.617916 0.563802 0.617002 0.564453 0.616088 0.563802 0.617002 0.563151 0.616088 0.562500 0.615174 0.562500 0.614260 0.562500 0.613346 0.561849 0.612431 0.561849 0.611517 0.561849 0.610603 0.562500 0.609689 0.562500 0.608775 0.562500 0.607861 0.562500 0.606947 0.561849 0.606033 0.561849 0.605119 0.561849 0.604205 0.562500 0.603291 0.561849 0.604205 0.561198 0.604205 0.560547 0.604205 0.559896 0.604205 0.559245 0.604205 0.558594 0.603291 0.557943 0.603291 0.557292 0.603291 0.557943 0.603291 0.558594 0.603291 0.559245 0.604205 0.559245 0.605119 0.559245 0.606033 0.558594 0.606947 0.559245 0.607861 0.559245 0.608775 0.559245 0.609689 0.559245 0.610603 0.559896 0.611517 0.560547 0.612431 0.560547 0.613346 0.560547 0.614260 0.560547 0.615174 0.559896 0.616088 0.559245 0.617002 0.558594 0.617002 0.557943 0.617916 0.557292 0.617002 0.556641 0.617002 0.555990 0.617002 0.555339 0.617002 0.554688 0.617002 0.554036 0.617002 0.553385 0.617002 0.552734 0.616088 0.552083 0.616088 0.551432 0.615174 0.550781 0.614260 0.550781 0.613346 0.550781 0.612431 0.550781 0.611517 0.551432 0.610603 0.551432 0.609689 0.552083 0.608775 0.552083 0.607861 0.552083 0.606947 0.552734 0.606033 0.552083 0.606947 0.551432 0.606033 0.550781 0.605119 0.550781 0.604205 0.550781 0.603291 0.550781 0.602377 0.550781 0.601463 0.551432 0.600548 0.552083 0.599634 0.552734 0.599634 0.553385 0.598720 0.554036 0.599634 0.553385 0.598720 0.554036 0.597806 0.554688 0.596892 0.555339 0.595978 0.555990 0.596892 0.555339 0.595978 0.555339 0.595064 0.554688 0.594150 0.554688 0.593236 0.555339 0.592322 0.554688 0.593236 0.554036 0.593236 0.553385 0.592322 0.552734 0.593236 0.552083 0.592322 0.551432 0.592322 0.550781 0.591408 0.550130 0.590494 0.549479 0.589580 0.548828 0.588665 0.549479 0.587751 0.548828 0.588665 0.548177 0.588665 0.547526 0.588665 0.546875 0.589580 0.546224 0.588665 0.545573 0.589580 0.544922 0.588665 0.545573 0.589580 0.544922 0.590494 0.544922 0.591408 0.544922 0.592322 0.544922 0.593236 0.544271 0.594150 0.544271 0.595064 0.544271 0.595978 0.544271 0.596892 0.544271 0.597806 0.543620 0.598720 0.544271 0.597806 0.544922 0.598720 0.545573 0.599634 0.546224 0.600548 0.546224 0.601463 0.546224 0.602377 0.546224 0.603291 0.545573 0.604205 0.546224 0.605119 0.546224 0.606033 0.546224 0.606947 0.545573 0.607861 0.545573 0.608775 0.544922 0.609689 0.544271 0.610603 0.543620 0.609689 0.544271 0.610603 0.543620 0.611517 0.543620 0.612431 0.543620 0.613346 0.543620 0.614260 0.544271 0.615174 0.544271 0.616088 0.544271 0.617002 0.544922 0.617916 0.544922 0.618830 0.544922 0.619744 0.544922 0.620658 0.544922 0.621572 0.544271 0.622486 0.543620 0.623400 0.543620 0.624314 0.543620 0.625229 0.542969 0.626143 0.542969 0.627057 0.542969 0.627971 0.542969 0.628885 0.543620 0.629799 0.543620 0.630713 0.544271 0.631627 0.544271 0.632541 0.544922 0.633455 0.544922 0.634369 0.544922 0.635283 0.544922 0.636197 0.544271 0.637112 0.544271 0.638026 0.544271 0.638940 0.543620 0.639854 0.543620 0.640768 0.543620 0.641682 0.543620 0.642596 0.543620 0.643510 0.544271 0.644424 0.544271 0.645338 0.543620 0.646252 0.544271 0.645338 0.544922 0.646252 0.545573 0.646252 0.546224 0.647166 0.546875 0.648080 0.547526 0.648995 0.547526 0.649909 0.547526 0.650823 0.547526 0.651737 0.546875 0.652651 0.546875 0.653565 0.546224 0.654479 0.546224 0.655393 0.546224 0.656307 0.546224 0.657221 0.546224 0.658135 0.545573 0.659049 0.545573 0.659963 0.545573 0.660878 0.544922 0.661792 0.544271 0.662706 0.543620 0.661792 0.544271 0.662706 0.543620 0.663620 0.542969 0.664534 0.542318 0.664534 0.542969 0.664534 0.543620 0.663620 0.544271 0.663620 0.544922 0.663620 0.545573 0.663620 0.546224 0.662706 0.546875 0.662706 0.547526 0.661792 0.548177 0.661792 0.548828 0.661792 0.549479 0.661792 0.550130 0.660878 0.550781 0.660878 0.551432 0.659963 0.552083 0.659963 0.552734 0.659049 0.553385 0.659963 0.554036 0.659963 0.554688 0.660878 0.555339 0.660878 0.555990 0.660878 0.556641 0.660878 0.557292 0.659963 0.557943 0.659963 0.558594 0.659963 0.559245 0.659049 0.559896 0.659049 0.560547 0.658135 0.561198 0.658135 0.561849 0.657221 0.562500 0.658135 0.563151 0.659049 0.563802 0.659963 0.564453 0.660878 0.564453 0.661792 0.564453 0.662706 0.564453 0.663620 0.565104 0.664534 0.565104 0.665448 0.565755 0.666362 0.565755 0.667276 0.565755 0.668190 0.566406 0.669104 0.566406 0.670018 0.566406 0.670932 0.565755 0.671846 0.565104 0.672761 0.564453 0.672761 0.564453 0.673675 0.565104 0.674589 0.565104 0.675503 0.565755 0.674589 0.566406 0.675503 0.565755 0.674589 0.565755 0.673675 0.565755 0.672761 0.566406 0.671846 0.567057 0.670932 0.567708 0.670018 0.568359 0.670932 0.567708 0.670018 0.568359 0.669104 0.569010 0.668190 0.569661 0.667276 0.570312 0.667276 0.570964 0.666362 0.571615 0.666362 0.572266 0.666362 0.572917 0.667276 0.573568 0.667276 0.574219 0.666362 0.574870 0.666362 0.575521 0.667276 0.574870 0.666362 0.574870 0.665448 0.575521 0.664534 0.576172 0.663620 0.576823 0.662706 0.577474 0.663620 0.576823 0.662706 0.576172 0.661792 0.576172 0.660878 0.576172 0.659963 0.576823 0.659049 0.577474 0.658135 0.577474 0.657221 0.578125 0.656307 0.578776 0.656307 0.579427 0.657221 0.580078 0.657221 0.580729 0.658135 0.581380 0.658135 0.582031 0.659049 0.582682 0.659049 0.583333 0.658135 0.583984 0.659049 0.583984 0.659963 0.583984 0.659049 0.583333 0.658135 0.583984 0.657221 0.584635 0.656307 0.585286 0.657221 0.585938 0.656307 0.585286 0.657221 0.584635 0.656307 0.583984 0.655393 0.584635 0.654479 0.584635 0.653565 0.584635 0.652651 0.584635 0.651737 0.585286 0.650823 0.585938 0.650823 0.586589 0.649909 0.587240 0.650823 0.587891 0.650823 0.588542 0.651737 0.588542 0.652651 0.588542 0.653565 0.589193 0.654479 0.589193 0.655393 0.588542 0.656307 0.588542 0.657221 0.589193 0.657221 0.589844 0.658135 0.590495 0.659049 0.590495 0.659963 0.590495 0.660878 0.590495 0.661792 0.589844 0.662706 0.589193 0.663620 0.588542 0.662706 0.589193 0.663620 0.588542 0.664534 0.587891 0.665448 0.587891 0.666362 0.588542 0.666362 0.589193 0.665448 0.589844 0.664534 0.590495 0.663620 0.591146 0.662706 0.591797 0.662706 0.592448 0.661792 0.593099 0.662706 0.593750 0.662706 0.594401 0.662706 0.595052 0.662706 0.595703 0.662706 0.596354 0.661792 0.597005 0.661792 0.597656 0.661792 0.598307 0.660878 0.598958 0.660878 0.599609 0.659963 0.599609 0.659049 0.599609 0.658135 0.600260 0.657221 0.600911 0.656307 0.601562 0.656307 0.602214 0.655393 0.602865 0.656307 0.603516 0.656307 0.604167 0.657221 0.604818 0.658135 0.604818 0.659049 0.604818 0.659963 0.605469 0.660878 0.606120 0.661792 0.606120 0.662706 0.606120 0.663620 0.605469 0.664534 0.605469 0.665448 0.604818 0.666362 0.604167 0.667276 0.603516 0.667276 0.602865 0.668190 0.602214 0.667276 0.602865 0.668190 0.602214 0.669104 0.601562 0.670018 0.600911 0.670018 0.600260 0.670932 0.599609 0.670932 0.598958 0.670018 0.598307 0.670018 0.597656 0.669104 0.597005 0.670018 0.596354 0.669104 0.595703 0.670018 0.595052 0.669104 0.594401 0.670018 0.593750 0.670932 0.593099 0.670932 0.593099 0.671846 0.592448 0.672761 0.592448 0.673675 0.592448 0.674589 0.592448 0.675503 0.591797 0.676417 0.591146 0.677331 0.590495 0.676417 0.591146 0.677331 0.591146 0.678245 0.591146 0.677331 0.591797 0.676417 0.592448 0.676417 0.593099 0.675503 0.593750 0.675503 0.594401 0.676417 0.595052 0.676417 0.595703 0.677331 0.596354 0.676417 0.597005 0.676417 0.597005 0.675503 0.597656 0.674589 0.598307 0.673675 0.598958 0.673675 0.599609 0.672761 0.600260 0.673675 0.600911 0.673675 0.601562 0.673675 0.602214 0.674589 0.602865 0.674589 0.603516 0.675503 0.604167 0.674589 0.604818 0.674589 0.605469 0.673675 0.606120 0.673675 0.606771 0.674589 0.606771 0.675503 0.607422 0.675503 0.607422 0.674589 0.607422 0.673675 0.606771 0.674589 0.606120 0.673675 0.605469 0.672761 0.605469 0.671846 0.605469 0.670932 0.606120 0.670018 0.606771 0.669104 0.607422 0.670018 0.606771 0.669104 0.606771 0.668190 0.606771 0.667276 0.606771 0.666362 0.607422 0.665448 0.608073 0.664534 0.608724 0.664534 0.609375 0.663620 0.610026 0.663620 0.610677 0.662706 0.611328 0.662706 0.611979 0.663620 0.612630 0.663620 0.613281 0.664534 0.613932 0.665448 0.613932 0.666362 0.613932 0.667276 0.613932 0.668190 0.614583 0.669104 0.614583 0.670018 0.614583 0.670932 0.615234 0.670932 0.615885 0.670932 0.616536 0.671846 0.617188 0.671846 0.617839 0.671846 0.618490 0.672761 0.619141 0.672761 0.619792 0.673675 0.619141 0.672761 0.619792 0.671846 0.619792 0.670932 0.619792 0.670018 0.619792 0.669104 0.619141 0.668190 0.618490 0.667276 0.618490 0.666362 0.617839 0.665448 0.618490 0.664534 0.617839 0.665448 0.617188 0.664534 0.616536 0.663620 0.617188 0.662706 0.616536 0.663620 0.615885 0.663620 0.615234 0.662706 0.614583 0.662706 0.613932 0.661792 0.613281 0.660878 0.613281 0.659963 0.613281 0.659049 0.613281 0.658135 0.613932 0.657221 0.614583 0.656307 0.615234 0.655393 0.615885 0.655393 0.616536 0.654479 0.617188 0.655393 0.616536 0.654479 0.617188 0.653565 0.617188 0.652651 0.617188 0.651737 0.616536 0.650823 0.616536 0.649909 0.615885 0.650823 0.615234 0.650823 0.614583 0.650823 0.613932 0.649909 0.613281 0.649909 0.612630 0.648995 0.611979 0.648080 0.611979 0.647166 0.612630 0.646252 0.611979 0.645338 0.611979 0.644424 0.611979 0.643510 0.611979 0.642596 0.611979 0.641682 0.612630 0.640768 0.611979 0.639854 0.612630 0.638940 0.611979 0.639854 0.611328 0.638940 0.610677 0.638026 0.610677 0.637112 0.610677 0.636197 0.610026 0.635283 0.609375 0.634369 0.608724 0.633455 0.609375 0.632541 0.608724 0.633455 0.608073 0.634369 0.607422 0.634369 0.606771 0.635283 0.606120 0.635283 0.606120 0.636197 0.605469 0.637112 0.605469 0.638026 0.605469 0.638940 0.604818 0.639854 0.604818 0.640768 0.604818 0.641682 0.604818 0.642596 0.605469 0.643510 0.606120 0.644424 0.606120 0.645338 0.606120 0.646252 0.606120 0.647166 0.606771 0.647166 0.607422 0.647166 0.608073 0.647166 0.608724 0.647166 0.609375 0.648080 0.608724 0.648995 0.608073 0.648995 0.607422 0.648995 0.606771 0.648995 0.606771 0.649909 0.606120 0.650823 0.606120 0.651737 0.605469 0.652651 0.604818 0.653565 0.604167 0.653565 0.603516 0.654479 0.602865 0.654479 0.602214 0.653565 0.601562 0.653565 0.600911 0.652651 0.600260 0.652651 0.599609 0.653565 0.598958 0.652651 0.598307 0.652651 0.597656 0.653565 0.597005 0.654479 0.596354 0.654479 0.596354 0.655393 0.596354 0.656307 0.596354 0.657221 0.596354 0.658135 0.596354 0.659049 0.596354 0.659963 0.596354 0.660878 0.596354 0.661792 0.595703 0.662706 0.595052 0.661792 0.595052 0.660878 0.595052 0.659963 0.595052 0.659049 0.595052 0.658135 0.595052 0.657221 0.595052 0.656307 0.595052 0.655393 0.595052 0.654479 0.594401 0.654479 0.593750 0.653565 0.593099 0.652651 0.593099 0.651737 0.593099 0.650823 0.593099 0.649909 0.593099 0.648995 0.593750 0.648080 0.593750 0.647166 0.593750 0.646252 0.593750 0.645338 0.594401 0.644424 0.593750 0.645338 0.593099 0.644424 0.592448 0.644424 0.591797 0.643510 0.591146 0.642596 0.591146 0.641682 0.590495 0.640768 0.590495 0.639854 0.590495 0.638940 0.590495 0.638026 0.589844 0.637112 0.589844 0.636197 0.589844 0.635283 0.589844 0.634369 0.589844 0.633455 0.589844 0.632541 0.589844 0.631627 0.589844 0.630713 0.589193 0.629799 0.589193 0.628885 0.589193 0.627971 0.588542 0.628885 0.587891 0.628885 0.587240 0.629799 0.586589 0.629799 0.585938 0.630713 0.585286 0.629799 0.584635 0.629799 0.583984 0.628885 0.583333 0.627971 0.583333 0.627057 0.583984 0.626143 0.583333 0.625229 0.583984 0.624314 0.584635 0.623400 0.585286 0.622486 0.585938 0.621572 0.585938 0.620658 0.586589 0.619744 0.587240 0.618830 0.587891 0.619744 0.587240 0.618830 0.587891 0.617916 0.587891 0.617002 0.588542 0.616088 0.588542 0.615174 0.588542 0.614260 0.589193 0.613346 0.589844 0.614260 0.589193 0.613346 0.589193 0.612431 0.589844 0.611517 0.590495 0.610603 0.591146 0.610603 0.591797 0.609689 0.592448 0.608775 0.593099 0.607861 0.593750 0.607861 0.594401 0.606947 0.595052 0.606033 0.595703 0.606033 0.595703 0.605119 0.596354 0.604205 0.597005 0.603291 0.597005 0.602377 0.597005 0.601463 0.597656 0.600548 0.598307 0.599634 0.598307 0.598720 0.598958 0.597806 0.598307 0.596892 0.598307 0.595978 0.597656 0.595064 0.597656 0.594150 0.597656 0.593236 0.597005 0.593236 0.596354 0.593236 0.595703 0.594150 0.595052 0.594150 0.594401 0.594150 0.593750 0.595064 0.593099 0.595978 0.592448 0.596892 0.591797 0.595978 0.592448 0.596892 0.591797 0.597806 0.591146 0.598720 0.590495 0.598720 0.589844 0.599634 0.589193 0.598720 0.588542 0.599634 0.587891 0.598720 0.587891 0.597806 0.587240 0.596892 0.587240 0.595978 0.587240 0.595064 0.587240 0.594150 0.587240 0.593236 0.587240 0.592322 0.587240 0.591408 0.587891 0.590494 0.588542 0.589580 0.589193 0.588665 0.589193 0.587751 0.589193 0.586837 0.589844 0.585923 0.590495 0.585009 0.591146 0.585009 0.590495 0.584095 0.590495 0.583181 0.591146 0.582267 0.590495 0.583181 0.589844 0.582267 0.589193 0.581353 0.588542 0.580439 0.588542 0.579525 0.588542 0.578611 0.589193 0.577697 0.589844 0.576782 0.590495 0.575868 0.591146 0.576782 0.590495 0.575868 0.591146 0.574954 0.591146 0.574040 0.590495 0.574040 0.589844 0.574040 0.589193 0.574040 0.588542 0.573126 0.587891 0.574040 0.587240 0.574040 0.586589 0.574040 0.585938 0.573126 0.585286 0.573126 0.584635 0.574040 0.583984 0.574040 0.583333 0.574954 0.582682 0.574954 0.582031 0.574954 0.581380 0.575868 0.580729 0.575868 0.580078 0.575868 0.579427 0.574954 0.578776 0.574954 0.578125 0.574954 0.577474 0.575868 0.576823 0.574954 0.576823 0.574040 0.576823 0.574954 0.577474 0.575868 0.577474 0.576782 0.577474 0.577697 0.576823 0.578611 0.576172 0.579525 0.575521 0.579525 0.574870 0.580439 0.574219 0.579525 0.573568 0.578611 0.572917 0.577697 0.572917 0.576782 0.572917 0.575868 0.572917 0.574954 0.572917 0.574040 0.573568 0.573126 0.574219 0.573126 0.574870 0.572212 0.575521 0.573126 0.574870 0.572212 0.574870 0.571298 0.574870 0.570384 0.575521 0.569470 0.574870 0.568556 0.574870 0.567642 0.574870 0.566728 0.574870 0.565814 0.574870 0.564899 0.574870 0.563985 0.575521 0.563071 0.576172 0.563071 0.575521 0.563071 0.574870 0.563985 0.574219 0.563071 0.573568 0.563071 0.572917 0.562157 0.572266 0.561243 0.572266 0.560329 0.572266 0.559415 0.572917 0.558501 0.572266 0.558501 0.571615 0.558501 0.570964 0.557587 0.570312 0.557587 0.569661 0.557587
0 0.111328 0.555759 0.110677 0.556673 0.110026 0.556673 0.109375 0.556673 0.108724 0.556673 0.108073 0.556673 0.107422 0.557587 0.106771 0.556673 0.107422 0.557587 0.106771 0.558501 0.106120 0.559415 0.105469 0.558501 0.106120 0.559415 0.106120 0.560329 0.105469 0.561243 0.104818 0.562157 0.104167 0.563071 0.103516 0.563071 0.102865 0.563985 0.102214 0.563985 0.101562 0.563985 0.100911 0.563985 0.100260 0.563071 0.099609 0.563071 0.098958 0.563071 0.099609 0.563071 0.100260 0.563071 0.100911 0.563985 0.100911 0.564899 0.100911 0.565814 0.100911 0.566728 0.100260 0.567642 0.100260 0.568556 0.100260 0.569470 0.100260 0.570384 0.099609 0.571298 0.099609 0.572212 0.099609 0.573126 0.099609 0.574040 0.098958 0.574954 0.098958 0.575868 0.099609 0.576782 0.099609 0.577697 0.098958 0.578611 0.099609 0.577697 0.100260 0.578611 0.100911 0.579525 0.101562 0.579525 0.102214 0.580439 0.102865 0.580439 0.103516 0.581353 0.104167 0.582267 0.104818 0.582267 0.105469 0.583181 0.106120 0.583181 0.106771 0.584095 0.107422 0.585009 0.108073 0.585009 0.108724 0.585009 0.109375 0.585009 0.110026 0.585009 0.110677 0.584095 0.111328 0.583181 0.111979 0.583181 0.112630 0.582267 0.113281 0.583181 0.112630 0.582267 0.113281 0.581353 0.113281 0.580439 0.113932 0.579525 0.114583 0.578611 0.115234 0.578611 0.115234 0.577697 0.115234 0.576782 0.115885 0.575868 0.115234 0.576782 0.114583 0.575868 0.113932 0.574954 0.113932 0.574040 0.113932 0.573126 0.113932 0.572212 0.113932 0.571298 0.113932 0.570384 0.113932 0.569470 0.114583 0.568556 0.115234 0.567642 0.115885 0.567642 0.115885 0.566728 0.115885 0.565814 0.116536 0.564899 0.115885 0.565814 0.115234 0.564899 0.114583 0.563985 0.115234 0.563071 0.114583 0.563985 0.113932 0.563071 0.113281 0.563985 0.112630 0.563071 0.111979 0.563071 0.111328 0.562157 0.110677 0.561243 0.110677 0.560329 0.110677 0.559415 0.110677 0.558501 0.110677 0.557587 0.110677 0.556673
0 0.277344 0.553931 0.277995 0.554845 0.277995 0.555759 0.277995 0.556673 0.277995 0.557587 0.277995 0.558501 0.277344 0.559415 0.276693 0.560329 0.276042 0.559415 0.276693 0.560329 0.276042 0.561243 0.276042 0.562157 0.275391 0.563071 0.275391 0.563985 0.275391 0.564899 0.275391 0.565814 0.275391 0.566728 0.274740 0.567642 0.274089 0.568556 0.274089 0.569470 0.273438 0.570384 0.272786 0.571298 0.273438 0.572212 0.273438 0.573126 0.273438 0.574040 0.274089 0.574954 0.274089 0.575868 0.274089 0.576782 0.274089 0.577697 0.274740 0.578611 0.274740 0.579525 0.275391 0.580439 0.275391 0.581353 0.276042 0.582267 0.276693 0.582267 0.277344 0.583181 0.277995 0.583181 0.278646 0.583181 0.279297 0.584095 0.279948 0.584095 0.280599 0.584095 0.281250 0.584095 0.281901 0.584095 0.282552 0.583181 0.283203 0.583181 0.283854 0.583181 0.284505 0.582267 0.285156 0.581353 0.285807 0.581353 0.286458 0.580439 0.287109 0.580439 0.287760 0.579525 0.288411 0.579525 0.289062 0.579525 0.289714 0.580439 0.289062 0.579525 0.289714 0.578611 0.289062 0.577697 0.289062 0.576782 0.289062 0.575868 0.288411 0.574954 0.288411 0.574040 0.288411 0.573126 0.288411 0.572212 0.288411 0.571298 0.288411 0.570384 0.288411 0.569470 0.288411 0.568556 0.289062 0.567642 0.288411 0.568556 0.287760 0.567642 0.287109 0.566728 0.287109 0.565814 0.287109 0.564899 0.287109 0.563985 0.287109 0.563071 0.287760 0.562157 0.287109 0.563071 0.286458 0.562157 0.285807 0.561243 0.286458 0.560329 0.285807 0.561243 0.285156 0.560329 0.284505 0.559415 0.285156 0.558501 0.284505 0.559415 0.283854 0.559415 0.283203 0.559415 0.282552 0.559415 0.281901 0.558501 0.281250 0.558501 0.280599 0.557587 0.279948 0.556673 0.279297 0.555759 0.279297 0.554845 0.278646 0.553931 0.277995 0.554845
0 0.972656 0.551188 0.972656 0.552102 0.972005 0.553016 0.971354 0.553016 0.970703 0.553016 0.970052 0.553931 0.969401 0.553931 0.968750 0.554845 0.968099 0.554845 0.967448 0.555759 0.966797 0.555759 0.966146 0.556673 0.965495 0.556673 0.964844 0.557587 0.964193 0.556673 0.964844 0.557587 0.964844 0.558501 0.964844 0.559415 0.964193 0.560329 0.963542 0.561243 0.962891 0.560329 0.963542 0.561243 0.963542 0.562157 0.962891 0.563071 0.962240 0.563985 0.961589 0.563071 0.962240 0.563985 0.962240 0.564899 0.961589 0.565814 0.961589 0.566728 0.961589 0.567642 0.961589 0.568556 0.961589 0.569470 0.961589 0.570384 0.960938 0.571298 0.961589 0.570384 0.962240 0.571298 0.962891 0.572212 0.963542 0.573126 0.964193 0.574040 0.964844 0.574954 0.964844 0.575868 0.964844 0.576782 0.964844 0.577697 0.965495 0.577697 0.966146 0.578611 0.966797 0.579525 0.966146 0.580439 0.966146 0.581353 0.966146 0.580439 0.966797 0.579525 0.967448 0.580439 0.968099 0.580439 0.968750 0.581353 0.969401 0.581353 0.970052 0.581353 0.970703 0.582267 0.971354 0.581353 0.972005 0.582267 0.972656 0.582267 0.973307 0.583181 0.972656 0.582267 0.972656 0.581353 0.973307 0.580439 0.973958 0.579525 0.974609 0.578611 0.975260 0.578611 0.975911 0.577697 0.976562 0.578611 0.975911 0.577697 0.975911 0.576782 0.975911 0.575868 0.976562 0.574954 0.975911 0.574040 0.975911 0.573126 0.975911 0.572212 0.976562 0.571298 0.976562 0.570384 0.976562 0.569470 0.976562 0.568556 0.976562 0.567642 0.976562 0.566728 0.975911 0.565814 0.975911 0.564899 0.975911 0.563985 0.975911 0.563071 0.975260 0.562157 0.975260 0.561243 0.975260 0.560329 0.975911 0.559415 0.975260 0.560329 0.974609 0.559415 0.973958 0.558501 0.973958 0.557587 0.974609 0.556673 0.973958 0.557587 0.973307 0.556673 0.972656 0.555759 0.972656 0.554845 0.972656 0.553931 0.972005 0.553016 0.972656 0.552102
0 0.160807 0.533821 0.160156 0.534735 0.159505 0.535649 0.158854 0.535649 0.158203 0.536563 0.157552 0.535649 0.156901 0.535649 0.156250 0.534735 0.156901 0.535649 0.156901 0.536563 0.157552 0.537477 0.157552 0.538391 0.157552 0.539305 0.156901 0.540219 0.156250 0.541133 0.155599 0.540219 0.156250 0.541133 0.156250 0.542048 0.155599 0.542962 0.154948 0.543876 0.154948 0.544790 0.154297 0.545704 0.153646 0.546618 0.152995 0.546618 0.152344 0.547532 0.151693 0.546618 0.152344 0.547532 0.151693 0.548446 0.151042 0.549360 0.150391 0.548446 0.151042 0.549360 0.150391 0.550274 0.149740 0.551188 0.149089 0.551188 0.148438 0.552102 0.147786 0.552102 0.147135 0.552102 0.146484 0.553016 0.145833 0.553016 0.145182 0.553931 0.144531 0.553016 0.143880 0.553016 0.143229 0.552102 0.142578 0.552102 0.141927 0.552102 0.141276 0.551188 0.140625 0.551188 0.139974 0.550274 0.139323 0.549360 0.139974 0.550274 0.139974 0.551188 0.139323 0.552102 0.138672 0.553016 0.138021 0.553931 0.137370 0.553931 0.137370 0.554845 0.137370 0.555759 0.137370 0.556673 0.136719 0.557587 0.136719 0.558501 0.136068 0.559415 0.135417 0.560329 0.134766 0.560329 0.134115 0.561243 0.133464 0.561243 0.132812 0.562157 0.132161 0.561243 0.132812 0.562157 0.132161 0.563071 0.131510 0.563985 0.130859 0.563071 0.131510 0.563985 0.130859 0.564899 0.130859 0.565814 0.130208 0.566728 0.130208 0.567642 0.130208 0.568556 0.129557 0.569470 0.128906 0.570384 0.128906 0.571298 0.128906 0.572212 0.129557 0.573126 0.129557 0.574040 0.128906 0.574954 0.129557 0.574040 0.130208 0.574040 0.130859 0.574040 0.131510 0.574040 0.132161 0.574954 0.132812 0.574954 0.133464 0.575868 0.134115 0.576782 0.134115 0.577697 0.134766 0.578611 0.135417 0.579525 0.135417 0.580439 0.135417 0.581353 0.135417 0.582267 0.134766 0.583181 0.134115 0.584095 0.133464 0.585009 0.132812 0.585923 0.132161 0.585923 0.131510 0.586837 0.130859 0.586837 0.130208 0.586837 0.129557 0.586837 0.128906 0.586837 0.128255 0.587751 0.127604 0.588665 0.126953 0.589580 0.126302 0.590494 0.125651 0.590494 0.125000 0.591408 0.124349 0.591408 0.123698 0.590494 0.123047 0.591408 0.122396 0.590494 0.123047 0.591408 0.123047 0.592322 0.123047 0.593236 0.123047 0.594150 0.122396 0.595064 0.121745 0.595978 0.121745 0.596892 0.121094 0.597806 0.120443 0.598720 0.119792 0.597806 0.120443 0.598720 0.119792 0.599634 0.119141 0.600548 0.118490 0.599634 0.119141 0.600548 0.119141 0.601463 0.119792 0.602377 0.119792 0.603291 0.119792 0.604205 0.119141 0.605119 0.119141 0.606033 0.119141 0.605119 0.119792 0.604205 0.120443 0.605119 0.121094 0.606033 0.121745 0.606033 0.122396 0.606947 0.123047 0.606947 0.123698 0.607861 0.124349 0.606947 0.125000 0.606947 0.125651 0.606947 0.126302 0.606947 0.126953 0.606947 0.127604 0.607861 0.128255 0.607861 0.128906 0.608775 0.129557 0.609689 0.129557 0.610603 0.129557 0.611517 0.129557 0.612431 0.129557 0.613346 0.128906 0.614260 0.128255 0.614260 0.128906 0.614260 0.129557 0.615174 0.129557 0.616088 0.129557 0.617002 0.128906 0.617916 0.128255 0.618830 0.127604 0.618830 0.126953 0.619744 0.126302 0.618830 0.125651 0.618830 0.125000 0.617916 0.124349 0.617002 0.125000 0.616088 0.124349 0.617002 0.123698 0.616088 0.123047 0.615174 0.123047 0.614260 0.123047 0.613346 0.122396 0.612431 0.121745 0.613346 0.121094 0.612431 0.120443 0.611517 0.119792 0.610603 0.119141 0.610603 0.118490 0.610603 0.117839 0.609689 0.117188 0.608775 0.117839 0.607861 0.117188 0.608775 0.116536 0.609689 0.116536 0.610603 0.115885 0.611517 0.115885 0.612431 0.115885 0.613346 0.115885 0.614260 0.116536 0.615174 0.117188 0.616088 0.117188 0.617002 0.117188 0.617916 0.116536 0.618830 0.116536 0.619744 0.116536 0.620658 0.116536 0.621572 0.117188 0.622486 0.117188 0.623400 0.117188 0.624314 0.117188 0.625229 0.116536 0.626143 0.116536 0.627057 0.116536 0.627971 0.116536 0.628885 0.116536 0.629799 0.116536 0.630713 0.115885 0.631627 0.115234 0.631627 0.115234 0.632541 0.114583 0.633455 0.113932 0.632541 0.113932 0.631627 0.113281 0.631627 0.112630 0.630713 0.111979 0.630713 0.111328 0.629799 0.111979 0.628885 0.112630 0.628885 0.112630 0.627971 0.112630 0.627057 0.112630 0.626143 0.111979 0.625229 0.111328 0.624314 0.111328 0.623400 0.110677 0.622486 0.110026 0.622486 0.109375 0.622486 0.108724 0.621572 0.108073 0.621572 0.107422 0.620658 0.106771 0.619744 0.107422 0.618830 0.106771 0.619744 0.106120 0.619744 0.106120 0.620658 0.106120 0.621572 0.106120 0.622486 0.106120 0.623400 0.105469 0.624314 0.105469 0.625229 0.105469 0.626143 0.104818 0.627057 0.104167 0.627971 0.103516 0.628885 0.102865 0.629799 0.102214 0.629799 0.101562 0.630713 0.100911 0.629799 0.100260 0.629799 0.099609 0.628885 0.098958 0.627971 0.098958 0.627057 0.098958 0.626143 0.098958 0.625229 0.098958 0.624314 0.098958 0.623400 0.098958 0.622486 0.098958 0.621572 0.098958 0.620658 0.099609 0.619744 0.098958 0.618830 0.098958 0.617916 0.098958 0.617002 0.099609 0.616088 0.099609 0.615174 0.099609 0.616088 0.098958 0.617002 0.098307 0.617002 0.097656 0.616088 0.097005 0.616088 0.097005 0.617002 0.096354 0.617916 0.095703 0.618830 0.095052 0.617916 0.095703 0.618830 0.095703 0.619744 0.095052 0.620658 0.095052 0.621572 0.094401 0.622486 0.094401 0.623400 0.094401 0.624314 0.094401 0.625229 0.094401 0.626143 0.093750 0.627057 0.094401 0.627971 0.094401 0.628885 0.094401 0.629799 0.094401 0.630713 0.094401 0.631627 0.094401 0.632541 0.095052 0.633455 0.095703 0.634369 0.095703 0.635283 0.096354 0.636197 0.096354 0.637112 0.096354 0.638026 0.095703 0.638940 0.095052 0.639854 0.094401 0.639854 0.093750 0.640768 0.093099 0.640768 0.092448 0.639854 0.091797 0.639854 0.091146 0.638940 0.090495 0.638026 0.089844 0.638026 0.089193 0.638026 0.088542 0.637112 0.087891 0.637112 0.087240 0.636197 0.086589 0.636197 0.085938 0.635283 0.086589 0.634369 0.085938 0.633455 0.085938 0.632541 0.085938 0.631627 0.085938 0.630713 0.085938 0.629799 0.086589 0.628885 0.086589 0.627971 0.086589 0.627057 0.086589 0.626143 0.086589 0.625229 0.086589 0.624314 0.085938 0.623400 0.085938 0.622486 0.085938 0.621572 0.085938 0.620658 0.085938 0.619744 0.085938 0.618830 0.086589 0.617916 0.086589 0.617002 0.086589 0.616088 0.087240 0.615174 0.087240 0.614260 0.087891 0.613346 0.088542 0.612431 0.089193 0.613346 0.088542 0.612431 0.088542 0.611517 0.088542 0.610603 0.089193 0.609689 0.089193 0.608775 0.089193 0.607861 0.089193 0.606947 0.088542 0.606033 0.089193 0.605119 0.088542 0.606033 0.087891 0.605119 0.087240 0.604205 0.086589 0.603291 0.085938 0.603291 0.085286 0.603291 0.084635 0.604205 0.083984 0.604205 0.083333 0.605119 0.082682 0.605119 0.082031 0.604205 0.081380 0.604205 0.080729 0.603291 0.080078 0.602377 0.079427 0.601463 0.078776 0.600548 0.079427 0.599634 0.078776 0.598720 0.078776 0.597806 0.078776 0.596892 0.078776 0.595978 0.078776 0.595064 0.078776 0.594150 0.079427 0.593236 0.078776 0.592322 0.078776 0.591408 0.079427 0.590494 0.078776 0.589580 0.078776 0.588665 0.079427 0.587751 0.080078 0.586837 0.079427 0.585923 0.079427 0.585009 0.079427 0.584095 0.080078 0.583181 0.080729 0.582267 0.081380 0.582267 0.082031 0.581353 0.082682 0.581353 0.083333 0.581353 0.083984 0.581353 0.084635 0.582267 0.085286 0.583181 0.084635 0.582267 0.085286 0.581353 0.085286 0.580439 0.085286 0.579525 0.085938 0.578611 0.085938 0.577697 0.086589 0.576782 0.087240 0.575868 0.087891 0.576782 0.087240 0.575868 0.087240 0.574954 0.087240 0.574040 0.087240 0.573126 0.086589 0.572212 0.086589 0.571298 0.086589 0.570384 0.086589 0.569470 0.087240 0.568556 0.086589 0.567642 0.086589 0.566728 0.086589 0.565814 0.086589 0.564899 0.086589 0.563985 0.086589 0.563071 0.085938 0.562157 0.086589 0.561243 0.085938 0.562157 0.085286 0.561243 0.084635 0.560329 0.083984 0.560329 0.083333 0.559415 0.082682 0.558501 0.082031 0.558501 0.081380 0.559415 0.080729 0.559415 0.080078 0.559415 0.079427 0.559415 0.078776 0.560329 0.078125 0.559415 0.077474 0.559415 0.076823 0.560329 0.076172 0.559415 0.076823 0.560329 0.076823 0.561243 0.076172 0.562157 0.075521 0.563071 0.074870 0.563071 0.074219 0.563985 0.073568 0.563985 0.073568 0.564899 0.073568 0.565814 0.072917 0.566728 0.072266 0.567642 0.071615 0.567642 0.071615 0.568556 0.070964 0.569470 0.071615 0.570384 0.071615 0.571298 0.071615 0.572212 0.070964 0.573126 0.070964 0.574040 0.070964 0.574954 0.070964 0.575868 0.071615 0.576782 0.071615 0.577697 0.071615 0.578611 0.071615 0.579525 0.071615 0.580439 0.072266 0.581353 0.072266 0.582267 0.072266 0.583181 0.072917 0.584095 0.072266 0.585009 0.072917 0.584095 0.073568 0.585009 0.074219 0.585923 0.074219 0.586837 0.074219 0.587751 0.073568 0.588665 0.073568 0.589580 0.073568 0.590494 0.072917 0.591408 0.072917 0.592322 0.072917 0.593236 0.072917 0.594150 0.072266 0.595064 0.072266 0.595978 0.072266 0.596892 0.072266 0.597806 0.072917 0.598720 0.072917 0.599634 0.073568 0.599634 0.074219 0.599634 0.074870 0.599634 0.075521 0.599634 0.076172 0.600548 0.075521 0.601463 0.074870 0.601463 0.074219 0.601463 0.073568 0.601463 0.072917 0.601463 0.072266 0.601463 0.072917 0.602377 0.072917 0.603291 0.072917 0.604205 0.073568 0.605119 0.073568 0.606033 0.073568 0.606947 0.073568 0.607861 0.072917 0.608775 0.072266 0.609689 0.072917 0.608775 0.073568 0.609689 0.074219 0.610603 0.074870 0.611517 0.074870 0.612431 0.074870 0.613346 0.074219 0.614260 0.074219 0.615174 0.073568 0.616088 0.073568 0.617002 0.073568 0.617916 0.073568 0.618830 0.073568 0.619744 0.073568 0.620658 0.072917 0.621572 0.072917 0.622486 0.072266 0.623400 0.072917 0.622486 0.073568 0.622486 0.074219 0.622486 0.074870 0.621572 0.075521 0.622486 0.076172 0.622486 0.076823 0.623400 0.077474 0.624314 0.078125 0.625229 0.078125 0.626143 0.078125 0.627057 0.077474 0.627971 0.077474 0.628885 0.077474 0.629799 0.076823 0.630713 0.077474 0.629799 0.078125 0.630713 0.078776 0.631627 0.078125 0.632541 0.078776 0.631627 0.079427 0.631627 0.080078 0.632541 0.080729 0.632541 0.081380 0.633455 0.082031 0.634369 0.082682 0.635283 0.082682 0.636197 0.083333 0.637112 0.083333 0.638026 0.083333 0.638940 0.082682 0.639854 0.083333 0.638940 0.083984 0.639854 0.084635 0.640768 0.085286 0.641682 0.085286 0.642596 0.085938 0.643510 0.085938 0.644424 0.085938 0.645338 0.085286 0.646252 0.084635 0.647166 0.083984 0.648080 0.083333 0.647166 0.083984 0.648080 0.083333 0.648995 0.083333 0.649909 0.083333 0.650823 0.083333 0.651737 0.082682 0.652651 0.082682 0.653565 0.083333 0.654479 0.083984 0.655393 0.083984 0.656307 0.084635 0.656307 0.085286 0.656307 0.085938 0.656307 0.086589 0.656307 0.087240 0.656307 0.087891 0.657221 0.087240 0.658135 0.086589 0.658135 0.085938 0.658135 0.085286 0.658135 0.084635 0.658135 0.083984 0.658135 0.083333 0.659049 0.082682 0.659049 0.082031 0.659963 0.081380 0.659049 0.080729 0.659963 0.080078 0.659049 0.079427 0.658135 0.079427 0.657221 0.079427 0.656307 0.078776 0.656307 0.078125 0.656307 0.077474 0.655393 0.076823 0.654479 0.077474 0.655393 0.076823 0.656307 0.076172 0.657221 0.075521 0.657221 0.075521 0.658135 0.075521 0.659049 0.075521 0.659963 0.075521 0.660878 0.075521 0.661792 0.074870 0.662706 0.074219 0.661792 0.074219 0.660878 0.074219 0.659963 0.074219 0.659049 0.074219 0.658135 0.074219 0.657221 0.073568 0.657221 0.072917 0.656307 0.072266 0.655393 0.072266 0.654479 0.072266 0.653565 0.072266 0.652651 0.072917 0.651737 0.072266 0.650823 0.072917 0.649909 0.072917 0.648995 0.072917 0.648080 0.072917 0.647166 0.072917 0.646252 0.072917 0.645338 0.072917 0.644424 0.072917 0.643510 0.073568 0.642596 0.074219 0.641682 0.074870 0.642596 0.074219 0.641682 0.074219 0.640768 0.074219 0.639854 0.074219 0.638940 0.074870 0.638026 0.074219 0.638940 0.073568 0.638026 0.072917 0.637112 0.072917 0.636197 0.072266 0.636197 0.071615 0.636197 0.070964 0.636197 0.070312 0.636197 0.069661 0.636197 0.069010 0.637112 0.068359 0.637112 0.067708 0.638026 0.067057 0.637112 0.067708 0.638026 0.067057 0.638940 0.066406 0.639854 0.065755 0.638940 0.066406 0.639854 0.066406 0.640768 0.066406 0.641682 0.066406 0.642596 0.066406 0.643510 0.066406 0.644424 0.065755 0.645338 0.065755 0.646252 0.066406 0.647166 0.067057 0.648080 0.067057 0.648995 0.067057 0.649909 0.067057 0.650823 0.067708 0.651737 0.067708 0.652651 0.068359 0.653565 0.068359 0.654479 0.069010 0.655393 0.069010 0.656307 0.069010 0.657221 0.068359 0.658135 0.067708 0.659049 0.067057 0.658135 0.067708 0.659049 0.067057 0.659963 0.066406 0.660878 0.065755 0.660878 0.065104 0.661792 0.064453 0.660878 0.063802 0.661792 0.063151 0.660878 0.062500 0.660878 0.061849 0.659963 0.061198 0.659049 0.061198 0.658135 0.061198 0.657221 0.061198 0.656307 0.061198 0.655393 0.060547 0.654479 0.060547 0.653565 0.060547 0.652651 0.060547 0.651737 0.061198 0.650823 0.061198 0.649909 0.061198 0.648995 0.061849 0.648080 0.061849 0.647166 0.061849 0.646252 0.061198 0.645338 0.060547 0.644424 0.060547 0.643510 0.060547 0.642596 0.059896 0.641682 0.059896 0.640768 0.059896 0.639854 0.059245 0.638940 0.058594 0.638940 0.057943 0.638026 0.058594 0.638940 0.057943 0.639854 0.057292 0.640768 0.056641 0.640768 0.055990 0.641682 0.055339 0.640768 0.054688 0.640768 0.054036 0.639854 0.053385 0.638940 0.054036 0.638026 0.053385 0.638940 0.052734 0.638026 0.053385 0.638940 0.052734 0.639854 0.052083 0.640768 0.051432 0.639854 0.052083 0.640768 0.051432 0.641682 0.050781 0.642596 0.051432 0.643510 0.051432 0.644424 0.051432 0.645338 0.051432 0.646252 0.051432 0.647166 0.051432 0.648080 0.052083 0.648995 0.051432 0.649909 0.052083 0.648995 0.052734 0.649909 0.053385 0.650823 0.053385 0.651737 0.053385 0.652651 0.053385 0.653565 0.053385 0.654479 0.053385 0.655393 0.052734 0.656307 0.052083 0.657221 0.051432 0.657221 0.050781 0.658135 0.050130 0.658135 0.049479 0.659049 0.048828 0.659049 0.048177 0.658135 0.047526 0.658135 0.046875 0.657221 0.046224 0.657221 0.045573 0.658135 0.044922 0.658135 0.044271 0.658135 0.043620 0.657221 0.044271 0.656307 0.043620 0.657221 0.042969 0.656307 0.042318 0.655393 0.042318 0.654479 0.042318 0.653565 0.042318 0.652651 0.042969 0.651737 0.042969 0.650823 0.043620 0.649909 0.044271 0.648995 0.044271 0.648080 0.044922 0.647166 0.044271 0.646252 0.044271 0.645338 0.044271 0.644424 0.044271 0.643510 0.044922 0.642596 0.045573 0.641682 0.044922 0.642596 0.044271 0.641682 0.043620 0.640768 0.043620 0.639854 0.043620 0.638940 0.043620 0.638026 0.042969 0.637112 0.042318 0.636197 0.042969 0.635283 0.042318 0.636197 0.041667 0.635283 0.041016 0.635283 0.040365 0.635283 0.039714 0.635283 0.039714 0.636197 0.039062 0.637112 0.038411 0.638026 0.037760 0.638940 0.037109 0.638940 0.036458 0.639854 0.035807 0.639854 0.035156 0.638940 0.034505 0.638940 0.033854 0.638026 0.033203 0.637112 0.032552 0.636197 0.031901 0.636197 0.031250 0.636197 0.030599 0.635283 0.030599 0.634369 0.030599 0.635283 0.031250 0.636197 0.030599 0.637112 0.030599 0.638026 0.029948 0.638940 0.029948 0.639854 0.029297 0.640768 0.029297 0.641682 0.028646 0.642596 0.029297 0.641682 0.029948 0.642596 0.030599 0.643510 0.030599 0.644424 0.031250 0.645338 0.031250 0.646252 0.031250 0.647166 0.031250 0.648080 0.031250 0.648995 0.031901 0.649909 0.031250 0.650823 0.030599 0.650823 0.029948 0.651737 0.029297 0.651737 0.028646 0.652651 0.027995 0.652651 0.027344 0.652651 0.026693 0.652651 0.026042 0.651737 0.025391 0.651737 0.024740 0.650823 0.024089 0.651737 0.023438 0.651737 0.022786 0.652651 0.022135 0.651737 0.021484 0.651737 0.020833 0.650823 0.020182 0.650823 0.019531 0.649909 0.018880 0.649909 0.018229 0.649909 0.017578 0.649909 0.016927 0.650823 0.016276 0.650823 0.016276 0.651737 0.016276 0.652651 0.015625 0.653565 0.015625 0.654479 0.015625 0.655393 0.015625 0.656307 0.015625 0.657221 0.014974 0.658135 0.014323 0.659049 0.013672 0.659963 0.013021 0.660878 0.012370 0.659963 0.013021 0.660878 0.012370 0.661792 0.011719 0.662706 0.011068 0.662706 0.011068 0.663620 0.011068 0.664534 0.011068 0.665448 0.010417 0.666362 0.011068 0.667276 0.011068 0.668190 0.011068 0.669104 0.010417 0.670018 0.010417 0.670932 0.010417 0.671846 0.011068 0.672761 0.011068 0.673675 0.011719 0.673675 0.012370 0.673675 0.013021 0.673675 0.013672 0.673675 0.014323 0.673675 0.014974 0.672761 0.015625 0.673675 0.014974 0.672761 0.015625 0.671846 0.016276 0.670932 0.016927 0.670018 0.016927 0.669104 0.016927 0.668190 0.017578 0.667276 0.018229 0.666362 0.018880 0.666362 0.019531 0.666362 0.020182 0.666362 0.020833 0.667276 0.021484 0.667276 0.022135 0.668190 0.022135 0.669104 0.022786 0.670018 0.022135 0.670932 0.022135 0.671846 0.022786 0.671846 0.023438 0.671846 0.024089 0.671846 0.024740 0.671846 0.025391 0.670932 0.026042 0.670018 0.026693 0.670018 0.027344 0.669104 0.027995 0.668190 0.028646 0.668190 0.029297 0.667276 0.029948 0.668190 0.030599 0.669104 0.031250 0.670018 0.031901 0.670932 0.031901 0.671846 0.031901 0.672761 0.031901 0.673675 0.031901 0.674589 0.031901 0.675503 0.031250 0.676417 0.031901 0.675503 0.032552 0.675503 0.033203 0.676417 0.033854 0.676417 0.034505 0.677331 0.034505 0.678245 0.034505 0.679159 0.035156 0.678245 0.035807 0.677331 0.035156 0.677331 0.034505 0.677331 0.033854 0.676417 0.033203 0.675503 0.033203 0.674589 0.033203 0.673675 0.033203 0.672761 0.033203 0.671846 0.033203 0.670932 0.033203 0.670018 0.033854 0.669104 0.034505 0.668190 0.035156 0.668190 0.035807 0.667276 0.036458 0.668190 0.037109 0.668190 0.037760 0.669104 0.038411 0.670018 0.037760 0.670932 0.037760 0.671846 0.037760 0.672761 0.038411 0.672761 0.038411 0.671846 0.037760 0.670932 0.038411 0.670018 0.039062 0.669104 0.039714 0.668190 0.040365 0.669104 0.039714 0.668190 0.040365 0.667276 0.041016 0.666362 0.041667 0.666362 0.042318 0.665448 0.042969 0.666362 0.042318 0.665448 0.042969 0.664534 0.043620 0.663620 0.044271 0.663620 0.044922 0.662706 0.045573 0.662706 0.046224 0.663620 0.046875 0.663620 0.047526 0.664534 0.047526 0.665448 0.047526 0.666362 0.046875 0.667276 0.046875 0.668190 0.046224 0.669104 0.045573 0.669104 0.044922 0.670018 0.044271 0.670932 0.044271 0.671846 0.044271 0.672761 0.044271 0.673675 0.043620 0.674589 0.042969 0.675503 0.042318 0.674589 0.042969 0.675503 0.043620 0.674589 0.044271 0.675503 0.044922 0.676417 0.044271 0.677331 0.044922 0.676417 0.045573 0.677331 0.046224 0.678245 0.045573 0.679159 0.046224 0.678245 0.046875 0.678245 0.047526 0.678245 0.047526 0.677331 0.047526 0.676417 0.048177 0.675503 0.048828 0.674589 0.049479 0.674589 0.050130 0.673675 0.050781 0.674589 0.051432 0.673675 0.052083 0.673675 0.052734 0.672761 0.053385 0.672761 0.054036 0.673675 0.054688 0.673675 0.055339 0.674589 0.055990 0.674589 0.056641 0.673675 0.057292 0.673675 0.057943 0.672761 0.058594 0.672761 0.059245 0.672761 0.059896 0.672761 0.060547 0.672761 0.060547 0.671846 0.059896 0.670932 0.059896 0.670018 0.059896 0.669104 0.059896 0.668190 0.060547 0.667276 0.061198 0.667276 0.061849 0.666362 0.062500 0.667276 0.063151 0.667276 0.063802 0.668190 0.064453 0.669104 0.064453 0.670018 0.064453 0.670932 0.064453 0.671846 0.063802 0.672761 0.063151 0.672761 0.063151 0.673675 0.063802 0.674589 0.064453 0.673675 0.065104 0.673675 0.065755 0.672761 0.066406 0.672761 0.067057 0.672761 0.067708 0.673675 0.068359 0.673675 0.069010 0.674589 0.069661 0.675503 0.069010 0.676417 0.069661 0.675503 0.070312 0.675503 0.070964 0.675503 0.071615 0.675503 0.071615 0.674589 0.070964 0.673675 0.070312 0.672761 0.070312 0.671846 0.070312 0.670932 0.070312 0.670018 0.070964 0.669104 0.071615 0.668190 0.072266 0.667276 0.072917 0.667276 0.073568 0.666362 0.073568 0.665448 0.073568 0.664534 0.073568 0.663620 0.073568 0.662706 0.074219 0.661792 0.074870 0.662706 0.074870 0.663620 0.074870 0.664534 0.074870 0.665448 0.074870 0.666362 0.074870 0.667276 0.075521 0.667276 0.076172 0.668190 0.076823 0.669104 0.076823 0.670018 0.076172 0.670932 0.076823 0.670018 0.077474 0.670018 0.078125 0.670018 0.078776 0.669104 0.079427 0.670018 0.078776 0.669104 0.079427 0.668190 0.080078 0.667276 0.080729 0.666362 0.081380 0.666362 0.081380 0.665448 0.081380 0.664534 0.081380 0.663620 0.081380 0.662706 0.081380 0.661792 0.081380 0.660878 0.082031 0.659963 0.082682 0.660878 0.082682 0.661792 0.082682 0.662706 0.082682 0.663620 0.082682 0.664534 0.082682 0.665448 0.082682 0.666362 0.083333 0.667276 0.083984 0.668190 0.084635 0.669104 0.084635 0.670018 0.083984 0.670932 0.083984 0.671846 0.084635 0.672761 0.083984 0.673675 0.084635 0.672761 0.085286 0.672761 0.085938 0.673675 0.086589 0.673675 0.087240 0.674589 0.087891 0.674589 0.088542 0.673675 0.089193 0.673675 0.088542 0.672761 0.088542 0.671846 0.088542 0.670932 0.088542 0.670018 0.088542 0.669104 0.088542 0.668190 0.088542 0.667276 0.088542 0.666362 0.088542 0.665448 0.089193 0.664534 0.089844 0.663620 0.090495 0.664534 0.089844 0.663620 0.090495 0.662706 0.090495 0.661792 0.090495 0.660878 0.090495 0.659963 0.090495 0.659049 0.091146 0.658135 0.090495 0.657221 0.091146 0.656307 0.091797 0.655393 0.092448 0.654479 0.092448 0.653565 0.093099 0.652651 0.093750 0.651737 0.094401 0.650823 0.095052 0.649909 0.095703 0.649909 0.096354 0.648995 0.097005 0.648995 0.097656 0.648995 0.098307 0.649909 0.097656 0.648995 0.098307 0.648080 0.098958 0.647166 0.099609 0.646252 0.100260 0.647166 0.099609 0.646252 0.099609 0.645338 0.100260 0.644424 0.100260 0.643510 0.100260 0.642596 0.100260 0.641682 0.100260 0.640768 0.100260 0.639854 0.100260 0.638940 0.100260 0.638026 0.100911 0.637112 0.101562 0.636197 0.102214 0.637112 0.101562 0.636197 0.101562 0.635283 0.101562 0.634369 0.102214 0.633455 0.101562 0.632541 0.102214 0.631627 0.102865 0.630713 0.103516 0.630713 0.104167 0.629799 0.104818 0.629799 0.105469 0.629799 0.106120 0.630713 0.106771 0.630713 0.107422 0.631627 0.108073 0.632541 0.108073 0.633455 0.107422 0.634369 0.108073 0.635283 0.108073 0.636197 0.108724 0.637112 0.109375 0.638026 0.109375 0.638940 0.110026 0.639854 0.110026 0.640768 0.110026 0.641682 0.110677 0.642596 0.110677 0.643510 0.110677 0.644424 0.110026 0.645338 0.110677 0.646252 0.110677 0.647166 0.110677 0.648080 0.110677 0.648995 0.110677 0.649909 0.110677 0.650823 0.110677 0.651737 0.110677 0.652651 0.110677 0.653565 0.110026 0.654479 0.110677 0.655393 0.110677 0.656307 0.110677 0.657221 0.111328 0.658135 0.111328 0.659049 0.111328 0.659963 0.111979 0.660878 0.111979 0.661792 0.111979 0.662706 0.111979 0.663620 0.112630 0.664534 0.112630 0.665448 0.112630 0.666362 0.112630 0.667276 0.112630 0.668190 0.111979 0.669104 0.111328 0.670018 0.111979 0.670018 0.112630 0.670932 0.113281 0.671846 0.113932 0.671846 0.114583 0.671846 0.115234 0.671846 0.115885 0.671846 0.116536 0.670932 0.117188 0.670018 0.117839 0.670018 0.118490 0.669104 0.119141 0.670018 0.119792 0.670018 0.120443 0.670018 0.121094 0.669104 0.121745 0.669104 0.122396 0.669104 0.123047 0.669104 0.123698 0.668190 0.124349 0.669104 0.125000 0.669104 0.125651 0.670018 0.126302 0.670018 0.126953 0.670018 0.127604 0.669104 0.128255 0.670018 0.128255 0.670932 0.128906 0.670018 0.129557 0.670932 0.130208 0.670932 0.130859 0.671846 0.131510 0.670932 0.132161 0.671846 0.132812 0.671846 0.133464 0.672761 0.134115 0.672761 0.134766 0.673675 0.135417 0.672761 0.136068 0.672761 0.136719 0.672761 0.137370 0.671846 0.138021 0.671846 0.138672 0.670932 0.139323 0.670932 0.139974 0.671846 0.140625 0.671846 0.141276 0.671846 0.141927 0.671846 0.142578 0.671846 0.143229 0.672761 0.143880 0.672761 0.144531 0.672761 0.145182 0.672761 0.145833 0.671846 0.146484 0.671846 0.147135 0.670932 0.147786 0.671846 0.148438 0.671846 0.147786 0.671846 0.147135 0.670932 0.147135 0.670018 0.147135 0.669104 0.147135 0.668190 0.147135 0.667276 0.147135 0.666362 0.147786 0.665448 0.147786 0.664534 0.147786 0.663620 0.147786 0.662706 0.147786 0.661792 0.148438 0.660878 0.149089 0.660878 0.149740 0.659963 0.150391 0.659963 0.151042 0.660878 0.151693 0.660878 0.152344 0.661792 0.152344 0.662706 0.152995 0.663620 0.152995 0.664534 0.152995 0.665448 0.152995 0.666362 0.152995 0.667276 0.153646 0.667276 0.154297 0.667276 0.154948 0.667276 0.155599 0.667276 0.156250 0.667276 0.156901 0.668190 0.157552 0.668190 0.158203 0.669104 0.158854 0.669104 0.159505 0.670018 0.160156 0.670018 0.160807 0.670932 0.161458 0.671846 0.160807 0.672761 0.161458 0.671846 0.162109 0.672761 0.162760 0.673675 0.162760 0.674589 0.163411 0.675503 0.163411 0.676417 0.162760 0.677331 0.163411 0.676417 0.164062 0.677331 0.164714 0.678245 0.164714 0.679159 0.165365 0.680073 0.165365 0.680987 0.165365 0.681901 0.165365 0.682815 0.165365 0.683729 0.166016 0.684644 0.166667 0.685558 0.166016 0.686472 0.166667 0.685558 0.167318 0.685558 0.167969 0.686472 0.167969 0.687386 0.167969 0.686472 0.167318 0.685558 0.167969 0.684644 0.168620 0.683729 0.169271 0.684644 0.168620 0.683729 0.169271 0.682815 0.169922 0.681901 0.170573 0.680987 0.171224 0.681901 0.171875 0.680987 0.171224 0.681901 0.170573 0.680987 0.169922 0.680987 0.169271 0.680987 0.168620 0.680987 0.167969 0.680987 0.167318 0.680073 0.166667 0.680073 0.166016 0.679159 0.165365 0.678245 0.164714 0.677331 0.164714 0.676417 0.164714 0.675503 0.165365 0.674589 0.166016 0.673675 0.166016 0.672761 0.166667 0.671846 0.167318 0.670932 0.167969 0.670018 0.168620 0.670018 0.169271 0.669104 0.169922 0.669104 0.170573 0.669104 0.171224 0.668190 0.171875 0.667276 0.172526 0.668190 0.171875 0.667276 0.172526 0.666362 0.172526 0.665448 0.173177 0.664534 0.173828 0.663620 0.173177 0.662706 0.173828 0.661792 0.174479 0.661792 0.175130 0.660878 0.175781 0.660878 0.176432 0.659963 0.177083 0.659963 0.177734 0.659963 0.178385 0.660878 0.179036 0.660878 0.179688 0.661792 0.180339 0.662706 0.180339 0.663620 0.180339 0.664534 0.180339 0.665448 0.180339 0.666362 0.180339 0.667276 0.180339 0.668190 0.180339 0.669104 0.180990 0.669104 0.181641 0.669104 0.182292 0.669104 0.182943 0.670018 0.183594 0.670018 0.184245 0.670018 0.184896 0.670932 0.185547 0.670932 0.186198 0.670018 0.186849 0.670018 0.187500 0.669104 0.188151 0.669104 0.188802 0.668190 0.189453 0.668190 0.190104 0.667276 0.190755 0.668190 0.191406 0.667276 0.192057 0.667276 0.192708 0.666362 0.192708 0.665448 0.192708 0.664534 0.192708 0.663620 0.193359 0.662706 0.194010 0.663620 0.194010 0.664534 0.194010 0.665448 0.194010 0.666362 0.194010 0.667276 0.194661 0.667276 0.195312 0.668190 0.195964 0.669104 0.195964 0.670018 0.195964 0.670932 0.195312 0.671846 0.195964 0.672761 0.195964 0.673675 0.195312 0.674589 0.195964 0.673675 0.196615 0.674589 0.197266 0.674589 0.197917 0.673675 0.198568 0.674589 0.197917 0.673675 0.197917 0.672761 0.197917 0.671846 0.197917 0.670932 0.198568 0.670018 0.198568 0.669104 0.199219 0.668190 0.199870 0.667276 0.200521 0.668190 0.199870 0.667276 0.199870 0.666362 0.200521 0.665448 0.201172 0.664534 0.201823 0.663620 0.202474 0.663620 0.203125 0.662706 0.203776 0.662706 0.204427 0.662706 0.205078 0.662706 0.205729 0.661792 0.206380 0.662706 0.207031 0.662706 0.207682 0.663620 0.208333 0.664534 0.208333 0.665448 0.208333 0.666362 0.208333 0.667276 0.208984 0.667276 0.209635 0.667276 0.210286 0.666362 0.210938 0.666362 0.211589 0.666362 0.212240 0.666362 0.212891 0.667276 0.213542 0.667276 0.214193 0.668190 0.214844 0.669104 0.215495 0.669104 0.216146 0.669104 0.216797 0.669104 0.217448 0.670018 0.218099 0.670018 0.218750 0.670018 0.219401 0.670018 0.220052 0.670018 0.220703 0.670018 0.221354 0.670018 0.222005 0.670018 0.222656 0.670018 0.223307 0.670018 0.223958 0.670018 0.224609 0.670018 0.225260 0.669104 0.225911 0.670018 0.226562 0.670018 0.227214 0.670932 0.227214 0.671846 0.227214 0.672761 0.226562 0.673675 0.225911 0.674589 0.225260 0.675503 0.224609 0.675503 0.223958 0.676417 0.223307 0.677331 0.222656 0.678245 0.222005 0.677331 0.222656 0.678245 0.222656 0.679159 0.222005 0.680073 0.222005 0.680987 0.222005 0.680073 0.222656 0.679159 0.223307 0.680073 0.223958 0.680073 0.224609 0.680073 0.225260 0.680073 0.225911 0.679159 0.226562 0.679159 0.227214 0.679159 0.227865 0.679159 0.228516 0.680073 0.229167 0.679159 0.229818 0.678245 0.230469 0.679159 0.229818 0.678245 0.229818 0.677331 0.229818 0.676417 0.229818 0.675503 0.229167 0.674589 0.229818 0.673675 0.229167 0.674589 0.228516 0.673675 0.227865 0.672761 0.227214 0.671846 0.227214 0.670932 0.227214 0.670018 0.227214 0.669104 0.227865 0.668190 0.228516 0.667276 0.229167 0.667276 0.229818 0.666362 0.230469 0.665448 0.231120 0.664534 0.231771 0.664534 0.232422 0.663620 0.233073 0.664534 0.233724 0.664534 0.234375 0.665448 0.235026 0.665448 0.235677 0.664534 0.236328 0.664534 0.236979 0.664534 0.237630 0.664534 0.238281 0.665448 0.238932 0.666362 0.238932 0.667276 0.239583 0.668190 0.238932 0.669104 0.238932 0.670018 0.239583 0.670018 0.240234 0.670932 0.240885 0.671846 0.240885 0.672761 0.241536 0.673675 0.242188 0.674589 0.242188 0.675503 0.241536 0.676417 0.242188 0.675503 0.242839 0.676417 0.243490 0.676417 0.244141 0.675503 0.244792 0.675503 0.245443 0.674589 0.246094 0.674589 0.246745 0.674589 0.247396 0.675503 0.248047 0.675503 0.248698 0.676417 0.249349 0.675503 0.250000 0.676417 0.250651 0.675503 0.251302 0.676417 0.250651 0.675503 0.250651 0.674589 0.250000 0.673675 0.250000 0.672761 0.250000 0.671846 0.250000 0.670932 0.250000 0.670018 0.250000 0.669104 0.250651 0.668190 0.250000 0.669104 0.249349 0.668190 0.248698 0.668190 0.248047 0.667276 0.247396 0.666362 0.246745 0.665448 0.246745 0.664534 0.246745 0.663620 0.247396 0.662706 0.246745 0.661792 0.246745 0.660878 0.246745 0.659963 0.246745 0.659049 0.247396 0.658135 0.247396 0.657221 0.248047 0.656307 0.248698 0.655393 0.249349 0.654479 0.249349 0.653565 0.250000 0.652651 0.250000 0.651737 0.250000 0.650823 0.250000 0.649909 0.250000 0.648995 0.250651 0.648080 0.250000 0.648995 0.249349 0.648995 0.248698 0.648995 0.248047 0.648080 0.247396 0.648080 0.246745 0.647166 0.246094 0.646252 0.245443 0.645338 0.245443 0.644424 0.245443 0.643510 0.246094 0.642596 0.246745 0.641682 0.247396 0.641682 0.248047 0.640768 0.248047 0.639854 0.248047 0.638940 0.248698 0.638026 0.249349 0.637112 0.249349 0.636197 0.250000 0.635283 0.250651 0.634369 0.251302 0.635283 0.250651 0.634369 0.250651 0.633455 0.251302 0.632541 0.250651 0.631627 0.251302 0.630713 0.250651 0.631627 0.250000 0.630713 0.249349 0.629799 0.248698 0.630713 0.248047 0.630713 0.247396 0.631627 0.246745 0.631627 0.246094 0.630713 0.245443 0.630713 0.244792 0.629799 0.244141 0.628885 0.244141 0.627971 0.244141 0.627057 0.244792 0.626143 0.244141 0.627057 0.243490 0.626143 0.242839 0.625229 0.242839 0.624314 0.242839 0.623400 0.242839 0.622486 0.242839 0.621572 0.243490 0.620658 0.244141 0.619744 0.244792 0.618830 0.245443 0.617916 0.246094 0.617002 0.245443 0.616088 0.245443 0.615174 0.245443 0.614260 0.244792 0.613346 0.244792 0.612431 0.244792 0.611517 0.244792 0.610603 0.244792 0.609689 0.245443 0.608775 0.246094 0.607861 0.246745 0.607861 0.247396 0.606947 0.248047 0.606947 0.248698 0.606033 0.249349 0.606947 0.248698 0.606033 0.249349 0.605119 0.249349 0.604205 0.248698 0.603291 0.248698 0.602377 0.248698 0.601463 0.249349 0.600548 0.248698 0.599634 0.248698 0.598720 0.248698 0.597806 0.249349 0.596892 0.250000 0.595978 0.250651 0.595064 0.251302 0.594150 0.251302 0.593236 0.251953 0.592322 0.252604 0.591408 0.253255 0.591408 0.253906 0.590494 0.254557 0.591408 0.255208 0.590494 0.255859 0.590494 0.256510 0.590494 0.257161 0.590494 0.257812 0.589580 0.258464 0.589580 0.259115 0.588665 0.259766 0.587751 0.260417 0.586837 0.261068 0.585923 0.261719 0.586837 0.261068 0.585923 0.261719 0.585009 0.262370 0.584095 0.263021 0.584095 0.263672 0.583181 0.264323 0.582267 0.264974 0.583181 0.264323 0.582267 0.264974 0.581353 0.264974 0.580439 0.264974 0.579525 0.264323 0.579525 0.263672 0.579525 0.263021 0.579525 0.262370 0.578611 0.263021 0.577697 0.263672 0.577697 0.264323 0.577697 0.264974 0.577697 0.265625 0.577697 0.266276 0.576782 0.266276 0.575868 0.266276 0.574954 0.266276 0.574040 0.266276 0.573126 0.265625 0.572212 0.265625 0.571298 0.265625 0.570384 0.265625 0.569470 0.265625 0.568556 0.265625 0.567642 0.266276 0.566728 0.265625 0.565814 0.266276 0.564899 0.265625 0.565814 0.264974 0.564899 0.264323 0.565814 0.263672 0.565814 0.263021 0.564899 0.262370 0.565814 0.261719 0.566728 0.261719 0.567642 0.261068 0.568556 0.260417 0.569470 0.260417 0.570384 0.260417 0.571298 0.260417 0.572212 0.260417 0.573126 0.259766 0.574040 0.259766 0.574954 0.259766 0.575868 0.259115 0.576782 0.259115 0.577697 0.258464 0.578611 0.257812 0.579525 0.257161 0.580439 0.256510 0.581353 0.255859 0.580439 0.256510 0.581353 0.256510 0.582267 0.256510 0.583181 0.255859 0.584095 0.255208 0.584095 0.254557 0.584095 0.253906 0.585009 0.253255 0.585009 0.252604 0.584095 0.251953 0.584095 0.251302 0.583181 0.250651 0.582267 0.250000 0.581353 0.249349 0.580439 0.249349 0.579525 0.249349 0.578611 0.250000 0.577697 0.250000 0.576782 0.250000 0.575868 0.250651 0.574954 0.250651 0.574040 0.250651 0.573126 0.251302 0.572212 0.251953 0.571298 0.251953 0.570384 0.251953 0.569470 0.251953 0.568556 0.252604 0.567642 0.252604 0.566728 0.253255 0.565814 0.253906 0.564899 0.254557 0.563985 0.255208 0.564899 0.254557 0.563985 0.255208 0.563071 0.255859 0.562157 0.256510 0.561243 0.257161 0.560329 0.257812 0.560329 0.258464 0.559415 0.259115 0.559415 0.259766 0.558501 0.260417 0.558501 0.261068 0.558501 0.261719 0.557587 0.262370 0.556673 0.263021 0.556673 0.263021 0.555759 0.263021 0.554845 0.263021 0.553931 0.263672 0.553016 0.263021 0.553931 0.262370 0.553016 0.261719 0.552102 0.261068 0.551188 0.260417 0.550274 0.260417 0.549360 0.260417 0.548446 0.260417 0.547532 0.259766 0.546618 0.259766 0.545704 0.259766 0.544790 0.259766 0.543876 0.259115 0.542962 0.258464 0.542048 0.259115 0.541133 0.258464 0.542048 0.257812 0.541133 0.257161 0.542048 0.256510 0.542048 0.255859 0.542962 0.255208 0.542962 0.254557 0.542048 0.253906 0.542048 0.253255 0.541133 0.252604 0.540219 0.253255 0.539305 0.252604 0.540219 0.251953 0.540219 0.251302 0.539305 0.250651 0.539305 0.250000 0.538391 0.249349 0.537477 0.250000 0.538391 0.249349 0.539305 0.248698 0.540219 0.248698 0.541133 0.248047 0.542048 0.247396 0.542962 0.246745 0.542048 0.247396 0.542962 0.246745 0.543876 0.246745 0.544790 0.246745 0.545704 0.246094 0.546618 0.245443 0.547532 0.244792 0.547532 0.245443 0.548446 0.245443 0.549360 0.245443 0.550274 0.244792 0.551188 0.244792 0.552102 0.244141 0.553016 0.244792 0.553931 0.244141 0.554845 0.244141 0.555759 0.244141 0.556673 0.243490 0.557587 0.242839 0.558501 0.242188 0.558501 0.241536 0.559415 0.240885 0.559415 0.240234 0.558501 0.239583 0.559415 0.238932 0.558501 0.238281 0.558501 0.237630 0.557587 0.236979 0.556673 0.236328 0.555759 0.235677 0.556673 0.235026 0.556673 0.234375 0.556673 0.233724 0.557587 0.233073 0.557587 0.232422 0.558501 0.232422 0.559415 0.231771 0.560329 0.231771 0.561243 0.231771 0.562157 0.231771 0.563071 0.231120 0.563985 0.231771 0.563071 0.232422 0.563985 0.233073 0.563985 0.233724 0.564899 0.234375 0.565814 0.235026 0.565814 0.235677 0.566728 0.236328 0.567642 0.236979 0.568556 0.236979 0.569470 0.236979 0.570384 0.236979 0.571298 0.236979 0.572212 0.236979 0.573126 0.236979 0.574040 0.236979 0.574954 0.236979 0.575868 0.237630 0.576782 0.237630 0.577697 0.237630 0.578611 0.237630 0.579525 0.238281 0.580439 0.237630 0.581353 0.238281 0.580439 0.238932 0.579525 0.239583 0.580439 0.240234 0.580439 0.240885 0.581353 0.241536 0.582267 0.242188 0.583181 0.242188 0.584095 0.242839 0.585009 0.243490 0.585923 0.244141 0.586837 0.244792 0.587751 0.244792 0.588665 0.244792 0.589580 0.244792 0.590494 0.244792 0.591408 0.244141 0.592322 0.244141 0.593236 0.243490 0.594150 0.242839 0.594150 0.242188 0.595064 0.241536 0.595064 0.240885 0.595978 0.240234 0.596892 0.239583 0.597806 0.238932 0.597806 0.238281 0.598720 0.237630 0.597806 0.236979 0.597806 0.236328 0.596892 0.235677 0.595978 0.235677 0.595064 0.235677 0.594150 0.235026 0.593236 0.235026 0.592322 0.235026 0.591408 0.235026 0.590494 0.234375 0.589580 0.235026 0.588665 0.234375 0.589580 0.233724 0.588665 0.233073 0.587751 0.233073 0.586837 0.233073 0.585923 0.232422 0.585009 0.231771 0.584095 0.231771 0.583181 0.231771 0.582267 0.231771 0.581353 0.232422 0.580439 0.231771 0.581353 0.231120 0.580439 0.230469 0.579525 0.230469 0.578611 0.230469 0.577697 0.230469 0.576782 0.230469 0.575868 0.230469 0.574954 0.229818 0.574040 0.229818 0.573126 0.229167 0.573126 0.228516 0.572212 0.227865 0.573126 0.227214 0.572212 0.227865 0.573126 0.227214 0.574040 0.227865 0.573126 0.228516 0.574040 0.229167 0.574954 0.229167 0.575868 0.229167 0.576782 0.229818 0.577697 0.229818 0.578611 0.229167 0.579525 0.228516 0.580439 0.227865 0.581353 0.227214 0.582267 0.226562 0.583181 0.225911 0.582267 0.225260 0.582267 0.224609 0.581353 0.223958 0.580439 0.224609 0.579525 0.224609 0.578611 0.224609 0.577697 0.223958 0.577697 0.223307 0.578611 0.222656 0.579525 0.223307 0.579525 0.223958 0.580439 0.224609 0.581353 0.224609 0.582267 0.225260 0.583181 0.225260 0.584095 0.225260 0.585009 0.225260 0.585923 0.225260 0.586837 0.225260 0.587751 0.224609 0.588665 0.225260 0.589580 0.225911 0.590494 0.225911 0.591408 0.226562 0.592322 0.226562 0.593236 0.226562 0.594150 0.226562 0.595064 0.226562 0.595978 0.226562 0.596892 0.225911 0.597806 0.226562 0.597806 0.227214 0.598720 0.227865 0.599634 0.228516 0.600548 0.228516 0.601463 0.229167 0.602377 0.229167 0.603291 0.229167 0.604205 0.228516 0.605119 0.227865 0.606033 0.227214 0.605119 0.227865 0.606033 0.228516 0.605119 0.229167 0.606033 0.229818 0.606947 0.229818 0.607861 0.229818 0.608775 0.229818 0.609689 0.229167 0.610603 0.228516 0.611517 0.227865 0.610603 0.228516 0.611517 0.228516 0.612431 0.229167 0.613346 0.228516 0.614260 0.229167 0.613346 0.229818 0.612431 0.230469 0.612431 0.231120 0.613346 0.231771 0.613346 0.232422 0.614260 0.233073 0.615174 0.233073 0.616088 0.233073 0.617002 0.233073 0.617916 0.232422 0.618830 0.233073 0.617916 0.233724 0.618830 0.234375 0.619744 0.234375 0.620658 0.235026 0.621572 0.235026 0.622486 0.235026 0.623400 0.235677 0.623400 0.236328 0.624314 0.236979 0.624314 0.237630 0.625229 0.238281 0.626143 0.238281 0.627057 0.238281 0.627971 0.238281 0.628885 0.238932 0.629799 0.239583 0.630713 0.240234 0.630713 0.240885 0.631627 0.240885 0.632541 0.241536 0.633455 0.241536 0.634369 0.241536 0.635283 0.241536 0.636197 0.241536 0.637112 0.241536 0.638026 0.240885 0.638940 0.240234 0.638940 0.239583 0.638940 0.238932 0.639854 0.238281 0.639854 0.237630 0.640768 0.236979 0.640768 0.236328 0.639854 0.235677 0.639854 0.235026 0.638940 0.234375 0.638026 0.233724 0.637112 0.233724 0.636197 0.233073 0.635283 0.233073 0.634369 0.232422 0.634369 0.231771 0.634369 0.231120 0.635283 0.230469 0.636197 0.230469 0.637112 0.229818 0.638026 0.229167 0.638940 0.228516 0.638026 0.229167 0.638940 0.229167 0.639854 0.228516 0.640768 0.229167 0.639854 0.229818 0.640768 0.230469 0.641682 0.231120 0.641682 0.231771 0.642596 0.232422 0.642596 0.233073 0.643510 0.233724 0.643510 0.234375 0.644424 0.235026 0.645338 0.235026 0.646252 0.235677 0.647166 0.235677 0.648080 0.236328 0.648995 0.236328 0.649909 0.236328 0.650823 0.236328 0.651737 0.235677 0.652651 0.235026 0.653565 0.234375 0.653565 0.233724 0.654479 0.233073 0.653565 0.232422 0.653565 0.231771 0.652651 0.231120 0.651737 0.230469 0.650823 0.229818 0.649909 0.229167 0.649909 0.228516 0.649909 0.227865 0.649909 0.227214 0.649909 0.226562 0.650823 0.225911 0.650823 0.225260 0.649909 0.224609 0.650823 0.223958 0.649909 0.224609 0.650823 0.223958 0.651737 0.223958 0.652651 0.223307 0.653565 0.222656 0.654479 0.222005 0.655393 0.221354 0.655393 0.220703 0.656307 0.220052 0.656307 0.219401 0.657221 0.218750 0.657221 0.218099 0.656307 0.217448 0.656307 0.216797 0.655393 0.216146 0.654479 0.216146 0.653565 0.216797 0.652651 0.216146 0.651737 0.216797 0.650823 0.216146 0.649909 0.216797 0.648995 0.216146 0.649909 0.215495 0.648995 0.214844 0.648080 0.214193 0.648080 0.213542 0.648080 0.212891 0.648080 0.212240 0.648080 0.211589 0.648080 0.210938 0.648080 0.210286 0.647166 0.209635 0.647166 0.208984 0.646252 0.208333 0.645338 0.208333 0.644424 0.207682 0.644424 0.207031 0.644424 0.206380 0.644424 0.205729 0.644424 0.205078 0.643510 0.205729 0.642596 0.206380 0.642596 0.207031 0.642596 0.207682 0.642596 0.208333 0.642596 0.208984 0.642596 0.208984 0.641682 0.208984 0.640768 0.208984 0.639854 0.208984 0.638940 0.209635 0.638026 0.209635 0.637112 0.210286 0.636197 0.209635 0.637112 0.208984 0.636197 0.208333 0.635283 0.208333 0.634369 0.207682 0.633455 0.207682 0.632541 0.207682 0.631627 0.207682 0.630713 0.207682 0.629799 0.207682 0.628885 0.207682 0.627971 0.207031 0.627057 0.207031 0.626143 0.207031 0.625229 0.206380 0.624314 0.205729 0.624314 0.205078 0.625229 0.204427 0.625229 0.204427 0.626143 0.203776 0.627057 0.203125 0.627971 0.203125 0.628885 0.203125 0.629799 0.203125 0.630713 0.203125 0.631627 0.203125 0.632541 0.203125 0.633455 0.202474 0.634369 0.202474 0.635283 0.202474 0.636197 0.203125 0.637112 0.203125 0.638026 0.203125 0.638940 0.203125 0.639854 0.202474 0.640768 0.202474 0.641682 0.201823 0.642596 0.201823 0.643510 0.201172 0.644424 0.201172 0.645338 0.200521 0.646252 0.200521 0.647166 0.200521 0.648080 0.199870 0.648995 0.199219 0.649909 0.198568 0.648995 0.199219 0.649909 0.198568 0.650823 0.197917 0.651737 0.197266 0.650823 0.197917 0.651737 0.197266 0.652651 0.197266 0.653565 0.197266 0.654479 0.197266 0.655393 0.197266 0.656307 0.197266 0.657221 0.196615 0.658135 0.195964 0.659049 0.195312 0.659049 0.194661 0.659963 0.194661 0.660878 0.194661 0.661792 0.194661 0.662706 0.194010 0.663620 0.193359 0.662706 0.193359 0.661792 0.193359 0.660878 0.193359 0.659963 0.193359 0.659049 0.192708 0.659049 0.192057 0.658135 0.191406 0.657221 0.190755 0.656307 0.190104 0.655393 0.190104 0.654479 0.189453 0.653565 0.189453 0.652651 0.189453 0.651737 0.190104 0.650823 0.189453 0.649909 0.189453 0.648995 0.189453 0.648080 0.189453 0.647166 0.188802 0.646252 0.188802 0.645338 0.188802 0.644424 0.188802 0.643510 0.188802 0.642596 0.189453 0.641682 0.190104 0.640768 0.190755 0.639854 0.191406 0.639854 0.192057 0.638940 0.192708 0.638940 0.193359 0.638940 0.194010 0.638026 0.194661 0.637112 0.195312 0.637112 0.195964 0.636197 0.196615 0.635283 0.197266 0.636197 0.196615 0.635283 0.197266 0.634369 0.197266 0.633455 0.197917 0.632541 0.197917 0.631627 0.198568 0.630713 0.198568 0.629799 0.198568 0.628885 0.199219 0.627971 0.198568 0.627057 0.198568 0.626143 0.198568 0.625229 0.197917 0.625229 0.197266 0.624314 0.196615 0.623400 0.196615 0.622486 0.195964 0.621572 0.195312 0.620658 0.194661 0.619744 0.194661 0.618830 0.194661 0.617916 0.195312 0.617002 0.195312 0.616088 0.195964 0.615174 0.196615 0.614260 0.197266 0.613346 0.197917 0.612431 0.198568 0.613346 0.197917 0.612431 0.198568 0.611517 0.198568 0.610603 0.198568 0.609689 0.197917 0.608775 0.197917 0.607861 0.197266 0.606947 0.197266 0.606033 0.197266 0.605119 0.196615 0.604205 0.196615 0.603291 0.196615 0.602377 0.196615 0.601463 0.197266 0.600548 0.197266 0.599634 0.197266 0.598720 0.197266 0.597806 0.197266 0.596892 0.197266 0.595978 0.197917 0.595064 0.198568 0.594150 0.198568 0.593236 0.199219 0.592322 0.199219 0.591408 0.199219 0.590494 0.199219 0.589580 0.199219 0.588665 0.199219 0.587751 0.199870 0.586837 0.199219 0.587751 0.198568 0.586837 0.197917 0.585923 0.197917 0.585009 0.197266 0.585009 0.196615 0.585009 0.195964 0.585009 0.195312 0.585923 0.194661 0.585923 0.194010 0.585923 0.193359 0.585009 0.192708 0.585009 0.192057 0.584095 0.191406 0.583181 0.192057 0.582267 0.191406 0.583181 0.190755 0.583181 0.190104 0.583181 0.189453 0.582267 0.188802 0.582267 0.188802 0.583181 0.188151 0.584095 0.187500 0.585009 0.186849 0.584095 0.187500 0.585009 0.187500 0.585923 0.186849 0.586837 0.186849 0.587751 0.186198 0.588665 0.185547 0.589580 0.184896 0.590494 0.184245 0.590494 0.183594 0.591408 0.182943 0.590494 0.183594 0.591408 0.183594 0.592322 0.183594 0.593236 0.184245 0.594150 0.184245 0.595064 0.184896 0.595978 0.184245 0.596892 0.184896 0.595978 0.185547 0.596892 0.186198 0.597806 0.186849 0.598720 0.187500 0.599634 0.187500 0.600548 0.188151 0.601463 0.188151 0.602377 0.188151 0.603291 0.187500 0.604205 0.188151 0.603291 0.188802 0.604205 0.189453 0.605119 0.190104 0.606033 0.190755 0.606947 0.190104 0.607861 0.190755 0.606947 0.191406 0.607861 0.192057 0.608775 0.192057 0.609689 0.192708 0.610603 0.192708 0.611517 0.192708 0.612431 0.192057 0.613346 0.192708 0.614260 0.192708 0.615174 0.192708 0.616088 0.192057 0.617002 0.191406 0.617916 0.190755 0.618830 0.190104 0.618830 0.189453 0.619744 0.188802 0.619744 0.188151 0.618830 0.187500 0.618830 0.186849 0.618830 0.186198 0.619744 0.186198 0.620658 0.185547 0.621572 0.184896 0.622486 0.184245 0.621572 0.184896 0.622486 0.184896 0.623400 0.184896 0.624314 0.184896 0.625229 0.184896 0.626143 0.184896 0.627057 0.184896 0.627971 0.184245 0.628885 0.183594 0.629799 0.182943 0.629799 0.182292 0.630713 0.181641 0.629799 0.180990 0.629799 0.180339 0.628885 0.180990 0.629799 0.180990 0.630713 0.180990 0.631627 0.180339 0.632541 0.180339 0.633455 0.180339 0.634369 0.179688 0.635283 0.180339 0.636197 0.180339 0.637112 0.180339 0.638026 0.180990 0.638940 0.180990 0.639854 0.181641 0.640768 0.182292 0.641682 0.182292 0.642596 0.182292 0.643510 0.181641 0.644424 0.181641 0.645338 0.181641 0.646252 0.180990 0.647166 0.181641 0.648080 0.181641 0.648995 0.181641 0.649909 0.180990 0.650823 0.180339 0.651737 0.179688 0.652651 0.179036 0.653565 0.178385 0.652651 0.179036 0.653565 0.179036 0.654479 0.178385 0.655393 0.177734 0.656307 0.177083 0.656307 0.176432 0.657221 0.175781 0.657221 0.175130 0.658135 0.174479 0.658135 0.173828 0.659049 0.173177 0.658135 0.173828 0.659049 0.173177 0.659963 0.173177 0.660878 0.172526 0.661792 0.171875 0.661792 0.171224 0.662706 0.170573 0.663620 0.169922 0.663620 0.169271 0.664534 0.168620 0.663620 0.167969 0.663620 0.167318 0.662706 0.166667 0.661792 0.166016 0.660878 0.165365 0.659963 0.165365 0.659049 0.164714 0.658135 0.164062 0.657221 0.164062 0.656307 0.164062 0.655393 0.164062 0.654479 0.164062 0.653565 0.164714 0.652651 0.165365 0.651737 0.165365 0.650823 0.166016 0.649909 0.166016 0.648995 0.166667 0.648080 0.167318 0.647166 0.167318 0.646252 0.167969 0.645338 0.167969 0.644424 0.167969 0.643510 0.167969 0.642596 0.168620 0.641682 0.167969 0.642596 0.167318 0.641682 0.166667 0.640768 0.166667 0.639854 0.167318 0.638940 0.166667 0.639854 0.166016 0.640768 0.165365 0.639854 0.164714 0.639854 0.164062 0.640768 0.163411 0.640768 0.162760 0.640768 0.162109 0.641682 0.161458 0.642596 0.160807 0.643510 0.160156 0.643510 0.159505 0.644424 0.158854 0.644424 0.158203 0.645338 0.157552 0.644424 0.156901 0.644424 0.156250 0.643510 0.155599 0.642596 0.155599 0.641682 0.155599 0.640768 0.155599 0.639854 0.154948 0.639854 0.154297 0.639854 0.153646 0.640768 0.152995 0.640768 0.152344 0.640768 0.151693 0.640768 0.151042 0.639854 0.150391 0.639854 0.149740 0.638940 0.149089 0.638026 0.149089 0.637112 0.149089 0.636197 0.149089 0.635283 0.148438 0.634369 0.148438 0.633455 0.148438 0.632541 0.148438 0.631627 0.148438 0.630713 0.149089 0.629799 0.148438 0.628885 0.148438 0.627971 0.148438 0.627057 0.147786 0.626143 0.147786 0.625229 0.147786 0.624314 0.147786 0.623400 0.147786 0.622486 0.147786 0.621572 0.147786 0.620658 0.148438 0.619744 0.147786 0.618830 0.147786 0.617916 0.147786 0.617002 0.148438 0.616088 0.148438 0.615174 0.148438 0.614260 0.149089 0.613346 0.149089 0.612431 0.149740 0.611517 0.150391 0.610603 0.151042 0.610603 0.151693 0.609689 0.152344 0.610603 0.152995 0.610603 0.153646 0.611517 0.154297 0.612431 0.154948 0.613346 0.155599 0.614260 0.156250 0.615174 0.156250 0.616088 0.156250 0.617002 0.156250 0.617916 0.155599 0.618830 0.154948 0.619744 0.154297 0.618830 0.154948 0.619744 0.154297 0.620658 0.153646 0.621572 0.153646 0.622486 0.153646 0.623400 0.153646 0.624314 0.152995 0.625229 0.153646 0.624314 0.154297 0.624314 0.154948 0.624314 0.155599 0.625229 0.156250 0.624314 0.156901 0.624314 0.157552 0.623400 0.158203 0.623400 0.158854 0.623400 0.159505 0.622486 0.159505 0.621572 0.159505 0.620658 0.159505 0.619744 0.160156 0.618830 0.159505 0.617916 0.159505 0.617002 0.159505 0.616088 0.159505 0.615174 0.159505 0.614260 0.159505 0.613346 0.159505 0.612431 0.159505 0.611517 0.159505 0.610603 0.159505 0.609689 0.159505 0.608775 0.160156 0.607861 0.159505 0.606947 0.159505 0.606033 0.159505 0.605119 0.158854 0.605119 0.158203 0.604205 0.157552 0.603291 0.156901 0.602377 0.156901 0.601463 0.156901 0.600548 0.156901 0.599634 0.157552 0.598720 0.157552 0.597806 0.158203 0.596892 0.157552 0.595978 0.156901 0.595064 0.156250 0.594150 0.155599 0.593236 0.155599 0.592322 0.155599 0.591408 0.154948 0.590494 0.154948 0.589580 0.154297 0.588665 0.153646 0.587751 0.153646 0.586837 0.153646 0.585923 0.152995 0.585009 0.152995 0.584095 0.152995 0.583181 0.152344 0.582267 0.152344 0.581353 0.152344 0.580439 0.152995 0.579525 0.152344 0.578611 0.152344 0.577697 0.152995 0.576782 0.152344 0.577697 0.151693 0.576782 0.151042 0.575868 0.151042 0.574954 0.150391 0.574954 0.149740 0.574040 0.149089 0.574954 0.148438 0.574040 0.148438 0.573126 0.147786 0.573126 0.148438 0.574040 0.147786 0.574954 0.147786 0.575868 0.147135 0.576782 0.146484 0.577697 0.146484 0.578611 0.146484 0.579525 0.146484 0.580439 0.145833 0.581353 0.145182 0.582267 0.144531 0.582267 0.143880 0.583181 0.143229 0.583181 0.142578 0.582267 0.141927 0.582267 0.141276 0.581353 0.140625 0.580439 0.140625 0.579525 0.140625 0.578611 0.141276 0.577697 0.141927 0.576782 0.141276 0.577697 0.140625 0.576782 0.139974 0.575868 0.139323 0.575868 0.138672 0.574954 0.138021 0.574954 0.137370 0.574040 0.136719 0.573126 0.136068 0.572212 0.136068 0.571298 0.136068 0.570384 0.136719 0.569470 0.136068 0.570384 0.135417 0.569470 0.134766 0.568556 0.134766 0.567642 0.134766 0.566728 0.134766 0.565814 0.135417 0.564899 0.135417 0.563985 0.136068 0.563071 0.136719 0.562157 0.137370 0.562157 0.138021 0.561243 0.138672 0.562157 0.139323 0.562157 0.139974 0.563071 0.140625 0.563985 0.140625 0.564899 0.140625 0.565814 0.139974 0.566728 0.140625 0.565814 0.141276 0.565814 0.141927 0.565814 0.142578 0.565814 0.143229 0.565814 0.143880 0.565814 0.144531 0.566728 0.145182 0.566728 0.145833 0.566728 0.146484 0.566728 0.147135 0.565814 0.147786 0.565814 0.148438 0.564899 0.149089 0.564899 0.149740 0.563985 0.150391 0.563985 0.151042 0.563071 0.151693 0.563071 0.152344 0.563071 0.152995 0.562157 0.153646 0.563071 0.154297 0.563071 0.154948 0.562157 0.154948 0.561243 0.155599 0.560329 0.156250 0.559415 0.156901 0.559415 0.157552 0.558501 0.158203 0.557587 0.158203 0.556673 0.158203 0.555759 0.158854 0.554845 0.158854 0.553931 0.158854 0.553016 0.158854 0.552102 0.158203 0.551188 0.157552 0.550274 0.157552 0.549360 0.157552 0.548446 0.158203 0.547532 0.158203 0.546618 0.158854 0.545704 0.159505 0.544790 0.160156 0.543876 0.160807 0.543876 0.161458 0.542962 0.162109 0.543876 0.161458 0.542962 0.161458 0.542048 0.162109 0.541133 0.162109 0.540219 0.162760 0.539305 0.162760 0.538391 0.162760 0.537477 0.163411 0.536563 0.162760 0.535649 0.162760 0.534735 0.162109 0.534735 0.161458 0.533821
0 0.512370 0.518282 0.511719 0.519196 0.511068 0.520110 0.510417 0.519196 0.511068 0.520110 0.511068 0.521024 0.510417 0.521938 0.510417 0.522852 0.509766 0.523766 0.509115 0.524680 0.508464 0.525594 0.507812 0.525594 0.507161 0.526508 0.506510 0.525594 0.507161 0.526508 0.507161 0.527422 0.507161 0.528336 0.506510 0.529250 0.505859 0.530165 0.505208 0.530165 0.504557 0.531079 0.503906 0.530165 0.503255 0.530165 0.503906 0.530165 0.504557 0.531079 0.505208 0.531993 0.505208 0.532907 0.505208 0.533821 0.504557 0.534735 0.503906 0.535649 0.503255 0.535649 0.502604 0.536563 0.501953 0.536563 0.501302 0.535649 0.501953 0.536563 0.501953 0.537477 0.501953 0.538391 0.501302 0.539305 0.501302 0.540219 0.500651 0.541133 0.500000 0.542048 0.499349 0.541133 0.500000 0.542048 0.500000 0.542962 0.499349 0.543876 0.498698 0.544790 0.498698 0.545704 0.498698 0.546618 0.498698 0.547532 0.498698 0.548446 0.498047 0.549360 0.498047 0.550274 0.498047 0.551188 0.497396 0.552102 0.497396 0.553016 0.496745 0.553931 0.496094 0.554845 0.496094 0.555759 0.495443 0.556673 0.495443 0.557587 0.495443 0.558501 0.496094 0.559415 0.496094 0.560329 0.495443 0.561243 0.496094 0.560329 0.496745 0.560329 0.497396 0.559415 0.498047 0.558501 0.498698 0.557587 0.499349 0.556673 0.500000 0.557587 0.499349 0.556673 0.499349 0.555759 0.499349 0.554845 0.500000 0.553931 0.500651 0.553016 0.501302 0.553016 0.501953 0.553016 0.502604 0.552102 0.503255 0.553016 0.503906 0.553016 0.504557 0.553931 0.504557 0.554845 0.505208 0.555759 0.504557 0.556673 0.503906 0.557587 0.503255 0.558501 0.503255 0.559415 0.503255 0.560329 0.502604 0.561243 0.501953 0.562157 0.501953 0.563071 0.501953 0.563985 0.501953 0.564899 0.501302 0.565814 0.501953 0.566728 0.502604 0.567642 0.502604 0.568556 0.502604 0.569470 0.502604 0.570384 0.502604 0.571298 0.502604 0.572212 0.502604 0.573126 0.501953 0.574040 0.502604 0.573126 0.503255 0.574040 0.503906 0.574954 0.503906 0.575868 0.504557 0.576782 0.504557 0.577697 0.505208 0.578611 0.505208 0.579525 0.505208 0.580439 0.505208 0.581353 0.504557 0.582267 0.503906 0.582267 0.503255 0.582267 0.503255 0.583181 0.502604 0.584095 0.501953 0.585009 0.501302 0.585009 0.500651 0.585923 0.500000 0.585009 0.499349 0.585923 0.498698 0.585923 0.498047 0.585923 0.497396 0.586837 0.496745 0.585923 0.496094 0.585009 0.496745 0.585923 0.496094 0.586837 0.495443 0.587751 0.494792 0.586837 0.495443 0.587751 0.494792 0.588665 0.494792 0.589580 0.494141 0.590494 0.493490 0.591408 0.492839 0.591408 0.492188 0.591408 0.491536 0.591408 0.490885 0.590494 0.490234 0.589580 0.490234 0.588665 0.489583 0.587751 0.489583 0.586837 0.490234 0.585923 0.489583 0.585009 0.489583 0.584095 0.489583 0.583181 0.490234 0.582267 0.490234 0.581353 0.490234 0.580439 0.490234 0.579525 0.490885 0.578611 0.491536 0.577697 0.491536 0.576782 0.492188 0.575868 0.492188 0.574954 0.492839 0.574040 0.492839 0.573126 0.493490 0.572212 0.494141 0.571298 0.494792 0.572212 0.494141 0.571298 0.494141 0.570384 0.494141 0.569470 0.494141 0.568556 0.493490 0.568556 0.492839 0.567642 0.492188 0.567642 0.491536 0.566728 0.490885 0.565814 0.490885 0.564899 0.491536 0.563985 0.490885 0.564899 0.490234 0.563985 0.489583 0.564899 0.488932 0.564899 0.488281 0.565814 0.487630 0.565814 0.487630 0.566728 0.486979 0.567642 0.486328 0.567642 0.486328 0.568556 0.486328 0.569470 0.485677 0.570384 0.485026 0.571298 0.484375 0.571298 0.483724 0.572212 0.483073 0.572212 0.482422 0.573126 0.481771 0.572212 0.481120 0.572212 0.480469 0.571298 0.479818 0.570384 0.479818 0.569470 0.479167 0.569470 0.478516 0.568556 0.477865 0.568556 0.477214 0.567642 0.477214 0.566728 0.477214 0.565814 0.477865 0.564899 0.478516 0.564899 0.479167 0.563985 0.479818 0.563985 0.480469 0.564899 0.481120 0.564899 0.481771 0.565814 0.482422 0.566728 0.483073 0.565814 0.483724 0.565814 0.483724 0.564899 0.484375 0.563985 0.485026 0.563985 0.485026 0.563071 0.485677 0.562157 0.485026 0.561243 0.485677 0.560329 0.486328 0.559415 0.485677 0.560329 0.485026 0.559415 0.484375 0.559415 0.483724 0.559415 0.483073 0.558501 0.482422 0.559415 0.481771 0.559415 0.481120 0.558501 0.480469 0.558501 0.479818 0.557587 0.479167 0.556673 0.479167 0.555759 0.479167 0.554845 0.479167 0.553931 0.479818 0.553016 0.480469 0.552102 0.481120 0.551188 0.481771 0.550274 0.482422 0.551188 0.481771 0.550274 0.482422 0.549360 0.483073 0.548446 0.483724 0.548446 0.484375 0.547532 0.485026 0.548446 0.484375 0.547532 0.484375 0.546618 0.485026 0.545704 0.485026 0.544790 0.485026 0.543876 0.485026 0.542962 0.484375 0.542048 0.484375 0.541133 0.484375 0.540219 0.484375 0.539305 0.485026 0.538391 0.484375 0.537477 0.484375 0.536563 0.485026 0.535649 0.484375 0.536563 0.483724 0.535649 0.483073 0.535649 0.482422 0.536563 0.481771 0.536563 0.481120 0.537477 0.480469 0.536563 0.479818 0.536563 0.479167 0.535649 0.478516 0.534735 0.478516 0.533821 0.478516 0.532907 0.478516 0.531993 0.478516 0.531079 0.478516 0.530165 0.478516 0.529250 0.478516 0.528336 0.477865 0.527422 0.477865 0.526508 0.478516 0.525594 0.477865 0.526508 0.477214 0.525594 0.476562 0.525594 0.475911 0.524680 0.475260 0.524680 0.474609 0.524680 0.473958 0.525594 0.473307 0.525594 0.472656 0.525594 0.472005 0.524680 0.471354 0.524680 0.470703 0.523766 0.470703 0.522852 0.470052 0.522852 0.469401 0.523766 0.470052 0.523766 0.470703 0.523766 0.471354 0.524680 0.472005 0.525594 0.472656 0.525594 0.473307 0.526508 0.473958 0.527422 0.473958 0.528336 0.473958 0.529250 0.473958 0.530165 0.473307 0.531079 0.473958 0.530165 0.474609 0.531079 0.475260 0.531993 0.475260 0.532907 0.475911 0.533821 0.476562 0.534735 0.476562 0.535649 0.476562 0.536563 0.475911 0.537477 0.475911 0.538391 0.475911 0.539305 0.475911 0.540219 0.475911 0.541133 0.475260 0.542048 0.475260 0.542962 0.474609 0.543876 0.473958 0.544790 0.473307 0.545704 0.472656 0.546618 0.472656 0.547532 0.472656 0.548446 0.472656 0.549360 0.472656 0.550274 0.473307 0.551188 0.473307 0.552102 0.473307 0.553016 0.473958 0.553931 0.474609 0.554845 0.474609 0.555759 0.473958 0.556673 0.474609 0.555759 0.475260 0.556673 0.475911 0.557587 0.475911 0.558501 0.475911 0.559415 0.475911 0.560329 0.475260 0.561243 0.474609 0.562157 0.473958 0.563071 0.473307 0.562157 0.473958 0.563071 0.473958 0.563985 0.473958 0.564899 0.473958 0.565814 0.473307 0.566728 0.473958 0.567642 0.473958 0.568556 0.473958 0.569470 0.473958 0.570384 0.473958 0.571298 0.473958 0.572212 0.473958 0.573126 0.473958 0.574040 0.473958 0.574954 0.473958 0.575868 0.474609 0.576782 0.473958 0.577697 0.474609 0.576782 0.475260 0.577697 0.475911 0.578611 0.475911 0.579525 0.476562 0.580439 0.477214 0.580439 0.477865 0.580439 0.478516 0.580439 0.479167 0.581353 0.479818 0.581353 0.480469 0.581353 0.481120 0.582267 0.481120 0.583181 0.481120 0.584095 0.481120 0.585009 0.481771 0.585923 0.481771 0.586837 0.482422 0.587751 0.483073 0.588665 0.483073 0.589580 0.483073 0.590494 0.483073 0.591408 0.483724 0.592322 0.483724 0.593236 0.483724 0.594150 0.484375 0.595064 0.484375 0.595978 0.484375 0.596892 0.485026 0.597806 0.485677 0.598720 0.485677 0.599634 0.485026 0.600548 0.485677 0.599634 0.486328 0.600548 0.486979 0.601463 0.486979 0.602377 0.486979 0.603291 0.487630 0.604205 0.488281 0.605119 0.488281 0.606033 0.488281 0.606947 0.488281 0.607861 0.487630 0.608775 0.486979 0.608775 0.487630 0.608775 0.488281 0.607861 0.488932 0.608775 0.489583 0.608775 0.490234 0.609689 0.490885 0.610603 0.490885 0.611517 0.491536 0.612431 0.492188 0.613346 0.491536 0.614260 0.492188 0.615174 0.491536 0.616088 0.491536 0.617002 0.491536 0.617916 0.490885 0.618830 0.490885 0.619744 0.490885 0.620658 0.490234 0.621572 0.490234 0.622486 0.490234 0.623400 0.490234 0.624314 0.490234 0.625229 0.490234 0.626143 0.490234 0.627057 0.490234 0.627971 0.489583 0.628885 0.489583 0.629799 0.489583 0.630713 0.489583 0.631627 0.490234 0.632541 0.490885 0.633455 0.491536 0.634369 0.490885 0.635283 0.491536 0.634369 0.492188 0.633455 0.492839 0.634369 0.493490 0.635283 0.494141 0.636197 0.494792 0.637112 0.494792 0.638026 0.494792 0.638940 0.494141 0.639854 0.493490 0.640768 0.492839 0.640768 0.492188 0.641682 0.491536 0.641682 0.490885 0.640768 0.491536 0.641682 0.491536 0.642596 0.491536 0.643510 0.491536 0.644424 0.491536 0.645338 0.491536 0.646252 0.492188 0.646252 0.492839 0.647166 0.493490 0.648080 0.493490 0.648995 0.493490 0.649909 0.492839 0.650823 0.492188 0.651737 0.491536 0.651737 0.490885 0.652651 0.490234 0.653565 0.489583 0.652651 0.490234 0.653565 0.490234 0.654479 0.490234 0.655393 0.489583 0.656307 0.488932 0.657221 0.488281 0.657221 0.487630 0.658135 0.486979 0.658135 0.486328 0.658135 0.485677 0.658135 0.485026 0.659049 0.484375 0.658135 0.485026 0.659049 0.485026 0.659963 0.484375 0.660878 0.483724 0.661792 0.483073 0.662706 0.482422 0.662706 0.481771 0.663620 0.481120 0.663620 0.480469 0.664534 0.479818 0.664534 0.479167 0.663620 0.478516 0.663620 0.477865 0.662706 0.477865 0.661792 0.477865 0.662706 0.478516 0.663620 0.477865 0.664534 0.477214 0.665448 0.476562 0.665448 0.477214 0.666362 0.477214 0.667276 0.477214 0.668190 0.477865 0.669104 0.478516 0.670018 0.478516 0.670932 0.477865 0.671846 0.478516 0.670932 0.479167 0.670932 0.479818 0.670932 0.480469 0.671846 0.481120 0.671846 0.481771 0.672761 0.482422 0.672761 0.483073 0.673675 0.483724 0.673675 0.484375 0.674589 0.485026 0.675503 0.485026 0.676417 0.485026 0.677331 0.485677 0.678245 0.485677 0.679159 0.486328 0.679159 0.486979 0.680073 0.486328 0.679159 0.486979 0.678245 0.487630 0.677331 0.488281 0.677331 0.488932 0.676417 0.489583 0.675503 0.490234 0.675503 0.490234 0.674589 0.490885 0.673675 0.490234 0.672761 0.490234 0.671846 0.490234 0.670932 0.490885 0.670018 0.491536 0.669104 0.492188 0.668190 0.492839 0.668190 0.493490 0.667276 0.494141 0.668190 0.494792 0.667276 0.495443 0.667276 0.496094 0.667276 0.496745 0.667276 0.497396 0.667276 0.498047 0.667276 0.498047 0.666362 0.498047 0.665448 0.498698 0.664534 0.499349 0.665448 0.499349 0.666362 0.500000 0.665448 0.500651 0.665448 0.501302 0.666362 0.501953 0.666362 0.502604 0.667276 0.503255 0.667276 0.503906 0.668190 0.504557 0.669104 0.504557 0.670018 0.504557 0.670932 0.504557 0.671846 0.504557 0.672761 0.503906 0.673675 0.503906 0.674589 0.503906 0.673675 0.504557 0.672761 0.505208 0.672761 0.505859 0.671846 0.506510 0.671846 0.507161 0.671846 0.507812 0.670932 0.508464 0.671846 0.507812 0.670932 0.508464 0.670018 0.508464 0.669104 0.509115 0.668190 0.509766 0.667276 0.510417 0.667276 0.511068 0.666362 0.511719 0.666362 0.512370 0.667276 0.511719 0.666362 0.512370 0.665448 0.512370 0.664534 0.512370 0.663620 0.513021 0.662706 0.513672 0.663620 0.513672 0.664534 0.514323 0.663620 0.514974 0.664534 0.515625 0.664534 0.516276 0.665448 0.516927 0.666362 0.517578 0.666362 0.518229 0.667276 0.518880 0.667276 0.519531 0.666362 0.520182 0.666362 0.520833 0.665448 0.521484 0.665448 0.522135 0.664534 0.522786 0.663620 0.523438 0.663620 0.524089 0.662706 0.524740 0.662706 0.525391 0.663620 0.526042 0.663620 0.526693 0.664534 0.527344 0.665448 0.526693 0.666362 0.527344 0.665448 0.527995 0.664534 0.528646 0.664534 0.529297 0.664534 0.529948 0.664534 0.530599 0.665448 0.531250 0.665448 0.531901 0.665448 0.532552 0.665448 0.533203 0.664534 0.533854 0.663620 0.534505 0.664534 0.533854 0.663620 0.534505 0.662706 0.535156 0.661792 0.535807 0.661792 0.536458 0.660878 0.537109 0.660878 0.537760 0.661792 0.537109 0.660878 0.537109 0.659963 0.536458 0.659049 0.536458 0.658135 0.536458 0.657221 0.536458 0.656307 0.537109 0.655393 0.537109 0.654479 0.537109 0.653565 0.537109 0.652651 0.537109 0.651737 0.537109 0.650823 0.537109 0.649909 0.537109 0.648995 0.536458 0.648080 0.536458 0.647166 0.536458 0.646252 0.536458 0.645338 0.537109 0.644424 0.536458 0.645338 0.535807 0.646252 0.535156 0.645338 0.534505 0.644424 0.533854 0.643510 0.533203 0.642596 0.533203 0.641682 0.533854 0.640768 0.533854 0.639854 0.533854 0.638940 0.533854 0.638026 0.534505 0.637112 0.533854 0.638026 0.533203 0.638026 0.532552 0.638026 0.531901 0.638026 0.531250 0.638026 0.530599 0.638940 0.529948 0.638940 0.529297 0.638026 0.528646 0.638026 0.527995 0.637112 0.527344 0.636197 0.527995 0.635283 0.527344 0.636197 0.526693 0.635283 0.526042 0.635283 0.525391 0.635283 0.524740 0.635283 0.524089 0.634369 0.523438 0.634369 0.522786 0.633455 0.522135 0.632541 0.522786 0.631627 0.522135 0.632541 0.521484 0.632541 0.520833 0.631627 0.520182 0.632541 0.519531 0.633455 0.518880 0.632541 0.519531 0.633455 0.518880 0.634369 0.518229 0.635283 0.518229 0.636197 0.518229 0.637112 0.518229 0.638026 0.518229 0.638940 0.517578 0.639854 0.517578 0.640768 0.516927 0.641682 0.517578 0.642596 0.517578 0.643510 0.516927 0.644424 0.517578 0.643510 0.518229 0.644424 0.518880 0.645338 0.519531 0.646252 0.519531 0.647166 0.519531 0.648080 0.519531 0.648995 0.519531 0.649909 0.519531 0.650823 0.518880 0.651737 0.518229 0.652651 0.517578 0.652651 0.516927 0.653565 0.516276 0.653565 0.515625 0.654479 0.514974 0.654479 0.514323 0.654479 0.513672 0.655393 0.513021 0.654479 0.513021 0.653565 0.513021 0.654479 0.513672 0.655393 0.513672 0.656307 0.513021 0.657221 0.512370 0.658135 0.511719 0.658135 0.511068 0.659049 0.510417 0.659049 0.509766 0.659963 0.509115 0.659049 0.508464 0.659049 0.507812 0.659049 0.507161 0.659963 0.506510 0.659963 0.506510 0.660878 0.505859 0.661792 0.505208 0.660878 0.504557 0.660878 0.503906 0.661792 0.503255 0.661792 0.502604 0.661792 0.501953 0.662706 0.501302 0.662706 0.500651 0.662706 0.500000 0.663620 0.499349 0.663620 0.498698 0.664534 0.498047 0.663620 0.497396 0.663620 0.496745 0.662706 0.496094 0.662706 0.495443 0.661792 0.494792 0.660878 0.494792 0.659963 0.494792 0.659049 0.494792 0.658135 0.495443 0.657221 0.496094 0.657221 0.496745 0.656307 0.497396 0.655393 0.498047 0.655393 0.498698 0.655393 0.499349 0.655393 0.500000 0.655393 0.500651 0.655393 0.501302 0.655393 0.501953 0.654479 0.502604 0.654479 0.503255 0.655393 0.502604 0.654479 0.502604 0.653565 0.503255 0.652651 0.503906 0.651737 0.504557 0.650823 0.503906 0.649909 0.503906 0.648995 0.503255 0.648080 0.503255 0.647166 0.503255 0.646252 0.503255 0.645338 0.503255 0.644424 0.503255 0.643510 0.503255 0.642596 0.503255 0.641682 0.503255 0.640768 0.503906 0.639854 0.504557 0.638940 0.505208 0.638940 0.505859 0.638026 0.506510 0.638940 0.505859 0.638026 0.506510 0.637112 0.507161 0.636197 0.507812 0.635283 0.508464 0.636197 0.507812 0.635283 0.507812 0.634369 0.507812 0.633455 0.507812 0.632541 0.507812 0.631627 0.507161 0.631627 0.506510 0.630713 0.505859 0.630713 0.505208 0.631627 0.504557 0.630713 0.503906 0.630713 0.503255 0.629799 0.502604 0.628885 0.502604 0.627971 0.502604 0.627057 0.501953 0.626143 0.501953 0.625229 0.502604 0.624314 0.501953 0.625229 0.501302 0.626143 0.500651 0.625229 0.500000 0.624314 0.499349 0.623400 0.498698 0.622486 0.498698 0.621572 0.499349 0.620658 0.498698 0.619744 0.498698 0.618830 0.498698 0.617916 0.498698 0.617002 0.498698 0.616088 0.498047 0.615174 0.498047 0.614260 0.498047 0.613346 0.497396 0.613346 0.496745 0.613346 0.496094 0.613346 0.495443 0.613346 0.494792 0.612431 0.495443 0.611517 0.496094 0.611517 0.496745 0.611517 0.497396 0.611517 0.497396 0.610603 0.498047 0.609689 0.497396 0.608775 0.497396 0.607861 0.497396 0.606947 0.498047 0.606033 0.498698 0.605119 0.499349 0.606033 0.498698 0.605119 0.498698 0.604205 0.498698 0.603291 0.499349 0.602377 0.500000 0.601463 0.500651 0.600548 0.501302 0.599634 0.501953 0.599634 0.502604 0.598720 0.502604 0.597806 0.502604 0.596892 0.502604 0.595978 0.503255 0.595064 0.503906 0.594150 0.503906 0.593236 0.503906 0.592322 0.504557 0.591408 0.504557 0.590494 0.505208 0.589580 0.505208 0.588665 0.505859 0.587751 0.506510 0.586837 0.506510 0.585923 0.506510 0.585009 0.507161 0.584095 0.507812 0.584095 0.508464 0.584095 0.509115 0.583181 0.509766 0.584095 0.510417 0.583181 0.511068 0.584095 0.511719 0.584095 0.512370 0.583181 0.513021 0.583181 0.513672 0.583181 0.514323 0.582267 0.514974 0.581353 0.515625 0.582267 0.514974 0.581353 0.515625 0.580439 0.516276 0.579525 0.516927 0.580439 0.516276 0.579525 0.516276 0.578611 0.516927 0.577697 0.517578 0.576782 0.518229 0.577697 0.517578 0.576782 0.517578 0.575868 0.517578 0.574954 0.517578 0.574040 0.518229 0.573126 0.518880 0.572212 0.519531 0.571298 0.520182 0.572212 0.519531 0.571298 0.520182 0.570384 0.519531 0.570384 0.518880 0.569470 0.518229 0.568556 0.518880 0.567642 0.518229 0.566728 0.518880 0.565814 0.518229 0.566728 0.517578 0.565814 0.516927 0.564899 0.516927 0.563985 0.516276 0.563071 0.516276 0.562157 0.516276 0.561243 0.516927 0.560329 0.516276 0.561243 0.515625 0.560329 0.514974 0.559415 0.514323 0.558501 0.514974 0.557587 0.514974 0.556673 0.514974 0.557587 0.514323 0.558501 0.513672 0.557587 0.513021 0.557587 0.512370 0.556673 0.511719 0.556673 0.511068 0.557587 0.510417 0.557587 0.509766 0.557587 0.509115 0.556673 0.508464 0.556673 0.507812 0.555759 0.507161 0.554845 0.507161 0.553931 0.507161 0.553016 0.507812 0.552102 0.507161 0.551188 0.507812 0.550274 0.507812 0.549360 0.508464 0.548446 0.509115 0.547532 0.509766 0.548446 0.509115 0.547532 0.509115 0.546618 0.508464 0.546618 0.507812 0.545704 0.507161 0.544790 0.506510 0.544790 0.505859 0.543876 0.505208 0.542962 0.505208 0.542048 0.505208 0.541133 0.505208 0.540219 0.505208 0.539305 0.505208 0.538391 0.505859 0.537477 0.506510 0.536563 0.506510 0.535649 0.507161 0.534735 0.507812 0.533821 0.507812 0.532907 0.508464 0.531993 0.509115 0.531079 0.509766 0.530165 0.509766 0.529250 0.510417 0.528336 0.510417 0.527422 0.511068 0.526508 0.511719 0.525594 0.512370 0.526508 0.511719 0.525594 0.512370 0.524680 0.513021 0.523766 0.513672 0.522852 0.514323 0.523766 0.513672 0.522852 0.514323 0.521938 0.514323 0.521024 0.514323 0.520110 0.514323 0.519196 0.513672 0.518282 0.513021 0.518282
0 0.985026 0.515539 0.984375 0.516453 0.983724 0.516453 0.983073 0.516453 0.982422 0.517367 0.981771 0.517367 0.981120 0.516453 0.981120 0.517367 0.980469 0.518282 0.979818 0.519196 0.979818 0.520110 0.979818 0.521024 0.979167 0.521938 0.978516 0.522852 0.977865 0.522852 0.978516 0.523766 0.979167 0.522852 0.979818 0.522852 0.980469 0.522852 0.981120 0.523766 0.981771 0.522852 0.982422 0.522852 0.983073 0.521938 0.983724 0.521938 0.984375 0.522852 0.985026 0.522852 0.985677 0.523766 0.986328 0.524680 0.986328 0.525594 0.986328 0.526508 0.986328 0.527422 0.986328 0.528336 0.985677 0.529250 0.985026 0.530165 0.984375 0.531079 0.983724 0.531079 0.983073 0.531993 0.982422 0.531993 0.981771 0.531079 0.981120 0.531079 0.980469 0.530165 0.979818 0.530165 0.979167 0.530165 0.978516 0.530165 0.978516 0.531079 0.978516 0.531993 0.978516 0.532907 0.978516 0.533821 0.978516 0.534735 0.979167 0.535649 0.979167 0.536563 0.979167 0.537477 0.979167 0.538391 0.979167 0.539305 0.979818 0.540219 0.979167 0.541133 0.979818 0.540219 0.980469 0.541133 0.981120 0.541133 0.981771 0.541133 0.982422 0.542048 0.983073 0.542048 0.983724 0.542048 0.984375 0.541133 0.985026 0.541133 0.985677 0.540219 0.986328 0.539305 0.986979 0.540219 0.986328 0.539305 0.986979 0.538391 0.987630 0.537477 0.988281 0.536563 0.988932 0.536563 0.989583 0.535649 0.990234 0.535649 0.990885 0.536563 0.990234 0.535649 0.990885 0.534735 0.990885 0.533821 0.990885 0.532907 0.990885 0.531993 0.990885 0.531079 0.990885 0.530165 0.990885 0.529250 0.990885 0.528336 0.990885 0.527422 0.991536 0.526508 0.990885 0.527422 0.990234 0.526508 0.989583 0.525594 0.989583 0.524680 0.990234 0.523766 0.989583 0.524680 0.988932 0.523766 0.988281 0.522852 0.988281 0.521938 0.987630 0.521938 0.986979 0.521024 0.986328 0.520110 0.986328 0.519196 0.986328 0.518282 0.985677 0.518282 0.985026 0.517367 0.984375 0.516453
0 0.411458 0.511883 0.411458 0.512797 0.410807 0.513711 0.410156 0.513711 0.409505 0.512797 0.408854 0.513711 0.408203 0.514625 0.407552 0.514625 0.406901 0.515539 0.406250 0.515539 0.405599 0.514625 0.406250 0.515539 0.405599 0.516453 0.405599 0.517367 0.404948 0.518282 0.404297 0.519196 0.403646 0.520110 0.402995 0.519196 0.403646 0.520110 0.403646 0.521024 0.402995 0.521938 0.402995 0.522852 0.402995 0.523766 0.402344 0.524680 0.401693 0.525594 0.402344 0.526508 0.402344 0.527422 0.402344 0.528336 0.402344 0.529250 0.402344 0.530165 0.401693 0.531079 0.402344 0.531993 0.402344 0.532907 0.402344 0.533821 0.402995 0.533821 0.403646 0.534735 0.404297 0.535649 0.404948 0.536563 0.405599 0.537477 0.405599 0.538391 0.405599 0.539305 0.404948 0.540219 0.404948 0.541133 0.404297 0.542048 0.403646 0.541133 0.402995 0.542048 0.402344 0.542048 0.401693 0.542962 0.401042 0.542048 0.400391 0.542048 0.399740 0.542048 0.399089 0.542048 0.398438 0.542048 0.397786 0.542962 0.397135 0.543876 0.396484 0.542962 0.397135 0.543876 0.396484 0.544790 0.395833 0.545704 0.395182 0.545704 0.394531 0.546618 0.393880 0.545704 0.393229 0.545704 0.392578 0.544790 0.391927 0.543876 0.392578 0.542962 0.391927 0.543876 0.392578 0.544790 0.391927 0.545704 0.391276 0.546618 0.390625 0.546618 0.389974 0.547532 0.389323 0.546618 0.388672 0.546618 0.388021 0.546618 0.387370 0.546618 0.386719 0.545704 0.386068 0.545704 0.385417 0.544790 0.384766 0.543876 0.384766 0.542962 0.384766 0.542048 0.384766 0.541133 0.385417 0.540219 0.386068 0.539305 0.386719 0.540219 0.386068 0.539305 0.386068 0.538391 0.386719 0.537477 0.387370 0.536563 0.388021 0.537477 0.387370 0.536563 0.387370 0.535649 0.387370 0.534735 0.388021 0.533821 0.388672 0.532907 0.389323 0.533821 0.388672 0.532907 0.388672 0.531993 0.389323 0.531079 0.389323 0.530165 0.389323 0.529250 0.389974 0.528336 0.389323 0.529250 0.388672 0.528336 0.388021 0.527422 0.387370 0.526508 0.387370 0.525594 0.386719 0.525594 0.386068 0.524680 0.385417 0.523766 0.384766 0.522852 0.384766 0.521938 0.384766 0.521024 0.384766 0.520110 0.384115 0.520110 0.383464 0.520110 0.382812 0.520110 0.382161 0.520110 0.381510 0.520110 0.380859 0.520110 0.380208 0.521024 0.379557 0.521024 0.378906 0.521938 0.378255 0.521938 0.377604 0.521024 0.376953 0.521024 0.376302 0.521938 0.375651 0.521938 0.375000 0.522852 0.374349 0.521938 0.375000 0.522852 0.375000 0.523766 0.374349 0.524680 0.373698 0.525594 0.373698 0.526508 0.373698 0.527422 0.373047 0.528336 0.373047 0.529250 0.373047 0.530165 0.372396 0.531079 0.373047 0.531993 0.372396 0.532907 0.373047 0.531993 0.373698 0.532907 0.374349 0.533821 0.374349 0.534735 0.374349 0.535649 0.374349 0.536563 0.374349 0.537477 0.374349 0.538391 0.374349 0.539305 0.375000 0.540219 0.375651 0.541133 0.376302 0.541133 0.376953 0.542048 0.376953 0.542962 0.376953 0.543876 0.376953 0.544790 0.376302 0.545704 0.375651 0.545704 0.375000 0.546618 0.374349 0.545704 0.373698 0.546618 0.373047 0.545704 0.372396 0.545704 0.371745 0.544790 0.371094 0.543876 0.370443 0.543876 0.369792 0.544790 0.369141 0.544790 0.368490 0.545704 0.367839 0.545704 0.367188 0.544790 0.367188 0.545704 0.367188 0.546618 0.367188 0.547532 0.367839 0.546618 0.368490 0.547532 0.369141 0.547532 0.369792 0.548446 0.370443 0.549360 0.370443 0.550274 0.371094 0.551188 0.371745 0.552102 0.372396 0.553016 0.372396 0.553931 0.372396 0.554845 0.371745 0.555759 0.371094 0.556673 0.370443 0.556673 0.369792 0.557587 0.369141 0.557587 0.368490 0.557587 0.367839 0.557587 0.367188 0.556673 0.366536 0.556673 0.365885 0.555759 0.365234 0.555759 0.364583 0.555759 0.363932 0.556673 0.363281 0.557587 0.363281 0.558501 0.363281 0.559415 0.363281 0.560329 0.362630 0.561243 0.362630 0.562157 0.361979 0.563071 0.361328 0.563985 0.360677 0.563985 0.360026 0.564899 0.360026 0.565814 0.359375 0.566728 0.358724 0.567642 0.358073 0.566728 0.358724 0.567642 0.358724 0.568556 0.358724 0.569470 0.358724 0.570384 0.358073 0.571298 0.358073 0.572212 0.358073 0.573126 0.357422 0.574040 0.358073 0.573126 0.358724 0.574040 0.359375 0.574954 0.359375 0.575868 0.360026 0.576782 0.360677 0.577697 0.360677 0.578611 0.360677 0.579525 0.360026 0.580439 0.360677 0.579525 0.361328 0.580439 0.361979 0.581353 0.361979 0.582267 0.361979 0.583181 0.361979 0.584095 0.361328 0.585009 0.361979 0.584095 0.362630 0.584095 0.363281 0.585009 0.363932 0.585009 0.364583 0.585923 0.365234 0.586837 0.365885 0.587751 0.366536 0.588665 0.365885 0.587751 0.366536 0.586837 0.367188 0.585923 0.367839 0.585923 0.368490 0.585009 0.369141 0.585009 0.369792 0.584095 0.370443 0.584095 0.371094 0.583181 0.371745 0.584095 0.371094 0.583181 0.371094 0.582267 0.371094 0.581353 0.371094 0.580439 0.371745 0.579525 0.372396 0.578611 0.373047 0.578611 0.373047 0.577697 0.373698 0.576782 0.374349 0.575868 0.373698 0.574954 0.373698 0.574040 0.373698 0.573126 0.373698 0.572212 0.373698 0.571298 0.374349 0.570384 0.374349 0.569470 0.374349 0.568556 0.374349 0.567642 0.374349 0.566728 0.374349 0.565814 0.373698 0.565814 0.373047 0.564899 0.372396 0.564899 0.371745 0.563985 0.371094 0.563071 0.371094 0.562157 0.371094 0.561243 0.371094 0.560329 0.371094 0.559415 0.371094 0.558501 0.371094 0.557587 0.371745 0.556673 0.372396 0.555759 0.373047 0.555759 0.373698 0.554845 0.374349 0.554845 0.375000 0.555759 0.375000 0.556673 0.375000 0.555759 0.374349 0.554845 0.373698 0.554845 0.373047 0.553931 0.373698 0.553016 0.373698 0.552102 0.374349 0.551188 0.375000 0.550274 0.375651 0.550274 0.376302 0.549360 0.376953 0.549360 0.377604 0.549360 0.378255 0.550274 0.378906 0.550274 0.379557 0.551188 0.380208 0.552102 0.380859 0.552102 0.381510 0.553016 0.382161 0.553016 0.382812 0.553931 0.383464 0.553931 0.384115 0.554845 0.384766 0.555759 0.385417 0.556673 0.385417 0.557587 0.384766 0.558501 0.385417 0.557587 0.386068 0.558501 0.386719 0.558501 0.387370 0.559415 0.388021 0.559415 0.388672 0.560329 0.389323 0.561243 0.389323 0.562157 0.389323 0.563071 0.389323 0.563985 0.388672 0.564899 0.388672 0.565814 0.388021 0.566728 0.387370 0.567642 0.387370 0.568556 0.387370 0.569470 0.387370 0.570384 0.386719 0.571298 0.386719 0.572212 0.386719 0.573126 0.386068 0.574040 0.385417 0.574954 0.385417 0.575868 0.385417 0.576782 0.384766 0.577697 0.385417 0.576782 0.386068 0.576782 0.386719 0.577697 0.387370 0.577697 0.388021 0.578611 0.388672 0.579525 0.388672 0.580439 0.388021 0.581353 0.388672 0.580439 0.389323 0.581353 0.389974 0.581353 0.390625 0.581353 0.391276 0.582267 0.391927 0.582267 0.392578 0.582267 0.393229 0.583181 0.393880 0.582267 0.394531 0.582267 0.395182 0.582267 0.395833 0.582267 0.396484 0.582267 0.397135 0.581353 0.397786 0.581353 0.398438 0.580439 0.399089 0.580439 0.399740 0.579525 0.400391 0.579525 0.401042 0.579525 0.401042 0.578611 0.401042 0.577697 0.401693 0.576782 0.402344 0.575868 0.401693 0.574954 0.401693 0.574040 0.401693 0.573126 0.401042 0.572212 0.401042 0.571298 0.401042 0.570384 0.401042 0.569470 0.401693 0.568556 0.402344 0.567642 0.402344 0.566728 0.401693 0.565814 0.402344 0.564899 0.401693 0.565814 0.401042 0.564899 0.400391 0.564899 0.399740 0.563985 0.399089 0.563071 0.399089 0.562157 0.399089 0.561243 0.399089 0.560329 0.399740 0.559415 0.399740 0.558501 0.400391 0.557587 0.401042 0.556673 0.401693 0.556673 0.402344 0.556673 0.401693 0.556673 0.401042 0.556673 0.400391 0.557587 0.399740 0.557587 0.399089 0.556673 0.398438 0.556673 0.397786 0.555759 0.397135 0.555759 0.396484 0.554845 0.395833 0.554845 0.395182 0.553931 0.394531 0.553016 0.394531 0.552102 0.394531 0.551188 0.395182 0.550274 0.395833 0.549360 0.396484 0.549360 0.397135 0.548446 0.397786 0.548446 0.398438 0.547532 0.399089 0.547532 0.399740 0.547532 0.400391 0.548446 0.401042 0.548446 0.401693 0.548446 0.402344 0.548446 0.402995 0.549360 0.403646 0.548446 0.404297 0.549360 0.404948 0.549360 0.405599 0.550274 0.406250 0.551188 0.405599 0.552102 0.406250 0.551188 0.406901 0.551188 0.407552 0.552102 0.406901 0.551188 0.406901 0.550274 0.406901 0.549360 0.407552 0.548446 0.408203 0.547532 0.408854 0.547532 0.409505 0.546618 0.410156 0.546618 0.410807 0.547532 0.410156 0.546618 0.410156 0.545704 0.410156 0.544790 0.409505 0.543876 0.410156 0.542962 0.410807 0.542962 0.411458 0.542048 0.412109 0.542048 0.412760 0.541133 0.413411 0.541133 0.413411 0.540219 0.414062 0.539305 0.414714 0.538391 0.415365 0.537477 0.416016 0.538391 0.415365 0.537477 0.416016 0.536563 0.416667 0.535649 0.417318 0.535649 0.417969 0.534735 0.418620 0.535649 0.417969 0.534735 0.417969 0.533821 0.418620 0.532907 0.417969 0.531993 0.417318 0.531079 0.417969 0.530165 0.417318 0.531079 0.416667 0.530165 0.416016 0.529250 0.416016 0.528336 0.416016 0.527422 0.416016 0.526508 0.416016 0.525594 0.416016 0.524680 0.416016 0.523766 0.416016 0.522852 0.415365 0.521938 0.416016 0.521024 0.415365 0.521938 0.414714 0.521024 0.414062 0.520110 0.413411 0.519196 0.413411 0.518282 0.413411 0.517367 0.414062 0.516453 0.414714 0.515539 0.415365 0.516453 0.414714 0.515539 0.414714 0.514625 0.414714 0.515539 0.414062 0.516453 0.413411 0.516453 0.412760 0.515539 0.412109 0.515539 0.411458 0.514625 0.410807 0.513711 0.411458 0.512797
0 0.442057 0.500000 0.442057 0.500914 0.441406 0.501828 0.440755 0.500914 0.441406 0.501828 0.440755 0.502742 0.440104 0.503656 0.439453 0.503656 0.438802 0.504570 0.438151 0.504570 0.437500 0.505484 0.436849 0.505484 0.436198 0.505484 0.435547 0.505484 0.434896 0.506399 0.434245 0.506399 0.433594 0.507313 0.432943 0.507313 0.432292 0.508227 0.431641 0.507313 0.430990 0.507313 0.430339 0.506399 0.429688 0.506399 0.429036 0.506399 0.429688 0.506399 0.430339 0.507313 0.430990 0.507313 0.431641 0.508227 0.432292 0.508227 0.432943 0.507313 0.433594 0.508227 0.434245 0.507313 0.434896 0.506399 0.435547 0.506399 0.436198 0.505484 0.436849 0.506399 0.437500 0.506399 0.438151 0.507313 0.438802 0.508227 0.438802 0.509141 0.438802 0.510055 0.438802 0.510969 0.438151 0.511883 0.437500 0.512797 0.436849 0.511883 0.437500 0.512797 0.436849 0.513711 0.436198 0.514625 0.435547 0.514625 0.435547 0.515539 0.435547 0.516453 0.434896 0.517367 0.434245 0.518282 0.433594 0.519196 0.432943 0.518282 0.433594 0.519196 0.432943 0.520110 0.432943 0.521024 0.432292 0.521938 0.431641 0.522852 0.430990 0.521938 0.431641 0.522852 0.431641 0.523766 0.430990 0.524680 0.430990 0.525594 0.430990 0.526508 0.430339 0.527422 0.429688 0.528336 0.429036 0.529250 0.429036 0.530165 0.428385 0.531079 0.427734 0.531993 0.427734 0.532907 0.427734 0.533821 0.427734 0.534735 0.427734 0.535649 0.427083 0.536563 0.427734 0.537477 0.427734 0.538391 0.427734 0.539305 0.428385 0.540219 0.428385 0.541133 0.428385 0.542048 0.428385 0.542962 0.428385 0.543876 0.427734 0.544790 0.428385 0.543876 0.429036 0.544790 0.429688 0.543876 0.430339 0.544790 0.430990 0.544790 0.431641 0.545704 0.432292 0.545704 0.432943 0.546618 0.432943 0.547532 0.432943 0.548446 0.432943 0.549360 0.432292 0.550274 0.431641 0.551188 0.430990 0.550274 0.431641 0.551188 0.430990 0.552102 0.430339 0.553016 0.430339 0.553931 0.429688 0.554845 0.429036 0.555759 0.429036 0.556673 0.429036 0.557587 0.429688 0.558501 0.430339 0.558501 0.430990 0.558501 0.431641 0.558501 0.432292 0.557587 0.432943 0.557587 0.433594 0.556673 0.434245 0.556673 0.434896 0.555759 0.435547 0.555759 0.436198 0.554845 0.436849 0.554845 0.437500 0.554845 0.438151 0.553931 0.438802 0.554845 0.439453 0.554845 0.440104 0.555759 0.440755 0.556673 0.440755 0.557587 0.440755 0.558501 0.440755 0.559415 0.441406 0.560329 0.441406 0.561243 0.442057 0.560329 0.442708 0.560329 0.443359 0.561243 0.444010 0.561243 0.444661 0.562157 0.445312 0.563071 0.445312 0.563985 0.445964 0.564899 0.445964 0.565814 0.446615 0.565814 0.447266 0.566728 0.446615 0.567642 0.445964 0.567642 0.445312 0.567642 0.444661 0.568556 0.444010 0.567642 0.444661 0.568556 0.444010 0.569470 0.443359 0.570384 0.443359 0.571298 0.443359 0.572212 0.444010 0.573126 0.444010 0.574040 0.444010 0.574954 0.444661 0.575868 0.444010 0.576782 0.444661 0.575868 0.445312 0.576782 0.445964 0.577697 0.446615 0.578611 0.447266 0.579525 0.447266 0.580439 0.447266 0.581353 0.446615 0.582267 0.447266 0.581353 0.447917 0.582267 0.448568 0.583181 0.447917 0.584095 0.448568 0.583181 0.449219 0.582267 0.449870 0.583181 0.450521 0.583181 0.451172 0.584095 0.451823 0.585009 0.452474 0.584095 0.453125 0.584095 0.453776 0.583181 0.454427 0.584095 0.453776 0.583181 0.454427 0.582267 0.455078 0.581353 0.455729 0.580439 0.456380 0.579525 0.457031 0.579525 0.457682 0.578611 0.458333 0.578611 0.458984 0.577697 0.458984 0.576782 0.458984 0.575868 0.459635 0.574954 0.460286 0.575868 0.460286 0.576782 0.460938 0.575868 0.461589 0.576782 0.460938 0.575868 0.461589 0.574954 0.462240 0.574040 0.462891 0.574040 0.463542 0.573126 0.464193 0.573126 0.464844 0.574040 0.465495 0.574040 0.466146 0.573126 0.466797 0.574040 0.466146 0.573126 0.466797 0.572212 0.467448 0.571298 0.467448 0.570384 0.468099 0.569470 0.467448 0.568556 0.467448 0.567642 0.467448 0.566728 0.467448 0.565814 0.467448 0.564899 0.467448 0.563985 0.468099 0.563071 0.467448 0.563985 0.466797 0.563071 0.466146 0.563071 0.465495 0.562157 0.464844 0.561243 0.464193 0.560329 0.463542 0.559415 0.463542 0.558501 0.462891 0.557587 0.463542 0.556673 0.462891 0.557587 0.462240 0.556673 0.461589 0.556673 0.460938 0.555759 0.460286 0.554845 0.459635 0.553931 0.458984 0.553931 0.458333 0.553016 0.458984 0.552102 0.459635 0.552102 0.458984 0.552102 0.458333 0.553016 0.457682 0.552102 0.457031 0.552102 0.456380 0.551188 0.455729 0.550274 0.456380 0.549360 0.455729 0.550274 0.455078 0.551188 0.454427 0.551188 0.453776 0.551188 0.453125 0.551188 0.452474 0.550274 0.453125 0.551188 0.453125 0.552102 0.452474 0.553016 0.451823 0.553931 0.451172 0.553931 0.450521 0.554845 0.450521 0.555759 0.449870 0.556673 0.449219 0.555759 0.449219 0.554845 0.449219 0.553931 0.448568 0.553931 0.447917 0.553931 0.447266 0.553931 0.446615 0.553016 0.445964 0.553016 0.445312 0.552102 0.444661 0.553016 0.444010 0.552102 0.443359 0.552102 0.442708 0.551188 0.442057 0.551188 0.441406 0.550274 0.440755 0.549360 0.440104 0.550274 0.439453 0.549360 0.438802 0.549360 0.438151 0.548446 0.437500 0.547532 0.436849 0.546618 0.436198 0.545704 0.436849 0.544790 0.436198 0.545704 0.435547 0.544790 0.434896 0.543876 0.435547 0.542962 0.434896 0.543876 0.434245 0.542962 0.434245 0.542048 0.434896 0.541133 0.434245 0.542048 0.433594 0.541133 0.432943 0.540219 0.432292 0.539305 0.432292 0.538391 0.432292 0.537477 0.432292 0.536563 0.432292 0.535649 0.432292 0.534735 0.432292 0.533821 0.432292 0.532907 0.432292 0.531993 0.432292 0.531079 0.432943 0.530165 0.432943 0.529250 0.433594 0.528336 0.434245 0.527422 0.434896 0.527422 0.435547 0.526508 0.436198 0.526508 0.436849 0.526508 0.437500 0.526508 0.438151 0.527422 0.438802 0.527422 0.439453 0.528336 0.440104 0.528336 0.440755 0.527422 0.441406 0.528336 0.442057 0.528336 0.442708 0.529250 0.442057 0.528336 0.442708 0.527422 0.442708 0.526508 0.443359 0.525594 0.444010 0.524680 0.444010 0.523766 0.444010 0.522852 0.444010 0.521938 0.444661 0.521024 0.444010 0.520110 0.444661 0.519196 0.444010 0.520110 0.443359 0.519196 0.442708 0.519196 0.442057 0.518282 0.441406 0.517367 0.440755 0.517367 0.440104 0.516453 0.439453 0.516453 0.438802 0.515539 0.438151 0.514625 0.438151 0.513711 0.438151 0.512797 0.438802 0.511883 0.439453 0.510969 0.440104 0.510055 0.440755 0.510969 0.440104 0.510055 0.440755 0.509141 0.441406 0.508227 0.442057 0.509141 0.441406 0.508227 0.441406 0.507313 0.441406 0.506399 0.441406 0.505484 0.442057 0.504570 0.441406 0.503656 0.441406 0.502742 0.441406 0.501828 0.442057 0.500914 0.442708 0.500914 0.443359 0.500914 0.442708 0.500914
0 0.983724 0.487203 0.983073 0.488117 0.982422 0.489031 0.981771 0.489945 0.981771 0.490859 0.981771 0.491773 0.981120 0.492687 0.980469 0.493601 0.979818 0.493601 0.979167 0.494516 0.978516 0.495430 0.977865 0.494516 0.978516 0.495430 0.977865 0.496344 0.977214 0.497258 0.976562 0.497258 0.975911 0.498172 0.975260 0.498172 0.974609 0.498172 0.973958 0.499086 0.973307 0.499086 0.972656 0.499086 0.972005 0.500000 0.971354 0.500000 0.970703 0.500914 0.970052 0.500914 0.969401 0.501828 0.968750 0.501828 0.968099 0.501828 0.967448 0.500914 0.966797 0.500914 0.966146 0.500000 0.965495 0.499086 0.964844 0.498172 0.965495 0.497258 0.965495 0.496344 0.965495 0.497258 0.964844 0.498172 0.964193 0.498172 0.963542 0.498172 0.962891 0.499086 0.962240 0.498172 0.962891 0.499086 0.962891 0.500000 0.962891 0.500914 0.962240 0.501828 0.962891 0.502742 0.962891 0.503656 0.962891 0.504570 0.962891 0.505484 0.962240 0.506399 0.961589 0.507313 0.960938 0.507313 0.960286 0.508227 0.959635 0.507313 0.958984 0.507313 0.958333 0.506399 0.957682 0.505484 0.957031 0.504570 0.957031 0.503656 0.956380 0.502742 0.956380 0.501828 0.956380 0.500914 0.957031 0.500000 0.957682 0.499086 0.957031 0.498172 0.957031 0.497258 0.956380 0.497258 0.955729 0.498172 0.955078 0.498172 0.954427 0.499086 0.954427 0.500000 0.953776 0.500914 0.953125 0.501828 0.952474 0.501828 0.952474 0.502742 0.951823 0.503656 0.951823 0.504570 0.951172 0.505484 0.951172 0.506399 0.950521 0.507313 0.949870 0.508227 0.949870 0.509141 0.949219 0.510055 0.949219 0.510969 0.949219 0.511883 0.949219 0.512797 0.949219 0.513711 0.949219 0.514625 0.948568 0.515539 0.948568 0.516453 0.949219 0.517367 0.949219 0.518282 0.949219 0.519196 0.949219 0.520110 0.949870 0.521024 0.949870 0.521938 0.949870 0.522852 0.949870 0.523766 0.950521 0.524680 0.950521 0.525594 0.951172 0.526508 0.951172 0.527422 0.951823 0.528336 0.951823 0.529250 0.952474 0.530165 0.952474 0.531079 0.951823 0.531993 0.952474 0.532907 0.952474 0.533821 0.952474 0.534735 0.951823 0.535649 0.951823 0.536563 0.951172 0.537477 0.951172 0.538391 0.950521 0.539305 0.949870 0.540219 0.949870 0.541133 0.949870 0.542048 0.949870 0.542962 0.949219 0.543876 0.949219 0.544790 0.949219 0.545704 0.949870 0.546618 0.949870 0.547532 0.949870 0.548446 0.949870 0.549360 0.949219 0.550274 0.949219 0.551188 0.948568 0.552102 0.947917 0.553016 0.947266 0.553016 0.946615 0.553931 0.945964 0.553016 0.946615 0.553931 0.945964 0.554845 0.945964 0.555759 0.945964 0.556673 0.945964 0.557587 0.945312 0.558501 0.944661 0.559415 0.945312 0.560329 0.944661 0.561243 0.944661 0.562157 0.944010 0.563071 0.944010 0.563985 0.944010 0.564899 0.944010 0.565814 0.944661 0.565814 0.945312 0.565814 0.945964 0.565814 0.946615 0.565814 0.947266 0.565814 0.947917 0.566728 0.947266 0.567642 0.946615 0.567642 0.945964 0.567642 0.945312 0.567642 0.944661 0.567642 0.944661 0.568556 0.945312 0.569470 0.945312 0.570384 0.945312 0.571298 0.945312 0.572212 0.944661 0.573126 0.945312 0.574040 0.944661 0.574954 0.945312 0.574040 0.945964 0.574954 0.946615 0.575868 0.945964 0.576782 0.945964 0.577697 0.946615 0.577697 0.945964 0.576782 0.946615 0.575868 0.947266 0.574954 0.947917 0.574954 0.948568 0.574040 0.949219 0.574954 0.949870 0.574954 0.950521 0.574954 0.951172 0.574040 0.951823 0.574040 0.952474 0.574040 0.953125 0.574040 0.953776 0.573126 0.954427 0.573126 0.955078 0.574040 0.954427 0.573126 0.955078 0.572212 0.955078 0.571298 0.955078 0.570384 0.955078 0.569470 0.955078 0.568556 0.954427 0.568556 0.953776 0.567642 0.953125 0.567642 0.952474 0.566728 0.951823 0.566728 0.951172 0.565814 0.950521 0.564899 0.950521 0.563985 0.950521 0.563071 0.951172 0.562157 0.950521 0.561243 0.951172 0.560329 0.951823 0.559415 0.952474 0.558501 0.952474 0.557587 0.953125 0.556673 0.953776 0.556673 0.954427 0.557587 0.953776 0.556673 0.953776 0.555759 0.954427 0.554845 0.954427 0.553931 0.955078 0.553016 0.955729 0.553931 0.955729 0.554845 0.955729 0.553931 0.955078 0.553016 0.955729 0.552102 0.956380 0.551188 0.957031 0.551188 0.957682 0.550274 0.958333 0.550274 0.958984 0.551188 0.958333 0.550274 0.958984 0.549360 0.958984 0.548446 0.958984 0.547532 0.959635 0.546618 0.959635 0.545704 0.960286 0.544790 0.960938 0.543876 0.961589 0.544790 0.960938 0.543876 0.961589 0.542962 0.962240 0.542048 0.962891 0.542048 0.963542 0.541133 0.963542 0.540219 0.964193 0.539305 0.964844 0.538391 0.964844 0.537477 0.965495 0.536563 0.966146 0.537477 0.966797 0.536563 0.967448 0.536563 0.968099 0.537477 0.968750 0.537477 0.969401 0.538391 0.968750 0.537477 0.969401 0.536563 0.970052 0.535649 0.970703 0.536563 0.970052 0.535649 0.970052 0.534735 0.970703 0.533821 0.970703 0.532907 0.970703 0.531993 0.970703 0.531079 0.970052 0.531079 0.969401 0.531079 0.968750 0.531079 0.968099 0.531079 0.967448 0.530165 0.968099 0.529250 0.968750 0.529250 0.969401 0.529250 0.970052 0.529250 0.970703 0.529250 0.971354 0.529250 0.972005 0.528336 0.972656 0.527422 0.973307 0.528336 0.972656 0.527422 0.973307 0.526508 0.973958 0.525594 0.974609 0.524680 0.975260 0.524680 0.975911 0.523766 0.976562 0.523766 0.976562 0.522852 0.975911 0.522852 0.975260 0.521938 0.974609 0.521024 0.973958 0.520110 0.973307 0.519196 0.972656 0.518282 0.973307 0.517367 0.972656 0.518282 0.972005 0.519196 0.971354 0.519196 0.970703 0.519196 0.970052 0.520110 0.969401 0.520110 0.968750 0.521024 0.968099 0.521938 0.967448 0.521938 0.966797 0.522852 0.966146 0.523766 0.965495 0.523766 0.964844 0.524680 0.964193 0.524680 0.963542 0.524680 0.962891 0.523766 0.963542 0.522852 0.962891 0.523766 0.962240 0.522852 0.961589 0.521938 0.961589 0.521024 0.960938 0.520110 0.960938 0.519196 0.960938 0.518282 0.960938 0.517367 0.960938 0.516453 0.960938 0.515539 0.961589 0.514625 0.962240 0.513711 0.962891 0.512797 0.963542 0.511883 0.964193 0.511883 0.964844 0.510969 0.965495 0.510969 0.966146 0.510055 0.966797 0.509141 0.967448 0.509141 0.968099 0.508227 0.968750 0.508227 0.969401 0.508227 0.970052 0.507313 0.970703 0.506399 0.971354 0.505484 0.972005 0.505484 0.972656 0.504570 0.973307 0.504570 0.973958 0.503656 0.974609 0.503656 0.975260 0.502742 0.975911 0.503656 0.976562 0.503656 0.977214 0.503656 0.977865 0.502742 0.978516 0.502742 0.979167 0.502742 0.979818 0.503656 0.979818 0.504570 0.979818 0.503656 0.979167 0.502742 0.979818 0.501828 0.980469 0.500914 0.981120 0.501828 0.980469 0.500914 0.980469 0.500000 0.981120 0.499086 0.981771 0.498172 0.982422 0.498172 0.983073 0.497258 0.983724 0.496344 0.983724 0.495430 0.983724 0.494516 0.983724 0.493601 0.983724 0.492687 0.983724 0.491773 0.983724 0.490859 0.984375 0.489945 0.983724 0.489031 0.983073 0.488117
0 0.057943 0.486289 0.057292 0.487203 0.056641 0.487203 0.055990 0.487203 0.055339 0.487203 0.054688 0.488117 0.054036 0.489031 0.053385 0.489945 0.052734 0.489945 0.052734 0.490859 0.053385 0.491773 0.053385 0.492687 0.053385 0.493601 0.052734 0.494516 0.052083 0.495430 0.051432 0.496344 0.050781 0.496344 0.050130 0.497258 0.049479 0.497258 0.048828 0.496344 0.048177 0.497258 0.047526 0.496344 0.046875 0.496344 0.046224 0.497258 0.045573 0.496344 0.044922 0.495430 0.044271 0.495430 0.043620 0.495430 0.044271 0.495430 0.044922 0.495430 0.045573 0.496344 0.045573 0.497258 0.045573 0.498172 0.045573 0.499086 0.045573 0.500000 0.045573 0.500914 0.045573 0.501828 0.044922 0.502742 0.044271 0.503656 0.043620 0.503656 0.042969 0.504570 0.042318 0.503656 0.041667 0.503656 0.041016 0.502742 0.040365 0.502742 0.039714 0.503656 0.039062 0.502742 0.038411 0.502742 0.037760 0.503656 0.037109 0.503656 0.036458 0.502742 0.035807 0.502742 0.035156 0.503656 0.034505 0.503656 0.033854 0.504570 0.033203 0.503656 0.032552 0.503656 0.031901 0.503656 0.031250 0.502742 0.030599 0.503656 0.029948 0.503656 0.029297 0.503656 0.028646 0.504570 0.027995 0.503656 0.027344 0.503656 0.026693 0.503656 0.026042 0.502742 0.025391 0.502742 0.024740 0.501828 0.024089 0.500914 0.024089 0.500000 0.024089 0.499086 0.024740 0.498172 0.024089 0.499086 0.023438 0.499086 0.022786 0.499086 0.022135 0.500000 0.021484 0.500000 0.020833 0.500914 0.020182 0.500914 0.019531 0.500000 0.018880 0.500914 0.018229 0.500914 0.017578 0.500914 0.016927 0.501828 0.016276 0.501828 0.015625 0.502742 0.014974 0.502742 0.014323 0.502742 0.013672 0.502742 0.013021 0.502742 0.012370 0.502742 0.011719 0.502742 0.011068 0.502742 0.010417 0.502742 0.009766 0.502742 0.009115 0.502742 0.008464 0.502742 0.007812 0.502742 0.007161 0.502742 0.006510 0.502742 0.005859 0.502742 0.005208 0.501828 0.004557 0.502742 0.003906 0.502742 0.003255 0.501828 0.002604 0.501828 0.001953 0.502742 0.001302 0.501828 0.000651 0.501828 0.000651 0.502742 0.000651 0.503656 0.000651 0.504570 0.000651 0.505484 0.000651 0.506399 0.000651 0.507313 0.000651 0.508227 0.000651 0.509141 0.000651 0.510055 0.000651 0.510969 0.000651 0.511883 0.000651 0.512797 0.001302 0.512797 0.001953 0.512797 0.002604 0.512797 0.003255 0.512797 0.003906 0.511883 0.004557 0.512797 0.005208 0.512797 0.005859 0.512797 0.006510 0.512797 0.007161 0.512797 0.007812 0.511883 0.008464 0.511883 0.009115 0.511883 0.009766 0.511883 0.010417 0.511883 0.011068 0.511883 0.011719 0.511883 0.012370 0.511883 0.013021 0.511883 0.013672 0.511883 0.014323 0.512797 0.014974 0.512797 0.015625 0.512797 0.016276 0.512797 0.016927 0.513711 0.017578 0.512797 0.018229 0.512797 0.018880 0.511883 0.019531 0.511883 0.020182 0.512797 0.020833 0.512797 0.021484 0.511883 0.022135 0.511883 0.022786 0.511883 0.023438 0.511883 0.024089 0.511883 0.024740 0.512797 0.025391 0.512797 0.026042 0.512797 0.026693 0.512797 0.027344 0.512797 0.027995 0.511883 0.028646 0.511883 0.029297 0.510969 0.029948 0.511883 0.030599 0.511883 0.031250 0.512797 0.031901 0.511883 0.032552 0.512797 0.033203 0.511883 0.033854 0.511883 0.034505 0.511883 0.035156 0.512797 0.035807 0.513711 0.036458 0.514625 0.037109 0.515539 0.037109 0.516453 0.036458 0.517367 0.035807 0.518282 0.035156 0.518282 0.034505 0.519196 0.033854 0.520110 0.033203 0.521024 0.032552 0.521938 0.031901 0.522852 0.031250 0.522852 0.030599 0.523766 0.029948 0.523766 0.029297 0.524680 0.028646 0.523766 0.029297 0.524680 0.029297 0.525594 0.028646 0.526508 0.028646 0.527422 0.029297 0.528336 0.029297 0.529250 0.029297 0.530165 0.029297 0.531079 0.029297 0.531993 0.028646 0.532907 0.029297 0.533821 0.029297 0.534735 0.029948 0.535649 0.029948 0.536563 0.029297 0.537477 0.029948 0.536563 0.030599 0.537477 0.031250 0.538391 0.031250 0.539305 0.031250 0.540219 0.030599 0.541133 0.029948 0.542048 0.030599 0.542962 0.030599 0.543876 0.031250 0.543876 0.031901 0.544790 0.031901 0.545704 0.031901 0.546618 0.031250 0.547532 0.030599 0.547532 0.029948 0.548446 0.029297 0.549360 0.028646 0.548446 0.028646 0.547532 0.027995 0.547532 0.027344 0.546618 0.026693 0.545704 0.026693 0.544790 0.026042 0.543876 0.026042 0.542962 0.026693 0.542048 0.027344 0.542048 0.027995 0.542048 0.027344 0.542048 0.026693 0.541133 0.026693 0.542048 0.026042 0.542962 0.025391 0.542962 0.024740 0.543876 0.024089 0.543876 0.023438 0.544790 0.022786 0.544790 0.022135 0.545704 0.021484 0.544790 0.021484 0.543876 0.021484 0.544790 0.022135 0.545704 0.021484 0.546618 0.020833 0.547532 0.020182 0.547532 0.019531 0.548446 0.018880 0.548446 0.018229 0.548446 0.017578 0.547532 0.016927 0.547532 0.016276 0.546618 0.015625 0.546618 0.014974 0.546618 0.014323 0.547532 0.014323 0.548446 0.014974 0.548446 0.015625 0.549360 0.016276 0.549360 0.016927 0.550274 0.017578 0.551188 0.017578 0.552102 0.017578 0.553016 0.016927 0.553931 0.017578 0.553016 0.018229 0.553931 0.018880 0.554845 0.018880 0.555759 0.018880 0.556673 0.018880 0.557587 0.018880 0.558501 0.018229 0.559415 0.017578 0.560329 0.016927 0.560329 0.016276 0.561243 0.015625 0.560329 0.016276 0.561243 0.016276 0.562157 0.015625 0.563071 0.015625 0.563985 0.015625 0.564899 0.015625 0.565814 0.014974 0.566728 0.014323 0.567642 0.013672 0.566728 0.014323 0.567642 0.013672 0.568556 0.013021 0.569470 0.012370 0.568556 0.013021 0.569470 0.013021 0.570384 0.013021 0.571298 0.013672 0.572212 0.014323 0.573126 0.014323 0.574040 0.014323 0.574954 0.013672 0.575868 0.014323 0.576782 0.014323 0.577697 0.014974 0.578611 0.014974 0.579525 0.014974 0.580439 0.015625 0.581353 0.016276 0.582267 0.015625 0.583181 0.016276 0.582267 0.016927 0.582267 0.017578 0.583181 0.018229 0.583181 0.018880 0.584095 0.019531 0.585009 0.018880 0.585923 0.019531 0.585009 0.020182 0.584095 0.020833 0.584095 0.021484 0.584095 0.022135 0.585009 0.022786 0.584095 0.023438 0.584095 0.024089 0.584095 0.024740 0.584095 0.025391 0.583181 0.026042 0.582267 0.026693 0.582267 0.027344 0.581353 0.027344 0.580439 0.027995 0.579525 0.028646 0.578611 0.028646 0.577697 0.029297 0.576782 0.029948 0.575868 0.030599 0.576782 0.029948 0.575868 0.029948 0.574954 0.029297 0.574040 0.029297 0.573126 0.029297 0.572212 0.029297 0.571298 0.029297 0.570384 0.029297 0.569470 0.029948 0.568556 0.029297 0.569470 0.028646 0.568556 0.027995 0.567642 0.027344 0.566728 0.027344 0.565814 0.026693 0.564899 0.026042 0.563985 0.025391 0.563071 0.025391 0.562157 0.025391 0.561243 0.025391 0.560329 0.025391 0.559415 0.026042 0.558501 0.026693 0.557587 0.027344 0.558501 0.026693 0.557587 0.027344 0.556673 0.027995 0.555759 0.028646 0.554845 0.029297 0.554845 0.029948 0.553931 0.030599 0.554845 0.031250 0.553931 0.031901 0.554845 0.032552 0.554845 0.033203 0.555759 0.033854 0.555759 0.034505 0.554845 0.035156 0.554845 0.035807 0.555759 0.036458 0.554845 0.037109 0.555759 0.037760 0.555759 0.038411 0.555759 0.039062 0.555759 0.039714 0.555759 0.040365 0.555759 0.041016 0.555759 0.041667 0.554845 0.042318 0.553931 0.042969 0.554845 0.042318 0.553931 0.042969 0.553016 0.042969 0.552102 0.042969 0.551188 0.042969 0.550274 0.042969 0.549360 0.042969 0.548446 0.042969 0.547532 0.042318 0.548446 0.041667 0.547532 0.041016 0.547532 0.040365 0.546618 0.039714 0.545704 0.039714 0.544790 0.039714 0.543876 0.039714 0.542962 0.040365 0.542048 0.041016 0.541133 0.041667 0.540219 0.042318 0.541133 0.041667 0.540219 0.041667 0.539305 0.041667 0.538391 0.041667 0.537477 0.042318 0.536563 0.042969 0.535649 0.043620 0.536563 0.042969 0.535649 0.042969 0.534735 0.043620 0.533821 0.043620 0.532907 0.043620 0.531993 0.043620 0.531079 0.042969 0.530165 0.042969 0.529250 0.042318 0.528336 0.042318 0.527422 0.042318 0.526508 0.042318 0.525594 0.041667 0.525594 0.041016 0.524680 0.040365 0.524680 0.039714 0.523766 0.039062 0.522852 0.039062 0.521938 0.039062 0.521024 0.039062 0.520110 0.039714 0.519196 0.039062 0.518282 0.039714 0.517367 0.039714 0.516453 0.039714 0.515539 0.040365 0.514625 0.041016 0.513711 0.041667 0.512797 0.042318 0.512797 0.042969 0.511883 0.043620 0.511883 0.044271 0.511883 0.044271 0.510969 0.044271 0.510055 0.044271 0.509141 0.044271 0.508227 0.044922 0.507313 0.045573 0.508227 0.045573 0.509141 0.045573 0.510055 0.045573 0.510969 0.046224 0.510969 0.046875 0.510969 0.047526 0.510969 0.048177 0.510969 0.048828 0.510969 0.049479 0.510969 0.050130 0.510055 0.050781 0.510969 0.051432 0.510969 0.052083 0.511883 0.052734 0.512797 0.053385 0.513711 0.054036 0.512797 0.054688 0.513711 0.055339 0.513711 0.055990 0.514625 0.056641 0.513711 0.057292 0.513711 0.057943 0.512797 0.058594 0.512797 0.059245 0.511883 0.059896 0.511883 0.060547 0.510969 0.061198 0.510969 0.061849 0.510055 0.062500 0.510055 0.063151 0.510055 0.063802 0.510969 0.064453 0.510969 0.065104 0.510055 0.065755 0.509141 0.066406 0.509141 0.067057 0.508227 0.067708 0.509141 0.067057 0.508227 0.067057 0.507313 0.067057 0.506399 0.067708 0.505484 0.068359 0.504570 0.069010 0.504570 0.069661 0.503656 0.070312 0.504570 0.069661 0.503656 0.069661 0.502742 0.069661 0.501828 0.069010 0.501828 0.068359 0.501828 0.067708 0.500914 0.067057 0.501828 0.066406 0.501828 0.065755 0.501828 0.065104 0.502742 0.064453 0.501828 0.063802 0.501828 0.063151 0.502742 0.062500 0.502742 0.061849 0.502742 0.061198 0.503656 0.060547 0.503656 0.059896 0.502742 0.059245 0.502742 0.058594 0.503656 0.057943 0.503656 0.057292 0.504570 0.056641 0.503656 0.055990 0.503656 0.055339 0.502742 0.054688 0.501828 0.054036 0.500914 0.054036 0.500000 0.054036 0.499086 0.054036 0.498172 0.054036 0.497258 0.054036 0.496344 0.054688 0.495430 0.055339 0.494516 0.055990 0.495430 0.055339 0.494516 0.055990 0.493601 0.056641 0.492687 0.056641 0.491773 0.057292 0.490859 0.057943 0.489945 0.057943 0.489031 0.057292 0.488117 0.057292 0.487203
0 0.091797 0.440585 0.091146 0.441499 0.090495 0.442413 0.089844 0.442413 0.089193 0.442413 0.088542 0.442413 0.087891 0.442413 0.087891 0.443327 0.087240 0.444241 0.087240 0.445155 0.087240 0.446069 0.086589 0.446984 0.086589 0.447898 0.086589 0.448812 0.085938 0.449726 0.085286 0.450640 0.085938 0.449726 0.086589 0.450640 0.087240 0.451554 0.087240 0.452468 0.087891 0.453382 0.087891 0.454296 0.087240 0.455210 0.087891 0.454296 0.088542 0.455210 0.089193 0.456124 0.089193 0.457038 0.089844 0.457952 0.089844 0.458867 0.089844 0.459781 0.089193 0.460695 0.088542 0.461609 0.087891 0.462523 0.087240 0.463437 0.086589 0.463437 0.085938 0.464351 0.085286 0.464351 0.085286 0.465265 0.085286 0.466179 0.085286 0.467093 0.085286 0.468007 0.084635 0.468921 0.083984 0.468007 0.083984 0.467093 0.083984 0.466179 0.083984 0.465265 0.083984 0.464351 0.083984 0.463437 0.083333 0.464351 0.082682 0.464351 0.082031 0.464351 0.081380 0.463437 0.080729 0.464351 0.080078 0.464351 0.079427 0.465265 0.078776 0.465265 0.078125 0.466179 0.077474 0.466179 0.076823 0.466179 0.076172 0.467093 0.075521 0.466179 0.074870 0.465265 0.074219 0.464351 0.073568 0.463437 0.073568 0.462523 0.074219 0.461609 0.074219 0.460695 0.074219 0.459781 0.074870 0.458867 0.074219 0.458867 0.073568 0.457952 0.072917 0.457038 0.073568 0.456124 0.072917 0.457038 0.072266 0.456124 0.071615 0.455210 0.072266 0.454296 0.072266 0.453382 0.072266 0.452468 0.072266 0.451554 0.072266 0.450640 0.072266 0.449726 0.072266 0.448812 0.072266 0.447898 0.072917 0.446984 0.072266 0.446069 0.072266 0.445155 0.072266 0.444241 0.071615 0.444241 0.070964 0.444241 0.070312 0.444241 0.069661 0.444241 0.069010 0.445155 0.069010 0.446069 0.069010 0.446984 0.069010 0.447898 0.069010 0.448812 0.069010 0.449726 0.069010 0.450640 0.069010 0.451554 0.069010 0.452468 0.069010 0.453382 0.069661 0.454296 0.070312 0.455210 0.070964 0.455210 0.071615 0.455210 0.072266 0.456124 0.072266 0.457038 0.072266 0.457952 0.072266 0.458867 0.072266 0.459781 0.071615 0.460695 0.070964 0.461609 0.070312 0.461609 0.069661 0.462523 0.069010 0.462523 0.068359 0.462523 0.067708 0.462523 0.067057 0.462523 0.066406 0.461609 0.065755 0.461609 0.065104 0.462523 0.064453 0.462523 0.063802 0.462523 0.063151 0.463437 0.062500 0.462523 0.061849 0.462523 0.061198 0.462523 0.060547 0.462523 0.059896 0.462523 0.059245 0.462523 0.058594 0.462523 0.057943 0.463437 0.057292 0.463437 0.056641 0.463437 0.055990 0.464351 0.055339 0.464351 0.054688 0.463437 0.054036 0.463437 0.053385 0.463437 0.052734 0.463437 0.052083 0.463437 0.051432 0.463437 0.050781 0.463437 0.050130 0.463437 0.049479 0.463437 0.048828 0.463437 0.048177 0.463437 0.047526 0.463437 0.046875 0.462523 0.046224 0.462523 0.045573 0.463437 0.044922 0.463437 0.044271 0.463437 0.043620 0.463437 0.042969 0.463437 0.042318 0.463437 0.041667 0.462523 0.041016 0.463437 0.040365 0.463437 0.039714 0.463437 0.039062 0.462523 0.038411 0.462523 0.037760 0.462523 0.037109 0.461609 0.036458 0.462523 0.035807 0.462523 0.035156 0.462523 0.034505 0.463437 0.033854 0.463437 0.033203 0.462523 0.032552 0.463437 0.031901 0.463437 0.031250 0.463437 0.030599 0.463437 0.029948 0.464351 0.029297 0.464351 0.028646 0.464351 0.027995 0.464351 0.027344 0.464351 0.026693 0.464351 0.026042 0.463437 0.025391 0.464351 0.024740 0.463437 0.024089 0.463437 0.023438 0.463437 0.022786 0.463437 0.022135 0.463437 0.021484 0.463437 0.020833 0.463437 0.020182 0.463437 0.019531 0.462523 0.018880 0.463437 0.018229 0.463437 0.017578 0.462523 0.016927 0.463437 0.016276 0.462523 0.015625 0.463437 0.014974 0.463437 0.014323 0.463437 0.013672 0.464351 0.013021 0.464351 0.012370 0.464351 0.011719 0.464351 0.011068 0.463437 0.010417 0.463437 0.009766 0.462523 0.009115 0.461609 0.009766 0.460695 0.009115 0.461609 0.008464 0.460695 0.007812 0.459781 0.008464 0.458867 0.007812 0.459781 0.008464 0.460695 0.007812 0.461609 0.007161 0.462523 0.006510 0.462523 0.005859 0.463437 0.005208 0.463437 0.004557 0.462523 0.003906 0.463437 0.003255 0.463437 0.002604 0.464351 0.001953 0.464351 0.001302 0.464351 0.000651 0.464351 0.000651 0.465265 0.000651 0.466179 0.000651 0.467093 0.000651 0.468007 0.000651 0.468921 0.000651 0.469835 0.000651 0.470750 0.000651 0.471664 0.000651 0.472578 0.000651 0.473492 0.000651 0.474406 0.000651 0.475320 0.000651 0.476234 0.001302 0.476234 0.001953 0.475320 0.002604 0.476234 0.003255 0.475320 0.003906 0.476234 0.004557 0.476234 0.005208 0.475320 0.005859 0.476234 0.006510 0.476234 0.007161 0.476234 0.007812 0.476234 0.008464 0.476234 0.009115 0.476234 0.009766 0.476234 0.010417 0.476234 0.011068 0.476234 0.011719 0.476234 0.012370 0.476234 0.013021 0.475320 0.013672 0.475320 0.014323 0.475320 0.014974 0.475320 0.015625 0.475320 0.016276 0.475320 0.016927 0.474406 0.017578 0.474406 0.018229 0.475320 0.018880 0.475320 0.019531 0.476234 0.020182 0.477148 0.020833 0.476234 0.021484 0.476234 0.022135 0.477148 0.022786 0.476234 0.023438 0.476234 0.024089 0.476234 0.024740 0.476234 0.025391 0.476234 0.026042 0.475320 0.026693 0.475320 0.027344 0.475320 0.027995 0.475320 0.028646 0.475320 0.029297 0.475320 0.029948 0.475320 0.030599 0.475320 0.031250 0.475320 0.031901 0.475320 0.032552 0.475320 0.033203 0.475320 0.033854 0.475320 0.034505 0.475320 0.035156 0.476234 0.035807 0.475320 0.036458 0.475320 0.037109 0.475320 0.037760 0.475320 0.038411 0.475320 0.039062 0.475320 0.039714 0.475320 0.040365 0.475320 0.041016 0.475320 0.041667 0.475320 0.042318 0.474406 0.042969 0.474406 0.043620 0.474406 0.044271 0.474406 0.044922 0.474406 0.045573 0.474406 0.046224 0.474406 0.046875 0.474406 0.047526 0.474406 0.048177 0.475320 0.048828 0.475320 0.049479 0.476234 0.050130 0.476234 0.050781 0.475320 0.051432 0.476234 0.052083 0.475320 0.052734 0.475320 0.053385 0.474406 0.054036 0.474406 0.054688 0.474406 0.055339 0.474406 0.055990 0.474406 0.056641 0.474406 0.057292 0.474406 0.057943 0.474406 0.058594 0.473492 0.059245 0.474406 0.059896 0.474406 0.060547 0.474406 0.061198 0.474406 0.061849 0.474406 0.062500 0.474406 0.063151 0.474406 0.063802 0.473492 0.064453 0.474406 0.065104 0.473492 0.065755 0.473492 0.066406 0.473492 0.067057 0.474406 0.067708 0.474406 0.068359 0.473492 0.069010 0.474406 0.069661 0.474406 0.070312 0.473492 0.070964 0.474406 0.071615 0.474406 0.072266 0.474406 0.072917 0.475320 0.073568 0.475320 0.074219 0.476234 0.074870 0.477148 0.074870 0.478062 0.074870 0.478976 0.074219 0.479890 0.074219 0.480804 0.074219 0.481718 0.073568 0.482633 0.072917 0.483547 0.072917 0.484461 0.072266 0.485375 0.071615 0.486289 0.070964 0.485375 0.071615 0.486289 0.071615 0.487203 0.070964 0.488117 0.071615 0.489031 0.071615 0.489945 0.071615 0.490859 0.070964 0.491773 0.071615 0.490859 0.072266 0.491773 0.072917 0.492687 0.072917 0.493601 0.072917 0.494516 0.072917 0.495430 0.073568 0.496344 0.074219 0.497258 0.074870 0.498172 0.074219 0.499086 0.074219 0.500000 0.074219 0.499086 0.074870 0.498172 0.075521 0.498172 0.076172 0.498172 0.076823 0.499086 0.077474 0.499086 0.078125 0.500000 0.078776 0.500914 0.078125 0.501828 0.078776 0.500914 0.079427 0.501828 0.080078 0.500914 0.080729 0.500914 0.080729 0.500000 0.080729 0.499086 0.081380 0.498172 0.082031 0.497258 0.082682 0.498172 0.082031 0.497258 0.082031 0.496344 0.082682 0.495430 0.082682 0.494516 0.083333 0.493601 0.083984 0.492687 0.084635 0.492687 0.085286 0.491773 0.085938 0.492687 0.085286 0.491773 0.085938 0.490859 0.085938 0.489945 0.086589 0.489031 0.086589 0.488117 0.086589 0.487203 0.086589 0.486289 0.087240 0.485375 0.086589 0.486289 0.085938 0.486289 0.085286 0.486289 0.084635 0.486289 0.083984 0.485375 0.084635 0.486289 0.083984 0.487203 0.083984 0.488117 0.083333 0.489031 0.082682 0.489945 0.082031 0.489031 0.082682 0.489945 0.082682 0.490859 0.082682 0.491773 0.082031 0.492687 0.081380 0.493601 0.080729 0.493601 0.080078 0.494516 0.079427 0.494516 0.078776 0.494516 0.078125 0.495430 0.077474 0.495430 0.076823 0.496344 0.076172 0.496344 0.075521 0.495430 0.074870 0.495430 0.074219 0.494516 0.073568 0.493601 0.073568 0.492687 0.073568 0.491773 0.074219 0.490859 0.074870 0.489945 0.075521 0.489031 0.076172 0.489031 0.076823 0.488117 0.077474 0.487203 0.077474 0.486289 0.078125 0.485375 0.078125 0.484461 0.078125 0.483547 0.078776 0.482633 0.079427 0.481718 0.080078 0.481718 0.080078 0.480804 0.080729 0.479890 0.080729 0.478976 0.080729 0.478062 0.080729 0.477148 0.080729 0.476234 0.081380 0.475320 0.082031 0.474406 0.082682 0.473492 0.083333 0.473492 0.083984 0.472578 0.084635 0.473492 0.084635 0.472578 0.084635 0.471664 0.084635 0.470750 0.084635 0.469835 0.084635 0.468921 0.085286 0.468007 0.085938 0.468921 0.085938 0.469835 0.085938 0.470750 0.085938 0.471664 0.085938 0.472578 0.086589 0.473492 0.087240 0.473492 0.087891 0.473492 0.088542 0.474406 0.089193 0.474406 0.089844 0.475320 0.090495 0.475320 0.091146 0.476234 0.090495 0.475320 0.091146 0.474406 0.091146 0.473492 0.091146 0.472578 0.091146 0.471664 0.091797 0.470750 0.092448 0.469835 0.092448 0.468921 0.092448 0.468007 0.092448 0.467093 0.092448 0.466179 0.092448 0.465265 0.092448 0.464351 0.092448 0.463437 0.093099 0.462523 0.093099 0.461609 0.093099 0.460695 0.093750 0.459781 0.094401 0.458867 0.095052 0.457952 0.095703 0.457038 0.096354 0.457038 0.097005 0.456124 0.097656 0.455210 0.098307 0.455210 0.098307 0.454296 0.098307 0.453382 0.098307 0.452468 0.098307 0.451554 0.098307 0.450640 0.098307 0.449726 0.098958 0.448812 0.099609 0.448812 0.098958 0.448812 0.098307 0.449726 0.097656 0.449726 0.097005 0.450640 0.096354 0.450640 0.095703 0.450640 0.095052 0.450640 0.094401 0.450640 0.093750 0.451554 0.093099 0.451554 0.092448 0.451554 0.091797 0.450640 0.091146 0.450640 0.090495 0.449726 0.089844 0.449726 0.089193 0.448812 0.088542 0.447898 0.088542 0.446984 0.088542 0.446069 0.088542 0.445155 0.088542 0.444241 0.089193 0.443327 0.089844 0.442413 0.090495 0.442413 0.091146 0.441499 0.091797 0.442413 0.091797 0.443327 0.092448 0.443327 0.093099 0.443327 0.092448 0.443327 0.091797 0.442413 0.091797 0.441499
0 0.439453 0.426874 0.439453 0.427788 0.439453 0.428702 0.439453 0.429616 0.439453 0.430530 0.439453 0.431444 0.439453 0.432358 0.439453 0.433272 0.439453 0.434186 0.439453 0.435101 0.439453 0.436015 0.439453 0.436929 0.440104 0.436929 0.440755 0.437843 0.441406 0.437843 0.442057 0.438757 0.442708 0.439671 0.442708 0.440585 0.443359 0.441499 0.443359 0.442413 0.443359 0.443327 0.443359 0.444241 0.443359 0.445155 0.443359 0.446069 0.443359 0.446984 0.443359 0.447898 0.443359 0.448812 0.443359 0.449726 0.443359 0.450640 0.442708 0.451554 0.443359 0.450640 0.444010 0.451554 0.444661 0.452468 0.444661 0.453382 0.444010 0.454296 0.444661 0.453382 0.445312 0.454296 0.445964 0.455210 0.445964 0.456124 0.445964 0.457038 0.445964 0.457952 0.445312 0.458867 0.444661 0.459781 0.444010 0.459781 0.443359 0.460695 0.442708 0.460695 0.442057 0.461609 0.441406 0.461609 0.440755 0.461609 0.440104 0.460695 0.439453 0.460695 0.438802 0.459781 0.438151 0.459781 0.437500 0.459781 0.436849 0.459781 0.436198 0.458867 0.435547 0.458867 0.434896 0.457952 0.434245 0.457952 0.433594 0.457038 0.432943 0.456124 0.433594 0.455210 0.432943 0.456124 0.432292 0.457038 0.431641 0.456124 0.430990 0.456124 0.430339 0.457038 0.429688 0.456124 0.429688 0.457038 0.429036 0.457952 0.429036 0.458867 0.429036 0.459781 0.428385 0.460695 0.429036 0.461609 0.429036 0.462523 0.428385 0.463437 0.427734 0.464351 0.427083 0.465265 0.426432 0.466179 0.425781 0.465265 0.425130 0.465265 0.424479 0.465265 0.423828 0.465265 0.423177 0.466179 0.422526 0.466179 0.421875 0.465265 0.421224 0.465265 0.420573 0.465265 0.419922 0.465265 0.419271 0.465265 0.418620 0.465265 0.417969 0.464351 0.417318 0.465265 0.416667 0.464351 0.416016 0.464351 0.415365 0.463437 0.414714 0.462523 0.414714 0.461609 0.414062 0.460695 0.414714 0.459781 0.414062 0.460695 0.413411 0.459781 0.412760 0.458867 0.413411 0.457952 0.412760 0.458867 0.412109 0.457952 0.411458 0.457952 0.411458 0.458867 0.411458 0.459781 0.411458 0.460695 0.410807 0.461609 0.410156 0.462523 0.409505 0.463437 0.408854 0.463437 0.408203 0.464351 0.407552 0.464351 0.406901 0.464351 0.406250 0.464351 0.405599 0.464351 0.404948 0.464351 0.404297 0.464351 0.403646 0.464351 0.402995 0.463437 0.402344 0.464351 0.401693 0.464351 0.401042 0.463437 0.400391 0.463437 0.399740 0.463437 0.399089 0.464351 0.398438 0.464351 0.397786 0.464351 0.397135 0.463437 0.396484 0.463437 0.395833 0.463437 0.395182 0.463437 0.394531 0.463437 0.393880 0.463437 0.393229 0.463437 0.392578 0.463437 0.391927 0.463437 0.391276 0.463437 0.390625 0.463437 0.389974 0.462523 0.389323 0.462523 0.388672 0.461609 0.388021 0.460695 0.388021 0.459781 0.387370 0.459781 0.386719 0.458867 0.386068 0.458867 0.385417 0.457952 0.384766 0.457952 0.384115 0.458867 0.384115 0.459781 0.383464 0.460695 0.382812 0.461609 0.382161 0.461609 0.381510 0.462523 0.380859 0.461609 0.380208 0.461609 0.379557 0.460695 0.378906 0.460695 0.378255 0.459781 0.377604 0.460695 0.376953 0.460695 0.376302 0.461609 0.375651 0.461609 0.375000 0.461609 0.374349 0.461609 0.373698 0.462523 0.373047 0.462523 0.372396 0.463437 0.371745 0.462523 0.371094 0.462523 0.370443 0.463437 0.369792 0.463437 0.369141 0.463437 0.368490 0.463437 0.367839 0.463437 0.367188 0.462523 0.366536 0.462523 0.365885 0.463437 0.365234 0.463437 0.364583 0.463437 0.363932 0.462523 0.363281 0.462523 0.362630 0.462523 0.361979 0.462523 0.361328 0.461609 0.360677 0.461609 0.360026 0.460695 0.359375 0.459781 0.358724 0.459781 0.358073 0.458867 0.357422 0.457952 0.356771 0.457952 0.356120 0.458867 0.355469 0.459781 0.354818 0.460695 0.354167 0.460695 0.353516 0.461609 0.352865 0.461609 0.352214 0.462523 0.351562 0.461609 0.350911 0.462523 0.350260 0.462523 0.349609 0.462523 0.348958 0.462523 0.348307 0.462523 0.347656 0.462523 0.347005 0.461609 0.346354 0.461609 0.345703 0.462523 0.345052 0.462523 0.344401 0.461609 0.343750 0.462523 0.343099 0.462523 0.342448 0.462523 0.341797 0.462523 0.341146 0.462523 0.340495 0.462523 0.339844 0.461609 0.339193 0.461609 0.338542 0.461609 0.337891 0.461609 0.337240 0.461609 0.336589 0.461609 0.335938 0.462523 0.335286 0.462523 0.334635 0.463437 0.333984 0.462523 0.333333 0.462523 0.332682 0.462523 0.332031 0.462523 0.331380 0.462523 0.330729 0.462523 0.330078 0.462523 0.329427 0.462523 0.328776 0.462523 0.328125 0.461609 0.327474 0.461609 0.326823 0.460695 0.326172 0.460695 0.325521 0.459781 0.324870 0.460695 0.324219 0.459781 0.323568 0.459781 0.322917 0.458867 0.322266 0.458867 0.321615 0.457952 0.320964 0.457038 0.320964 0.456124 0.321615 0.455210 0.320964 0.456124 0.320312 0.457038 0.319661 0.457952 0.319010 0.457038 0.319661 0.457952 0.319010 0.458867 0.318359 0.459781 0.317708 0.459781 0.317057 0.460695 0.316406 0.459781 0.317057 0.460695 0.316406 0.461609 0.315755 0.462523 0.315104 0.462523 0.314453 0.463437 0.313802 0.463437 0.313151 0.463437 0.312500 0.462523 0.311849 0.462523 0.311198 0.462523 0.310547 0.462523 0.309896 0.462523 0.309245 0.462523 0.308594 0.461609 0.307943 0.461609 0.307292 0.462523 0.306641 0.462523 0.305990 0.462523 0.305339 0.462523 0.304688 0.463437 0.304036 0.463437 0.303385 0.464351 0.302734 0.463437 0.302083 0.464351 0.301432 0.463437 0.300781 0.463437 0.300130 0.462523 0.299479 0.461609 0.298828 0.460695 0.298828 0.459781 0.298828 0.458867 0.298828 0.457952 0.299479 0.457038 0.298828 0.456124 0.298828 0.455210 0.298828 0.454296 0.299479 0.453382 0.300130 0.452468 0.300781 0.451554 0.301432 0.451554 0.302083 0.450640 0.302734 0.451554 0.302083 0.450640 0.302734 0.449726 0.303385 0.448812 0.303385 0.447898 0.304036 0.446984 0.303385 0.447898 0.302734 0.446984 0.302083 0.446984 0.301432 0.446069 0.300781 0.446069 0.300130 0.446069 0.299479 0.446069 0.299479 0.446984 0.299479 0.447898 0.299479 0.448812 0.298828 0.449726 0.298828 0.450640 0.298828 0.451554 0.298828 0.452468 0.298177 0.453382 0.297526 0.454296 0.296875 0.454296 0.296224 0.455210 0.295573 0.454296 0.294922 0.454296 0.294271 0.453382 0.293620 0.453382 0.292969 0.453382 0.292318 0.453382 0.291667 0.452468 0.291016 0.452468 0.290365 0.451554 0.289714 0.450640 0.289714 0.449726 0.289714 0.448812 0.289714 0.447898 0.289714 0.446984 0.290365 0.446069 0.289714 0.446984 0.289062 0.446984 0.288411 0.446069 0.288411 0.445155 0.287760 0.445155 0.288411 0.446069 0.289062 0.446984 0.289062 0.447898 0.288411 0.448812 0.287760 0.449726 0.287760 0.450640 0.287109 0.451554 0.287760 0.452468 0.287760 0.453382 0.288411 0.454296 0.288411 0.455210 0.289062 0.456124 0.289714 0.457038 0.289714 0.457952 0.289714 0.458867 0.289714 0.459781 0.289714 0.460695 0.289714 0.461609 0.289714 0.462523 0.289062 0.463437 0.288411 0.464351 0.288411 0.465265 0.287760 0.466179 0.287109 0.465265 0.287109 0.464351 0.287109 0.465265 0.286458 0.466179 0.285807 0.466179 0.285156 0.467093 0.284505 0.467093 0.283854 0.466179 0.283203 0.466179 0.282552 0.465265 0.281901 0.464351 0.282552 0.463437 0.281901 0.464351 0.281250 0.463437 0.280599 0.462523 0.280599 0.461609 0.281250 0.460695 0.280599 0.461609 0.279948 0.461609 0.279297 0.460695 0.278646 0.460695 0.277995 0.461609 0.277344 0.461609 0.276693 0.460695 0.277344 0.461609 0.276693 0.462523 0.276042 0.463437 0.275391 0.463437 0.274740 0.464351 0.274089 0.463437 0.274740 0.464351 0.274740 0.465265 0.274740 0.466179 0.274740 0.467093 0.274740 0.468007 0.274740 0.468921 0.274089 0.469835 0.274740 0.468921 0.275391 0.469835 0.276042 0.470750 0.275391 0.471664 0.276042 0.470750 0.276693 0.469835 0.277344 0.470750 0.277995 0.471664 0.278646 0.471664 0.279297 0.472578 0.279297 0.473492 0.279948 0.474406 0.279297 0.475320 0.278646 0.476234 0.277995 0.476234 0.277344 0.477148 0.276693 0.477148 0.276693 0.478062 0.276042 0.478976 0.275391 0.479890 0.274740 0.480804 0.274089 0.481718 0.273438 0.481718 0.273438 0.482633 0.273438 0.483547 0.273438 0.484461 0.273438 0.485375 0.272786 0.486289 0.273438 0.487203 0.272786 0.488117 0.272786 0.489031 0.272786 0.489945 0.272135 0.490859 0.272786 0.491773 0.272786 0.492687 0.273438 0.493601 0.273438 0.494516 0.273438 0.495430 0.274089 0.496344 0.274089 0.497258 0.274089 0.498172 0.274089 0.499086 0.274089 0.500000 0.273438 0.500914 0.272786 0.501828 0.272135 0.501828 0.272135 0.502742 0.272786 0.502742 0.273438 0.501828 0.274089 0.501828 0.274740 0.500914 0.275391 0.501828 0.276042 0.501828 0.276693 0.502742 0.277344 0.503656 0.277995 0.502742 0.278646 0.503656 0.279297 0.503656 0.279948 0.503656 0.280599 0.502742 0.281250 0.501828 0.281901 0.502742 0.281250 0.501828 0.281901 0.500914 0.282552 0.500000 0.283203 0.500000 0.283854 0.499086 0.284505 0.499086 0.285156 0.499086 0.285807 0.499086 0.286458 0.498172 0.287109 0.497258 0.287760 0.498172 0.287109 0.497258 0.287109 0.496344 0.287760 0.495430 0.287109 0.494516 0.287109 0.493601 0.287760 0.492687 0.287109 0.491773 0.287109 0.490859 0.287109 0.489945 0.287109 0.489031 0.287760 0.488117 0.287109 0.487203 0.287109 0.486289 0.287109 0.485375 0.287109 0.484461 0.286458 0.483547 0.285807 0.482633 0.285807 0.481718 0.285807 0.480804 0.285807 0.479890 0.286458 0.478976 0.286458 0.478062 0.286458 0.477148 0.287109 0.476234 0.287760 0.475320 0.288411 0.475320 0.289062 0.474406 0.289714 0.475320 0.289062 0.474406 0.289714 0.473492 0.289714 0.472578 0.289714 0.471664 0.289714 0.470750 0.289714 0.469835 0.289714 0.468921 0.290365 0.468007 0.291016 0.468921 0.291016 0.469835 0.291016 0.470750 0.291016 0.471664 0.291016 0.472578 0.291667 0.471664 0.292318 0.472578 0.292969 0.472578 0.293620 0.473492 0.294271 0.474406 0.294271 0.475320 0.294271 0.476234 0.294922 0.475320 0.295573 0.475320 0.296224 0.474406 0.296875 0.474406 0.297526 0.473492 0.298177 0.473492 0.298828 0.472578 0.299479 0.472578 0.300130 0.471664 0.300781 0.471664 0.300781 0.470750 0.300781 0.469835 0.300781 0.468921 0.301432 0.468007 0.302083 0.468921 0.302083 0.469835 0.302083 0.470750 0.302083 0.471664 0.302083 0.472578 0.302734 0.472578 0.303385 0.473492 0.304036 0.473492 0.304688 0.474406 0.305339 0.474406 0.305990 0.475320 0.306641 0.476234 0.306641 0.477148 0.306641 0.478062 0.306641 0.478976 0.306641 0.479890 0.305990 0.480804 0.305339 0.481718 0.304688 0.481718 0.304036 0.482633 0.303385 0.482633 0.302734 0.483547 0.302083 0.484461 0.302083 0.485375 0.301432 0.486289 0.302083 0.487203 0.302083 0.488117 0.301432 0.489031 0.301432 0.489945 0.300781 0.490859 0.300781 0.491773 0.301432 0.492687 0.301432 0.493601 0.300781 0.494516 0.301432 0.493601 0.302083 0.494516 0.302734 0.495430 0.302083 0.496344 0.302734 0.495430 0.303385 0.495430 0.304036 0.496344 0.304688 0.496344 0.305339 0.497258 0.305990 0.498172 0.305990 0.499086 0.305339 0.500000 0.305990 0.500914 0.305339 0.501828 0.304688 0.502742 0.304036 0.502742 0.304036 0.503656 0.304036 0.504570 0.304036 0.505484 0.303385 0.506399 0.302734 0.507313 0.302083 0.507313 0.301432 0.508227 0.300781 0.508227 0.300130 0.507313 0.300130 0.508227 0.299479 0.509141 0.298828 0.510055 0.298177 0.510055 0.297526 0.510969 0.296875 0.510055 0.297526 0.510969 0.297526 0.511883 0.296875 0.512797 0.297526 0.512797 0.298177 0.512797 0.298828 0.512797 0.299479 0.512797 0.300130 0.512797 0.300781 0.513711 0.301432 0.512797 0.302083 0.512797 0.302734 0.513711 0.302083 0.512797 0.302083 0.511883 0.302734 0.510969 0.302734 0.510055 0.303385 0.509141 0.304036 0.508227 0.304688 0.508227 0.305339 0.507313 0.305990 0.507313 0.306641 0.507313 0.307292 0.508227 0.307943 0.508227 0.308594 0.509141 0.309245 0.510055 0.309245 0.510969 0.309245 0.511883 0.308594 0.512797 0.309245 0.511883 0.309896 0.512797 0.310547 0.512797 0.311198 0.513711 0.311849 0.513711 0.312500 0.514625 0.313151 0.515539 0.313802 0.515539 0.313151 0.515539 0.312500 0.514625 0.312500 0.513711 0.312500 0.512797 0.313151 0.511883 0.313802 0.510969 0.314453 0.510969 0.315104 0.510055 0.315755 0.510055 0.316406 0.509141 0.317057 0.509141 0.317708 0.510055 0.318359 0.510055 0.319010 0.510969 0.319661 0.511883 0.319661 0.512797 0.319010 0.513711 0.319010 0.514625 0.319010 0.513711 0.319661 0.512797 0.320312 0.513711 0.320964 0.513711 0.321615 0.514625 0.322266 0.514625 0.322917 0.515539 0.322266 0.516453 0.322266 0.517367 0.321615 0.518282 0.320964 0.519196 0.320312 0.518282 0.320964 0.519196 0.320964 0.520110 0.320964 0.521024 0.320312 0.521938 0.319661 0.522852 0.319010 0.521938 0.319661 0.522852 0.319661 0.523766 0.319010 0.524680 0.318359 0.525594 0.317708 0.525594 0.317057 0.526508 0.316406 0.526508 0.315755 0.526508 0.315104 0.527422 0.315104 0.528336 0.315104 0.529250 0.315104 0.530165 0.315104 0.531079 0.314453 0.531993 0.315104 0.532907 0.315104 0.533821 0.314453 0.534735 0.315104 0.533821 0.315755 0.534735 0.316406 0.535649 0.316406 0.536563 0.316406 0.537477 0.317057 0.538391 0.317057 0.539305 0.317708 0.539305 0.318359 0.540219 0.319010 0.541133 0.319010 0.542048 0.319010 0.542962 0.318359 0.543876 0.317708 0.544790 0.317057 0.544790 0.316406 0.545704 0.315755 0.545704 0.315104 0.545704 0.314453 0.545704 0.313802 0.544790 0.314453 0.545704 0.313802 0.546618 0.313802 0.547532 0.313802 0.548446 0.314453 0.549360 0.314453 0.550274 0.314453 0.551188 0.314453 0.552102 0.314453 0.553016 0.314453 0.553931 0.314453 0.554845 0.315104 0.555759 0.315755 0.555759 0.316406 0.555759 0.317057 0.555759 0.316406 0.554845 0.316406 0.553931 0.316406 0.553016 0.317057 0.552102 0.317708 0.551188 0.318359 0.551188 0.319010 0.550274 0.319661 0.550274 0.320312 0.550274 0.320964 0.550274 0.321615 0.550274 0.322266 0.550274 0.322917 0.551188 0.323568 0.551188 0.324219 0.552102 0.324870 0.551188 0.325521 0.552102 0.324870 0.551188 0.325521 0.550274 0.326172 0.549360 0.326823 0.549360 0.327474 0.548446 0.328125 0.548446 0.328776 0.548446 0.329427 0.547532 0.330078 0.547532 0.330729 0.547532 0.331380 0.548446 0.332031 0.548446 0.332682 0.549360 0.333333 0.549360 0.333984 0.550274 0.333984 0.549360 0.333984 0.548446 0.334635 0.547532 0.335286 0.546618 0.335938 0.546618 0.336589 0.545704 0.337240 0.545704 0.337891 0.545704 0.338542 0.545704 0.339193 0.546618 0.339844 0.546618 0.340495 0.547532 0.341146 0.547532 0.341797 0.548446 0.342448 0.549360 0.342448 0.550274 0.342448 0.551188 0.341797 0.552102 0.341146 0.553016 0.340495 0.553016 0.339844 0.553931 0.339193 0.553931 0.338542 0.554845 0.337891 0.554845 0.337240 0.555759 0.336589 0.554845 0.335938 0.554845 0.335286 0.553931 0.334635 0.553016 0.334635 0.552102 0.334635 0.553016 0.334635 0.553931 0.333984 0.554845 0.333984 0.555759 0.333333 0.556673 0.332682 0.557587 0.333333 0.558501 0.333984 0.559415 0.333984 0.560329 0.333984 0.561243 0.333984 0.562157 0.334635 0.562157 0.335286 0.563071 0.334635 0.563985 0.333984 0.563985 0.333333 0.563985 0.332682 0.564899 0.332031 0.565814 0.331380 0.565814 0.330729 0.566728 0.330078 0.567642 0.329427 0.568556 0.328776 0.568556 0.328776 0.569470 0.329427 0.570384 0.330078 0.571298 0.330078 0.572212 0.330078 0.573126 0.330078 0.574040 0.329427 0.574954 0.329427 0.575868 0.330078 0.576782 0.330729 0.577697 0.330078 0.578611 0.330729 0.577697 0.331380 0.578611 0.332031 0.579525 0.332031 0.580439 0.332031 0.581353 0.332682 0.582267 0.332682 0.583181 0.332031 0.584095 0.332682 0.583181 0.333333 0.584095 0.333984 0.584095 0.334635 0.583181 0.335286 0.584095 0.335938 0.584095 0.336589 0.583181 0.337240 0.583181 0.337891 0.583181 0.338542 0.583181 0.339193 0.584095 0.339844 0.583181 0.340495 0.583181 0.341146 0.582267 0.341797 0.583181 0.342448 0.582267 0.343099 0.582267 0.343750 0.583181 0.343099 0.582267 0.343750 0.581353 0.344401 0.580439 0.343750 0.579525 0.343750 0.578611 0.343750 0.577697 0.344401 0.576782 0.345052 0.575868 0.345703 0.575868 0.346354 0.574954 0.347005 0.575868 0.347656 0.576782 0.347656 0.575868 0.347005 0.575868 0.346354 0.574954 0.346354 0.574040 0.346354 0.573126 0.346354 0.572212 0.346354 0.571298 0.346354 0.570384 0.346354 0.569470 0.345703 0.568556 0.345052 0.567642 0.345703 0.566728 0.345052 0.565814 0.345052 0.564899 0.345052 0.563985 0.345703 0.563071 0.345052 0.563985 0.344401 0.563071 0.343750 0.563071 0.343099 0.562157 0.342448 0.562157 0.341797 0.561243 0.341146 0.560329 0.341146 0.559415 0.341146 0.558501 0.341146 0.557587 0.341146 0.556673 0.341146 0.555759 0.341797 0.554845 0.341797 0.553931 0.342448 0.553016 0.343099 0.553931 0.343750 0.553016 0.343750 0.552102 0.343750 0.551188 0.344401 0.550274 0.345052 0.549360 0.345703 0.549360 0.346354 0.548446 0.347005 0.548446 0.347656 0.549360 0.348307 0.549360 0.348958 0.550274 0.349609 0.550274 0.350260 0.551188 0.350911 0.551188 0.351562 0.552102 0.352214 0.552102 0.352865 0.552102 0.353516 0.553016 0.354167 0.553016 0.354818 0.552102 0.355469 0.552102 0.356120 0.551188 0.356771 0.552102 0.357422 0.552102 0.358073 0.552102 0.358724 0.552102 0.359375 0.553016 0.360026 0.553016 0.360677 0.552102 0.361328 0.551188 0.361979 0.551188 0.362630 0.550274 0.363281 0.550274 0.363932 0.549360 0.364583 0.549360 0.365234 0.548446 0.365885 0.548446 0.365885 0.547532 0.365885 0.546618 0.365885 0.545704 0.365885 0.544790 0.365885 0.543876 0.365234 0.543876 0.364583 0.543876 0.363932 0.543876 0.363281 0.543876 0.362630 0.544790 0.361979 0.544790 0.361328 0.545704 0.360677 0.545704 0.360026 0.546618 0.359375 0.546618 0.358724 0.545704 0.358073 0.545704 0.357422 0.546618 0.356771 0.545704 0.356120 0.544790 0.355469 0.543876 0.354818 0.542962 0.354818 0.542048 0.355469 0.541133 0.356120 0.540219 0.356771 0.541133 0.356120 0.540219 0.356120 0.539305 0.356771 0.538391 0.357422 0.538391 0.358073 0.537477 0.358724 0.538391 0.358073 0.537477 0.358073 0.536563 0.358724 0.535649 0.359375 0.534735 0.360026 0.533821 0.360677 0.534735 0.360026 0.533821 0.360026 0.532907 0.360677 0.531993 0.361328 0.531079 0.360677 0.530165 0.360677 0.529250 0.360677 0.528336 0.360026 0.527422 0.360026 0.526508 0.360677 0.525594 0.360026 0.526508 0.359375 0.525594 0.358724 0.525594 0.358073 0.525594 0.357422 0.525594 0.356771 0.524680 0.356120 0.525594 0.355469 0.525594 0.354818 0.526508 0.354167 0.525594 0.353516 0.525594 0.352865 0.524680 0.352214 0.523766 0.352214 0.522852 0.352214 0.521938 0.352865 0.521024 0.352214 0.520110 0.352214 0.519196 0.352214 0.518282 0.352865 0.517367 0.353516 0.516453 0.354167 0.516453 0.354818 0.515539 0.355469 0.516453 0.356120 0.516453 0.356771 0.515539 0.357422 0.516453 0.358073 0.515539 0.358724 0.514625 0.359375 0.514625 0.360026 0.513711 0.360026 0.512797 0.360677 0.511883 0.361328 0.510969 0.361979 0.510969 0.362630 0.510055 0.363281 0.510969 0.363932 0.511883 0.364583 0.512797 0.365234 0.513711 0.365234 0.514625 0.364583 0.515539 0.365234 0.516453 0.365885 0.517367 0.366536 0.516453 0.367188 0.516453 0.367839 0.516453 0.368490 0.516453 0.369141 0.515539 0.369792 0.515539 0.370443 0.514625 0.371094 0.513711 0.371745 0.514625 0.371094 0.513711 0.371745 0.512797 0.372396 0.511883 0.373047 0.512797 0.372396 0.511883 0.373047 0.510969 0.373698 0.510055 0.374349 0.509141 0.375000 0.508227 0.375651 0.508227 0.376302 0.507313 0.376953 0.508227 0.377604 0.508227 0.378255 0.508227 0.378255 0.507313 0.378906 0.506399 0.379557 0.507313 0.379557 0.508227 0.380208 0.508227 0.380859 0.508227 0.381510 0.509141 0.382161 0.509141 0.382812 0.510055 0.383464 0.510969 0.383464 0.511883 0.383464 0.512797 0.383464 0.513711 0.383464 0.514625 0.383464 0.515539 0.383464 0.516453 0.382812 0.517367 0.382161 0.518282 0.381510 0.518282 0.382161 0.518282 0.382812 0.518282 0.383464 0.518282 0.384115 0.518282 0.384115 0.517367 0.384766 0.516453 0.385417 0.515539 0.386068 0.514625 0.386719 0.513711 0.387370 0.513711 0.388021 0.512797 0.388672 0.512797 0.388672 0.511883 0.389323 0.510969 0.389974 0.510055 0.390625 0.510055 0.391276 0.509141 0.391927 0.509141 0.392578 0.508227 0.393229 0.508227 0.393880 0.508227 0.394531 0.508227 0.395182 0.508227 0.395833 0.509141 0.396484 0.508227 0.397135 0.508227 0.397786 0.507313 0.398438 0.507313 0.399089 0.508227 0.399740 0.508227 0.400391 0.507313 0.401042 0.507313 0.401693 0.508227 0.402344 0.508227 0.402995 0.508227 0.403646 0.509141 0.404297 0.509141 0.404948 0.509141 0.405599 0.508227 0.406250 0.509141 0.405599 0.508227 0.406250 0.507313 0.406901 0.506399 0.407552 0.506399 0.408203 0.505484 0.408854 0.506399 0.408854 0.507313 0.408854 0.506399 0.408203 0.505484 0.408203 0.504570 0.408203 0.503656 0.408854 0.502742 0.409505 0.501828 0.410156 0.500914 0.410807 0.500914 0.411458 0.500000 0.412109 0.500914 0.411458 0.500000 0.412109 0.499086 0.412109 0.498172 0.412109 0.497258 0.412760 0.496344 0.412109 0.495430 0.412109 0.494516 0.412760 0.493601 0.412109 0.494516 0.411458 0.494516 0.410807 0.493601 0.410156 0.494516 0.409505 0.494516 0.408854 0.494516 0.408203 0.494516 0.407552 0.493601 0.408203 0.494516 0.407552 0.495430 0.406901 0.496344 0.406250 0.497258 0.406250 0.498172 0.406250 0.499086 0.406250 0.500000 0.406250 0.500914 0.405599 0.501828 0.404948 0.502742 0.404297 0.503656 0.403646 0.504570 0.402995 0.504570 0.402344 0.505484 0.401693 0.504570 0.401042 0.504570 0.400391 0.503656 0.399740 0.502742 0.399089 0.501828 0.399089 0.500914 0.399089 0.500000 0.399089 0.499086 0.399089 0.498172 0.399089 0.497258 0.399740 0.496344 0.399740 0.495430 0.400391 0.494516 0.401042 0.493601 0.401693 0.494516 0.401042 0.493601 0.401042 0.492687 0.401042 0.491773 0.401042 0.490859 0.401693 0.489945 0.401693 0.489031 0.401693 0.488117 0.402344 0.487203 0.401693 0.487203 0.401042 0.486289 0.400391 0.486289 0.399740 0.485375 0.399089 0.485375 0.398438 0.484461 0.398438 0.483547 0.397786 0.484461 0.398438 0.484461 0.399089 0.485375 0.399740 0.486289 0.399740 0.487203 0.399740 0.488117 0.399740 0.489031 0.399740 0.489945 0.399740 0.490859 0.399089 0.491773 0.399089 0.492687 0.399089 0.493601 0.399089 0.494516 0.398438 0.495430 0.397786 0.496344 0.397135 0.496344 0.396484 0.497258 0.395833 0.497258 0.395182 0.497258 0.394531 0.496344 0.393880 0.496344 0.393229 0.495430 0.392578 0.495430 0.391927 0.494516 0.391276 0.493601 0.391276 0.492687 0.391276 0.491773 0.390625 0.490859 0.389974 0.489945 0.389974 0.489031 0.389974 0.488117 0.389974 0.487203 0.389974 0.486289 0.389974 0.485375 0.389974 0.484461 0.390625 0.483547 0.390625 0.482633 0.390625 0.481718 0.391276 0.480804 0.391927 0.479890 0.392578 0.479890 0.393229 0.478976 0.393880 0.478976 0.394531 0.478062 0.395182 0.478976 0.395833 0.478062 0.396484 0.477148 0.397135 0.478062 0.396484 0.477148 0.397135 0.476234 0.397786 0.475320 0.398438 0.475320 0.399089 0.474406 0.399740 0.474406 0.400391 0.474406 0.401042 0.473492 0.401693 0.473492 0.402344 0.473492 0.402995 0.473492 0.403646 0.473492 0.404297 0.473492 0.404948 0.473492 0.405599 0.473492 0.406250 0.473492 0.406901 0.473492 0.407552 0.473492 0.408203 0.473492 0.408854 0.473492 0.409505 0.473492 0.410156 0.473492 0.410807 0.474406 0.411458 0.474406 0.412109 0.474406 0.412760 0.473492 0.413411 0.473492 0.414062 0.473492 0.414714 0.473492 0.415365 0.473492 0.416016 0.472578 0.416667 0.473492 0.417318 0.474406 0.417969 0.473492 0.418620 0.473492 0.419271 0.474406 0.419922 0.474406 0.420573 0.475320 0.421224 0.476234 0.421224 0.477148 0.421875 0.478062 0.421875 0.478976 0.421224 0.479890 0.420573 0.480804 0.421224 0.479890 0.421875 0.478976 0.422526 0.478976 0.423177 0.479890 0.423828 0.479890 0.424479 0.480804 0.424479 0.479890 0.424479 0.478976 0.425130 0.478062 0.425781 0.477148 0.426432 0.478062 0.425781 0.477148 0.425781 0.476234 0.426432 0.475320 0.427083 0.474406 0.427734 0.473492 0.428385 0.472578 0.429036 0.472578 0.429036 0.471664 0.429036 0.470750 0.429036 0.469835 0.429688 0.468921 0.430339 0.469835 0.430339 0.470750 0.430339 0.471664 0.430990 0.470750 0.431641 0.471664 0.432292 0.470750 0.432943 0.470750 0.433594 0.471664 0.434245 0.471664 0.434896 0.471664 0.435547 0.471664 0.436198 0.471664 0.436849 0.471664 0.437500 0.471664 0.438151 0.471664 0.438802 0.470750 0.439453 0.470750 0.440104 0.469835 0.440755 0.469835 0.441406 0.469835 0.442057 0.468921 0.442708 0.468007 0.443359 0.468007 0.444010 0.467093 0.444661 0.466179 0.445312 0.465265 0.445964 0.466179 0.445312 0.465265 0.445964 0.464351 0.445964 0.463437 0.446615 0.462523 0.445964 0.461609 0.445964 0.460695 0.445964 0.459781 0.446615 0.458867 0.446615 0.457952 0.447266 0.457038 0.447917 0.456124 0.448568 0.457038 0.447917 0.456124 0.447266 0.455210 0.447266 0.454296 0.447266 0.453382 0.446615 0.453382 0.445964 0.453382 0.445312 0.452468 0.445964 0.451554 0.446615 0.451554 0.446615 0.450640 0.446615 0.449726 0.445964 0.448812 0.445964 0.447898 0.445964 0.446984 0.445964 0.446069 0.445964 0.445155 0.446615 0.444241 0.447266 0.443327 0.447266 0.442413 0.446615 0.441499 0.446615 0.440585 0.446615 0.439671 0.446615 0.438757 0.446615 0.437843 0.446615 0.436929 0.446615 0.436015 0.446615 0.435101 0.447266 0.434186 0.447917 0.433272 0.447917 0.432358 0.447266 0.432358 0.446615 0.431444 0.445964 0.431444 0.445312 0.430530 0.444661 0.430530 0.444010 0.429616 0.443359 0.428702 0.444010 0.427788 0.443359 0.428702 0.442708 0.427788 0.442057 0.427788 0.441406 0.426874 0.440755 0.426874 0.440104 0.426874
0 0.116536 0.423218 0.115885 0.424132 0.115234 0.424132 0.115234 0.425046 0.114583 0.425960 0.113932 0.426874 0.113281 0.427788 0.112630 0.427788 0.111979 0.428702 0.111328 0.428702 0.110677 0.427788 0.110026 0.427788 0.109375 0.426874 0.108724 0.425960 0.109375 0.425046 0.108724 0.425960 0.108073 0.425960 0.107422 0.425960 0.106771 0.425960 0.106120 0.426874 0.105469 0.427788 0.105469 0.428702 0.104818 0.429616 0.104818 0.430530 0.104818 0.431444 0.104167 0.432358 0.103516 0.433272 0.102865 0.433272 0.102865 0.434186 0.102214 0.435101 0.101562 0.436015 0.100911 0.435101 0.101562 0.436015 0.101562 0.436929 0.101562 0.437843 0.100911 0.438757 0.100911 0.439671 0.100260 0.440585 0.100260 0.441499 0.100911 0.442413 0.101562 0.442413 0.102214 0.443327 0.102865 0.444241 0.103516 0.445155 0.102865 0.446069 0.103516 0.445155 0.104167 0.445155 0.104818 0.444241 0.105469 0.445155 0.106120 0.445155 0.106771 0.446069 0.107422 0.446984 0.108073 0.447898 0.108724 0.448812 0.109375 0.449726 0.110026 0.450640 0.110026 0.451554 0.110677 0.452468 0.110677 0.453382 0.111328 0.453382 0.111979 0.453382 0.112630 0.453382 0.113281 0.453382 0.113932 0.453382 0.114583 0.454296 0.113932 0.455210 0.113281 0.455210 0.112630 0.455210 0.111979 0.455210 0.111328 0.455210 0.110677 0.455210 0.110026 0.455210 0.109375 0.456124 0.108724 0.457038 0.108073 0.456124 0.108724 0.457038 0.108073 0.457952 0.107422 0.458867 0.107422 0.459781 0.106771 0.460695 0.106771 0.461609 0.106120 0.462523 0.105469 0.463437 0.104818 0.463437 0.104167 0.464351 0.103516 0.464351 0.102865 0.463437 0.102214 0.464351 0.101562 0.464351 0.100911 0.464351 0.100260 0.463437 0.100911 0.464351 0.100260 0.465265 0.099609 0.466179 0.098958 0.465265 0.099609 0.466179 0.099609 0.467093 0.098958 0.468007 0.098958 0.468921 0.098307 0.469835 0.097656 0.470750 0.098307 0.471664 0.098958 0.472578 0.099609 0.473492 0.098958 0.474406 0.099609 0.473492 0.100260 0.474406 0.100911 0.474406 0.101562 0.474406 0.102214 0.473492 0.102865 0.472578 0.102865 0.471664 0.103516 0.470750 0.104167 0.469835 0.104818 0.468921 0.105469 0.468921 0.106120 0.468007 0.106771 0.468921 0.107422 0.468921 0.108073 0.469835 0.108073 0.470750 0.108073 0.471664 0.108073 0.472578 0.108073 0.473492 0.107422 0.474406 0.106771 0.474406 0.107422 0.475320 0.106771 0.476234 0.106120 0.477148 0.105469 0.478062 0.104818 0.477148 0.105469 0.478062 0.105469 0.478976 0.104818 0.479890 0.104167 0.480804 0.103516 0.479890 0.103516 0.480804 0.104167 0.481718 0.103516 0.482633 0.102865 0.483547 0.102214 0.483547 0.101562 0.484461 0.100911 0.483547 0.101562 0.484461 0.100911 0.485375 0.100911 0.486289 0.100911 0.487203 0.100260 0.488117 0.100260 0.489031 0.100911 0.489945 0.100911 0.490859 0.100911 0.491773 0.100911 0.492687 0.101562 0.493601 0.101562 0.494516 0.100911 0.495430 0.101562 0.494516 0.102214 0.495430 0.102865 0.496344 0.102865 0.497258 0.102865 0.498172 0.102865 0.499086 0.102865 0.500000 0.102865 0.500914 0.102214 0.501828 0.102214 0.502742 0.101562 0.503656 0.100911 0.504570 0.100260 0.504570 0.099609 0.505484 0.098958 0.506399 0.098307 0.506399 0.097656 0.507313 0.097005 0.506399 0.097656 0.507313 0.098307 0.508227 0.098307 0.509141 0.098958 0.510055 0.099609 0.510969 0.099609 0.511883 0.098958 0.512797 0.098958 0.513711 0.098958 0.512797 0.099609 0.511883 0.100260 0.511883 0.100911 0.512797 0.101562 0.512797 0.102214 0.511883 0.102865 0.511883 0.103516 0.512797 0.104167 0.512797 0.104818 0.513711 0.105469 0.514625 0.105469 0.515539 0.104818 0.516453 0.105469 0.515539 0.106120 0.515539 0.106771 0.515539 0.107422 0.515539 0.108073 0.516453 0.108724 0.515539 0.109375 0.515539 0.110026 0.515539 0.110677 0.516453 0.111328 0.516453 0.110677 0.516453 0.110026 0.515539 0.110026 0.514625 0.110026 0.513711 0.110677 0.512797 0.111328 0.511883 0.111979 0.512797 0.111328 0.511883 0.110677 0.510969 0.110677 0.510055 0.111328 0.509141 0.110677 0.510055 0.110026 0.510055 0.109375 0.509141 0.108724 0.510055 0.108073 0.510055 0.107422 0.509141 0.106771 0.509141 0.106120 0.508227 0.105469 0.507313 0.105469 0.506399 0.105469 0.505484 0.106120 0.504570 0.106771 0.503656 0.107422 0.503656 0.108073 0.502742 0.108724 0.502742 0.108724 0.501828 0.108724 0.500914 0.108724 0.500000 0.109375 0.499086 0.110026 0.498172 0.110677 0.497258 0.111328 0.496344 0.111979 0.496344 0.112630 0.495430 0.113281 0.494516 0.113932 0.494516 0.114583 0.493601 0.115234 0.493601 0.115885 0.493601 0.116536 0.494516 0.117188 0.493601 0.117839 0.494516 0.117839 0.495430 0.118490 0.496344 0.119141 0.496344 0.119792 0.497258 0.120443 0.498172 0.120443 0.499086 0.120443 0.500000 0.120443 0.500914 0.120443 0.501828 0.120443 0.502742 0.120443 0.503656 0.119792 0.504570 0.119792 0.505484 0.119792 0.506399 0.119792 0.507313 0.119792 0.508227 0.119792 0.509141 0.119792 0.510055 0.119792 0.510969 0.119792 0.511883 0.119792 0.512797 0.119792 0.513711 0.119792 0.514625 0.119792 0.515539 0.119792 0.516453 0.119792 0.517367 0.119792 0.518282 0.119141 0.519196 0.119141 0.520110 0.118490 0.521024 0.117839 0.521938 0.117188 0.521938 0.116536 0.522852 0.115885 0.522852 0.115234 0.521938 0.115885 0.522852 0.115885 0.523766 0.115885 0.524680 0.115885 0.525594 0.115885 0.526508 0.115234 0.527422 0.114583 0.528336 0.113932 0.527422 0.114583 0.528336 0.114583 0.529250 0.114583 0.530165 0.114583 0.531079 0.114583 0.531993 0.113932 0.532907 0.113932 0.533821 0.113932 0.534735 0.114583 0.535649 0.113932 0.536563 0.114583 0.535649 0.115234 0.536563 0.115885 0.536563 0.116536 0.537477 0.117188 0.538391 0.117839 0.539305 0.118490 0.540219 0.118490 0.541133 0.118490 0.542048 0.117839 0.542962 0.117839 0.543876 0.118490 0.543876 0.119141 0.544790 0.119792 0.545704 0.120443 0.545704 0.121094 0.546618 0.120443 0.545704 0.121094 0.544790 0.121745 0.543876 0.122396 0.542962 0.123047 0.542048 0.123698 0.542048 0.124349 0.541133 0.125000 0.541133 0.125651 0.541133 0.126302 0.540219 0.126953 0.540219 0.127604 0.539305 0.127604 0.538391 0.127604 0.537477 0.127604 0.536563 0.128255 0.535649 0.128906 0.534735 0.129557 0.533821 0.130208 0.534735 0.129557 0.533821 0.130208 0.532907 0.129557 0.531993 0.128906 0.531079 0.129557 0.530165 0.128906 0.529250 0.128906 0.528336 0.128906 0.527422 0.129557 0.526508 0.129557 0.525594 0.130208 0.524680 0.130859 0.523766 0.131510 0.523766 0.131510 0.522852 0.132161 0.521938 0.132161 0.521024 0.132812 0.520110 0.132812 0.519196 0.132812 0.518282 0.132812 0.517367 0.133464 0.516453 0.133464 0.515539 0.133464 0.514625 0.133464 0.513711 0.133464 0.512797 0.132812 0.511883 0.132812 0.510969 0.132161 0.510055 0.131510 0.510055 0.130859 0.509141 0.130208 0.508227 0.130208 0.507313 0.130208 0.506399 0.130208 0.505484 0.130208 0.504570 0.130859 0.503656 0.130208 0.504570 0.129557 0.503656 0.128906 0.502742 0.128906 0.501828 0.128255 0.501828 0.127604 0.500914 0.126953 0.500914 0.126302 0.500000 0.125651 0.499086 0.125000 0.498172 0.124349 0.497258 0.124349 0.496344 0.123698 0.496344 0.123047 0.495430 0.122396 0.495430 0.121745 0.494516 0.121094 0.493601 0.120443 0.492687 0.120443 0.491773 0.119792 0.490859 0.119792 0.489945 0.119792 0.489031 0.119792 0.488117 0.120443 0.487203 0.119792 0.486289 0.120443 0.485375 0.120443 0.484461 0.121094 0.483547 0.121745 0.482633 0.122396 0.482633 0.123047 0.481718 0.123698 0.481718 0.124349 0.482633 0.124349 0.481718 0.124349 0.480804 0.124349 0.479890 0.124349 0.478976 0.124349 0.478062 0.124349 0.477148 0.124349 0.476234 0.124349 0.475320 0.125000 0.474406 0.125651 0.475320 0.125651 0.476234 0.125651 0.477148 0.125651 0.478062 0.125651 0.478976 0.125651 0.479890 0.125651 0.480804 0.125651 0.481718 0.125651 0.482633 0.125651 0.483547 0.126302 0.483547 0.126953 0.483547 0.127604 0.484461 0.126953 0.483547 0.126953 0.482633 0.126953 0.481718 0.126953 0.480804 0.126953 0.479890 0.126953 0.478976 0.126953 0.478062 0.127604 0.477148 0.128255 0.476234 0.128906 0.477148 0.128255 0.476234 0.128906 0.475320 0.129557 0.474406 0.130208 0.475320 0.129557 0.474406 0.130208 0.473492 0.130859 0.472578 0.131510 0.472578 0.132161 0.471664 0.132812 0.471664 0.133464 0.471664 0.134115 0.471664 0.134766 0.470750 0.135417 0.470750 0.136068 0.470750 0.136719 0.471664 0.136068 0.470750 0.136719 0.469835 0.136719 0.468921 0.136719 0.468007 0.137370 0.467093 0.138021 0.466179 0.138672 0.467093 0.138021 0.466179 0.138021 0.465265 0.138672 0.464351 0.138672 0.463437 0.138672 0.462523 0.139323 0.461609 0.139974 0.460695 0.139323 0.459781 0.139974 0.458867 0.139323 0.459781 0.138672 0.458867 0.138021 0.457952 0.138672 0.457038 0.138021 0.456124 0.138021 0.455210 0.138021 0.454296 0.138021 0.453382 0.138021 0.452468 0.138672 0.451554 0.139323 0.450640 0.139974 0.451554 0.139323 0.450640 0.139974 0.449726 0.140625 0.448812 0.141276 0.447898 0.141927 0.446984 0.142578 0.446984 0.143229 0.446069 0.143880 0.446984 0.143880 0.447898 0.143880 0.446984 0.143229 0.446069 0.143229 0.445155 0.142578 0.445155 0.141927 0.445155 0.141276 0.445155 0.140625 0.445155 0.139974 0.445155 0.139323 0.444241 0.138672 0.444241 0.138021 0.443327 0.137370 0.442413 0.137370 0.441499 0.137370 0.440585 0.137370 0.439671 0.138021 0.438757 0.138672 0.437843 0.139323 0.438757 0.138672 0.437843 0.138672 0.436929 0.138672 0.436015 0.139323 0.435101 0.138672 0.434186 0.138672 0.433272 0.138021 0.432358 0.137370 0.432358 0.136719 0.431444 0.136068 0.430530 0.136719 0.429616 0.136068 0.430530 0.135417 0.430530 0.134766 0.429616 0.135417 0.430530 0.135417 0.431444 0.134766 0.432358 0.134766 0.433272 0.134115 0.434186 0.133464 0.435101 0.132812 0.435101 0.132161 0.436015 0.131510 0.436015 0.130859 0.436015 0.130208 0.436015 0.129557 0.435101 0.130208 0.436015 0.129557 0.436929 0.128906 0.437843 0.128906 0.438757 0.128906 0.439671 0.128255 0.440585 0.127604 0.441499 0.126953 0.441499 0.127604 0.442413 0.128255 0.442413 0.128906 0.443327 0.129557 0.444241 0.130208 0.445155 0.130208 0.446069 0.130859 0.446984 0.130859 0.447898 0.130859 0.448812 0.130859 0.449726 0.131510 0.450640 0.131510 0.451554 0.131510 0.452468 0.131510 0.453382 0.131510 0.454296 0.131510 0.455210 0.132161 0.456124 0.131510 0.457038 0.132161 0.457952 0.131510 0.458867 0.131510 0.459781 0.131510 0.460695 0.131510 0.461609 0.130859 0.462523 0.130208 0.463437 0.129557 0.463437 0.129557 0.464351 0.128906 0.465265 0.128255 0.466179 0.127604 0.467093 0.126953 0.467093 0.126302 0.468007 0.125651 0.468007 0.125000 0.468921 0.124349 0.468007 0.125000 0.468921 0.125000 0.469835 0.124349 0.470750 0.124349 0.471664 0.123698 0.472578 0.123047 0.473492 0.122396 0.474406 0.121745 0.474406 0.121094 0.475320 0.120443 0.475320 0.119792 0.474406 0.119141 0.474406 0.118490 0.473492 0.117839 0.472578 0.117839 0.471664 0.117839 0.470750 0.117839 0.469835 0.117188 0.468921 0.116536 0.468007 0.115885 0.467093 0.115234 0.467093 0.114583 0.466179 0.113932 0.465265 0.113932 0.464351 0.113281 0.463437 0.113281 0.462523 0.113281 0.461609 0.113932 0.460695 0.114583 0.459781 0.115234 0.460695 0.114583 0.459781 0.114583 0.458867 0.115234 0.457952 0.115234 0.457038 0.114583 0.456124 0.114583 0.455210 0.114583 0.454296 0.113932 0.453382 0.113932 0.452468 0.113932 0.451554 0.114583 0.450640 0.113932 0.449726 0.113932 0.448812 0.113932 0.447898 0.113932 0.446984 0.113932 0.446069 0.113932 0.445155 0.114583 0.444241 0.115234 0.443327 0.115234 0.442413 0.115885 0.441499 0.115885 0.440585 0.115885 0.439671 0.116536 0.438757 0.117188 0.437843 0.117839 0.436929 0.117839 0.436015 0.118490 0.435101 0.119141 0.434186 0.119141 0.433272 0.119792 0.432358 0.120443 0.431444 0.121094 0.432358 0.120443 0.431444 0.120443 0.430530 0.121094 0.429616 0.121094 0.428702 0.121094 0.427788 0.121094 0.426874 0.121745 0.425960 0.121094 0.426874 0.120443 0.425960 0.119792 0.425046 0.119792 0.424132 0.119141 0.424132 0.118490 0.424132 0.117839 0.424132 0.117188 0.424132
0 0.606771 0.410420 0.606120 0.411335 0.605469 0.411335 0.604818 0.412249 0.604167 0.412249 0.603516 0.413163 0.602865 0.414077 0.602214 0.413163 0.602865 0.414077 0.602214 0.414991 0.601562 0.415905 0.600911 0.415905 0.600260 0.416819 0.599609 0.416819 0.598958 0.417733 0.598307 0.417733 0.597656 0.416819 0.597005 0.417733 0.596354 0.417733 0.595703 0.418647 0.595052 0.419561 0.594401 0.420475 0.593750 0.419561 0.594401 0.420475 0.593750 0.421389 0.593099 0.422303 0.592448 0.422303 0.591797 0.423218 0.591146 0.423218 0.590495 0.423218 0.589844 0.423218 0.589193 0.423218 0.588542 0.422303 0.587891 0.422303 0.587240 0.421389 0.586589 0.421389 0.585938 0.420475 0.585286 0.420475 0.584635 0.420475 0.583984 0.420475 0.583333 0.420475 0.582682 0.420475 0.582031 0.421389 0.581380 0.421389 0.580729 0.422303 0.580078 0.421389 0.580729 0.422303 0.580078 0.423218 0.580078 0.424132 0.579427 0.425046 0.578776 0.425960 0.578125 0.426874 0.577474 0.427788 0.576823 0.427788 0.576172 0.428702 0.575521 0.428702 0.574870 0.429616 0.574219 0.429616 0.573568 0.430530 0.573568 0.431444 0.573568 0.432358 0.572917 0.433272 0.572266 0.434186 0.571615 0.433272 0.572266 0.434186 0.571615 0.435101 0.571615 0.436015 0.570964 0.436929 0.571615 0.437843 0.571615 0.438757 0.570964 0.439671 0.571615 0.438757 0.572266 0.438757 0.572917 0.437843 0.573568 0.437843 0.574219 0.437843 0.574870 0.437843 0.575521 0.437843 0.576172 0.436929 0.576823 0.436015 0.577474 0.436015 0.578125 0.435101 0.578776 0.435101 0.579427 0.434186 0.580078 0.435101 0.580729 0.435101 0.581380 0.436015 0.582031 0.436015 0.582682 0.436929 0.583333 0.437843 0.583984 0.438757 0.584635 0.439671 0.583984 0.440585 0.584635 0.439671 0.585286 0.440585 0.585938 0.441499 0.586589 0.442413 0.585938 0.443327 0.586589 0.442413 0.587240 0.443327 0.587891 0.444241 0.587240 0.443327 0.587891 0.442413 0.587891 0.441499 0.587891 0.440585 0.588542 0.439671 0.589193 0.438757 0.589844 0.439671 0.589193 0.438757 0.589193 0.437843 0.589844 0.436929 0.590495 0.436015 0.590495 0.435101 0.590495 0.434186 0.590495 0.433272 0.590495 0.432358 0.590495 0.431444 0.591146 0.430530 0.591797 0.429616 0.592448 0.429616 0.593099 0.428702 0.593750 0.428702 0.594401 0.428702 0.595052 0.428702 0.595703 0.427788 0.596354 0.427788 0.597005 0.426874 0.597656 0.426874 0.598307 0.425960 0.598958 0.425960 0.599609 0.425046 0.600260 0.425046 0.600911 0.424132 0.601562 0.424132 0.602214 0.423218 0.602865 0.423218 0.603516 0.423218 0.604167 0.422303 0.604818 0.422303 0.605469 0.422303 0.606120 0.422303 0.606771 0.422303 0.607422 0.421389 0.607422 0.420475 0.607422 0.419561 0.608073 0.418647 0.607422 0.417733 0.607422 0.416819 0.607422 0.415905 0.607422 0.414991 0.607422 0.414077 0.606771 0.413163 0.606771 0.412249 0.606120 0.411335
0 0.015625 0.404022 0.016276 0.404936 0.015625 0.405850 0.015625 0.406764 0.014974 0.407678 0.014323 0.408592 0.014323 0.409506 0.014323 0.410420 0.014323 0.411335 0.014974 0.412249 0.015625 0.413163 0.016276 0.414077 0.016276 0.414991 0.016276 0.415905 0.015625 0.416819 0.014974 0.417733 0.014323 0.417733 0.013672 0.418647 0.013021 0.418647 0.012370 0.418647 0.011719 0.418647 0.011068 0.418647 0.010417 0.418647 0.009766 0.418647 0.009115 0.417733 0.008464 0.418647 0.007812 0.417733 0.007161 0.417733 0.006510 0.417733 0.005859 0.417733 0.005208 0.417733 0.004557 0.417733 0.003906 0.417733 0.003255 0.417733 0.002604 0.417733 0.001953 0.417733 0.001302 0.417733 0.000651 0.417733 0.000651 0.418647 0.000651 0.419561 0.000651 0.420475 0.000651 0.421389 0.000651 0.422303 0.000651 0.423218 0.000651 0.424132 0.000651 0.425046 0.000651 0.425960 0.000651 0.426874 0.000651 0.427788 0.000651 0.428702 0.000651 0.429616 0.000651 0.430530 0.000651 0.431444 0.000651 0.432358 0.000651 0.433272 0.000651 0.434186 0.000651 0.435101 0.001302 0.434186 0.001953 0.433272 0.002604 0.433272 0.003255 0.432358 0.003906 0.432358 0.004557 0.432358 0.005208 0.432358 0.005859 0.432358 0.006510 0.433272 0.007161 0.433272 0.007812 0.433272 0.008464 0.433272 0.009115 0.433272 0.009766 0.433272 0.010417 0.434186 0.011068 0.433272 0.011719 0.433272 0.012370 0.432358 0.013021 0.432358 0.013672 0.432358 0.014323 0.432358 0.014974 0.432358 0.015625 0.433272 0.016276 0.433272 0.016927 0.433272 0.017578 0.433272 0.018229 0.434186 0.018880 0.434186 0.019531 0.435101 0.020182 0.436015 0.020833 0.436929 0.020833 0.437843 0.020833 0.438757 0.020833 0.439671 0.020182 0.440585 0.020833 0.439671 0.021484 0.440585 0.022135 0.440585 0.022786 0.440585 0.022786 0.439671 0.023438 0.438757 0.023438 0.437843 0.023438 0.436929 0.024089 0.436015 0.024740 0.435101 0.025391 0.434186 0.026042 0.434186 0.026693 0.433272 0.027344 0.433272 0.027995 0.432358 0.028646 0.433272 0.029297 0.433272 0.029948 0.432358 0.030599 0.433272 0.031250 0.433272 0.031901 0.433272 0.032552 0.433272 0.033203 0.433272 0.033854 0.434186 0.034505 0.434186 0.035156 0.435101 0.035807 0.435101 0.036458 0.435101 0.037109 0.435101 0.037760 0.436015 0.038411 0.435101 0.039062 0.435101 0.039714 0.434186 0.040365 0.434186 0.041016 0.433272 0.041667 0.434186 0.042318 0.433272 0.042969 0.433272 0.043620 0.433272 0.044271 0.433272 0.044922 0.433272 0.045573 0.433272 0.046224 0.433272 0.046875 0.433272 0.047526 0.433272 0.048177 0.433272 0.048828 0.433272 0.049479 0.433272 0.050130 0.433272 0.050781 0.434186 0.051432 0.433272 0.052083 0.433272 0.052734 0.433272 0.053385 0.433272 0.054036 0.434186 0.054688 0.433272 0.055339 0.434186 0.055990 0.434186 0.056641 0.434186 0.057292 0.433272 0.057943 0.433272 0.058594 0.433272 0.059245 0.433272 0.059896 0.433272 0.060547 0.433272 0.061198 0.433272 0.061849 0.433272 0.062500 0.434186 0.063151 0.434186 0.063802 0.435101 0.064453 0.435101 0.065104 0.435101 0.065755 0.436015 0.066406 0.436015 0.067057 0.436015 0.067708 0.435101 0.068359 0.434186 0.069010 0.434186 0.069661 0.433272 0.070312 0.433272 0.070964 0.433272 0.071615 0.433272 0.072266 0.433272 0.072917 0.433272 0.073568 0.433272 0.074219 0.433272 0.074870 0.433272 0.075521 0.433272 0.076172 0.433272 0.076823 0.433272 0.077474 0.433272 0.078125 0.433272 0.078776 0.433272 0.079427 0.433272 0.080078 0.433272 0.080729 0.433272 0.081380 0.433272 0.082031 0.433272 0.082682 0.432358 0.083333 0.432358 0.083984 0.433272 0.084635 0.432358 0.085286 0.433272 0.085938 0.433272 0.086589 0.433272 0.087240 0.433272 0.087891 0.432358 0.088542 0.432358 0.089193 0.432358 0.089844 0.432358 0.090495 0.432358 0.091146 0.432358 0.091797 0.432358 0.092448 0.433272 0.093099 0.433272 0.093750 0.432358 0.094401 0.432358 0.095052 0.433272 0.094401 0.432358 0.095052 0.431444 0.095703 0.430530 0.096354 0.431444 0.095703 0.430530 0.096354 0.429616 0.097005 0.428702 0.097656 0.428702 0.098307 0.427788 0.098958 0.428702 0.098307 0.427788 0.098307 0.426874 0.098307 0.425960 0.097656 0.425046 0.097005 0.424132 0.097005 0.423218 0.097656 0.422303 0.097005 0.423218 0.096354 0.423218 0.095703 0.423218 0.095052 0.422303 0.094401 0.422303 0.093750 0.422303 0.093099 0.422303 0.092448 0.422303 0.091797 0.422303 0.091146 0.422303 0.090495 0.423218 0.089844 0.422303 0.089193 0.422303 0.088542 0.422303 0.087891 0.422303 0.087240 0.422303 0.086589 0.423218 0.085938 0.422303 0.085286 0.422303 0.084635 0.421389 0.083984 0.420475 0.083333 0.420475 0.082682 0.419561 0.082031 0.418647 0.081380 0.418647 0.080729 0.418647 0.080078 0.419561 0.079427 0.418647 0.078776 0.418647 0.078125 0.418647 0.077474 0.417733 0.076823 0.417733 0.076172 0.417733 0.075521 0.417733 0.074870 0.418647 0.074219 0.419561 0.073568 0.420475 0.072917 0.420475 0.072266 0.421389 0.071615 0.420475 0.070964 0.420475 0.070312 0.420475 0.069661 0.420475 0.069010 0.420475 0.068359 0.420475 0.067708 0.420475 0.067057 0.420475 0.066406 0.420475 0.065755 0.420475 0.065104 0.420475 0.064453 0.420475 0.063802 0.420475 0.063151 0.420475 0.062500 0.420475 0.061849 0.420475 0.061198 0.420475 0.060547 0.420475 0.059896 0.420475 0.059245 0.420475 0.058594 0.420475 0.057943 0.420475 0.057292 0.419561 0.056641 0.419561 0.055990 0.418647 0.055339 0.417733 0.055339 0.416819 0.055339 0.415905 0.055990 0.414991 0.055990 0.414077 0.056641 0.413163 0.057292 0.412249 0.057943 0.413163 0.057292 0.412249 0.057292 0.411335 0.057292 0.410420 0.057292 0.409506 0.057292 0.408592 0.057292 0.407678 0.057943 0.406764 0.057292 0.407678 0.056641 0.408592 0.055990 0.407678 0.055339 0.408592 0.054688 0.409506 0.054036 0.408592 0.054688 0.409506 0.054688 0.410420 0.054036 0.411335 0.054036 0.412249 0.054036 0.413163 0.054036 0.414077 0.053385 0.414991 0.052734 0.415905 0.052083 0.415905 0.051432 0.416819 0.050781 0.415905 0.050130 0.415905 0.049479 0.415905 0.048828 0.415905 0.048177 0.415905 0.047526 0.414991 0.046875 0.414991 0.046224 0.414077 0.045573 0.413163 0.045573 0.412249 0.044922 0.411335 0.044922 0.410420 0.044922 0.409506 0.044922 0.408592 0.044922 0.407678 0.044922 0.406764 0.044922 0.405850 0.044271 0.404936 0.044922 0.404022 0.044271 0.404936 0.044922 0.405850 0.044271 0.406764 0.043620 0.407678 0.042969 0.407678 0.042969 0.408592 0.042969 0.409506 0.042969 0.410420 0.042969 0.411335 0.043620 0.412249 0.044271 0.413163 0.044922 0.414077 0.044922 0.414991 0.044922 0.415905 0.044271 0.416819 0.043620 0.417733 0.042969 0.417733 0.042318 0.418647 0.041667 0.418647 0.041016 0.419561 0.040365 0.419561 0.039714 0.419561 0.039062 0.419561 0.038411 0.419561 0.037760 0.419561 0.037109 0.419561 0.036458 0.419561 0.035807 0.419561 0.035156 0.419561 0.034505 0.419561 0.033854 0.419561 0.033203 0.419561 0.032552 0.418647 0.031901 0.419561 0.031250 0.419561 0.030599 0.419561 0.029948 0.419561 0.029297 0.418647 0.028646 0.418647 0.027995 0.417733 0.027344 0.416819 0.027344 0.415905 0.027344 0.414991 0.027344 0.414077 0.027995 0.413163 0.028646 0.412249 0.029297 0.411335 0.029297 0.410420 0.029297 0.409506 0.029297 0.408592 0.028646 0.407678 0.029297 0.406764 0.028646 0.407678 0.027995 0.407678 0.027344 0.407678 0.026693 0.406764 0.027344 0.407678 0.027344 0.408592 0.026693 0.409506 0.026693 0.410420 0.026693 0.411335 0.026693 0.412249 0.026693 0.413163 0.026693 0.414077 0.026042 0.414991 0.025391 0.415905 0.024740 0.415905 0.024089 0.416819 0.023438 0.416819 0.022786 0.416819 0.022135 0.416819 0.021484 0.416819 0.020833 0.416819 0.020182 0.415905 0.019531 0.415905 0.018880 0.414991 0.018229 0.414077 0.017578 0.413163 0.017578 0.412249 0.017578 0.411335 0.017578 0.410420 0.017578 0.409506 0.017578 0.408592 0.017578 0.407678 0.017578 0.406764 0.016927 0.405850 0.016927 0.404936 0.016276 0.404936
0 0.560547 0.362888 0.559896 0.363803 0.559245 0.363803 0.558594 0.364717 0.557943 0.364717 0.557292 0.365631 0.556641 0.365631 0.555990 0.364717 0.555990 0.363803 0.555990 0.364717 0.556641 0.365631 0.556641 0.366545 0.556641 0.367459 0.556641 0.368373 0.556641 0.369287 0.556641 0.370201 0.555990 0.371115 0.555339 0.372029 0.554688 0.372029 0.554036 0.372943 0.553385 0.372943 0.552734 0.373857 0.552083 0.373857 0.551432 0.374771 0.550781 0.373857 0.550130 0.373857 0.549479 0.372943 0.549479 0.373857 0.549479 0.374771 0.549479 0.375686 0.549479 0.376600 0.550130 0.376600 0.550781 0.377514 0.551432 0.378428 0.551432 0.379342 0.551432 0.380256 0.551432 0.381170 0.551432 0.382084 0.551432 0.382998 0.551432 0.383912 0.550781 0.384826 0.550781 0.385740 0.550130 0.386654 0.549479 0.387569 0.548828 0.388483 0.548177 0.389397 0.547526 0.388483 0.548177 0.389397 0.547526 0.390311 0.546875 0.391225 0.546224 0.390311 0.546875 0.391225 0.546875 0.392139 0.546875 0.393053 0.546875 0.393967 0.546224 0.394881 0.546224 0.395795 0.545573 0.396709 0.545573 0.397623 0.545573 0.398537 0.544922 0.399452 0.544922 0.400366 0.545573 0.400366 0.546224 0.401280 0.546875 0.402194 0.547526 0.403108 0.547526 0.404022 0.547526 0.404936 0.547526 0.405850 0.546875 0.406764 0.546875 0.407678 0.546875 0.408592 0.546875 0.409506 0.546875 0.410420 0.546875 0.411335 0.546875 0.412249 0.547526 0.412249 0.548177 0.412249 0.548828 0.413163 0.548177 0.414077 0.547526 0.414077 0.546875 0.414077 0.546224 0.414077 0.546224 0.414991 0.546224 0.415905 0.545573 0.416819 0.545573 0.417733 0.544922 0.418647 0.544922 0.419561 0.544271 0.420475 0.543620 0.421389 0.543620 0.422303 0.543620 0.423218 0.543620 0.424132 0.542969 0.425046 0.542318 0.425960 0.541667 0.426874 0.541016 0.427788 0.540365 0.427788 0.539714 0.428702 0.539062 0.427788 0.538411 0.427788 0.537760 0.426874 0.538411 0.427788 0.537760 0.428702 0.537109 0.429616 0.536458 0.430530 0.536458 0.431444 0.536458 0.432358 0.536458 0.433272 0.536458 0.434186 0.535807 0.435101 0.535156 0.436015 0.534505 0.436929 0.533854 0.436929 0.533203 0.437843 0.532552 0.436929 0.531901 0.436929 0.531250 0.436015 0.531250 0.436929 0.530599 0.437843 0.529948 0.438757 0.529297 0.437843 0.529948 0.438757 0.529948 0.439671 0.529948 0.440585 0.530599 0.441499 0.531250 0.442413 0.531250 0.443327 0.531901 0.443327 0.532552 0.444241 0.533203 0.445155 0.533203 0.446069 0.533203 0.446984 0.533203 0.447898 0.533203 0.448812 0.533203 0.449726 0.533203 0.450640 0.533203 0.451554 0.533203 0.452468 0.533203 0.453382 0.532552 0.454296 0.533203 0.454296 0.533854 0.455210 0.533203 0.456124 0.532552 0.456124 0.531901 0.456124 0.531250 0.457038 0.531250 0.457952 0.531250 0.458867 0.530599 0.459781 0.530599 0.460695 0.529948 0.461609 0.529297 0.462523 0.528646 0.462523 0.527995 0.463437 0.527344 0.463437 0.526693 0.463437 0.526042 0.463437 0.525391 0.462523 0.524740 0.463437 0.524089 0.463437 0.523438 0.463437 0.522786 0.464351 0.522135 0.463437 0.521484 0.463437 0.520833 0.463437 0.520182 0.463437 0.519531 0.462523 0.520182 0.463437 0.519531 0.464351 0.518880 0.465265 0.518880 0.466179 0.518880 0.467093 0.518229 0.468007 0.518880 0.468921 0.518880 0.469835 0.518880 0.470750 0.518880 0.471664 0.519531 0.472578 0.519531 0.473492 0.519531 0.474406 0.518880 0.475320 0.518229 0.476234 0.518229 0.477148 0.518229 0.478062 0.517578 0.478976 0.517578 0.479890 0.516927 0.480804 0.516276 0.481718 0.515625 0.482633 0.514974 0.482633 0.514323 0.483547 0.513672 0.483547 0.513021 0.483547 0.512370 0.483547 0.511719 0.484461 0.511068 0.484461 0.510417 0.485375 0.509766 0.484461 0.510417 0.485375 0.510417 0.486289 0.509766 0.487203 0.510417 0.486289 0.511068 0.486289 0.511719 0.487203 0.512370 0.487203 0.513021 0.488117 0.513672 0.489031 0.514323 0.489945 0.514323 0.490859 0.514974 0.491773 0.515625 0.492687 0.516276 0.492687 0.516927 0.493601 0.517578 0.494516 0.518229 0.495430 0.518229 0.496344 0.518229 0.497258 0.518229 0.498172 0.517578 0.499086 0.516927 0.500000 0.516927 0.500914 0.516927 0.501828 0.516927 0.502742 0.516927 0.503656 0.516927 0.504570 0.516927 0.505484 0.516927 0.506399 0.516276 0.507313 0.516927 0.508227 0.516927 0.509141 0.516927 0.510055 0.516927 0.510969 0.516927 0.511883 0.516927 0.512797 0.517578 0.513711 0.518229 0.514625 0.517578 0.515539 0.518229 0.514625 0.518880 0.515539 0.519531 0.516453 0.520182 0.517367 0.519531 0.518282 0.520182 0.517367 0.520833 0.518282 0.521484 0.518282 0.522135 0.518282 0.522786 0.518282 0.523438 0.518282 0.524089 0.519196 0.524740 0.519196 0.525391 0.519196 0.526042 0.520110 0.526042 0.521024 0.526042 0.521938 0.526042 0.522852 0.525391 0.523766 0.525391 0.524680 0.524740 0.525594 0.524089 0.526508 0.523438 0.526508 0.522786 0.527422 0.522135 0.527422 0.521484 0.527422 0.520833 0.527422 0.520182 0.527422 0.519531 0.527422 0.518880 0.527422 0.518229 0.528336 0.517578 0.527422 0.517578 0.526508 0.517578 0.527422 0.518229 0.528336 0.518229 0.529250 0.518229 0.530165 0.517578 0.531079 0.516927 0.531993 0.516276 0.531079 0.516927 0.531993 0.516927 0.532907 0.516927 0.533821 0.516276 0.534735 0.516927 0.533821 0.517578 0.534735 0.518229 0.535649 0.518880 0.536563 0.518229 0.537477 0.518880 0.536563 0.519531 0.537477 0.520182 0.538391 0.520182 0.539305 0.520833 0.539305 0.521484 0.540219 0.522135 0.541133 0.521484 0.542048 0.522135 0.541133 0.522786 0.540219 0.523438 0.540219 0.524089 0.541133 0.524740 0.541133 0.525391 0.542048 0.526042 0.541133 0.526693 0.541133 0.527344 0.540219 0.527995 0.540219 0.527995 0.539305 0.528646 0.538391 0.529297 0.537477 0.529948 0.537477 0.530599 0.536563 0.531250 0.537477 0.530599 0.536563 0.530599 0.535649 0.531250 0.534735 0.531901 0.533821 0.531901 0.532907 0.532552 0.531993 0.531901 0.531079 0.531901 0.530165 0.531901 0.529250 0.531901 0.528336 0.531901 0.527422 0.531901 0.526508 0.531250 0.526508 0.530599 0.525594 0.529948 0.524680 0.530599 0.523766 0.529948 0.524680 0.529297 0.523766 0.528646 0.522852 0.527995 0.521938 0.527995 0.521024 0.528646 0.520110 0.528646 0.519196 0.528646 0.520110 0.527995 0.521024 0.527344 0.520110 0.526693 0.520110 0.526042 0.520110 0.525391 0.519196 0.525391 0.518282 0.525391 0.517367 0.525391 0.516453 0.525391 0.515539 0.525391 0.514625 0.525391 0.513711 0.526042 0.512797 0.526693 0.511883 0.527344 0.512797 0.526693 0.511883 0.526693 0.510969 0.526693 0.510055 0.526693 0.509141 0.527344 0.508227 0.527995 0.507313 0.527995 0.506399 0.527995 0.505484 0.527995 0.504570 0.528646 0.503656 0.527995 0.504570 0.527344 0.504570 0.526693 0.504570 0.526042 0.503656 0.525391 0.503656 0.524740 0.502742 0.524089 0.502742 0.523438 0.501828 0.522786 0.501828 0.522135 0.500914 0.521484 0.500000 0.521484 0.499086 0.521484 0.498172 0.521484 0.497258 0.521484 0.496344 0.522135 0.495430 0.521484 0.496344 0.520833 0.495430 0.520182 0.495430 0.519531 0.494516 0.518880 0.493601 0.518880 0.492687 0.518880 0.491773 0.519531 0.490859 0.518880 0.489945 0.518880 0.489031 0.519531 0.488117 0.518880 0.489031 0.518229 0.488117 0.517578 0.487203 0.517578 0.486289 0.517578 0.485375 0.517578 0.484461 0.517578 0.483547 0.518229 0.482633 0.518880 0.481718 0.519531 0.481718 0.520182 0.480804 0.520833 0.480804 0.521484 0.479890 0.522135 0.479890 0.522786 0.480804 0.523438 0.479890 0.524089 0.479890 0.524740 0.479890 0.525391 0.478976 0.526042 0.479890 0.525391 0.478976 0.525391 0.478062 0.526042 0.477148 0.526693 0.476234 0.527344 0.477148 0.526693 0.476234 0.526693 0.475320 0.527344 0.474406 0.527995 0.473492 0.528646 0.473492 0.529297 0.472578 0.529948 0.472578 0.530599 0.473492 0.531250 0.473492 0.531901 0.474406 0.532552 0.474406 0.533203 0.473492 0.533854 0.473492 0.534505 0.472578 0.535156 0.473492 0.535807 0.472578 0.536458 0.471664 0.537109 0.471664 0.537760 0.470750 0.538411 0.470750 0.539062 0.470750 0.539714 0.471664 0.540365 0.472578 0.539714 0.471664 0.540365 0.470750 0.541016 0.469835 0.541667 0.469835 0.542318 0.468921 0.542318 0.468007 0.542318 0.467093 0.542318 0.466179 0.542318 0.465265 0.541667 0.464351 0.541016 0.463437 0.541667 0.462523 0.541016 0.463437 0.540365 0.464351 0.539714 0.463437 0.539062 0.463437 0.538411 0.463437 0.537760 0.462523 0.537109 0.462523 0.536458 0.461609 0.535807 0.460695 0.535807 0.459781 0.535156 0.458867 0.535807 0.457952 0.536458 0.457952 0.537109 0.457038 0.537760 0.457038 0.538411 0.456124 0.539062 0.455210 0.539062 0.454296 0.539714 0.453382 0.539714 0.452468 0.539714 0.451554 0.539714 0.450640 0.539714 0.449726 0.540365 0.448812 0.541016 0.447898 0.541667 0.448812 0.541016 0.447898 0.541667 0.446984 0.541667 0.446069 0.542318 0.445155 0.542969 0.444241 0.543620 0.445155 0.542969 0.444241 0.543620 0.443327 0.544271 0.442413 0.544922 0.441499 0.545573 0.441499 0.545573 0.440585 0.546224 0.439671 0.546875 0.438757 0.547526 0.437843 0.548177 0.438757 0.547526 0.437843 0.547526 0.436929 0.547526 0.436015 0.547526 0.435101 0.547526 0.434186 0.548177 0.433272 0.548828 0.432358 0.549479 0.431444 0.550130 0.431444 0.550781 0.430530 0.551432 0.430530 0.552083 0.430530 0.552734 0.431444 0.553385 0.431444 0.554036 0.432358 0.554688 0.433272 0.555339 0.434186 0.555990 0.433272 0.556641 0.433272 0.557292 0.433272 0.557943 0.434186 0.557292 0.433272 0.557943 0.432358 0.558594 0.431444 0.559245 0.430530 0.559896 0.431444 0.559245 0.430530 0.559896 0.429616 0.559896 0.428702 0.559896 0.427788 0.559896 0.426874 0.560547 0.425960 0.559896 0.426874 0.559245 0.425960 0.558594 0.425046 0.557943 0.425046 0.557292 0.424132 0.556641 0.423218 0.556641 0.422303 0.556641 0.421389 0.555990 0.420475 0.555339 0.420475 0.554688 0.419561 0.554036 0.420475 0.553385 0.419561 0.552734 0.419561 0.552083 0.418647 0.551432 0.417733 0.551432 0.416819 0.552083 0.415905 0.551432 0.414991 0.551432 0.414077 0.552083 0.413163 0.552734 0.412249 0.553385 0.411335 0.554036 0.410420 0.554688 0.410420 0.555339 0.409506 0.555990 0.408592 0.556641 0.407678 0.557292 0.406764 0.556641 0.405850 0.556641 0.404936 0.556641 0.404022 0.557292 0.403108 0.557943 0.402194 0.558594 0.401280 0.559245 0.400366 0.559896 0.400366 0.560547 0.399452 0.561198 0.399452 0.561849 0.398537 0.562500 0.399452 0.561849 0.398537 0.561849 0.397623 0.562500 0.396709 0.563151 0.395795 0.563802 0.395795 0.564453 0.394881 0.565104 0.393967 0.565755 0.393967 0.566406 0.393053 0.567057 0.393053 0.567708 0.393967 0.568359 0.393967 0.569010 0.394881 0.569661 0.395795 0.569661 0.396709 0.570312 0.397623 0.570312 0.398537 0.570964 0.398537 0.571615 0.399452 0.572266 0.400366 0.572266 0.401280 0.572266 0.400366 0.571615 0.399452 0.571615 0.398537 0.572266 0.397623 0.572917 0.396709 0.573568 0.396709 0.574219 0.395795 0.574870 0.395795 0.575521 0.395795 0.576172 0.395795 0.576823 0.395795 0.577474 0.394881 0.578125 0.394881 0.578776 0.393967 0.579427 0.393967 0.580078 0.393053 0.580729 0.393053 0.581380 0.392139 0.582031 0.392139 0.582682 0.391225 0.583333 0.391225 0.583984 0.390311 0.584635 0.390311 0.584635 0.389397 0.585286 0.388483 0.585286 0.387569 0.585938 0.386654 0.585286 0.387569 0.584635 0.386654 0.583984 0.385740 0.583984 0.384826 0.583333 0.385740 0.582682 0.385740 0.582031 0.384826 0.581380 0.384826 0.580729 0.383912 0.580078 0.383912 0.579427 0.382998 0.578776 0.382084 0.578125 0.382084 0.577474 0.382084 0.576823 0.381170 0.576172 0.382084 0.575521 0.381170 0.574870 0.381170 0.574219 0.381170 0.573568 0.382084 0.572917 0.382084 0.572266 0.381170 0.571615 0.381170 0.570964 0.382084 0.570312 0.382084 0.569661 0.382998 0.569010 0.382998 0.568359 0.382998 0.567708 0.382084 0.567057 0.382084 0.566406 0.382084 0.565755 0.382084 0.565104 0.382084 0.564453 0.381170 0.563802 0.382084 0.563151 0.382084 0.562500 0.382084 0.562500 0.382998 0.562500 0.383912 0.561849 0.384826 0.562500 0.385740 0.563151 0.386654 0.563151 0.387569 0.563151 0.388483 0.562500 0.389397 0.562500 0.390311 0.562500 0.391225 0.561849 0.392139 0.561198 0.393053 0.560547 0.393053 0.560547 0.393967 0.559896 0.394881 0.559245 0.393967 0.558594 0.394881 0.557943 0.394881 0.557292 0.394881 0.556641 0.394881 0.555990 0.395795 0.555339 0.395795 0.554688 0.395795 0.554036 0.394881 0.553385 0.394881 0.552734 0.393967 0.552083 0.393053 0.552083 0.392139 0.551432 0.391225 0.551432 0.390311 0.550781 0.389397 0.550781 0.388483 0.550781 0.387569 0.551432 0.386654 0.551432 0.385740 0.552083 0.384826 0.552734 0.383912 0.553385 0.383912 0.554036 0.382998 0.554688 0.382998 0.554688 0.382084 0.555339 0.381170 0.555990 0.380256 0.556641 0.380256 0.557292 0.379342 0.557292 0.378428 0.557943 0.377514 0.557943 0.376600 0.557943 0.375686 0.557943 0.374771 0.558594 0.373857 0.559245 0.372943 0.559245 0.372029 0.559245 0.371115 0.559896 0.370201 0.559896 0.369287 0.559896 0.368373 0.560547 0.367459 0.560547 0.366545 0.560547 0.365631 0.561198 0.364717 0.561198 0.363803 0.561849 0.362888 0.561198 0.363803
0 0.332682 0.000914 0.332682 0.001828 0.332031 0.002742 0.331380 0.003656 0.330729 0.003656 0.330078 0.004570 0.329427 0.004570 0.328776 0.005484 0.328125 0.005484 0.327474 0.005484 0.326823 0.006399 0.326823 0.007313 0.326823 0.008227 0.326823 0.009141 0.326823 0.010055 0.327474 0.010969 0.327474 0.011883 0.327474 0.012797 0.327474 0.013711 0.326823 0.014625 0.326172 0.015539 0.325521 0.015539 0.324870 0.016453 0.324219 0.016453 0.323568 0.017367 0.322917 0.016453 0.323568 0.017367 0.322917 0.018282 0.322266 0.019196 0.321615 0.020110 0.320964 0.021024 0.320312 0.021024 0.319661 0.021938 0.319010 0.021938 0.318359 0.021938 0.317708 0.021024 0.317057 0.021024 0.316406 0.021938 0.315755 0.021024 0.315104 0.021024 0.314453 0.020110 0.313802 0.020110 0.313151 0.020110 0.312500 0.020110 0.311849 0.019196 0.311198 0.019196 0.310547 0.019196 0.309896 0.019196 0.309245 0.019196 0.308594 0.019196 0.307943 0.019196 0.307292 0.019196 0.306641 0.019196 0.305990 0.018282 0.305339 0.018282 0.304688 0.018282 0.304036 0.018282 0.303385 0.018282 0.302734 0.018282 0.302083 0.019196 0.301432 0.019196 0.300781 0.020110 0.300130 0.020110 0.299479 0.020110 0.298828 0.021024 0.298177 0.020110 0.297526 0.020110 0.296875 0.021024 0.296224 0.021024 0.295573 0.021024 0.294922 0.021024 0.294271 0.021024 0.293620 0.020110 0.292969 0.020110 0.292318 0.021024 0.291667 0.020110 0.291016 0.020110 0.290365 0.020110 0.289714 0.020110 0.289062 0.019196 0.288411 0.019196 0.287760 0.018282 0.287109 0.018282 0.286458 0.018282 0.285807 0.018282 0.285156 0.019196 0.284505 0.018282 0.283854 0.018282 0.283203 0.018282 0.282552 0.018282 0.281901 0.018282 0.281250 0.018282 0.280599 0.018282 0.279948 0.017367 0.279297 0.018282 0.278646 0.018282 0.277995 0.019196 0.277344 0.019196 0.276693 0.019196 0.276042 0.019196 0.275391 0.019196 0.274740 0.019196 0.274089 0.019196 0.273438 0.019196 0.272786 0.019196 0.272135 0.019196 0.271484 0.019196 0.270833 0.019196 0.270182 0.019196 0.269531 0.019196 0.268880 0.019196 0.268229 0.019196 0.267578 0.020110 0.266927 0.019196 0.266276 0.019196 0.265625 0.019196 0.264974 0.019196 0.264323 0.019196 0.263672 0.019196 0.263021 0.019196 0.262370 0.019196 0.261719 0.018282 0.261068 0.018282 0.260417 0.018282 0.259766 0.018282 0.259115 0.018282 0.258464 0.018282 0.257812 0.019196 0.257161 0.019196 0.256510 0.019196 0.255859 0.019196 0.255208 0.018282 0.254557 0.019196 0.253906 0.018282 0.253255 0.018282 0.252604 0.018282 0.251953 0.018282 0.251302 0.018282 0.250651 0.018282 0.250000 0.018282 0.249349 0.019196 0.248698 0.019196 0.248047 0.019196 0.247396 0.019196 0.246745 0.019196 0.246094 0.018282 0.245443 0.019196 0.244792 0.019196 0.244141 0.019196 0.243490 0.019196 0.242839 0.019196 0.242188 0.019196 0.241536 0.019196 0.240885 0.018282 0.240234 0.019196 0.239583 0.019196 0.238932 0.018282 0.238281 0.019196 0.237630 0.019196 0.236979 0.019196 0.236328 0.019196 0.235677 0.019196 0.235026 0.018282 0.234375 0.018282 0.233724 0.019196 0.233073 0.019196 0.232422 0.018282 0.231771 0.018282 0.231120 0.017367 0.230469 0.017367 0.229818 0.017367 0.229167 0.018282 0.228516 0.018282 0.227865 0.019196 0.227214 0.019196 0.226562 0.018282 0.225911 0.018282 0.225260 0.018282 0.224609 0.018282 0.223958 0.019196 0.223307 0.018282 0.222656 0.018282 0.222005 0.018282 0.221354 0.018282 0.220703 0.019196 0.220052 0.019196 0.219401 0.018282 0.218750 0.018282 0.218099 0.019196 0.217448 0.018282 0.216797 0.019196 0.216146 0.019196 0.215495 0.018282 0.214844 0.018282 0.214193 0.018282 0.213542 0.018282 0.212891 0.018282 0.212240 0.019196 0.211589 0.019196 0.210938 0.019196 0.210286 0.018282 0.209635 0.018282 0.208984 0.019196 0.208333 0.019196 0.207682 0.019196 0.207031 0.019196 0.206380 0.019196 0.205729 0.018282 0.205078 0.018282 0.204427 0.018282 0.203776 0.019196 0.203125 0.018282 0.202474 0.018282 0.201823 0.018282 0.201172 0.018282 0.200521 0.018282 0.199870 0.018282 0.199219 0.018282 0.198568 0.018282 0.197917 0.018282 0.197266 0.018282 0.196615 0.017367 0.195964 0.017367 0.195312 0.017367 0.194661 0.017367 0.194010 0.017367 0.193359 0.018282 0.192708 0.017367 0.192057 0.017367 0.191406 0.017367 0.190755 0.018282 0.190104 0.018282 0.189453 0.018282 0.188802 0.018282 0.188151 0.018282 0.187500 0.018282 0.186849 0.018282 0.186198 0.018282 0.185547 0.018282 0.184896 0.018282 0.184245 0.018282 0.183594 0.018282 0.182943 0.018282 0.182292 0.018282 0.181641 0.018282 0.180990 0.018282 0.180339 0.018282 0.179688 0.018282 0.179036 0.019196 0.178385 0.019196 0.177734 0.018282 0.177083 0.018282 0.176432 0.018282 0.175781 0.018282 0.175130 0.017367 0.174479 0.018282 0.173828 0.018282 0.173177 0.018282 0.172526 0.018282 0.171875 0.018282 0.171224 0.018282 0.170573 0.017367 0.169922 0.017367 0.169271 0.016453 0.168620 0.016453 0.167969 0.017367 0.167318 0.017367 0.166667 0.017367 0.166016 0.017367 0.165365 0.018282 0.164714 0.018282 0.164062 0.018282 0.163411 0.018282 0.162760 0.018282 0.162109 0.018282 0.161458 0.018282 0.160807 0.018282 0.160156 0.018282 0.159505 0.018282 0.158854 0.018282 0.158203 0.018282 0.157552 0.018282 0.156901 0.018282 0.156250 0.018282 0.155599 0.018282 0.154948 0.018282 0.154297 0.018282 0.153646 0.018282 0.152995 0.018282 0.152344 0.018282 0.151693 0.018282 0.151042 0.017367 0.150391 0.018282 0.149740 0.018282 0.149089 0.018282 0.148438 0.018282 0.147786 0.018282 0.147135 0.018282 0.146484 0.018282 0.145833 0.018282 0.145182 0.018282 0.144531 0.018282 0.143880 0.018282 0.143229 0.018282 0.142578 0.018282 0.141927 0.017367 0.141276 0.017367 0.140625 0.017367 0.139974 0.017367 0.139323 0.017367 0.138672 0.016453 0.138021 0.017367 0.137370 0.017367 0.136719 0.017367 0.136068 0.018282 0.135417 0.017367 0.134766 0.017367 0.134115 0.017367 0.133464 0.017367 0.132812 0.017367 0.132161 0.017367 0.131510 0.018282 0.130859 0.018282 0.130208 0.017367 0.129557 0.018282 0.128906 0.018282 0.128255 0.018282 0.127604 0.018282 0.126953 0.018282 0.126302 0.018282 0.125651 0.018282 0.125000 0.019196 0.124349 0.018282 0.123698 0.018282 0.123047 0.018282 0.122396 0.018282 0.121745 0.018282 0.121094 0.018282 0.120443 0.018282 0.119792 0.018282 0.119141 0.018282 0.118490 0.018282 0.117839 0.018282 0.117188 0.018282 0.116536 0.018282 0.115885 0.018282 0.115234 0.018282 0.114583 0.018282 0.113932 0.018282 0.113281 0.018282 0.112630 0.017367 0.111979 0.017367 0.111328 0.017367 0.110677 0.016453 0.110026 0.017367 0.109375 0.017367 0.108724 0.017367 0.108073 0.017367 0.107422 0.017367 0.106771 0.017367 0.106120 0.016453 0.105469 0.017367 0.104818 0.017367 0.104167 0.016453 0.103516 0.016453 0.102865 0.017367 0.102214 0.017367 0.101562 0.017367 0.100911 0.018282 0.100260 0.018282 0.099609 0.018282 0.098958 0.018282 0.098307 0.018282 0.097656 0.018282 0.097005 0.018282 0.096354 0.018282 0.095703 0.018282 0.095052 0.018282 0.094401 0.018282 0.093750 0.018282 0.093099 0.018282 0.092448 0.018282 0.091797 0.018282 0.091146 0.018282 0.090495 0.018282 0.089844 0.017367 0.089193 0.018282 0.088542 0.018282 0.087891 0.018282 0.087240 0.018282 0.086589 0.017367 0.085938 0.017367 0.085286 0.016453 0.084635 0.016453 0.083984 0.016453 0.083333 0.016453 0.082682 0.017367 0.082031 0.017367 0.081380 0.017367 0.080729 0.016453 0.080078 0.016453 0.079427 0.017367 0.078776 0.016453 0.078125 0.016453 0.077474 0.016453 0.076823 0.016453 0.076172 0.017367 0.075521 0.017367 0.074870 0.017367 0.074219 0.017367 0.073568 0.017367 0.072917 0.018282 0.072266 0.018282 0.071615 0.018282 0.070964 0.017367 0.070312 0.017367 0.069661 0.017367 0.069010 0.017367 0.068359 0.017367 0.067708 0.017367 0.067057 0.017367 0.066406 0.017367 0.065755 0.018282 0.065104 0.017367 0.064453 0.017367 0.063802 0.017367 0.063151 0.017367 0.062500 0.017367 0.061849 0.018282 0.061198 0.018282 0.060547 0.018282 0.059896 0.017367 0.059245 0.017367 0.058594 0.017367 0.057943 0.017367 0.057292 0.017367 0.056641 0.017367 0.055990 0.017367 0.055339 0.017367 0.054688 0.016453 0.054036 0.016453 0.053385 0.016453 0.052734 0.016453 0.052083 0.016453 0.051432 0.016453 0.050781 0.016453 0.050130 0.016453 0.049479 0.016453 0.048828 0.016453 0.048177 0.016453 0.047526 0.017367 0.046875 0.017367 0.046224 0.016453 0.045573 0.017367 0.044922 0.017367 0.044271 0.017367 0.043620 0.017367 0.042969 0.016453 0.042318 0.017367 0.041667 0.017367 0.041016 0.017367 0.040365 0.017367 0.039714 0.017367 0.039062 0.017367 0.038411 0.017367 0.037760 0.017367 0.037109 0.016453 0.036458 0.017367 0.035807 0.016453 0.035156 0.017367 0.034505 0.017367 0.033854 0.016453 0.033203 0.016453 0.032552 0.016453 0.031901 0.017367 0.031250 0.017367 0.030599 0.017367 0.029948 0.017367 0.029297 0.016453 0.028646 0.016453 0.027995 0.016453 0.027344 0.015539 0.026693 0.015539 0.026042 0.015539 0.025391 0.014625 0.024740 0.014625 0.024089 0.014625 0.023438 0.014625 0.022786 0.015539 0.022135 0.014625 0.021484 0.015539 0.020833 0.014625 0.020182 0.014625 0.019531 0.014625 0.018880 0.014625 0.018229 0.014625 0.017578 0.015539 0.016927 0.015539 0.016276 0.016453 0.015625 0.016453 0.014974 0.016453 0.014323 0.016453 0.013672 0.017367 0.013021 0.017367 0.012370 0.017367 0.011719 0.017367 0.011068 0.017367 0.010417 0.017367 0.009766 0.017367 0.009115 0.017367 0.008464 0.016453 0.007812 0.017367 0.007161 0.016453 0.006510 0.016453 0.005859 0.016453 0.005208 0.016453 0.004557 0.016453 0.003906 0.016453 0.003255 0.015539 0.002604 0.015539 0.001953 0.015539 0.001302 0.014625 0.000651 0.014625 0.000651 0.015539 0.000651 0.016453 0.000651 0.017367 0.000651 0.018282 0.000651 0.019196 0.000651 0.020110 0.000651 0.021024 0.000651 0.021938 0.000651 0.022852 0.000651 0.023766 0.000651 0.024680 0.000651 0.025594 0.000651 0.026508 0.000651 0.027422 0.000651 0.028336 0.000651 0.029250 0.000651 0.030165 0.000651 0.031079 0.000651 0.031993 0.000651 0.032907 0.001302 0.032907 0.001953 0.032907 0.002604 0.033821 0.003255 0.032907 0.003906 0.033821 0.004557 0.033821 0.005208 0.034735 0.005859 0.033821 0.006510 0.034735 0.007161 0.034735 0.007812 0.034735 0.008464 0.034735 0.009115 0.034735 0.009766 0.034735 0.010417 0.034735 0.011068 0.034735 0.011719 0.034735 0.012370 0.034735 0.013021 0.034735 0.013672 0.034735 0.014323 0.034735 0.014974 0.034735 0.015625 0.033821 0.016276 0.033821 0.016927 0.033821 0.017578 0.033821 0.018229 0.033821 0.018880 0.032907 0.019531 0.033821 0.020182 0.033821 0.020833 0.033821 0.021484 0.033821 0.022135 0.033821 0.022786 0.033821 0.023438 0.033821 0.024089 0.033821 0.024740 0.033821 0.025391 0.033821 0.026042 0.033821 0.026693 0.033821 0.027344 0.033821 0.027995 0.033821 0.028646 0.033821 0.029297 0.033821 0.029948 0.033821 0.030599 0.033821 0.031250 0.033821 0.031901 0.033821 0.032552 0.033821 0.033203 0.034735 0.033854 0.034735 0.034505 0.035649 0.035156 0.035649 0.035807 0.034735 0.036458 0.035649 0.037109 0.034735 0.037760 0.034735 0.038411 0.034735 0.039062 0.034735 0.039714 0.034735 0.040365 0.034735 0.041016 0.034735 0.041667 0.034735 0.042318 0.034735 0.042969 0.034735 0.043620 0.034735 0.044271 0.034735 0.044922 0.034735 0.045573 0.033821 0.046224 0.033821 0.046875 0.032907 0.047526 0.032907 0.048177 0.033821 0.048828 0.033821 0.049479 0.033821 0.050130 0.033821 0.050781 0.033821 0.051432 0.033821 0.052083 0.033821 0.052734 0.032907 0.053385 0.033821 0.054036 0.033821 0.054688 0.033821 0.055339 0.033821 0.055990 0.033821 0.056641 0.033821 0.057292 0.033821 0.057943 0.033821 0.058594 0.033821 0.059245 0.033821 0.059896 0.033821 0.060547 0.033821 0.061198 0.033821 0.061849 0.033821 0.062500 0.033821 0.063151 0.033821 0.063802 0.034735 0.064453 0.034735 0.065104 0.034735 0.065755 0.034735 0.066406 0.034735 0.067057 0.034735 0.067708 0.034735 0.068359 0.034735 0.069010 0.034735 0.069661 0.034735 0.070312 0.034735 0.070964 0.034735 0.071615 0.035649 0.072266 0.035649 0.072917 0.034735 0.073568 0.034735 0.074219 0.033821 0.074870 0.033821 0.075521 0.033821 0.076172 0.033821 0.076823 0.033821 0.077474 0.033821 0.078125 0.033821 0.078776 0.033821 0.079427 0.033821 0.080078 0.033821 0.080729 0.033821 0.081380 0.033821 0.082031 0.033821 0.082682 0.033821 0.083333 0.034735 0.083984 0.034735 0.084635 0.033821 0.085286 0.034735 0.085938 0.033821 0.086589 0.033821 0.087240 0.033821 0.087891 0.033821 0.088542 0.033821 0.089193 0.033821 0.089844 0.033821 0.090495 0.033821 0.091146 0.034735 0.091797 0.034735 0.092448 0.034735 0.093099 0.035649 0.093750 0.035649 0.094401 0.035649 0.095052 0.035649 0.095703 0.035649 0.096354 0.035649 0.097005 0.035649 0.097656 0.035649 0.098307 0.035649 0.098958 0.035649 0.099609 0.035649 0.100260 0.034735 0.100911 0.034735 0.101562 0.033821 0.102214 0.033821 0.102865 0.033821 0.103516 0.034735 0.104167 0.033821 0.104818 0.033821 0.105469 0.033821 0.106120 0.033821 0.106771 0.033821 0.107422 0.033821 0.108073 0.033821 0.108724 0.033821 0.109375 0.034735 0.110026 0.034735 0.110677 0.033821 0.111328 0.033821 0.111979 0.034735 0.112630 0.033821 0.113281 0.033821 0.113932 0.033821 0.114583 0.033821 0.115234 0.033821 0.115885 0.034735 0.116536 0.034735 0.117188 0.033821 0.117839 0.033821 0.118490 0.034735 0.119141 0.034735 0.119792 0.034735 0.120443 0.034735 0.121094 0.035649 0.121745 0.035649 0.122396 0.035649 0.123047 0.035649 0.123698 0.035649 0.124349 0.035649 0.125000 0.034735 0.125651 0.034735 0.126302 0.034735 0.126953 0.034735 0.127604 0.035649 0.128255 0.034735 0.128906 0.034735 0.129557 0.034735 0.130208 0.034735 0.130859 0.034735 0.131510 0.034735 0.132161 0.034735 0.132812 0.034735 0.133464 0.034735 0.134115 0.034735 0.134766 0.034735 0.135417 0.034735 0.136068 0.034735 0.136719 0.034735 0.137370 0.034735 0.138021 0.034735 0.138672 0.034735 0.139323 0.034735 0.139974 0.034735 0.140625 0.033821 0.141276 0.033821 0.141927 0.033821 0.142578 0.034735 0.143229 0.033821 0.143880 0.033821 0.144531 0.033821 0.145182 0.033821 0.145833 0.033821 0.146484 0.033821 0.147135 0.034735 0.147786 0.034735 0.148438 0.035649 0.149089 0.035649 0.149740 0.035649 0.150391 0.035649 0.151042 0.036563 0.151693 0.035649 0.152344 0.035649 0.152995 0.034735 0.153646 0.035649 0.154297 0.034735 0.154948 0.035649 0.155599 0.035649 0.156250 0.035649 0.156901 0.035649 0.157552 0.035649 0.158203 0.035649 0.158854 0.035649 0.159505 0.034735 0.160156 0.034735 0.160807 0.034735 0.161458 0.035649 0.162109 0.034735 0.162760 0.034735 0.163411 0.034735 0.164062 0.034735 0.164714 0.034735 0.165365 0.034735 0.166016 0.034735 0.166667 0.034735 0.167318 0.034735 0.167969 0.033821 0.168620 0.033821 0.169271 0.034735 0.169922 0.033821 0.170573 0.033821 0.171224 0.033821 0.171875 0.033821 0.172526 0.033821 0.173177 0.033821 0.173828 0.034735 0.174479 0.034735 0.175130 0.034735 0.175781 0.034735 0.176432 0.034735 0.177083 0.034735 0.177734 0.035649 0.178385 0.035649 0.179036 0.035649 0.179688 0.035649 0.180339 0.035649 0.180990 0.034735 0.181641 0.035649 0.182292 0.035649 0.182943 0.035649 0.183594 0.035649 0.184245 0.035649 0.184896 0.035649 0.185547 0.035649 0.186198 0.034735 0.186849 0.034735 0.187500 0.034735 0.188151 0.034735 0.188802 0.034735 0.189453 0.034735 0.190104 0.034735 0.190755 0.034735 0.191406 0.034735 0.192057 0.034735 0.192708 0.034735 0.193359 0.034735 0.194010 0.034735 0.194661 0.034735 0.195312 0.034735 0.195964 0.034735 0.196615 0.034735 0.197266 0.034735 0.197917 0.034735 0.198568 0.034735 0.199219 0.033821 0.199870 0.034735 0.200521 0.034735 0.201172 0.034735 0.201823 0.033821 0.202474 0.033821 0.203125 0.034735 0.203776 0.033821 0.204427 0.034735 0.205078 0.034735 0.205729 0.034735 0.206380 0.034735 0.207031 0.034735 0.207682 0.034735 0.208333 0.034735 0.208984 0.034735 0.209635 0.034735 0.210286 0.034735 0.210938 0.034735 0.211589 0.033821 0.212240 0.033821 0.212891 0.033821 0.213542 0.033821 0.214193 0.034735 0.214844 0.034735 0.215495 0.034735 0.216146 0.035649 0.216797 0.035649 0.217448 0.035649 0.218099 0.036563 0.218750 0.036563 0.219401 0.037477 0.220052 0.038391 0.220052 0.039305 0.220052 0.040219 0.220052 0.041133 0.220703 0.042048 0.220052 0.042962 0.220703 0.042048 0.221354 0.041133 0.222005 0.042048 0.221354 0.041133 0.222005 0.040219 0.222656 0.039305 0.223307 0.038391 0.223958 0.037477 0.224609 0.037477 0.225260 0.036563 0.225911 0.037477 0.225260 0.036563 0.225911 0.035649 0.226562 0.034735 0.227214 0.034735 0.227865 0.033821 0.228516 0.033821 0.229167 0.033821 0.229818 0.033821 0.230469 0.033821 0.231120 0.032907 0.231771 0.033821 0.232422 0.033821 0.233073 0.033821 0.233724 0.033821 0.234375 0.033821 0.235026 0.034735 0.235677 0.034735 0.236328 0.034735 0.236979 0.034735 0.237630 0.034735 0.238281 0.034735 0.238932 0.033821 0.239583 0.034735 0.240234 0.033821 0.240885 0.034735 0.241536 0.033821 0.242188 0.033821 0.242839 0.033821 0.243490 0.032907 0.244141 0.032907 0.244792 0.032907 0.245443 0.031993 0.246094 0.031993 0.246745 0.032907 0.247396 0.032907 0.248047 0.033821 0.248698 0.034735 0.249349 0.035649 0.249349 0.036563 0.250000 0.037477 0.250000 0.038391 0.250000 0.039305 0.250651 0.040219 0.250651 0.041133 0.250651 0.042048 0.250651 0.042962 0.250651 0.043876 0.250651 0.044790 0.251302 0.045704 0.251302 0.046618 0.251953 0.047532 0.252604 0.046618 0.253255 0.046618 0.253906 0.045704 0.253906 0.044790 0.253906 0.043876 0.254557 0.042962 0.253906 0.042048 0.253906 0.041133 0.253255 0.040219 0.253255 0.039305 0.253255 0.038391 0.253255 0.037477 0.253906 0.036563 0.254557 0.035649 0.255208 0.035649 0.255859 0.034735 0.256510 0.034735 0.257161 0.033821 0.257812 0.033821 0.258464 0.033821 0.259115 0.033821 0.259766 0.033821 0.260417 0.032907 0.261068 0.032907 0.261719 0.032907 0.262370 0.032907 0.263021 0.032907 0.263672 0.032907 0.264323 0.032907 0.264974 0.032907 0.265625 0.032907 0.266276 0.032907 0.266927 0.033821 0.267578 0.033821 0.268229 0.033821 0.268880 0.033821 0.269531 0.033821 0.270182 0.033821 0.270833 0.033821 0.271484 0.033821 0.272135 0.033821 0.272786 0.032907 0.273438 0.032907 0.274089 0.032907 0.274740 0.032907 0.275391 0.032907 0.276042 0.032907 0.276693 0.032907 0.277344 0.032907 0.277995 0.032907 0.278646 0.032907 0.279297 0.032907 0.279948 0.032907 0.280599 0.032907 0.281250 0.032907 0.281901 0.033821 0.282552 0.033821 0.283203 0.033821 0.283854 0.032907 0.284505 0.032907 0.285156 0.032907 0.285807 0.032907 0.286458 0.032907 0.287109 0.032907 0.287760 0.032907 0.288411 0.032907 0.289062 0.033821 0.289714 0.033821 0.290365 0.033821 0.291016 0.034735 0.291667 0.033821 0.292318 0.033821 0.292969 0.032907 0.293620 0.032907 0.294271 0.032907 0.294922 0.032907 0.295573 0.032907 0.296224 0.032907 0.296875 0.032907 0.297526 0.033821 0.298177 0.033821 0.298828 0.033821 0.299479 0.033821 0.300130 0.033821 0.300781 0.033821 0.301432 0.033821 0.302083 0.033821 0.302734 0.033821 0.303385 0.033821 0.304036 0.033821 0.304688 0.033821 0.305339 0.034735 0.305990 0.034735 0.306641 0.034735 0.307292 0.035649 0.307943 0.034735 0.308594 0.033821 0.309245 0.033821 0.309896 0.032907 0.310547 0.032907 0.311198 0.032907 0.311849 0.032907 0.312500 0.032907 0.313151 0.032907 0.313802 0.032907 0.314453 0.032907 0.315104 0.032907 0.315755 0.032907 0.316406 0.032907 0.317057 0.032907 0.317708 0.032907 0.318359 0.032907 0.319010 0.032907 0.319661 0.032907 0.320312 0.032907 0.320964 0.033821 0.321615 0.033821 0.322266 0.033821 0.322917 0.033821 0.323568 0.032907 0.324219 0.033821 0.324870 0.032907 0.325521 0.033821 0.326172 0.033821 0.326823 0.033821 0.327474 0.032907 0.328125 0.032907 0.328776 0.032907 0.329427 0.032907 0.330078 0.031993 0.330729 0.031993 0.331380 0.031993 0.332031 0.031993 0.332682 0.031993 0.333333 0.032907 0.333984 0.032907 0.334635 0.033821 0.335286 0.034735 0.335938 0.035649 0.336589 0.036563 0.335938 0.037477 0.336589 0.036563 0.337240 0.037477 0.337891 0.038391 0.338542 0.037477 0.339193 0.037477 0.339193 0.036563 0.339844 0.035649 0.340495 0.034735 0.341146 0.034735 0.341797 0.033821 0.342448 0.033821 0.343099 0.032907 0.343750 0.032907 0.344401 0.032907 0.345052 0.032907 0.345703 0.031993 0.346354 0.031993 0.347005 0.031993 0.347656 0.031993 0.348307 0.031993 0.348958 0.031993 0.349609 0.032907 0.350260 0.032907 0.350911 0.032907 0.351562 0.032907 0.352214 0.032907 0.352865 0.033821 0.353516 0.033821 0.354167 0.032907 0.354818 0.033821 0.355469 0.033821 0.356120 0.032907 0.356771 0.032907 0.357422 0.033821 0.358073 0.032907 0.358724 0.032907 0.359375 0.031993 0.360026 0.031079 0.360677 0.031079 0.360677 0.030165 0.360677 0.029250 0.360677 0.028336 0.360677 0.027422 0.361328 0.026508 0.361979 0.027422 0.361979 0.028336 0.361979 0.029250 0.361979 0.030165 0.361979 0.031079 0.362630 0.031079 0.363281 0.031993 0.363932 0.032907 0.363281 0.033821 0.363932 0.032907 0.364583 0.033821 0.365234 0.033821 0.365885 0.034735 0.366536 0.034735 0.367188 0.035649 0.367839 0.036563 0.368490 0.036563 0.369141 0.036563 0.369792 0.036563 0.370443 0.036563 0.371094 0.035649 0.371745 0.035649 0.372396 0.034735 0.373047 0.034735 0.373698 0.034735 0.374349 0.034735 0.375000 0.033821 0.375651 0.033821 0.376302 0.032907 0.376953 0.032907 0.377604 0.031993 0.378255 0.031993 0.378906 0.031993 0.379557 0.032907 0.380208 0.032907 0.380859 0.032907 0.381510 0.032907 0.382161 0.033821 0.382812 0.033821 0.383464 0.033821 0.384115 0.033821 0.384766 0.033821 0.385417 0.033821 0.386068 0.033821 0.386719 0.032907 0.387370 0.032907 0.388021 0.033821 0.388672 0.032907 0.389323 0.032907 0.389974 0.032907 0.390625 0.032907 0.391276 0.032907 0.391927 0.032907 0.392578 0.033821 0.393229 0.032907 0.393880 0.032907 0.394531 0.033821 0.395182 0.033821 0.395833 0.034735 0.396484 0.034735 0.397135 0.035649 0.397786 0.036563 0.397786 0.037477 0.398438 0.038391 0.398438 0.039305 0.398438 0.040219 0.399089 0.039305 0.399740 0.040219 0.400391 0.040219 0.401042 0.040219 0.401693 0.039305 0.402344 0.040219 0.401693 0.039305 0.401693 0.038391 0.402344 0.037477 0.402344 0.036563 0.402344 0.035649 0.402344 0.034735 0.402995 0.033821 0.403646 0.032907 0.404297 0.032907 0.404948 0.031993 0.405599 0.031993 0.406250 0.031993 0.406901 0.031993 0.407552 0.031993 0.408203 0.031993 0.408203 0.031079 0.408203 0.030165 0.408203 0.029250 0.408203 0.028336 0.408854 0.027422 0.409505 0.028336 0.409505 0.029250 0.409505 0.030165 0.409505 0.031079 0.409505 0.031993 0.409505 0.032907 0.410156 0.032907 0.410807 0.032907 0.411458 0.032907 0.412109 0.032907 0.412760 0.032907 0.413411 0.032907 0.414062 0.031993 0.414714 0.031993 0.415365 0.031993 0.416016 0.031993 0.416667 0.031993 0.417318 0.031993 0.417969 0.031993 0.418620 0.031993 0.419271 0.031993 0.419922 0.032907 0.420573 0.032907 0.421224 0.033821 0.421875 0.034735 0.422526 0.035649 0.422526 0.036563 0.422526 0.037477 0.422526 0.038391 0.423177 0.039305 0.423828 0.040219 0.424479 0.041133 0.425130 0.042048 0.425781 0.042048 0.426432 0.041133 0.427083 0.042048 0.427734 0.042048 0.428385 0.042962 0.427734 0.042048 0.428385 0.041133 0.429036 0.040219 0.429688 0.041133 0.429036 0.040219 0.429036 0.039305 0.429036 0.038391 0.429036 0.037477 0.429688 0.036563 0.429688 0.035649 0.429688 0.034735 0.430339 0.033821 0.430990 0.032907 0.431641 0.031993 0.432292 0.031993 0.432943 0.031079 0.433594 0.031079 0.434245 0.031079 0.434896 0.031079 0.435547 0.031993 0.436198 0.031993 0.436849 0.032907 0.437500 0.032907 0.438151 0.032907 0.438802 0.032907 0.439453 0.033821 0.440104 0.033821 0.440755 0.032907 0.440755 0.031993 0.440755 0.031079 0.440755 0.030165 0.440755 0.029250 0.441406 0.028336 0.442057 0.029250 0.442057 0.030165 0.442057 0.031079 0.442057 0.031993 0.442057 0.032907 0.442057 0.033821 0.442708 0.033821 0.443359 0.033821 0.444010 0.033821 0.444661 0.033821 0.445312 0.032907 0.445964 0.032907 0.446615 0.031993 0.447266 0.031993 0.447917 0.031993 0.448568 0.031993 0.449219 0.031993 0.449870 0.031993 0.450521 0.032907 0.451172 0.032907 0.451823 0.032907 0.452474 0.031993 0.453125 0.032907 0.453776 0.033821 0.454427 0.034735 0.455078 0.035649 0.455078 0.036563 0.455078 0.037477 0.455078 0.038391 0.455078 0.039305 0.455078 0.040219 0.455078 0.041133 0.455078 0.042048 0.455729 0.042962 0.456380 0.042048 0.457031 0.042048 0.457682 0.042048 0.458333 0.041133 0.458333 0.040219 0.458333 0.039305 0.458333 0.038391 0.458333 0.037477 0.457682 0.036563 0.457682 0.035649 0.457682 0.034735 0.458333 0.033821 0.458984 0.032907 0.459635 0.032907 0.459635 0.031993 0.459635 0.031079 0.459635 0.030165 0.459635 0.029250 0.459635 0.028336 0.459635 0.027422 0.460286 0.026508 0.460938 0.027422 0.460938 0.028336 0.460938 0.029250 0.460938 0.030165 0.460938 0.031079 0.460938 0.031993 0.461589 0.031993 0.462240 0.031993 0.462891 0.031993 0.463542 0.031993 0.464193 0.031993 0.464844 0.032907 0.465495 0.032907 0.466146 0.032907 0.466797 0.033821 0.467448 0.033821 0.468099 0.033821 0.468750 0.033821 0.469401 0.033821 0.470052 0.033821 0.470703 0.033821 0.471354 0.033821 0.472005 0.033821 0.472656 0.033821 0.473307 0.032907 0.473958 0.032907 0.474609 0.031993 0.475260 0.031993 0.475911 0.031993 0.476562 0.031993 0.477214 0.032907 0.477865 0.032907 0.478516 0.033821 0.479167 0.034735 0.478516 0.035649 0.479167 0.034735 0.479818 0.035649 0.480469 0.036563 0.479818 0.037477 0.479818 0.038391 0.480469 0.038391 0.481120 0.039305 0.481120 0.040219 0.481120 0.041133 0.481120 0.042048 0.481120 0.042962 0.481120 0.043876 0.481120 0.044790 0.480469 0.045704 0.480469 0.046618 0.480469 0.047532 0.480469 0.048446 0.480469 0.049360 0.480469 0.050274 0.480469 0.051188 0.480469 0.052102 0.480469 0.053016 0.480469 0.053931 0.480469 0.054845 0.480469 0.055759 0.480469 0.056673 0.480469 0.057587 0.479818 0.058501 0.479818 0.059415 0.479167 0.060329 0.478516 0.061243 0.477865 0.061243 0.477214 0.062157 0.476562 0.062157 0.475911 0.062157 0.475260 0.062157 0.474609 0.061243 0.473958 0.061243 0.473307 0.061243 0.472656 0.060329 0.472005 0.060329 0.471354 0.059415 0.470703 0.059415 0.470052 0.059415 0.469401 0.059415 0.468750 0.058501 0.468099 0.059415 0.467448 0.059415 0.466797 0.060329 0.466146 0.060329 0.465495 0.059415 0.464844 0.059415 0.464193 0.060329 0.463542 0.060329 0.462891 0.060329 0.462240 0.061243 0.461589 0.061243 0.460938 0.061243 0.460286 0.060329 0.459635 0.061243 0.458984 0.061243 0.458333 0.061243 0.457682 0.061243 0.457031 0.061243 0.456380 0.061243 0.455729 0.061243 0.455078 0.060329 0.454427 0.060329 0.453776 0.059415 0.453125 0.058501 0.453125 0.057587 0.453125 0.056673 0.453776 0.055759 0.453776 0.054845 0.453776 0.053931 0.453776 0.053016 0.454427 0.052102 0.455078 0.051188 0.455078 0.050274 0.454427 0.049360 0.453776 0.049360 0.453125 0.050274 0.452474 0.050274 0.451823 0.051188 0.451172 0.052102 0.450521 0.051188 0.451172 0.052102 0.450521 0.053016 0.449870 0.053931 0.449870 0.054845 0.449870 0.055759 0.449219 0.056673 0.448568 0.057587 0.447917 0.057587 0.447266 0.058501 0.446615 0.058501 0.445964 0.058501 0.445312 0.058501 0.444661 0.058501 0.444010 0.058501 0.443359 0.059415 0.442708 0.059415 0.442057 0.060329 0.441406 0.060329 0.440755 0.060329 0.440104 0.060329 0.439453 0.060329 0.438802 0.059415 0.438151 0.059415 0.437500 0.058501 0.436849 0.058501 0.436198 0.057587 0.435547 0.056673 0.434896 0.056673 0.434245 0.055759 0.433594 0.055759 0.432943 0.056673 0.432292 0.056673 0.431641 0.057587 0.430990 0.058501 0.430339 0.058501 0.429688 0.059415 0.429036 0.059415 0.428385 0.060329 0.427734 0.060329 0.427083 0.060329 0.426432 0.060329 0.425781 0.060329 0.425130 0.060329 0.424479 0.060329 0.423828 0.060329 0.423177 0.060329 0.422526 0.060329 0.421875 0.060329 0.421224 0.060329 0.420573 0.059415 0.419922 0.059415 0.419271 0.059415 0.418620 0.060329 0.417969 0.060329 0.417318 0.060329 0.416667 0.060329 0.416016 0.060329 0.415365 0.060329 0.414714 0.060329 0.414062 0.060329 0.413411 0.060329 0.412760 0.059415 0.412109 0.060329 0.411458 0.060329 0.410807 0.060329 0.410156 0.060329 0.409505 0.060329 0.408854 0.061243 0.408203 0.061243 0.407552 0.060329 0.406901 0.060329 0.406250 0.059415 0.405599 0.059415 0.404948 0.059415 0.404297 0.058501 0.403646 0.058501 0.402995 0.057587 0.402344 0.056673 0.402344 0.055759 0.401693 0.055759 0.401042 0.054845 0.400391 0.053931 0.399740 0.053931 0.399089 0.053016 0.398438 0.053016 0.397786 0.052102 0.397135 0.052102 0.396484 0.051188 0.395833 0.051188 0.395182 0.051188 0.394531 0.050274 0.393880 0.051188 0.393229 0.051188 0.392578 0.052102 0.391927 0.051188 0.392578 0.052102 0.392578 0.053016 0.392578 0.053931 0.392578 0.054845 0.392578 0.055759 0.392578 0.056673 0.391927 0.057587 0.391276 0.058501 0.390625 0.059415 0.389974 0.059415 0.389323 0.060329 0.388672 0.060329 0.388021 0.060329 0.387370 0.060329 0.386719 0.060329 0.386068 0.060329 0.385417 0.060329 0.384766 0.060329 0.384115 0.060329 0.383464 0.060329 0.382812 0.059415 0.382161 0.059415 0.381510 0.059415 0.380859 0.059415 0.380208 0.059415 0.379557 0.059415 0.378906 0.059415 0.378255 0.059415 0.377604 0.059415 0.376953 0.059415 0.376302 0.060329 0.375651 0.060329 0.375000 0.059415 0.374349 0.059415 0.373698 0.059415 0.373047 0.058501 0.372396 0.058501 0.371745 0.057587 0.371094 0.056673 0.370443 0.055759 0.371094 0.054845 0.370443 0.055759 0.369792 0.055759 0.369141 0.054845 0.368490 0.055759 0.368490 0.056673 0.367839 0.057587 0.367188 0.058501 0.366536 0.059415 0.365885 0.059415 0.365234 0.060329 0.364583 0.060329 0.363932 0.059415 0.363281 0.059415 0.362630 0.059415 0.361979 0.059415 0.361328 0.059415 0.360677 0.059415 0.360026 0.059415 0.359375 0.059415 0.358724 0.059415 0.358073 0.059415 0.357422 0.059415 0.356771 0.059415 0.356120 0.059415 0.355469 0.059415 0.354818 0.059415 0.354167 0.059415 0.353516 0.059415 0.352865 0.059415 0.352214 0.059415 0.351562 0.059415 0.350911 0.059415 0.350260 0.059415 0.349609 0.059415 0.348958 0.059415 0.348307 0.059415 0.347656 0.059415 0.347005 0.059415 0.346354 0.059415 0.345703 0.059415 0.345052 0.059415 0.344401 0.059415 0.343750 0.059415 0.343099 0.060329 0.342448 0.059415 0.341797 0.058501 0.341146 0.057587 0.340495 0.056673 0.340495 0.055759 0.341146 0.054845 0.341797 0.053931 0.342448 0.053016 0.341797 0.052102 0.342448 0.051188 0.341797 0.052102 0.341146 0.052102 0.340495 0.053016 0.339844 0.052102 0.339844 0.053016 0.339193 0.053931 0.339193 0.054845 0.339193 0.055759 0.339193 0.056673 0.338542 0.057587 0.338542 0.058501 0.337891 0.059415 0.337240 0.060329 0.336589 0.060329 0.335938 0.061243 0.335286 0.060329 0.334635 0.060329 0.333984 0.060329 0.333333 0.060329 0.332682 0.060329 0.332031 0.060329 0.331380 0.060329 0.330729 0.060329 0.330078 0.060329 0.329427 0.060329 0.328776 0.060329 0.328125 0.059415 0.327474 0.059415 0.326823 0.059415 0.326172 0.059415 0.325521 0.058501 0.324870 0.059415 0.324219 0.059415 0.323568 0.059415 0.322917 0.059415 0.322266 0.059415 0.321615 0.060329 0.320964 0.060329 0.320312 0.060329 0.319661 0.060329 0.319010 0.060329 0.318359 0.060329 0.317708 0.060329 0.317057 0.060329 0.316406 0.060329 0.315755 0.059415 0.315104 0.059415 0.314453 0.058501 0.313802 0.058501 0.313151 0.057587 0.312500 0.056673 0.311849 0.055759 0.311198 0.055759 0.310547 0.054845 0.309896 0.053931 0.309245 0.053016 0.309245 0.052102 0.309245 0.051188 0.309245 0.050274 0.309245 0.049360 0.309896 0.048446 0.309245 0.047532 0.309245 0.046618 0.309896 0.045704 0.309245 0.046618 0.308594 0.046618 0.308594 0.047532 0.307943 0.048446 0.307943 0.049360 0.307943 0.050274 0.307943 0.051188 0.307943 0.052102 0.307943 0.053016 0.307943 0.053931 0.307943 0.054845 0.307943 0.055759 0.307943 0.056673 0.307943 0.057587 0.307292 0.058501 0.306641 0.059415 0.305990 0.059415 0.305339 0.060329 0.304688 0.060329 0.304036 0.059415 0.303385 0.059415 0.302734 0.059415 0.302083 0.059415 0.301432 0.059415 0.300781 0.059415 0.300130 0.059415 0.299479 0.059415 0.298828 0.059415 0.298177 0.058501 0.297526 0.059415 0.296875 0.059415 0.296224 0.059415 0.295573 0.059415 0.294922 0.059415 0.294271 0.058501 0.293620 0.058501 0.292969 0.058501 0.292318 0.057587 0.291667 0.058501 0.291016 0.058501 0.290365 0.058501 0.289714 0.059415 0.289062 0.059415 0.288411 0.060329 0.287760 0.060329 0.287109 0.060329 0.286458 0.060329 0.285807 0.060329 0.285156 0.060329 0.284505 0.060329 0.283854 0.060329 0.283203 0.059415 0.282552 0.059415 0.281901 0.058501 0.281250 0.057587 0.280599 0.056673 0.280599 0.055759 0.280599 0.054845 0.280599 0.053931 0.280599 0.053016 0.280599 0.052102 0.280599 0.051188 0.280599 0.050274 0.280599 0.049360 0.280599 0.048446 0.280599 0.047532 0.281250 0.046618 0.280599 0.047532 0.279948 0.047532 0.279948 0.048446 0.279297 0.049360 0.278646 0.050274 0.277995 0.049360 0.278646 0.050274 0.277995 0.051188 0.277995 0.052102 0.277344 0.053016 0.277344 0.053931 0.277344 0.054845 0.276693 0.055759 0.276042 0.056673 0.275391 0.057587 0.274740 0.057587 0.274089 0.058501 0.273438 0.058501 0.272786 0.059415 0.272135 0.059415 0.271484 0.059415 0.270833 0.059415 0.270182 0.058501 0.269531 0.058501 0.268880 0.058501 0.268229 0.058501 0.267578 0.058501 0.266927 0.058501 0.266276 0.058501 0.265625 0.058501 0.264974 0.058501 0.264323 0.058501 0.263672 0.059415 0.263021 0.059415 0.262370 0.059415 0.261719 0.059415 0.261068 0.059415 0.260417 0.059415 0.259766 0.059415 0.259115 0.059415 0.258464 0.059415 0.257812 0.059415 0.257161 0.059415 0.256510 0.059415 0.255859 0.059415 0.255208 0.059415 0.254557 0.058501 0.253906 0.058501 0.253255 0.057587 0.252604 0.056673 0.251953 0.056673 0.251302 0.056673 0.250651 0.055759 0.250000 0.056673 0.249349 0.055759 0.248698 0.056673 0.248047 0.057587 0.247396 0.057587 0.246745 0.058501 0.246094 0.058501 0.245443 0.059415 0.244792 0.059415 0.244141 0.059415 0.243490 0.058501 0.242839 0.058501 0.242188 0.057587 0.241536 0.057587 0.240885 0.057587 0.240234 0.057587 0.239583 0.058501 0.238932 0.058501 0.238281 0.058501 0.237630 0.058501 0.236979 0.058501 0.236328 0.058501 0.235677 0.058501 0.235026 0.058501 0.234375 0.058501 0.233724 0.057587 0.233073 0.058501 0.232422 0.057587 0.231771 0.057587 0.231120 0.057587 0.230469 0.057587 0.229818 0.057587 0.229167 0.057587 0.228516 0.057587 0.227865 0.058501 0.227214 0.058501 0.226562 0.058501 0.225911 0.057587 0.225260 0.057587 0.224609 0.058501 0.223958 0.057587 0.223307 0.057587 0.222656 0.057587 0.222005 0.058501 0.221354 0.058501 0.220703 0.058501 0.220052 0.058501 0.219401 0.058501 0.218750 0.058501 0.218099 0.058501 0.217448 0.058501 0.216797 0.058501 0.216146 0.058501 0.215495 0.058501 0.214844 0.058501 0.214193 0.057587 0.213542 0.058501 0.212891 0.058501 0.212240 0.057587 0.211589 0.057587 0.210938 0.057587 0.210286 0.057587 0.209635 0.057587 0.208984 0.058501 0.208333 0.057587 0.207682 0.058501 0.207031 0.057587 0.206380 0.058501 0.205729 0.058501 0.205078 0.057587 0.204427 0.057587 0.203776 0.057587 0.203125 0.058501 0.202474 0.057587 0.201823 0.058501 0.201172 0.058501 0.200521 0.058501 0.199870 0.058501 0.199219 0.058501 0.198568 0.058501 0.197917 0.058501 0.197266 0.058501 0.196615 0.058501 0.195964 0.058501 0.195312 0.058501 0.194661 0.058501 0.194010 0.058501 0.193359 0.058501 0.192708 0.058501 0.192057 0.058501 0.191406 0.058501 0.190755 0.058501 0.190104 0.058501 0.189453 0.058501 0.188802 0.058501 0.188151 0.058501 0.187500 0.057587 0.186849 0.057587 0.186198 0.058501 0.185547 0.058501 0.184896 0.058501 0.184245 0.057587 0.183594 0.057587 0.182943 0.057587 0.182292 0.057587 0.181641 0.057587 0.180990 0.057587 0.180339 0.057587 0.179688 0.057587 0.179036 0.057587 0.178385 0.057587 0.177734 0.057587 0.177083 0.057587 0.176432 0.057587 0.175781 0.058501 0.175130 0.058501 0.174479 0.058501 0.173828 0.058501 0.173177 0.058501 0.172526 0.058501 0.171875 0.058501 0.171224 0.058501 0.170573 0.058501 0.169922 0.058501 0.169271 0.058501 0.168620 0.058501 0.167969 0.058501 0.167318 0.058501 0.166667 0.058501 0.166016 0.058501 0.165365 0.058501 0.164714 0.058501 0.164062 0.057587 0.163411 0.057587 0.162760 0.057587 0.162109 0.058501 0.161458 0.058501 0.160807 0.058501 0.160156 0.058501 0.159505 0.058501 0.158854 0.058501 0.158203 0.058501 0.157552 0.058501 0.156901 0.057587 0.156250 0.057587 0.155599 0.057587 0.154948 0.056673 0.154297 0.057587 0.153646 0.057587 0.152995 0.057587 0.152344 0.057587 0.151693 0.057587 0.151042 0.056673 0.150391 0.056673 0.149740 0.057587 0.149089 0.057587 0.148438 0.057587 0.147786 0.057587 0.147135 0.057587 0.146484 0.058501 0.145833 0.057587 0.145182 0.057587 0.144531 0.058501 0.143880 0.058501 0.143229 0.058501 0.142578 0.058501 0.141927 0.058501 0.141276 0.058501 0.140625 0.058501 0.139974 0.058501 0.139323 0.057587 0.138672 0.058501 0.138021 0.058501 0.137370 0.058501 0.136719 0.058501 0.136068 0.058501 0.135417 0.058501 0.134766 0.058501 0.134115 0.058501 0.133464 0.058501 0.132812 0.058501 0.132161 0.058501 0.131510 0.058501 0.130859 0.058501 0.130208 0.057587 0.129557 0.057587 0.128906 0.058501 0.128255 0.058501 0.127604 0.057587 0.126953 0.057587 0.126302 0.057587 0.125651 0.057587 0.125000 0.057587 0.124349 0.057587 0.123698 0.057587 0.123047 0.057587 0.122396 0.057587 0.121745 0.056673 0.121094 0.057587 0.120443 0.057587 0.119792 0.057587 0.119141 0.058501 0.118490 0.057587 0.117839 0.058501 0.117188 0.058501 0.116536 0.058501 0.115885 0.058501 0.115234 0.058501 0.114583 0.058501 0.113932 0.058501 0.113281 0.058501 0.112630 0.058501 0.111979 0.058501 0.111328 0.058501 0.110677 0.058501 0.110026 0.058501 0.109375 0.058501 0.108724 0.058501 0.108073 0.058501 0.107422 0.058501 0.106771 0.058501 0.106120 0.058501 0.105469 0.058501 0.104818 0.058501 0.104167 0.058501 0.103516 0.058501 0.102865 0.058501 0.102214 0.057587 0.101562 0.058501 0.100911 0.057587 0.100260 0.057587 0.099609 0.057587 0.098958 0.057587 0.098307 0.057587 0.097656 0.056673 0.097005 0.056673 0.096354 0.057587 0.095703 0.057587 0.095052 0.057587 0.094401 0.056673 0.093750 0.057587 0.093099 0.057587 0.092448 0.057587 0.091797 0.057587 0.091146 0.057587 0.090495 0.058501 0.089844 0.058501 0.089193 0.058501 0.088542 0.057587 0.087891 0.058501 0.087240 0.058501 0.086589 0.058501 0.085938 0.058501 0.085286 0.058501 0.084635 0.058501 0.083984 0.058501 0.083333 0.058501 0.082682 0.058501 0.082031 0.058501 0.081380 0.058501 0.080729 0.058501 0.080078 0.058501 0.079427 0.058501 0.078776 0.058501 0.078125 0.058501 0.077474 0.058501 0.076823 0.058501 0.076172 0.058501 0.075521 0.058501 0.074870 0.058501 0.074219 0.058501 0.073568 0.057587 0.072917 0.057587 0.072266 0.057587 0.071615 0.057587 0.070964 0.057587 0.070312 0.057587 0.069661 0.057587 0.069010 0.057587 0.068359 0.057587 0.067708 0.057587 0.067057 0.057587 0.066406 0.057587 0.065755 0.057587 0.065104 0.057587 0.064453 0.057587 0.063802 0.057587 0.063151 0.057587 0.062500 0.057587 0.061849 0.057587 0.061198 0.058501 0.060547 0.058501 0.059896 0.057587 0.059245 0.058501 0.058594 0.058501 0.057943 0.058501 0.057292 0.058501 0.056641 0.058501 0.055990 0.058501 0.055339 0.058501 0.054688 0.058501 0.054036 0.058501 0.053385 0.058501 0.052734 0.058501 0.052083 0.058501 0.051432 0.058501 0.050781 0.058501 0.050130 0.058501 0.049479 0.058501 0.048828 0.058501 0.048177 0.058501 0.047526 0.058501 0.046875 0.058501 0.046224 0.058501 0.045573 0.058501 0.044922 0.058501 0.044271 0.058501 0.043620 0.058501 0.042969 0.058501 0.042318 0.058501 0.041667 0.057587 0.041016 0.057587 0.040365 0.058501 0.039714 0.057587 0.039062 0.057587 0.038411 0.057587 0.037760 0.057587 0.037109 0.057587 0.036458 0.057587 0.035807 0.057587 0.035156 0.057587 0.034505 0.057587 0.033854 0.057587 0.033203 0.058501 0.032552 0.058501 0.031901 0.058501 0.031250 0.058501 0.030599 0.058501 0.029948 0.058501 0.029297 0.058501 0.028646 0.058501 0.027995 0.058501 0.027344 0.058501 0.026693 0.058501 0.026042 0.057587 0.025391 0.057587 0.024740 0.057587 0.024089 0.058501 0.023438 0.057587 0.022786 0.058501 0.022135 0.058501 0.021484 0.058501 0.020833 0.058501 0.020182 0.058501 0.019531 0.058501 0.018880 0.058501 0.018229 0.058501 0.017578 0.058501 0.016927 0.058501 0.016276 0.058501 0.015625 0.058501 0.014974 0.058501 0.014323 0.057587 0.013672 0.057587 0.013021 0.058501 0.012370 0.057587 0.011719 0.057587 0.011068 0.057587 0.010417 0.057587 0.009766 0.057587 0.009115 0.057587 0.008464 0.057587 0.007812 0.057587 0.007161 0.057587 0.006510 0.058501 0.005859 0.058501 0.005208 0.057587 0.004557 0.058501 0.003906 0.058501 0.003255 0.058501 0.002604 0.058501 0.001953 0.058501 0.001302 0.058501 0.000651 0.058501 0.000651 0.059415 0.000651 0.060329 0.000651 0.061243 0.000651 0.062157 0.000651 0.063071 0.000651 0.063985 0.000651 0.064899 0.000651 0.065814 0.000651 0.066728 0.000651 0.067642 0.000651 0.068556 0.000651 0.069470 0.000651 0.070384 0.000651 0.071298 0.000651 0.072212 0.000651 0.073126 0.000651 0.074040 0.000651 0.074954 0.000651 0.075868 0.000651 0.076782 0.001302 0.076782 0.001953 0.076782 0.002604 0.076782 0.003255 0.076782 0.003906 0.075868 0.004557 0.075868 0.005208 0.075868 0.005859 0.075868 0.006510 0.075868 0.007161 0.075868 0.007812 0.075868 0.008464 0.075868 0.009115 0.075868 0.009766 0.075868 0.010417 0.075868 0.011068 0.075868 0.011719 0.075868 0.012370 0.074954 0.013021 0.074954 0.013672 0.074954 0.014323 0.074954 0.014974 0.074954 0.015625 0.074954 0.016276 0.074954 0.016927 0.074954 0.017578 0.075868 0.018229 0.075868 0.018880 0.076782 0.019531 0.076782 0.020182 0.076782 0.020833 0.076782 0.021484 0.076782 0.022135 0.076782 0.022786 0.076782 0.023438 0.076782 0.024089 0.076782 0.024740 0.076782 0.025391 0.076782 0.026042 0.076782 0.026693 0.076782 0.027344 0.076782 0.027995 0.076782 0.028646 0.076782 0.029297 0.076782 0.029948 0.076782 0.030599 0.076782 0.031250 0.075868 0.031901 0.075868 0.032552 0.075868 0.033203 0.075868 0.033854 0.075868 0.034505 0.074954 0.035156 0.074954 0.035807 0.074954 0.036458 0.074954 0.037109 0.074954 0.037760 0.074954 0.038411 0.074954 0.039062 0.074954 0.039714 0.074954 0.040365 0.075868 0.041016 0.074954 0.041667 0.074954 0.042318 0.074954 0.042969 0.075868 0.043620 0.074954 0.044271 0.074954 0.044922 0.075868 0.045573 0.075868 0.046224 0.076782 0.046875 0.076782 0.047526 0.076782 0.048177 0.077697 0.048828 0.076782 0.049479 0.076782 0.050130 0.076782 0.050781 0.076782 0.051432 0.076782 0.052083 0.076782 0.052734 0.075868 0.053385 0.076782 0.054036 0.076782 0.054688 0.075868 0.055339 0.076782 0.055990 0.076782 0.056641 0.076782 0.057292 0.077697 0.057943 0.077697 0.058594 0.076782 0.059245 0.076782 0.059896 0.075868 0.060547 0.075868 0.061198 0.075868 0.061849 0.074954 0.062500 0.074954 0.063151 0.074954 0.063802 0.074954 0.064453 0.074954 0.065104 0.074954 0.065755 0.074954 0.066406 0.074954 0.067057 0.074954 0.067708 0.074954 0.068359 0.074954 0.069010 0.074954 0.069661 0.074954 0.070312 0.074954 0.070964 0.074954 0.071615 0.074954 0.072266 0.074954 0.072917 0.074954 0.073568 0.074954 0.074219 0.075868 0.074870 0.075868 0.075521 0.075868 0.076172 0.076782 0.076823 0.076782 0.077474 0.076782 0.078125 0.076782 0.078776 0.076782 0.079427 0.076782 0.080078 0.076782 0.080729 0.075868 0.081380 0.075868 0.082031 0.076782 0.082682 0.075868 0.083333 0.075868 0.083984 0.076782 0.084635 0.076782 0.085286 0.075868 0.085938 0.076782 0.086589 0.076782 0.087240 0.076782 0.087891 0.076782 0.088542 0.076782 0.089193 0.075868 0.089844 0.075868 0.090495 0.074954 0.091146 0.074954 0.091797 0.075868 0.092448 0.074954 0.093099 0.074954 0.093750 0.074954 0.094401 0.074954 0.095052 0.074954 0.095703 0.074954 0.096354 0.074954 0.097005 0.074954 0.097656 0.074954 0.098307 0.074954 0.098958 0.074954 0.099609 0.074954 0.100260 0.074954 0.100911 0.074954 0.101562 0.074954 0.102214 0.075868 0.102865 0.075868 0.103516 0.075868 0.104167 0.076782 0.104818 0.076782 0.105469 0.076782 0.106120 0.076782 0.106771 0.076782 0.107422 0.076782 0.108073 0.076782 0.108724 0.076782 0.109375 0.076782 0.110026 0.076782 0.110677 0.076782 0.111328 0.076782 0.111979 0.076782 0.112630 0.076782 0.113281 0.076782 0.113932 0.076782 0.114583 0.076782 0.115234 0.076782 0.115885 0.076782 0.116536 0.076782 0.117188 0.076782 0.117839 0.075868 0.118490 0.075868 0.119141 0.075868 0.119792 0.074954 0.120443 0.075868 0.121094 0.075868 0.121745 0.074954 0.122396 0.074954 0.123047 0.075868 0.123698 0.074954 0.124349 0.074954 0.125000 0.075868 0.125651 0.075868 0.126302 0.075868 0.126953 0.074954 0.127604 0.074954 0.128255 0.074954 0.128906 0.074954 0.129557 0.074954 0.130208 0.074954 0.130859 0.074954 0.131510 0.075868 0.132161 0.075868 0.132812 0.076782 0.133464 0.075868 0.134115 0.076782 0.134766 0.076782 0.135417 0.076782 0.136068 0.076782 0.136719 0.075868 0.137370 0.075868 0.138021 0.075868 0.138672 0.075868 0.139323 0.075868 0.139974 0.075868 0.140625 0.076782 0.141276 0.076782 0.141927 0.076782 0.142578 0.076782 0.143229 0.076782 0.143880 0.076782 0.144531 0.076782 0.145182 0.076782 0.145833 0.075868 0.146484 0.075868 0.147135 0.074954 0.147786 0.074954 0.148438 0.074954 0.149089 0.075868 0.149740 0.075868 0.150391 0.075868 0.151042 0.075868 0.151693 0.074954 0.152344 0.075868 0.152995 0.075868 0.153646 0.075868 0.154297 0.074954 0.154948 0.074954 0.155599 0.074954 0.156250 0.074954 0.156901 0.074954 0.157552 0.074954 0.158203 0.074954 0.158854 0.074954 0.159505 0.074954 0.160156 0.075868 0.160807 0.075868 0.161458 0.075868 0.162109 0.076782 0.162760 0.076782 0.163411 0.076782 0.164062 0.077697 0.164714 0.077697 0.165365 0.077697 0.166016 0.076782 0.166667 0.076782 0.167318 0.076782 0.167969 0.076782 0.168620 0.075868 0.169271 0.076782 0.169922 0.076782 0.170573 0.076782 0.171224 0.076782 0.171875 0.076782 0.172526 0.075868 0.173177 0.075868 0.173828 0.074954 0.174479 0.074954 0.175130 0.074954 0.175781 0.074954 0.176432 0.074954 0.177083 0.074954 0.177734 0.074954 0.178385 0.075868 0.179036 0.075868 0.179688 0.076782 0.180339 0.077697 0.180339 0.078611 0.180339 0.079525 0.180339 0.080439 0.179688 0.081353 0.179688 0.082267 0.179688 0.083181 0.179688 0.084095 0.179688 0.085009 0.180339 0.084095 0.180990 0.085009 0.180339 0.084095 0.180990 0.083181 0.181641 0.082267 0.182292 0.083181 0.181641 0.082267 0.181641 0.081353 0.182292 0.080439 0.182943 0.079525 0.183594 0.078611 0.184245 0.078611 0.184896 0.077697 0.185547 0.078611 0.184896 0.077697 0.185547 0.076782 0.186198 0.075868 0.186849 0.075868 0.187500 0.074954 0.188151 0.074954 0.188802 0.074954 0.189453 0.074954 0.190104 0.074954 0.190755 0.074954 0.191406 0.074954 0.192057 0.074954 0.192708 0.075868 0.193359 0.075868 0.194010 0.075868 0.194661 0.075868 0.195312 0.075868 0.195964 0.076782 0.196615 0.076782 0.197266 0.076782 0.197917 0.076782 0.198568 0.076782 0.199219 0.075868 0.199870 0.076782 0.200521 0.076782 0.201172 0.075868 0.201823 0.075868 0.202474 0.074954 0.203125 0.074954 0.203776 0.074954 0.204427 0.074954 0.205078 0.074954 0.205729 0.074954 0.206380 0.074954 0.207031 0.074954 0.207682 0.074954 0.208333 0.074954 0.208984 0.074954 0.209635 0.074954 0.210286 0.074954 0.210938 0.074954 0.211589 0.074954 0.212240 0.074954 0.212891 0.074954 0.213542 0.074954 0.214193 0.074040 0.214844 0.074954 0.215495 0.074954 0.216146 0.074954 0.216797 0.074954 0.217448 0.074954 0.218099 0.074954 0.218750 0.075868 0.219401 0.075868 0.220052 0.075868 0.220703 0.075868 0.221354 0.075868 0.222005 0.075868 0.222656 0.075868 0.223307 0.075868 0.223958 0.075868 0.224609 0.075868 0.225260 0.075868 0.225911 0.075868 0.226562 0.074954 0.227214 0.074954 0.227865 0.074954 0.228516 0.074954 0.229167 0.074954 0.229818 0.074040 0.230469 0.074040 0.231120 0.074040 0.231771 0.074954 0.232422 0.074954 0.233073 0.075868 0.233724 0.076782 0.234375 0.077697 0.235026 0.078611 0.235026 0.079525 0.235026 0.080439 0.235026 0.081353 0.235677 0.082267 0.235677 0.083181 0.236328 0.084095 0.236979 0.085009 0.236979 0.085923 0.236979 0.086837 0.236979 0.087751 0.236979 0.088665 0.236328 0.089580 0.235677 0.089580 0.236328 0.089580 0.236979 0.088665 0.237630 0.089580 0.238281 0.088665 0.238932 0.089580 0.239583 0.089580 0.240234 0.090494 0.240885 0.091408 0.240885 0.092322 0.241536 0.093236 0.241536 0.094150 0.241536 0.095064 0.240885 0.095978 0.240234 0.096892 0.239583 0.097806 0.238932 0.097806 0.238281 0.098720 0.237630 0.098720 0.236979 0.098720 0.236328 0.098720 0.235677 0.098720 0.235026 0.098720 0.234375 0.098720 0.233724 0.098720 0.233073 0.098720 0.232422 0.098720 0.231771 0.098720 0.231120 0.098720 0.230469 0.098720 0.229818 0.098720 0.229167 0.098720 0.228516 0.097806 0.227865 0.098720 0.227214 0.098720 0.226562 0.098720 0.225911 0.098720 0.225260 0.097806 0.224609 0.097806 0.223958 0.097806 0.223307 0.097806 0.222656 0.097806 0.222005 0.097806 0.221354 0.097806 0.220703 0.097806 0.220052 0.097806 0.219401 0.097806 0.218750 0.097806 0.218099 0.097806 0.217448 0.097806 0.216797 0.098720 0.216146 0.098720 0.215495 0.098720 0.214844 0.098720 0.214193 0.098720 0.213542 0.098720 0.212891 0.098720 0.212240 0.097806 0.211589 0.097806 0.210938 0.096892 0.210286 0.095978 0.210286 0.095064 0.210286 0.094150 0.210286 0.093236 0.210286 0.092322 0.210286 0.091408 0.210938 0.090494 0.210938 0.089580 0.210286 0.088665 0.210286 0.087751 0.210286 0.086837 0.210286 0.085923 0.209635 0.085923 0.208984 0.085923 0.208333 0.085923 0.207682 0.086837 0.207031 0.086837 0.206380 0.085923 0.207031 0.086837 0.206380 0.087751 0.206380 0.088665 0.206380 0.089580 0.206380 0.090494 0.206380 0.091408 0.206380 0.092322 0.206380 0.093236 0.206380 0.094150 0.206380 0.095064 0.206380 0.095978 0.205729 0.096892 0.205078 0.097806 0.204427 0.097806 0.203776 0.098720 0.203125 0.097806 0.202474 0.097806 0.201823 0.097806 0.201172 0.097806 0.200521 0.097806 0.199870 0.097806 0.199219 0.097806 0.198568 0.097806 0.197917 0.097806 0.197266 0.097806 0.196615 0.097806 0.195964 0.097806 0.195312 0.097806 0.194661 0.097806 0.194010 0.097806 0.193359 0.097806 0.192708 0.097806 0.192057 0.097806 0.191406 0.097806 0.190755 0.097806 0.190104 0.097806 0.189453 0.097806 0.188802 0.097806 0.188151 0.097806 0.187500 0.097806 0.186849 0.097806 0.186198 0.097806 0.185547 0.097806 0.184896 0.097806 0.184245 0.097806 0.183594 0.097806 0.182943 0.097806 0.182292 0.097806 0.181641 0.097806 0.180990 0.098720 0.180339 0.097806 0.179688 0.097806 0.179036 0.097806 0.178385 0.098720 0.177734 0.097806 0.177083 0.097806 0.176432 0.097806 0.175781 0.097806 0.175130 0.097806 0.174479 0.097806 0.173828 0.097806 0.173177 0.097806 0.172526 0.097806 0.171875 0.097806 0.171224 0.097806 0.170573 0.097806 0.169922 0.097806 0.169271 0.097806 0.168620 0.097806 0.167969 0.097806 0.167318 0.097806 0.166667 0.096892 0.166016 0.096892 0.165365 0.096892 0.164714 0.096892 0.164062 0.096892 0.163411 0.096892 0.162760 0.096892 0.162109 0.097806 0.161458 0.097806 0.160807 0.097806 0.160156 0.097806 0.159505 0.097806 0.158854 0.097806 0.158203 0.097806 0.157552 0.097806 0.156901 0.097806 0.156250 0.097806 0.155599 0.097806 0.154948 0.096892 0.154297 0.097806 0.153646 0.097806 0.152995 0.097806 0.152344 0.097806 0.151693 0.098720 0.151042 0.097806 0.150391 0.097806 0.149740 0.097806 0.149089 0.097806 0.148438 0.097806 0.147786 0.097806 0.147135 0.097806 0.146484 0.097806 0.145833 0.097806 0.145182 0.097806 0.144531 0.096892 0.143880 0.096892 0.143229 0.096892 0.142578 0.096892 0.141927 0.097806 0.141276 0.096892 0.140625 0.096892 0.139974 0.096892 0.139323 0.096892 0.138672 0.096892 0.138021 0.095978 0.137370 0.096892 0.136719 0.096892 0.136068 0.095978 0.135417 0.096892 0.134766 0.096892 0.134115 0.096892 0.133464 0.096892 0.132812 0.096892 0.132161 0.096892 0.131510 0.096892 0.130859 0.097806 0.130208 0.097806 0.129557 0.096892 0.128906 0.097806 0.128255 0.097806 0.127604 0.097806 0.126953 0.097806 0.126302 0.097806 0.125651 0.097806 0.125000 0.097806 0.124349 0.097806 0.123698 0.097806 0.123047 0.097806 0.122396 0.097806 0.121745 0.097806 0.121094 0.097806 0.120443 0.097806 0.119792 0.097806 0.119141 0.097806 0.118490 0.096892 0.117839 0.097806 0.117188 0.097806 0.116536 0.096892 0.115885 0.096892 0.115234 0.096892 0.114583 0.096892 0.113932 0.096892 0.113281 0.096892 0.112630 0.096892 0.111979 0.096892 0.111328 0.096892 0.110677 0.096892 0.110026 0.096892 0.109375 0.095978 0.108724 0.095978 0.108073 0.095978 0.107422 0.096892 0.106771 0.096892 0.106120 0.096892 0.105469 0.096892 0.104818 0.096892 0.104167 0.096892 0.103516 0.096892 0.102865 0.096892 0.102214 0.096892 0.101562 0.096892 0.100911 0.096892 0.100260 0.096892 0.099609 0.096892 0.098958 0.097806 0.098307 0.096892 0.097656 0.096892 0.097005 0.096892 0.096354 0.096892 0.095703 0.096892 0.095052 0.096892 0.094401 0.097806 0.093750 0.096892 0.093099 0.097806 0.092448 0.097806 0.091797 0.096892 0.091146 0.097806 0.090495 0.096892 0.089844 0.096892 0.089193 0.096892 0.088542 0.097806 0.087891 0.096892 0.087240 0.096892 0.086589 0.096892 0.085938 0.096892 0.085286 0.096892 0.084635 0.095978 0.083984 0.096892 0.083333 0.096892 0.082682 0.096892 0.082031 0.095978 0.081380 0.096892 0.080729 0.095978 0.080078 0.095978 0.079427 0.096892 0.078776 0.096892 0.078125 0.095978 0.077474 0.095978 0.076823 0.095978 0.076172 0.095978 0.075521 0.095978 0.074870 0.096892 0.074219 0.096892 0.073568 0.095978 0.072917 0.096892 0.072266 0.096892 0.071615 0.096892 0.070964 0.096892 0.070312 0.096892 0.069661 0.097806 0.069010 0.097806 0.068359 0.097806 0.067708 0.096892 0.067057 0.096892 0.066406 0.096892 0.065755 0.097806 0.065104 0.096892 0.064453 0.096892 0.063802 0.096892 0.063151 0.096892 0.062500 0.096892 0.061849 0.097806 0.061198 0.096892 0.060547 0.096892 0.059896 0.096892 0.059245 0.096892 0.058594 0.096892 0.057943 0.095978 0.057292 0.095978 0.056641 0.095978 0.055990 0.095978 0.055339 0.095978 0.054688 0.095978 0.054036 0.095064 0.053385 0.095978 0.052734 0.095978 0.052083 0.095978 0.051432 0.095064 0.050781 0.095064 0.050130 0.095064 0.049479 0.095064 0.048828 0.095978 0.048177 0.095978 0.047526 0.095978 0.046875 0.095978 0.046224 0.095978 0.045573 0.095978 0.044922 0.095978 0.044271 0.095978 0.043620 0.095978 0.042969 0.095978 0.042318 0.096892 0.041667 0.096892 0.041016 0.096892 0.040365 0.097806 0.039714 0.096892 0.039062 0.096892 0.038411 0.096892 0.037760 0.096892 0.037109 0.095978 0.036458 0.095978 0.035807 0.095978 0.035156 0.096892 0.034505 0.095978 0.033854 0.096892 0.033203 0.096892 0.032552 0.095978 0.031901 0.095978 0.031250 0.095978 0.030599 0.095978 0.029948 0.095978 0.029297 0.095978 0.028646 0.095064 0.027995 0.095064 0.027344 0.095064 0.026693 0.095064 0.026042 0.095064 0.025391 0.095064 0.024740 0.095064 0.024089 0.095064 0.023438 0.095064 0.022786 0.095064 0.022135 0.095064 0.021484 0.095064 0.020833 0.095064 0.020182 0.094150 0.019531 0.094150 0.018880 0.094150 0.018229 0.094150 0.017578 0.094150 0.016927 0.095064 0.016276 0.095064 0.015625 0.095064 0.014974 0.095064 0.014323 0.095978 0.013672 0.095978 0.013021 0.095978 0.012370 0.095978 0.011719 0.095978 0.011068 0.096892 0.010417 0.095978 0.009766 0.095978 0.009115 0.095978 0.008464 0.095978 0.007812 0.095978 0.007161 0.095978 0.006510 0.095978 0.005859 0.095978 0.005208 0.095064 0.004557 0.095064 0.003906 0.095064 0.003255 0.094150 0.002604 0.094150 0.001953 0.093236 0.001302 0.092322 0.000651 0.093236 0.000651 0.094150 0.000651 0.095064 0.000651 0.095978 0.000651 0.096892 0.000651 0.097806 0.000651 0.098720 0.000651 0.099634 0.000651 0.100548 0.000651 0.101463 0.000651 0.102377 0.000651 0.103291 0.000651 0.104205 0.000651 0.105119 0.000651 0.106033 0.000651 0.106947 0.000651 0.107861 0.000651 0.108775 0.000651 0.109689 0.000651 0.110603 0.000651 0.111517 0.000651 0.112431 0.000651 0.113346 0.000651 0.114260 0.001302 0.114260 0.001953 0.114260 0.002604 0.114260 0.003255 0.114260 0.003906 0.114260 0.004557 0.114260 0.005208 0.114260 0.005859 0.115174 0.006510 0.115174 0.007161 0.115174 0.007812 0.115174 0.008464 0.115174 0.009115 0.115174 0.009766 0.115174 0.010417 0.115174 0.011068 0.115174 0.011719 0.115174 0.012370 0.115174 0.013021 0.116088 0.013672 0.115174 0.014323 0.115174 0.014974 0.115174 0.015625 0.115174 0.016276 0.115174 0.016927 0.114260 0.017578 0.114260 0.018229 0.115174 0.018880 0.115174 0.019531 0.115174 0.020182 0.115174 0.020833 0.115174 0.021484 0.115174 0.022135 0.115174 0.022786 0.115174 0.023438 0.115174 0.024089 0.115174 0.024740 0.115174 0.025391 0.114260 0.026042 0.115174 0.026693 0.115174 0.027344 0.115174 0.027995 0.114260 0.028646 0.115174 0.029297 0.115174 0.029948 0.115174 0.030599 0.115174 0.031250 0.115174 0.031901 0.115174 0.032552 0.115174 0.033203 0.115174 0.033854 0.115174 0.034505 0.115174 0.035156 0.115174 0.035807 0.116088 0.036458 0.116088 0.037109 0.115174 0.037760 0.115174 0.038411 0.115174 0.039062 0.116088 0.039714 0.116088 0.040365 0.116088 0.041016 0.116088 0.041667 0.116088 0.042318 0.116088 0.042969 0.116088 0.043620 0.117002 0.044271 0.117002 0.044922 0.116088 0.045573 0.116088 0.046224 0.115174 0.046875 0.115174 0.047526 0.115174 0.048177 0.115174 0.048828 0.115174 0.049479 0.115174 0.050130 0.115174 0.050781 0.115174 0.051432 0.115174 0.052083 0.115174 0.052734 0.115174 0.053385 0.116088 0.054036 0.115174 0.054688 0.115174 0.055339 0.115174 0.055990 0.115174 0.056641 0.115174 0.057292 0.115174 0.057943 0.115174 0.058594 0.115174 0.059245 0.116088 0.059896 0.116088 0.060547 0.116088 0.061198 0.116088 0.061849 0.116088 0.062500 0.116088 0.063151 0.116088 0.063802 0.116088 0.064453 0.116088 0.065104 0.116088 0.065755 0.116088 0.066406 0.116088 0.067057 0.116088 0.067708 0.116088 0.068359 0.116088 0.069010 0.116088 0.069661 0.116088 0.070312 0.117002 0.070964 0.117002 0.071615 0.117002 0.072266 0.116088 0.072917 0.116088 0.073568 0.116088 0.074219 0.115174 0.074870 0.115174 0.075521 0.115174 0.076172 0.115174 0.076823 0.115174 0.077474 0.115174 0.078125 0.115174 0.078776 0.115174 0.079427 0.115174 0.080078 0.116088 0.080729 0.116088 0.081380 0.115174 0.082031 0.115174 0.082682 0.115174 0.083333 0.115174 0.083984 0.115174 0.084635 0.115174 0.085286 0.115174 0.085938 0.115174 0.086589 0.115174 0.087240 0.115174 0.087891 0.115174 0.088542 0.115174 0.089193 0.116088 0.089844 0.116088 0.090495 0.117002 0.091146 0.117916 0.091797 0.117916 0.092448 0.117002 0.093099 0.117002 0.093750 0.117002 0.094401 0.116088 0.095052 0.117002 0.095703 0.116088 0.096354 0.116088 0.097005 0.116088 0.097656 0.116088 0.098307 0.116088 0.098958 0.117002 0.099609 0.117002 0.100260 0.117002 0.100911 0.117002 0.101562 0.117002 0.102214 0.116088 0.102865 0.115174 0.103516 0.115174 0.104167 0.114260 0.104818 0.114260 0.105469 0.115174 0.106120 0.115174 0.106771 0.115174 0.107422 0.115174 0.108073 0.115174 0.108724 0.116088 0.109375 0.116088 0.110026 0.115174 0.110677 0.115174 0.111328 0.115174 0.111979 0.115174 0.112630 0.116088 0.113281 0.115174 0.113932 0.115174 0.114583 0.115174 0.115234 0.115174 0.115885 0.115174 0.116536 0.115174 0.117188 0.115174 0.117839 0.115174 0.118490 0.115174 0.119141 0.116088 0.119792 0.116088 0.120443 0.117002 0.121094 0.116088 0.121745 0.117002 0.122396 0.117002 0.123047 0.117002 0.123698 0.117002 0.124349 0.117002 0.125000 0.117002 0.125651 0.117002 0.126302 0.117002 0.126953 0.117002 0.127604 0.116088 0.128255 0.116088 0.128906 0.117002 0.129557 0.116088 0.130208 0.116088 0.130859 0.116088 0.131510 0.116088 0.132161 0.116088 0.132812 0.116088 0.133464 0.115174 0.134115 0.115174 0.134766 0.115174 0.135417 0.115174 0.136068 0.116088 0.136719 0.115174 0.137370 0.116088 0.138021 0.115174 0.138672 0.115174 0.139323 0.115174 0.139974 0.115174 0.140625 0.115174 0.141276 0.115174 0.141927 0.115174 0.142578 0.115174 0.143229 0.115174 0.143880 0.115174 0.144531 0.115174 0.145182 0.115174 0.145833 0.115174 0.146484 0.116088 0.147135 0.116088 0.147786 0.116088 0.148438 0.117002 0.149089 0.117002 0.149740 0.117002 0.150391 0.116088 0.151042 0.117002 0.151693 0.116088 0.152344 0.116088 0.152995 0.116088 0.153646 0.116088 0.154297 0.116088 0.154948 0.117002 0.155599 0.116088 0.156250 0.116088 0.156901 0.116088 0.157552 0.117002 0.158203 0.116088 0.158854 0.116088 0.159505 0.117002 0.160156 0.116088 0.160807 0.116088 0.161458 0.115174 0.162109 0.115174 0.162760 0.115174 0.163411 0.115174 0.164062 0.115174 0.164714 0.115174 0.165365 0.116088 0.166016 0.116088 0.166667 0.117002 0.167318 0.117002 0.167969 0.117002 0.168620 0.117002 0.169271 0.117002 0.169922 0.117002 0.170573 0.116088 0.171224 0.117002 0.171875 0.117002 0.172526 0.117002 0.173177 0.117002 0.173828 0.116088 0.174479 0.117002 0.175130 0.116088 0.175781 0.116088 0.176432 0.116088 0.177083 0.117002 0.177734 0.117002 0.178385 0.117002 0.179036 0.116088 0.179688 0.117002 0.180339 0.117002 0.180990 0.117002 0.181641 0.117002 0.182292 0.117002 0.182943 0.117002 0.183594 0.117002 0.184245 0.117002 0.184896 0.117002 0.185547 0.117002 0.186198 0.117002 0.186849 0.116088 0.187500 0.116088 0.188151 0.115174 0.188802 0.115174 0.189453 0.114260 0.190104 0.114260 0.190755 0.115174 0.191406 0.115174 0.192057 0.116088 0.192708 0.117002 0.193359 0.117916 0.193359 0.118830 0.194010 0.119744 0.194010 0.120658 0.194661 0.120658 0.195312 0.120658 0.195964 0.119744 0.196615 0.119744 0.197266 0.118830 0.197917 0.117916 0.198568 0.117002 0.199219 0.117002 0.199870 0.116088 0.200521 0.116088 0.201172 0.115174 0.201823 0.115174 0.202474 0.115174 0.203125 0.114260 0.203776 0.114260 0.204427 0.115174 0.205078 0.115174 0.205729 0.116088 0.206380 0.116088 0.207031 0.117002 0.207682 0.117002 0.208333 0.116088 0.208984 0.116088 0.209635 0.117002 0.210286 0.117002 0.210938 0.116088 0.211589 0.116088 0.212240 0.116088 0.212891 0.116088 0.213542 0.116088 0.214193 0.116088 0.214844 0.116088 0.215495 0.116088 0.216146 0.115174 0.216797 0.115174 0.217448 0.115174 0.218099 0.115174 0.218750 0.115174 0.219401 0.115174 0.220052 0.115174 0.220703 0.115174 0.221354 0.116088 0.222005 0.115174 0.222656 0.115174 0.223307 0.115174 0.223958 0.115174 0.224609 0.116088 0.225260 0.116088 0.225911 0.115174 0.226562 0.116088 0.227214 0.116088 0.227865 0.115174 0.228516 0.116088 0.229167 0.116088 0.229818 0.115174 0.230469 0.115174 0.231120 0.115174 0.231771 0.115174 0.232422 0.116088 0.233073 0.116088 0.233724 0.116088 0.234375 0.116088 0.235026 0.117002 0.235677 0.117002 0.236328 0.116088 0.236979 0.116088 0.237630 0.117002 0.238281 0.116088 0.238932 0.116088 0.239583 0.117002 0.240234 0.117002 0.240885 0.117002 0.241536 0.117002 0.242188 0.117002 0.242839 0.117916 0.243490 0.117916 0.244141 0.117002 0.244792 0.117002 0.245443 0.116088 0.246094 0.116088 0.246745 0.115174 0.247396 0.115174 0.248047 0.115174 0.248698 0.115174 0.249349 0.115174 0.250000 0.115174 0.250651 0.115174 0.251302 0.116088 0.251953 0.115174 0.252604 0.115174 0.253255 0.115174 0.253906 0.115174 0.254557 0.115174 0.255208 0.115174 0.255859 0.115174 0.256510 0.115174 0.257161 0.115174 0.257812 0.115174 0.258464 0.116088 0.259115 0.116088 0.259766 0.115174 0.260417 0.115174 0.261068 0.115174 0.261719 0.115174 0.262370 0.116088 0.263021 0.116088 0.263672 0.117002 0.264323 0.117002 0.264974 0.116088 0.265625 0.116088 0.266276 0.116088 0.266927 0.116088 0.267578 0.116088 0.268229 0.116088 0.268880 0.116088 0.269531 0.115174 0.270182 0.115174 0.270833 0.115174 0.271484 0.115174 0.272135 0.115174 0.272786 0.116088 0.273438 0.116088 0.274089 0.116088 0.274740 0.117002 0.275391 0.117002 0.276042 0.117002 0.276693 0.117916 0.277344 0.117916 0.277995 0.118830 0.278646 0.119744 0.278646 0.120658 0.278646 0.121572 0.278646 0.122486 0.278646 0.123400 0.278646 0.124314 0.278646 0.125229 0.278646 0.126143 0.278646 0.127057 0.278646 0.127971 0.279297 0.128885 0.279948 0.127971 0.280599 0.128885 0.280599 0.129799 0.281250 0.129799 0.281901 0.129799 0.282552 0.130713 0.283203 0.130713 0.283854 0.131627 0.284505 0.132541 0.284505 0.133455 0.284505 0.134369 0.284505 0.135283 0.283854 0.136197 0.283203 0.137112 0.282552 0.138026 0.281901 0.138026 0.281250 0.138940 0.280599 0.138940 0.279948 0.138940 0.279297 0.138940 0.278646 0.138940 0.277995 0.138940 0.277344 0.138940 0.276693 0.139854 0.276042 0.138940 0.275391 0.138940 0.274740 0.138940 0.274089 0.138940 0.273438 0.138940 0.272786 0.138940 0.272135 0.138940 0.271484 0.138940 0.270833 0.138940 0.270182 0.138026 0.269531 0.138026 0.268880 0.138026 0.268229 0.138026 0.267578 0.138026 0.266927 0.138026 0.266276 0.138026 0.265625 0.138026 0.264974 0.138026 0.264323 0.138026 0.263672 0.138026 0.263021 0.138026 0.262370 0.138026 0.261719 0.138026 0.261068 0.138940 0.260417 0.138940 0.259766 0.138940 0.259115 0.138940 0.258464 0.138940 0.257812 0.138940 0.257161 0.138940 0.256510 0.138940 0.255859 0.138026 0.255208 0.138026 0.254557 0.137112 0.253906 0.137112 0.253255 0.137112 0.252604 0.137112 0.251953 0.137112 0.251302 0.137112 0.250651 0.136197 0.250000 0.137112 0.249349 0.137112 0.248698 0.138026 0.248047 0.138026 0.247396 0.138940 0.246745 0.138940 0.246094 0.138026 0.245443 0.138940 0.244792 0.138026 0.244141 0.138026 0.243490 0.138026 0.242839 0.138940 0.242188 0.138940 0.241536 0.138026 0.240885 0.138026 0.240234 0.138026 0.239583 0.138026 0.238932 0.138026 0.238281 0.138026 0.237630 0.138026 0.236979 0.138026 0.236328 0.138026 0.235677 0.138026 0.235026 0.138026 0.234375 0.138026 0.233724 0.137112 0.233073 0.137112 0.232422 0.136197 0.231771 0.135283 0.231120 0.135283 0.230469 0.134369 0.229818 0.135283 0.229167 0.134369 0.229818 0.135283 0.229167 0.136197 0.228516 0.137112 0.227865 0.138026 0.227214 0.138026 0.226562 0.138940 0.225911 0.138026 0.225260 0.138026 0.224609 0.138026 0.223958 0.138026 0.223307 0.138026 0.222656 0.138026 0.222005 0.138026 0.221354 0.138940 0.220703 0.138940 0.220052 0.138940 0.219401 0.138940 0.218750 0.138940 0.218099 0.138940 0.217448 0.138026 0.216797 0.138026 0.216146 0.138026 0.215495 0.138026 0.214844 0.138026 0.214193 0.138026 0.213542 0.138026 0.212891 0.138026 0.212240 0.138026 0.211589 0.138026 0.210938 0.137112 0.210286 0.138026 0.209635 0.137112 0.208984 0.137112 0.208333 0.138026 0.207682 0.138026 0.207031 0.138026 0.206380 0.137112 0.205729 0.138026 0.205078 0.138026 0.204427 0.138026 0.203776 0.138026 0.203125 0.138026 0.202474 0.138026 0.201823 0.138026 0.201172 0.138026 0.200521 0.138026 0.199870 0.138026 0.199219 0.138026 0.198568 0.138026 0.197917 0.138026 0.197266 0.138026 0.196615 0.138026 0.195964 0.138026 0.195312 0.138026 0.194661 0.138940 0.194010 0.138026 0.193359 0.138026 0.192708 0.138026 0.192057 0.138026 0.191406 0.138940 0.190755 0.138026 0.190104 0.138026 0.189453 0.138026 0.188802 0.138026 0.188151 0.138026 0.187500 0.138026 0.186849 0.138026 0.186198 0.138026 0.185547 0.138026 0.184896 0.137112 0.184245 0.138026 0.183594 0.138026 0.182943 0.137112 0.182292 0.137112 0.181641 0.138026 0.180990 0.138026 0.180339 0.138026 0.179688 0.138026 0.179036 0.138026 0.178385 0.138026 0.177734 0.138026 0.177083 0.137112 0.176432 0.138026 0.175781 0.138026 0.175130 0.138026 0.174479 0.138026 0.173828 0.138026 0.173177 0.138026 0.172526 0.138940 0.171875 0.138940 0.171224 0.138026 0.170573 0.138026 0.169922 0.138026 0.169271 0.138026 0.168620 0.138026 0.167969 0.138026 0.167318 0.138026 0.166667 0.138026 0.166016 0.138026 0.165365 0.138026 0.164714 0.138026 0.164062 0.138026 0.163411 0.138940 0.162760 0.138026 0.162109 0.138026 0.161458 0.138026 0.160807 0.138940 0.160156 0.138026 0.159505 0.138026 0.158854 0.137112 0.158203 0.137112 0.157552 0.138026 0.156901 0.137112 0.156250 0.137112 0.155599 0.137112 0.154948 0.138026 0.154297 0.138026 0.153646 0.138026 0.152995 0.138026 0.152344 0.138026 0.151693 0.138026 0.151042 0.137112 0.150391 0.137112 0.149740 0.137112 0.149089 0.138026 0.148438 0.138026 0.147786 0.137112 0.147135 0.138026 0.146484 0.138026 0.145833 0.138026 0.145182 0.138026 0.144531 0.138026 0.143880 0.138026 0.143229 0.138026 0.142578 0.138026 0.141927 0.138026 0.141276 0.138026 0.140625 0.138026 0.139974 0.138026 0.139323 0.137112 0.138672 0.137112 0.138021 0.136197 0.137370 0.136197 0.136719 0.136197 0.136068 0.137112 0.135417 0.137112 0.134766 0.138026 0.134115 0.138026 0.133464 0.138026 0.132812 0.138026 0.132161 0.138026 0.131510 0.138026 0.130859 0.138026 0.130208 0.138026 0.129557 0.138026 0.128906 0.138026 0.128255 0.138026 0.127604 0.137112 0.126953 0.137112 0.126302 0.137112 0.125651 0.137112 0.125000 0.137112 0.124349 0.137112 0.123698 0.137112 0.123047 0.137112 0.122396 0.137112 0.121745 0.137112 0.121094 0.137112 0.120443 0.137112 0.119792 0.138026 0.119141 0.138026 0.118490 0.138026 0.117839 0.138026 0.117188 0.138026 0.116536 0.138026 0.115885 0.138026 0.115234 0.138026 0.114583 0.138026 0.113932 0.138026 0.113281 0.138026 0.112630 0.138026 0.111979 0.138026 0.111328 0.138026 0.110677 0.138026 0.110026 0.138026 0.109375 0.138026 0.108724 0.138940 0.108073 0.138026 0.107422 0.138940 0.106771 0.138026 0.106120 0.138026 0.105469 0.138026 0.104818 0.138026 0.104167 0.138026 0.103516 0.138026 0.102865 0.138026 0.102214 0.137112 0.101562 0.138026 0.100911 0.138026 0.100260 0.138026 0.099609 0.138026 0.098958 0.138026 0.098307 0.138026 0.097656 0.138026 0.097005 0.137112 0.096354 0.137112 0.095703 0.138026 0.095052 0.137112 0.094401 0.138026 0.093750 0.138026 0.093099 0.137112 0.092448 0.137112 0.091797 0.138026 0.091146 0.138026 0.090495 0.138026 0.089844 0.138026 0.089193 0.138026 0.088542 0.138026 0.087891 0.138026 0.087240 0.138026 0.086589 0.138940 0.085938 0.138940 0.085286 0.138026 0.084635 0.138940 0.083984 0.138026 0.083333 0.138026 0.082682 0.138026 0.082031 0.138026 0.081380 0.138026 0.080729 0.138026 0.080078 0.138940 0.079427 0.138940 0.078776 0.138940 0.078125 0.138026 0.077474 0.138940 0.076823 0.138940 0.076172 0.138940 0.075521 0.138940 0.074870 0.138940 0.074219 0.138026 0.073568 0.138026 0.072917 0.138026 0.072266 0.138026 0.071615 0.138026 0.070964 0.138026 0.070312 0.138026 0.069661 0.138026 0.069010 0.138026 0.068359 0.138026 0.067708 0.138026 0.067057 0.138026 0.066406 0.138026 0.065755 0.138026 0.065104 0.138026 0.064453 0.138026 0.063802 0.138026 0.063151 0.138026 0.062500 0.138026 0.061849 0.138026 0.061198 0.138026 0.060547 0.138026 0.059896 0.138940 0.059245 0.138940 0.058594 0.138940 0.057943 0.138026 0.057292 0.138026 0.056641 0.138940 0.055990 0.138940 0.055339 0.138026 0.054688 0.138940 0.054036 0.138026 0.053385 0.138026 0.052734 0.138026 0.052083 0.138940 0.051432 0.138940 0.050781 0.138940 0.050130 0.138940 0.049479 0.138026 0.048828 0.138940 0.048177 0.138026 0.047526 0.138026 0.046875 0.138026 0.046224 0.138026 0.045573 0.138026 0.044922 0.138026 0.044271 0.138026 0.043620 0.138940 0.042969 0.138940 0.042318 0.138026 0.041667 0.138026 0.041016 0.138026 0.040365 0.138026 0.039714 0.138026 0.039062 0.138026 0.038411 0.138026 0.037760 0.138026 0.037109 0.138026 0.036458 0.138026 0.035807 0.138026 0.035156 0.138026 0.034505 0.138026 0.033854 0.138026 0.033203 0.138026 0.032552 0.138026 0.031901 0.138940 0.031250 0.138940 0.030599 0.138940 0.029948 0.138940 0.029297 0.138940 0.028646 0.138940 0.027995 0.138940 0.027344 0.138940 0.026693 0.138940 0.026042 0.138940 0.025391 0.138940 0.024740 0.138940 0.024089 0.138940 0.023438 0.138940 0.022786 0.138940 0.022135 0.138940 0.021484 0.138940 0.020833 0.138940 0.020182 0.138940 0.019531 0.138940 0.018880 0.138940 0.018229 0.138940 0.017578 0.138940 0.016927 0.138940 0.016276 0.138026 0.015625 0.138026 0.014974 0.138026 0.014323 0.138026 0.013672 0.138026 0.013021 0.138940 0.012370 0.138940 0.011719 0.138026 0.011068 0.138940 0.010417 0.138940 0.009766 0.138940 0.009115 0.138026 0.008464 0.138940 0.007812 0.138940 0.007161 0.138940 0.006510 0.138940 0.005859 0.138940 0.005208 0.138940 0.004557 0.138940 0.003906 0.138940 0.003255 0.138940 0.002604 0.138940 0.001953 0.138940 0.001302 0.138026 0.000651 0.138940 0.000651 0.139854 0.000651 0.140768 0.000651 0.141682 0.000651 0.142596 0.000651 0.143510 0.000651 0.144424 0.000651 0.145338 0.000651 0.146252 0.000651 0.147166 0.000651 0.148080 0.000651 0.148995 0.000651 0.149909 0.000651 0.150823 0.000651 0.151737 0.000651 0.152651 0.000651 0.153565 0.000651 0.154479 0.000651 0.155393 0.000651 0.156307 0.001302 0.156307 0.001953 0.156307 0.002604 0.155393 0.003255 0.155393 0.003906 0.155393 0.004557 0.155393 0.005208 0.155393 0.005859 0.155393 0.006510 0.155393 0.007161 0.155393 0.007812 0.155393 0.008464 0.155393 0.009115 0.155393 0.009766 0.155393 0.010417 0.155393 0.011068 0.155393 0.011719 0.155393 0.012370 0.155393 0.013021 0.155393 0.013672 0.155393 0.014323 0.155393 0.014974 0.155393 0.015625 0.155393 0.016276 0.155393 0.016927 0.155393 0.017578 0.156307 0.018229 0.156307 0.018880 0.156307 0.019531 0.156307 0.020182 0.156307 0.020833 0.156307 0.021484 0.156307 0.022135 0.156307 0.022786 0.156307 0.023438 0.156307 0.024089 0.156307 0.024740 0.156307 0.025391 0.156307 0.026042 0.156307 0.026693 0.156307 0.027344 0.156307 0.027995 0.156307 0.028646 0.156307 0.029297 0.157221 0.029948 0.156307 0.030599 0.156307 0.031250 0.155393 0.031901 0.155393 0.032552 0.155393 0.033203 0.155393 0.033854 0.155393 0.034505 0.155393 0.035156 0.155393 0.035807 0.155393 0.036458 0.155393 0.037109 0.155393 0.037760 0.155393 0.038411 0.155393 0.039062 0.155393 0.039714 0.155393 0.040365 0.155393 0.041016 0.155393 0.041667 0.155393 0.042318 0.155393 0.042969 0.155393 0.043620 0.155393 0.044271 0.155393 0.044922 0.155393 0.045573 0.155393 0.046224 0.156307 0.046875 0.156307 0.047526 0.157221 0.048177 0.157221 0.048828 0.157221 0.049479 0.156307 0.050130 0.156307 0.050781 0.156307 0.051432 0.156307 0.052083 0.156307 0.052734 0.156307 0.053385 0.156307 0.054036 0.156307 0.054688 0.156307 0.055339 0.156307 0.055990 0.157221 0.056641 0.157221 0.057292 0.157221 0.057943 0.157221 0.058594 0.157221 0.059245 0.156307 0.059896 0.156307 0.060547 0.155393 0.061198 0.155393 0.061849 0.155393 0.062500 0.155393 0.063151 0.154479 0.063802 0.154479 0.064453 0.155393 0.065104 0.155393 0.065755 0.155393 0.066406 0.155393 0.067057 0.155393 0.067708 0.155393 0.068359 0.155393 0.069010 0.155393 0.069661 0.155393 0.070312 0.155393 0.070964 0.155393 0.071615 0.155393 0.072266 0.155393 0.072917 0.155393 0.073568 0.155393 0.074219 0.156307 0.074870 0.156307 0.075521 0.157221 0.076172 0.157221 0.076823 0.157221 0.077474 0.156307 0.078125 0.156307 0.078776 0.156307 0.079427 0.156307 0.080078 0.156307 0.080729 0.156307 0.081380 0.156307 0.082031 0.156307 0.082682 0.156307 0.083333 0.156307 0.083984 0.156307 0.084635 0.157221 0.085286 0.157221 0.085938 0.157221 0.086589 0.158135 0.087240 0.157221 0.087891 0.157221 0.088542 0.156307 0.089193 0.156307 0.089844 0.155393 0.090495 0.155393 0.091146 0.155393 0.091797 0.155393 0.092448 0.155393 0.093099 0.155393 0.093750 0.155393 0.094401 0.155393 0.095052 0.155393 0.095703 0.155393 0.096354 0.155393 0.097005 0.155393 0.097656 0.155393 0.098307 0.155393 0.098958 0.155393 0.099609 0.155393 0.100260 0.155393 0.100911 0.155393 0.101562 0.154479 0.102214 0.155393 0.102865 0.155393 0.103516 0.156307 0.104167 0.157221 0.104818 0.157221 0.105469 0.157221 0.106120 0.157221 0.106771 0.157221 0.107422 0.157221 0.108073 0.157221 0.108724 0.157221 0.109375 0.157221 0.110026 0.157221 0.110677 0.157221 0.111328 0.157221 0.111979 0.157221 0.112630 0.157221 0.113281 0.157221 0.113932 0.157221 0.114583 0.157221 0.115234 0.157221 0.115885 0.157221 0.116536 0.156307 0.117188 0.156307 0.117839 0.156307 0.118490 0.155393 0.119141 0.155393 0.119792 0.155393 0.120443 0.156307 0.121094 0.155393 0.121745 0.155393 0.122396 0.155393 0.123047 0.155393 0.123698 0.155393 0.124349 0.155393 0.125000 0.155393 0.125651 0.155393 0.126302 0.155393 0.126953 0.154479 0.127604 0.155393 0.128255 0.155393 0.128906 0.155393 0.129557 0.155393 0.130208 0.156307 0.130859 0.156307 0.131510 0.157221 0.132161 0.157221 0.132812 0.157221 0.133464 0.157221 0.134115 0.157221 0.134766 0.157221 0.135417 0.157221 0.136068 0.156307 0.136719 0.156307 0.137370 0.156307 0.138021 0.156307 0.138672 0.156307 0.139323 0.156307 0.139974 0.157221 0.140625 0.157221 0.141276 0.156307 0.141927 0.157221 0.142578 0.157221 0.143229 0.157221 0.143880 0.158135 0.144531 0.158135 0.145182 0.157221 0.145833 0.156307 0.146484 0.156307 0.147135 0.155393 0.147786 0.155393 0.148438 0.155393 0.149089 0.155393 0.149740 0.155393 0.150391 0.156307 0.151042 0.155393 0.151693 0.155393 0.152344 0.155393 0.152995 0.155393 0.153646 0.155393 0.154297 0.155393 0.154948 0.155393 0.155599 0.155393 0.156250 0.155393 0.156901 0.154479 0.157552 0.154479 0.158203 0.155393 0.158854 0.155393 0.159505 0.156307 0.160156 0.157221 0.160807 0.158135 0.161458 0.159049 0.160807 0.159963 0.160807 0.160878 0.160807 0.159963 0.161458 0.159049 0.162109 0.159049 0.162760 0.158135 0.163411 0.158135 0.164062 0.157221 0.164714 0.157221 0.165365 0.157221 0.166016 0.157221 0.166667 0.157221 0.167318 0.156307 0.167969 0.156307 0.168620 0.156307 0.169271 0.157221 0.169922 0.157221 0.170573 0.157221 0.171224 0.157221 0.171875 0.158135 0.172526 0.157221 0.173177 0.157221 0.173828 0.157221 0.174479 0.156307 0.175130 0.156307 0.175781 0.156307 0.176432 0.156307 0.177083 0.156307 0.177734 0.156307 0.178385 0.157221 0.179036 0.157221 0.179688 0.157221 0.180339 0.157221 0.180990 0.157221 0.181641 0.157221 0.182292 0.157221 0.182943 0.157221 0.183594 0.157221 0.184245 0.157221 0.184896 0.156307 0.185547 0.156307 0.186198 0.155393 0.186849 0.155393 0.187500 0.155393 0.188151 0.156307 0.188802 0.156307 0.189453 0.157221 0.190104 0.158135 0.190755 0.157221 0.191406 0.157221 0.192057 0.157221 0.192708 0.157221 0.193359 0.157221 0.194010 0.156307 0.194661 0.156307 0.195312 0.156307 0.195964 0.156307 0.196615 0.156307 0.197266 0.156307 0.197917 0.156307 0.198568 0.156307 0.199219 0.156307 0.199870 0.157221 0.200521 0.157221 0.201172 0.158135 0.201823 0.157221 0.202474 0.157221 0.203125 0.156307 0.203776 0.156307 0.204427 0.155393 0.205078 0.155393 0.205729 0.155393 0.206380 0.155393 0.207031 0.155393 0.207682 0.154479 0.208333 0.154479 0.208984 0.155393 0.209635 0.155393 0.210286 0.155393 0.210938 0.155393 0.211589 0.155393 0.212240 0.155393 0.212891 0.155393 0.213542 0.155393 0.214193 0.155393 0.214844 0.155393 0.215495 0.155393 0.216146 0.156307 0.216797 0.155393 0.217448 0.156307 0.218099 0.156307 0.218750 0.156307 0.219401 0.156307 0.220052 0.156307 0.220703 0.156307 0.221354 0.156307 0.222005 0.156307 0.222656 0.156307 0.223307 0.156307 0.223958 0.156307 0.224609 0.156307 0.225260 0.156307 0.225911 0.156307 0.226562 0.156307 0.227214 0.157221 0.227865 0.157221 0.228516 0.157221 0.229167 0.156307 0.229818 0.156307 0.230469 0.155393 0.231120 0.155393 0.231771 0.155393 0.232422 0.156307 0.233073 0.156307 0.233724 0.156307 0.234375 0.157221 0.235026 0.157221 0.235677 0.156307 0.236328 0.156307 0.236979 0.156307 0.237630 0.156307 0.238281 0.155393 0.238932 0.155393 0.239583 0.154479 0.240234 0.154479 0.240885 0.154479 0.241536 0.154479 0.242188 0.155393 0.242839 0.155393 0.243490 0.156307 0.244141 0.157221 0.244792 0.158135 0.245443 0.157221 0.246094 0.157221 0.246745 0.157221 0.247396 0.156307 0.248047 0.156307 0.248698 0.156307 0.249349 0.156307 0.250000 0.156307 0.250651 0.156307 0.251302 0.155393 0.251953 0.155393 0.252604 0.155393 0.253255 0.155393 0.253906 0.155393 0.254557 0.155393 0.255208 0.156307 0.255859 0.156307 0.256510 0.155393 0.257161 0.155393 0.257812 0.155393 0.258464 0.155393 0.259115 0.155393 0.259766 0.155393 0.260417 0.155393 0.261068 0.155393 0.261719 0.155393 0.262370 0.155393 0.263021 0.155393 0.263672 0.155393 0.264323 0.155393 0.264974 0.155393 0.265625 0.155393 0.266276 0.155393 0.266927 0.155393 0.267578 0.155393 0.268229 0.155393 0.268880 0.155393 0.269531 0.155393 0.270182 0.155393 0.270833 0.155393 0.271484 0.154479 0.272135 0.154479 0.272786 0.154479 0.273438 0.154479 0.274089 0.154479 0.274740 0.154479 0.275391 0.154479 0.276042 0.154479 0.276693 0.154479 0.277344 0.154479 0.277995 0.155393 0.278646 0.155393 0.279297 0.155393 0.279948 0.155393 0.280599 0.155393 0.281250 0.155393 0.281901 0.155393 0.282552 0.155393 0.283203 0.155393 0.283854 0.155393 0.284505 0.155393 0.285156 0.155393 0.285807 0.155393 0.286458 0.155393 0.287109 0.155393 0.287760 0.154479 0.288411 0.154479 0.289062 0.154479 0.289714 0.153565 0.290365 0.153565 0.291016 0.154479 0.291667 0.153565 0.292318 0.153565 0.292969 0.153565 0.293620 0.153565 0.294271 0.153565 0.294922 0.153565 0.295573 0.153565 0.296224 0.153565 0.296875 0.154479 0.297526 0.153565 0.298177 0.153565 0.298828 0.153565 0.299479 0.153565 0.300130 0.153565 0.300781 0.153565 0.301432 0.153565 0.302083 0.153565 0.302734 0.153565 0.303385 0.154479 0.304036 0.154479 0.304688 0.154479 0.305339 0.155393 0.305990 0.155393 0.306641 0.155393 0.307292 0.155393 0.307943 0.155393 0.308594 0.155393 0.309245 0.155393 0.309896 0.155393 0.310547 0.154479 0.311198 0.155393 0.311849 0.154479 0.312500 0.155393 0.313151 0.155393 0.313802 0.155393 0.314453 0.156307 0.315104 0.156307 0.315755 0.157221 0.316406 0.158135 0.316406 0.159049 0.317057 0.159049 0.317057 0.158135 0.317708 0.157221 0.318359 0.156307 0.319010 0.155393 0.319661 0.155393 0.320312 0.154479 0.320964 0.154479 0.321615 0.153565 0.322266 0.154479 0.322917 0.153565 0.323568 0.153565 0.324219 0.153565 0.324870 0.154479 0.325521 0.154479 0.326172 0.155393 0.326823 0.156307 0.327474 0.157221 0.328125 0.158135 0.328776 0.159049 0.328776 0.159963 0.328776 0.159049 0.328776 0.158135 0.328776 0.157221 0.328776 0.156307 0.329427 0.155393 0.330078 0.154479 0.330729 0.153565 0.331380 0.153565 0.332031 0.152651 0.332682 0.152651 0.333333 0.153565 0.333984 0.153565 0.334635 0.154479 0.335286 0.154479 0.335938 0.154479 0.336589 0.154479 0.337240 0.154479 0.337891 0.154479 0.338542 0.154479 0.339193 0.154479 0.339844 0.154479 0.340495 0.154479 0.341146 0.154479 0.341797 0.154479 0.342448 0.154479 0.343099 0.154479 0.343750 0.155393 0.344401 0.155393 0.345052 0.156307 0.345703 0.156307 0.346354 0.157221 0.347005 0.157221 0.347656 0.156307 0.348307 0.155393 0.348958 0.156307 0.348307 0.155393 0.348958 0.154479 0.349609 0.153565 0.350260 0.153565 0.350911 0.152651 0.351562 0.152651 0.352214 0.153565 0.352865 0.152651 0.353516 0.153565 0.354167 0.153565 0.354818 0.154479 0.355469 0.154479 0.356120 0.155393 0.356771 0.156307 0.356771 0.157221 0.356771 0.158135 0.356120 0.159049 0.356120 0.159963 0.356120 0.160878 0.356120 0.161792 0.356120 0.162706 0.356120 0.163620 0.356120 0.164534 0.356771 0.165448 0.357422 0.164534 0.358073 0.163620 0.358724 0.163620 0.359375 0.162706 0.358724 0.161792 0.358724 0.160878 0.358724 0.159963 0.358724 0.159049 0.358724 0.158135 0.358724 0.157221 0.358724 0.156307 0.358724 0.155393 0.359375 0.154479 0.360026 0.153565 0.360677 0.153565 0.361328 0.152651 0.361979 0.152651 0.362630 0.152651 0.363281 0.152651 0.363932 0.153565 0.364583 0.153565 0.365234 0.152651 0.365885 0.153565 0.366536 0.153565 0.367188 0.153565 0.367839 0.153565 0.368490 0.153565 0.369141 0.154479 0.369792 0.154479 0.370443 0.153565 0.371094 0.153565 0.371745 0.153565 0.372396 0.153565 0.373047 0.153565 0.373698 0.152651 0.374349 0.152651 0.375000 0.152651 0.375651 0.152651 0.376302 0.152651 0.376953 0.152651 0.377604 0.152651 0.378255 0.152651 0.378906 0.152651 0.379557 0.152651 0.380208 0.153565 0.380859 0.153565 0.381510 0.153565 0.382161 0.153565 0.382812 0.152651 0.383464 0.152651 0.384115 0.152651 0.384766 0.152651 0.385417 0.152651 0.386068 0.152651 0.386719 0.152651 0.387370 0.152651 0.388021 0.152651 0.388672 0.152651 0.389323 0.152651 0.389974 0.152651 0.390625 0.152651 0.391276 0.153565 0.391927 0.153565 0.392578 0.153565 0.393229 0.153565 0.393880 0.153565 0.394531 0.153565 0.395182 0.153565 0.395833 0.153565 0.396484 0.153565 0.397135 0.152651 0.397786 0.152651 0.398438 0.152651 0.399089 0.153565 0.399740 0.153565 0.400391 0.154479 0.401042 0.154479 0.401693 0.154479 0.402344 0.154479 0.402995 0.155393 0.403646 0.155393 0.404297 0.156307 0.404948 0.157221 0.405599 0.158135 0.405599 0.159049 0.405599 0.159963 0.405599 0.160878 0.405599 0.161792 0.405599 0.162706 0.406250 0.163620 0.406250 0.164534 0.406901 0.165448 0.407552 0.166362 0.406901 0.167276 0.407552 0.166362 0.408203 0.167276 0.408854 0.167276 0.409505 0.168190 0.408854 0.169104 0.408854 0.170018 0.409505 0.170018 0.410156 0.170018 0.410807 0.170932 0.411458 0.170932 0.412109 0.171846 0.412760 0.172761 0.412760 0.173675 0.412760 0.174589 0.412760 0.175503 0.412109 0.176417 0.411458 0.177331 0.410807 0.177331 0.410156 0.178245 0.409505 0.178245 0.408854 0.179159 0.408203 0.179159 0.407552 0.180073 0.406901 0.180073 0.406250 0.180987 0.405599 0.180987 0.404948 0.181901 0.404297 0.180987 0.403646 0.180987 0.402995 0.180987 0.402344 0.180987 0.401693 0.180073 0.401042 0.180073 0.400391 0.179159 0.399740 0.179159 0.399089 0.179159 0.398438 0.178245 0.397786 0.178245 0.397135 0.178245 0.396484 0.178245 0.395833 0.178245 0.395182 0.178245 0.394531 0.178245 0.393880 0.178245 0.393229 0.178245 0.392578 0.178245 0.391927 0.178245 0.391276 0.177331 0.390625 0.177331 0.389974 0.176417 0.389323 0.175503 0.388672 0.176417 0.388021 0.177331 0.387370 0.178245 0.386719 0.178245 0.386068 0.179159 0.385417 0.179159 0.384766 0.180073 0.384115 0.180073 0.383464 0.180987 0.382812 0.180073 0.382161 0.180987 0.381510 0.180073 0.380859 0.180073 0.380208 0.180073 0.379557 0.180073 0.378906 0.180073 0.378255 0.180073 0.377604 0.180073 0.376953 0.179159 0.376302 0.180073 0.375651 0.180073 0.375000 0.180073 0.374349 0.180073 0.373698 0.180073 0.373047 0.179159 0.372396 0.179159 0.371745 0.178245 0.371094 0.177331 0.370443 0.178245 0.369792 0.178245 0.369141 0.177331 0.368490 0.178245 0.367839 0.178245 0.367188 0.178245 0.366536 0.178245 0.365885 0.178245 0.365234 0.179159 0.364583 0.179159 0.363932 0.179159 0.363281 0.179159 0.362630 0.179159 0.361979 0.180073 0.361328 0.180073 0.360677 0.180073 0.360026 0.180073 0.359375 0.179159 0.358724 0.180073 0.358073 0.179159 0.357422 0.179159 0.356771 0.178245 0.356120 0.178245 0.355469 0.177331 0.354818 0.176417 0.354818 0.175503 0.354818 0.174589 0.354818 0.173675 0.354167 0.172761 0.354818 0.171846 0.354167 0.172761 0.353516 0.173675 0.352865 0.173675 0.352214 0.172761 0.352865 0.173675 0.352214 0.174589 0.352214 0.175503 0.352214 0.176417 0.351562 0.177331 0.350911 0.178245 0.350260 0.179159 0.349609 0.179159 0.348958 0.180073 0.348307 0.180073 0.347656 0.180073 0.347005 0.180073 0.346354 0.180073 0.345703 0.180073 0.345052 0.180073 0.344401 0.179159 0.343750 0.179159 0.343099 0.179159 0.342448 0.178245 0.341797 0.178245 0.341146 0.178245 0.340495 0.178245 0.339844 0.178245 0.339193 0.178245 0.338542 0.178245 0.337891 0.178245 0.337240 0.178245 0.336589 0.178245 0.335938 0.178245 0.335286 0.178245 0.334635 0.179159 0.333984 0.179159 0.333333 0.180073 0.332682 0.180073 0.332031 0.180073 0.331380 0.180073 0.330729 0.180073 0.330078 0.180073 0.329427 0.179159 0.328776 0.179159 0.328125 0.179159 0.327474 0.178245 0.326823 0.178245 0.326172 0.178245 0.325521 0.178245 0.324870 0.179159 0.324219 0.178245 0.323568 0.179159 0.322917 0.179159 0.322266 0.179159 0.321615 0.179159 0.320964 0.179159 0.320312 0.180073 0.319661 0.180073 0.319010 0.180073 0.318359 0.180987 0.317708 0.180987 0.317057 0.181901 0.316406 0.181901 0.315755 0.180987 0.315104 0.180987 0.314453 0.180073 0.313802 0.179159 0.313151 0.179159 0.312500 0.178245 0.311849 0.178245 0.311198 0.178245 0.310547 0.177331 0.309896 0.177331 0.309245 0.177331 0.308594 0.177331 0.307943 0.177331 0.307292 0.177331 0.306641 0.178245 0.305990 0.178245 0.305339 0.178245 0.304688 0.179159 0.304036 0.180073 0.303385 0.180073 0.302734 0.180987 0.302083 0.180987 0.301432 0.181901 0.300781 0.181901 0.300130 0.180987 0.299479 0.180987 0.298828 0.180073 0.298177 0.179159 0.298177 0.178245 0.298177 0.177331 0.298177 0.176417 0.298177 0.175503 0.298177 0.174589 0.298177 0.173675 0.298177 0.172761 0.298177 0.171846 0.298177 0.170932 0.298177 0.170018 0.298828 0.169104 0.299479 0.168190 0.300130 0.167276 0.300781 0.167276 0.301432 0.166362 0.302083 0.167276 0.301432 0.166362 0.300781 0.167276 0.300130 0.166362 0.299479 0.165448 0.298828 0.165448 0.298177 0.165448 0.297526 0.165448 0.296875 0.165448 0.296224 0.164534 0.296875 0.165448 0.296875 0.166362 0.296224 0.167276 0.296224 0.168190 0.296224 0.169104 0.296224 0.170018 0.296224 0.170932 0.296224 0.171846 0.296224 0.172761 0.296224 0.173675 0.295573 0.174589 0.295573 0.175503 0.294922 0.176417 0.294271 0.177331 0.293620 0.178245 0.292969 0.178245 0.292318 0.179159 0.291667 0.179159 0.291016 0.179159 0.290365 0.179159 0.289714 0.179159 0.289062 0.179159 0.288411 0.179159 0.287760 0.179159 0.287109 0.178245 0.286458 0.179159 0.285807 0.179159 0.285156 0.178245 0.284505 0.179159 0.283854 0.178245 0.283203 0.179159 0.282552 0.178245 0.281901 0.178245 0.281250 0.179159 0.280599 0.179159 0.279948 0.179159 0.279297 0.179159 0.278646 0.179159 0.277995 0.178245 0.277344 0.178245 0.276693 0.178245 0.276042 0.178245 0.275391 0.178245 0.274740 0.178245 0.274089 0.178245 0.273438 0.178245 0.272786 0.178245 0.272135 0.178245 0.271484 0.179159 0.270833 0.179159 0.270182 0.179159 0.269531 0.179159 0.268880 0.178245 0.268229 0.178245 0.267578 0.177331 0.266927 0.177331 0.266276 0.176417 0.265625 0.175503 0.264974 0.174589 0.264974 0.173675 0.264974 0.172761 0.264974 0.171846 0.264974 0.170932 0.264323 0.170018 0.264974 0.170932 0.264323 0.171846 0.263672 0.172761 0.263672 0.173675 0.263672 0.174589 0.263021 0.175503 0.262370 0.176417 0.261719 0.177331 0.261068 0.177331 0.260417 0.178245 0.259766 0.178245 0.259115 0.178245 0.258464 0.178245 0.257812 0.178245 0.257161 0.178245 0.256510 0.178245 0.255859 0.178245 0.255208 0.178245 0.254557 0.178245 0.253906 0.178245 0.253255 0.178245 0.252604 0.177331 0.251953 0.178245 0.251302 0.178245 0.250651 0.177331 0.250000 0.177331 0.249349 0.177331 0.248698 0.177331 0.248047 0.177331 0.247396 0.177331 0.246745 0.177331 0.246094 0.178245 0.245443 0.178245 0.244792 0.178245 0.244141 0.178245 0.243490 0.178245 0.242839 0.178245 0.242188 0.177331 0.241536 0.177331 0.240885 0.178245 0.240234 0.177331 0.239583 0.178245 0.238932 0.178245 0.238281 0.178245 0.237630 0.178245 0.236979 0.178245 0.236328 0.177331 0.235677 0.177331 0.235026 0.178245 0.234375 0.177331 0.233724 0.177331 0.233073 0.177331 0.232422 0.177331 0.231771 0.177331 0.231120 0.177331 0.230469 0.177331 0.229818 0.177331 0.229167 0.177331 0.228516 0.177331 0.227865 0.177331 0.227214 0.177331 0.226562 0.177331 0.225911 0.177331 0.225260 0.177331 0.224609 0.176417 0.223958 0.177331 0.223307 0.177331 0.222656 0.177331 0.222005 0.177331 0.221354 0.177331 0.220703 0.177331 0.220052 0.177331 0.219401 0.177331 0.218750 0.177331 0.218099 0.177331 0.217448 0.177331 0.216797 0.177331 0.216146 0.177331 0.215495 0.177331 0.214844 0.178245 0.214193 0.177331 0.213542 0.178245 0.212891 0.178245 0.212240 0.178245 0.211589 0.177331 0.210938 0.177331 0.210286 0.177331 0.209635 0.177331 0.208984 0.177331 0.208333 0.177331 0.207682 0.177331 0.207031 0.177331 0.206380 0.177331 0.205729 0.177331 0.205078 0.177331 0.204427 0.177331 0.203776 0.177331 0.203125 0.177331 0.202474 0.177331 0.201823 0.177331 0.201172 0.177331 0.200521 0.177331 0.199870 0.177331 0.199219 0.177331 0.198568 0.177331 0.197917 0.176417 0.197266 0.177331 0.196615 0.176417 0.195964 0.176417 0.195312 0.177331 0.194661 0.176417 0.194010 0.176417 0.193359 0.176417 0.192708 0.176417 0.192057 0.176417 0.191406 0.176417 0.190755 0.176417 0.190104 0.176417 0.189453 0.177331 0.188802 0.176417 0.188151 0.176417 0.187500 0.177331 0.186849 0.177331 0.186198 0.176417 0.185547 0.176417 0.184896 0.177331 0.184245 0.177331 0.183594 0.177331 0.182943 0.177331 0.182292 0.177331 0.181641 0.177331 0.180990 0.177331 0.180339 0.177331 0.179688 0.177331 0.179036 0.177331 0.178385 0.177331 0.177734 0.177331 0.177083 0.177331 0.176432 0.177331 0.175781 0.177331 0.175130 0.177331 0.174479 0.177331 0.173828 0.177331 0.173177 0.177331 0.172526 0.177331 0.171875 0.176417 0.171224 0.176417 0.170573 0.176417 0.169922 0.176417 0.169271 0.176417 0.168620 0.176417 0.167969 0.176417 0.167318 0.176417 0.166667 0.176417 0.166016 0.176417 0.165365 0.176417 0.164714 0.176417 0.164062 0.176417 0.163411 0.176417 0.162760 0.176417 0.162109 0.176417 0.161458 0.176417 0.160807 0.176417 0.160156 0.176417 0.159505 0.176417 0.158854 0.176417 0.158203 0.176417 0.157552 0.176417 0.156901 0.177331 0.156250 0.177331 0.155599 0.177331 0.154948 0.177331 0.154297 0.177331 0.153646 0.177331 0.152995 0.177331 0.152344 0.177331 0.151693 0.177331 0.151042 0.176417 0.150391 0.177331 0.149740 0.177331 0.149089 0.177331 0.148438 0.176417 0.147786 0.177331 0.147135 0.177331 0.146484 0.177331 0.145833 0.177331 0.145182 0.177331 0.144531 0.176417 0.143880 0.176417 0.143229 0.176417 0.142578 0.176417 0.141927 0.176417 0.141276 0.176417 0.140625 0.176417 0.139974 0.176417 0.139323 0.176417 0.138672 0.176417 0.138021 0.176417 0.137370 0.176417 0.136719 0.176417 0.136068 0.176417 0.135417 0.176417 0.134766 0.176417 0.134115 0.176417 0.133464 0.175503 0.132812 0.175503 0.132161 0.176417 0.131510 0.176417 0.130859 0.176417 0.130208 0.176417 0.129557 0.176417 0.128906 0.176417 0.128255 0.176417 0.127604 0.176417 0.126953 0.176417 0.126302 0.176417 0.125651 0.176417 0.125000 0.176417 0.124349 0.176417 0.123698 0.176417 0.123047 0.176417 0.122396 0.176417 0.121745 0.176417 0.121094 0.176417 0.120443 0.176417 0.119792 0.176417 0.119141 0.176417 0.118490 0.176417 0.117839 0.176417 0.117188 0.176417 0.116536 0.176417 0.115885 0.176417 0.115234 0.176417 0.114583 0.176417 0.113932 0.176417 0.113281 0.176417 0.112630 0.176417 0.111979 0.176417 0.111328 0.176417 0.110677 0.176417 0.110026 0.175503 0.109375 0.175503 0.108724 0.176417 0.108073 0.175503 0.107422 0.175503 0.106771 0.175503 0.106120 0.175503 0.105469 0.175503 0.104818 0.175503 0.104167 0.175503 0.103516 0.175503 0.102865 0.175503 0.102214 0.175503 0.101562 0.175503 0.100911 0.176417 0.100260 0.176417 0.099609 0.176417 0.098958 0.176417 0.098307 0.176417 0.097656 0.176417 0.097005 0.176417 0.096354 0.176417 0.095703 0.176417 0.095052 0.176417 0.094401 0.176417 0.093750 0.176417 0.093099 0.176417 0.092448 0.176417 0.091797 0.176417 0.091146 0.176417 0.090495 0.176417 0.089844 0.176417 0.089193 0.176417 0.088542 0.176417 0.087891 0.176417 0.087240 0.176417 0.086589 0.176417 0.085938 0.176417 0.085286 0.175503 0.084635 0.175503 0.083984 0.175503 0.083333 0.175503 0.082682 0.175503 0.082031 0.175503 0.081380 0.175503 0.080729 0.175503 0.080078 0.175503 0.079427 0.175503 0.078776 0.175503 0.078125 0.175503 0.077474 0.175503 0.076823 0.175503 0.076172 0.175503 0.075521 0.175503 0.074870 0.175503 0.074219 0.175503 0.073568 0.175503 0.072917 0.175503 0.072266 0.175503 0.071615 0.176417 0.070964 0.175503 0.070312 0.176417 0.069661 0.176417 0.069010 0.176417 0.068359 0.175503 0.067708 0.176417 0.067057 0.175503 0.066406 0.176417 0.065755 0.176417 0.065104 0.176417 0.064453 0.176417 0.063802 0.176417 0.063151 0.176417 0.062500 0.175503 0.061849 0.176417 0.061198 0.176417 0.060547 0.176417 0.059896 0.175503 0.059245 0.175503 0.058594 0.175503 0.057943 0.175503 0.057292 0.174589 0.056641 0.174589 0.055990 0.174589 0.055339 0.174589 0.054688 0.175503 0.054036 0.175503 0.053385 0.175503 0.052734 0.175503 0.052083 0.174589 0.051432 0.174589 0.050781 0.174589 0.050130 0.174589 0.049479 0.174589 0.048828 0.173675 0.048177 0.173675 0.047526 0.173675 0.046875 0.172761 0.046224 0.172761 0.045573 0.173675 0.044922 0.173675 0.044271 0.173675 0.043620 0.174589 0.042969 0.174589 0.042318 0.175503 0.041667 0.175503 0.041016 0.175503 0.040365 0.175503 0.039714 0.176417 0.039062 0.176417 0.038411 0.176417 0.037760 0.176417 0.037109 0.176417 0.036458 0.175503 0.035807 0.176417 0.035156 0.175503 0.034505 0.175503 0.033854 0.175503 0.033203 0.175503 0.032552 0.175503 0.031901 0.174589 0.031250 0.174589 0.030599 0.173675 0.029948 0.172761 0.029297 0.171846 0.028646 0.170932 0.027995 0.171846 0.027344 0.171846 0.026693 0.172761 0.026042 0.172761 0.025391 0.172761 0.024740 0.172761 0.024089 0.173675 0.023438 0.173675 0.022786 0.173675 0.022135 0.173675 0.021484 0.173675 0.020833 0.173675 0.020182 0.172761 0.019531 0.172761 0.018880 0.172761 0.018229 0.171846 0.017578 0.171846 0.016927 0.171846 0.016276 0.171846 0.015625 0.172761 0.014974 0.172761 0.014323 0.173675 0.013672 0.174589 0.013021 0.174589 0.012370 0.175503 0.011719 0.175503 0.011068 0.175503 0.010417 0.176417 0.009766 0.176417 0.009115 0.175503 0.008464 0.176417 0.007812 0.175503 0.007161 0.175503 0.006510 0.175503 0.005859 0.175503 0.005208 0.175503 0.004557 0.175503 0.003906 0.174589 0.003255 0.174589 0.002604 0.173675 0.001953 0.172761 0.001953 0.171846 0.001302 0.170932 0.000651 0.170018 0.000651 0.170932 0.000651 0.171846 0.000651 0.172761 0.000651 0.173675 0.000651 0.174589 0.000651 0.175503 0.000651 0.176417 0.000651 0.177331 0.000651 0.178245 0.000651 0.179159 0.000651 0.180073 0.000651 0.180987 0.000651 0.181901 0.000651 0.182815 0.000651 0.183729 0.000651 0.184644 0.000651 0.185558 0.000651 0.186472 0.000651 0.187386 0.000651 0.188300 0.000651 0.189214 0.000651 0.190128 0.000651 0.191042 0.000651 0.191956 0.000651 0.192870 0.000651 0.193784 0.001302 0.192870 0.001953 0.192870 0.002604 0.193784 0.003255 0.192870 0.003906 0.193784 0.004557 0.193784 0.005208 0.193784 0.005859 0.193784 0.006510 0.193784 0.007161 0.193784 0.007812 0.193784 0.008464 0.193784 0.009115 0.193784 0.009766 0.193784 0.010417 0.193784 0.011068 0.193784 0.011719 0.193784 0.012370 0.194698 0.013021 0.193784 0.013672 0.193784 0.014323 0.193784 0.014974 0.193784 0.015625 0.193784 0.016276 0.193784 0.016927 0.193784 0.017578 0.193784 0.018229 0.193784 0.018880 0.193784 0.019531 0.193784 0.020182 0.193784 0.020833 0.193784 0.021484 0.193784 0.022135 0.193784 0.022786 0.193784 0.023438 0.193784 0.024089 0.193784 0.024740 0.193784 0.025391 0.193784 0.026042 0.193784 0.026693 0.193784 0.027344 0.193784 0.027995 0.193784 0.028646 0.193784 0.029297 0.193784 0.029948 0.193784 0.030599 0.193784 0.031250 0.193784 0.031901 0.193784 0.032552 0.194698 0.033203 0.194698 0.033854 0.194698 0.034505 0.194698 0.035156 0.195612 0.035807 0.195612 0.036458 0.195612 0.037109 0.195612 0.037760 0.195612 0.038411 0.195612 0.039062 0.195612 0.039714 0.195612 0.040365 0.195612 0.041016 0.195612 0.041667 0.194698 0.042318 0.195612 0.042969 0.195612 0.043620 0.194698 0.044271 0.194698 0.044922 0.195612 0.045573 0.194698 0.046224 0.194698 0.046875 0.194698 0.047526 0.194698 0.048177 0.194698 0.048828 0.194698 0.049479 0.194698 0.050130 0.194698 0.050781 0.194698 0.051432 0.194698 0.052083 0.194698 0.052734 0.194698 0.053385 0.194698 0.054036 0.194698 0.054688 0.194698 0.055339 0.194698 0.055990 0.194698 0.056641 0.194698 0.057292 0.194698 0.057943 0.194698 0.058594 0.194698 0.059245 0.194698 0.059896 0.194698 0.060547 0.194698 0.061198 0.194698 0.061849 0.195612 0.062500 0.195612 0.063151 0.195612 0.063802 0.195612 0.064453 0.195612 0.065104 0.195612 0.065755 0.195612 0.066406 0.195612 0.067057 0.195612 0.067708 0.195612 0.068359 0.195612 0.069010 0.196527 0.069661 0.195612 0.070312 0.195612 0.070964 0.196527 0.071615 0.195612 0.072266 0.195612 0.072917 0.195612 0.073568 0.196527 0.074219 0.195612 0.074870 0.195612 0.075521 0.194698 0.076172 0.194698 0.076823 0.194698 0.077474 0.195612 0.078125 0.194698 0.078776 0.194698 0.079427 0.194698 0.080078 0.194698 0.080729 0.194698 0.081380 0.194698 0.082031 0.194698 0.082682 0.194698 0.083333 0.194698 0.083984 0.194698 0.084635 0.194698 0.085286 0.194698 0.085938 0.194698 0.086589 0.194698 0.087240 0.194698 0.087891 0.194698 0.088542 0.195612 0.089193 0.195612 0.089844 0.196527 0.090495 0.196527 0.091146 0.196527 0.091797 0.196527 0.092448 0.195612 0.093099 0.195612 0.093750 0.195612 0.094401 0.196527 0.095052 0.195612 0.095703 0.195612 0.096354 0.195612 0.097005 0.196527 0.097656 0.195612 0.098307 0.195612 0.098958 0.196527 0.099609 0.196527 0.100260 0.196527 0.100911 0.195612 0.101562 0.195612 0.102214 0.196527 0.102865 0.195612 0.103516 0.195612 0.104167 0.195612 0.104818 0.195612 0.105469 0.195612 0.106120 0.195612 0.106771 0.195612 0.107422 0.194698 0.108073 0.194698 0.108724 0.194698 0.109375 0.194698 0.110026 0.194698 0.110677 0.194698 0.111328 0.194698 0.111979 0.194698 0.112630 0.194698 0.113281 0.194698 0.113932 0.194698 0.114583 0.194698 0.115234 0.194698 0.115885 0.194698 0.116536 0.194698 0.117188 0.195612 0.117839 0.195612 0.118490 0.196527 0.119141 0.196527 0.119792 0.196527 0.120443 0.197441 0.121094 0.196527 0.121745 0.196527 0.122396 0.196527 0.123047 0.196527 0.123698 0.196527 0.124349 0.196527 0.125000 0.197441 0.125651 0.196527 0.126302 0.196527 0.126953 0.196527 0.127604 0.196527 0.128255 0.196527 0.128906 0.196527 0.129557 0.196527 0.130208 0.196527 0.130859 0.197441 0.131510 0.196527 0.132161 0.195612 0.132812 0.195612 0.133464 0.194698 0.134115 0.195612 0.134766 0.195612 0.135417 0.195612 0.136068 0.195612 0.136719 0.195612 0.137370 0.195612 0.138021 0.195612 0.138672 0.195612 0.139323 0.195612 0.139974 0.195612 0.140625 0.194698 0.141276 0.195612 0.141927 0.195612 0.142578 0.195612 0.143229 0.195612 0.143880 0.195612 0.144531 0.194698 0.145182 0.194698 0.145833 0.195612 0.146484 0.195612 0.147135 0.196527 0.147786 0.196527 0.148438 0.196527 0.149089 0.197441 0.149740 0.197441 0.150391 0.197441 0.151042 0.196527 0.151693 0.196527 0.152344 0.196527 0.152995 0.196527 0.153646 0.195612 0.154297 0.196527 0.154948 0.196527 0.155599 0.196527 0.156250 0.196527 0.156901 0.197441 0.157552 0.197441 0.158203 0.197441 0.158854 0.196527 0.159505 0.196527 0.160156 0.195612 0.160807 0.195612 0.161458 0.195612 0.162109 0.194698 0.162760 0.195612 0.163411 0.195612 0.164062 0.194698 0.164714 0.195612 0.165365 0.195612 0.166016 0.195612 0.166667 0.195612 0.167318 0.195612 0.167969 0.195612 0.168620 0.195612 0.169271 0.195612 0.169922 0.195612 0.170573 0.195612 0.171224 0.195612 0.171875 0.194698 0.172526 0.194698 0.173177 0.195612 0.173828 0.194698 0.174479 0.194698 0.175130 0.195612 0.175781 0.195612 0.176432 0.196527 0.177083 0.196527 0.177734 0.196527 0.178385 0.197441 0.179036 0.197441 0.179688 0.196527 0.180339 0.196527 0.180990 0.196527 0.181641 0.196527 0.182292 0.195612 0.182943 0.196527 0.183594 0.196527 0.184245 0.196527 0.184896 0.197441 0.185547 0.196527 0.186198 0.196527 0.186849 0.195612 0.187500 0.196527 0.188151 0.197441 0.188802 0.198355 0.189453 0.199269 0.189453 0.200183 0.189453 0.201097 0.189453 0.202011 0.189453 0.202925 0.188802 0.203839 0.189453 0.202925 0.190104 0.203839 0.189453 0.202925 0.190104 0.202011 0.190104 0.201097 0.190755 0.200183 0.190755 0.199269 0.191406 0.198355 0.192057 0.197441 0.192708 0.197441 0.193359 0.196527 0.194010 0.196527 0.194661 0.196527 0.195312 0.196527 0.195964 0.195612 0.196615 0.195612 0.197266 0.195612 0.197917 0.195612 0.198568 0.195612 0.199219 0.195612 0.199870 0.194698 0.200521 0.194698 0.201172 0.194698 0.201823 0.195612 0.202474 0.195612 0.203125 0.195612 0.203776 0.195612 0.204427 0.195612 0.205078 0.196527 0.205729 0.195612 0.206380 0.195612 0.207031 0.195612 0.207682 0.196527 0.208333 0.196527 0.208984 0.196527 0.209635 0.196527 0.210286 0.195612 0.210938 0.195612 0.211589 0.195612 0.212240 0.195612 0.212891 0.195612 0.213542 0.195612 0.214193 0.195612 0.214844 0.195612 0.215495 0.195612 0.216146 0.195612 0.216797 0.195612 0.217448 0.195612 0.218099 0.195612 0.218750 0.195612 0.219401 0.195612 0.220052 0.195612 0.220703 0.195612 0.221354 0.195612 0.222005 0.195612 0.222656 0.195612 0.223307 0.195612 0.223958 0.194698 0.224609 0.194698 0.225260 0.194698 0.225911 0.194698 0.226562 0.194698 0.227214 0.194698 0.227865 0.194698 0.228516 0.194698 0.229167 0.194698 0.229818 0.194698 0.230469 0.194698 0.231120 0.195612 0.231771 0.194698 0.232422 0.194698 0.233073 0.194698 0.233724 0.194698 0.234375 0.194698 0.235026 0.195612 0.235677 0.194698 0.236328 0.195612 0.236979 0.195612 0.237630 0.195612 0.238281 0.195612 0.238932 0.195612 0.239583 0.195612 0.240234 0.195612 0.240885 0.195612 0.241536 0.195612 0.242188 0.194698 0.242839 0.194698 0.243490 0.194698 0.244141 0.194698 0.244792 0.194698 0.245443 0.194698 0.246094 0.194698 0.246745 0.195612 0.247396 0.195612 0.248047 0.196527 0.248698 0.197441 0.249349 0.198355 0.249349 0.199269 0.250000 0.200183 0.250651 0.201097 0.251302 0.202011 0.251302 0.202925 0.251953 0.203839 0.251953 0.204753 0.251953 0.205667 0.251953 0.206581 0.251302 0.207495 0.250651 0.207495 0.250000 0.206581 0.250651 0.207495 0.250651 0.208410 0.250000 0.209324 0.249349 0.210238 0.248698 0.211152 0.248698 0.212066 0.248047 0.212980 0.248047 0.213894 0.248698 0.214808 0.248698 0.215722 0.248698 0.216636 0.248698 0.217550 0.248047 0.218464 0.247396 0.219378 0.246745 0.219378 0.246094 0.220293 0.245443 0.220293 0.244792 0.221207 0.244141 0.220293 0.243490 0.220293 0.242839 0.220293 0.242188 0.220293 0.241536 0.220293 0.240885 0.220293 0.240234 0.220293 0.239583 0.220293 0.238932 0.220293 0.238281 0.219378 0.237630 0.219378 0.236979 0.218464 0.236328 0.219378 0.235677 0.219378 0.235026 0.218464 0.234375 0.218464 0.233724 0.217550 0.233073 0.216636 0.232422 0.216636 0.231771 0.216636 0.231120 0.215722 0.231120 0.216636 0.230469 0.217550 0.229818 0.218464 0.229167 0.218464 0.228516 0.219378 0.227865 0.219378 0.227214 0.219378 0.226562 0.219378 0.225911 0.219378 0.225260 0.219378 0.224609 0.220293 0.223958 0.220293 0.223307 0.219378 0.222656 0.219378 0.222005 0.219378 0.221354 0.219378 0.220703 0.219378 0.220052 0.219378 0.219401 0.219378 0.218750 0.219378 0.218099 0.219378 0.217448 0.219378 0.216797 0.219378 0.216146 0.219378 0.215495 0.219378 0.214844 0.219378 0.214193 0.219378 0.213542 0.218464 0.212891 0.218464 0.212240 0.219378 0.211589 0.218464 0.210938 0.219378 0.210286 0.218464 0.209635 0.218464 0.208984 0.218464 0.208333 0.218464 0.207682 0.218464 0.207031 0.218464 0.206380 0.218464 0.205729 0.218464 0.205078 0.219378 0.204427 0.218464 0.203776 0.218464 0.203125 0.218464 0.202474 0.218464 0.201823 0.219378 0.201172 0.219378 0.200521 0.219378 0.199870 0.219378 0.199219 0.219378 0.198568 0.219378 0.197917 0.218464 0.197266 0.218464 0.196615 0.218464 0.195964 0.219378 0.195312 0.219378 0.194661 0.218464 0.194010 0.218464 0.193359 0.219378 0.192708 0.218464 0.192057 0.219378 0.191406 0.219378 0.190755 0.219378 0.190104 0.218464 0.189453 0.218464 0.188802 0.218464 0.188151 0.218464 0.187500 0.218464 0.186849 0.217550 0.186198 0.218464 0.185547 0.218464 0.184896 0.218464 0.184245 0.218464 0.183594 0.218464 0.182943 0.218464 0.182292 0.218464 0.181641 0.218464 0.180990 0.218464 0.180339 0.218464 0.179688 0.218464 0.179036 0.218464 0.178385 0.218464 0.177734 0.218464 0.177083 0.218464 0.176432 0.218464 0.175781 0.218464 0.175130 0.218464 0.174479 0.218464 0.173828 0.218464 0.173177 0.218464 0.172526 0.218464 0.171875 0.218464 0.171224 0.218464 0.170573 0.218464 0.169922 0.218464 0.169271 0.218464 0.168620 0.218464 0.167969 0.218464 0.167318 0.218464 0.166667 0.218464 0.166016 0.218464 0.165365 0.218464 0.164714 0.218464 0.164062 0.218464 0.163411 0.218464 0.162760 0.218464 0.162109 0.218464 0.161458 0.218464 0.160807 0.218464 0.160156 0.218464 0.159505 0.218464 0.158854 0.218464 0.158203 0.218464 0.157552 0.218464 0.156901 0.218464 0.156250 0.218464 0.155599 0.218464 0.154948 0.218464 0.154297 0.217550 0.153646 0.217550 0.152995 0.216636 0.152344 0.216636 0.151693 0.216636 0.151042 0.216636 0.150391 0.216636 0.149740 0.217550 0.149089 0.217550 0.148438 0.217550 0.147786 0.218464 0.147135 0.218464 0.146484 0.218464 0.145833 0.218464 0.145182 0.218464 0.144531 0.218464 0.143880 0.218464 0.143229 0.218464 0.142578 0.218464 0.141927 0.218464 0.141276 0.218464 0.140625 0.218464 0.139974 0.218464 0.139323 0.218464 0.138672 0.218464 0.138021 0.218464 0.137370 0.218464 0.136719 0.218464 0.136068 0.218464 0.135417 0.218464 0.134766 0.218464 0.134115 0.218464 0.133464 0.218464 0.132812 0.218464 0.132161 0.218464 0.131510 0.218464 0.130859 0.218464 0.130208 0.218464 0.129557 0.218464 0.128906 0.218464 0.128255 0.218464 0.127604 0.218464 0.126953 0.218464 0.126302 0.218464 0.125651 0.218464 0.125000 0.217550 0.124349 0.218464 0.123698 0.218464 0.123047 0.218464 0.122396 0.218464 0.121745 0.218464 0.121094 0.218464 0.120443 0.218464 0.119792 0.218464 0.119141 0.217550 0.118490 0.218464 0.117839 0.218464 0.117188 0.218464 0.116536 0.218464 0.115885 0.218464 0.115234 0.218464 0.114583 0.218464 0.113932 0.218464 0.113281 0.218464 0.112630 0.218464 0.111979 0.218464 0.111328 0.218464 0.110677 0.218464 0.110026 0.218464 0.109375 0.218464 0.108724 0.218464 0.108073 0.218464 0.107422 0.218464 0.106771 0.218464 0.106120 0.218464 0.105469 0.218464 0.104818 0.218464 0.104167 0.218464 0.103516 0.218464 0.102865 0.218464 0.102214 0.218464 0.101562 0.218464 0.100911 0.218464 0.100260 0.218464 0.099609 0.218464 0.098958 0.218464 0.098307 0.218464 0.097656 0.218464 0.097005 0.218464 0.096354 0.217550 0.095703 0.218464 0.095052 0.217550 0.094401 0.217550 0.093750 0.218464 0.093099 0.218464 0.092448 0.218464 0.091797 0.218464 0.091146 0.218464 0.090495 0.218464 0.089844 0.218464 0.089193 0.218464 0.088542 0.218464 0.087891 0.218464 0.087240 0.218464 0.086589 0.218464 0.085938 0.218464 0.085286 0.218464 0.084635 0.218464 0.083984 0.218464 0.083333 0.218464 0.082682 0.218464 0.082031 0.218464 0.081380 0.218464 0.080729 0.218464 0.080078 0.218464 0.079427 0.218464 0.078776 0.218464 0.078125 0.218464 0.077474 0.218464 0.076823 0.218464 0.076172 0.218464 0.075521 0.218464 0.074870 0.218464 0.074219 0.218464 0.073568 0.218464 0.072917 0.218464 0.072266 0.218464 0.071615 0.218464 0.070964 0.218464 0.070312 0.218464 0.069661 0.218464 0.069010 0.218464 0.068359 0.218464 0.067708 0.218464 0.067057 0.218464 0.066406 0.218464 0.065755 0.218464 0.065104 0.218464 0.064453 0.218464 0.063802 0.218464 0.063151 0.218464 0.062500 0.218464 0.061849 0.218464 0.061198 0.218464 0.060547 0.218464 0.059896 0.218464 0.059245 0.218464 0.058594 0.218464 0.057943 0.218464 0.057292 0.218464 0.056641 0.218464 0.055990 0.218464 0.055339 0.218464 0.054688 0.218464 0.054036 0.218464 0.053385 0.218464 0.052734 0.218464 0.052083 0.218464 0.051432 0.218464 0.050781 0.218464 0.050130 0.218464 0.049479 0.218464 0.048828 0.218464 0.048177 0.218464 0.047526 0.218464 0.046875 0.218464 0.046224 0.219378 0.045573 0.218464 0.044922 0.219378 0.044271 0.219378 0.043620 0.218464 0.042969 0.218464 0.042318 0.218464 0.041667 0.218464 0.041016 0.218464 0.040365 0.218464 0.039714 0.218464 0.039062 0.218464 0.038411 0.218464 0.037760 0.218464 0.037109 0.218464 0.036458 0.218464 0.035807 0.218464 0.035156 0.218464 0.034505 0.218464 0.033854 0.218464 0.033203 0.218464 0.032552 0.218464 0.031901 0.218464 0.031250 0.218464 0.030599 0.218464 0.029948 0.218464 0.029297 0.218464 0.028646 0.218464 0.027995 0.218464 0.027344 0.218464 0.026693 0.218464 0.026042 0.218464 0.025391 0.219378 0.024740 0.219378 0.024089 0.219378 0.023438 0.219378 0.022786 0.219378 0.022135 0.218464 0.021484 0.218464 0.020833 0.219378 0.020182 0.219378 0.019531 0.219378 0.018880 0.219378 0.018229 0.219378 0.017578 0.219378 0.016927 0.218464 0.016276 0.219378 0.015625 0.219378 0.014974 0.218464 0.014323 0.218464 0.013672 0.218464 0.013021 0.218464 0.012370 0.218464 0.011719 0.218464 0.011068 0.218464 0.010417 0.218464 0.009766 0.218464 0.009115 0.218464 0.008464 0.218464 0.007812 0.218464 0.007161 0.218464 0.006510 0.218464 0.005859 0.219378 0.005208 0.218464 0.004557 0.218464 0.003906 0.219378 0.003255 0.219378 0.002604 0.219378 0.001953 0.219378 0.001302 0.219378 0.000651 0.219378 0.000651 0.220293 0.000651 0.221207 0.000651 0.222121 0.000651 0.223035 0.000651 0.223949 0.000651 0.224863 0.000651 0.225777 0.000651 0.226691 0.000651 0.227605 0.000651 0.228519 0.000651 0.229433 0.000651 0.230347 0.000651 0.231261 0.000651 0.232176 0.000651 0.233090 0.000651 0.234004 0.000651 0.234918 0.000651 0.235832 0.001302 0.234918 0.001953 0.234918 0.002604 0.234918 0.003255 0.234918 0.003906 0.234918 0.004557 0.234918 0.005208 0.234918 0.005859 0.234918 0.006510 0.235832 0.007161 0.235832 0.007812 0.234918 0.008464 0.235832 0.009115 0.235832 0.009766 0.235832 0.010417 0.235832 0.011068 0.234918 0.011719 0.234918 0.012370 0.234918 0.013021 0.234918 0.013672 0.234918 0.014323 0.234918 0.014974 0.234918 0.015625 0.234918 0.016276 0.235832 0.016927 0.235832 0.017578 0.236746 0.018229 0.236746 0.018880 0.236746 0.019531 0.236746 0.020182 0.236746 0.020833 0.236746 0.021484 0.235832 0.022135 0.235832 0.022786 0.236746 0.023438 0.236746 0.024089 0.236746 0.024740 0.236746 0.025391 0.236746 0.026042 0.236746 0.026693 0.236746 0.027344 0.236746 0.027995 0.236746 0.028646 0.236746 0.029297 0.235832 0.029948 0.235832 0.030599 0.235832 0.031250 0.235832 0.031901 0.235832 0.032552 0.235832 0.033203 0.235832 0.033854 0.235832 0.034505 0.234918 0.035156 0.235832 0.035807 0.235832 0.036458 0.235832 0.037109 0.235832 0.037760 0.235832 0.038411 0.235832 0.039062 0.235832 0.039714 0.235832 0.040365 0.235832 0.041016 0.234918 0.041667 0.234918 0.042318 0.235832 0.042969 0.234918 0.043620 0.234918 0.044271 0.234918 0.044922 0.235832 0.045573 0.235832 0.046224 0.235832 0.046875 0.235832 0.047526 0.235832 0.048177 0.236746 0.048828 0.236746 0.049479 0.236746 0.050130 0.236746 0.050781 0.236746 0.051432 0.236746 0.052083 0.236746 0.052734 0.236746 0.053385 0.236746 0.054036 0.236746 0.054688 0.236746 0.055339 0.236746 0.055990 0.237660 0.056641 0.237660 0.057292 0.236746 0.057943 0.236746 0.058594 0.236746 0.059245 0.235832 0.059896 0.235832 0.060547 0.235832 0.061198 0.235832 0.061849 0.234918 0.062500 0.235832 0.063151 0.235832 0.063802 0.235832 0.064453 0.235832 0.065104 0.234918 0.065755 0.234918 0.066406 0.234918 0.067057 0.235832 0.067708 0.234918 0.068359 0.235832 0.069010 0.235832 0.069661 0.234918 0.070312 0.234918 0.070964 0.234918 0.071615 0.234918 0.072266 0.234918 0.072917 0.234918 0.073568 0.235832 0.074219 0.235832 0.074870 0.235832 0.075521 0.236746 0.076172 0.235832 0.076823 0.236746 0.077474 0.236746 0.078125 0.236746 0.078776 0.236746 0.079427 0.236746 0.080078 0.236746 0.080729 0.236746 0.081380 0.235832 0.082031 0.236746 0.082682 0.236746 0.083333 0.236746 0.083984 0.236746 0.084635 0.236746 0.085286 0.236746 0.085938 0.236746 0.086589 0.235832 0.087240 0.235832 0.087891 0.235832 0.088542 0.235832 0.089193 0.234918 0.089844 0.235832 0.090495 0.234918 0.091146 0.235832 0.091797 0.235832 0.092448 0.235832 0.093099 0.235832 0.093750 0.235832 0.094401 0.235832 0.095052 0.235832 0.095703 0.235832 0.096354 0.235832 0.097005 0.235832 0.097656 0.235832 0.098307 0.235832 0.098958 0.235832 0.099609 0.234918 0.100260 0.235832 0.100911 0.234918 0.101562 0.235832 0.102214 0.235832 0.102865 0.235832 0.103516 0.236746 0.104167 0.236746 0.104818 0.237660 0.105469 0.237660 0.106120 0.237660 0.106771 0.236746 0.107422 0.236746 0.108073 0.236746 0.108724 0.236746 0.109375 0.236746 0.110026 0.236746 0.110677 0.236746 0.111328 0.236746 0.111979 0.236746 0.112630 0.236746 0.113281 0.236746 0.113932 0.236746 0.114583 0.236746 0.115234 0.236746 0.115885 0.236746 0.116536 0.236746 0.117188 0.236746 0.117839 0.236746 0.118490 0.236746 0.119141 0.236746 0.119792 0.235832 0.120443 0.235832 0.121094 0.235832 0.121745 0.235832 0.122396 0.235832 0.123047 0.235832 0.123698 0.235832 0.124349 0.235832 0.125000 0.235832 0.125651 0.235832 0.126302 0.234918 0.126953 0.235832 0.127604 0.234918 0.128255 0.235832 0.128906 0.235832 0.129557 0.235832 0.130208 0.235832 0.130859 0.235832 0.131510 0.236746 0.132161 0.236746 0.132812 0.236746 0.133464 0.236746 0.134115 0.236746 0.134766 0.235832 0.135417 0.236746 0.136068 0.236746 0.136719 0.235832 0.137370 0.235832 0.138021 0.236746 0.138672 0.235832 0.139323 0.236746 0.139974 0.236746 0.140625 0.236746 0.141276 0.236746 0.141927 0.236746 0.142578 0.236746 0.143229 0.236746 0.143880 0.235832 0.144531 0.235832 0.145182 0.235832 0.145833 0.235832 0.146484 0.235832 0.147135 0.235832 0.147786 0.234918 0.148438 0.235832 0.149089 0.235832 0.149740 0.236746 0.150391 0.237660 0.151042 0.238574 0.151042 0.239488 0.151693 0.240402 0.151693 0.241316 0.151042 0.242230 0.151693 0.241316 0.151693 0.240402 0.151693 0.239488 0.151693 0.238574 0.152344 0.237660 0.152995 0.236746 0.153646 0.235832 0.154297 0.235832 0.154948 0.234918 0.155599 0.235832 0.156250 0.234918 0.156901 0.234918 0.157552 0.234918 0.158203 0.234918 0.158854 0.234918 0.159505 0.235832 0.160156 0.235832 0.160807 0.235832 0.161458 0.235832 0.162109 0.236746 0.162760 0.236746 0.163411 0.235832 0.164062 0.235832 0.164714 0.235832 0.165365 0.236746 0.166016 0.235832 0.166667 0.235832 0.167318 0.235832 0.167969 0.235832 0.168620 0.236746 0.169271 0.236746 0.169922 0.236746 0.170573 0.236746 0.171224 0.235832 0.171875 0.235832 0.172526 0.235832 0.173177 0.235832 0.173828 0.234918 0.174479 0.234918 0.175130 0.235832 0.175781 0.235832 0.176432 0.235832 0.177083 0.235832 0.177734 0.235832 0.178385 0.235832 0.179036 0.235832 0.179688 0.235832 0.180339 0.234918 0.180990 0.234918 0.181641 0.235832 0.182292 0.235832 0.182943 0.234918 0.183594 0.234918 0.184245 0.235832 0.184896 0.234918 0.185547 0.234918 0.186198 0.234918 0.186849 0.234918 0.187500 0.234918 0.188151 0.235832 0.188802 0.235832 0.189453 0.236746 0.190104 0.237660 0.190755 0.238574 0.190104 0.239488 0.190104 0.240402 0.190104 0.239488 0.190755 0.238574 0.191406 0.237660 0.192057 0.237660 0.192708 0.236746 0.193359 0.236746 0.194010 0.235832 0.194661 0.235832 0.195312 0.235832 0.195964 0.236746 0.196615 0.236746 0.197266 0.236746 0.197917 0.235832 0.198568 0.236746 0.199219 0.236746 0.199870 0.235832 0.200521 0.235832 0.201172 0.235832 0.201823 0.234918 0.202474 0.234918 0.203125 0.234918 0.203776 0.234918 0.204427 0.234918 0.205078 0.234918 0.205729 0.234918 0.206380 0.234918 0.207031 0.234918 0.207682 0.234918 0.208333 0.235832 0.208984 0.235832 0.209635 0.235832 0.210286 0.235832 0.210938 0.234918 0.211589 0.234918 0.212240 0.235832 0.212891 0.235832 0.213542 0.235832 0.214193 0.234918 0.214844 0.234918 0.215495 0.234918 0.216146 0.234918 0.216797 0.235832 0.217448 0.234918 0.218099 0.234918 0.218750 0.234918 0.219401 0.234918 0.220052 0.235832 0.220703 0.235832 0.221354 0.234918 0.222005 0.234918 0.222656 0.234918 0.223307 0.234918 0.223958 0.235832 0.224609 0.234918 0.225260 0.234918 0.225911 0.234918 0.226562 0.234918 0.227214 0.234918 0.227865 0.234918 0.228516 0.234918 0.229167 0.234004 0.229818 0.234004 0.230469 0.234004 0.231120 0.234004 0.231771 0.234004 0.232422 0.234918 0.233073 0.234004 0.233724 0.234004 0.234375 0.234004 0.235026 0.234004 0.235677 0.234004 0.236328 0.233090 0.236979 0.233090 0.237630 0.233090 0.238281 0.233090 0.238932 0.233090 0.239583 0.234004 0.240234 0.234004 0.240885 0.234918 0.241536 0.235832 0.241536 0.236746 0.240885 0.237660 0.240234 0.238574 0.239583 0.238574 0.239583 0.239488 0.239583 0.240402 0.238932 0.241316 0.238932 0.242230 0.238932 0.243144 0.239583 0.244059 0.240234 0.244973 0.240234 0.245887 0.240885 0.244973 0.241536 0.244059 0.242188 0.244973 0.241536 0.244059 0.242188 0.243144 0.242839 0.242230 0.243490 0.241316 0.244141 0.242230 0.243490 0.241316 0.243490 0.240402 0.244141 0.239488 0.244141 0.238574 0.244792 0.237660 0.245443 0.236746 0.246094 0.235832 0.246745 0.234918 0.247396 0.234918 0.248047 0.234004 0.248698 0.234004 0.249349 0.234004 0.250000 0.234004 0.250651 0.234004 0.251302 0.234918 0.251953 0.234004 0.252604 0.234918 0.253255 0.234918 0.253906 0.234004 0.254557 0.234004 0.255208 0.234918 0.255859 0.234918 0.256510 0.234004 0.257161 0.234004 0.257812 0.234004 0.258464 0.233090 0.259115 0.233090 0.259766 0.233090 0.260417 0.233090 0.261068 0.233090 0.261719 0.233090 0.262370 0.233090 0.263021 0.233090 0.263672 0.233090 0.264323 0.233090 0.264974 0.233090 0.265625 0.233090 0.266276 0.234004 0.266927 0.234004 0.267578 0.234918 0.268229 0.235832 0.268880 0.235832 0.269531 0.235832 0.270182 0.236746 0.270833 0.236746 0.271484 0.236746 0.272135 0.236746 0.272786 0.236746 0.273438 0.236746 0.274089 0.236746 0.274740 0.236746 0.275391 0.236746 0.276042 0.235832 0.276693 0.234918 0.277344 0.234004 0.277995 0.234004 0.278646 0.233090 0.279297 0.233090 0.279948 0.233090 0.280599 0.233090 0.281250 0.233090 0.281901 0.234004 0.282552 0.234004 0.283203 0.234004 0.283854 0.234004 0.284505 0.234004 0.285156 0.233090 0.285807 0.233090 0.286458 0.233090 0.287109 0.232176 0.287760 0.233090 0.288411 0.232176 0.289062 0.232176 0.289714 0.232176 0.290365 0.232176 0.291016 0.232176 0.291667 0.232176 0.292318 0.232176 0.292969 0.232176 0.293620 0.232176 0.294271 0.233090 0.294922 0.233090 0.295573 0.233090 0.296224 0.233090 0.296875 0.233090 0.297526 0.233090 0.298177 0.233090 0.298828 0.234004 0.299479 0.234004 0.300130 0.234918 0.300781 0.235832 0.300130 0.236746 0.300781 0.235832 0.301432 0.235832 0.302083 0.235832 0.302734 0.235832 0.303385 0.236746 0.304036 0.235832 0.304688 0.235832 0.305339 0.235832 0.305990 0.235832 0.306641 0.235832 0.307292 0.234918 0.307943 0.234918 0.308594 0.234004 0.309245 0.234004 0.309896 0.234004 0.310547 0.233090 0.311198 0.233090 0.311849 0.233090 0.312500 0.232176 0.313151 0.232176 0.313802 0.233090 0.314453 0.233090 0.315104 0.233090 0.315755 0.233090 0.316406 0.233090 0.317057 0.232176 0.317708 0.232176 0.318359 0.232176 0.319010 0.232176 0.319661 0.233090 0.320312 0.233090 0.320964 0.234004 0.321615 0.233090 0.322266 0.233090 0.322917 0.233090 0.323568 0.234004 0.324219 0.233090 0.324870 0.233090 0.325521 0.233090 0.326172 0.233090 0.326823 0.232176 0.327474 0.233090 0.328125 0.232176 0.328776 0.233090 0.329427 0.233090 0.330078 0.233090 0.330729 0.233090 0.331380 0.234004 0.332031 0.233090 0.332682 0.233090 0.333333 0.233090 0.333984 0.233090 0.334635 0.233090 0.335286 0.232176 0.335938 0.233090 0.336589 0.233090 0.337240 0.233090 0.337891 0.234004 0.338542 0.234004 0.339193 0.234918 0.339844 0.234918 0.340495 0.235832 0.341146 0.235832 0.341797 0.236746 0.342448 0.236746 0.343099 0.236746 0.343750 0.236746 0.344401 0.237660 0.345052 0.237660 0.345703 0.238574 0.346354 0.239488 0.346354 0.240402 0.347005 0.241316 0.347656 0.242230 0.347656 0.243144 0.347005 0.244059 0.347656 0.243144 0.348307 0.244059 0.348958 0.244973 0.349609 0.245887 0.349609 0.246801 0.349609 0.247715 0.349609 0.248629 0.350260 0.249543 0.350260 0.250457 0.350911 0.251371 0.351562 0.251371 0.352214 0.250457 0.352865 0.250457 0.353516 0.249543 0.354167 0.249543 0.354818 0.250457 0.355469 0.250457 0.356120 0.251371 0.356771 0.252285 0.357422 0.253199 0.358073 0.253199 0.358724 0.254113 0.359375 0.255027 0.360026 0.255941 0.360026 0.256856 0.360026 0.257770 0.360026 0.258684 0.359375 0.259598 0.358724 0.260512 0.358073 0.260512 0.357422 0.261426 0.356771 0.261426 0.356120 0.261426 0.355469 0.261426 0.354818 0.261426 0.354167 0.261426 0.353516 0.260512 0.352865 0.260512 0.352214 0.260512 0.351562 0.259598 0.350911 0.259598 0.350260 0.259598 0.349609 0.259598 0.348958 0.259598 0.348307 0.258684 0.347656 0.258684 0.347005 0.258684 0.346354 0.258684 0.345703 0.258684 0.345052 0.258684 0.344401 0.259598 0.343750 0.259598 0.343099 0.259598 0.342448 0.259598 0.341797 0.260512 0.341146 0.259598 0.340495 0.259598 0.339844 0.259598 0.339193 0.259598 0.338542 0.260512 0.337891 0.259598 0.337240 0.259598 0.336589 0.259598 0.335938 0.259598 0.335286 0.259598 0.334635 0.258684 0.333984 0.258684 0.333333 0.258684 0.332682 0.258684 0.332031 0.258684 0.331380 0.257770 0.330729 0.257770 0.330078 0.256856 0.329427 0.255941 0.328776 0.255027 0.328776 0.254113 0.328776 0.253199 0.328776 0.252285 0.328776 0.251371 0.328776 0.250457 0.328776 0.249543 0.328125 0.248629 0.327474 0.248629 0.326823 0.247715 0.326172 0.247715 0.325521 0.246801 0.324870 0.247715 0.324219 0.248629 0.323568 0.248629 0.323568 0.249543 0.323568 0.250457 0.323568 0.251371 0.323568 0.252285 0.324219 0.253199 0.324870 0.254113 0.324870 0.255027 0.324870 0.255941 0.324870 0.256856 0.324870 0.257770 0.324219 0.258684 0.323568 0.259598 0.322917 0.259598 0.322266 0.260512 0.321615 0.259598 0.320964 0.260512 0.320312 0.260512 0.319661 0.259598 0.319010 0.259598 0.318359 0.259598 0.317708 0.259598 0.317057 0.260512 0.316406 0.259598 0.315755 0.259598 0.315104 0.259598 0.314453 0.259598 0.313802 0.259598 0.313151 0.259598 0.312500 0.259598 0.311849 0.259598 0.311198 0.259598 0.310547 0.259598 0.309896 0.259598 0.309245 0.258684 0.308594 0.258684 0.307943 0.258684 0.307292 0.257770 0.306641 0.257770 0.305990 0.258684 0.305339 0.257770 0.304688 0.257770 0.304036 0.256856 0.303385 0.255941 0.302734 0.255027 0.303385 0.254113 0.302734 0.255027 0.302083 0.254113 0.301432 0.253199 0.302083 0.252285 0.301432 0.253199 0.300781 0.252285 0.300130 0.251371 0.300781 0.250457 0.300130 0.251371 0.299479 0.251371 0.298828 0.250457 0.298177 0.250457 0.297526 0.249543 0.296875 0.249543 0.296224 0.250457 0.296224 0.251371 0.296224 0.252285 0.296224 0.253199 0.296875 0.254113 0.297526 0.254113 0.298177 0.255027 0.298828 0.255941 0.298828 0.256856 0.298828 0.257770 0.298177 0.258684 0.297526 0.259598 0.296875 0.259598 0.296224 0.260512 0.295573 0.260512 0.294922 0.260512 0.294271 0.260512 0.293620 0.260512 0.292969 0.260512 0.292318 0.260512 0.291667 0.260512 0.291016 0.260512 0.290365 0.260512 0.289714 0.260512 0.289062 0.261426 0.288411 0.260512 0.287760 0.260512 0.287109 0.260512 0.286458 0.260512 0.285807 0.261426 0.285156 0.260512 0.284505 0.260512 0.283854 0.260512 0.283203 0.260512 0.282552 0.260512 0.281901 0.260512 0.281250 0.260512 0.280599 0.260512 0.279948 0.260512 0.279297 0.260512 0.278646 0.260512 0.277995 0.260512 0.277344 0.259598 0.276693 0.260512 0.276042 0.260512 0.275391 0.259598 0.274740 0.259598 0.274089 0.258684 0.273438 0.257770 0.274089 0.256856 0.273438 0.257770 0.272786 0.257770 0.272135 0.258684 0.271484 0.258684 0.270833 0.259598 0.270182 0.259598 0.269531 0.260512 0.268880 0.259598 0.268229 0.260512 0.267578 0.260512 0.266927 0.260512 0.266276 0.260512 0.265625 0.259598 0.264974 0.259598 0.264323 0.260512 0.263672 0.260512 0.263021 0.259598 0.262370 0.259598 0.261719 0.259598 0.261068 0.259598 0.260417 0.259598 0.259766 0.260512 0.259115 0.259598 0.258464 0.259598 0.257812 0.259598 0.257161 0.259598 0.256510 0.259598 0.255859 0.259598 0.255208 0.259598 0.254557 0.259598 0.253906 0.259598 0.253255 0.259598 0.252604 0.259598 0.251953 0.259598 0.251302 0.259598 0.250651 0.259598 0.250000 0.259598 0.249349 0.259598 0.248698 0.259598 0.248047 0.259598 0.247396 0.260512 0.246745 0.259598 0.246094 0.259598 0.245443 0.259598 0.244792 0.260512 0.244141 0.259598 0.243490 0.259598 0.242839 0.260512 0.242188 0.260512 0.241536 0.259598 0.240885 0.260512 0.240234 0.259598 0.239583 0.259598 0.238932 0.259598 0.238281 0.259598 0.237630 0.259598 0.236979 0.259598 0.236328 0.259598 0.235677 0.259598 0.235026 0.259598 0.234375 0.258684 0.233724 0.259598 0.233073 0.259598 0.232422 0.259598 0.231771 0.259598 0.231120 0.259598 0.230469 0.259598 0.229818 0.259598 0.229167 0.259598 0.228516 0.259598 0.227865 0.259598 0.227214 0.259598 0.226562 0.258684 0.225911 0.258684 0.225260 0.258684 0.224609 0.258684 0.223958 0.258684 0.223307 0.258684 0.222656 0.258684 0.222005 0.258684 0.221354 0.258684 0.220703 0.258684 0.220052 0.258684 0.219401 0.258684 0.218750 0.258684 0.218099 0.258684 0.217448 0.258684 0.216797 0.258684 0.216146 0.258684 0.215495 0.258684 0.214844 0.258684 0.214193 0.258684 0.213542 0.258684 0.212891 0.258684 0.212240 0.258684 0.211589 0.258684 0.210938 0.258684 0.210286 0.258684 0.209635 0.258684 0.208984 0.258684 0.208333 0.259598 0.207682 0.258684 0.207031 0.258684 0.206380 0.258684 0.205729 0.258684 0.205078 0.258684 0.204427 0.258684 0.203776 0.258684 0.203125 0.258684 0.202474 0.258684 0.201823 0.258684 0.201172 0.257770 0.200521 0.257770 0.199870 0.257770 0.199219 0.257770 0.198568 0.257770 0.197917 0.257770 0.197266 0.257770 0.196615 0.257770 0.195964 0.258684 0.195312 0.257770 0.194661 0.257770 0.194010 0.257770 0.193359 0.257770 0.192708 0.257770 0.192057 0.257770 0.191406 0.257770 0.190755 0.258684 0.190104 0.257770 0.189453 0.257770 0.188802 0.258684 0.188151 0.258684 0.187500 0.258684 0.186849 0.258684 0.186198 0.258684 0.185547 0.258684 0.184896 0.258684 0.184245 0.258684 0.183594 0.258684 0.182943 0.258684 0.182292 0.258684 0.181641 0.258684 0.180990 0.257770 0.180339 0.258684 0.179688 0.258684 0.179036 0.258684 0.178385 0.258684 0.177734 0.258684 0.177083 0.258684 0.176432 0.258684 0.175781 0.258684 0.175130 0.258684 0.174479 0.258684 0.173828 0.258684 0.173177 0.258684 0.172526 0.258684 0.171875 0.257770 0.171224 0.257770 0.170573 0.257770 0.169922 0.257770 0.169271 0.257770 0.168620 0.257770 0.167969 0.257770 0.167318 0.257770 0.166667 0.257770 0.166016 0.257770 0.165365 0.257770 0.164714 0.257770 0.164062 0.257770 0.163411 0.257770 0.162760 0.257770 0.162109 0.257770 0.161458 0.257770 0.160807 0.257770 0.160156 0.257770 0.159505 0.257770 0.158854 0.257770 0.158203 0.258684 0.157552 0.257770 0.156901 0.258684 0.156250 0.258684 0.155599 0.258684 0.154948 0.258684 0.154297 0.257770 0.153646 0.257770 0.152995 0.257770 0.152344 0.257770 0.151693 0.257770 0.151042 0.257770 0.150391 0.257770 0.149740 0.257770 0.149089 0.257770 0.148438 0.257770 0.147786 0.258684 0.147135 0.258684 0.146484 0.258684 0.145833 0.258684 0.145182 0.258684 0.144531 0.258684 0.143880 0.257770 0.143229 0.257770 0.142578 0.258684 0.141927 0.257770 0.141276 0.257770 0.140625 0.257770 0.139974 0.257770 0.139323 0.257770 0.138672 0.257770 0.138021 0.257770 0.137370 0.257770 0.136719 0.257770 0.136068 0.257770 0.135417 0.256856 0.134766 0.256856 0.134115 0.256856 0.133464 0.256856 0.132812 0.256856 0.132161 0.257770 0.131510 0.256856 0.130859 0.257770 0.130208 0.257770 0.129557 0.257770 0.128906 0.257770 0.128255 0.257770 0.127604 0.257770 0.126953 0.257770 0.126302 0.257770 0.125651 0.257770 0.125000 0.257770 0.124349 0.257770 0.123698 0.257770 0.123047 0.257770 0.122396 0.257770 0.121745 0.257770 0.121094 0.257770 0.120443 0.257770 0.119792 0.257770 0.119141 0.257770 0.118490 0.257770 0.117839 0.257770 0.117188 0.257770 0.116536 0.257770 0.115885 0.257770 0.115234 0.257770 0.114583 0.257770 0.113932 0.257770 0.113281 0.256856 0.112630 0.256856 0.111979 0.257770 0.111328 0.257770 0.110677 0.256856 0.110026 0.257770 0.109375 0.257770 0.108724 0.256856 0.108073 0.256856 0.107422 0.256856 0.106771 0.256856 0.106120 0.256856 0.105469 0.256856 0.104818 0.256856 0.104167 0.256856 0.103516 0.256856 0.102865 0.256856 0.102214 0.256856 0.101562 0.257770 0.100911 0.257770 0.100260 0.257770 0.099609 0.257770 0.098958 0.257770 0.098307 0.257770 0.097656 0.257770 0.097005 0.257770 0.096354 0.257770 0.095703 0.257770 0.095052 0.257770 0.094401 0.257770 0.093750 0.257770 0.093099 0.257770 0.092448 0.257770 0.091797 0.257770 0.091146 0.257770 0.090495 0.257770 0.089844 0.257770 0.089193 0.257770 0.088542 0.257770 0.087891 0.257770 0.087240 0.257770 0.086589 0.257770 0.085938 0.257770 0.085286 0.257770 0.084635 0.256856 0.083984 0.256856 0.083333 0.256856 0.082682 0.256856 0.082031 0.256856 0.081380 0.256856 0.080729 0.256856 0.080078 0.256856 0.079427 0.256856 0.078776 0.256856 0.078125 0.256856 0.077474 0.255941 0.076823 0.256856 0.076172 0.256856 0.075521 0.255941 0.074870 0.256856 0.074219 0.256856 0.073568 0.256856 0.072917 0.256856 0.072266 0.256856 0.071615 0.256856 0.070964 0.256856 0.070312 0.256856 0.069661 0.256856 0.069010 0.256856 0.068359 0.256856 0.067708 0.256856 0.067057 0.256856 0.066406 0.256856 0.065755 0.256856 0.065104 0.256856 0.064453 0.257770 0.063802 0.256856 0.063151 0.256856 0.062500 0.256856 0.061849 0.256856 0.061198 0.256856 0.060547 0.256856 0.059896 0.256856 0.059245 0.257770 0.058594 0.257770 0.057943 0.257770 0.057292 0.257770 0.056641 0.257770 0.055990 0.256856 0.055339 0.256856 0.054688 0.256856 0.054036 0.256856 0.053385 0.255941 0.052734 0.255941 0.052083 0.255941 0.051432 0.255941 0.050781 0.255941 0.050130 0.256856 0.049479 0.255941 0.048828 0.255941 0.048177 0.255941 0.047526 0.255941 0.046875 0.255941 0.046224 0.255941 0.045573 0.255941 0.044922 0.255941 0.044271 0.256856 0.043620 0.256856 0.042969 0.256856 0.042318 0.256856 0.041667 0.256856 0.041016 0.256856 0.040365 0.256856 0.039714 0.256856 0.039062 0.256856 0.038411 0.256856 0.037760 0.256856 0.037109 0.256856 0.036458 0.256856 0.035807 0.256856 0.035156 0.256856 0.034505 0.256856 0.033854 0.256856 0.033203 0.256856 0.032552 0.256856 0.031901 0.256856 0.031250 0.256856 0.030599 0.256856 0.029948 0.256856 0.029297 0.256856 0.028646 0.255941 0.027995 0.255941 0.027344 0.255027 0.026693 0.255027 0.026042 0.255027 0.025391 0.255027 0.024740 0.255941 0.024089 0.255941 0.023438 0.255941 0.022786 0.255941 0.022135 0.255941 0.021484 0.255941 0.020833 0.255941 0.020182 0.255027 0.019531 0.255027 0.018880 0.254113 0.018229 0.254113 0.017578 0.254113 0.016927 0.254113 0.016276 0.254113 0.015625 0.254113 0.014974 0.254113 0.014323 0.254113 0.013672 0.255027 0.013021 0.255027 0.012370 0.255941 0.011719 0.255941 0.011068 0.255941 0.010417 0.255941 0.009766 0.256856 0.009115 0.256856 0.008464 0.256856 0.007812 0.255941 0.007161 0.255941 0.006510 0.255941 0.005859 0.255941 0.005208 0.255941 0.004557 0.255941 0.003906 0.255941 0.003255 0.255941 0.002604 0.255941 0.001953 0.255941 0.001302 0.255027 0.000651 0.255027 0.000651 0.255941 0.000651 0.256856 0.000651 0.257770 0.000651 0.258684 0.000651 0.259598 0.000651 0.260512 0.000651 0.261426 0.000651 0.262340 0.000651 0.263254 0.000651 0.264168 0.000651 0.265082 0.000651 0.265996 0.000651 0.266910 0.000651 0.267824 0.000651 0.268739 0.000651 0.269653 0.000651 0.270567 0.000651 0.271481 0.000651 0.272395 0.000651 0.273309 0.001302 0.273309 0.001953 0.273309 0.002604 0.273309 0.003255 0.273309 0.003906 0.272395 0.004557 0.273309 0.005208 0.273309 0.005859 0.273309 0.006510 0.273309 0.007161 0.273309 0.007812 0.274223 0.008464 0.274223 0.009115 0.274223 0.009766 0.274223 0.010417 0.274223 0.011068 0.274223 0.011719 0.274223 0.012370 0.274223 0.013021 0.273309 0.013672 0.273309 0.014323 0.273309 0.014974 0.273309 0.015625 0.273309 0.016276 0.273309 0.016927 0.273309 0.017578 0.273309 0.018229 0.273309 0.018880 0.273309 0.019531 0.273309 0.020182 0.273309 0.020833 0.274223 0.021484 0.273309 0.022135 0.273309 0.022786 0.273309 0.023438 0.273309 0.024089 0.273309 0.024740 0.273309 0.025391 0.273309 0.026042 0.273309 0.026693 0.273309 0.027344 0.273309 0.027995 0.274223 0.028646 0.273309 0.029297 0.273309 0.029948 0.273309 0.030599 0.273309 0.031250 0.273309 0.031901 0.274223 0.032552 0.273309 0.033203 0.273309 0.033854 0.274223 0.034505 0.274223 0.035156 0.275137 0.035807 0.275137 0.036458 0.276051 0.037109 0.275137 0.037760 0.275137 0.038411 0.276051 0.039062 0.276051 0.039714 0.275137 0.040365 0.275137 0.041016 0.275137 0.041667 0.275137 0.042318 0.274223 0.042969 0.274223 0.043620 0.274223 0.044271 0.274223 0.044922 0.274223 0.045573 0.274223 0.046224 0.274223 0.046875 0.274223 0.047526 0.274223 0.048177 0.274223 0.048828 0.274223 0.049479 0.274223 0.050130 0.274223 0.050781 0.274223 0.051432 0.274223 0.052083 0.274223 0.052734 0.274223 0.053385 0.274223 0.054036 0.274223 0.054688 0.274223 0.055339 0.275137 0.055990 0.274223 0.056641 0.274223 0.057292 0.274223 0.057943 0.274223 0.058594 0.274223 0.059245 0.275137 0.059896 0.274223 0.060547 0.275137 0.061198 0.275137 0.061849 0.276051 0.062500 0.276051 0.063151 0.276051 0.063802 0.276051 0.064453 0.276051 0.065104 0.275137 0.065755 0.275137 0.066406 0.275137 0.067057 0.275137 0.067708 0.275137 0.068359 0.275137 0.069010 0.276051 0.069661 0.275137 0.070312 0.275137 0.070964 0.275137 0.071615 0.275137 0.072266 0.274223 0.072917 0.274223 0.073568 0.274223 0.074219 0.274223 0.074870 0.274223 0.075521 0.274223 0.076172 0.274223 0.076823 0.274223 0.077474 0.275137 0.078125 0.275137 0.078776 0.275137 0.079427 0.274223 0.080078 0.275137 0.080729 0.274223 0.081380 0.274223 0.082031 0.274223 0.082682 0.274223 0.083333 0.274223 0.083984 0.274223 0.084635 0.274223 0.085286 0.274223 0.085938 0.274223 0.086589 0.274223 0.087240 0.274223 0.087891 0.275137 0.088542 0.275137 0.089193 0.275137 0.089844 0.275137 0.090495 0.276051 0.091146 0.276051 0.091797 0.276051 0.092448 0.276051 0.093099 0.276051 0.093750 0.276051 0.094401 0.276051 0.095052 0.276051 0.095703 0.276051 0.096354 0.275137 0.097005 0.275137 0.097656 0.275137 0.098307 0.275137 0.098958 0.275137 0.099609 0.275137 0.100260 0.275137 0.100911 0.275137 0.101562 0.275137 0.102214 0.275137 0.102865 0.275137 0.103516 0.275137 0.104167 0.276051 0.104818 0.275137 0.105469 0.275137 0.106120 0.275137 0.106771 0.275137 0.107422 0.275137 0.108073 0.276051 0.108724 0.275137 0.109375 0.275137 0.110026 0.275137 0.110677 0.275137 0.111328 0.275137 0.111979 0.275137 0.112630 0.275137 0.113281 0.275137 0.113932 0.275137 0.114583 0.275137 0.115234 0.275137 0.115885 0.275137 0.116536 0.275137 0.117188 0.275137 0.117839 0.275137 0.118490 0.275137 0.119141 0.276051 0.119792 0.276051 0.120443 0.276051 0.121094 0.276051 0.121745 0.276051 0.122396 0.276051 0.123047 0.276051 0.123698 0.276051 0.124349 0.276051 0.125000 0.276051 0.125651 0.276051 0.126302 0.276051 0.126953 0.276051 0.127604 0.276051 0.128255 0.276051 0.128906 0.276051 0.129557 0.275137 0.130208 0.275137 0.130859 0.275137 0.131510 0.275137 0.132161 0.275137 0.132812 0.275137 0.133464 0.275137 0.134115 0.275137 0.134766 0.275137 0.135417 0.275137 0.136068 0.275137 0.136719 0.275137 0.137370 0.275137 0.138021 0.275137 0.138672 0.275137 0.139323 0.275137 0.139974 0.275137 0.140625 0.275137 0.141276 0.275137 0.141927 0.275137 0.142578 0.275137 0.143229 0.275137 0.143880 0.275137 0.144531 0.275137 0.145182 0.275137 0.145833 0.275137 0.146484 0.275137 0.147135 0.276051 0.147786 0.276051 0.148438 0.276965 0.149089 0.276965 0.149740 0.276965 0.150391 0.276051 0.151042 0.276965 0.151693 0.276965 0.152344 0.276051 0.152995 0.276051 0.153646 0.276051 0.154297 0.276051 0.154948 0.276051 0.155599 0.276051 0.156250 0.276051 0.156901 0.276051 0.157552 0.275137 0.158203 0.275137 0.158854 0.275137 0.159505 0.275137 0.160156 0.275137 0.160807 0.275137 0.161458 0.275137 0.162109 0.275137 0.162760 0.275137 0.163411 0.275137 0.164062 0.275137 0.164714 0.275137 0.165365 0.275137 0.166016 0.275137 0.166667 0.275137 0.167318 0.275137 0.167969 0.275137 0.168620 0.275137 0.169271 0.275137 0.169922 0.275137 0.170573 0.275137 0.171224 0.275137 0.171875 0.275137 0.172526 0.275137 0.173177 0.275137 0.173828 0.276051 0.174479 0.275137 0.175130 0.275137 0.175781 0.275137 0.176432 0.275137 0.177083 0.276051 0.177734 0.276051 0.178385 0.276051 0.179036 0.276051 0.179688 0.276051 0.180339 0.276051 0.180990 0.275137 0.181641 0.275137 0.182292 0.276051 0.182943 0.276051 0.183594 0.275137 0.184245 0.275137 0.184896 0.275137 0.185547 0.275137 0.186198 0.275137 0.186849 0.274223 0.187500 0.275137 0.188151 0.275137 0.188802 0.274223 0.189453 0.275137 0.190104 0.274223 0.190755 0.275137 0.191406 0.274223 0.192057 0.274223 0.192708 0.274223 0.193359 0.275137 0.194010 0.275137 0.194661 0.275137 0.195312 0.275137 0.195964 0.275137 0.196615 0.275137 0.197266 0.274223 0.197917 0.275137 0.198568 0.275137 0.199219 0.275137 0.199870 0.275137 0.200521 0.275137 0.201172 0.274223 0.201823 0.274223 0.202474 0.274223 0.203125 0.275137 0.203776 0.275137 0.204427 0.275137 0.205078 0.275137 0.205729 0.276051 0.206380 0.276051 0.207031 0.275137 0.207682 0.275137 0.208333 0.275137 0.208984 0.275137 0.209635 0.275137 0.210286 0.275137 0.210938 0.275137 0.211589 0.275137 0.212240 0.275137 0.212891 0.275137 0.213542 0.275137 0.214193 0.275137 0.214844 0.274223 0.215495 0.274223 0.216146 0.274223 0.216797 0.274223 0.217448 0.274223 0.218099 0.274223 0.218750 0.274223 0.219401 0.274223 0.220052 0.274223 0.220703 0.274223 0.221354 0.274223 0.222005 0.274223 0.222656 0.275137 0.223307 0.274223 0.223958 0.274223 0.224609 0.274223 0.225260 0.274223 0.225911 0.274223 0.226562 0.273309 0.227214 0.274223 0.227865 0.274223 0.228516 0.273309 0.229167 0.273309 0.229818 0.274223 0.230469 0.273309 0.231120 0.273309 0.231771 0.273309 0.232422 0.274223 0.233073 0.274223 0.233724 0.274223 0.234375 0.274223 0.235026 0.274223 0.235677 0.274223 0.236328 0.274223 0.236979 0.274223 0.237630 0.275137 0.238281 0.274223 0.238932 0.274223 0.239583 0.274223 0.240234 0.274223 0.240885 0.274223 0.241536 0.274223 0.242188 0.274223 0.242839 0.273309 0.243490 0.273309 0.244141 0.273309 0.244792 0.273309 0.245443 0.274223 0.246094 0.274223 0.246745 0.275137 0.247396 0.275137 0.248047 0.276051 0.248698 0.275137 0.249349 0.275137 0.250000 0.274223 0.250651 0.274223 0.251302 0.273309 0.251953 0.273309 0.252604 0.273309 0.253255 0.273309 0.253906 0.273309 0.254557 0.273309 0.255208 0.273309 0.255859 0.273309 0.256510 0.273309 0.257161 0.273309 0.257812 0.272395 0.258464 0.273309 0.259115 0.272395 0.259766 0.272395 0.260417 0.272395 0.261068 0.272395 0.261719 0.272395 0.262370 0.272395 0.263021 0.272395 0.263672 0.273309 0.264323 0.273309 0.264974 0.273309 0.265625 0.273309 0.266276 0.273309 0.266927 0.273309 0.267578 0.273309 0.268229 0.273309 0.268880 0.273309 0.269531 0.274223 0.270182 0.273309 0.270833 0.273309 0.271484 0.272395 0.272135 0.272395 0.272786 0.272395 0.273438 0.272395 0.274089 0.272395 0.274740 0.272395 0.275391 0.272395 0.276042 0.272395 0.276693 0.272395 0.277344 0.272395 0.277995 0.272395 0.278646 0.272395 0.279297 0.272395 0.279948 0.272395 0.280599 0.273309 0.281250 0.273309 0.281901 0.274223 0.282552 0.275137 0.282552 0.276051 0.282552 0.276965 0.282552 0.277879 0.282552 0.278793 0.282552 0.279707 0.282552 0.280622 0.282552 0.281536 0.282552 0.282450 0.283203 0.283364 0.283203 0.284278 0.283854 0.284278 0.284505 0.284278 0.284505 0.283364 0.285156 0.282450 0.285807 0.281536 0.285807 0.280622 0.286458 0.279707 0.287109 0.278793 0.287760 0.279707 0.287109 0.278793 0.287109 0.277879 0.287760 0.276965 0.287760 0.276051 0.288411 0.275137 0.289062 0.274223 0.289714 0.274223 0.290365 0.273309 0.291016 0.273309 0.291667 0.272395 0.292318 0.272395 0.292969 0.272395 0.293620 0.271481 0.294271 0.271481 0.294922 0.271481 0.295573 0.272395 0.296224 0.272395 0.296875 0.273309 0.297526 0.273309 0.298177 0.274223 0.298828 0.273309 0.299479 0.273309 0.300130 0.273309 0.300781 0.272395 0.301432 0.272395 0.302083 0.272395 0.302734 0.272395 0.303385 0.272395 0.304036 0.271481 0.304688 0.271481 0.305339 0.272395 0.305990 0.272395 0.306641 0.273309 0.307292 0.274223 0.307292 0.275137 0.307943 0.276051 0.307943 0.276965 0.308594 0.277879 0.308594 0.278793 0.308594 0.279707 0.308594 0.280622 0.308594 0.281536 0.307943 0.282450 0.307943 0.283364 0.307943 0.284278 0.307943 0.285192 0.308594 0.286106 0.307943 0.287020 0.308594 0.286106 0.309245 0.285192 0.309896 0.284278 0.310547 0.284278 0.311198 0.283364 0.311849 0.283364 0.312500 0.282450 0.313151 0.283364 0.312500 0.282450 0.313151 0.281536 0.313802 0.280622 0.314453 0.280622 0.315104 0.279707 0.315755 0.280622 0.315104 0.279707 0.315755 0.278793 0.316406 0.277879 0.316406 0.276965 0.317057 0.276051 0.317708 0.275137 0.318359 0.274223 0.319010 0.274223 0.319661 0.273309 0.320312 0.273309 0.320964 0.273309 0.321615 0.273309 0.322266 0.273309 0.322917 0.273309 0.323568 0.273309 0.324219 0.273309 0.324870 0.272395 0.325521 0.272395 0.326172 0.273309 0.326823 0.273309 0.327474 0.273309 0.328125 0.274223 0.328776 0.274223 0.329427 0.275137 0.330078 0.275137 0.330729 0.275137 0.331380 0.275137 0.332031 0.275137 0.332682 0.275137 0.333333 0.275137 0.333984 0.276051 0.334635 0.276051 0.335286 0.276965 0.335938 0.276965 0.336589 0.276965 0.337240 0.276965 0.337891 0.276051 0.338542 0.276051 0.339193 0.275137 0.339844 0.276051 0.340495 0.276051 0.341146 0.276965 0.341797 0.277879 0.341797 0.278793 0.341146 0.279707 0.341797 0.278793 0.342448 0.279707 0.343099 0.280622 0.343099 0.281536 0.343750 0.281536 0.344401 0.281536 0.345052 0.280622 0.345703 0.280622 0.345703 0.279707 0.346354 0.278793 0.347005 0.277879 0.347005 0.276965 0.347656 0.276051 0.348307 0.275137 0.348958 0.274223 0.349609 0.274223 0.350260 0.273309 0.350911 0.273309 0.351562 0.273309 0.352214 0.272395 0.352865 0.272395 0.353516 0.272395 0.354167 0.273309 0.354818 0.273309 0.355469 0.274223 0.356120 0.274223 0.356771 0.275137 0.357422 0.276051 0.356771 0.276965 0.357422 0.276051 0.358073 0.276965 0.358724 0.277879 0.358724 0.278793 0.359375 0.279707 0.359375 0.280622 0.359375 0.281536 0.360026 0.282450 0.360026 0.283364 0.360026 0.284278 0.360026 0.285192 0.360677 0.286106 0.361328 0.287020 0.360677 0.287934 0.361328 0.287020 0.361979 0.287934 0.361979 0.288848 0.361979 0.289762 0.362630 0.290676 0.363281 0.290676 0.363932 0.291590 0.364583 0.292505 0.365234 0.293419 0.365885 0.294333 0.365885 0.295247 0.365885 0.296161 0.365234 0.297075 0.364583 0.297989 0.363932 0.297989 0.363281 0.298903 0.362630 0.298903 0.361979 0.298903 0.361328 0.298903 0.360677 0.298903 0.360026 0.299817 0.359375 0.299817 0.358724 0.299817 0.358073 0.299817 0.357422 0.299817 0.356771 0.299817 0.356120 0.299817 0.355469 0.299817 0.354818 0.298903 0.354167 0.298903 0.353516 0.298903 0.352865 0.297989 0.352214 0.297989 0.351562 0.297989 0.350911 0.298903 0.350260 0.298903 0.349609 0.297989 0.348958 0.298903 0.348307 0.297989 0.347656 0.297989 0.347005 0.297075 0.346354 0.297075 0.345703 0.296161 0.345052 0.295247 0.344401 0.294333 0.344401 0.293419 0.343750 0.292505 0.343099 0.292505 0.342448 0.291590 0.341797 0.292505 0.341146 0.293419 0.340495 0.292505 0.341146 0.293419 0.341146 0.294333 0.340495 0.295247 0.339844 0.296161 0.339193 0.296161 0.339193 0.297075 0.338542 0.297989 0.337891 0.298903 0.337240 0.298903 0.336589 0.299817 0.335938 0.299817 0.335286 0.299817 0.334635 0.299817 0.333984 0.298903 0.333333 0.299817 0.332682 0.299817 0.332031 0.299817 0.331380 0.299817 0.330729 0.299817 0.330078 0.299817 0.329427 0.299817 0.328776 0.299817 0.328125 0.299817 0.327474 0.299817 0.326823 0.299817 0.326172 0.299817 0.325521 0.299817 0.324870 0.299817 0.324219 0.299817 0.323568 0.299817 0.322917 0.298903 0.322266 0.299817 0.321615 0.299817 0.320964 0.299817 0.320312 0.298903 0.319661 0.299817 0.319010 0.299817 0.318359 0.299817 0.317708 0.299817 0.317057 0.299817 0.316406 0.299817 0.315755 0.298903 0.315104 0.299817 0.314453 0.299817 0.313802 0.299817 0.313151 0.299817 0.312500 0.299817 0.311849 0.298903 0.311198 0.299817 0.310547 0.298903 0.309896 0.298903 0.309245 0.298903 0.308594 0.298903 0.307943 0.298903 0.307292 0.299817 0.306641 0.299817 0.305990 0.299817 0.305339 0.299817 0.304688 0.299817 0.304036 0.298903 0.303385 0.298903 0.302734 0.299817 0.302083 0.299817 0.301432 0.298903 0.300781 0.298903 0.300130 0.299817 0.299479 0.298903 0.298828 0.298903 0.298177 0.298903 0.297526 0.298903 0.296875 0.298903 0.296224 0.298903 0.295573 0.298903 0.294922 0.298903 0.294271 0.298903 0.293620 0.298903 0.292969 0.298903 0.292318 0.298903 0.291667 0.298903 0.291016 0.298903 0.290365 0.299817 0.289714 0.298903 0.289062 0.298903 0.288411 0.299817 0.287760 0.298903 0.287109 0.299817 0.286458 0.298903 0.285807 0.298903 0.285156 0.298903 0.284505 0.298903 0.283854 0.298903 0.283203 0.298903 0.282552 0.299817 0.281901 0.299817 0.281250 0.298903 0.280599 0.298903 0.279948 0.299817 0.279297 0.299817 0.278646 0.299817 0.277995 0.298903 0.277344 0.298903 0.276693 0.298903 0.276042 0.298903 0.275391 0.298903 0.274740 0.299817 0.274089 0.299817 0.273438 0.299817 0.272786 0.299817 0.272135 0.298903 0.271484 0.298903 0.270833 0.298903 0.270182 0.297989 0.269531 0.297989 0.268880 0.298903 0.268229 0.298903 0.267578 0.298903 0.266927 0.298903 0.266276 0.298903 0.265625 0.298903 0.264974 0.298903 0.264323 0.298903 0.263672 0.298903 0.263021 0.298903 0.262370 0.297989 0.261719 0.297989 0.261068 0.298903 0.260417 0.298903 0.259766 0.298903 0.259115 0.298903 0.258464 0.298903 0.257812 0.298903 0.257161 0.298903 0.256510 0.298903 0.255859 0.298903 0.255208 0.298903 0.254557 0.298903 0.253906 0.298903 0.253255 0.298903 0.252604 0.298903 0.251953 0.298903 0.251302 0.298903 0.250651 0.298903 0.250000 0.298903 0.249349 0.298903 0.248698 0.298903 0.248047 0.298903 0.247396 0.298903 0.246745 0.298903 0.246094 0.298903 0.245443 0.298903 0.244792 0.298903 0.244141 0.298903 0.243490 0.298903 0.242839 0.298903 0.242188 0.297989 0.241536 0.297989 0.240885 0.298903 0.240234 0.297989 0.239583 0.298903 0.238932 0.298903 0.238281 0.297989 0.237630 0.297989 0.236979 0.298903 0.236328 0.298903 0.235677 0.298903 0.235026 0.297989 0.234375 0.298903 0.233724 0.298903 0.233073 0.298903 0.232422 0.298903 0.231771 0.298903 0.231120 0.298903 0.230469 0.298903 0.229818 0.298903 0.229167 0.298903 0.228516 0.298903 0.227865 0.298903 0.227214 0.298903 0.226562 0.297989 0.225911 0.298903 0.225260 0.298903 0.224609 0.298903 0.223958 0.297989 0.223307 0.297989 0.222656 0.298903 0.222005 0.298903 0.221354 0.298903 0.220703 0.298903 0.220052 0.298903 0.219401 0.298903 0.218750 0.298903 0.218099 0.298903 0.217448 0.298903 0.216797 0.298903 0.216146 0.298903 0.215495 0.298903 0.214844 0.298903 0.214193 0.297989 0.213542 0.297989 0.212891 0.297989 0.212240 0.297989 0.211589 0.297989 0.210938 0.297989 0.210286 0.297989 0.209635 0.297989 0.208984 0.297989 0.208333 0.297989 0.207682 0.297075 0.207031 0.297989 0.206380 0.297075 0.205729 0.297075 0.205078 0.297075 0.204427 0.297989 0.203776 0.297989 0.203125 0.297989 0.202474 0.298903 0.201823 0.297989 0.201172 0.297989 0.200521 0.297989 0.199870 0.298903 0.199219 0.298903 0.198568 0.298903 0.197917 0.298903 0.197266 0.298903 0.196615 0.298903 0.195964 0.298903 0.195312 0.298903 0.194661 0.298903 0.194010 0.297989 0.193359 0.298903 0.192708 0.298903 0.192057 0.298903 0.191406 0.298903 0.190755 0.298903 0.190104 0.298903 0.189453 0.298903 0.188802 0.298903 0.188151 0.298903 0.187500 0.298903 0.186849 0.298903 0.186198 0.298903 0.185547 0.297989 0.184896 0.297989 0.184245 0.297989 0.183594 0.297075 0.182943 0.297075 0.182292 0.297989 0.181641 0.297989 0.180990 0.297989 0.180339 0.297989 0.179688 0.297989 0.179036 0.297989 0.178385 0.297075 0.177734 0.297075 0.177083 0.297989 0.176432 0.297989 0.175781 0.297075 0.175130 0.297075 0.174479 0.297989 0.173828 0.297989 0.173177 0.297989 0.172526 0.298903 0.171875 0.298903 0.171224 0.298903 0.170573 0.298903 0.169922 0.298903 0.169271 0.298903 0.168620 0.298903 0.167969 0.298903 0.167318 0.298903 0.166667 0.298903 0.166016 0.298903 0.165365 0.298903 0.164714 0.298903 0.164062 0.298903 0.163411 0.298903 0.162760 0.298903 0.162109 0.298903 0.161458 0.298903 0.160807 0.298903 0.160156 0.298903 0.159505 0.298903 0.158854 0.298903 0.158203 0.298903 0.157552 0.298903 0.156901 0.298903 0.156250 0.298903 0.155599 0.298903 0.154948 0.297989 0.154297 0.297989 0.153646 0.297989 0.152995 0.297075 0.152344 0.297989 0.151693 0.297989 0.151042 0.297989 0.150391 0.297989 0.149740 0.297989 0.149089 0.297989 0.148438 0.297989 0.147786 0.297989 0.147135 0.298903 0.146484 0.298903 0.145833 0.298903 0.145182 0.297989 0.144531 0.298903 0.143880 0.298903 0.143229 0.298903 0.142578 0.298903 0.141927 0.298903 0.141276 0.298903 0.140625 0.298903 0.139974 0.298903 0.139323 0.298903 0.138672 0.298903 0.138021 0.298903 0.137370 0.298903 0.136719 0.298903 0.136068 0.298903 0.135417 0.297989 0.134766 0.297989 0.134115 0.297989 0.133464 0.297989 0.132812 0.298903 0.132161 0.298903 0.131510 0.298903 0.130859 0.298903 0.130208 0.298903 0.129557 0.298903 0.128906 0.298903 0.128255 0.298903 0.127604 0.298903 0.126953 0.298903 0.126302 0.298903 0.125651 0.297989 0.125000 0.297989 0.124349 0.297989 0.123698 0.297989 0.123047 0.297989 0.122396 0.297989 0.121745 0.297989 0.121094 0.297989 0.120443 0.297989 0.119792 0.297989 0.119141 0.298903 0.118490 0.297989 0.117839 0.297989 0.117188 0.297989 0.116536 0.297989 0.115885 0.297989 0.115234 0.297989 0.114583 0.298903 0.113932 0.298903 0.113281 0.297989 0.112630 0.298903 0.111979 0.298903 0.111328 0.298903 0.110677 0.298903 0.110026 0.298903 0.109375 0.298903 0.108724 0.298903 0.108073 0.298903 0.107422 0.298903 0.106771 0.298903 0.106120 0.298903 0.105469 0.298903 0.104818 0.298903 0.104167 0.298903 0.103516 0.298903 0.102865 0.298903 0.102214 0.298903 0.101562 0.298903 0.100911 0.298903 0.100260 0.298903 0.099609 0.298903 0.098958 0.298903 0.098307 0.298903 0.097656 0.298903 0.097005 0.298903 0.096354 0.298903 0.095703 0.298903 0.095052 0.297989 0.094401 0.297989 0.093750 0.297989 0.093099 0.298903 0.092448 0.297989 0.091797 0.298903 0.091146 0.298903 0.090495 0.298903 0.089844 0.298903 0.089193 0.298903 0.088542 0.298903 0.087891 0.298903 0.087240 0.298903 0.086589 0.298903 0.085938 0.298903 0.085286 0.298903 0.084635 0.298903 0.083984 0.298903 0.083333 0.298903 0.082682 0.298903 0.082031 0.298903 0.081380 0.298903 0.080729 0.298903 0.080078 0.298903 0.079427 0.298903 0.078776 0.298903 0.078125 0.298903 0.077474 0.298903 0.076823 0.298903 0.076172 0.298903 0.075521 0.298903 0.074870 0.298903 0.074219 0.298903 0.073568 0.298903 0.072917 0.298903 0.072266 0.298903 0.071615 0.298903 0.070964 0.297989 0.070312 0.298903 0.069661 0.297989 0.069010 0.297989 0.068359 0.297989 0.067708 0.297989 0.067057 0.297989 0.066406 0.297989 0.065755 0.297989 0.065104 0.298903 0.064453 0.298903 0.063802 0.298903 0.063151 0.298903 0.062500 0.297989 0.061849 0.298903 0.061198 0.298903 0.060547 0.298903 0.059896 0.298903 0.059245 0.298903 0.058594 0.298903 0.057943 0.298903 0.057292 0.298903 0.056641 0.298903 0.055990 0.298903 0.055339 0.298903 0.054688 0.298903 0.054036 0.298903 0.053385 0.298903 0.052734 0.298903 0.052083 0.298903 0.051432 0.298903 0.050781 0.298903 0.050130 0.298903 0.049479 0.298903 0.048828 0.298903 0.048177 0.298903 0.047526 0.298903 0.046875 0.298903 0.046224 0.298903 0.045573 0.298903 0.044922 0.298903 0.044271 0.298903 0.043620 0.298903 0.042969 0.298903 0.042318 0.298903 0.041667 0.298903 0.041016 0.298903 0.040365 0.298903 0.039714 0.298903 0.039062 0.298903 0.038411 0.298903 0.037760 0.297989 0.037109 0.298903 0.036458 0.297989 0.035807 0.297989 0.035156 0.297989 0.034505 0.297989 0.033854 0.298903 0.033203 0.298903 0.032552 0.298903 0.031901 0.298903 0.031250 0.298903 0.030599 0.298903 0.029948 0.298903 0.029297 0.298903 0.028646 0.298903 0.027995 0.298903 0.027344 0.298903 0.026693 0.298903 0.026042 0.298903 0.025391 0.298903 0.024740 0.299817 0.024089 0.298903 0.023438 0.299817 0.022786 0.299817 0.022135 0.299817 0.021484 0.299817 0.020833 0.299817 0.020182 0.299817 0.019531 0.299817 0.018880 0.299817 0.018229 0.299817 0.017578 0.298903 0.016927 0.298903 0.016276 0.299817 0.015625 0.299817 0.014974 0.299817 0.014323 0.299817 0.013672 0.298903 0.013021 0.298903 0.012370 0.297989 0.011719 0.298903 0.011068 0.298903 0.010417 0.298903 0.009766 0.298903 0.009115 0.298903 0.008464 0.298903 0.007812 0.298903 0.007161 0.298903 0.006510 0.298903 0.005859 0.298903 0.005208 0.298903 0.004557 0.298903 0.003906 0.299817 0.003255 0.299817 0.002604 0.299817 0.001953 0.299817 0.001302 0.299817 0.000651 0.299817 0.000651 0.300731 0.000651 0.301645 0.000651 0.302559 0.000651 0.303473 0.000651 0.304388 0.000651 0.305302 0.000651 0.306216 0.000651 0.307130 0.000651 0.308044 0.000651 0.308958 0.000651 0.309872 0.000651 0.310786 0.000651 0.311700 0.000651 0.312614 0.000651 0.313528 0.000651 0.314442 0.001302 0.314442 0.001953 0.314442 0.002604 0.314442 0.003255 0.314442 0.003906 0.315356 0.004557 0.315356 0.005208 0.315356 0.005859 0.315356 0.006510 0.315356 0.007161 0.315356 0.007812 0.315356 0.008464 0.315356 0.009115 0.315356 0.009766 0.315356 0.010417 0.315356 0.011068 0.315356 0.011719 0.315356 0.012370 0.315356 0.013021 0.315356 0.013672 0.315356 0.014323 0.315356 0.014974 0.315356 0.015625 0.315356 0.016276 0.315356 0.016927 0.315356 0.017578 0.315356 0.018229 0.316271 0.018880 0.316271 0.019531 0.316271 0.020182 0.316271 0.020833 0.316271 0.021484 0.316271 0.022135 0.316271 0.022786 0.316271 0.023438 0.316271 0.024089 0.316271 0.024740 0.316271 0.025391 0.316271 0.026042 0.316271 0.026693 0.316271 0.027344 0.316271 0.027995 0.316271 0.028646 0.316271 0.029297 0.316271 0.029948 0.315356 0.030599 0.315356 0.031250 0.315356 0.031901 0.315356 0.032552 0.316271 0.033203 0.316271 0.033854 0.317185 0.034505 0.318099 0.035156 0.319013 0.034505 0.319927 0.035156 0.319013 0.035807 0.318099 0.036458 0.317185 0.037109 0.317185 0.037760 0.316271 0.038411 0.316271 0.039062 0.315356 0.039714 0.315356 0.040365 0.315356 0.041016 0.315356 0.041667 0.315356 0.042318 0.315356 0.042969 0.315356 0.043620 0.315356 0.044271 0.315356 0.044922 0.315356 0.045573 0.315356 0.046224 0.316271 0.046875 0.316271 0.047526 0.317185 0.048177 0.317185 0.048828 0.317185 0.049479 0.317185 0.050130 0.317185 0.050781 0.317185 0.051432 0.316271 0.052083 0.317185 0.052734 0.317185 0.053385 0.317185 0.054036 0.317185 0.054688 0.317185 0.055339 0.317185 0.055990 0.317185 0.056641 0.317185 0.057292 0.316271 0.057943 0.316271 0.058594 0.316271 0.059245 0.315356 0.059896 0.315356 0.060547 0.315356 0.061198 0.316271 0.061849 0.315356 0.062500 0.315356 0.063151 0.315356 0.063802 0.315356 0.064453 0.315356 0.065104 0.315356 0.065755 0.315356 0.066406 0.315356 0.067057 0.315356 0.067708 0.316271 0.068359 0.316271 0.069010 0.315356 0.069661 0.315356 0.070312 0.315356 0.070964 0.315356 0.071615 0.316271 0.072266 0.316271 0.072917 0.316271 0.073568 0.317185 0.074219 0.317185 0.074870 0.318099 0.075521 0.317185 0.076172 0.317185 0.076823 0.317185 0.077474 0.317185 0.078125 0.316271 0.078776 0.316271 0.079427 0.316271 0.080078 0.316271 0.080729 0.317185 0.081380 0.317185 0.082031 0.317185 0.082682 0.316271 0.083333 0.317185 0.083984 0.317185 0.084635 0.316271 0.085286 0.316271 0.085938 0.316271 0.086589 0.316271 0.087240 0.316271 0.087891 0.316271 0.088542 0.315356 0.089193 0.315356 0.089844 0.315356 0.090495 0.315356 0.091146 0.315356 0.091797 0.315356 0.092448 0.315356 0.093099 0.316271 0.093750 0.316271 0.094401 0.316271 0.095052 0.316271 0.095703 0.316271 0.096354 0.316271 0.097005 0.315356 0.097656 0.316271 0.098307 0.316271 0.098958 0.316271 0.099609 0.315356 0.100260 0.315356 0.100911 0.315356 0.101562 0.316271 0.102214 0.316271 0.102865 0.316271 0.103516 0.317185 0.104167 0.317185 0.104818 0.316271 0.105469 0.317185 0.106120 0.316271 0.106771 0.316271 0.107422 0.316271 0.108073 0.316271 0.108724 0.316271 0.109375 0.316271 0.110026 0.316271 0.110677 0.317185 0.111328 0.317185 0.111979 0.317185 0.112630 0.317185 0.113281 0.316271 0.113932 0.316271 0.114583 0.316271 0.115234 0.316271 0.115885 0.316271 0.116536 0.316271 0.117188 0.316271 0.117839 0.316271 0.118490 0.316271 0.119141 0.315356 0.119792 0.316271 0.120443 0.316271 0.121094 0.316271 0.121745 0.315356 0.122396 0.315356 0.123047 0.315356 0.123698 0.315356 0.124349 0.315356 0.125000 0.316271 0.125651 0.315356 0.126302 0.316271 0.126953 0.316271 0.127604 0.317185 0.128255 0.318099 0.128906 0.317185 0.129557 0.317185 0.130208 0.316271 0.130859 0.316271 0.131510 0.316271 0.132161 0.315356 0.132812 0.315356 0.133464 0.316271 0.134115 0.316271 0.134766 0.316271 0.135417 0.316271 0.136068 0.316271 0.136719 0.316271 0.137370 0.316271 0.138021 0.316271 0.138672 0.316271 0.139323 0.316271 0.139974 0.316271 0.140625 0.316271 0.141276 0.316271 0.141927 0.316271 0.142578 0.316271 0.143229 0.316271 0.143880 0.316271 0.144531 0.315356 0.145182 0.315356 0.145833 0.315356 0.146484 0.315356 0.147135 0.315356 0.147786 0.316271 0.148438 0.315356 0.149089 0.315356 0.149740 0.315356 0.150391 0.316271 0.151042 0.316271 0.151693 0.315356 0.152344 0.315356 0.152995 0.315356 0.153646 0.315356 0.154297 0.316271 0.154948 0.315356 0.155599 0.315356 0.156250 0.315356 0.156901 0.315356 0.157552 0.315356 0.158203 0.315356 0.158854 0.316271 0.159505 0.316271 0.160156 0.316271 0.160807 0.316271 0.161458 0.317185 0.162109 0.317185 0.162760 0.317185 0.163411 0.316271 0.164062 0.316271 0.164714 0.316271 0.165365 0.316271 0.166016 0.316271 0.166667 0.316271 0.167318 0.316271 0.167969 0.316271 0.168620 0.316271 0.169271 0.316271 0.169922 0.316271 0.170573 0.316271 0.171224 0.316271 0.171875 0.316271 0.172526 0.315356 0.173177 0.315356 0.173828 0.315356 0.174479 0.315356 0.175130 0.315356 0.175781 0.315356 0.176432 0.315356 0.177083 0.315356 0.177734 0.315356 0.178385 0.315356 0.179036 0.315356 0.179688 0.315356 0.180339 0.315356 0.180990 0.316271 0.181641 0.315356 0.182292 0.315356 0.182943 0.315356 0.183594 0.316271 0.184245 0.316271 0.184896 0.316271 0.185547 0.315356 0.186198 0.316271 0.186849 0.316271 0.187500 0.316271 0.188151 0.316271 0.188802 0.316271 0.189453 0.316271 0.190104 0.316271 0.190755 0.316271 0.191406 0.316271 0.192057 0.316271 0.192708 0.316271 0.193359 0.316271 0.194010 0.316271 0.194661 0.316271 0.195312 0.316271 0.195964 0.316271 0.196615 0.316271 0.197266 0.316271 0.197917 0.316271 0.198568 0.316271 0.199219 0.316271 0.199870 0.315356 0.200521 0.315356 0.201172 0.315356 0.201823 0.315356 0.202474 0.315356 0.203125 0.315356 0.203776 0.314442 0.204427 0.315356 0.205078 0.315356 0.205729 0.315356 0.206380 0.315356 0.207031 0.315356 0.207682 0.315356 0.208333 0.315356 0.208984 0.315356 0.209635 0.315356 0.210286 0.315356 0.210938 0.315356 0.211589 0.315356 0.212240 0.315356 0.212891 0.315356 0.213542 0.315356 0.214193 0.315356 0.214844 0.315356 0.215495 0.315356 0.216146 0.315356 0.216797 0.315356 0.217448 0.315356 0.218099 0.315356 0.218750 0.315356 0.219401 0.316271 0.220052 0.316271 0.220703 0.316271 0.221354 0.316271 0.222005 0.316271 0.222656 0.316271 0.223307 0.316271 0.223958 0.316271 0.224609 0.316271 0.225260 0.316271 0.225911 0.316271 0.226562 0.316271 0.227214 0.315356 0.227865 0.316271 0.228516 0.316271 0.229167 0.315356 0.229818 0.315356 0.230469 0.315356 0.231120 0.315356 0.231771 0.315356 0.232422 0.315356 0.233073 0.315356 0.233724 0.315356 0.234375 0.315356 0.235026 0.314442 0.235677 0.314442 0.236328 0.314442 0.236979 0.314442 0.237630 0.315356 0.238281 0.314442 0.238932 0.315356 0.239583 0.314442 0.240234 0.314442 0.240885 0.314442 0.241536 0.315356 0.242188 0.314442 0.242839 0.315356 0.243490 0.315356 0.244141 0.314442 0.244792 0.314442 0.245443 0.314442 0.246094 0.314442 0.246745 0.315356 0.247396 0.315356 0.248047 0.315356 0.248698 0.315356 0.249349 0.315356 0.250000 0.315356 0.250651 0.315356 0.251302 0.315356 0.251953 0.316271 0.252604 0.316271 0.253255 0.315356 0.253906 0.315356 0.254557 0.315356 0.255208 0.315356 0.255859 0.315356 0.256510 0.315356 0.257161 0.314442 0.257812 0.314442 0.258464 0.314442 0.259115 0.314442 0.259766 0.314442 0.260417 0.315356 0.261068 0.314442 0.261719 0.314442 0.262370 0.314442 0.263021 0.314442 0.263672 0.314442 0.264323 0.314442 0.264974 0.314442 0.265625 0.314442 0.266276 0.315356 0.266927 0.315356 0.267578 0.314442 0.268229 0.314442 0.268880 0.314442 0.269531 0.314442 0.270182 0.315356 0.270833 0.315356 0.271484 0.314442 0.272135 0.314442 0.272786 0.314442 0.273438 0.314442 0.274089 0.314442 0.274740 0.315356 0.275391 0.315356 0.276042 0.315356 0.276693 0.314442 0.277344 0.314442 0.277995 0.314442 0.278646 0.315356 0.279297 0.314442 0.279948 0.314442 0.280599 0.314442 0.281250 0.314442 0.281901 0.314442 0.282552 0.314442 0.283203 0.314442 0.283854 0.314442 0.284505 0.314442 0.285156 0.314442 0.285807 0.314442 0.286458 0.313528 0.287109 0.313528 0.287760 0.313528 0.288411 0.313528 0.289062 0.313528 0.289714 0.313528 0.290365 0.313528 0.291016 0.313528 0.291667 0.313528 0.292318 0.314442 0.292969 0.313528 0.293620 0.314442 0.294271 0.313528 0.294922 0.313528 0.295573 0.313528 0.296224 0.314442 0.296875 0.314442 0.297526 0.314442 0.298177 0.313528 0.298828 0.313528 0.299479 0.313528 0.300130 0.313528 0.300781 0.313528 0.301432 0.313528 0.302083 0.313528 0.302734 0.313528 0.303385 0.313528 0.304036 0.313528 0.304688 0.313528 0.305339 0.313528 0.305990 0.314442 0.306641 0.314442 0.307292 0.315356 0.307943 0.315356 0.308594 0.315356 0.309245 0.314442 0.309896 0.314442 0.310547 0.314442 0.311198 0.314442 0.311849 0.313528 0.312500 0.313528 0.313151 0.313528 0.313802 0.313528 0.314453 0.313528 0.315104 0.313528 0.315755 0.313528 0.316406 0.313528 0.317057 0.313528 0.317708 0.313528 0.318359 0.313528 0.319010 0.312614 0.319661 0.312614 0.320312 0.313528 0.320964 0.313528 0.321615 0.313528 0.322266 0.313528 0.322917 0.312614 0.323568 0.312614 0.324219 0.313528 0.324870 0.313528 0.325521 0.314442 0.326172 0.315356 0.326172 0.316271 0.326172 0.317185 0.326172 0.318099 0.326172 0.319013 0.326172 0.319927 0.326172 0.320841 0.326823 0.320841 0.327474 0.320841 0.328125 0.320841 0.328776 0.321755 0.328125 0.320841 0.328125 0.319927 0.328776 0.319013 0.329427 0.318099 0.329427 0.317185 0.330078 0.316271 0.330729 0.315356 0.331380 0.314442 0.332031 0.314442 0.332682 0.313528 0.333333 0.313528 0.333984 0.312614 0.334635 0.312614 0.335286 0.312614 0.335938 0.312614 0.336589 0.312614 0.337240 0.312614 0.337891 0.312614 0.338542 0.312614 0.339193 0.312614 0.339844 0.312614 0.340495 0.313528 0.341146 0.313528 0.341797 0.314442 0.342448 0.314442 0.343099 0.314442 0.343750 0.314442 0.344401 0.314442 0.345052 0.314442 0.345703 0.314442 0.346354 0.314442 0.347005 0.314442 0.347656 0.314442 0.348307 0.313528 0.348958 0.313528 0.349609 0.313528 0.350260 0.313528 0.350911 0.312614 0.351562 0.312614 0.352214 0.312614 0.352865 0.312614 0.353516 0.313528 0.354167 0.313528 0.354818 0.314442 0.355469 0.315356 0.355469 0.316271 0.355469 0.317185 0.355469 0.318099 0.354818 0.319013 0.354818 0.319927 0.354818 0.320841 0.354818 0.321755 0.354818 0.322669 0.354818 0.323583 0.354818 0.324497 0.354167 0.325411 0.354167 0.326325 0.353516 0.327239 0.353516 0.328154 0.352865 0.329068 0.352865 0.329982 0.353516 0.329982 0.354167 0.330896 0.354818 0.330896 0.355469 0.329982 0.355469 0.329068 0.355469 0.328154 0.355469 0.327239 0.355469 0.326325 0.355469 0.325411 0.356120 0.324497 0.356771 0.323583 0.357422 0.322669 0.358073 0.321755 0.358724 0.322669 0.358073 0.321755 0.358073 0.320841 0.358073 0.319927 0.358724 0.319013 0.359375 0.318099 0.359375 0.317185 0.359375 0.316271 0.360026 0.315356 0.360677 0.314442 0.361328 0.314442 0.361979 0.313528 0.362630 0.313528 0.363281 0.312614 0.363932 0.312614 0.364583 0.312614 0.365234 0.312614 0.365885 0.312614 0.366536 0.312614 0.367188 0.312614 0.367839 0.312614 0.368490 0.312614 0.369141 0.312614 0.369792 0.312614 0.370443 0.312614 0.371094 0.312614 0.371745 0.312614 0.372396 0.312614 0.373047 0.312614 0.373698 0.312614 0.374349 0.312614 0.375000 0.312614 0.375651 0.313528 0.376302 0.313528 0.376953 0.314442 0.377604 0.314442 0.378255 0.314442 0.378906 0.315356 0.379557 0.315356 0.380208 0.314442 0.380859 0.314442 0.381510 0.314442 0.382161 0.314442 0.382812 0.315356 0.383464 0.314442 0.384115 0.314442 0.384766 0.313528 0.385417 0.313528 0.386068 0.314442 0.386719 0.314442 0.387370 0.315356 0.388021 0.316271 0.387370 0.317185 0.388021 0.316271 0.388672 0.317185 0.389323 0.316271 0.389974 0.315356 0.390625 0.316271 0.389974 0.315356 0.390625 0.314442 0.391276 0.313528 0.391927 0.313528 0.392578 0.312614 0.393229 0.312614 0.393880 0.311700 0.394531 0.311700 0.395182 0.311700 0.395833 0.311700 0.396484 0.311700 0.397135 0.311700 0.397786 0.311700 0.398438 0.311700 0.399089 0.311700 0.399740 0.311700 0.400391 0.311700 0.401042 0.312614 0.401693 0.312614 0.402344 0.312614 0.402995 0.312614 0.403646 0.311700 0.404297 0.311700 0.404948 0.311700 0.405599 0.311700 0.406250 0.311700 0.406901 0.311700 0.407552 0.311700 0.408203 0.311700 0.408854 0.312614 0.409505 0.312614 0.410156 0.313528 0.410807 0.314442 0.410807 0.315356 0.410156 0.316271 0.410807 0.315356 0.411458 0.316271 0.412109 0.317185 0.412109 0.318099 0.412109 0.319013 0.412109 0.319927 0.411458 0.320841 0.412109 0.321755 0.412109 0.322669 0.412109 0.323583 0.412109 0.324497 0.412109 0.325411 0.412760 0.326325 0.413411 0.325411 0.414062 0.325411 0.414714 0.324497 0.415365 0.323583 0.416016 0.324497 0.415365 0.323583 0.415365 0.322669 0.416016 0.321755 0.416667 0.320841 0.416667 0.319927 0.417318 0.319013 0.417318 0.318099 0.417969 0.317185 0.417969 0.316271 0.417969 0.315356 0.418620 0.314442 0.419271 0.313528 0.419922 0.312614 0.420573 0.312614 0.421224 0.311700 0.421875 0.311700 0.422526 0.311700 0.423177 0.311700 0.423828 0.311700 0.424479 0.311700 0.425130 0.311700 0.425781 0.310786 0.426432 0.310786 0.427083 0.311700 0.427734 0.311700 0.428385 0.311700 0.429036 0.311700 0.429688 0.311700 0.430339 0.311700 0.430990 0.312614 0.431641 0.312614 0.432292 0.313528 0.432943 0.314442 0.433594 0.315356 0.434245 0.316271 0.434896 0.317185 0.435547 0.318099 0.436198 0.319013 0.436198 0.319927 0.436849 0.320841 0.436849 0.321755 0.436849 0.322669 0.436849 0.323583 0.436849 0.324497 0.436849 0.325411 0.436849 0.326325 0.436849 0.327239 0.436849 0.328154 0.436198 0.329068 0.436198 0.329982 0.436198 0.330896 0.436198 0.331810 0.436198 0.332724 0.436198 0.333638 0.436849 0.334552 0.436849 0.335466 0.436849 0.336380 0.436198 0.337294 0.435547 0.338208 0.434896 0.339122 0.434245 0.339122 0.433594 0.340037 0.432943 0.340037 0.432292 0.340037 0.431641 0.340037 0.430990 0.340037 0.430339 0.340037 0.429688 0.340037 0.429036 0.340037 0.428385 0.340037 0.427734 0.340037 0.427083 0.340037 0.426432 0.340037 0.425781 0.339122 0.425130 0.339122 0.424479 0.339122 0.423828 0.339122 0.423177 0.339122 0.422526 0.339122 0.421875 0.339122 0.421224 0.339122 0.420573 0.338208 0.419922 0.338208 0.419271 0.337294 0.418620 0.338208 0.417969 0.338208 0.417318 0.338208 0.416667 0.338208 0.416016 0.339122 0.415365 0.339122 0.414714 0.339122 0.414062 0.339122 0.413411 0.338208 0.412760 0.338208 0.412109 0.337294 0.411458 0.337294 0.410807 0.336380 0.410156 0.337294 0.409505 0.337294 0.408854 0.338208 0.408203 0.338208 0.407552 0.339122 0.406901 0.339122 0.406250 0.339122 0.405599 0.340037 0.404948 0.340037 0.404297 0.339122 0.403646 0.340037 0.402995 0.340037 0.402344 0.340037 0.401693 0.340037 0.401042 0.339122 0.400391 0.339122 0.399740 0.339122 0.399089 0.339122 0.398438 0.339122 0.397786 0.339122 0.397135 0.338208 0.396484 0.338208 0.395833 0.338208 0.395182 0.338208 0.394531 0.338208 0.393880 0.338208 0.393229 0.338208 0.392578 0.338208 0.391927 0.339122 0.391276 0.339122 0.390625 0.339122 0.389974 0.339122 0.389323 0.339122 0.388672 0.339122 0.388021 0.339122 0.387370 0.339122 0.386719 0.339122 0.386068 0.339122 0.385417 0.339122 0.384766 0.339122 0.384115 0.339122 0.383464 0.339122 0.382812 0.339122 0.382161 0.339122 0.381510 0.339122 0.380859 0.339122 0.380208 0.339122 0.379557 0.339122 0.378906 0.339122 0.378255 0.339122 0.377604 0.339122 0.376953 0.339122 0.376302 0.339122 0.375651 0.339122 0.375000 0.339122 0.374349 0.339122 0.373698 0.339122 0.373047 0.339122 0.372396 0.339122 0.371745 0.339122 0.371094 0.339122 0.370443 0.339122 0.369792 0.338208 0.369141 0.338208 0.368490 0.337294 0.367839 0.338208 0.367188 0.338208 0.366536 0.339122 0.365885 0.339122 0.365234 0.338208 0.364583 0.338208 0.363932 0.339122 0.363281 0.339122 0.362630 0.339122 0.361979 0.339122 0.361328 0.339122 0.360677 0.339122 0.360026 0.339122 0.359375 0.339122 0.358724 0.339122 0.358073 0.339122 0.357422 0.339122 0.356771 0.339122 0.356120 0.339122 0.355469 0.339122 0.354818 0.339122 0.354167 0.339122 0.353516 0.339122 0.352865 0.339122 0.352214 0.339122 0.351562 0.339122 0.350911 0.339122 0.350260 0.339122 0.349609 0.339122 0.348958 0.339122 0.348307 0.339122 0.347656 0.339122 0.347005 0.339122 0.346354 0.339122 0.345703 0.339122 0.345052 0.339122 0.344401 0.339122 0.343750 0.339122 0.343099 0.339122 0.342448 0.339122 0.341797 0.338208 0.341146 0.338208 0.340495 0.338208 0.339844 0.337294 0.339193 0.338208 0.338542 0.338208 0.337891 0.338208 0.337240 0.338208 0.336589 0.338208 0.335938 0.339122 0.335286 0.338208 0.334635 0.338208 0.333984 0.339122 0.333333 0.339122 0.332682 0.338208 0.332031 0.339122 0.331380 0.339122 0.330729 0.339122 0.330078 0.339122 0.329427 0.339122 0.328776 0.339122 0.328125 0.339122 0.327474 0.339122 0.326823 0.338208 0.326172 0.339122 0.325521 0.339122 0.324870 0.339122 0.324219 0.339122 0.323568 0.338208 0.322917 0.339122 0.322266 0.339122 0.321615 0.339122 0.320964 0.339122 0.320312 0.339122 0.319661 0.339122 0.319010 0.339122 0.318359 0.339122 0.317708 0.339122 0.317057 0.339122 0.316406 0.339122 0.315755 0.339122 0.315104 0.339122 0.314453 0.338208 0.313802 0.338208 0.313151 0.338208 0.312500 0.338208 0.311849 0.338208 0.311198 0.338208 0.310547 0.338208 0.309896 0.338208 0.309245 0.338208 0.308594 0.338208 0.307943 0.338208 0.307292 0.338208 0.306641 0.338208 0.305990 0.338208 0.305339 0.338208 0.304688 0.338208 0.304036 0.338208 0.303385 0.338208 0.302734 0.339122 0.302083 0.339122 0.301432 0.338208 0.300781 0.338208 0.300130 0.339122 0.299479 0.338208 0.298828 0.338208 0.298177 0.338208 0.297526 0.339122 0.296875 0.339122 0.296224 0.339122 0.295573 0.339122 0.294922 0.339122 0.294271 0.338208 0.293620 0.339122 0.292969 0.339122 0.292318 0.339122 0.291667 0.339122 0.291016 0.339122 0.290365 0.339122 0.289714 0.339122 0.289062 0.339122 0.288411 0.339122 0.287760 0.339122 0.287109 0.339122 0.286458 0.339122 0.285807 0.338208 0.285156 0.338208 0.284505 0.338208 0.283854 0.338208 0.283203 0.338208 0.282552 0.338208 0.281901 0.337294 0.281250 0.337294 0.280599 0.337294 0.279948 0.337294 0.279297 0.338208 0.278646 0.338208 0.277995 0.338208 0.277344 0.338208 0.276693 0.338208 0.276042 0.338208 0.275391 0.338208 0.274740 0.338208 0.274089 0.338208 0.273438 0.338208 0.272786 0.338208 0.272135 0.338208 0.271484 0.338208 0.270833 0.338208 0.270182 0.338208 0.269531 0.338208 0.268880 0.338208 0.268229 0.338208 0.267578 0.338208 0.266927 0.338208 0.266276 0.338208 0.265625 0.338208 0.264974 0.338208 0.264323 0.339122 0.263672 0.339122 0.263021 0.339122 0.262370 0.339122 0.261719 0.339122 0.261068 0.339122 0.260417 0.339122 0.259766 0.339122 0.259115 0.338208 0.258464 0.338208 0.257812 0.339122 0.257161 0.338208 0.256510 0.338208 0.255859 0.339122 0.255208 0.338208 0.254557 0.338208 0.253906 0.338208 0.253255 0.337294 0.252604 0.338208 0.251953 0.338208 0.251302 0.337294 0.250651 0.338208 0.250000 0.338208 0.249349 0.337294 0.248698 0.337294 0.248047 0.338208 0.247396 0.338208 0.246745 0.338208 0.246094 0.338208 0.245443 0.338208 0.244792 0.338208 0.244141 0.338208 0.243490 0.338208 0.242839 0.338208 0.242188 0.338208 0.241536 0.338208 0.240885 0.338208 0.240234 0.338208 0.239583 0.338208 0.238932 0.338208 0.238281 0.338208 0.237630 0.339122 0.236979 0.338208 0.236328 0.338208 0.235677 0.338208 0.235026 0.338208 0.234375 0.338208 0.233724 0.338208 0.233073 0.338208 0.232422 0.338208 0.231771 0.338208 0.231120 0.338208 0.230469 0.339122 0.229818 0.339122 0.229167 0.339122 0.228516 0.339122 0.227865 0.338208 0.227214 0.338208 0.226562 0.338208 0.225911 0.338208 0.225260 0.338208 0.224609 0.337294 0.223958 0.337294 0.223307 0.338208 0.222656 0.338208 0.222005 0.338208 0.221354 0.338208 0.220703 0.338208 0.220052 0.338208 0.219401 0.338208 0.218750 0.338208 0.218099 0.338208 0.217448 0.338208 0.216797 0.338208 0.216146 0.338208 0.215495 0.338208 0.214844 0.338208 0.214193 0.338208 0.213542 0.338208 0.212891 0.338208 0.212240 0.338208 0.211589 0.338208 0.210938 0.338208 0.210286 0.338208 0.209635 0.338208 0.208984 0.339122 0.208333 0.338208 0.207682 0.338208 0.207031 0.339122 0.206380 0.339122 0.205729 0.339122 0.205078 0.339122 0.204427 0.339122 0.203776 0.339122 0.203125 0.339122 0.202474 0.339122 0.201823 0.339122 0.201172 0.339122 0.200521 0.338208 0.199870 0.338208 0.199219 0.338208 0.198568 0.338208 0.197917 0.338208 0.197266 0.338208 0.196615 0.338208 0.195964 0.338208 0.195312 0.337294 0.194661 0.337294 0.194010 0.337294 0.193359 0.337294 0.192708 0.338208 0.192057 0.338208 0.191406 0.338208 0.190755 0.338208 0.190104 0.338208 0.189453 0.338208 0.188802 0.338208 0.188151 0.338208 0.187500 0.338208 0.186849 0.338208 0.186198 0.338208 0.185547 0.338208 0.184896 0.338208 0.184245 0.338208 0.183594 0.339122 0.182943 0.338208 0.182292 0.338208 0.181641 0.338208 0.180990 0.338208 0.180339 0.338208 0.179688 0.338208 0.179036 0.338208 0.178385 0.339122 0.177734 0.338208 0.177083 0.339122 0.176432 0.339122 0.175781 0.339122 0.175130 0.338208 0.174479 0.339122 0.173828 0.338208 0.173177 0.338208 0.172526 0.338208 0.171875 0.338208 0.171224 0.339122 0.170573 0.339122 0.169922 0.338208 0.169271 0.338208 0.168620 0.337294 0.167969 0.337294 0.167318 0.337294 0.166667 0.338208 0.166016 0.338208 0.165365 0.338208 0.164714 0.338208 0.164062 0.338208 0.163411 0.338208 0.162760 0.338208 0.162109 0.338208 0.161458 0.338208 0.160807 0.338208 0.160156 0.338208 0.159505 0.338208 0.158854 0.338208 0.158203 0.338208 0.157552 0.338208 0.156901 0.338208 0.156250 0.338208 0.155599 0.338208 0.154948 0.338208 0.154297 0.338208 0.153646 0.339122 0.152995 0.339122 0.152344 0.338208 0.151693 0.338208 0.151042 0.338208 0.150391 0.338208 0.149740 0.338208 0.149089 0.338208 0.148438 0.339122 0.147786 0.339122 0.147135 0.338208 0.146484 0.339122 0.145833 0.339122 0.145182 0.339122 0.144531 0.339122 0.143880 0.339122 0.143229 0.338208 0.142578 0.338208 0.141927 0.338208 0.141276 0.338208 0.140625 0.338208 0.139974 0.338208 0.139323 0.338208 0.138672 0.338208 0.138021 0.338208 0.137370 0.338208 0.136719 0.338208 0.136068 0.338208 0.135417 0.338208 0.134766 0.338208 0.134115 0.338208 0.133464 0.338208 0.132812 0.338208 0.132161 0.338208 0.131510 0.338208 0.130859 0.338208 0.130208 0.338208 0.129557 0.338208 0.128906 0.338208 0.128255 0.338208 0.127604 0.338208 0.126953 0.338208 0.126302 0.338208 0.125651 0.338208 0.125000 0.338208 0.124349 0.338208 0.123698 0.338208 0.123047 0.338208 0.122396 0.338208 0.121745 0.338208 0.121094 0.338208 0.120443 0.338208 0.119792 0.338208 0.119141 0.338208 0.118490 0.338208 0.117839 0.339122 0.117188 0.338208 0.116536 0.339122 0.115885 0.339122 0.115234 0.339122 0.114583 0.339122 0.113932 0.339122 0.113281 0.338208 0.112630 0.338208 0.111979 0.338208 0.111328 0.338208 0.110677 0.338208 0.110026 0.338208 0.109375 0.338208 0.108724 0.337294 0.108073 0.338208 0.107422 0.338208 0.106771 0.338208 0.106120 0.338208 0.105469 0.338208 0.104818 0.338208 0.104167 0.338208 0.103516 0.338208 0.102865 0.338208 0.102214 0.338208 0.101562 0.338208 0.100911 0.338208 0.100260 0.338208 0.099609 0.338208 0.098958 0.338208 0.098307 0.338208 0.097656 0.338208 0.097005 0.339122 0.096354 0.338208 0.095703 0.338208 0.095052 0.338208 0.094401 0.339122 0.093750 0.339122 0.093099 0.338208 0.092448 0.339122 0.091797 0.339122 0.091146 0.339122 0.090495 0.338208 0.089844 0.338208 0.089193 0.338208 0.088542 0.338208 0.087891 0.338208 0.087240 0.339122 0.086589 0.338208 0.085938 0.338208 0.085286 0.338208 0.084635 0.338208 0.083984 0.338208 0.083333 0.338208 0.082682 0.337294 0.082031 0.337294 0.081380 0.337294 0.080729 0.337294 0.080078 0.337294 0.079427 0.338208 0.078776 0.337294 0.078125 0.338208 0.077474 0.337294 0.076823 0.337294 0.076172 0.338208 0.075521 0.338208 0.074870 0.338208 0.074219 0.338208 0.073568 0.338208 0.072917 0.338208 0.072266 0.338208 0.071615 0.338208 0.070964 0.338208 0.070312 0.338208 0.069661 0.338208 0.069010 0.338208 0.068359 0.338208 0.067708 0.338208 0.067057 0.338208 0.066406 0.338208 0.065755 0.338208 0.065104 0.338208 0.064453 0.338208 0.063802 0.338208 0.063151 0.338208 0.062500 0.338208 0.061849 0.338208 0.061198 0.338208 0.060547 0.338208 0.059896 0.338208 0.059245 0.338208 0.058594 0.338208 0.057943 0.338208 0.057292 0.338208 0.056641 0.338208 0.055990 0.337294 0.055339 0.337294 0.054688 0.337294 0.054036 0.337294 0.053385 0.337294 0.052734 0.337294 0.052083 0.337294 0.051432 0.338208 0.050781 0.338208 0.050130 0.338208 0.049479 0.338208 0.048828 0.337294 0.048177 0.337294 0.047526 0.337294 0.046875 0.337294 0.046224 0.337294 0.045573 0.337294 0.044922 0.337294 0.044271 0.337294 0.043620 0.337294 0.042969 0.338208 0.042318 0.337294 0.041667 0.338208 0.041016 0.338208 0.040365 0.337294 0.039714 0.338208 0.039062 0.338208 0.038411 0.338208 0.037760 0.338208 0.037109 0.338208 0.036458 0.337294 0.035807 0.337294 0.035156 0.337294 0.034505 0.337294 0.033854 0.338208 0.033203 0.338208 0.032552 0.338208 0.031901 0.338208 0.031250 0.338208 0.030599 0.338208 0.029948 0.338208 0.029297 0.338208 0.028646 0.337294 0.027995 0.337294 0.027344 0.337294 0.026693 0.336380 0.026042 0.336380 0.025391 0.337294 0.024740 0.337294 0.024089 0.337294 0.023438 0.337294 0.022786 0.337294 0.022135 0.337294 0.021484 0.337294 0.020833 0.337294 0.020182 0.336380 0.019531 0.336380 0.018880 0.336380 0.018229 0.336380 0.017578 0.336380 0.016927 0.336380 0.016276 0.336380 0.015625 0.336380 0.014974 0.336380 0.014323 0.336380 0.013672 0.337294 0.013021 0.337294 0.012370 0.337294 0.011719 0.337294 0.011068 0.337294 0.010417 0.337294 0.009766 0.337294 0.009115 0.337294 0.008464 0.337294 0.007812 0.337294 0.007161 0.337294 0.006510 0.337294 0.005859 0.337294 0.005208 0.337294 0.004557 0.337294 0.003906 0.337294 0.003255 0.337294 0.002604 0.337294 0.001953 0.337294 0.001302 0.337294 0.000651 0.337294 0.000651 0.338208 0.000651 0.339122 0.000651 0.340037 0.000651 0.340951 0.000651 0.341865 0.000651 0.342779 0.000651 0.343693 0.000651 0.344607 0.000651 0.345521 0.000651 0.346435 0.000651 0.347349 0.000651 0.348263 0.000651 0.349177 0.000651 0.350091 0.000651 0.351005 0.000651 0.351920 0.000651 0.352834 0.001302 0.352834 0.001953 0.352834 0.002604 0.352834 0.003255 0.352834 0.003906 0.352834 0.004557 0.352834 0.005208 0.352834 0.005859 0.353748 0.006510 0.353748 0.007161 0.354662 0.007812 0.353748 0.008464 0.353748 0.009115 0.354662 0.009766 0.354662 0.010417 0.353748 0.011068 0.354662 0.011719 0.354662 0.012370 0.354662 0.013021 0.353748 0.013672 0.353748 0.014323 0.353748 0.014974 0.354662 0.015625 0.354662 0.016276 0.353748 0.016927 0.353748 0.017578 0.353748 0.018229 0.353748 0.018880 0.352834 0.019531 0.353748 0.020182 0.353748 0.020833 0.353748 0.021484 0.353748 0.022135 0.353748 0.022786 0.353748 0.023438 0.353748 0.024089 0.353748 0.024740 0.353748 0.025391 0.353748 0.026042 0.353748 0.026693 0.353748 0.027344 0.354662 0.027995 0.354662 0.028646 0.355576 0.029297 0.354662 0.029948 0.354662 0.030599 0.353748 0.031250 0.353748 0.031901 0.353748 0.032552 0.353748 0.033203 0.354662 0.033854 0.354662 0.034505 0.354662 0.035156 0.354662 0.035807 0.354662 0.036458 0.354662 0.037109 0.355576 0.037760 0.355576 0.038411 0.355576 0.039062 0.354662 0.039714 0.355576 0.040365 0.354662 0.041016 0.354662 0.041667 0.354662 0.042318 0.354662 0.042969 0.353748 0.043620 0.354662 0.044271 0.354662 0.044922 0.353748 0.045573 0.353748 0.046224 0.353748 0.046875 0.353748 0.047526 0.353748 0.048177 0.353748 0.048828 0.353748 0.049479 0.353748 0.050130 0.354662 0.050781 0.354662 0.051432 0.354662 0.052083 0.353748 0.052734 0.354662 0.053385 0.354662 0.054036 0.354662 0.054688 0.354662 0.055339 0.354662 0.055990 0.354662 0.056641 0.354662 0.057292 0.354662 0.057943 0.354662 0.058594 0.354662 0.059245 0.354662 0.059896 0.354662 0.060547 0.354662 0.061198 0.354662 0.061849 0.354662 0.062500 0.354662 0.063151 0.354662 0.063802 0.354662 0.064453 0.354662 0.065104 0.354662 0.065755 0.355576 0.066406 0.355576 0.067057 0.355576 0.067708 0.355576 0.068359 0.355576 0.069010 0.355576 0.069661 0.356490 0.070312 0.355576 0.070964 0.356490 0.071615 0.355576 0.072266 0.355576 0.072917 0.354662 0.073568 0.354662 0.074219 0.354662 0.074870 0.354662 0.075521 0.354662 0.076172 0.354662 0.076823 0.355576 0.077474 0.355576 0.078125 0.354662 0.078776 0.354662 0.079427 0.354662 0.080078 0.354662 0.080729 0.354662 0.081380 0.354662 0.082031 0.354662 0.082682 0.354662 0.083333 0.354662 0.083984 0.354662 0.084635 0.354662 0.085286 0.354662 0.085938 0.354662 0.086589 0.354662 0.087240 0.354662 0.087891 0.354662 0.088542 0.354662 0.089193 0.354662 0.089844 0.355576 0.090495 0.355576 0.091146 0.356490 0.091797 0.355576 0.092448 0.355576 0.093099 0.356490 0.093750 0.356490 0.094401 0.356490 0.095052 0.356490 0.095703 0.356490 0.096354 0.356490 0.097005 0.356490 0.097656 0.356490 0.098307 0.356490 0.098958 0.356490 0.099609 0.356490 0.100260 0.356490 0.100911 0.355576 0.101562 0.355576 0.102214 0.354662 0.102865 0.354662 0.103516 0.354662 0.104167 0.354662 0.104818 0.354662 0.105469 0.354662 0.106120 0.354662 0.106771 0.354662 0.107422 0.355576 0.108073 0.355576 0.108724 0.354662 0.109375 0.354662 0.110026 0.354662 0.110677 0.354662 0.111328 0.354662 0.111979 0.354662 0.112630 0.354662 0.113281 0.354662 0.113932 0.355576 0.114583 0.355576 0.115234 0.354662 0.115885 0.354662 0.116536 0.355576 0.117188 0.355576 0.117839 0.355576 0.118490 0.355576 0.119141 0.356490 0.119792 0.356490 0.120443 0.356490 0.121094 0.356490 0.121745 0.356490 0.122396 0.356490 0.123047 0.356490 0.123698 0.356490 0.124349 0.355576 0.125000 0.355576 0.125651 0.355576 0.126302 0.355576 0.126953 0.355576 0.127604 0.355576 0.128255 0.355576 0.128906 0.355576 0.129557 0.355576 0.130208 0.355576 0.130859 0.355576 0.131510 0.355576 0.132161 0.354662 0.132812 0.354662 0.133464 0.354662 0.134115 0.354662 0.134766 0.354662 0.135417 0.355576 0.136068 0.355576 0.136719 0.355576 0.137370 0.354662 0.138021 0.354662 0.138672 0.355576 0.139323 0.354662 0.139974 0.354662 0.140625 0.354662 0.141276 0.355576 0.141927 0.354662 0.142578 0.354662 0.143229 0.354662 0.143880 0.354662 0.144531 0.355576 0.145182 0.355576 0.145833 0.356490 0.146484 0.356490 0.147135 0.356490 0.147786 0.356490 0.148438 0.356490 0.149089 0.356490 0.149740 0.356490 0.150391 0.356490 0.151042 0.356490 0.151693 0.356490 0.152344 0.356490 0.152995 0.356490 0.153646 0.356490 0.154297 0.357404 0.154948 0.356490 0.155599 0.356490 0.156250 0.355576 0.156901 0.355576 0.157552 0.355576 0.158203 0.355576 0.158854 0.354662 0.159505 0.354662 0.160156 0.354662 0.160807 0.355576 0.161458 0.354662 0.162109 0.354662 0.162760 0.355576 0.163411 0.355576 0.164062 0.355576 0.164714 0.355576 0.165365 0.354662 0.166016 0.354662 0.166667 0.355576 0.167318 0.355576 0.167969 0.355576 0.168620 0.355576 0.169271 0.355576 0.169922 0.355576 0.170573 0.355576 0.171224 0.355576 0.171875 0.355576 0.172526 0.355576 0.173177 0.355576 0.173828 0.355576 0.174479 0.355576 0.175130 0.356490 0.175781 0.356490 0.176432 0.357404 0.177083 0.358318 0.176432 0.359232 0.176432 0.360146 0.176432 0.359232 0.177083 0.358318 0.177734 0.357404 0.178385 0.357404 0.179036 0.356490 0.179688 0.356490 0.180339 0.356490 0.180990 0.356490 0.181641 0.357404 0.182292 0.356490 0.182943 0.356490 0.183594 0.356490 0.184245 0.356490 0.184896 0.356490 0.185547 0.355576 0.186198 0.355576 0.186849 0.355576 0.187500 0.354662 0.188151 0.355576 0.188802 0.355576 0.189453 0.355576 0.190104 0.355576 0.190755 0.356490 0.191406 0.355576 0.192057 0.355576 0.192708 0.355576 0.193359 0.355576 0.194010 0.355576 0.194661 0.355576 0.195312 0.355576 0.195964 0.355576 0.196615 0.354662 0.197266 0.354662 0.197917 0.355576 0.198568 0.354662 0.199219 0.354662 0.199870 0.355576 0.200521 0.355576 0.201172 0.355576 0.201823 0.355576 0.202474 0.355576 0.203125 0.355576 0.203776 0.356490 0.204427 0.356490 0.205078 0.356490 0.205729 0.356490 0.206380 0.356490 0.207031 0.356490 0.207682 0.356490 0.208333 0.356490 0.208984 0.355576 0.209635 0.355576 0.210286 0.356490 0.210938 0.356490 0.211589 0.355576 0.212240 0.355576 0.212891 0.356490 0.213542 0.355576 0.214193 0.355576 0.214844 0.355576 0.215495 0.354662 0.216146 0.354662 0.216797 0.354662 0.217448 0.355576 0.218099 0.355576 0.218750 0.354662 0.219401 0.355576 0.220052 0.355576 0.220703 0.355576 0.221354 0.355576 0.222005 0.355576 0.222656 0.355576 0.223307 0.355576 0.223958 0.355576 0.224609 0.355576 0.225260 0.355576 0.225911 0.355576 0.226562 0.355576 0.227214 0.354662 0.227865 0.354662 0.228516 0.354662 0.229167 0.355576 0.229818 0.355576 0.230469 0.355576 0.231120 0.355576 0.231771 0.355576 0.232422 0.355576 0.233073 0.355576 0.233724 0.355576 0.234375 0.355576 0.235026 0.356490 0.235677 0.356490 0.236328 0.356490 0.236979 0.355576 0.237630 0.355576 0.238281 0.355576 0.238932 0.355576 0.239583 0.355576 0.240234 0.355576 0.240885 0.355576 0.241536 0.354662 0.242188 0.355576 0.242839 0.355576 0.243490 0.355576 0.244141 0.354662 0.244792 0.355576 0.245443 0.355576 0.246094 0.354662 0.246745 0.354662 0.247396 0.354662 0.248047 0.354662 0.248698 0.354662 0.249349 0.355576 0.250000 0.355576 0.250651 0.355576 0.251302 0.355576 0.251953 0.356490 0.252604 0.355576 0.253255 0.355576 0.253906 0.355576 0.254557 0.355576 0.255208 0.355576 0.255859 0.354662 0.256510 0.355576 0.257161 0.354662 0.257812 0.354662 0.258464 0.354662 0.259115 0.354662 0.259766 0.355576 0.260417 0.355576 0.261068 0.356490 0.261719 0.355576 0.262370 0.355576 0.263021 0.356490 0.263672 0.356490 0.264323 0.356490 0.264974 0.355576 0.265625 0.356490 0.266276 0.356490 0.266927 0.356490 0.267578 0.356490 0.268229 0.355576 0.268880 0.355576 0.269531 0.355576 0.270182 0.355576 0.270833 0.355576 0.271484 0.354662 0.272135 0.354662 0.272786 0.354662 0.273438 0.354662 0.274089 0.354662 0.274740 0.354662 0.275391 0.354662 0.276042 0.355576 0.276693 0.354662 0.277344 0.354662 0.277995 0.355576 0.278646 0.355576 0.279297 0.355576 0.279948 0.355576 0.280599 0.355576 0.281250 0.354662 0.281901 0.355576 0.282552 0.355576 0.283203 0.355576 0.283854 0.355576 0.284505 0.354662 0.285156 0.354662 0.285807 0.354662 0.286458 0.355576 0.287109 0.354662 0.287760 0.354662 0.288411 0.354662 0.289062 0.354662 0.289714 0.354662 0.290365 0.354662 0.291016 0.355576 0.291667 0.354662 0.292318 0.355576 0.292969 0.355576 0.293620 0.355576 0.294271 0.355576 0.294922 0.355576 0.295573 0.355576 0.296224 0.355576 0.296875 0.355576 0.297526 0.355576 0.298177 0.355576 0.298828 0.354662 0.299479 0.354662 0.300130 0.354662 0.300781 0.354662 0.301432 0.354662 0.302083 0.354662 0.302734 0.354662 0.303385 0.354662 0.304036 0.354662 0.304688 0.354662 0.305339 0.354662 0.305990 0.354662 0.306641 0.354662 0.307292 0.354662 0.307943 0.355576 0.308594 0.355576 0.309245 0.355576 0.309896 0.354662 0.310547 0.355576 0.311198 0.355576 0.311849 0.354662 0.312500 0.354662 0.313151 0.354662 0.313802 0.354662 0.314453 0.354662 0.315104 0.354662 0.315755 0.354662 0.316406 0.354662 0.317057 0.354662 0.317708 0.354662 0.318359 0.354662 0.319010 0.354662 0.319661 0.354662 0.320312 0.354662 0.320964 0.355576 0.321615 0.355576 0.322266 0.355576 0.322917 0.355576 0.323568 0.355576 0.324219 0.355576 0.324870 0.354662 0.325521 0.354662 0.326172 0.354662 0.326823 0.354662 0.327474 0.354662 0.328125 0.354662 0.328776 0.353748 0.329427 0.353748 0.330078 0.353748 0.330729 0.353748 0.331380 0.354662 0.332031 0.354662 0.332682 0.354662 0.333333 0.354662 0.333984 0.354662 0.334635 0.354662 0.335286 0.354662 0.335938 0.353748 0.336589 0.353748 0.337240 0.353748 0.337891 0.353748 0.338542 0.353748 0.339193 0.353748 0.339844 0.353748 0.340495 0.353748 0.341146 0.353748 0.341797 0.354662 0.342448 0.354662 0.343099 0.353748 0.343750 0.353748 0.344401 0.353748 0.345052 0.354662 0.345703 0.354662 0.346354 0.355576 0.347005 0.355576 0.347656 0.355576 0.348307 0.355576 0.348958 0.354662 0.349609 0.355576 0.350260 0.354662 0.350911 0.354662 0.351562 0.354662 0.352214 0.354662 0.352865 0.354662 0.353516 0.354662 0.354167 0.354662 0.354818 0.354662 0.355469 0.353748 0.356120 0.354662 0.356771 0.353748 0.357422 0.354662 0.358073 0.353748 0.358724 0.353748 0.359375 0.354662 0.360026 0.353748 0.360677 0.353748 0.361328 0.353748 0.361979 0.354662 0.362630 0.354662 0.363281 0.354662 0.363932 0.354662 0.364583 0.353748 0.365234 0.353748 0.365885 0.353748 0.366536 0.353748 0.367188 0.353748 0.367839 0.353748 0.368490 0.354662 0.369141 0.354662 0.369792 0.353748 0.370443 0.354662 0.371094 0.354662 0.371745 0.353748 0.372396 0.353748 0.373047 0.353748 0.373698 0.353748 0.374349 0.353748 0.375000 0.353748 0.375651 0.353748 0.376302 0.352834 0.376953 0.353748 0.377604 0.353748 0.378255 0.353748 0.378906 0.353748 0.379557 0.354662 0.380208 0.354662 0.380859 0.355576 0.381510 0.354662 0.382161 0.355576 0.382812 0.355576 0.383464 0.354662 0.384115 0.354662 0.384766 0.353748 0.385417 0.353748 0.386068 0.353748 0.386719 0.353748 0.387370 0.353748 0.388021 0.354662 0.388672 0.354662 0.389323 0.353748 0.389974 0.353748 0.390625 0.352834 0.391276 0.352834 0.391927 0.352834 0.392578 0.352834 0.393229 0.352834 0.393880 0.352834 0.394531 0.352834 0.395182 0.352834 0.395833 0.352834 0.396484 0.352834 0.397135 0.352834 0.397786 0.352834 0.398438 0.352834 0.399089 0.352834 0.399740 0.351920 0.400391 0.352834 0.401042 0.352834 0.401693 0.353748 0.402344 0.354662 0.402995 0.355576 0.403646 0.356490 0.404297 0.357404 0.404948 0.356490 0.405599 0.356490 0.406250 0.355576 0.406901 0.355576 0.407552 0.354662 0.408203 0.354662 0.408854 0.353748 0.409505 0.353748 0.410156 0.353748 0.410807 0.353748 0.411458 0.353748 0.412109 0.354662 0.412760 0.354662 0.413411 0.355576 0.414062 0.356490 0.414062 0.357404 0.414062 0.358318 0.414062 0.359232 0.414714 0.360146 0.414714 0.361060 0.414714 0.361974 0.415365 0.361060 0.416016 0.361060 0.416016 0.360146 0.416667 0.359232 0.416667 0.358318 0.417318 0.357404 0.417969 0.356490 0.418620 0.356490 0.419271 0.355576 0.419922 0.356490 0.420573 0.356490 0.421224 0.357404 0.421875 0.358318 0.421224 0.359232 0.421875 0.358318 0.421224 0.357404 0.421224 0.356490 0.421875 0.355576 0.422526 0.354662 0.423177 0.353748 0.423828 0.352834 0.424479 0.352834 0.425130 0.351920 0.425781 0.351920 0.426432 0.352834 0.427083 0.352834 0.427734 0.353748 0.428385 0.354662 0.428385 0.355576 0.428385 0.356490 0.428385 0.357404 0.428385 0.358318 0.428385 0.359232 0.427734 0.360146 0.427734 0.361060 0.427734 0.361974 0.427734 0.362888 0.427734 0.363803 0.427734 0.364717 0.427734 0.365631 0.427734 0.366545 0.427734 0.367459 0.427734 0.368373 0.427734 0.369287 0.427083 0.370201 0.427734 0.369287 0.428385 0.370201 0.429036 0.371115 0.428385 0.372029 0.429036 0.371115 0.429688 0.371115 0.430339 0.370201 0.430990 0.370201 0.431641 0.370201 0.431641 0.369287 0.431641 0.368373 0.431641 0.367459 0.430990 0.366545 0.430990 0.365631 0.430990 0.364717 0.430990 0.363803 0.431641 0.362888 0.430990 0.361974 0.430990 0.361060 0.430990 0.360146 0.430339 0.359232 0.430339 0.358318 0.430339 0.357404 0.430339 0.356490 0.430339 0.355576 0.430339 0.354662 0.430339 0.353748 0.430990 0.352834 0.431641 0.351920 0.432292 0.351005 0.432943 0.351005 0.433594 0.350091 0.434245 0.350091 0.434896 0.350091 0.435547 0.350091 0.436198 0.351005 0.436849 0.351005 0.437500 0.351920 0.438151 0.351920 0.438802 0.351920 0.439453 0.351920 0.440104 0.352834 0.440755 0.352834 0.441406 0.353748 0.442057 0.353748 0.442708 0.354662 0.443359 0.354662 0.444010 0.355576 0.444661 0.356490 0.444661 0.357404 0.444661 0.358318 0.444661 0.359232 0.444661 0.360146 0.444661 0.361060 0.444661 0.361974 0.444661 0.362888 0.445312 0.363803 0.445312 0.364717 0.445312 0.365631 0.445312 0.366545 0.445312 0.367459 0.445312 0.368373 0.445312 0.369287 0.445312 0.370201 0.445312 0.371115 0.445312 0.372029 0.445312 0.372943 0.445964 0.373857 0.445964 0.374771 0.445964 0.375686 0.446615 0.376600 0.447266 0.377514 0.447917 0.378428 0.447266 0.379342 0.447917 0.379342 0.447917 0.378428 0.447266 0.377514 0.447917 0.376600 0.448568 0.375686 0.449219 0.376600 0.448568 0.375686 0.448568 0.374771 0.448568 0.373857 0.448568 0.372943 0.447917 0.372029 0.447917 0.371115 0.447917 0.370201 0.447917 0.369287 0.447917 0.368373 0.447917 0.367459 0.447917 0.366545 0.447917 0.365631 0.448568 0.364717 0.448568 0.363803 0.448568 0.362888 0.448568 0.361974 0.448568 0.361060 0.447917 0.360146 0.447266 0.359232 0.447266 0.358318 0.446615 0.357404 0.446615 0.356490 0.445964 0.355576 0.445964 0.354662 0.445964 0.353748 0.446615 0.352834 0.447266 0.351920 0.447917 0.351920 0.448568 0.351005 0.449219 0.351005 0.449870 0.351920 0.450521 0.351005 0.451172 0.351005 0.451823 0.350091 0.452474 0.350091 0.453125 0.349177 0.453776 0.350091 0.454427 0.351005 0.455078 0.351920 0.455729 0.352834 0.455729 0.353748 0.455729 0.354662 0.455729 0.355576 0.455729 0.356490 0.455729 0.357404 0.455078 0.358318 0.454427 0.359232 0.454427 0.360146 0.453776 0.361060 0.453125 0.361060 0.453125 0.361974 0.453776 0.362888 0.453776 0.363803 0.453776 0.364717 0.453776 0.365631 0.454427 0.366545 0.455078 0.366545 0.455078 0.365631 0.455078 0.364717 0.455078 0.363803 0.454427 0.362888 0.454427 0.361974 0.453776 0.361060 0.454427 0.360146 0.455078 0.359232 0.455729 0.358318 0.455729 0.357404 0.456380 0.356490 0.457031 0.355576 0.457682 0.355576 0.457682 0.354662 0.458333 0.353748 0.458984 0.352834 0.459635 0.351920 0.460286 0.352834 0.459635 0.351920 0.460286 0.351005 0.460938 0.350091 0.461589 0.350091 0.462240 0.349177 0.462891 0.349177 0.463542 0.349177 0.464193 0.348263 0.464844 0.348263 0.465495 0.348263 0.466146 0.348263 0.466797 0.348263 0.467448 0.349177 0.468099 0.348263 0.468750 0.348263 0.469401 0.348263 0.470052 0.349177 0.470703 0.349177 0.471354 0.350091 0.472005 0.351005 0.472005 0.351920 0.472656 0.352834 0.472656 0.353748 0.473307 0.354662 0.473307 0.355576 0.473307 0.356490 0.473958 0.357404 0.474609 0.358318 0.473958 0.359232 0.474609 0.358318 0.475260 0.359232 0.475911 0.360146 0.475911 0.361060 0.476562 0.361974 0.476562 0.362888 0.476562 0.363803 0.476562 0.364717 0.476562 0.365631 0.476562 0.366545 0.476562 0.367459 0.476562 0.368373 0.476562 0.369287 0.475911 0.370201 0.475911 0.371115 0.475911 0.372029 0.475260 0.372943 0.475260 0.373857 0.474609 0.374771 0.474609 0.375686 0.474609 0.376600 0.473958 0.377514 0.474609 0.378428 0.474609 0.379342 0.474609 0.380256 0.473958 0.381170 0.473307 0.382084 0.472656 0.382084 0.472005 0.382998 0.471354 0.382998 0.470703 0.382998 0.470052 0.383912 0.469401 0.382998 0.468750 0.382998 0.468099 0.382998 0.467448 0.382998 0.466797 0.382998 0.466146 0.382998 0.465495 0.382084 0.464844 0.382998 0.464193 0.382998 0.463542 0.382084 0.462891 0.382084 0.462240 0.382084 0.461589 0.382084 0.460938 0.382084 0.460286 0.382084 0.459635 0.382084 0.458984 0.382998 0.458333 0.382998 0.457682 0.382084 0.457031 0.382998 0.456380 0.382998 0.455729 0.382084 0.455078 0.382084 0.454427 0.382998 0.453776 0.382084 0.453125 0.382998 0.452474 0.382998 0.451823 0.382998 0.451172 0.382998 0.450521 0.383912 0.449870 0.382998 0.449219 0.382998 0.448568 0.382084 0.447917 0.381170 0.447266 0.381170 0.446615 0.382084 0.445964 0.382084 0.445312 0.382998 0.444661 0.382998 0.444010 0.382998 0.443359 0.382998 0.442708 0.382998 0.442057 0.382084 0.441406 0.382998 0.440755 0.382998 0.440104 0.382998 0.439453 0.383912 0.438802 0.382998 0.438151 0.382998 0.437500 0.382998 0.436849 0.382998 0.436198 0.382998 0.435547 0.382084 0.434896 0.382084 0.434245 0.382084 0.433594 0.381170 0.432943 0.381170 0.432292 0.381170 0.431641 0.381170 0.430990 0.381170 0.430339 0.382084 0.429688 0.382998 0.429036 0.382998 0.429036 0.383912 0.429036 0.384826 0.429036 0.385740 0.428385 0.386654 0.427734 0.385740 0.427734 0.384826 0.427734 0.383912 0.427734 0.382998 0.427083 0.382998 0.426432 0.382998 0.425781 0.382084 0.425130 0.382084 0.424479 0.382084 0.423828 0.381170 0.423177 0.381170 0.422526 0.380256 0.421875 0.379342 0.421875 0.378428 0.421875 0.377514 0.421875 0.376600 0.421224 0.376600 0.420573 0.376600 0.419922 0.376600 0.419271 0.376600 0.418620 0.377514 0.417969 0.376600 0.417318 0.376600 0.416667 0.375686 0.416016 0.374771 0.416016 0.373857 0.415365 0.372943 0.415365 0.372029 0.415365 0.371115 0.415365 0.370201 0.416016 0.369287 0.415365 0.368373 0.415365 0.367459 0.414714 0.366545 0.414714 0.367459 0.414062 0.368373 0.413411 0.369287 0.412760 0.369287 0.412760 0.370201 0.413411 0.371115 0.413411 0.372029 0.413411 0.372943 0.414062 0.372029 0.414714 0.372943 0.415365 0.372943 0.416016 0.373857 0.416016 0.374771 0.416667 0.375686 0.416016 0.376600 0.416016 0.377514 0.416016 0.378428 0.416016 0.379342 0.415365 0.380256 0.415365 0.381170 0.414714 0.382084 0.414062 0.382998 0.413411 0.382998 0.412760 0.383912 0.412109 0.383912 0.411458 0.383912 0.410807 0.383912 0.410156 0.383912 0.409505 0.383912 0.408854 0.384826 0.408203 0.384826 0.407552 0.384826 0.406901 0.384826 0.406250 0.384826 0.405599 0.384826 0.404948 0.384826 0.404297 0.383912 0.403646 0.383912 0.402995 0.382998 0.402344 0.382084 0.402344 0.381170 0.401693 0.380256 0.401693 0.379342 0.401693 0.378428 0.401693 0.377514 0.401693 0.376600 0.401693 0.375686 0.401693 0.374771 0.401693 0.373857 0.402344 0.372943 0.402995 0.372029 0.402995 0.371115 0.402995 0.370201 0.402995 0.369287 0.403646 0.368373 0.402995 0.367459 0.402995 0.366545 0.402995 0.365631 0.402344 0.365631 0.401693 0.366545 0.401042 0.366545 0.400391 0.365631 0.399740 0.366545 0.399089 0.365631 0.399740 0.366545 0.399740 0.367459 0.399740 0.368373 0.399740 0.369287 0.399089 0.370201 0.399740 0.371115 0.399740 0.372029 0.399740 0.372943 0.399740 0.373857 0.399740 0.374771 0.399089 0.375686 0.398438 0.376600 0.397786 0.376600 0.397135 0.377514 0.396484 0.377514 0.395833 0.378428 0.395182 0.378428 0.394531 0.379342 0.393880 0.379342 0.393229 0.380256 0.392578 0.380256 0.391927 0.380256 0.391276 0.380256 0.390625 0.380256 0.389974 0.379342 0.389323 0.379342 0.388672 0.378428 0.388021 0.378428 0.387370 0.378428 0.386719 0.379342 0.386068 0.379342 0.385417 0.380256 0.384766 0.380256 0.384115 0.380256 0.383464 0.380256 0.382812 0.381170 0.382161 0.381170 0.381510 0.381170 0.380859 0.381170 0.380208 0.381170 0.379557 0.380256 0.378906 0.380256 0.378255 0.379342 0.377604 0.379342 0.376953 0.379342 0.376302 0.378428 0.375651 0.378428 0.375000 0.378428 0.374349 0.378428 0.373698 0.377514 0.373047 0.377514 0.372396 0.377514 0.371745 0.377514 0.371094 0.377514 0.370443 0.378428 0.369792 0.377514 0.369141 0.377514 0.368490 0.377514 0.367839 0.378428 0.367188 0.378428 0.366536 0.378428 0.365885 0.379342 0.365234 0.379342 0.364583 0.379342 0.363932 0.380256 0.363281 0.380256 0.362630 0.380256 0.361979 0.380256 0.361328 0.379342 0.360677 0.379342 0.360026 0.378428 0.359375 0.377514 0.359375 0.376600 0.358724 0.375686 0.358724 0.374771 0.358724 0.375686 0.359375 0.376600 0.358724 0.377514 0.358724 0.378428 0.358073 0.379342 0.357422 0.380256 0.356771 0.380256 0.356120 0.381170 0.355469 0.381170 0.354818 0.381170 0.354167 0.381170 0.353516 0.381170 0.352865 0.381170 0.352214 0.381170 0.351562 0.380256 0.350911 0.380256 0.350260 0.380256 0.349609 0.380256 0.348958 0.380256 0.348307 0.380256 0.347656 0.380256 0.347005 0.380256 0.346354 0.381170 0.345703 0.380256 0.345052 0.381170 0.344401 0.381170 0.343750 0.380256 0.343099 0.380256 0.342448 0.380256 0.341797 0.381170 0.341146 0.381170 0.340495 0.380256 0.339844 0.380256 0.339193 0.380256 0.338542 0.380256 0.337891 0.380256 0.337240 0.380256 0.336589 0.380256 0.335938 0.380256 0.335286 0.380256 0.334635 0.380256 0.333984 0.380256 0.333333 0.380256 0.332682 0.380256 0.332031 0.380256 0.331380 0.380256 0.330729 0.380256 0.330078 0.380256 0.329427 0.380256 0.328776 0.380256 0.328125 0.380256 0.327474 0.380256 0.326823 0.379342 0.326172 0.379342 0.325521 0.378428 0.324870 0.378428 0.324219 0.379342 0.323568 0.379342 0.322917 0.379342 0.322266 0.380256 0.321615 0.380256 0.320964 0.380256 0.320312 0.380256 0.319661 0.379342 0.319010 0.379342 0.318359 0.380256 0.317708 0.380256 0.317057 0.380256 0.316406 0.380256 0.315755 0.380256 0.315104 0.380256 0.314453 0.380256 0.313802 0.380256 0.313151 0.380256 0.312500 0.380256 0.311849 0.380256 0.311198 0.380256 0.310547 0.380256 0.309896 0.380256 0.309245 0.380256 0.308594 0.380256 0.307943 0.380256 0.307292 0.380256 0.306641 0.380256 0.305990 0.380256 0.305339 0.380256 0.304688 0.380256 0.304036 0.380256 0.303385 0.380256 0.302734 0.380256 0.302083 0.380256 0.301432 0.380256 0.300781 0.380256 0.300130 0.380256 0.299479 0.380256 0.298828 0.380256 0.298177 0.379342 0.297526 0.379342 0.296875 0.379342 0.296224 0.380256 0.295573 0.379342 0.294922 0.379342 0.294271 0.380256 0.293620 0.380256 0.292969 0.379342 0.292318 0.379342 0.291667 0.380256 0.291016 0.380256 0.290365 0.380256 0.289714 0.379342 0.289062 0.380256 0.288411 0.379342 0.287760 0.379342 0.287109 0.380256 0.286458 0.380256 0.285807 0.380256 0.285156 0.380256 0.284505 0.380256 0.283854 0.380256 0.283203 0.380256 0.282552 0.380256 0.281901 0.380256 0.281250 0.380256 0.280599 0.380256 0.279948 0.380256 0.279297 0.380256 0.278646 0.380256 0.277995 0.380256 0.277344 0.380256 0.276693 0.380256 0.276042 0.380256 0.275391 0.380256 0.274740 0.380256 0.274089 0.380256 0.273438 0.380256 0.272786 0.380256 0.272135 0.380256 0.271484 0.380256 0.270833 0.380256 0.270182 0.380256 0.269531 0.379342 0.268880 0.379342 0.268229 0.379342 0.267578 0.379342 0.266927 0.379342 0.266276 0.379342 0.265625 0.379342 0.264974 0.379342 0.264323 0.379342 0.263672 0.379342 0.263021 0.378428 0.262370 0.379342 0.261719 0.379342 0.261068 0.379342 0.260417 0.379342 0.259766 0.380256 0.259115 0.379342 0.258464 0.380256 0.257812 0.380256 0.257161 0.380256 0.256510 0.380256 0.255859 0.379342 0.255208 0.380256 0.254557 0.380256 0.253906 0.379342 0.253255 0.379342 0.252604 0.378428 0.251953 0.377514 0.252604 0.376600 0.251953 0.377514 0.251302 0.377514 0.250651 0.376600 0.251302 0.377514 0.250651 0.378428 0.250000 0.379342 0.249349 0.379342 0.248698 0.380256 0.248047 0.380256 0.247396 0.380256 0.246745 0.380256 0.246094 0.380256 0.245443 0.380256 0.244792 0.380256 0.244141 0.380256 0.243490 0.380256 0.242839 0.380256 0.242188 0.380256 0.241536 0.380256 0.240885 0.380256 0.240234 0.380256 0.239583 0.380256 0.238932 0.380256 0.238281 0.379342 0.237630 0.379342 0.236979 0.379342 0.236328 0.379342 0.235677 0.379342 0.235026 0.379342 0.234375 0.379342 0.233724 0.379342 0.233073 0.379342 0.232422 0.379342 0.231771 0.379342 0.231120 0.379342 0.230469 0.379342 0.229818 0.379342 0.229167 0.380256 0.228516 0.379342 0.227865 0.379342 0.227214 0.380256 0.226562 0.380256 0.225911 0.380256 0.225260 0.380256 0.224609 0.380256 0.223958 0.379342 0.223307 0.379342 0.222656 0.379342 0.222005 0.380256 0.221354 0.379342 0.220703 0.380256 0.220052 0.380256 0.219401 0.379342 0.218750 0.380256 0.218099 0.380256 0.217448 0.379342 0.216797 0.380256 0.216146 0.380256 0.215495 0.380256 0.214844 0.380256 0.214193 0.380256 0.213542 0.380256 0.212891 0.379342 0.212240 0.379342 0.211589 0.378428 0.210938 0.379342 0.210286 0.379342 0.209635 0.378428 0.208984 0.379342 0.208333 0.379342 0.207682 0.379342 0.207031 0.379342 0.206380 0.379342 0.205729 0.379342 0.205078 0.379342 0.204427 0.379342 0.203776 0.380256 0.203125 0.380256 0.202474 0.380256 0.201823 0.380256 0.201172 0.380256 0.200521 0.380256 0.199870 0.380256 0.199219 0.380256 0.198568 0.380256 0.197917 0.380256 0.197266 0.379342 0.196615 0.380256 0.195964 0.380256 0.195312 0.379342 0.194661 0.379342 0.194010 0.379342 0.193359 0.380256 0.192708 0.380256 0.192057 0.380256 0.191406 0.380256 0.190755 0.380256 0.190104 0.380256 0.189453 0.380256 0.188802 0.380256 0.188151 0.379342 0.187500 0.380256 0.186849 0.380256 0.186198 0.380256 0.185547 0.380256 0.184896 0.380256 0.184245 0.380256 0.183594 0.380256 0.182943 0.379342 0.182292 0.379342 0.181641 0.379342 0.180990 0.379342 0.180339 0.379342 0.179688 0.379342 0.179036 0.378428 0.178385 0.379342 0.177734 0.379342 0.177083 0.379342 0.176432 0.379342 0.175781 0.380256 0.175130 0.380256 0.174479 0.380256 0.173828 0.380256 0.173177 0.380256 0.172526 0.380256 0.171875 0.380256 0.171224 0.379342 0.170573 0.380256 0.169922 0.380256 0.169271 0.380256 0.168620 0.380256 0.167969 0.380256 0.167318 0.380256 0.166667 0.380256 0.166016 0.380256 0.165365 0.380256 0.164714 0.380256 0.164062 0.380256 0.163411 0.380256 0.162760 0.380256 0.162109 0.380256 0.161458 0.380256 0.160807 0.380256 0.160156 0.380256 0.159505 0.380256 0.158854 0.380256 0.158203 0.380256 0.157552 0.381170 0.156901 0.381170 0.156250 0.380256 0.155599 0.380256 0.154948 0.380256 0.154297 0.380256 0.153646 0.379342 0.152995 0.379342 0.152344 0.380256 0.151693 0.379342 0.151042 0.379342 0.150391 0.379342 0.149740 0.379342 0.149089 0.379342 0.148438 0.380256 0.147786 0.380256 0.147135 0.380256 0.146484 0.380256 0.145833 0.380256 0.145182 0.380256 0.144531 0.380256 0.143880 0.380256 0.143229 0.380256 0.142578 0.380256 0.141927 0.381170 0.141276 0.380256 0.140625 0.380256 0.139974 0.380256 0.139323 0.380256 0.138672 0.380256 0.138021 0.380256 0.137370 0.381170 0.136719 0.381170 0.136068 0.380256 0.135417 0.380256 0.134766 0.380256 0.134115 0.380256 0.133464 0.381170 0.132812 0.381170 0.132161 0.381170 0.131510 0.381170 0.130859 0.381170 0.130208 0.381170 0.129557 0.381170 0.128906 0.381170 0.128255 0.381170 0.127604 0.381170 0.126953 0.380256 0.126302 0.380256 0.125651 0.379342 0.125000 0.379342 0.124349 0.378428 0.123698 0.379342 0.123047 0.378428 0.122396 0.378428 0.121745 0.378428 0.121094 0.379342 0.120443 0.379342 0.119792 0.380256 0.119141 0.380256 0.118490 0.380256 0.117839 0.379342 0.117188 0.380256 0.116536 0.380256 0.115885 0.380256 0.115234 0.380256 0.114583 0.381170 0.113932 0.380256 0.113281 0.381170 0.112630 0.380256 0.111979 0.380256 0.111328 0.380256 0.110677 0.379342 0.110026 0.380256 0.109375 0.380256 0.108724 0.380256 0.108073 0.381170 0.107422 0.381170 0.106771 0.380256 0.106120 0.380256 0.105469 0.380256 0.104818 0.380256 0.104167 0.380256 0.103516 0.380256 0.102865 0.380256 0.102214 0.380256 0.101562 0.381170 0.100911 0.381170 0.100260 0.381170 0.099609 0.380256 0.098958 0.381170 0.098307 0.381170 0.097656 0.380256 0.097005 0.380256 0.096354 0.380256 0.095703 0.380256 0.095052 0.380256 0.094401 0.380256 0.093750 0.380256 0.093099 0.379342 0.092448 0.379342 0.091797 0.379342 0.091146 0.380256 0.090495 0.380256 0.089844 0.380256 0.089193 0.380256 0.088542 0.380256 0.087891 0.380256 0.087240 0.380256 0.086589 0.380256 0.085938 0.380256 0.085286 0.380256 0.084635 0.380256 0.083984 0.380256 0.083333 0.380256 0.082682 0.380256 0.082031 0.380256 0.081380 0.380256 0.080729 0.380256 0.080078 0.380256 0.079427 0.381170 0.078776 0.380256 0.078125 0.380256 0.077474 0.381170 0.076823 0.381170 0.076172 0.381170 0.075521 0.381170 0.074870 0.381170 0.074219 0.381170 0.073568 0.380256 0.072917 0.380256 0.072266 0.381170 0.071615 0.381170 0.070964 0.380256 0.070312 0.380256 0.069661 0.380256 0.069010 0.380256 0.068359 0.380256 0.067708 0.379342 0.067057 0.380256 0.066406 0.380256 0.065755 0.380256 0.065104 0.379342 0.064453 0.379342 0.063802 0.379342 0.063151 0.380256 0.062500 0.380256 0.061849 0.380256 0.061198 0.380256 0.060547 0.380256 0.059896 0.380256 0.059245 0.380256 0.058594 0.380256 0.057943 0.380256 0.057292 0.380256 0.056641 0.380256 0.055990 0.380256 0.055339 0.380256 0.054688 0.380256 0.054036 0.379342 0.053385 0.379342 0.052734 0.379342 0.052083 0.380256 0.051432 0.380256 0.050781 0.380256 0.050130 0.380256 0.049479 0.381170 0.048828 0.380256 0.048177 0.380256 0.047526 0.380256 0.046875 0.380256 0.046224 0.380256 0.045573 0.381170 0.044922 0.381170 0.044271 0.381170 0.043620 0.380256 0.042969 0.381170 0.042318 0.381170 0.041667 0.381170 0.041016 0.380256 0.040365 0.380256 0.039714 0.380256 0.039062 0.380256 0.038411 0.379342 0.037760 0.380256 0.037109 0.380256 0.036458 0.380256 0.035807 0.380256 0.035156 0.380256 0.034505 0.380256 0.033854 0.380256 0.033203 0.380256 0.032552 0.380256 0.031901 0.380256 0.031250 0.380256 0.030599 0.381170 0.029948 0.381170 0.029297 0.381170 0.028646 0.381170 0.027995 0.380256 0.027344 0.381170 0.026693 0.381170 0.026042 0.381170 0.025391 0.381170 0.024740 0.381170 0.024089 0.381170 0.023438 0.381170 0.022786 0.381170 0.022135 0.381170 0.021484 0.381170 0.020833 0.381170 0.020182 0.381170 0.019531 0.381170 0.018880 0.381170 0.018229 0.381170 0.017578 0.381170 0.016927 0.381170 0.016276 0.381170 0.015625 0.381170 0.014974 0.381170 0.014323 0.381170 0.013672 0.381170 0.013021 0.381170 0.012370 0.381170 0.011719 0.381170 0.011068 0.381170 0.010417 0.381170 0.009766 0.380256 0.009115 0.380256 0.008464 0.380256 0.007812 0.380256 0.007161 0.379342 0.006510 0.380256 0.005859 0.380256 0.005208 0.381170 0.004557 0.381170 0.003906 0.381170 0.003255 0.381170 0.002604 0.381170 0.001953 0.381170 0.001302 0.381170 0.000651 0.381170 0.000651 0.382084 0.000651 0.382998 0.000651 0.383912 0.000651 0.384826 0.000651 0.385740 0.000651 0.386654 0.000651 0.387569 0.000651 0.388483 0.000651 0.389397 0.000651 0.390311 0.000651 0.391225 0.000651 0.392139 0.000651 0.393053 0.000651 0.393967 0.000651 0.394881 0.001302 0.394881 0.001953 0.394881 0.002604 0.394881 0.003255 0.394881 0.003906 0.394881 0.004557 0.394881 0.005208 0.394881 0.005859 0.394881 0.006510 0.394881 0.007161 0.394881 0.007812 0.394881 0.008464 0.394881 0.009115 0.394881 0.009766 0.394881 0.010417 0.394881 0.011068 0.395795 0.011719 0.394881 0.012370 0.394881 0.013021 0.394881 0.013672 0.394881 0.014323 0.394881 0.014974 0.394881 0.015625 0.394881 0.016276 0.394881 0.016927 0.394881 0.017578 0.394881 0.018229 0.394881 0.018880 0.394881 0.019531 0.394881 0.020182 0.394881 0.020833 0.395795 0.021484 0.395795 0.022135 0.395795 0.022786 0.395795 0.023438 0.395795 0.024089 0.395795 0.024740 0.395795 0.025391 0.395795 0.026042 0.395795 0.026693 0.395795 0.027344 0.395795 0.027995 0.395795 0.028646 0.394881 0.029297 0.394881 0.029948 0.394881 0.030599 0.394881 0.031250 0.394881 0.031901 0.394881 0.032552 0.394881 0.033203 0.394881 0.033854 0.394881 0.034505 0.394881 0.035156 0.394881 0.035807 0.394881 0.036458 0.394881 0.037109 0.395795 0.037760 0.394881 0.038411 0.394881 0.039062 0.394881 0.039714 0.394881 0.040365 0.394881 0.041016 0.394881 0.041667 0.394881 0.042318 0.394881 0.042969 0.394881 0.043620 0.394881 0.044271 0.394881 0.044922 0.394881 0.045573 0.394881 0.046224 0.394881 0.046875 0.394881 0.047526 0.394881 0.048177 0.394881 0.048828 0.394881 0.049479 0.395795 0.050130 0.395795 0.050781 0.395795 0.051432 0.395795 0.052083 0.396709 0.052734 0.395795 0.053385 0.395795 0.054036 0.395795 0.054688 0.395795 0.055339 0.395795 0.055990 0.394881 0.056641 0.395795 0.057292 0.395795 0.057943 0.394881 0.058594 0.394881 0.059245 0.394881 0.059896 0.394881 0.060547 0.394881 0.061198 0.394881 0.061849 0.394881 0.062500 0.395795 0.063151 0.394881 0.063802 0.395795 0.064453 0.394881 0.065104 0.394881 0.065755 0.394881 0.066406 0.394881 0.067057 0.394881 0.067708 0.394881 0.068359 0.395795 0.069010 0.394881 0.069661 0.394881 0.070312 0.394881 0.070964 0.394881 0.071615 0.394881 0.072266 0.394881 0.072917 0.394881 0.073568 0.394881 0.074219 0.394881 0.074870 0.394881 0.075521 0.395795 0.076172 0.395795 0.076823 0.395795 0.077474 0.395795 0.078125 0.395795 0.078776 0.395795 0.079427 0.396709 0.080078 0.396709 0.080729 0.395795 0.081380 0.395795 0.082031 0.395795 0.082682 0.395795 0.083333 0.394881 0.083984 0.394881 0.084635 0.394881 0.085286 0.394881 0.085938 0.393967 0.086589 0.394881 0.087240 0.394881 0.087891 0.393967 0.088542 0.394881 0.089193 0.394881 0.089844 0.393967 0.090495 0.394881 0.091146 0.394881 0.091797 0.394881 0.092448 0.393967 0.093099 0.393967 0.093750 0.393967 0.094401 0.393967 0.095052 0.393967 0.095703 0.393967 0.096354 0.393967 0.097005 0.393967 0.097656 0.393967 0.098307 0.393967 0.098958 0.394881 0.099609 0.393967 0.100260 0.393967 0.100911 0.393967 0.101562 0.393967 0.102214 0.393967 0.102865 0.394881 0.103516 0.394881 0.104167 0.394881 0.104818 0.394881 0.105469 0.394881 0.106120 0.394881 0.106771 0.393967 0.107422 0.394881 0.108073 0.394881 0.108724 0.394881 0.109375 0.395795 0.110026 0.395795 0.110677 0.396709 0.111328 0.395795 0.111979 0.394881 0.112630 0.394881 0.113281 0.393967 0.113932 0.393967 0.114583 0.393967 0.115234 0.393967 0.115885 0.393967 0.116536 0.393053 0.117188 0.393967 0.117839 0.393967 0.118490 0.393053 0.119141 0.393967 0.119792 0.393967 0.120443 0.393967 0.121094 0.393967 0.121745 0.393967 0.122396 0.393967 0.123047 0.393967 0.123698 0.393967 0.124349 0.393967 0.125000 0.393053 0.125651 0.393053 0.126302 0.393967 0.126953 0.393967 0.127604 0.393967 0.128255 0.393967 0.128906 0.393967 0.129557 0.393967 0.130208 0.393967 0.130859 0.394881 0.131510 0.394881 0.132161 0.394881 0.132812 0.394881 0.133464 0.395795 0.134115 0.394881 0.134766 0.394881 0.135417 0.395795 0.136068 0.395795 0.136719 0.396709 0.137370 0.396709 0.138021 0.397623 0.138672 0.398537 0.139323 0.399452 0.139974 0.399452 0.139323 0.398537 0.139323 0.397623 0.139323 0.396709 0.139323 0.395795 0.139974 0.394881 0.140625 0.393967 0.141276 0.393967 0.141927 0.393053 0.142578 0.393053 0.143229 0.393053 0.143880 0.393053 0.144531 0.393053 0.145182 0.393053 0.145833 0.393053 0.146484 0.393053 0.147135 0.393967 0.147786 0.393053 0.148438 0.393967 0.149089 0.393967 0.149740 0.393967 0.150391 0.393967 0.151042 0.393967 0.151693 0.393967 0.152344 0.394881 0.152995 0.393967 0.153646 0.393967 0.154297 0.393967 0.154948 0.393967 0.155599 0.393967 0.156250 0.393967 0.156901 0.393967 0.157552 0.393967 0.158203 0.393967 0.158854 0.393967 0.159505 0.393967 0.160156 0.393967 0.160807 0.393967 0.161458 0.393967 0.162109 0.394881 0.162760 0.394881 0.163411 0.395795 0.164062 0.396709 0.164714 0.396709 0.165365 0.395795 0.166016 0.395795 0.166667 0.396709 0.167318 0.396709 0.167969 0.395795 0.168620 0.395795 0.169271 0.394881 0.169922 0.394881 0.170573 0.394881 0.171224 0.394881 0.171875 0.393967 0.172526 0.393967 0.173177 0.393967 0.173828 0.393967 0.174479 0.393967 0.175130 0.393967 0.175781 0.394881 0.176432 0.393967 0.177083 0.393967 0.177734 0.393967 0.178385 0.393967 0.179036 0.394881 0.179688 0.394881 0.180339 0.394881 0.180990 0.394881 0.181641 0.394881 0.182292 0.394881 0.182943 0.394881 0.183594 0.394881 0.184245 0.394881 0.184896 0.394881 0.185547 0.394881 0.186198 0.395795 0.186849 0.395795 0.187500 0.394881 0.188151 0.395795 0.188802 0.394881 0.189453 0.394881 0.190104 0.395795 0.190755 0.395795 0.191406 0.395795 0.192057 0.396709 0.192708 0.396709 0.193359 0.396709 0.194010 0.395795 0.194661 0.395795 0.195312 0.395795 0.195964 0.394881 0.196615 0.395795 0.197266 0.395795 0.197917 0.395795 0.198568 0.395795 0.199219 0.395795 0.199870 0.394881 0.200521 0.394881 0.201172 0.394881 0.201823 0.394881 0.202474 0.394881 0.203125 0.394881 0.203776 0.395795 0.204427 0.394881 0.205078 0.395795 0.205729 0.395795 0.206380 0.395795 0.207031 0.394881 0.207682 0.394881 0.208333 0.395795 0.208984 0.395795 0.209635 0.395795 0.210286 0.395795 0.210938 0.395795 0.211589 0.395795 0.212240 0.395795 0.212891 0.395795 0.213542 0.395795 0.214193 0.395795 0.214844 0.394881 0.215495 0.394881 0.216146 0.394881 0.216797 0.394881 0.217448 0.395795 0.218099 0.395795 0.218750 0.395795 0.219401 0.396709 0.220052 0.395795 0.220703 0.396709 0.221354 0.396709 0.222005 0.395795 0.222656 0.395795 0.223307 0.396709 0.223958 0.396709 0.224609 0.397623 0.225260 0.396709 0.225911 0.396709 0.226562 0.396709 0.227214 0.396709 0.227865 0.395795 0.228516 0.395795 0.229167 0.394881 0.229818 0.395795 0.230469 0.395795 0.231120 0.395795 0.231771 0.394881 0.232422 0.394881 0.233073 0.394881 0.233724 0.394881 0.234375 0.395795 0.235026 0.395795 0.235677 0.395795 0.236328 0.395795 0.236979 0.394881 0.237630 0.395795 0.238281 0.395795 0.238932 0.395795 0.239583 0.395795 0.240234 0.395795 0.240885 0.395795 0.241536 0.394881 0.242188 0.394881 0.242839 0.394881 0.243490 0.395795 0.244141 0.394881 0.244792 0.394881 0.245443 0.394881 0.246094 0.395795 0.246745 0.395795 0.247396 0.395795 0.248047 0.396709 0.248698 0.396709 0.249349 0.397623 0.250000 0.396709 0.250651 0.396709 0.251302 0.396709 0.251953 0.396709 0.252604 0.396709 0.253255 0.396709 0.253906 0.397623 0.254557 0.396709 0.255208 0.396709 0.255859 0.395795 0.256510 0.395795 0.257161 0.394881 0.257812 0.395795 0.258464 0.394881 0.259115 0.394881 0.259766 0.394881 0.260417 0.394881 0.261068 0.394881 0.261719 0.394881 0.262370 0.394881 0.263021 0.394881 0.263672 0.394881 0.264323 0.394881 0.264974 0.394881 0.265625 0.394881 0.266276 0.395795 0.266927 0.394881 0.267578 0.395795 0.268229 0.395795 0.268880 0.394881 0.269531 0.394881 0.270182 0.394881 0.270833 0.395795 0.271484 0.394881 0.272135 0.394881 0.272786 0.394881 0.273438 0.394881 0.274089 0.394881 0.274740 0.395795 0.275391 0.394881 0.276042 0.395795 0.276693 0.395795 0.277344 0.395795 0.277995 0.396709 0.278646 0.396709 0.279297 0.396709 0.279948 0.396709 0.280599 0.395795 0.281250 0.395795 0.281901 0.395795 0.282552 0.395795 0.283203 0.395795 0.283854 0.395795 0.284505 0.395795 0.285156 0.395795 0.285807 0.395795 0.286458 0.394881 0.287109 0.395795 0.287760 0.394881 0.288411 0.394881 0.289062 0.394881 0.289714 0.394881 0.290365 0.395795 0.291016 0.395795 0.291667 0.394881 0.292318 0.394881 0.292969 0.394881 0.293620 0.394881 0.294271 0.394881 0.294922 0.394881 0.295573 0.394881 0.296224 0.394881 0.296875 0.394881 0.297526 0.394881 0.298177 0.394881 0.298828 0.395795 0.299479 0.394881 0.300130 0.394881 0.300781 0.394881 0.301432 0.394881 0.302083 0.395795 0.302734 0.395795 0.303385 0.395795 0.304036 0.394881 0.304688 0.394881 0.305339 0.394881 0.305990 0.394881 0.306641 0.395795 0.307292 0.395795 0.307943 0.395795 0.308594 0.395795 0.309245 0.395795 0.309896 0.395795 0.310547 0.395795 0.311198 0.395795 0.311849 0.395795 0.312500 0.395795 0.313151 0.395795 0.313802 0.394881 0.314453 0.394881 0.315104 0.394881 0.315755 0.394881 0.316406 0.394881 0.317057 0.394881 0.317708 0.394881 0.318359 0.394881 0.319010 0.394881 0.319661 0.394881 0.320312 0.394881 0.320964 0.394881 0.321615 0.394881 0.322266 0.394881 0.322917 0.395795 0.323568 0.395795 0.324219 0.395795 0.324870 0.394881 0.325521 0.394881 0.326172 0.394881 0.326823 0.394881 0.327474 0.394881 0.328125 0.394881 0.328776 0.394881 0.329427 0.394881 0.330078 0.394881 0.330729 0.394881 0.331380 0.394881 0.332031 0.394881 0.332682 0.394881 0.333333 0.394881 0.333984 0.394881 0.334635 0.394881 0.335286 0.395795 0.335938 0.395795 0.336589 0.395795 0.337240 0.395795 0.337891 0.395795 0.338542 0.394881 0.339193 0.394881 0.339844 0.394881 0.340495 0.394881 0.341146 0.394881 0.341797 0.394881 0.342448 0.394881 0.343099 0.394881 0.343750 0.393967 0.344401 0.393967 0.345052 0.393967 0.345703 0.393967 0.346354 0.394881 0.347005 0.394881 0.347656 0.393967 0.348307 0.393967 0.348958 0.393967 0.349609 0.393967 0.350260 0.393967 0.350911 0.393967 0.351562 0.393967 0.352214 0.393967 0.352865 0.393967 0.353516 0.393967 0.354167 0.394881 0.354818 0.393967 0.355469 0.393967 0.356120 0.393967 0.356771 0.393967 0.357422 0.393967 0.358073 0.393967 0.358724 0.393967 0.359375 0.393967 0.360026 0.393967 0.360677 0.393053 0.361328 0.393967 0.361979 0.393967 0.362630 0.393053 0.363281 0.393053 0.363932 0.393967 0.364583 0.393967 0.365234 0.394881 0.365885 0.394881 0.366536 0.394881 0.367188 0.393967 0.367839 0.394881 0.368490 0.393967 0.369141 0.393967 0.369792 0.393967 0.370443 0.393053 0.371094 0.393053 0.371745 0.393053 0.372396 0.393053 0.373047 0.393053 0.373698 0.393053 0.374349 0.393053 0.375000 0.393053 0.375651 0.393053 0.376302 0.393053 0.376953 0.393967 0.377604 0.393053 0.378255 0.393053 0.378906 0.393967 0.379557 0.393053 0.380208 0.393053 0.380859 0.393053 0.381510 0.393967 0.382161 0.393053 0.382812 0.393053 0.383464 0.393967 0.384115 0.393053 0.384766 0.393967 0.385417 0.393967 0.386068 0.394881 0.386719 0.395795 0.386719 0.396709 0.387370 0.397623 0.387370 0.398537 0.386719 0.399452 0.387370 0.398537 0.388021 0.398537 0.388672 0.398537 0.389323 0.397623 0.389974 0.397623 0.390625 0.396709 0.391276 0.395795 0.391927 0.395795 0.392578 0.394881 0.393229 0.394881 0.393880 0.393967 0.394531 0.393967 0.395182 0.394881 0.395833 0.394881 0.396484 0.394881 0.397135 0.394881 0.397786 0.395795 0.398438 0.395795 0.399089 0.396709 0.399740 0.397623 0.399089 0.398537 0.399740 0.397623 0.400391 0.398537 0.401042 0.398537 0.401693 0.399452 0.402344 0.399452 0.402995 0.400366 0.403646 0.401280 0.403646 0.402194 0.402995 0.403108 0.403646 0.402194 0.404297 0.402194 0.404948 0.403108 0.404948 0.404022 0.404948 0.404936 0.404297 0.405850 0.404948 0.404936 0.405599 0.405850 0.406250 0.406764 0.406250 0.407678 0.406250 0.408592 0.406250 0.409506 0.406250 0.410420 0.406250 0.411335 0.406250 0.412249 0.406250 0.413163 0.405599 0.414077 0.406250 0.414991 0.405599 0.415905 0.406250 0.414991 0.406901 0.414991 0.407552 0.414991 0.408203 0.415905 0.408854 0.416819 0.409505 0.417733 0.410156 0.418647 0.410156 0.419561 0.410156 0.420475 0.409505 0.421389 0.408854 0.421389 0.408203 0.421389 0.407552 0.422303 0.406901 0.423218 0.406250 0.423218 0.405599 0.423218 0.404948 0.423218 0.404297 0.423218 0.403646 0.423218 0.402995 0.423218 0.402344 0.423218 0.401693 0.423218 0.401042 0.423218 0.400391 0.423218 0.399740 0.422303 0.399089 0.422303 0.398438 0.422303 0.397786 0.422303 0.397135 0.422303 0.396484 0.422303 0.395833 0.422303 0.395182 0.422303 0.394531 0.421389 0.393880 0.421389 0.393229 0.420475 0.392578 0.420475 0.391927 0.420475 0.391276 0.420475 0.390625 0.419561 0.389974 0.419561 0.389323 0.418647 0.388672 0.417733 0.389323 0.416819 0.388672 0.417733 0.388021 0.417733 0.387370 0.416819 0.388021 0.417733 0.387370 0.418647 0.387370 0.419561 0.386719 0.420475 0.386068 0.421389 0.385417 0.422303 0.384766 0.422303 0.384115 0.423218 0.383464 0.423218 0.382812 0.422303 0.382161 0.422303 0.381510 0.423218 0.380859 0.422303 0.380208 0.422303 0.379557 0.422303 0.378906 0.421389 0.378255 0.421389 0.377604 0.422303 0.376953 0.422303 0.376302 0.421389 0.375651 0.422303 0.375000 0.421389 0.374349 0.421389 0.373698 0.421389 0.373047 0.421389 0.372396 0.422303 0.371745 0.422303 0.371094 0.422303 0.370443 0.422303 0.369792 0.422303 0.369141 0.421389 0.368490 0.422303 0.367839 0.421389 0.367188 0.421389 0.366536 0.421389 0.365885 0.421389 0.365234 0.421389 0.364583 0.421389 0.363932 0.421389 0.363281 0.421389 0.362630 0.421389 0.361979 0.421389 0.361328 0.421389 0.360677 0.421389 0.360026 0.421389 0.359375 0.421389 0.358724 0.421389 0.358073 0.420475 0.357422 0.421389 0.356771 0.421389 0.356120 0.421389 0.355469 0.421389 0.354818 0.421389 0.354167 0.421389 0.353516 0.421389 0.352865 0.421389 0.352214 0.421389 0.351562 0.421389 0.350911 0.421389 0.350260 0.421389 0.349609 0.421389 0.348958 0.421389 0.348307 0.421389 0.347656 0.420475 0.347005 0.420475 0.346354 0.421389 0.345703 0.421389 0.345052 0.421389 0.344401 0.421389 0.343750 0.421389 0.343099 0.421389 0.342448 0.421389 0.341797 0.421389 0.341146 0.421389 0.340495 0.421389 0.339844 0.421389 0.339193 0.421389 0.338542 0.421389 0.337891 0.421389 0.337240 0.420475 0.336589 0.420475 0.335938 0.420475 0.335286 0.420475 0.334635 0.420475 0.333984 0.420475 0.333333 0.420475 0.332682 0.421389 0.332031 0.421389 0.331380 0.421389 0.330729 0.421389 0.330078 0.421389 0.329427 0.421389 0.328776 0.421389 0.328125 0.421389 0.327474 0.421389 0.326823 0.421389 0.326172 0.421389 0.325521 0.421389 0.324870 0.421389 0.324219 0.421389 0.323568 0.421389 0.322917 0.421389 0.322266 0.421389 0.321615 0.421389 0.320964 0.421389 0.320312 0.421389 0.319661 0.421389 0.319010 0.421389 0.318359 0.421389 0.317708 0.421389 0.317057 0.421389 0.316406 0.421389 0.315755 0.421389 0.315104 0.420475 0.314453 0.421389 0.313802 0.421389 0.313151 0.421389 0.312500 0.421389 0.311849 0.421389 0.311198 0.420475 0.310547 0.420475 0.309896 0.419561 0.309245 0.420475 0.308594 0.420475 0.307943 0.420475 0.307292 0.419561 0.306641 0.419561 0.305990 0.419561 0.305339 0.419561 0.304688 0.420475 0.304036 0.420475 0.303385 0.420475 0.302734 0.420475 0.302083 0.420475 0.301432 0.420475 0.300781 0.420475 0.300130 0.421389 0.299479 0.420475 0.298828 0.421389 0.298177 0.421389 0.297526 0.421389 0.296875 0.421389 0.296224 0.420475 0.295573 0.421389 0.294922 0.421389 0.294271 0.421389 0.293620 0.421389 0.292969 0.421389 0.292318 0.420475 0.291667 0.420475 0.291016 0.421389 0.290365 0.421389 0.289714 0.421389 0.289062 0.421389 0.288411 0.421389 0.287760 0.421389 0.287109 0.421389 0.286458 0.422303 0.285807 0.422303 0.285156 0.421389 0.284505 0.421389 0.283854 0.422303 0.283203 0.421389 0.282552 0.421389 0.281901 0.420475 0.281250 0.420475 0.280599 0.421389 0.279948 0.421389 0.279297 0.421389 0.278646 0.421389 0.277995 0.421389 0.277344 0.421389 0.276693 0.421389 0.276042 0.421389 0.275391 0.422303 0.274740 0.421389 0.274089 0.421389 0.273438 0.421389 0.272786 0.421389 0.272135 0.421389 0.271484 0.422303 0.270833 0.422303 0.270182 0.421389 0.269531 0.421389 0.268880 0.422303 0.268229 0.421389 0.267578 0.422303 0.266927 0.422303 0.266276 0.421389 0.265625 0.422303 0.264974 0.422303 0.264323 0.422303 0.263672 0.421389 0.263021 0.421389 0.262370 0.421389 0.261719 0.421389 0.261068 0.420475 0.260417 0.420475 0.259766 0.420475 0.259115 0.420475 0.258464 0.420475 0.257812 0.421389 0.257161 0.421389 0.256510 0.422303 0.255859 0.422303 0.255208 0.422303 0.254557 0.422303 0.253906 0.421389 0.253255 0.421389 0.252604 0.421389 0.251953 0.420475 0.251302 0.420475 0.250651 0.420475 0.250000 0.420475 0.249349 0.420475 0.248698 0.420475 0.248047 0.420475 0.247396 0.420475 0.246745 0.421389 0.246094 0.422303 0.245443 0.422303 0.244792 0.423218 0.244141 0.422303 0.243490 0.422303 0.242839 0.421389 0.242188 0.421389 0.241536 0.421389 0.240885 0.421389 0.240234 0.421389 0.239583 0.421389 0.238932 0.422303 0.238281 0.422303 0.237630 0.421389 0.236979 0.421389 0.236328 0.421389 0.235677 0.421389 0.235026 0.422303 0.234375 0.422303 0.233724 0.422303 0.233073 0.422303 0.232422 0.422303 0.231771 0.421389 0.231120 0.422303 0.230469 0.422303 0.229818 0.422303 0.229167 0.422303 0.228516 0.422303 0.227865 0.422303 0.227214 0.422303 0.226562 0.422303 0.225911 0.422303 0.225260 0.421389 0.224609 0.421389 0.223958 0.420475 0.223307 0.419561 0.222656 0.420475 0.222005 0.419561 0.221354 0.419561 0.220703 0.419561 0.220052 0.419561 0.219401 0.418647 0.218750 0.418647 0.218099 0.418647 0.217448 0.417733 0.216797 0.417733 0.216146 0.418647 0.215495 0.417733 0.216146 0.418647 0.215495 0.419561 0.214844 0.420475 0.214193 0.421389 0.213542 0.421389 0.212891 0.422303 0.212240 0.422303 0.211589 0.422303 0.210938 0.422303 0.210286 0.422303 0.209635 0.421389 0.208984 0.422303 0.208333 0.422303 0.207682 0.422303 0.207031 0.421389 0.206380 0.421389 0.205729 0.422303 0.205078 0.422303 0.204427 0.422303 0.203776 0.422303 0.203125 0.421389 0.202474 0.421389 0.201823 0.421389 0.201172 0.422303 0.200521 0.421389 0.199870 0.421389 0.199219 0.420475 0.198568 0.420475 0.197917 0.419561 0.197266 0.418647 0.197266 0.417733 0.197266 0.416819 0.197917 0.415905 0.198568 0.414991 0.199219 0.414077 0.199219 0.413163 0.199870 0.412249 0.199870 0.411335 0.199870 0.410420 0.199870 0.409506 0.200521 0.408592 0.200521 0.407678 0.199870 0.406764 0.199870 0.405850 0.199870 0.404936 0.200521 0.404022 0.199870 0.404936 0.199219 0.404936 0.198568 0.405850 0.197917 0.404936 0.197266 0.404022 0.197917 0.404936 0.197917 0.405850 0.197917 0.406764 0.197266 0.407678 0.197917 0.408592 0.197917 0.409506 0.197917 0.410420 0.197917 0.411335 0.197917 0.412249 0.197917 0.413163 0.197917 0.414077 0.197917 0.414991 0.197266 0.415905 0.196615 0.416819 0.195964 0.416819 0.195312 0.417733 0.194661 0.416819 0.195312 0.417733 0.194661 0.418647 0.194010 0.419561 0.193359 0.419561 0.192708 0.420475 0.192057 0.420475 0.191406 0.420475 0.190755 0.421389 0.190104 0.421389 0.189453 0.421389 0.188802 0.421389 0.188151 0.421389 0.187500 0.421389 0.186849 0.421389 0.186198 0.421389 0.185547 0.421389 0.184896 0.422303 0.184245 0.422303 0.183594 0.421389 0.182943 0.421389 0.182292 0.421389 0.181641 0.421389 0.180990 0.420475 0.180339 0.420475 0.179688 0.421389 0.179036 0.421389 0.178385 0.420475 0.177734 0.421389 0.177083 0.421389 0.176432 0.421389 0.175781 0.421389 0.175130 0.421389 0.174479 0.422303 0.173828 0.422303 0.173177 0.421389 0.172526 0.421389 0.171875 0.422303 0.171224 0.421389 0.170573 0.421389 0.169922 0.420475 0.169271 0.419561 0.169271 0.418647 0.169271 0.417733 0.169271 0.416819 0.169922 0.415905 0.169922 0.414991 0.169922 0.414077 0.169922 0.413163 0.170573 0.412249 0.171224 0.411335 0.171875 0.412249 0.171224 0.411335 0.171875 0.410420 0.171875 0.409506 0.172526 0.408592 0.172526 0.407678 0.172526 0.406764 0.173177 0.405850 0.172526 0.406764 0.171875 0.406764 0.171224 0.405850 0.170573 0.406764 0.169922 0.405850 0.169922 0.406764 0.169271 0.407678 0.169271 0.408592 0.169271 0.409506 0.169271 0.410420 0.168620 0.411335 0.168620 0.412249 0.168620 0.413163 0.168620 0.414077 0.167969 0.414991 0.167318 0.415905 0.166667 0.415905 0.166016 0.416819 0.165365 0.415905 0.164714 0.416819 0.164062 0.415905 0.163411 0.415905 0.162760 0.414991 0.162109 0.414077 0.161458 0.414077 0.160807 0.413163 0.160156 0.412249 0.160156 0.411335 0.160156 0.410420 0.160156 0.409506 0.160156 0.408592 0.160156 0.407678 0.160156 0.406764 0.160807 0.405850 0.161458 0.404936 0.160807 0.405850 0.160156 0.404936 0.159505 0.404936 0.158854 0.404022 0.158203 0.404022 0.157552 0.404022 0.158203 0.404022 0.158854 0.404022 0.159505 0.404936 0.159505 0.405850 0.159505 0.406764 0.159505 0.407678 0.158854 0.408592 0.158203 0.409506 0.157552 0.410420 0.156901 0.410420 0.156250 0.411335 0.155599 0.411335 0.154948 0.411335 0.154297 0.412249 0.153646 0.413163 0.153646 0.414077 0.153646 0.414991 0.152995 0.415905 0.152995 0.416819 0.152344 0.417733 0.152995 0.416819 0.153646 0.417733 0.154297 0.417733 0.154948 0.416819 0.154948 0.415905 0.155599 0.414991 0.156250 0.414077 0.156901 0.414077 0.157552 0.413163 0.158203 0.414077 0.158854 0.414077 0.159505 0.414991 0.160156 0.415905 0.160156 0.416819 0.160156 0.417733 0.160156 0.418647 0.160156 0.419561 0.159505 0.420475 0.158854 0.421389 0.158203 0.421389 0.157552 0.422303 0.156901 0.423218 0.156250 0.424132 0.155599 0.425046 0.154948 0.425960 0.154297 0.425960 0.153646 0.426874 0.152995 0.425960 0.152344 0.426874 0.151693 0.427788 0.151042 0.427788 0.150391 0.428702 0.149740 0.429616 0.149089 0.428702 0.149740 0.429616 0.149740 0.430530 0.149089 0.431444 0.148438 0.432358 0.147786 0.433272 0.147135 0.434186 0.146484 0.433272 0.147135 0.434186 0.147135 0.435101 0.147135 0.436015 0.146484 0.436929 0.146484 0.437843 0.146484 0.438757 0.146484 0.439671 0.146484 0.440585 0.147135 0.441499 0.147135 0.442413 0.147135 0.443327 0.147135 0.444241 0.147786 0.443327 0.148438 0.443327 0.149089 0.443327 0.149740 0.443327 0.150391 0.443327 0.151042 0.444241 0.151693 0.443327 0.152344 0.443327 0.152995 0.444241 0.153646 0.444241 0.154297 0.445155 0.154948 0.446069 0.154297 0.446984 0.154948 0.447898 0.154297 0.448812 0.154297 0.449726 0.153646 0.450640 0.152995 0.451554 0.152344 0.451554 0.151693 0.452468 0.151042 0.451554 0.150391 0.451554 0.149740 0.451554 0.149089 0.450640 0.148438 0.451554 0.147786 0.451554 0.147135 0.451554 0.146484 0.450640 0.147135 0.451554 0.147135 0.452468 0.146484 0.453382 0.146484 0.454296 0.147135 0.455210 0.147135 0.456124 0.147786 0.457038 0.147786 0.457952 0.147786 0.458867 0.148438 0.459781 0.148438 0.460695 0.149089 0.461609 0.148438 0.462523 0.149089 0.461609 0.149740 0.462523 0.150391 0.461609 0.151042 0.461609 0.151693 0.461609 0.152344 0.461609 0.152995 0.461609 0.153646 0.461609 0.154297 0.462523 0.154948 0.461609 0.155599 0.462523 0.156250 0.462523 0.155599 0.462523 0.154948 0.461609 0.154948 0.460695 0.154948 0.459781 0.155599 0.458867 0.155599 0.457952 0.156250 0.457038 0.156250 0.456124 0.156901 0.455210 0.156901 0.454296 0.156901 0.453382 0.157552 0.452468 0.158203 0.451554 0.158854 0.452468 0.158203 0.451554 0.158203 0.450640 0.158203 0.449726 0.158203 0.448812 0.158854 0.447898 0.158203 0.448812 0.157552 0.447898 0.156901 0.447898 0.156250 0.447898 0.155599 0.447898 0.154948 0.447898 0.154297 0.446984 0.154948 0.446069 0.155599 0.446069 0.156250 0.446069 0.156901 0.446069 0.156901 0.445155 0.157552 0.444241 0.156901 0.443327 0.156901 0.442413 0.156901 0.441499 0.156901 0.440585 0.157552 0.439671 0.156901 0.440585 0.156250 0.439671 0.155599 0.438757 0.155599 0.437843 0.155599 0.436929 0.156250 0.436015 0.156250 0.435101 0.156250 0.434186 0.156901 0.433272 0.157552 0.432358 0.158203 0.432358 0.158854 0.431444 0.159505 0.431444 0.160156 0.431444 0.160807 0.430530 0.160807 0.429616 0.160807 0.428702 0.160807 0.427788 0.161458 0.426874 0.162109 0.425960 0.162760 0.426874 0.162109 0.425960 0.161458 0.425046 0.162109 0.424132 0.162760 0.424132 0.163411 0.423218 0.164062 0.423218 0.164714 0.422303 0.165365 0.423218 0.166016 0.424132 0.166667 0.425046 0.166667 0.425960 0.167318 0.426874 0.167318 0.427788 0.167969 0.428702 0.167969 0.429616 0.167318 0.430530 0.167969 0.429616 0.168620 0.430530 0.169271 0.431444 0.169922 0.432358 0.169922 0.433272 0.169922 0.434186 0.170573 0.435101 0.170573 0.436015 0.170573 0.436929 0.170573 0.437843 0.169922 0.438757 0.170573 0.437843 0.171224 0.436929 0.171875 0.437843 0.172526 0.437843 0.173177 0.438757 0.173828 0.439671 0.173828 0.440585 0.173828 0.441499 0.173828 0.440585 0.173828 0.439671 0.173177 0.438757 0.173177 0.437843 0.173828 0.436929 0.174479 0.436015 0.175130 0.435101 0.175781 0.435101 0.176432 0.434186 0.177083 0.435101 0.177734 0.435101 0.178385 0.436015 0.179036 0.436015 0.179688 0.436929 0.180339 0.436929 0.180990 0.436929 0.181641 0.437843 0.182292 0.437843 0.182943 0.438757 0.183594 0.439671 0.183594 0.440585 0.183594 0.441499 0.183594 0.442413 0.183594 0.443327 0.183594 0.444241 0.182943 0.445155 0.182943 0.446069 0.182943 0.446984 0.182943 0.447898 0.182943 0.448812 0.182292 0.449726 0.182292 0.450640 0.182292 0.451554 0.181641 0.452468 0.180990 0.453382 0.180339 0.453382 0.179688 0.454296 0.179036 0.454296 0.178385 0.454296 0.177734 0.453382 0.177083 0.453382 0.176432 0.452468 0.175781 0.451554 0.175781 0.450640 0.176432 0.449726 0.175781 0.450640 0.175130 0.449726 0.174479 0.448812 0.174479 0.447898 0.174479 0.446984 0.174479 0.446069 0.175130 0.445155 0.175781 0.444241 0.176432 0.445155 0.177083 0.444241 0.177734 0.444241 0.178385 0.444241 0.179036 0.444241 0.178385 0.444241 0.177734 0.444241 0.177083 0.444241 0.176432 0.445155 0.175781 0.444241 0.175130 0.444241 0.174479 0.443327 0.173828 0.443327 0.173828 0.444241 0.173177 0.445155 0.173177 0.446069 0.173177 0.446984 0.173177 0.447898 0.173177 0.448812 0.172526 0.449726 0.171875 0.450640 0.171224 0.449726 0.171875 0.450640 0.171875 0.451554 0.172526 0.452468 0.172526 0.453382 0.172526 0.454296 0.172526 0.455210 0.173177 0.456124 0.172526 0.457038 0.173177 0.456124 0.173828 0.456124 0.174479 0.456124 0.175130 0.455210 0.175781 0.456124 0.176432 0.457038 0.177083 0.457952 0.177734 0.458867 0.177734 0.459781 0.177734 0.460695 0.177734 0.461609 0.178385 0.462523 0.179036 0.463437 0.179036 0.464351 0.178385 0.465265 0.179036 0.464351 0.179688 0.465265 0.180339 0.466179 0.180339 0.467093 0.180339 0.468007 0.180339 0.468921 0.180339 0.469835 0.180339 0.470750 0.180339 0.471664 0.179688 0.472578 0.179036 0.473492 0.178385 0.472578 0.179036 0.473492 0.179036 0.474406 0.179036 0.475320 0.179688 0.475320 0.180339 0.474406 0.180990 0.473492 0.181641 0.473492 0.182292 0.472578 0.182943 0.473492 0.182292 0.472578 0.182943 0.471664 0.183594 0.470750 0.184245 0.470750 0.184896 0.469835 0.185547 0.468921 0.186198 0.468007 0.186849 0.468007 0.186849 0.467093 0.187500 0.466179 0.188151 0.467093 0.188151 0.468007 0.188802 0.468007 0.189453 0.468921 0.190104 0.469835 0.190104 0.470750 0.190104 0.471664 0.189453 0.472578 0.188802 0.473492 0.188151 0.473492 0.187500 0.473492 0.188151 0.474406 0.188802 0.473492 0.189453 0.474406 0.190104 0.475320 0.190104 0.476234 0.190104 0.477148 0.189453 0.478062 0.189453 0.478976 0.188802 0.479890 0.188802 0.480804 0.188802 0.481718 0.188151 0.482633 0.188151 0.483547 0.187500 0.484461 0.186849 0.485375 0.186198 0.484461 0.186849 0.485375 0.186849 0.486289 0.186849 0.487203 0.186849 0.488117 0.186849 0.489031 0.186849 0.489945 0.186849 0.490859 0.186849 0.491773 0.186849 0.492687 0.186849 0.493601 0.186849 0.494516 0.187500 0.495430 0.187500 0.496344 0.188151 0.497258 0.188151 0.498172 0.187500 0.499086 0.188151 0.498172 0.188802 0.499086 0.189453 0.500000 0.190104 0.500000 0.190755 0.500000 0.191406 0.500914 0.192057 0.500914 0.192708 0.501828 0.193359 0.502742 0.193359 0.503656 0.193359 0.504570 0.194010 0.505484 0.194661 0.506399 0.194661 0.507313 0.194661 0.508227 0.194010 0.509141 0.194010 0.510055 0.194010 0.510969 0.194661 0.511883 0.194661 0.512797 0.194661 0.513711 0.194010 0.514625 0.193359 0.514625 0.194010 0.514625 0.194661 0.513711 0.195312 0.514625 0.195964 0.514625 0.196615 0.515539 0.195964 0.514625 0.196615 0.513711 0.196615 0.512797 0.197266 0.511883 0.197917 0.510969 0.198568 0.510055 0.199219 0.509141 0.199870 0.509141 0.200521 0.508227 0.201172 0.508227 0.201823 0.509141 0.202474 0.509141 0.203125 0.508227 0.203776 0.508227 0.204427 0.507313 0.205078 0.507313 0.205729 0.508227 0.206380 0.507313 0.207031 0.507313 0.207682 0.506399 0.208333 0.506399 0.208984 0.506399 0.209635 0.507313 0.210286 0.508227 0.209635 0.507313 0.209635 0.506399 0.209635 0.505484 0.209635 0.504570 0.208984 0.503656 0.208333 0.503656 0.207682 0.503656 0.207031 0.503656 0.206380 0.503656 0.205729 0.502742 0.206380 0.503656 0.205729 0.504570 0.205078 0.505484 0.204427 0.506399 0.203776 0.506399 0.203125 0.507313 0.202474 0.507313 0.201823 0.507313 0.201172 0.507313 0.200521 0.506399 0.199870 0.506399 0.199219 0.505484 0.198568 0.504570 0.197917 0.503656 0.197917 0.502742 0.197917 0.501828 0.197917 0.500914 0.198568 0.500000 0.198568 0.499086 0.198568 0.498172 0.199219 0.497258 0.199219 0.496344 0.199870 0.495430 0.200521 0.494516 0.201172 0.493601 0.201823 0.494516 0.201172 0.493601 0.201172 0.492687 0.201823 0.491773 0.201823 0.490859 0.202474 0.489945 0.201823 0.489031 0.201823 0.488117 0.201823 0.487203 0.201823 0.486289 0.201172 0.486289 0.200521 0.485375 0.199870 0.484461 0.199870 0.483547 0.199219 0.482633 0.199219 0.481718 0.198568 0.480804 0.198568 0.479890 0.198568 0.478976 0.199219 0.478062 0.199870 0.477148 0.199870 0.476234 0.200521 0.475320 0.201172 0.474406 0.201823 0.474406 0.202474 0.473492 0.203125 0.473492 0.203776 0.472578 0.204427 0.473492 0.205078 0.472578 0.205729 0.472578 0.206380 0.471664 0.207031 0.472578 0.207682 0.471664 0.208333 0.472578 0.208984 0.472578 0.209635 0.473492 0.210286 0.473492 0.210938 0.473492 0.211589 0.472578 0.212240 0.473492 0.212891 0.473492 0.213542 0.473492 0.214193 0.474406 0.214844 0.474406 0.215495 0.475320 0.216146 0.475320 0.216797 0.476234 0.217448 0.477148 0.217448 0.478062 0.217448 0.478976 0.217448 0.479890 0.216797 0.480804 0.216146 0.481718 0.215495 0.481718 0.214844 0.482633 0.214844 0.483547 0.214844 0.484461 0.215495 0.485375 0.215495 0.486289 0.215495 0.487203 0.214844 0.488117 0.214844 0.489031 0.214844 0.489945 0.214844 0.490859 0.214844 0.491773 0.214844 0.492687 0.215495 0.493601 0.215495 0.494516 0.214844 0.495430 0.215495 0.494516 0.216146 0.495430 0.216797 0.496344 0.217448 0.497258 0.217448 0.498172 0.216797 0.499086 0.217448 0.498172 0.218099 0.498172 0.218750 0.499086 0.219401 0.498172 0.220052 0.499086 0.220703 0.499086 0.221354 0.500000 0.222005 0.500914 0.221354 0.501828 0.222005 0.500914 0.222656 0.500914 0.223307 0.501828 0.223958 0.502742 0.223307 0.501828 0.223958 0.500914 0.224609 0.500000 0.225260 0.499086 0.225911 0.498172 0.226562 0.498172 0.227214 0.497258 0.227865 0.497258 0.228516 0.496344 0.228516 0.495430 0.229167 0.494516 0.229167 0.493601 0.229167 0.492687 0.229818 0.491773 0.229818 0.490859 0.229818 0.489945 0.229818 0.489031 0.229818 0.488117 0.229818 0.487203 0.229818 0.486289 0.229167 0.485375 0.229167 0.484461 0.229167 0.483547 0.229167 0.482633 0.229167 0.481718 0.228516 0.480804 0.229167 0.479890 0.228516 0.480804 0.227865 0.479890 0.227214 0.478976 0.226562 0.478062 0.225911 0.477148 0.225911 0.476234 0.225911 0.475320 0.225911 0.474406 0.225911 0.473492 0.226562 0.472578 0.227214 0.471664 0.227865 0.471664 0.228516 0.470750 0.229167 0.470750 0.229818 0.470750 0.230469 0.470750 0.231120 0.469835 0.231771 0.469835 0.232422 0.468921 0.233073 0.468921 0.233724 0.468921 0.234375 0.468007 0.235026 0.468007 0.235677 0.468007 0.236328 0.467093 0.236979 0.468007 0.236979 0.468921 0.236979 0.468007 0.236328 0.467093 0.236328 0.466179 0.236979 0.465265 0.236979 0.464351 0.236979 0.463437 0.237630 0.462523 0.238281 0.461609 0.238932 0.461609 0.239583 0.460695 0.240234 0.460695 0.240885 0.460695 0.241536 0.461609 0.242188 0.461609 0.242839 0.462523 0.243490 0.463437 0.243490 0.464351 0.243490 0.465265 0.242839 0.466179 0.242839 0.467093 0.242188 0.468007 0.241536 0.468921 0.240885 0.468007 0.241536 0.468921 0.240885 0.469835 0.240234 0.470750 0.239583 0.469835 0.240234 0.470750 0.240234 0.471664 0.240234 0.472578 0.240885 0.471664 0.241536 0.472578 0.241536 0.473492 0.241536 0.472578 0.240885 0.471664 0.241536 0.470750 0.242188 0.469835 0.242839 0.468921 0.243490 0.469835 0.242839 0.468921 0.242839 0.468007 0.243490 0.467093 0.244141 0.466179 0.244792 0.467093 0.244141 0.466179 0.244141 0.465265 0.244792 0.464351 0.245443 0.463437 0.244792 0.462523 0.244792 0.461609 0.245443 0.460695 0.244792 0.461609 0.244141 0.460695 0.243490 0.459781 0.243490 0.458867 0.243490 0.457952 0.243490 0.457038 0.243490 0.456124 0.243490 0.455210 0.244141 0.454296 0.244141 0.453382 0.244141 0.452468 0.244141 0.451554 0.244792 0.450640 0.244792 0.449726 0.244792 0.448812 0.244792 0.447898 0.244141 0.446984 0.243490 0.446069 0.244141 0.445155 0.243490 0.446069 0.242839 0.445155 0.242188 0.446069 0.241536 0.446069 0.240885 0.445155 0.240234 0.445155 0.239583 0.444241 0.238932 0.443327 0.239583 0.444241 0.238932 0.445155 0.238932 0.446069 0.239583 0.446984 0.239583 0.447898 0.239583 0.448812 0.240234 0.449726 0.240234 0.450640 0.240234 0.451554 0.240234 0.452468 0.239583 0.453382 0.238932 0.454296 0.238281 0.454296 0.237630 0.455210 0.236979 0.455210 0.236328 0.455210 0.235677 0.454296 0.235026 0.454296 0.234375 0.453382 0.233724 0.452468 0.233724 0.451554 0.233724 0.450640 0.233724 0.449726 0.233724 0.448812 0.233073 0.448812 0.232422 0.447898 0.231771 0.446984 0.232422 0.446069 0.231771 0.446984 0.231120 0.446069 0.230469 0.445155 0.230469 0.444241 0.229818 0.445155 0.229167 0.445155 0.228516 0.445155 0.227865 0.444241 0.228516 0.445155 0.227865 0.446069 0.227865 0.446984 0.227865 0.447898 0.227214 0.448812 0.227214 0.449726 0.227865 0.450640 0.228516 0.450640 0.229167 0.451554 0.229818 0.452468 0.229818 0.453382 0.230469 0.454296 0.231120 0.455210 0.231771 0.456124 0.231771 0.457038 0.231771 0.457952 0.232422 0.457952 0.233073 0.458867 0.233724 0.459781 0.233724 0.460695 0.233724 0.461609 0.233724 0.462523 0.233724 0.463437 0.233724 0.464351 0.233073 0.465265 0.232422 0.466179 0.231771 0.467093 0.231120 0.467093 0.230469 0.468007 0.229818 0.468007 0.229167 0.467093 0.228516 0.467093 0.227865 0.466179 0.227214 0.465265 0.226562 0.464351 0.226562 0.463437 0.227214 0.462523 0.226562 0.463437 0.225911 0.463437 0.225260 0.464351 0.224609 0.465265 0.223958 0.465265 0.223307 0.466179 0.222656 0.465265 0.222005 0.465265 0.221354 0.464351 0.220703 0.464351 0.220052 0.464351 0.219401 0.465265 0.218750 0.465265 0.218099 0.466179 0.217448 0.465265 0.217448 0.466179 0.217448 0.467093 0.216797 0.468007 0.216146 0.468921 0.215495 0.468921 0.215495 0.469835 0.214844 0.470750 0.214193 0.470750 0.213542 0.469835 0.213542 0.468921 0.212891 0.468921 0.212240 0.468007 0.211589 0.468007 0.210938 0.467093 0.210286 0.466179 0.210286 0.465265 0.210286 0.464351 0.210286 0.463437 0.210286 0.462523 0.210938 0.461609 0.211589 0.460695 0.212240 0.459781 0.212891 0.458867 0.213542 0.459781 0.212891 0.458867 0.212891 0.457952 0.213542 0.457038 0.214193 0.456124 0.214844 0.456124 0.215495 0.455210 0.216146 0.456124 0.215495 0.455210 0.215495 0.454296 0.215495 0.453382 0.215495 0.452468 0.215495 0.451554 0.216146 0.450640 0.216146 0.449726 0.216146 0.448812 0.215495 0.447898 0.216146 0.446984 0.215495 0.446069 0.215495 0.445155 0.216146 0.444241 0.215495 0.444241 0.214844 0.443327 0.214193 0.443327 0.213542 0.442413 0.212891 0.441499 0.212891 0.440585 0.212240 0.439671 0.212240 0.438757 0.212240 0.437843 0.212240 0.436929 0.212240 0.436015 0.212891 0.435101 0.213542 0.434186 0.214193 0.434186 0.214844 0.433272 0.215495 0.433272 0.216146 0.433272 0.216797 0.433272 0.217448 0.434186 0.218099 0.434186 0.218750 0.433272 0.219401 0.434186 0.220052 0.434186 0.220703 0.435101 0.221354 0.434186 0.222005 0.434186 0.222656 0.434186 0.223307 0.433272 0.223958 0.434186 0.224609 0.433272 0.225260 0.433272 0.225911 0.433272 0.226562 0.434186 0.227214 0.433272 0.227865 0.433272 0.228516 0.433272 0.229167 0.433272 0.229818 0.433272 0.230469 0.433272 0.231120 0.433272 0.231771 0.433272 0.232422 0.433272 0.233073 0.434186 0.233724 0.434186 0.234375 0.435101 0.235026 0.436015 0.235677 0.436015 0.236328 0.436929 0.236979 0.436929 0.237630 0.436929 0.238281 0.437843 0.238932 0.437843 0.239583 0.438757 0.240234 0.439671 0.240885 0.438757 0.241536 0.439671 0.240885 0.438757 0.240885 0.437843 0.240885 0.436929 0.241536 0.436015 0.242188 0.435101 0.242839 0.435101 0.243490 0.434186 0.244141 0.434186 0.244792 0.433272 0.245443 0.434186 0.246094 0.434186 0.246745 0.434186 0.247396 0.435101 0.248047 0.434186 0.248698 0.434186 0.249349 0.434186 0.250000 0.434186 0.250651 0.434186 0.251302 0.434186 0.251953 0.434186 0.252604 0.434186 0.253255 0.434186 0.253906 0.434186 0.254557 0.434186 0.255208 0.433272 0.255859 0.434186 0.256510 0.434186 0.257161 0.434186 0.257812 0.434186 0.258464 0.434186 0.259115 0.433272 0.259766 0.434186 0.260417 0.434186 0.261068 0.434186 0.261719 0.435101 0.262370 0.435101 0.263021 0.436015 0.263672 0.436929 0.264323 0.437843 0.264974 0.437843 0.265625 0.437843 0.266276 0.437843 0.266927 0.437843 0.266927 0.436929 0.267578 0.436015 0.268229 0.435101 0.268880 0.435101 0.269531 0.434186 0.270182 0.435101 0.270833 0.435101 0.271484 0.434186 0.272135 0.434186 0.272786 0.433272 0.273438 0.433272 0.274089 0.433272 0.274740 0.434186 0.275391 0.434186 0.276042 0.434186 0.276693 0.434186 0.277344 0.434186 0.277995 0.434186 0.278646 0.434186 0.279297 0.433272 0.279948 0.433272 0.280599 0.433272 0.281250 0.434186 0.281901 0.434186 0.282552 0.434186 0.283203 0.433272 0.283854 0.434186 0.284505 0.434186 0.285156 0.434186 0.285807 0.434186 0.286458 0.434186 0.287109 0.434186 0.287760 0.434186 0.288411 0.434186 0.289062 0.434186 0.289714 0.435101 0.290365 0.435101 0.291016 0.435101 0.291667 0.436015 0.292318 0.436015 0.292969 0.436929 0.293620 0.436015 0.294271 0.436015 0.294922 0.436015 0.295573 0.436015 0.296224 0.436015 0.296875 0.436015 0.297526 0.436015 0.298177 0.436929 0.298828 0.436015 0.299479 0.436015 0.300130 0.435101 0.300781 0.435101 0.301432 0.435101 0.302083 0.435101 0.302734 0.435101 0.303385 0.434186 0.304036 0.434186 0.304688 0.434186 0.305339 0.434186 0.305990 0.434186 0.306641 0.434186 0.307292 0.434186 0.307943 0.434186 0.308594 0.435101 0.309245 0.435101 0.309896 0.435101 0.310547 0.435101 0.311198 0.435101 0.311849 0.435101 0.312500 0.435101 0.313151 0.434186 0.313802 0.434186 0.314453 0.434186 0.315104 0.434186 0.315755 0.434186 0.316406 0.434186 0.317057 0.434186 0.317708 0.434186 0.318359 0.435101 0.319010 0.435101 0.319661 0.436015 0.320312 0.436015 0.320964 0.436015 0.321615 0.435101 0.322266 0.435101 0.322917 0.436015 0.323568 0.436015 0.324219 0.436015 0.324870 0.435101 0.325521 0.436015 0.326172 0.436015 0.326823 0.435101 0.327474 0.435101 0.328125 0.435101 0.328776 0.435101 0.329427 0.434186 0.330078 0.435101 0.330729 0.435101 0.331380 0.434186 0.332031 0.434186 0.332682 0.435101 0.333333 0.435101 0.333984 0.435101 0.334635 0.435101 0.335286 0.435101 0.335938 0.435101 0.336589 0.435101 0.337240 0.435101 0.337891 0.435101 0.338542 0.435101 0.339193 0.435101 0.339844 0.435101 0.340495 0.434186 0.341146 0.434186 0.341797 0.434186 0.342448 0.435101 0.343099 0.435101 0.343750 0.434186 0.344401 0.435101 0.345052 0.435101 0.345703 0.435101 0.346354 0.434186 0.347005 0.434186 0.347656 0.435101 0.348307 0.435101 0.348958 0.434186 0.349609 0.435101 0.350260 0.435101 0.350911 0.436015 0.351562 0.436015 0.352214 0.436015 0.352865 0.436015 0.353516 0.436015 0.354167 0.436015 0.354818 0.436015 0.355469 0.435101 0.356120 0.435101 0.356771 0.435101 0.357422 0.434186 0.358073 0.434186 0.358724 0.434186 0.359375 0.435101 0.360026 0.435101 0.360677 0.435101 0.361328 0.435101 0.361979 0.435101 0.362630 0.435101 0.363281 0.434186 0.363932 0.435101 0.364583 0.435101 0.365234 0.435101 0.365885 0.435101 0.366536 0.435101 0.367188 0.435101 0.367839 0.435101 0.368490 0.434186 0.369141 0.434186 0.369792 0.434186 0.370443 0.435101 0.371094 0.435101 0.371745 0.435101 0.372396 0.434186 0.373047 0.434186 0.373698 0.434186 0.374349 0.435101 0.375000 0.434186 0.375651 0.435101 0.376302 0.435101 0.376953 0.435101 0.377604 0.436015 0.378255 0.436015 0.378906 0.436929 0.379557 0.436929 0.380208 0.436929 0.380859 0.436015 0.381510 0.436015 0.382161 0.436015 0.382812 0.436015 0.383464 0.436929 0.384115 0.436929 0.384766 0.437843 0.384766 0.438757 0.384766 0.437843 0.384115 0.436929 0.384766 0.436015 0.385417 0.435101 0.386068 0.434186 0.386719 0.434186 0.387370 0.433272 0.388021 0.433272 0.388672 0.433272 0.389323 0.433272 0.389974 0.433272 0.390625 0.433272 0.391276 0.433272 0.391927 0.433272 0.392578 0.433272 0.393229 0.434186 0.393880 0.433272 0.394531 0.434186 0.395182 0.434186 0.395833 0.433272 0.396484 0.433272 0.397135 0.433272 0.397786 0.433272 0.398438 0.432358 0.399089 0.433272 0.399740 0.433272 0.400391 0.433272 0.401042 0.433272 0.401693 0.433272 0.402344 0.433272 0.402995 0.433272 0.403646 0.433272 0.404297 0.434186 0.404948 0.434186 0.405599 0.435101 0.406250 0.436015 0.406901 0.436929 0.407552 0.437843 0.406901 0.438757 0.407552 0.437843 0.408203 0.437843 0.408854 0.437843 0.409505 0.437843 0.410156 0.436929 0.410807 0.436929 0.411458 0.436015 0.412109 0.436015 0.412760 0.436015 0.413411 0.435101 0.414062 0.435101 0.414714 0.435101 0.415365 0.434186 0.416016 0.434186 0.416667 0.433272 0.417318 0.434186 0.417969 0.433272 0.418620 0.434186 0.419271 0.433272 0.419922 0.433272 0.420573 0.433272 0.421224 0.433272 0.421875 0.434186 0.422526 0.434186 0.423177 0.434186 0.423828 0.434186 0.424479 0.433272 0.425130 0.433272 0.425781 0.433272 0.426432 0.433272 0.427083 0.434186 0.427734 0.434186 0.428385 0.435101 0.429036 0.434186 0.429688 0.434186 0.430339 0.434186 0.430990 0.434186 0.431641 0.434186 0.432292 0.435101 0.432943 0.435101 0.433594 0.436015 0.434245 0.436929 0.434245 0.437843 0.434245 0.438757 0.434245 0.439671 0.433594 0.440585 0.434245 0.439671 0.434896 0.439671 0.435547 0.440585 0.434896 0.439671 0.435547 0.438757 0.436198 0.437843 0.436849 0.437843 0.437500 0.436929 0.438151 0.436929 0.438151 0.436015 0.438151 0.435101 0.438151 0.434186 0.438151 0.433272 0.438151 0.432358 0.438151 0.431444 0.438151 0.430530 0.438151 0.429616 0.438151 0.428702 0.438151 0.427788 0.438151 0.426874 0.437500 0.426874 0.436849 0.425960 0.436198 0.426874 0.435547 0.425960 0.434896 0.425960 0.434245 0.425046 0.433594 0.424132 0.432943 0.423218 0.432292 0.422303 0.432943 0.421389 0.432292 0.422303 0.431641 0.421389 0.430990 0.422303 0.430339 0.422303 0.429688 0.422303 0.429036 0.422303 0.428385 0.422303 0.427734 0.421389 0.427083 0.421389 0.426432 0.420475 0.425781 0.419561 0.425130 0.419561 0.424479 0.419561 0.423828 0.418647 0.423177 0.418647 0.422526 0.419561 0.421875 0.419561 0.421224 0.418647 0.420573 0.419561 0.419922 0.419561 0.419271 0.418647 0.418620 0.418647 0.417969 0.417733 0.417318 0.418647 0.416667 0.417733 0.416667 0.416819 0.416016 0.415905 0.415365 0.415905 0.414714 0.414991 0.414062 0.414077 0.414062 0.413163 0.413411 0.412249 0.413411 0.411335 0.413411 0.410420 0.413411 0.409506 0.413411 0.408592 0.413411 0.407678 0.413411 0.406764 0.413411 0.405850 0.413411 0.404936 0.414062 0.404022 0.413411 0.403108 0.414062 0.402194 0.413411 0.403108 0.412760 0.403108 0.412109 0.402194 0.411458 0.402194 0.410807 0.401280 0.410156 0.401280 0.409505 0.400366 0.408854 0.400366 0.408203 0.399452 0.407552 0.399452 0.406901 0.398537 0.406901 0.397623 0.406901 0.396709 0.406901 0.395795 0.406901 0.394881 0.407552 0.393967 0.408203 0.393053 0.408854 0.392139 0.409505 0.392139 0.410156 0.391225 0.410807 0.391225 0.411458 0.392139 0.411458 0.393053 0.411458 0.392139 0.412109 0.391225 0.412760 0.391225 0.413411 0.392139 0.414062 0.392139 0.414714 0.391225 0.415365 0.391225 0.416016 0.391225 0.416667 0.391225 0.417318 0.392139 0.417969 0.392139 0.418620 0.393053 0.419271 0.393967 0.419922 0.394881 0.419271 0.395795 0.419922 0.394881 0.420573 0.395795 0.421224 0.396709 0.420573 0.397623 0.421224 0.396709 0.421875 0.396709 0.422526 0.396709 0.423177 0.397623 0.423828 0.397623 0.424479 0.397623 0.425130 0.398537 0.424479 0.397623 0.424479 0.396709 0.425130 0.395795 0.425781 0.394881 0.426432 0.393967 0.427083 0.393053 0.427734 0.393053 0.428385 0.392139 0.429036 0.392139 0.429036 0.391225 0.429036 0.390311 0.429036 0.389397 0.429036 0.388483 0.429688 0.387569 0.430339 0.388483 0.430339 0.389397 0.430339 0.390311 0.430339 0.391225 0.430990 0.391225 0.431641 0.392139 0.432292 0.392139 0.432943 0.392139 0.433594 0.392139 0.434245 0.393053 0.434896 0.393053 0.435547 0.393967 0.436198 0.394881 0.436198 0.395795 0.436849 0.396709 0.436849 0.397623 0.436849 0.398537 0.437500 0.399452 0.437500 0.400366 0.437500 0.401280 0.437500 0.402194 0.437500 0.403108 0.437500 0.404022 0.437500 0.404936 0.437500 0.405850 0.437500 0.406764 0.437500 0.407678 0.437500 0.408592 0.438151 0.409506 0.438151 0.410420 0.438151 0.411335 0.438151 0.412249 0.437500 0.413163 0.436849 0.413163 0.437500 0.413163 0.438151 0.412249 0.438802 0.412249 0.439453 0.412249 0.440104 0.411335 0.440755 0.411335 0.441406 0.411335 0.442057 0.412249 0.442708 0.412249 0.443359 0.413163 0.444010 0.414077 0.444010 0.414991 0.444010 0.415905 0.444010 0.416819 0.444661 0.417733 0.444661 0.418647 0.445312 0.418647 0.445964 0.419561 0.446615 0.420475 0.447266 0.421389 0.447266 0.422303 0.447917 0.423218 0.448568 0.423218 0.449219 0.424132 0.449870 0.425046 0.450521 0.425960 0.451172 0.426874 0.451172 0.427788 0.451172 0.428702 0.451172 0.429616 0.451172 0.430530 0.450521 0.431444 0.449870 0.432358 0.449219 0.431444 0.449219 0.432358 0.449870 0.433272 0.449870 0.432358 0.450521 0.431444 0.451172 0.431444 0.451823 0.431444 0.452474 0.432358 0.453125 0.431444 0.453776 0.431444 0.454427 0.432358 0.455078 0.432358 0.455729 0.433272 0.456380 0.434186 0.456380 0.435101 0.457031 0.436015 0.456380 0.436929 0.457031 0.436015 0.457682 0.436015 0.458333 0.436929 0.458984 0.436015 0.459635 0.436015 0.460286 0.436929 0.460938 0.436929 0.461589 0.437843 0.462240 0.438757 0.462240 0.439671 0.462240 0.440585 0.462240 0.441499 0.461589 0.442413 0.460938 0.443327 0.460286 0.444241 0.459635 0.443327 0.460286 0.444241 0.460286 0.445155 0.459635 0.446069 0.458984 0.446984 0.458333 0.446069 0.458984 0.446984 0.458984 0.447898 0.458333 0.448812 0.458333 0.449726 0.458333 0.450640 0.458333 0.451554 0.458333 0.452468 0.458984 0.452468 0.459635 0.453382 0.460286 0.454296 0.460286 0.455210 0.459635 0.456124 0.460286 0.455210 0.460938 0.454296 0.461589 0.454296 0.462240 0.453382 0.462891 0.453382 0.463542 0.454296 0.464193 0.454296 0.464844 0.454296 0.464193 0.454296 0.463542 0.454296 0.462891 0.453382 0.462891 0.452468 0.462240 0.451554 0.461589 0.450640 0.461589 0.449726 0.461589 0.448812 0.461589 0.447898 0.461589 0.446984 0.462240 0.446069 0.462891 0.445155 0.463542 0.445155 0.462891 0.444241 0.462891 0.443327 0.462891 0.442413 0.462891 0.441499 0.462891 0.440585 0.463542 0.439671 0.463542 0.438757 0.464193 0.437843 0.464844 0.436929 0.465495 0.436929 0.466146 0.436015 0.466797 0.436929 0.467448 0.436929 0.468099 0.437843 0.468750 0.437843 0.469401 0.438757 0.470052 0.439671 0.470703 0.439671 0.471354 0.440585 0.472005 0.441499 0.471354 0.442413 0.472005 0.441499 0.472656 0.441499 0.473307 0.440585 0.473958 0.440585 0.474609 0.441499 0.474609 0.440585 0.474609 0.439671 0.474609 0.438757 0.474609 0.437843 0.474609 0.436929 0.474609 0.436015 0.474609 0.435101 0.474609 0.434186 0.475260 0.433272 0.475911 0.434186 0.475911 0.435101 0.475911 0.436015 0.475911 0.436929 0.475911 0.437843 0.475911 0.438757 0.475911 0.439671 0.475911 0.440585 0.475911 0.441499 0.475911 0.442413 0.476562 0.443327 0.476562 0.444241 0.476562 0.445155 0.476562 0.446069 0.476562 0.446984 0.476562 0.447898 0.476562 0.448812 0.476562 0.449726 0.477214 0.450640 0.477865 0.451554 0.478516 0.452468 0.478516 0.453382 0.478516 0.454296 0.477865 0.455210 0.478516 0.454296 0.479167 0.455210 0.479818 0.454296 0.480469 0.454296 0.481120 0.453382 0.481120 0.452468 0.481771 0.451554 0.481771 0.450640 0.482422 0.449726 0.482422 0.448812 0.482422 0.447898 0.483073 0.446984 0.483724 0.446069 0.483724 0.445155 0.484375 0.444241 0.483724 0.445155 0.483073 0.444241 0.482422 0.444241 0.481771 0.443327 0.481120 0.442413 0.480469 0.441499 0.480469 0.440585 0.480469 0.439671 0.481120 0.438757 0.481771 0.437843 0.482422 0.437843 0.483073 0.436929 0.483724 0.437843 0.483073 0.436929 0.483724 0.436015 0.484375 0.435101 0.484375 0.434186 0.485026 0.433272 0.485677 0.432358 0.486328 0.431444 0.486979 0.431444 0.487630 0.430530 0.488281 0.430530 0.488281 0.429616 0.488932 0.428702 0.489583 0.427788 0.490234 0.426874 0.490885 0.425960 0.491536 0.426874 0.490885 0.425960 0.490885 0.425046 0.490885 0.424132 0.490885 0.423218 0.491536 0.422303 0.490885 0.421389 0.490234 0.421389 0.489583 0.421389 0.488932 0.421389 0.488281 0.420475 0.488932 0.421389 0.488281 0.422303 0.487630 0.423218 0.486979 0.424132 0.486328 0.424132 0.485677 0.425046 0.485026 0.425046 0.484375 0.424132 0.483724 0.424132 0.483073 0.423218 0.482422 0.422303 0.482422 0.421389 0.482422 0.420475 0.482422 0.419561 0.482422 0.418647 0.483073 0.417733 0.483724 0.416819 0.484375 0.417733 0.483724 0.416819 0.483724 0.415905 0.484375 0.414991 0.485026 0.414077 0.485677 0.414991 0.485026 0.414077 0.485677 0.413163 0.485677 0.412249 0.486328 0.411335 0.486979 0.410420 0.486979 0.409506 0.487630 0.408592 0.487630 0.407678 0.487630 0.408592 0.486979 0.409506 0.486328 0.408592 0.485677 0.409506 0.485026 0.408592 0.485677 0.409506 0.485026 0.410420 0.484375 0.411335 0.483724 0.411335 0.483073 0.412249 0.482422 0.413163 0.481771 0.412249 0.482422 0.413163 0.482422 0.414077 0.482422 0.414991 0.481771 0.415905 0.481120 0.416819 0.480469 0.416819 0.479818 0.417733 0.479167 0.417733 0.478516 0.417733 0.477865 0.416819 0.477214 0.416819 0.476562 0.417733 0.475911 0.417733 0.475260 0.416819 0.475911 0.417733 0.475260 0.418647 0.475911 0.418647 0.476562 0.417733 0.477214 0.418647 0.477865 0.418647 0.478516 0.419561 0.479167 0.420475 0.479818 0.421389 0.480469 0.422303 0.480469 0.423218 0.480469 0.424132 0.480469 0.425046 0.480469 0.425960 0.480469 0.426874 0.480469 0.427788 0.480469 0.428702 0.480469 0.429616 0.480469 0.430530 0.479818 0.431444 0.479167 0.432358 0.478516 0.433272 0.477865 0.433272 0.477214 0.434186 0.476562 0.434186 0.475911 0.434186 0.475260 0.433272 0.474609 0.433272 0.473958 0.432358 0.473307 0.431444 0.473958 0.430530 0.473307 0.431444 0.472656 0.431444 0.472005 0.431444 0.471354 0.432358 0.470703 0.432358 0.470052 0.433272 0.469401 0.433272 0.468750 0.433272 0.468099 0.432358 0.467448 0.432358 0.466797 0.431444 0.466146 0.430530 0.465495 0.429616 0.464844 0.428702 0.464193 0.427788 0.463542 0.426874 0.463542 0.425960 0.463542 0.425046 0.463542 0.424132 0.463542 0.423218 0.464193 0.422303 0.464193 0.421389 0.464193 0.420475 0.463542 0.419561 0.463542 0.418647 0.462891 0.417733 0.462891 0.416819 0.462891 0.415905 0.462240 0.414991 0.462240 0.414077 0.461589 0.413163 0.461589 0.412249 0.461589 0.411335 0.462240 0.410420 0.462240 0.409506 0.461589 0.408592 0.461589 0.407678 0.461589 0.406764 0.460938 0.406764 0.460286 0.406764 0.459635 0.405850 0.460286 0.404936 0.460938 0.404936 0.461589 0.404936 0.462240 0.404936 0.462240 0.404022 0.462240 0.403108 0.462240 0.402194 0.462240 0.401280 0.462240 0.400366 0.462240 0.399452 0.461589 0.398537 0.461589 0.397623 0.461589 0.396709 0.461589 0.395795 0.461589 0.394881 0.462240 0.393967 0.462891 0.393053 0.463542 0.392139 0.464193 0.392139 0.464844 0.391225 0.465495 0.392139 0.466146 0.391225 0.466797 0.392139 0.467448 0.392139 0.468099 0.392139 0.468750 0.391225 0.469401 0.391225 0.470052 0.391225 0.470703 0.390311 0.471354 0.390311 0.472005 0.391225 0.472656 0.390311 0.473307 0.390311 0.473958 0.390311 0.474609 0.389397 0.475260 0.390311 0.475911 0.390311 0.476562 0.391225 0.477214 0.392139 0.477214 0.393053 0.477865 0.393967 0.477214 0.394881 0.477865 0.393967 0.478516 0.394881 0.479167 0.395795 0.479818 0.396709 0.479167 0.397623 0.479818 0.396709 0.480469 0.397623 0.479818 0.396709 0.480469 0.395795 0.480469 0.394881 0.480469 0.393967 0.480469 0.393053 0.481120 0.392139 0.481771 0.391225 0.482422 0.391225 0.483073 0.390311 0.483724 0.390311 0.484375 0.391225 0.485026 0.391225 0.485677 0.392139 0.486328 0.392139 0.486979 0.393053 0.487630 0.393967 0.488281 0.393967 0.488932 0.394881 0.489583 0.395795 0.490234 0.396709 0.490885 0.397623 0.491536 0.397623 0.492188 0.396709 0.492839 0.395795 0.493490 0.394881 0.493490 0.393967 0.493490 0.393053 0.493490 0.392139 0.492839 0.391225 0.492839 0.390311 0.492839 0.389397 0.492839 0.388483 0.493490 0.387569 0.492839 0.388483 0.492188 0.387569 0.491536 0.386654 0.491536 0.385740 0.491536 0.384826 0.490885 0.384826 0.490234 0.383912 0.489583 0.384826 0.488932 0.384826 0.488281 0.384826 0.487630 0.384826 0.486979 0.384826 0.486328 0.383912 0.485677 0.384826 0.485026 0.383912 0.484375 0.383912 0.483724 0.382998 0.483073 0.382084 0.483073 0.381170 0.483073 0.380256 0.482422 0.379342 0.482422 0.378428 0.481771 0.377514 0.481120 0.376600 0.481120 0.375686 0.481120 0.374771 0.481120 0.373857 0.481771 0.372943 0.482422 0.372029 0.482422 0.371115 0.482422 0.370201 0.482422 0.369287 0.483073 0.368373 0.483073 0.367459 0.483073 0.366545 0.483724 0.365631 0.483724 0.364717 0.483724 0.363803 0.483724 0.362888 0.483724 0.361974 0.483724 0.361060 0.484375 0.360146 0.485026 0.360146 0.485026 0.359232 0.485026 0.358318 0.485677 0.357404 0.486328 0.356490 0.486979 0.355576 0.487630 0.355576 0.488281 0.354662 0.488932 0.354662 0.489583 0.353748 0.490234 0.353748 0.490885 0.352834 0.491536 0.353748 0.492188 0.352834 0.492839 0.352834 0.492839 0.351920 0.493490 0.351005 0.493490 0.350091 0.494141 0.349177 0.494141 0.348263 0.494141 0.347349 0.494141 0.346435 0.494792 0.345521 0.494792 0.344607 0.494792 0.343693 0.495443 0.342779 0.496094 0.341865 0.496745 0.340951 0.497396 0.340951 0.497396 0.340037 0.498047 0.339122 0.498047 0.338208 0.498047 0.337294 0.498698 0.336380 0.498698 0.335466 0.499349 0.334552 0.499349 0.333638 0.500000 0.332724 0.500000 0.331810 0.500000 0.330896 0.500000 0.329982 0.500000 0.329068 0.500651 0.328154 0.500651 0.327239 0.500651 0.326325 0.501302 0.325411 0.501953 0.326325 0.501302 0.325411 0.501302 0.324497 0.501953 0.323583 0.501302 0.322669 0.501302 0.321755 0.501302 0.320841 0.501953 0.319927 0.501953 0.319013 0.501953 0.318099 0.501953 0.317185 0.501953 0.316271 0.502604 0.315356 0.503255 0.314442 0.503906 0.313528 0.504557 0.313528 0.505208 0.312614 0.505859 0.311700 0.506510 0.311700 0.507161 0.310786 0.507812 0.310786 0.508464 0.310786 0.509115 0.310786 0.509766 0.310786 0.510417 0.310786 0.511068 0.311700 0.511719 0.311700 0.512370 0.312614 0.513021 0.312614 0.513672 0.312614 0.514323 0.312614 0.514974 0.312614 0.515625 0.311700 0.516276 0.310786 0.516927 0.310786 0.517578 0.309872 0.518229 0.309872 0.518880 0.310786 0.519531 0.309872 0.520182 0.310786 0.520833 0.309872 0.521484 0.310786 0.522135 0.309872 0.522786 0.309872 0.523438 0.309872 0.524089 0.309872 0.524740 0.308958 0.525391 0.308958 0.526042 0.308958 0.526693 0.309872 0.527344 0.309872 0.527995 0.310786 0.528646 0.311700 0.528646 0.312614 0.529297 0.313528 0.529297 0.314442 0.528646 0.315356 0.529297 0.314442 0.529948 0.315356 0.530599 0.315356 0.531250 0.315356 0.531901 0.315356 0.532552 0.315356 0.533203 0.315356 0.533854 0.315356 0.534505 0.315356 0.535156 0.315356 0.535807 0.316271 0.535156 0.315356 0.535807 0.314442 0.536458 0.313528 0.537109 0.312614 0.537760 0.312614 0.538411 0.311700 0.539062 0.311700 0.539714 0.311700 0.540365 0.311700 0.541016 0.311700 0.541667 0.311700 0.542318 0.310786 0.542969 0.310786 0.543620 0.310786 0.544271 0.310786 0.544922 0.310786 0.545573 0.310786 0.546224 0.310786 0.546875 0.310786 0.547526 0.310786 0.548177 0.310786 0.548828 0.310786 0.549479 0.311700 0.550130 0.310786 0.550781 0.310786 0.551432 0.310786 0.552083 0.310786 0.552734 0.310786 0.553385 0.311700 0.554036 0.311700 0.554688 0.312614 0.555339 0.313528 0.555339 0.314442 0.555339 0.315356 0.554688 0.316271 0.554688 0.317185 0.554036 0.318099 0.554036 0.319013 0.554036 0.319927 0.554036 0.320841 0.554036 0.321755 0.554036 0.322669 0.554036 0.323583 0.554036 0.324497 0.553385 0.325411 0.552734 0.326325 0.552083 0.325411 0.552734 0.326325 0.552734 0.327239 0.552734 0.328154 0.552734 0.329068 0.552734 0.329982 0.552734 0.330896 0.552734 0.331810 0.552734 0.332724 0.552083 0.333638 0.552734 0.332724 0.553385 0.332724 0.554036 0.332724 0.554688 0.331810 0.554688 0.330896 0.554688 0.329982 0.555339 0.329068 0.555990 0.328154 0.555990 0.327239 0.555990 0.326325 0.555990 0.325411 0.556641 0.324497 0.557292 0.323583 0.557943 0.324497 0.557292 0.323583 0.557943 0.322669 0.558594 0.321755 0.559245 0.322669 0.558594 0.321755 0.559245 0.320841 0.559245 0.319927 0.559245 0.319013 0.559245 0.318099 0.559245 0.317185 0.559245 0.316271 0.559896 0.315356 0.560547 0.314442 0.561198 0.313528 0.561849 0.312614 0.562500 0.313528 0.563151 0.313528 0.563802 0.313528 0.564453 0.313528 0.565104 0.313528 0.565755 0.312614 0.566406 0.312614 0.567057 0.312614 0.567708 0.312614 0.568359 0.311700 0.569010 0.311700 0.569661 0.311700 0.570312 0.311700 0.570964 0.310786 0.571615 0.310786 0.572266 0.309872 0.572917 0.309872 0.573568 0.309872 0.574219 0.310786 0.574870 0.310786 0.575521 0.310786 0.576172 0.311700 0.576823 0.310786 0.577474 0.310786 0.578125 0.310786 0.578776 0.310786 0.579427 0.310786 0.580078 0.310786 0.580729 0.311700 0.581380 0.311700 0.582031 0.311700 0.582682 0.311700 0.583333 0.311700 0.583984 0.311700 0.584635 0.310786 0.585286 0.311700 0.585938 0.311700 0.586589 0.311700 0.587240 0.310786 0.587891 0.310786 0.588542 0.311700 0.589193 0.311700 0.589844 0.311700 0.590495 0.311700 0.591146 0.311700 0.591797 0.311700 0.592448 0.311700 0.593099 0.312614 0.593750 0.312614 0.594401 0.312614 0.595052 0.312614 0.595703 0.311700 0.596354 0.311700 0.597005 0.311700 0.597656 0.311700 0.598307 0.310786 0.598958 0.310786 0.599609 0.310786 0.600260 0.309872 0.600911 0.309872 0.601562 0.308958 0.602214 0.309872 0.602865 0.309872 0.603516 0.310786 0.604167 0.310786 0.604818 0.311700 0.604818 0.312614 0.604818 0.313528 0.604818 0.314442 0.604818 0.315356 0.604818 0.316271 0.604818 0.317185 0.604818 0.318099 0.604818 0.319013 0.604818 0.319927 0.604818 0.320841 0.604818 0.321755 0.604818 0.322669 0.604818 0.323583 0.604818 0.324497 0.604818 0.325411 0.605469 0.326325 0.605469 0.327239 0.605469 0.328154 0.605469 0.329068 0.605469 0.329982 0.604818 0.330896 0.605469 0.331810 0.604818 0.332724 0.604167 0.333638 0.603516 0.332724 0.604167 0.333638 0.603516 0.334552 0.602865 0.335466 0.602865 0.336380 0.602214 0.337294 0.601562 0.338208 0.600911 0.339122 0.600260 0.340037 0.599609 0.340951 0.598958 0.340951 0.598307 0.341865 0.598307 0.342779 0.598307 0.343693 0.597656 0.344607 0.597005 0.343693 0.597005 0.342779 0.597005 0.341865 0.597005 0.340951 0.596354 0.340951 0.595703 0.340037 0.595052 0.339122 0.594401 0.338208 0.593750 0.337294 0.593099 0.338208 0.592448 0.338208 0.591797 0.338208 0.591146 0.338208 0.590495 0.338208 0.589844 0.339122 0.589193 0.339122 0.588542 0.339122 0.587891 0.339122 0.587240 0.339122 0.586589 0.340037 0.585938 0.340037 0.585286 0.339122 0.584635 0.340037 0.583984 0.340037 0.583333 0.340037 0.582682 0.340037 0.582031 0.340037 0.581380 0.339122 0.580729 0.339122 0.580078 0.339122 0.579427 0.339122 0.578776 0.339122 0.578125 0.340037 0.577474 0.340037 0.576823 0.340037 0.576172 0.340037 0.575521 0.340037 0.574870 0.340037 0.574219 0.340037 0.573568 0.340037 0.572917 0.340037 0.572266 0.340037 0.571615 0.340037 0.570964 0.340037 0.570312 0.340037 0.569661 0.340037 0.569010 0.339122 0.568359 0.339122 0.567708 0.338208 0.567057 0.337294 0.566406 0.337294 0.565755 0.336380 0.565104 0.337294 0.564453 0.338208 0.563802 0.338208 0.563151 0.339122 0.562500 0.339122 0.561849 0.340037 0.561198 0.340037 0.560547 0.339122 0.559896 0.340037 0.559245 0.340037 0.558594 0.340037 0.557943 0.340037 0.557292 0.340037 0.557292 0.340951 0.557292 0.341865 0.557292 0.342779 0.557292 0.343693 0.556641 0.344607 0.555990 0.343693 0.555990 0.342779 0.555990 0.341865 0.555990 0.340951 0.555990 0.340037 0.555339 0.340037 0.554688 0.340037 0.554036 0.340037 0.553385 0.340037 0.552734 0.340037 0.552083 0.340037 0.551432 0.340037 0.550781 0.340037 0.550130 0.340037 0.549479 0.340037 0.548828 0.340037 0.548177 0.340037 0.547526 0.340037 0.546875 0.340037 0.546875 0.340951 0.546875 0.341865 0.546875 0.342779 0.546875 0.343693 0.546875 0.344607 0.546224 0.345521 0.545573 0.344607 0.545573 0.343693 0.545573 0.342779 0.545573 0.341865 0.545573 0.340951 0.544922 0.340951 0.544271 0.340951 0.543620 0.340951 0.542969 0.340951 0.542318 0.340037 0.541667 0.340037 0.541016 0.339122 0.540365 0.340037 0.539714 0.340037 0.539062 0.339122 0.538411 0.339122 0.537760 0.338208 0.537109 0.338208 0.536458 0.339122 0.535807 0.339122 0.535156 0.340037 0.534505 0.340037 0.533854 0.340037 0.533203 0.340951 0.532552 0.340037 0.531901 0.340037 0.531250 0.340951 0.530599 0.340037 0.529948 0.340037 0.529297 0.339122 0.528646 0.338208 0.528646 0.337294 0.528646 0.336380 0.529297 0.335466 0.528646 0.334552 0.528646 0.333638 0.528646 0.332724 0.529297 0.331810 0.529948 0.331810 0.529297 0.331810 0.528646 0.332724 0.527995 0.333638 0.527995 0.334552 0.527344 0.335466 0.527344 0.336380 0.527344 0.337294 0.527344 0.338208 0.526693 0.339122 0.526042 0.340037 0.525391 0.340037 0.524740 0.340951 0.524089 0.340951 0.523438 0.341865 0.522786 0.340951 0.522135 0.340951 0.521484 0.340037 0.520833 0.340037 0.520182 0.340951 0.519531 0.340037 0.518880 0.340037 0.518880 0.340951 0.518880 0.341865 0.518880 0.342779 0.518880 0.343693 0.518880 0.344607 0.518229 0.345521 0.517578 0.344607 0.517578 0.343693 0.517578 0.342779 0.517578 0.341865 0.517578 0.340951 0.516927 0.341865 0.516276 0.341865 0.515625 0.341865 0.514974 0.341865 0.514323 0.341865 0.513672 0.340951 0.513021 0.340951 0.512370 0.340037 0.511719 0.339122 0.512370 0.338208 0.511719 0.339122 0.511068 0.339122 0.510417 0.339122 0.509766 0.338208 0.509766 0.337294 0.509766 0.338208 0.510417 0.339122 0.509766 0.340037 0.510417 0.339122 0.511068 0.340037 0.511719 0.340951 0.511719 0.341865 0.511719 0.342779 0.511068 0.343693 0.511068 0.344607 0.510417 0.345521 0.509766 0.345521 0.509115 0.346435 0.508464 0.346435 0.507812 0.346435 0.507161 0.346435 0.506510 0.345521 0.505859 0.345521 0.505208 0.344607 0.504557 0.345521 0.503906 0.344607 0.503255 0.344607 0.503255 0.345521 0.503255 0.346435 0.503906 0.347349 0.503906 0.348263 0.503906 0.349177 0.503906 0.350091 0.503906 0.351005 0.503906 0.351920 0.503906 0.352834 0.503906 0.353748 0.503906 0.354662 0.503906 0.355576 0.503906 0.356490 0.503906 0.357404 0.503255 0.358318 0.503255 0.359232 0.503255 0.360146 0.503255 0.361060 0.503906 0.361974 0.504557 0.362888 0.505208 0.363803 0.505859 0.364717 0.505859 0.365631 0.505859 0.366545 0.505859 0.367459 0.505859 0.368373 0.505859 0.369287 0.505208 0.370201 0.504557 0.371115 0.505208 0.372029 0.505208 0.372943 0.504557 0.373857 0.503906 0.374771 0.504557 0.375686 0.504557 0.376600 0.504557 0.377514 0.503906 0.378428 0.503906 0.379342 0.503255 0.380256 0.502604 0.381170 0.501953 0.381170 0.501302 0.382084 0.500651 0.382084 0.500000 0.382084 0.499349 0.382998 0.498698 0.382998 0.498698 0.383912 0.498047 0.384826 0.497396 0.385740 0.498047 0.386654 0.498047 0.387569 0.498047 0.388483 0.498698 0.388483 0.499349 0.388483 0.500000 0.388483 0.500651 0.387569 0.501302 0.388483 0.501953 0.389397 0.502604 0.390311 0.503255 0.391225 0.503255 0.392139 0.502604 0.393053 0.501953 0.393967 0.501302 0.393967 0.501302 0.394881 0.500651 0.395795 0.500651 0.396709 0.500000 0.397623 0.500000 0.398537 0.499349 0.399452 0.498698 0.400366 0.498047 0.401280 0.497396 0.401280 0.496745 0.402194 0.496745 0.403108 0.496094 0.404022 0.496094 0.404936 0.496094 0.405850 0.495443 0.406764 0.494792 0.407678 0.495443 0.408592 0.494792 0.409506 0.495443 0.408592 0.496094 0.409506 0.496745 0.410420 0.496745 0.411335 0.496745 0.412249 0.496745 0.413163 0.496094 0.414077 0.496745 0.414991 0.496745 0.415905 0.496745 0.416819 0.496745 0.417733 0.496094 0.418647 0.496745 0.419561 0.496745 0.420475 0.496745 0.421389 0.497396 0.422303 0.497396 0.423218 0.497396 0.424132 0.498047 0.424132 0.498698 0.425046 0.499349 0.425960 0.500000 0.425960 0.500651 0.426874 0.501302 0.427788 0.501953 0.428702 0.501953 0.429616 0.502604 0.430530 0.502604 0.431444 0.502604 0.432358 0.503255 0.433272 0.503255 0.434186 0.503255 0.435101 0.503906 0.435101 0.504557 0.435101 0.505208 0.435101 0.505859 0.435101 0.506510 0.436015 0.505859 0.436929 0.505208 0.436929 0.504557 0.436929 0.503906 0.436929 0.504557 0.437843 0.504557 0.438757 0.504557 0.439671 0.504557 0.440585 0.504557 0.441499 0.505208 0.442413 0.505208 0.443327 0.505208 0.444241 0.504557 0.445155 0.505208 0.446069 0.504557 0.446984 0.505208 0.447898 0.505208 0.448812 0.504557 0.449726 0.505208 0.450640 0.505208 0.451554 0.505208 0.452468 0.505208 0.453382 0.505208 0.454296 0.505208 0.455210 0.505208 0.456124 0.504557 0.457038 0.504557 0.457952 0.504557 0.458867 0.503906 0.459781 0.503255 0.460695 0.502604 0.460695 0.501953 0.461609 0.501302 0.460695 0.500651 0.460695 0.500000 0.459781 0.499349 0.459781 0.498698 0.460695 0.498047 0.459781 0.498698 0.460695 0.498698 0.461609 0.498698 0.462523 0.498047 0.463437 0.498047 0.464351 0.497396 0.465265 0.496745 0.466179 0.496094 0.467093 0.495443 0.468007 0.494792 0.468921 0.494141 0.468921 0.493490 0.469835 0.492839 0.469835 0.492188 0.470750 0.491536 0.470750 0.490885 0.470750 0.490234 0.470750 0.489583 0.470750 0.488932 0.469835 0.488281 0.469835 0.488281 0.470750 0.487630 0.471664 0.487630 0.472578 0.486979 0.473492 0.486979 0.474406 0.486979 0.475320 0.486979 0.476234 0.486328 0.477148 0.486979 0.476234 0.487630 0.477148 0.488281 0.478062 0.488932 0.478976 0.488932 0.479890 0.488281 0.480804 0.488932 0.479890 0.489583 0.480804 0.490234 0.481718 0.490234 0.482633 0.490885 0.483547 0.491536 0.484461 0.491536 0.485375 0.492188 0.486289 0.492188 0.487203 0.491536 0.488117 0.492188 0.487203 0.492839 0.488117 0.493490 0.489031 0.493490 0.489945 0.493490 0.490859 0.493490 0.491773 0.493490 0.492687 0.494141 0.493601 0.493490 0.494516 0.494141 0.493601 0.494792 0.494516 0.495443 0.494516 0.496094 0.495430 0.496745 0.495430 0.497396 0.494516 0.498047 0.494516 0.498698 0.494516 0.499349 0.493601 0.500000 0.492687 0.500651 0.491773 0.501302 0.491773 0.501953 0.490859 0.502604 0.491773 0.502604 0.492687 0.503255 0.492687 0.502604 0.491773 0.501953 0.490859 0.501953 0.489945 0.501302 0.489945 0.500651 0.489945 0.500000 0.489031 0.499349 0.489031 0.498698 0.489031 0.498047 0.489031 0.497396 0.489031 0.496745 0.488117 0.496094 0.488117 0.495443 0.487203 0.494792 0.486289 0.494792 0.485375 0.494792 0.484461 0.495443 0.483547 0.495443 0.482633 0.495443 0.481718 0.496094 0.480804 0.496745 0.479890 0.497396 0.478976 0.498047 0.478976 0.498698 0.478062 0.499349 0.478976 0.500000 0.478976 0.500651 0.479890 0.501302 0.479890 0.501953 0.480804 0.502604 0.480804 0.503255 0.480804 0.503906 0.480804 0.504557 0.479890 0.505208 0.479890 0.505859 0.478976 0.506510 0.478062 0.507161 0.478062 0.507161 0.477148 0.507812 0.476234 0.508464 0.475320 0.509115 0.474406 0.509115 0.473492 0.509115 0.472578 0.509115 0.471664 0.508464 0.470750 0.508464 0.469835 0.508464 0.468921 0.508464 0.468007 0.508464 0.467093 0.508464 0.466179 0.508464 0.465265 0.509115 0.464351 0.509115 0.463437 0.509115 0.462523 0.509115 0.461609 0.509766 0.460695 0.509766 0.459781 0.509766 0.458867 0.509766 0.457952 0.510417 0.457038 0.511068 0.456124 0.511719 0.455210 0.512370 0.454296 0.512370 0.453382 0.512370 0.452468 0.511719 0.451554 0.511719 0.450640 0.511068 0.449726 0.511068 0.448812 0.511068 0.447898 0.510417 0.447898 0.509766 0.447898 0.509115 0.447898 0.508464 0.447898 0.507812 0.447898 0.507161 0.447898 0.506510 0.447898 0.505859 0.447898 0.505208 0.447898 0.504557 0.446984 0.505208 0.446069 0.505859 0.446069 0.506510 0.446069 0.507161 0.446069 0.507812 0.446069 0.508464 0.446069 0.509115 0.446069 0.509766 0.446069 0.510417 0.446069 0.510417 0.445155 0.511068 0.444241 0.511719 0.443327 0.511719 0.442413 0.512370 0.441499 0.513021 0.440585 0.513672 0.439671 0.514323 0.438757 0.514974 0.438757 0.515625 0.437843 0.516276 0.437843 0.516927 0.437843 0.517578 0.437843 0.517578 0.436929 0.518229 0.436015 0.518880 0.436929 0.519531 0.437843 0.520182 0.437843 0.520833 0.437843 0.521484 0.437843 0.522135 0.437843 0.522786 0.438757 0.523438 0.439671 0.524089 0.439671 0.523438 0.439671 0.522786 0.438757 0.522786 0.437843 0.522135 0.436929 0.522135 0.436015 0.522135 0.435101 0.522135 0.434186 0.522135 0.433272 0.522135 0.432358 0.522135 0.431444 0.522135 0.430530 0.522135 0.429616 0.522135 0.428702 0.522786 0.427788 0.522786 0.426874 0.523438 0.425960 0.524089 0.425046 0.524740 0.424132 0.525391 0.423218 0.526042 0.422303 0.526693 0.422303 0.526693 0.421389 0.527344 0.420475 0.527995 0.419561 0.528646 0.420475 0.527995 0.419561 0.527344 0.418647 0.527995 0.417733 0.527344 0.418647 0.526693 0.417733 0.526042 0.416819 0.526042 0.415905 0.526042 0.414991 0.526042 0.414077 0.526042 0.413163 0.526693 0.412249 0.527344 0.411335 0.527344 0.410420 0.527344 0.409506 0.527995 0.408592 0.527995 0.407678 0.528646 0.406764 0.529297 0.405850 0.529948 0.404936 0.530599 0.405850 0.529948 0.404936 0.530599 0.404022 0.531250 0.403108 0.531901 0.403108 0.531901 0.402194 0.531901 0.401280 0.532552 0.400366 0.531901 0.401280 0.531250 0.401280 0.530599 0.400366 0.529948 0.400366 0.529297 0.401280 0.528646 0.402194 0.527995 0.402194 0.527344 0.403108 0.527344 0.404022 0.526693 0.404936 0.526693 0.405850 0.526042 0.406764 0.525391 0.407678 0.524740 0.408592 0.524089 0.408592 0.523438 0.409506 0.522786 0.408592 0.522135 0.408592 0.521484 0.407678 0.520833 0.406764 0.520833 0.405850 0.520833 0.404936 0.520833 0.404022 0.521484 0.403108 0.522135 0.402194 0.522135 0.401280 0.522786 0.400366 0.523438 0.399452 0.524089 0.398537 0.524740 0.397623 0.525391 0.396709 0.526042 0.396709 0.526693 0.395795 0.527344 0.395795 0.527995 0.394881 0.528646 0.395795 0.527995 0.394881 0.528646 0.393967 0.529297 0.393053 0.529948 0.393053 0.530599 0.392139 0.531250 0.391225 0.531901 0.390311 0.532552 0.390311 0.533203 0.389397 0.533854 0.388483 0.534505 0.388483 0.535156 0.387569 0.535807 0.387569 0.536458 0.386654 0.537109 0.386654 0.537760 0.387569 0.537109 0.386654 0.537760 0.385740 0.537760 0.384826 0.538411 0.383912 0.538411 0.382998 0.538411 0.382084 0.537760 0.381170 0.537760 0.380256 0.537760 0.379342 0.537760 0.378428 0.537760 0.377514 0.537760 0.376600 0.538411 0.375686 0.538411 0.374771 0.539062 0.373857 0.539062 0.372943 0.539714 0.372029 0.539062 0.372943 0.538411 0.373857 0.537760 0.372943 0.538411 0.373857 0.537760 0.374771 0.537109 0.375686 0.536458 0.374771 0.537109 0.375686 0.537109 0.376600 0.536458 0.377514 0.536458 0.378428 0.535807 0.379342 0.535807 0.380256 0.535156 0.381170 0.534505 0.382084 0.533854 0.382998 0.533203 0.383912 0.532552 0.383912 0.531901 0.384826 0.531250 0.384826 0.530599 0.385740 0.529948 0.385740 0.529297 0.385740 0.528646 0.385740 0.527995 0.386654 0.527344 0.385740 0.527995 0.386654 0.527344 0.387569 0.526693 0.388483 0.526042 0.387569 0.526693 0.388483 0.526693 0.389397 0.526042 0.390311 0.525391 0.391225 0.525391 0.392139 0.525391 0.393053 0.524740 0.393967 0.524089 0.394881 0.523438 0.394881 0.522786 0.395795 0.522135 0.394881 0.521484 0.394881 0.520833 0.393967 0.520182 0.393053 0.520182 0.392139 0.520182 0.391225 0.520182 0.390311 0.519531 0.389397 0.519531 0.388483 0.519531 0.387569 0.518880 0.386654 0.518880 0.385740 0.518880 0.384826 0.518229 0.383912 0.518229 0.382998 0.518880 0.382084 0.518229 0.382998 0.517578 0.383912 0.516927 0.382998 0.516276 0.382998 0.516276 0.383912 0.516276 0.384826 0.516276 0.385740 0.515625 0.386654 0.515625 0.387569 0.515625 0.388483 0.515625 0.389397 0.515625 0.390311 0.515625 0.391225 0.515625 0.392139 0.515625 0.393053 0.515625 0.393967 0.515625 0.394881 0.514974 0.395795 0.514974 0.396709 0.514323 0.397623 0.514974 0.396709 0.515625 0.397623 0.516276 0.398537 0.516927 0.399452 0.516927 0.400366 0.516927 0.401280 0.516927 0.402194 0.516927 0.403108 0.516927 0.404022 0.517578 0.404936 0.517578 0.405850 0.517578 0.406764 0.517578 0.407678 0.518229 0.408592 0.518229 0.409506 0.518880 0.410420 0.518880 0.411335 0.518880 0.412249 0.518880 0.413163 0.518880 0.414077 0.518229 0.414991 0.517578 0.415905 0.516927 0.415905 0.516276 0.416819 0.515625 0.416819 0.514974 0.416819 0.514323 0.416819 0.513672 0.417733 0.513021 0.417733 0.512370 0.418647 0.511719 0.419561 0.511068 0.419561 0.510417 0.420475 0.509766 0.420475 0.509115 0.420475 0.508464 0.421389 0.507812 0.421389 0.507161 0.420475 0.506510 0.420475 0.505859 0.419561 0.505208 0.419561 0.504557 0.418647 0.503906 0.417733 0.503255 0.416819 0.503255 0.415905 0.503906 0.414991 0.503255 0.415905 0.502604 0.414991 0.501953 0.414077 0.501953 0.413163 0.502604 0.412249 0.501953 0.413163 0.501302 0.412249 0.500651 0.411335 0.500651 0.410420 0.500651 0.409506 0.500651 0.408592 0.500651 0.407678 0.500651 0.406764 0.500000 0.405850 0.500000 0.404936 0.500000 0.404022 0.500000 0.403108 0.500000 0.402194 0.500651 0.401280 0.501302 0.400366 0.501953 0.399452 0.502604 0.399452 0.503255 0.398537 0.503906 0.398537 0.504557 0.397623 0.505208 0.397623 0.505859 0.397623 0.506510 0.398537 0.505859 0.397623 0.505859 0.396709 0.506510 0.395795 0.507161 0.394881 0.507812 0.394881 0.507812 0.393967 0.508464 0.393053 0.508464 0.392139 0.508464 0.391225 0.509115 0.390311 0.509115 0.389397 0.509115 0.388483 0.509766 0.387569 0.510417 0.386654 0.511068 0.387569 0.510417 0.386654 0.511068 0.385740 0.510417 0.384826 0.510417 0.383912 0.509766 0.382998 0.509115 0.382084 0.508464 0.381170 0.508464 0.380256 0.508464 0.379342 0.508464 0.378428 0.508464 0.377514 0.508464 0.376600 0.509115 0.375686 0.509115 0.374771 0.509766 0.373857 0.510417 0.372943 0.510417 0.372029 0.510417 0.371115 0.510417 0.370201 0.510417 0.369287 0.511068 0.368373 0.511068 0.367459 0.511068 0.366545 0.511068 0.365631 0.511068 0.364717 0.511068 0.363803 0.511068 0.362888 0.511719 0.361974 0.512370 0.361060 0.512370 0.360146 0.512370 0.359232 0.513021 0.358318 0.513672 0.357404 0.514323 0.358318 0.513672 0.357404 0.513672 0.356490 0.514323 0.355576 0.514974 0.354662 0.515625 0.354662 0.516276 0.353748 0.516927 0.352834 0.517578 0.353748 0.516927 0.352834 0.516927 0.351920 0.516927 0.351005 0.516927 0.350091 0.516927 0.349177 0.516927 0.348263 0.516927 0.347349 0.517578 0.346435 0.518229 0.345521 0.518880 0.346435 0.518229 0.345521 0.518880 0.344607 0.519531 0.344607 0.520182 0.344607 0.520833 0.345521 0.521484 0.345521 0.522135 0.346435 0.522786 0.346435 0.523438 0.347349 0.524089 0.348263 0.524089 0.349177 0.524740 0.350091 0.524740 0.351005 0.524740 0.351920 0.524089 0.352834 0.524089 0.353748 0.524089 0.354662 0.524089 0.355576 0.523438 0.356490 0.523438 0.357404 0.522786 0.358318 0.522786 0.359232 0.522135 0.360146 0.521484 0.360146 0.521484 0.361060 0.522135 0.360146 0.522786 0.359232 0.523438 0.359232 0.524089 0.360146 0.524740 0.360146 0.525391 0.361060 0.526042 0.361974 0.525391 0.362888 0.526042 0.361974 0.526693 0.362888 0.527344 0.363803 0.527344 0.364717 0.527344 0.365631 0.527344 0.366545 0.527344 0.367459 0.527344 0.368373 0.526693 0.369287 0.526042 0.370201 0.525391 0.371115 0.524740 0.371115 0.524089 0.372029 0.523438 0.371115 0.522786 0.371115 0.522135 0.370201 0.521484 0.371115 0.520833 0.371115 0.520182 0.370201 0.519531 0.371115 0.519531 0.372029 0.519531 0.372943 0.520182 0.373857 0.520182 0.374771 0.520182 0.375686 0.519531 0.376600 0.518880 0.376600 0.519531 0.376600 0.520182 0.375686 0.520833 0.376600 0.521484 0.376600 0.522135 0.376600 0.522786 0.376600 0.523438 0.377514 0.524089 0.377514 0.524740 0.377514 0.525391 0.377514 0.526042 0.376600 0.526693 0.376600 0.527344 0.376600 0.527995 0.376600 0.528646 0.375686 0.528646 0.374771 0.528646 0.373857 0.528646 0.372943 0.529297 0.372029 0.529948 0.371115 0.530599 0.372029 0.529948 0.371115 0.530599 0.370201 0.530599 0.369287 0.531250 0.368373 0.531901 0.367459 0.531901 0.366545 0.531901 0.365631 0.532552 0.364717 0.533203 0.363803 0.533854 0.362888 0.534505 0.361974 0.535156 0.362888 0.534505 0.361974 0.534505 0.361060 0.535156 0.360146 0.535807 0.359232 0.536458 0.359232 0.537109 0.358318 0.537760 0.359232 0.538411 0.360146 0.537760 0.359232 0.538411 0.358318 0.538411 0.357404 0.538411 0.356490 0.538411 0.355576 0.538411 0.354662 0.539062 0.353748 0.539714 0.352834 0.540365 0.351920 0.541016 0.351920 0.541667 0.351005 0.542318 0.350091 0.542969 0.350091 0.543620 0.349177 0.544271 0.349177 0.544922 0.348263 0.545573 0.348263 0.546224 0.348263 0.546875 0.348263 0.547526 0.347349 0.548177 0.347349 0.548828 0.348263 0.549479 0.348263 0.550130 0.349177 0.550781 0.350091 0.551432 0.351005 0.551432 0.351920 0.551432 0.352834 0.551432 0.353748 0.551432 0.354662 0.550781 0.355576 0.550781 0.356490 0.550781 0.357404 0.550781 0.358318 0.550781 0.359232 0.550130 0.360146 0.550781 0.359232 0.551432 0.359232 0.552083 0.360146 0.552734 0.360146 0.553385 0.361060 0.553385 0.361974 0.553385 0.361060 0.552734 0.360146 0.552734 0.359232 0.552734 0.358318 0.553385 0.357404 0.553385 0.356490 0.554036 0.355576 0.554688 0.354662 0.555339 0.355576 0.554688 0.354662 0.554688 0.353748 0.554688 0.352834 0.555339 0.351920 0.555990 0.351005 0.556641 0.350091 0.557292 0.350091 0.557292 0.349177 0.557292 0.348263 0.557292 0.347349 0.557292 0.346435 0.557292 0.345521 0.557943 0.344607 0.558594 0.345521 0.558594 0.346435 0.558594 0.347349 0.558594 0.348263 0.558594 0.349177 0.559245 0.349177 0.559896 0.349177 0.560547 0.350091 0.561198 0.350091 0.561849 0.349177 0.562500 0.349177 0.563151 0.350091 0.563802 0.350091 0.564453 0.350091 0.565104 0.350091 0.565755 0.350091 0.566406 0.350091 0.567057 0.351005 0.567708 0.350091 0.568359 0.350091 0.569010 0.350091 0.569661 0.350091 0.570312 0.349177 0.570964 0.350091 0.571615 0.350091 0.572266 0.349177 0.572917 0.349177 0.573568 0.349177 0.574219 0.350091 0.574870 0.350091 0.575521 0.351005 0.576172 0.351920 0.576172 0.352834 0.576172 0.353748 0.576172 0.354662 0.576172 0.355576 0.576823 0.356490 0.576823 0.357404 0.576823 0.358318 0.576172 0.359232 0.576823 0.358318 0.577474 0.358318 0.578125 0.358318 0.578776 0.357404 0.579427 0.357404 0.580078 0.357404 0.580729 0.357404 0.581380 0.356490 0.582031 0.355576 0.582682 0.356490 0.582031 0.355576 0.582682 0.354662 0.583333 0.353748 0.583333 0.352834 0.583333 0.351920 0.583984 0.351005 0.583984 0.350091 0.584635 0.349177 0.585286 0.348263 0.585938 0.348263 0.586589 0.347349 0.587240 0.348263 0.587891 0.348263 0.588542 0.348263 0.589193 0.349177 0.589844 0.349177 0.590495 0.349177 0.591146 0.349177 0.591797 0.349177 0.592448 0.349177 0.593099 0.348263 0.593750 0.348263 0.594401 0.348263 0.595052 0.347349 0.595703 0.347349 0.596354 0.346435 0.596354 0.345521 0.596354 0.344607 0.597005 0.343693 0.597656 0.344607 0.597656 0.345521 0.597656 0.346435 0.597656 0.347349 0.598307 0.347349 0.598958 0.348263 0.599609 0.349177 0.600260 0.349177 0.600911 0.350091 0.601562 0.351005 0.602214 0.351920 0.602214 0.352834 0.602214 0.353748 0.602214 0.354662 0.601562 0.355576 0.600911 0.356490 0.600260 0.357404 0.599609 0.358318 0.598958 0.358318 0.598307 0.359232 0.597656 0.358318 0.598307 0.359232 0.598307 0.360146 0.598307 0.361060 0.598958 0.361974 0.598958 0.362888 0.598958 0.363803 0.598307 0.364717 0.598307 0.365631 0.598307 0.366545 0.598307 0.367459 0.597656 0.368373 0.598307 0.369287 0.598307 0.370201 0.598307 0.371115 0.598307 0.372029 0.598307 0.372943 0.598307 0.373857 0.598307 0.374771 0.598307 0.375686 0.597656 0.376600 0.597656 0.377514 0.597656 0.378428 0.597005 0.379342 0.597005 0.380256 0.597005 0.381170 0.596354 0.382084 0.595703 0.382998 0.595052 0.383912 0.594401 0.384826 0.593750 0.383912 0.593099 0.383912 0.592448 0.382998 0.591797 0.382084 0.591146 0.382998 0.591146 0.383912 0.591146 0.384826 0.591146 0.385740 0.591797 0.386654 0.591797 0.387569 0.591797 0.388483 0.591797 0.389397 0.591797 0.390311 0.591797 0.391225 0.591146 0.392139 0.590495 0.393053 0.589844 0.393967 0.589193 0.393967 0.589193 0.394881 0.589193 0.395795 0.588542 0.396709 0.587891 0.397623 0.587240 0.396709 0.587891 0.397623 0.587240 0.398537 0.587240 0.399452 0.586589 0.400366 0.586589 0.401280 0.586589 0.402194 0.585938 0.403108 0.585938 0.404022 0.585938 0.404936 0.585938 0.405850 0.585286 0.406764 0.585938 0.405850 0.586589 0.406764 0.587240 0.406764 0.587891 0.407678 0.588542 0.407678 0.589193 0.408592 0.589844 0.409506 0.589193 0.408592 0.589844 0.407678 0.590495 0.406764 0.590495 0.405850 0.590495 0.404936 0.589844 0.404022 0.589844 0.403108 0.589844 0.402194 0.589844 0.401280 0.589844 0.400366 0.589844 0.399452 0.590495 0.398537 0.591146 0.397623 0.591797 0.397623 0.592448 0.396709 0.593099 0.396709 0.593750 0.397623 0.594401 0.396709 0.595052 0.396709 0.595703 0.396709 0.596354 0.395795 0.597005 0.396709 0.597656 0.396709 0.598307 0.397623 0.598958 0.398537 0.598307 0.399452 0.598958 0.398537 0.599609 0.399452 0.600260 0.400366 0.600911 0.399452 0.601562 0.399452 0.602214 0.398537 0.602865 0.398537 0.603516 0.397623 0.604167 0.397623 0.604818 0.397623 0.605469 0.398537 0.606120 0.397623 0.606771 0.397623 0.606771 0.396709 0.607422 0.395795 0.607422 0.394881 0.608073 0.393967 0.608724 0.393053 0.608073 0.392139 0.608073 0.391225 0.608073 0.390311 0.608073 0.389397 0.608724 0.388483 0.608073 0.389397 0.607422 0.388483 0.606771 0.387569 0.606120 0.387569 0.605469 0.386654 0.604818 0.386654 0.604167 0.386654 0.603516 0.385740 0.602865 0.385740 0.602214 0.384826 0.601562 0.383912 0.602214 0.382998 0.601562 0.383912 0.600911 0.382998 0.600260 0.382084 0.600260 0.381170 0.600260 0.380256 0.600911 0.379342 0.601562 0.378428 0.601562 0.377514 0.602214 0.376600 0.602865 0.375686 0.603516 0.375686 0.604167 0.374771 0.604818 0.374771 0.605469 0.373857 0.606120 0.374771 0.605469 0.373857 0.604818 0.374771 0.604167 0.373857 0.603516 0.372943 0.602865 0.372029 0.602214 0.371115 0.601562 0.370201 0.601562 0.369287 0.602214 0.368373 0.601562 0.367459 0.602214 0.366545 0.602214 0.365631 0.602214 0.364717 0.602214 0.363803 0.602214 0.362888 0.602214 0.361974 0.602865 0.361060 0.603516 0.360146 0.604167 0.360146 0.604167 0.359232 0.604818 0.358318 0.605469 0.357404 0.606120 0.358318 0.605469 0.357404 0.606120 0.356490 0.606771 0.355576 0.607422 0.354662 0.608073 0.354662 0.608724 0.353748 0.609375 0.353748 0.610026 0.353748 0.610677 0.353748 0.611328 0.353748 0.611979 0.354662 0.612630 0.354662 0.613281 0.355576 0.613932 0.356490 0.614583 0.357404 0.614583 0.358318 0.614583 0.359232 0.614583 0.360146 0.613932 0.361060 0.614583 0.360146 0.615234 0.361060 0.615885 0.361974 0.615885 0.362888 0.615885 0.363803 0.615885 0.364717 0.615234 0.365631 0.615234 0.366545 0.615234 0.367459 0.614583 0.368373 0.613932 0.369287 0.613281 0.369287 0.612630 0.370201 0.611979 0.371115 0.611328 0.370201 0.611979 0.371115 0.611979 0.372029 0.611328 0.372943 0.610677 0.373857 0.610026 0.374771 0.609375 0.374771 0.609375 0.375686 0.609375 0.376600 0.609375 0.377514 0.609375 0.378428 0.610026 0.379342 0.610026 0.380256 0.609375 0.381170 0.610026 0.380256 0.610677 0.381170 0.611328 0.382084 0.610677 0.382998 0.611328 0.382084 0.611979 0.382998 0.612630 0.383912 0.612630 0.384826 0.613281 0.385740 0.613281 0.386654 0.612630 0.387569 0.613281 0.386654 0.613932 0.386654 0.614583 0.387569 0.615234 0.387569 0.615885 0.388483 0.616536 0.388483 0.617188 0.388483 0.617839 0.387569 0.618490 0.387569 0.619141 0.388483 0.619792 0.388483 0.620443 0.389397 0.621094 0.390311 0.621745 0.391225 0.621745 0.392139 0.621745 0.393053 0.621745 0.393967 0.621745 0.394881 0.621745 0.395795 0.621094 0.396709 0.620443 0.397623 0.619792 0.397623 0.619141 0.398537 0.618490 0.397623 0.619141 0.398537 0.619141 0.399452 0.618490 0.400366 0.617839 0.401280 0.617188 0.400366 0.617839 0.401280 0.617188 0.402194 0.617188 0.403108 0.617188 0.404022 0.617188 0.404936 0.617188 0.405850 0.616536 0.406764 0.616536 0.407678 0.615885 0.408592 0.616536 0.409506 0.617188 0.410420 0.616536 0.411335 0.616536 0.412249 0.616536 0.411335 0.617188 0.410420 0.617839 0.410420 0.618490 0.410420 0.619141 0.410420 0.619792 0.410420 0.619792 0.409506 0.619792 0.408592 0.619792 0.407678 0.619792 0.406764 0.620443 0.405850 0.620443 0.404936 0.621094 0.404022 0.621094 0.403108 0.621745 0.402194 0.622396 0.401280 0.623047 0.400366 0.623698 0.399452 0.624349 0.399452 0.625000 0.398537 0.625651 0.399452 0.626302 0.398537 0.626953 0.399452 0.627604 0.399452 0.628255 0.398537 0.628906 0.399452 0.629557 0.399452 0.628906 0.399452 0.628255 0.398537 0.627604 0.397623 0.627604 0.396709 0.627604 0.395795 0.628255 0.394881 0.628906 0.393967 0.629557 0.393967 0.630208 0.393053 0.630859 0.393053 0.631510 0.392139 0.632161 0.393053 0.632812 0.392139 0.633464 0.393053 0.634115 0.393053 0.634766 0.393053 0.635417 0.393967 0.636068 0.393053 0.636719 0.393053 0.637370 0.393053 0.638021 0.393053 0.638672 0.393053 0.639323 0.393967 0.639974 0.393053 0.640625 0.393053 0.641276 0.393053 0.641927 0.393053 0.642578 0.393053 0.643229 0.393053 0.643880 0.393053 0.644531 0.393967 0.645182 0.393053 0.645833 0.393967 0.646484 0.393053 0.647135 0.393053 0.647786 0.393967 0.648438 0.393967 0.649089 0.393967 0.649740 0.393967 0.650391 0.393967 0.651042 0.393967 0.651693 0.394881 0.652344 0.394881 0.652995 0.394881 0.653646 0.395795 0.654297 0.394881 0.654948 0.394881 0.655599 0.394881 0.656250 0.393967 0.656901 0.394881 0.657552 0.394881 0.658203 0.393967 0.658854 0.393967 0.659505 0.393053 0.660156 0.393053 0.660807 0.393053 0.661458 0.393967 0.662109 0.393053 0.662760 0.393967 0.663411 0.393967 0.664062 0.393967 0.664714 0.393967 0.665365 0.393967 0.666016 0.393967 0.666667 0.393967 0.667318 0.393967 0.667969 0.393967 0.668620 0.393967 0.669271 0.394881 0.669922 0.394881 0.670573 0.393967 0.671224 0.393967 0.671875 0.393967 0.672526 0.393967 0.673177 0.393967 0.673828 0.393967 0.674479 0.393967 0.675130 0.393967 0.675781 0.394881 0.676432 0.394881 0.677083 0.395795 0.677734 0.395795 0.678385 0.395795 0.679036 0.395795 0.679688 0.394881 0.680339 0.395795 0.680990 0.395795 0.681641 0.395795 0.682292 0.394881 0.682943 0.395795 0.683594 0.395795 0.684245 0.395795 0.684896 0.395795 0.685547 0.394881 0.686198 0.395795 0.686849 0.394881 0.687500 0.394881 0.688151 0.394881 0.688802 0.394881 0.689453 0.393967 0.690104 0.394881 0.690755 0.393967 0.691406 0.394881 0.692057 0.394881 0.692708 0.394881 0.693359 0.393967 0.694010 0.394881 0.694661 0.394881 0.695312 0.393967 0.695964 0.393967 0.696615 0.393967 0.697266 0.394881 0.697917 0.394881 0.698568 0.393967 0.699219 0.393967 0.699870 0.393967 0.700521 0.394881 0.701172 0.394881 0.701823 0.393967 0.702474 0.393967 0.703125 0.394881 0.703776 0.394881 0.704427 0.393967 0.705078 0.394881 0.705729 0.394881 0.706380 0.395795 0.707031 0.395795 0.707682 0.395795 0.708333 0.395795 0.708984 0.395795 0.709635 0.395795 0.710286 0.395795 0.710938 0.395795 0.711589 0.396709 0.712240 0.395795 0.712891 0.395795 0.713542 0.396709 0.714193 0.395795 0.714844 0.395795 0.715495 0.394881 0.716146 0.394881 0.716797 0.394881 0.717448 0.394881 0.718099 0.393967 0.718750 0.394881 0.719401 0.394881 0.720052 0.394881 0.720703 0.393967 0.721354 0.393967 0.722005 0.393967 0.722656 0.394881 0.723307 0.394881 0.723958 0.394881 0.724609 0.394881 0.725260 0.394881 0.725911 0.395795 0.726562 0.394881 0.727214 0.394881 0.727865 0.394881 0.728516 0.394881 0.729167 0.393967 0.729818 0.394881 0.730469 0.394881 0.731120 0.395795 0.731771 0.396709 0.732422 0.397623 0.731771 0.398537 0.732422 0.397623 0.733073 0.396709 0.733724 0.397623 0.734375 0.396709 0.735026 0.396709 0.735677 0.395795 0.736328 0.395795 0.736979 0.395795 0.737630 0.394881 0.738281 0.394881 0.738932 0.394881 0.739583 0.394881 0.740234 0.394881 0.740885 0.394881 0.741536 0.395795 0.742188 0.395795 0.742839 0.395795 0.743490 0.395795 0.744141 0.395795 0.744792 0.394881 0.745443 0.394881 0.746094 0.393967 0.746745 0.394881 0.747396 0.394881 0.748047 0.394881 0.748698 0.394881 0.749349 0.394881 0.750000 0.393967 0.750651 0.394881 0.751302 0.394881 0.751953 0.394881 0.752604 0.394881 0.753255 0.394881 0.753906 0.394881 0.754557 0.395795 0.755208 0.394881 0.755859 0.394881 0.756510 0.395795 0.757161 0.395795 0.757812 0.394881 0.758464 0.394881 0.759115 0.394881 0.759766 0.394881 0.760417 0.394881 0.761068 0.394881 0.761719 0.394881 0.762370 0.395795 0.763021 0.395795 0.763672 0.395795 0.764323 0.395795 0.764974 0.396709 0.765625 0.396709 0.766276 0.396709 0.766927 0.396709 0.767578 0.396709 0.768229 0.396709 0.768880 0.396709 0.769531 0.397623 0.770182 0.398537 0.769531 0.397623 0.770182 0.396709 0.770833 0.395795 0.771484 0.395795 0.772135 0.394881 0.772786 0.394881 0.773438 0.393967 0.774089 0.393967 0.774740 0.393967 0.775391 0.393967 0.776042 0.393967 0.776693 0.393967 0.777344 0.393967 0.777995 0.393967 0.778646 0.394881 0.779297 0.393967 0.779948 0.393967 0.780599 0.394881 0.781250 0.393967 0.781901 0.393967 0.782552 0.394881 0.783203 0.394881 0.783854 0.393967 0.784505 0.394881 0.785156 0.393967 0.785807 0.393967 0.786458 0.393967 0.787109 0.393967 0.787760 0.393967 0.788411 0.393967 0.789062 0.393967 0.789714 0.394881 0.790365 0.394881 0.791016 0.394881 0.791667 0.394881 0.792318 0.395795 0.792969 0.395795 0.793620 0.394881 0.794271 0.394881 0.794922 0.394881 0.795573 0.394881 0.796224 0.394881 0.796875 0.394881 0.797526 0.393967 0.798177 0.394881 0.798828 0.394881 0.799479 0.393967 0.800130 0.393967 0.800781 0.393967 0.801432 0.394881 0.802083 0.394881 0.802734 0.395795 0.803385 0.396709 0.803385 0.397623 0.803385 0.398537 0.802734 0.399452 0.802083 0.400366 0.801432 0.401280 0.802083 0.400366 0.802734 0.400366 0.803385 0.400366 0.804036 0.399452 0.804688 0.400366 0.804036 0.399452 0.804036 0.398537 0.804688 0.397623 0.804688 0.396709 0.805339 0.395795 0.805990 0.394881 0.806641 0.394881 0.807292 0.393967 0.807943 0.393967 0.808594 0.393967 0.809245 0.393967 0.809896 0.393967 0.810547 0.393967 0.811198 0.393967 0.811849 0.393053 0.812500 0.393967 0.813151 0.393967 0.813802 0.393967 0.814453 0.393967 0.815104 0.393967 0.815755 0.393967 0.816406 0.393053 0.817057 0.393967 0.817708 0.393967 0.818359 0.394881 0.819010 0.394881 0.819661 0.393967 0.820312 0.393967 0.820964 0.393967 0.821615 0.394881 0.822266 0.393967 0.822917 0.393967 0.823568 0.393967 0.824219 0.394881 0.824870 0.394881 0.825521 0.394881 0.826172 0.395795 0.826823 0.395795 0.827474 0.395795 0.828125 0.396709 0.827474 0.395795 0.828125 0.394881 0.828776 0.393967 0.829427 0.393967 0.830078 0.393053 0.830729 0.393053 0.831380 0.393053 0.832031 0.393053 0.832682 0.393053 0.833333 0.393053 0.833984 0.393053 0.834635 0.393053 0.835286 0.393053 0.835938 0.393053 0.836589 0.393053 0.837240 0.393053 0.837891 0.393053 0.838542 0.393053 0.839193 0.393053 0.839844 0.393053 0.840495 0.393053 0.841146 0.393053 0.841797 0.393053 0.842448 0.393053 0.843099 0.393053 0.843750 0.393053 0.844401 0.393053 0.845052 0.393053 0.845703 0.393053 0.846354 0.393967 0.847005 0.393053 0.847656 0.393053 0.848307 0.393967 0.848958 0.393967 0.849609 0.394881 0.850260 0.394881 0.850911 0.395795 0.851562 0.396709 0.852214 0.395795 0.852865 0.395795 0.853516 0.394881 0.854167 0.393967 0.854818 0.393967 0.855469 0.393053 0.856120 0.393053 0.856771 0.393053 0.857422 0.393053 0.858073 0.392139 0.858724 0.392139 0.859375 0.392139 0.860026 0.392139 0.860677 0.392139 0.861328 0.392139 0.861979 0.392139 0.862630 0.392139 0.863281 0.392139 0.863932 0.392139 0.864583 0.392139 0.865234 0.392139 0.865885 0.392139 0.866536 0.392139 0.867188 0.392139 0.867839 0.393053 0.868490 0.393053 0.869141 0.393967 0.869792 0.394881 0.870443 0.395795 0.871094 0.396709 0.870443 0.397623 0.871094 0.396709 0.871745 0.397623 0.872396 0.397623 0.873047 0.397623 0.873698 0.396709 0.874349 0.396709 0.875000 0.395795 0.875651 0.395795 0.876302 0.394881 0.876953 0.393967 0.877604 0.393967 0.878255 0.393053 0.878906 0.393053 0.879557 0.393967 0.880208 0.393053 0.880859 0.393053 0.881510 0.393053 0.882161 0.393053 0.882812 0.393053 0.883464 0.392139 0.884115 0.392139 0.884766 0.393053 0.885417 0.393053 0.886068 0.393967 0.886719 0.393967 0.887370 0.394881 0.888021 0.395795 0.888672 0.396709 0.888672 0.397623 0.889323 0.398537 0.889323 0.399452 0.889974 0.399452 0.890625 0.399452 0.891276 0.400366 0.890625 0.401280 0.889974 0.401280 0.889974 0.402194 0.889974 0.403108 0.889974 0.404022 0.889974 0.404936 0.889974 0.405850 0.889974 0.406764 0.890625 0.407678 0.891276 0.408592 0.891276 0.409506 0.891276 0.410420 0.891927 0.410420 0.892578 0.409506 0.893229 0.409506 0.893880 0.408592 0.894531 0.408592 0.895182 0.408592 0.895833 0.409506 0.896484 0.409506 0.897135 0.410420 0.897786 0.410420 0.898438 0.411335 0.899089 0.411335 0.899740 0.412249 0.900391 0.411335 0.901042 0.412249 0.901042 0.413163 0.901693 0.414077 0.901042 0.414991 0.901693 0.414077 0.902344 0.414991 0.902995 0.415905 0.903646 0.416819 0.903646 0.417733 0.903646 0.418647 0.902995 0.419561 0.902344 0.420475 0.901693 0.421389 0.901042 0.421389 0.900391 0.422303 0.899740 0.421389 0.899089 0.421389 0.898438 0.421389 0.897786 0.421389 0.897135 0.421389 0.896484 0.421389 0.895833 0.421389 0.895182 0.421389 0.894531 0.420475 0.893880 0.420475 0.893229 0.419561 0.892578 0.418647 0.891927 0.417733 0.891276 0.416819 0.891927 0.415905 0.891927 0.414991 0.891927 0.414077 0.891927 0.413163 0.891927 0.412249 0.891276 0.412249 0.891276 0.413163 0.891276 0.414077 0.891276 0.414991 0.891927 0.415905 0.891276 0.416819 0.890625 0.417733 0.889974 0.418647 0.889323 0.419561 0.888672 0.419561 0.888021 0.420475 0.887370 0.420475 0.886719 0.421389 0.886068 0.421389 0.885417 0.421389 0.884766 0.421389 0.884115 0.421389 0.883464 0.421389 0.882812 0.421389 0.882161 0.421389 0.881510 0.421389 0.880859 0.421389 0.880208 0.421389 0.879557 0.420475 0.878906 0.420475 0.878255 0.419561 0.877604 0.418647 0.876953 0.417733 0.876953 0.416819 0.876953 0.415905 0.876302 0.414991 0.876302 0.414077 0.875651 0.413163 0.875651 0.412249 0.875651 0.411335 0.875000 0.410420 0.875651 0.409506 0.875651 0.408592 0.875651 0.409506 0.875000 0.410420 0.874349 0.409506 0.873698 0.408592 0.874349 0.409506 0.874349 0.410420 0.873698 0.411335 0.873047 0.412249 0.872396 0.411335 0.873047 0.412249 0.873047 0.413163 0.873047 0.414077 0.873047 0.414991 0.873047 0.415905 0.872396 0.416819 0.872396 0.417733 0.872396 0.418647 0.871745 0.419561 0.871094 0.420475 0.870443 0.420475 0.869792 0.421389 0.869141 0.421389 0.868490 0.421389 0.867839 0.421389 0.867188 0.421389 0.866536 0.421389 0.865885 0.421389 0.865234 0.421389 0.864583 0.421389 0.863932 0.421389 0.863281 0.420475 0.862630 0.420475 0.861979 0.420475 0.861328 0.420475 0.860677 0.420475 0.860026 0.420475 0.859375 0.420475 0.858724 0.420475 0.858073 0.421389 0.857422 0.421389 0.856771 0.420475 0.856120 0.420475 0.855469 0.420475 0.854818 0.420475 0.854167 0.420475 0.853516 0.420475 0.852865 0.420475 0.852214 0.420475 0.851562 0.420475 0.850911 0.419561 0.850260 0.420475 0.849609 0.420475 0.848958 0.420475 0.848307 0.420475 0.847656 0.419561 0.847005 0.420475 0.846354 0.420475 0.845703 0.420475 0.845052 0.420475 0.844401 0.420475 0.843750 0.420475 0.843099 0.420475 0.842448 0.419561 0.841797 0.420475 0.841146 0.420475 0.840495 0.420475 0.839844 0.420475 0.839193 0.420475 0.838542 0.420475 0.837891 0.420475 0.837240 0.420475 0.836589 0.420475 0.835938 0.420475 0.835286 0.420475 0.834635 0.420475 0.833984 0.420475 0.833333 0.420475 0.832682 0.420475 0.832031 0.420475 0.831380 0.420475 0.830729 0.420475 0.830078 0.420475 0.829427 0.419561 0.828776 0.419561 0.828125 0.418647 0.827474 0.417733 0.828125 0.416819 0.827474 0.417733 0.826823 0.417733 0.826172 0.417733 0.825521 0.417733 0.824870 0.417733 0.824219 0.417733 0.823568 0.417733 0.822917 0.418647 0.822266 0.418647 0.821615 0.418647 0.820964 0.419561 0.820312 0.419561 0.819661 0.420475 0.819010 0.420475 0.818359 0.420475 0.817708 0.420475 0.817057 0.420475 0.816406 0.420475 0.815755 0.420475 0.815104 0.420475 0.814453 0.420475 0.813802 0.420475 0.813151 0.420475 0.812500 0.420475 0.811849 0.420475 0.811198 0.420475 0.810547 0.420475 0.809896 0.420475 0.809245 0.420475 0.808594 0.420475 0.807943 0.420475 0.807292 0.420475 0.806641 0.420475 0.805990 0.420475 0.805339 0.420475 0.804688 0.420475 0.804036 0.420475 0.803385 0.420475 0.802734 0.420475 0.802083 0.420475 0.801432 0.420475 0.800781 0.420475 0.800130 0.419561 0.799479 0.419561 0.798828 0.419561 0.798177 0.418647 0.797526 0.418647 0.796875 0.418647 0.796224 0.419561 0.795573 0.418647 0.794922 0.419561 0.794271 0.419561 0.793620 0.419561 0.792969 0.419561 0.792318 0.419561 0.791667 0.420475 0.791016 0.420475 0.790365 0.420475 0.789714 0.420475 0.789062 0.420475 0.788411 0.419561 0.787760 0.419561 0.787109 0.419561 0.786458 0.419561 0.785807 0.419561 0.785156 0.420475 0.784505 0.419561 0.783854 0.419561 0.783203 0.418647 0.782552 0.419561 0.781901 0.419561 0.781250 0.419561 0.780599 0.419561 0.779948 0.419561 0.779297 0.419561 0.778646 0.419561 0.777995 0.419561 0.777344 0.419561 0.776693 0.420475 0.776042 0.420475 0.775391 0.420475 0.774740 0.420475 0.774089 0.420475 0.773438 0.420475 0.772786 0.420475 0.772135 0.419561 0.771484 0.419561 0.770833 0.418647 0.770182 0.418647 0.769531 0.418647 0.768880 0.418647 0.768229 0.418647 0.767578 0.418647 0.766927 0.418647 0.766276 0.418647 0.765625 0.418647 0.764974 0.418647 0.764323 0.418647 0.763672 0.418647 0.763021 0.419561 0.762370 0.419561 0.761719 0.419561 0.761068 0.419561 0.760417 0.419561 0.759766 0.419561 0.759115 0.419561 0.758464 0.419561 0.757812 0.419561 0.757161 0.419561 0.756510 0.419561 0.755859 0.419561 0.755208 0.419561 0.754557 0.419561 0.753906 0.419561 0.753255 0.419561 0.752604 0.419561 0.751953 0.419561 0.751302 0.419561 0.750651 0.419561 0.750000 0.419561 0.749349 0.419561 0.748698 0.419561 0.748047 0.419561 0.747396 0.420475 0.746745 0.419561 0.746094 0.419561 0.745443 0.419561 0.744792 0.419561 0.744141 0.419561 0.743490 0.418647 0.742839 0.418647 0.742188 0.417733 0.741536 0.418647 0.740885 0.417733 0.740234 0.417733 0.739583 0.418647 0.738932 0.418647 0.738281 0.419561 0.737630 0.418647 0.736979 0.418647 0.736328 0.418647 0.735677 0.419561 0.735026 0.419561 0.734375 0.419561 0.733724 0.419561 0.733073 0.419561 0.732422 0.419561 0.731771 0.419561 0.731120 0.419561 0.730469 0.419561 0.729818 0.419561 0.729167 0.419561 0.728516 0.419561 0.727865 0.419561 0.727214 0.419561 0.726562 0.419561 0.725911 0.419561 0.725260 0.419561 0.724609 0.419561 0.723958 0.419561 0.723307 0.419561 0.722656 0.419561 0.722005 0.419561 0.721354 0.419561 0.720703 0.420475 0.720052 0.419561 0.719401 0.419561 0.718750 0.419561 0.718099 0.419561 0.717448 0.419561 0.716797 0.419561 0.716146 0.419561 0.715495 0.419561 0.714844 0.419561 0.714193 0.418647 0.713542 0.419561 0.712891 0.418647 0.712240 0.418647 0.711589 0.419561 0.710938 0.418647 0.710286 0.418647 0.709635 0.418647 0.708984 0.418647 0.708333 0.418647 0.707682 0.419561 0.707031 0.418647 0.706380 0.418647 0.705729 0.418647 0.705078 0.419561 0.704427 0.419561 0.703776 0.419561 0.703125 0.419561 0.702474 0.419561 0.701823 0.419561 0.701172 0.419561 0.700521 0.419561 0.699870 0.419561 0.699219 0.419561 0.698568 0.419561 0.697917 0.419561 0.697266 0.419561 0.696615 0.419561 0.695964 0.419561 0.695312 0.419561 0.694661 0.419561 0.694010 0.419561 0.693359 0.420475 0.692708 0.419561 0.692057 0.419561 0.691406 0.420475 0.690755 0.419561 0.690104 0.419561 0.689453 0.419561 0.688802 0.420475 0.688151 0.419561 0.687500 0.419561 0.686849 0.419561 0.686198 0.419561 0.685547 0.419561 0.684896 0.418647 0.684245 0.419561 0.683594 0.419561 0.682943 0.419561 0.682292 0.418647 0.681641 0.418647 0.680990 0.418647 0.680339 0.418647 0.679688 0.419561 0.679036 0.419561 0.678385 0.419561 0.677734 0.419561 0.677083 0.419561 0.676432 0.419561 0.675781 0.419561 0.675130 0.419561 0.674479 0.419561 0.673828 0.419561 0.673177 0.419561 0.672526 0.419561 0.671875 0.419561 0.671224 0.419561 0.670573 0.420475 0.669922 0.419561 0.669271 0.419561 0.668620 0.419561 0.667969 0.420475 0.667318 0.420475 0.666667 0.420475 0.666016 0.419561 0.665365 0.420475 0.664714 0.419561 0.664062 0.420475 0.663411 0.420475 0.662760 0.420475 0.662109 0.420475 0.661458 0.420475 0.660807 0.420475 0.660156 0.420475 0.659505 0.420475 0.658854 0.420475 0.658203 0.420475 0.657552 0.420475 0.656901 0.419561 0.656250 0.419561 0.655599 0.419561 0.654948 0.419561 0.654297 0.419561 0.653646 0.418647 0.652995 0.419561 0.652344 0.418647 0.651693 0.418647 0.651042 0.419561 0.650391 0.419561 0.649740 0.419561 0.649089 0.419561 0.648438 0.419561 0.647786 0.419561 0.647135 0.419561 0.646484 0.420475 0.645833 0.420475 0.645182 0.420475 0.644531 0.420475 0.643880 0.420475 0.643229 0.420475 0.642578 0.420475 0.641927 0.420475 0.641276 0.420475 0.640625 0.420475 0.639974 0.420475 0.639323 0.419561 0.638672 0.419561 0.638021 0.418647 0.637370 0.417733 0.637370 0.416819 0.636719 0.415905 0.636719 0.414991 0.636068 0.414991 0.635417 0.415905 0.634766 0.414991 0.635417 0.415905 0.635417 0.416819 0.635417 0.417733 0.634766 0.418647 0.634115 0.419561 0.633464 0.419561 0.632812 0.420475 0.632161 0.420475 0.631510 0.421389 0.630859 0.421389 0.630208 0.421389 0.629557 0.421389 0.628906 0.422303 0.628255 0.421389 0.627604 0.421389 0.626953 0.420475 0.626302 0.420475 0.625651 0.419561 0.625000 0.419561 0.624349 0.419561 0.623698 0.419561 0.623047 0.419561 0.622396 0.419561 0.621745 0.418647 0.621094 0.418647 0.620443 0.418647 0.619792 0.419561 0.619141 0.420475 0.618490 0.420475 0.617839 0.421389 0.617188 0.421389 0.616536 0.422303 0.615885 0.422303 0.615234 0.423218 0.614583 0.423218 0.613932 0.424132 0.613281 0.425046 0.612630 0.424132 0.613281 0.425046 0.612630 0.425960 0.611979 0.426874 0.611328 0.427788 0.610677 0.427788 0.610026 0.428702 0.609375 0.428702 0.608724 0.429616 0.608724 0.430530 0.608724 0.431444 0.608724 0.432358 0.608724 0.433272 0.608073 0.434186 0.607422 0.435101 0.606771 0.434186 0.607422 0.435101 0.607422 0.436015 0.607422 0.436929 0.606771 0.437843 0.606120 0.438757 0.605469 0.438757 0.604818 0.439671 0.604167 0.439671 0.603516 0.438757 0.604167 0.439671 0.604167 0.440585 0.603516 0.441499 0.602865 0.442413 0.602865 0.443327 0.602865 0.444241 0.602214 0.445155 0.602865 0.446069 0.602865 0.446984 0.602865 0.447898 0.602865 0.448812 0.602865 0.449726 0.603516 0.449726 0.604167 0.449726 0.604818 0.449726 0.605469 0.450640 0.606120 0.450640 0.606771 0.451554 0.607422 0.451554 0.607422 0.450640 0.607422 0.449726 0.607422 0.448812 0.607422 0.447898 0.607422 0.446984 0.607422 0.446069 0.607422 0.445155 0.608073 0.444241 0.608724 0.443327 0.609375 0.443327 0.610026 0.442413 0.610677 0.443327 0.611328 0.443327 0.611979 0.444241 0.612630 0.444241 0.613281 0.445155 0.613932 0.446069 0.613932 0.446984 0.613932 0.447898 0.613932 0.448812 0.613932 0.449726 0.613932 0.450640 0.613932 0.451554 0.613281 0.452468 0.613932 0.451554 0.614583 0.452468 0.615234 0.452468 0.615885 0.451554 0.616536 0.452468 0.615885 0.451554 0.616536 0.450640 0.616536 0.449726 0.616536 0.448812 0.616536 0.447898 0.616536 0.446984 0.615885 0.446069 0.615885 0.445155 0.615234 0.444241 0.615234 0.443327 0.615234 0.442413 0.615234 0.441499 0.615885 0.440585 0.615885 0.439671 0.615234 0.438757 0.615234 0.437843 0.615234 0.436929 0.615234 0.436015 0.615234 0.435101 0.615885 0.434186 0.616536 0.433272 0.617188 0.432358 0.617839 0.432358 0.618490 0.431444 0.619141 0.432358 0.619792 0.432358 0.620443 0.433272 0.621094 0.434186 0.621745 0.433272 0.622396 0.434186 0.623047 0.433272 0.623698 0.433272 0.624349 0.433272 0.625000 0.433272 0.625651 0.433272 0.626302 0.433272 0.626953 0.433272 0.627604 0.433272 0.628255 0.433272 0.628906 0.433272 0.629557 0.433272 0.630208 0.433272 0.630859 0.434186 0.631510 0.434186 0.632161 0.435101 0.632812 0.434186 0.633464 0.435101 0.634115 0.435101 0.634766 0.435101 0.635417 0.435101 0.636068 0.435101 0.636719 0.435101 0.637370 0.435101 0.638021 0.434186 0.638672 0.435101 0.639323 0.435101 0.639974 0.436015 0.640625 0.436015 0.641276 0.436929 0.641927 0.437843 0.641927 0.438757 0.642578 0.439671 0.642578 0.440585 0.642578 0.441499 0.642578 0.442413 0.642578 0.443327 0.642578 0.444241 0.643229 0.445155 0.643229 0.446069 0.643229 0.446984 0.643880 0.447898 0.643880 0.448812 0.643229 0.449726 0.643880 0.448812 0.644531 0.449726 0.645182 0.450640 0.645833 0.449726 0.646484 0.448812 0.647135 0.448812 0.646484 0.447898 0.646484 0.446984 0.647135 0.446069 0.646484 0.446984 0.645833 0.446069 0.645182 0.445155 0.644531 0.445155 0.643880 0.444241 0.643229 0.443327 0.643229 0.442413 0.643229 0.441499 0.642578 0.440585 0.642578 0.439671 0.642578 0.438757 0.642578 0.437843 0.642578 0.436929 0.642578 0.436015 0.643229 0.435101 0.643880 0.434186 0.644531 0.434186 0.645182 0.433272 0.645833 0.433272 0.646484 0.433272 0.647135 0.433272 0.647786 0.433272 0.648438 0.434186 0.649089 0.434186 0.649740 0.434186 0.650391 0.433272 0.651042 0.434186 0.651693 0.434186 0.652344 0.433272 0.652995 0.434186 0.653646 0.434186 0.654297 0.435101 0.654948 0.435101 0.655599 0.434186 0.656250 0.434186 0.656901 0.434186 0.657552 0.434186 0.658203 0.434186 0.658854 0.434186 0.659505 0.434186 0.660156 0.434186 0.660807 0.434186 0.661458 0.434186 0.662109 0.434186 0.662760 0.434186 0.663411 0.434186 0.664062 0.434186 0.664714 0.434186 0.665365 0.435101 0.666016 0.435101 0.666667 0.435101 0.667318 0.435101 0.667969 0.435101 0.668620 0.435101 0.669271 0.435101 0.669922 0.435101 0.670573 0.435101 0.671224 0.435101 0.671875 0.434186 0.672526 0.434186 0.673177 0.434186 0.673828 0.434186 0.674479 0.434186 0.675130 0.434186 0.675781 0.434186 0.676432 0.434186 0.677083 0.434186 0.677734 0.434186 0.678385 0.434186 0.679036 0.434186 0.679688 0.434186 0.680339 0.434186 0.680990 0.434186 0.681641 0.435101 0.682292 0.434186 0.682943 0.434186 0.683594 0.434186 0.684245 0.435101 0.684896 0.435101 0.685547 0.434186 0.686198 0.434186 0.686849 0.434186 0.687500 0.434186 0.688151 0.434186 0.688802 0.434186 0.689453 0.434186 0.690104 0.435101 0.690755 0.435101 0.691406 0.435101 0.692057 0.436015 0.692708 0.435101 0.693359 0.435101 0.694010 0.435101 0.694661 0.435101 0.695312 0.435101 0.695964 0.435101 0.696615 0.435101 0.697266 0.435101 0.697917 0.436015 0.698568 0.435101 0.699219 0.435101 0.699870 0.435101 0.700521 0.435101 0.701172 0.435101 0.701823 0.434186 0.702474 0.434186 0.703125 0.435101 0.703776 0.435101 0.704427 0.435101 0.705078 0.435101 0.705729 0.435101 0.706380 0.435101 0.707031 0.435101 0.707682 0.435101 0.708333 0.434186 0.708984 0.434186 0.709635 0.434186 0.710286 0.434186 0.710938 0.434186 0.711589 0.434186 0.712240 0.435101 0.712891 0.435101 0.713542 0.434186 0.714193 0.435101 0.714844 0.434186 0.715495 0.434186 0.716146 0.434186 0.716797 0.434186 0.717448 0.434186 0.718099 0.434186 0.718750 0.435101 0.719401 0.435101 0.720052 0.436015 0.720703 0.436929 0.721354 0.436015 0.722005 0.436015 0.722656 0.436015 0.723307 0.435101 0.723958 0.435101 0.724609 0.435101 0.725260 0.436015 0.725911 0.436015 0.726562 0.436015 0.727214 0.436015 0.727865 0.435101 0.728516 0.435101 0.729167 0.435101 0.729818 0.435101 0.730469 0.436015 0.731120 0.435101 0.731771 0.435101 0.732422 0.434186 0.733073 0.435101 0.733724 0.435101 0.734375 0.435101 0.735026 0.435101 0.735677 0.435101 0.736328 0.435101 0.736979 0.435101 0.737630 0.435101 0.738281 0.435101 0.738932 0.435101 0.739583 0.435101 0.740234 0.435101 0.740885 0.435101 0.741536 0.435101 0.742188 0.434186 0.742839 0.434186 0.743490 0.434186 0.744141 0.434186 0.744792 0.434186 0.745443 0.434186 0.746094 0.435101 0.746745 0.434186 0.747396 0.435101 0.748047 0.435101 0.748698 0.435101 0.749349 0.435101 0.750000 0.436015 0.750651 0.435101 0.751302 0.436015 0.751953 0.436015 0.752604 0.436015 0.753255 0.436929 0.753906 0.436015 0.754557 0.436015 0.755208 0.436015 0.755859 0.435101 0.756510 0.435101 0.757161 0.434186 0.757812 0.434186 0.758464 0.434186 0.759115 0.435101 0.759766 0.434186 0.760417 0.434186 0.761068 0.434186 0.761719 0.434186 0.762370 0.434186 0.763021 0.434186 0.763672 0.434186 0.764323 0.434186 0.764974 0.435101 0.765625 0.435101 0.766276 0.436015 0.766927 0.436929 0.766276 0.437843 0.766927 0.436929 0.767578 0.437843 0.768229 0.437843 0.768880 0.436929 0.769531 0.436015 0.770182 0.436015 0.770833 0.435101 0.771484 0.435101 0.772135 0.434186 0.772786 0.434186 0.773438 0.434186 0.774089 0.434186 0.774740 0.434186 0.775391 0.434186 0.776042 0.434186 0.776693 0.435101 0.777344 0.435101 0.777995 0.436015 0.778646 0.436015 0.779297 0.436929 0.779948 0.436015 0.780599 0.436015 0.781250 0.436015 0.781901 0.436015 0.782552 0.436015 0.783203 0.435101 0.783854 0.435101 0.784505 0.435101 0.785156 0.434186 0.785807 0.434186 0.786458 0.434186 0.787109 0.434186 0.787760 0.434186 0.788411 0.434186 0.789062 0.434186 0.789714 0.434186 0.790365 0.434186 0.791016 0.434186 0.791667 0.434186 0.792318 0.434186 0.792969 0.434186 0.793620 0.434186 0.794271 0.434186 0.794922 0.434186 0.795573 0.434186 0.796224 0.434186 0.796875 0.434186 0.797526 0.434186 0.798177 0.434186 0.798828 0.434186 0.799479 0.434186 0.800130 0.434186 0.800781 0.434186 0.801432 0.434186 0.802083 0.434186 0.802734 0.434186 0.803385 0.434186 0.804036 0.433272 0.804688 0.434186 0.805339 0.434186 0.805990 0.435101 0.806641 0.435101 0.807292 0.436015 0.807943 0.436015 0.808594 0.435101 0.809245 0.435101 0.809896 0.435101 0.810547 0.436015 0.811198 0.436015 0.811849 0.436929 0.812500 0.437843 0.812500 0.438757 0.812500 0.439671 0.813151 0.440585 0.812500 0.441499 0.813151 0.440585 0.813802 0.441499 0.814453 0.442413 0.814453 0.443327 0.814453 0.442413 0.813802 0.441499 0.814453 0.440585 0.813802 0.439671 0.813151 0.438757 0.813151 0.437843 0.813151 0.436929 0.813151 0.436015 0.813802 0.435101 0.814453 0.434186 0.815104 0.434186 0.815755 0.433272 0.816406 0.433272 0.817057 0.433272 0.817708 0.433272 0.818359 0.433272 0.819010 0.433272 0.819661 0.433272 0.820312 0.433272 0.820964 0.433272 0.821615 0.433272 0.822266 0.433272 0.822917 0.434186 0.823568 0.434186 0.824219 0.435101 0.824870 0.436015 0.825521 0.436929 0.825521 0.437843 0.825521 0.438757 0.825521 0.439671 0.824870 0.440585 0.825521 0.439671 0.826172 0.439671 0.826823 0.438757 0.827474 0.438757 0.828125 0.438757 0.828776 0.439671 0.828125 0.438757 0.828125 0.437843 0.828776 0.436929 0.828776 0.436015 0.829427 0.435101 0.830078 0.434186 0.830729 0.434186 0.831380 0.433272 0.832031 0.433272 0.832682 0.433272 0.833333 0.433272 0.833984 0.433272 0.834635 0.433272 0.835286 0.433272 0.835938 0.433272 0.836589 0.434186 0.837240 0.433272 0.837891 0.434186 0.838542 0.434186 0.839193 0.434186 0.839844 0.434186 0.840495 0.435101 0.841146 0.435101 0.841797 0.434186 0.842448 0.434186 0.843099 0.433272 0.843750 0.433272 0.844401 0.432358 0.845052 0.432358 0.845703 0.432358 0.846354 0.432358 0.847005 0.432358 0.847656 0.433272 0.848307 0.432358 0.848958 0.432358 0.849609 0.432358 0.850260 0.432358 0.850911 0.433272 0.851562 0.433272 0.852214 0.432358 0.852865 0.432358 0.853516 0.433272 0.854167 0.432358 0.854818 0.432358 0.855469 0.432358 0.856120 0.432358 0.856771 0.432358 0.857422 0.433272 0.858073 0.433272 0.858724 0.432358 0.859375 0.432358 0.860026 0.432358 0.860677 0.432358 0.861328 0.432358 0.861979 0.433272 0.862630 0.433272 0.863281 0.433272 0.863932 0.434186 0.864583 0.434186 0.864583 0.433272 0.865234 0.432358 0.865885 0.431444 0.866536 0.431444 0.867188 0.430530 0.867839 0.431444 0.868490 0.431444 0.869141 0.431444 0.869792 0.430530 0.870443 0.430530 0.871094 0.430530 0.871745 0.429616 0.872396 0.430530 0.873047 0.430530 0.873698 0.431444 0.874349 0.431444 0.875000 0.431444 0.875651 0.431444 0.876302 0.431444 0.876953 0.432358 0.877604 0.432358 0.878255 0.433272 0.878906 0.434186 0.878906 0.435101 0.879557 0.435101 0.880208 0.436015 0.880859 0.436015 0.881510 0.436015 0.882161 0.435101 0.882812 0.436015 0.883464 0.436015 0.884115 0.436929 0.884766 0.437843 0.884766 0.438757 0.885417 0.439671 0.885417 0.440585 0.885417 0.441499 0.885417 0.442413 0.885417 0.443327 0.886068 0.443327 0.886719 0.443327 0.887370 0.442413 0.888021 0.442413 0.888021 0.441499 0.888021 0.440585 0.888672 0.439671 0.888672 0.438757 0.889323 0.437843 0.889974 0.436929 0.890625 0.436015 0.891276 0.435101 0.891927 0.435101 0.892578 0.434186 0.893229 0.434186 0.893880 0.434186 0.894531 0.434186 0.895182 0.434186 0.895833 0.433272 0.896484 0.434186 0.897135 0.433272 0.897786 0.433272 0.898438 0.434186 0.899089 0.434186 0.899740 0.435101 0.900391 0.436015 0.901042 0.436015 0.901693 0.436929 0.902344 0.437843 0.901693 0.438757 0.902344 0.437843 0.902995 0.438757 0.903646 0.439671 0.902995 0.440585 0.903646 0.439671 0.904297 0.438757 0.904948 0.437843 0.905599 0.438757 0.904948 0.437843 0.905599 0.436929 0.905599 0.436015 0.906250 0.435101 0.906901 0.434186 0.907552 0.434186 0.908203 0.433272 0.908854 0.434186 0.909505 0.434186 0.910156 0.435101 0.910807 0.436015 0.910807 0.436929 0.911458 0.437843 0.911458 0.438757 0.911458 0.439671 0.911458 0.440585 0.911458 0.441499 0.911458 0.442413 0.911458 0.443327 0.911458 0.444241 0.912109 0.445155 0.911458 0.446069 0.912109 0.445155 0.912760 0.445155 0.913411 0.445155 0.914062 0.446069 0.913411 0.445155 0.914062 0.444241 0.914714 0.443327 0.915365 0.444241 0.914714 0.443327 0.914714 0.442413 0.914714 0.441499 0.914714 0.440585 0.914714 0.439671 0.915365 0.438757 0.916016 0.437843 0.916667 0.436929 0.916667 0.436015 0.917318 0.435101 0.917969 0.434186 0.918620 0.433272 0.919271 0.434186 0.918620 0.433272 0.918620 0.432358 0.919271 0.431444 0.919922 0.430530 0.920573 0.430530 0.921224 0.429616 0.921875 0.429616 0.922526 0.429616 0.923177 0.428702 0.923828 0.428702 0.924479 0.429616 0.925130 0.429616 0.925781 0.428702 0.926432 0.428702 0.927083 0.429616 0.927734 0.429616 0.928385 0.430530 0.929036 0.431444 0.929688 0.432358 0.930339 0.433272 0.929688 0.434186 0.929688 0.435101 0.929688 0.434186 0.930339 0.433272 0.930339 0.432358 0.930339 0.431444 0.930990 0.430530 0.931641 0.429616 0.932292 0.429616 0.932292 0.428702 0.932292 0.427788 0.932292 0.426874 0.932943 0.425960 0.933594 0.426874 0.933594 0.427788 0.933594 0.428702 0.934245 0.428702 0.934896 0.428702 0.935547 0.428702 0.936198 0.428702 0.936849 0.429616 0.937500 0.429616 0.938151 0.430530 0.938802 0.430530 0.939453 0.430530 0.940104 0.430530 0.940755 0.429616 0.941406 0.429616 0.942057 0.429616 0.942708 0.428702 0.943359 0.428702 0.944010 0.428702 0.944661 0.429616 0.945312 0.429616 0.945964 0.430530 0.946615 0.431444 0.946615 0.432358 0.946615 0.433272 0.947266 0.434186 0.946615 0.435101 0.947266 0.434186 0.947917 0.435101 0.948568 0.436015 0.948568 0.436929 0.948568 0.437843 0.948568 0.438757 0.948568 0.439671 0.947917 0.440585 0.948568 0.439671 0.949219 0.439671 0.949870 0.438757 0.950521 0.438757 0.951172 0.437843 0.951823 0.437843 0.952474 0.438757 0.951823 0.437843 0.951823 0.436929 0.951172 0.436015 0.951172 0.435101 0.951172 0.434186 0.951823 0.433272 0.952474 0.432358 0.953125 0.433272 0.952474 0.432358 0.953125 0.431444 0.953776 0.430530 0.954427 0.429616 0.955078 0.429616 0.955729 0.428702 0.956380 0.427788 0.957031 0.426874 0.957682 0.426874 0.958333 0.425960 0.958984 0.426874 0.958333 0.425960 0.958984 0.425046 0.959635 0.424132 0.960286 0.424132 0.960938 0.423218 0.961589 0.423218 0.962240 0.424132 0.962891 0.425046 0.962240 0.424132 0.962891 0.423218 0.963542 0.422303 0.964193 0.421389 0.964193 0.420475 0.964844 0.419561 0.964193 0.420475 0.963542 0.420475 0.962891 0.420475 0.962240 0.421389 0.961589 0.421389 0.960938 0.422303 0.960286 0.422303 0.959635 0.421389 0.958984 0.421389 0.958333 0.420475 0.957682 0.421389 0.957031 0.420475 0.956380 0.420475 0.955729 0.419561 0.955078 0.418647 0.955078 0.417733 0.955078 0.416819 0.955729 0.415905 0.955729 0.414991 0.955078 0.414077 0.954427 0.413163 0.953776 0.412249 0.953776 0.411335 0.953776 0.410420 0.953776 0.409506 0.953776 0.408592 0.953776 0.407678 0.953776 0.406764 0.953776 0.405850 0.953776 0.404936 0.953125 0.404022 0.952474 0.403108 0.952474 0.402194 0.951823 0.401280 0.951823 0.400366 0.951172 0.399452 0.950521 0.399452 0.949870 0.398537 0.949219 0.397623 0.949219 0.396709 0.948568 0.395795 0.948568 0.394881 0.947917 0.393967 0.947917 0.393053 0.947917 0.392139 0.948568 0.391225 0.949219 0.390311 0.949870 0.390311 0.950521 0.389397 0.951172 0.389397 0.951823 0.389397 0.952474 0.389397 0.953125 0.390311 0.953776 0.389397 0.954427 0.389397 0.955078 0.390311 0.955729 0.389397 0.956380 0.389397 0.957031 0.390311 0.957682 0.390311 0.958333 0.391225 0.958984 0.392139 0.959635 0.393053 0.959635 0.393967 0.959635 0.394881 0.960286 0.395795 0.960286 0.396709 0.960286 0.397623 0.960938 0.398537 0.960938 0.399452 0.960938 0.400366 0.960286 0.401280 0.960938 0.400366 0.961589 0.401280 0.962240 0.402194 0.961589 0.403108 0.961589 0.404022 0.961589 0.404936 0.960938 0.405850 0.960938 0.406764 0.960938 0.407678 0.960938 0.408592 0.960938 0.409506 0.961589 0.409506 0.962240 0.410420 0.962891 0.410420 0.963542 0.410420 0.964193 0.409506 0.964844 0.409506 0.964193 0.408592 0.964193 0.407678 0.963542 0.406764 0.963542 0.405850 0.963542 0.404936 0.963542 0.404022 0.962891 0.404022 0.962240 0.403108 0.962240 0.402194 0.961589 0.401280 0.961589 0.400366 0.962240 0.399452 0.962240 0.398537 0.962891 0.397623 0.963542 0.396709 0.964193 0.395795 0.964844 0.395795 0.965495 0.394881 0.966146 0.394881 0.966797 0.394881 0.967448 0.393967 0.968099 0.393053 0.968099 0.392139 0.968750 0.391225 0.969401 0.390311 0.970052 0.389397 0.970703 0.389397 0.970703 0.388483 0.970703 0.387569 0.971354 0.386654 0.972005 0.387569 0.972005 0.388483 0.972005 0.389397 0.972656 0.389397 0.973307 0.390311 0.973958 0.391225 0.973958 0.392139 0.974609 0.393053 0.974609 0.393967 0.974609 0.394881 0.974609 0.395795 0.974609 0.396709 0.974609 0.397623 0.973958 0.398537 0.973958 0.399452 0.973958 0.400366 0.973958 0.401280 0.973958 0.402194 0.973958 0.403108 0.973958 0.404022 0.974609 0.404936 0.974609 0.405850 0.973958 0.406764 0.974609 0.407678 0.974609 0.408592 0.974609 0.409506 0.975260 0.410420 0.975260 0.411335 0.975260 0.412249 0.974609 0.413163 0.973958 0.414077 0.974609 0.414991 0.974609 0.415905 0.974609 0.416819 0.974609 0.417733 0.973958 0.418647 0.973307 0.419561 0.972656 0.419561 0.972005 0.420475 0.971354 0.420475 0.970703 0.420475 0.970052 0.420475 0.969401 0.420475 0.968750 0.421389 0.968750 0.422303 0.968750 0.423218 0.968750 0.424132 0.968099 0.425046 0.967448 0.425960 0.966797 0.426874 0.966146 0.427788 0.965495 0.428702 0.964844 0.429616 0.964193 0.428702 0.963542 0.427788 0.964193 0.428702 0.964193 0.429616 0.964193 0.430530 0.964844 0.431444 0.964844 0.432358 0.964844 0.433272 0.964844 0.434186 0.964844 0.435101 0.964844 0.436015 0.964844 0.436929 0.964844 0.437843 0.964844 0.438757 0.964844 0.439671 0.964844 0.440585 0.964844 0.441499 0.964844 0.442413 0.964193 0.443327 0.963542 0.444241 0.963542 0.445155 0.963542 0.446069 0.962891 0.446984 0.962891 0.447898 0.962240 0.448812 0.962240 0.449726 0.962240 0.450640 0.962240 0.451554 0.962240 0.452468 0.962240 0.453382 0.962240 0.454296 0.961589 0.455210 0.962240 0.456124 0.961589 0.457038 0.960938 0.457952 0.960286 0.457038 0.960938 0.457952 0.960286 0.458867 0.959635 0.459781 0.958984 0.460695 0.959635 0.461609 0.958984 0.462523 0.959635 0.461609 0.960286 0.462523 0.960938 0.463437 0.961589 0.464351 0.962240 0.465265 0.962240 0.466179 0.962240 0.467093 0.962240 0.468007 0.961589 0.468921 0.961589 0.469835 0.960938 0.470750 0.960938 0.471664 0.960938 0.472578 0.960286 0.473492 0.959635 0.474406 0.958984 0.474406 0.958333 0.475320 0.957682 0.475320 0.957031 0.474406 0.956380 0.474406 0.955729 0.473492 0.955078 0.472578 0.955078 0.471664 0.955078 0.470750 0.955078 0.469835 0.954427 0.468921 0.953776 0.468921 0.953125 0.468921 0.952474 0.468007 0.951823 0.467093 0.951172 0.466179 0.950521 0.465265 0.950521 0.464351 0.950521 0.463437 0.950521 0.462523 0.951172 0.461609 0.950521 0.462523 0.949870 0.463437 0.949219 0.463437 0.948568 0.462523 0.947917 0.462523 0.947266 0.463437 0.946615 0.462523 0.945964 0.462523 0.945312 0.462523 0.944661 0.462523 0.944010 0.463437 0.943359 0.463437 0.942708 0.463437 0.942057 0.463437 0.941406 0.462523 0.940755 0.462523 0.940104 0.461609 0.939453 0.461609 0.938802 0.461609 0.938151 0.461609 0.937500 0.461609 0.936849 0.461609 0.936198 0.461609 0.935547 0.460695 0.934896 0.460695 0.934245 0.460695 0.933594 0.461609 0.932943 0.461609 0.932292 0.462523 0.931641 0.462523 0.930990 0.462523 0.930339 0.462523 0.929688 0.461609 0.929036 0.462523 0.928385 0.461609 0.927734 0.461609 0.927083 0.460695 0.926432 0.460695 0.926432 0.461609 0.926432 0.462523 0.926432 0.463437 0.926432 0.464351 0.925781 0.465265 0.925130 0.464351 0.925130 0.463437 0.925130 0.462523 0.925130 0.461609 0.924479 0.461609 0.923828 0.460695 0.923177 0.460695 0.922526 0.459781 0.921875 0.458867 0.921875 0.457952 0.921875 0.457038 0.921875 0.456124 0.921875 0.455210 0.921875 0.454296 0.921875 0.453382 0.921224 0.452468 0.921224 0.451554 0.921875 0.450640 0.921224 0.451554 0.920573 0.450640 0.919922 0.449726 0.919271 0.448812 0.919922 0.449726 0.919271 0.450640 0.918620 0.451554 0.917969 0.450640 0.918620 0.451554 0.918620 0.452468 0.918620 0.453382 0.918620 0.454296 0.917969 0.455210 0.917969 0.456124 0.917318 0.457038 0.917318 0.457952 0.917318 0.458867 0.916667 0.459781 0.916016 0.460695 0.915365 0.461609 0.914714 0.461609 0.914062 0.462523 0.913411 0.462523 0.912760 0.461609 0.912109 0.461609 0.911458 0.460695 0.910807 0.460695 0.910156 0.459781 0.909505 0.458867 0.908854 0.458867 0.908203 0.458867 0.907552 0.459781 0.906901 0.459781 0.906250 0.459781 0.905599 0.460695 0.904948 0.460695 0.904297 0.461609 0.903646 0.461609 0.902995 0.461609 0.902344 0.461609 0.901693 0.461609 0.901042 0.461609 0.900391 0.461609 0.899740 0.461609 0.899089 0.461609 0.898438 0.460695 0.897786 0.460695 0.897135 0.459781 0.896484 0.459781 0.895833 0.460695 0.895182 0.460695 0.894531 0.460695 0.893880 0.459781 0.893229 0.460695 0.892578 0.460695 0.891927 0.460695 0.891276 0.460695 0.890625 0.460695 0.889974 0.460695 0.889323 0.460695 0.888672 0.461609 0.888021 0.460695 0.887370 0.461609 0.886719 0.461609 0.886068 0.461609 0.885417 0.461609 0.884766 0.461609 0.884115 0.461609 0.883464 0.461609 0.882812 0.461609 0.882161 0.461609 0.881510 0.461609 0.880859 0.461609 0.880208 0.461609 0.879557 0.460695 0.878906 0.461609 0.878255 0.461609 0.877604 0.461609 0.876953 0.461609 0.876302 0.460695 0.875651 0.461609 0.875000 0.461609 0.874349 0.461609 0.873698 0.461609 0.873047 0.461609 0.872396 0.461609 0.871745 0.460695 0.871094 0.460695 0.870443 0.461609 0.869792 0.461609 0.869141 0.461609 0.868490 0.461609 0.867839 0.461609 0.867188 0.460695 0.866536 0.460695 0.865885 0.460695 0.865234 0.460695 0.864583 0.461609 0.863932 0.461609 0.863281 0.460695 0.862630 0.461609 0.861979 0.461609 0.861328 0.461609 0.860677 0.460695 0.860026 0.460695 0.859375 0.460695 0.858724 0.459781 0.858073 0.459781 0.857422 0.458867 0.856771 0.458867 0.856120 0.459781 0.855469 0.458867 0.854818 0.458867 0.854167 0.459781 0.853516 0.459781 0.852865 0.460695 0.852214 0.460695 0.851562 0.460695 0.850911 0.460695 0.850260 0.460695 0.849609 0.460695 0.848958 0.461609 0.848307 0.461609 0.847656 0.460695 0.847005 0.461609 0.846354 0.461609 0.845703 0.460695 0.845052 0.460695 0.844401 0.460695 0.843750 0.460695 0.843099 0.460695 0.842448 0.460695 0.841797 0.460695 0.841146 0.460695 0.840495 0.459781 0.839844 0.459781 0.839193 0.458867 0.838542 0.458867 0.837891 0.458867 0.837240 0.458867 0.836589 0.459781 0.835938 0.459781 0.835286 0.460695 0.834635 0.459781 0.833984 0.459781 0.833333 0.460695 0.832682 0.460695 0.832031 0.460695 0.831380 0.460695 0.830729 0.459781 0.830078 0.460695 0.829427 0.460695 0.828776 0.460695 0.828125 0.460695 0.827474 0.460695 0.826823 0.460695 0.826172 0.460695 0.825521 0.460695 0.824870 0.460695 0.824219 0.460695 0.823568 0.460695 0.822917 0.460695 0.822266 0.460695 0.821615 0.460695 0.820964 0.460695 0.820312 0.460695 0.819661 0.460695 0.819010 0.461609 0.818359 0.460695 0.817708 0.460695 0.817057 0.460695 0.816406 0.460695 0.815755 0.460695 0.815104 0.460695 0.814453 0.460695 0.813802 0.460695 0.813151 0.460695 0.812500 0.460695 0.811849 0.460695 0.811198 0.460695 0.810547 0.460695 0.809896 0.460695 0.809245 0.460695 0.808594 0.460695 0.807943 0.460695 0.807292 0.460695 0.806641 0.460695 0.805990 0.460695 0.805339 0.459781 0.804688 0.459781 0.804036 0.458867 0.803385 0.458867 0.802734 0.458867 0.802083 0.458867 0.801432 0.458867 0.800781 0.458867 0.800130 0.459781 0.799479 0.458867 0.798828 0.458867 0.798177 0.457952 0.797526 0.457952 0.796875 0.458867 0.796224 0.458867 0.795573 0.458867 0.794922 0.459781 0.794271 0.459781 0.793620 0.460695 0.792969 0.460695 0.792318 0.460695 0.791667 0.460695 0.791016 0.460695 0.790365 0.460695 0.789714 0.460695 0.789062 0.460695 0.788411 0.460695 0.787760 0.460695 0.787109 0.460695 0.786458 0.460695 0.785807 0.460695 0.785156 0.460695 0.784505 0.460695 0.783854 0.459781 0.783203 0.459781 0.782552 0.459781 0.781901 0.460695 0.781250 0.460695 0.780599 0.460695 0.779948 0.460695 0.779297 0.459781 0.778646 0.459781 0.777995 0.460695 0.777344 0.460695 0.776693 0.460695 0.776042 0.460695 0.775391 0.460695 0.774740 0.460695 0.774089 0.460695 0.773438 0.459781 0.772786 0.459781 0.772135 0.458867 0.771484 0.458867 0.770833 0.458867 0.770182 0.458867 0.769531 0.458867 0.768880 0.459781 0.768229 0.459781 0.767578 0.459781 0.766927 0.459781 0.766276 0.460695 0.765625 0.460695 0.764974 0.460695 0.764323 0.460695 0.763672 0.460695 0.763021 0.460695 0.762370 0.460695 0.761719 0.460695 0.761068 0.460695 0.760417 0.460695 0.759766 0.460695 0.759115 0.460695 0.758464 0.460695 0.757812 0.459781 0.757161 0.459781 0.756510 0.459781 0.755859 0.459781 0.755208 0.458867 0.754557 0.459781 0.753906 0.459781 0.753255 0.458867 0.752604 0.458867 0.751953 0.459781 0.751302 0.459781 0.750651 0.459781 0.750000 0.459781 0.749349 0.458867 0.748698 0.459781 0.748047 0.459781 0.747396 0.459781 0.746745 0.459781 0.746094 0.459781 0.745443 0.459781 0.744792 0.459781 0.744141 0.459781 0.743490 0.459781 0.742839 0.459781 0.742188 0.459781 0.741536 0.459781 0.740885 0.459781 0.740234 0.459781 0.739583 0.459781 0.738932 0.459781 0.738281 0.459781 0.737630 0.459781 0.736979 0.459781 0.736328 0.459781 0.735677 0.459781 0.735026 0.459781 0.734375 0.459781 0.733724 0.460695 0.733073 0.459781 0.732422 0.459781 0.731771 0.459781 0.731120 0.459781 0.730469 0.459781 0.729818 0.459781 0.729167 0.459781 0.728516 0.458867 0.727865 0.458867 0.727214 0.458867 0.726562 0.458867 0.725911 0.458867 0.725260 0.458867 0.724609 0.458867 0.723958 0.458867 0.723307 0.459781 0.722656 0.459781 0.722005 0.459781 0.721354 0.459781 0.720703 0.459781 0.720052 0.459781 0.719401 0.459781 0.718750 0.459781 0.718099 0.459781 0.717448 0.459781 0.716797 0.459781 0.716146 0.459781 0.715495 0.459781 0.714844 0.459781 0.714193 0.459781 0.713542 0.459781 0.712891 0.459781 0.712240 0.459781 0.711589 0.459781 0.710938 0.459781 0.710286 0.459781 0.709635 0.458867 0.708984 0.459781 0.708333 0.459781 0.707682 0.459781 0.707031 0.459781 0.706380 0.459781 0.705729 0.459781 0.705078 0.459781 0.704427 0.459781 0.703776 0.459781 0.703125 0.459781 0.702474 0.459781 0.701823 0.459781 0.701172 0.459781 0.700521 0.459781 0.699870 0.459781 0.699219 0.458867 0.698568 0.459781 0.697917 0.459781 0.697266 0.459781 0.696615 0.459781 0.695964 0.459781 0.695312 0.459781 0.694661 0.459781 0.694010 0.459781 0.693359 0.459781 0.692708 0.459781 0.692057 0.458867 0.691406 0.459781 0.690755 0.459781 0.690104 0.459781 0.689453 0.459781 0.688802 0.459781 0.688151 0.459781 0.687500 0.459781 0.686849 0.459781 0.686198 0.460695 0.685547 0.459781 0.684896 0.459781 0.684245 0.460695 0.683594 0.459781 0.682943 0.460695 0.682292 0.460695 0.681641 0.460695 0.680990 0.460695 0.680339 0.460695 0.679688 0.460695 0.679036 0.460695 0.678385 0.459781 0.677734 0.460695 0.677083 0.460695 0.676432 0.460695 0.675781 0.459781 0.675130 0.460695 0.674479 0.460695 0.673828 0.459781 0.673177 0.460695 0.672526 0.460695 0.671875 0.459781 0.671224 0.459781 0.670573 0.459781 0.669922 0.459781 0.669271 0.459781 0.668620 0.459781 0.667969 0.459781 0.667318 0.459781 0.666667 0.459781 0.666016 0.459781 0.665365 0.459781 0.664714 0.459781 0.664062 0.459781 0.663411 0.459781 0.662760 0.460695 0.662109 0.460695 0.661458 0.460695 0.660807 0.460695 0.660156 0.460695 0.659505 0.459781 0.658854 0.459781 0.658203 0.458867 0.657552 0.457952 0.657552 0.457038 0.656901 0.457038 0.656250 0.457038 0.655599 0.457952 0.654948 0.457952 0.654297 0.457952 0.653646 0.458867 0.652995 0.459781 0.652344 0.459781 0.651693 0.460695 0.651042 0.460695 0.650391 0.460695 0.649740 0.460695 0.649089 0.460695 0.648438 0.460695 0.647786 0.460695 0.647135 0.460695 0.646484 0.460695 0.645833 0.460695 0.645182 0.460695 0.644531 0.460695 0.643880 0.460695 0.643229 0.459781 0.642578 0.459781 0.641927 0.458867 0.641276 0.457952 0.640625 0.458867 0.639974 0.458867 0.639323 0.458867 0.638672 0.459781 0.638021 0.459781 0.637370 0.458867 0.636719 0.458867 0.636068 0.459781 0.635417 0.459781 0.634766 0.459781 0.634115 0.459781 0.633464 0.460695 0.632812 0.460695 0.632161 0.460695 0.631510 0.460695 0.630859 0.459781 0.630208 0.460695 0.629557 0.460695 0.628906 0.460695 0.628255 0.460695 0.627604 0.460695 0.626953 0.460695 0.626302 0.460695 0.625651 0.460695 0.625000 0.460695 0.624349 0.459781 0.623698 0.460695 0.623047 0.460695 0.622396 0.460695 0.621745 0.460695 0.621094 0.460695 0.620443 0.460695 0.619792 0.460695 0.619141 0.460695 0.618490 0.460695 0.617839 0.461609 0.617188 0.460695 0.616536 0.461609 0.615885 0.461609 0.615234 0.460695 0.614583 0.460695 0.613932 0.459781 0.613281 0.458867 0.612630 0.459781 0.611979 0.459781 0.611328 0.458867 0.610677 0.458867 0.610026 0.457952 0.609375 0.458867 0.608724 0.458867 0.608073 0.458867 0.607422 0.457952 0.606771 0.458867 0.606120 0.457952 0.605469 0.458867 0.604818 0.459781 0.604167 0.459781 0.603516 0.460695 0.602865 0.460695 0.602214 0.460695 0.601562 0.460695 0.600911 0.460695 0.600260 0.460695 0.599609 0.460695 0.598958 0.460695 0.598307 0.460695 0.597656 0.460695 0.597005 0.460695 0.596354 0.461609 0.595703 0.460695 0.595052 0.460695 0.594401 0.460695 0.593750 0.460695 0.593099 0.460695 0.592448 0.461609 0.591797 0.461609 0.591146 0.462523 0.590495 0.462523 0.589844 0.461609 0.589193 0.461609 0.588542 0.462523 0.587891 0.462523 0.587240 0.462523 0.586589 0.462523 0.585938 0.461609 0.585286 0.462523 0.584635 0.462523 0.583984 0.462523 0.583984 0.463437 0.583984 0.464351 0.583984 0.465265 0.583984 0.466179 0.583333 0.467093 0.583333 0.468007 0.582682 0.468921 0.582031 0.469835 0.581380 0.469835 0.580729 0.470750 0.580078 0.469835 0.579427 0.469835 0.578776 0.468921 0.578125 0.468007 0.578125 0.467093 0.578125 0.468007 0.578776 0.468921 0.578125 0.469835 0.577474 0.470750 0.576823 0.470750 0.576172 0.471664 0.575521 0.471664 0.574870 0.472578 0.574219 0.471664 0.574219 0.470750 0.574219 0.471664 0.574870 0.472578 0.574219 0.473492 0.573568 0.474406 0.572917 0.473492 0.572917 0.474406 0.572266 0.475320 0.571615 0.475320 0.570964 0.475320 0.570312 0.476234 0.569661 0.476234 0.569661 0.477148 0.569661 0.478062 0.569010 0.478976 0.568359 0.479890 0.568359 0.480804 0.569010 0.481718 0.569010 0.482633 0.569661 0.483547 0.569661 0.484461 0.569661 0.485375 0.569661 0.486289 0.569010 0.487203 0.569661 0.486289 0.570312 0.487203 0.570964 0.488117 0.570964 0.489031 0.570964 0.489945 0.570312 0.490859 0.569661 0.491773 0.569010 0.491773 0.568359 0.492687 0.567708 0.492687 0.567057 0.492687 0.566406 0.491773 0.565755 0.491773 0.565104 0.490859 0.564453 0.489945 0.563802 0.489945 0.563151 0.489031 0.562500 0.488117 0.561849 0.487203 0.561849 0.486289 0.561849 0.485375 0.561849 0.484461 0.562500 0.483547 0.563151 0.483547 0.562500 0.482633 0.561849 0.482633 0.562500 0.483547 0.561849 0.484461 0.561198 0.485375 0.560547 0.484461 0.561198 0.485375 0.560547 0.486289 0.560547 0.487203 0.559896 0.488117 0.559896 0.489031 0.559896 0.489945 0.559245 0.490859 0.559896 0.489945 0.560547 0.490859 0.561198 0.491773 0.561198 0.492687 0.560547 0.493601 0.561198 0.492687 0.561849 0.493601 0.562500 0.494516 0.562500 0.495430 0.562500 0.496344 0.562500 0.497258 0.562500 0.498172 0.561849 0.499086 0.562500 0.498172 0.563151 0.499086 0.563802 0.500000 0.563802 0.500914 0.564453 0.501828 0.565104 0.502742 0.564453 0.503656 0.565104 0.502742 0.565755 0.503656 0.566406 0.504570 0.566406 0.505484 0.566406 0.506399 0.566406 0.507313 0.565755 0.508227 0.565104 0.509141 0.564453 0.510055 0.563802 0.509141 0.563151 0.509141 0.562500 0.508227 0.561849 0.507313 0.561198 0.506399 0.560547 0.506399 0.559896 0.505484 0.559245 0.505484 0.559896 0.505484 0.560547 0.506399 0.561198 0.506399 0.561849 0.507313 0.562500 0.508227 0.562500 0.509141 0.561849 0.510055 0.561198 0.510969 0.560547 0.511883 0.559896 0.510969 0.560547 0.511883 0.560547 0.512797 0.561198 0.512797 0.561849 0.513711 0.562500 0.514625 0.563151 0.515539 0.562500 0.514625 0.563151 0.513711 0.563802 0.512797 0.564453 0.511883 0.565104 0.511883 0.565755 0.510969 0.566406 0.510969 0.567057 0.510055 0.567708 0.510055 0.568359 0.510055 0.569010 0.510055 0.569661 0.510055 0.570312 0.509141 0.570964 0.510055 0.571615 0.510055 0.572266 0.510969 0.572917 0.511883 0.572266 0.512797 0.572917 0.511883 0.573568 0.511883 0.574219 0.512797 0.574870 0.511883 0.575521 0.511883 0.576172 0.511883 0.576823 0.512797 0.577474 0.513711 0.578125 0.514625 0.578776 0.515539 0.578776 0.516453 0.578125 0.517367 0.577474 0.518282 0.576823 0.517367 0.577474 0.518282 0.577474 0.519196 0.577474 0.520110 0.576823 0.521024 0.576172 0.521938 0.575521 0.521024 0.576172 0.521938 0.576823 0.521938 0.577474 0.521938 0.578125 0.521938 0.578776 0.522852 0.578125 0.523766 0.577474 0.523766 0.576823 0.523766 0.576172 0.523766 0.575521 0.523766 0.574870 0.524680 0.574870 0.525594 0.574219 0.526508 0.574219 0.527422 0.574219 0.528336 0.574219 0.529250 0.573568 0.530165 0.573568 0.531079 0.573568 0.531993 0.572917 0.532907 0.573568 0.531993 0.574219 0.532907 0.574870 0.533821 0.574870 0.534735 0.574870 0.535649 0.574219 0.536563 0.573568 0.537477 0.574219 0.538391 0.573568 0.539305 0.574219 0.538391 0.574870 0.539305 0.575521 0.539305 0.576172 0.540219 0.576823 0.541133 0.576823 0.542048 0.577474 0.542048 0.578125 0.541133 0.578776 0.541133 0.579427 0.540219 0.580078 0.540219 0.580729 0.540219 0.581380 0.541133 0.582031 0.541133 0.582682 0.542048 0.583333 0.542048 0.583984 0.541133 0.584635 0.541133 0.585286 0.541133 0.585938 0.541133 0.586589 0.542048 0.587240 0.542962 0.587891 0.542962 0.588542 0.543876 0.589193 0.543876 0.588542 0.543876 0.587891 0.542962 0.587240 0.542962 0.586589 0.542048 0.586589 0.541133 0.586589 0.540219 0.586589 0.539305 0.586589 0.538391 0.587240 0.537477 0.587240 0.536563 0.587891 0.535649 0.588542 0.534735 0.589193 0.533821 0.589844 0.534735 0.589193 0.533821 0.589193 0.532907 0.589193 0.531993 0.589193 0.531079 0.589193 0.530165 0.589193 0.529250 0.589193 0.528336 0.589193 0.527422 0.589193 0.526508 0.588542 0.526508 0.587891 0.525594 0.587240 0.525594 0.586589 0.525594 0.585938 0.525594 0.585286 0.525594 0.584635 0.525594 0.583984 0.524680 0.584635 0.523766 0.585286 0.523766 0.585938 0.523766 0.586589 0.523766 0.587240 0.523766 0.587240 0.522852 0.587240 0.521938 0.586589 0.521024 0.585938 0.520110 0.585938 0.519196 0.585938 0.518282 0.585938 0.517367 0.585938 0.516453 0.585938 0.515539 0.585286 0.514625 0.585286 0.513711 0.585286 0.512797 0.585286 0.511883 0.585938 0.510969 0.586589 0.510055 0.587240 0.510055 0.587891 0.509141 0.588542 0.509141 0.589193 0.510055 0.589844 0.510055 0.590495 0.510969 0.591146 0.511883 0.590495 0.512797 0.591146 0.511883 0.591797 0.511883 0.592448 0.512797 0.593099 0.512797 0.593750 0.513711 0.594401 0.514625 0.593750 0.515539 0.594401 0.514625 0.595052 0.513711 0.595703 0.513711 0.596354 0.512797 0.597005 0.513711 0.597656 0.513711 0.598307 0.513711 0.598958 0.513711 0.599609 0.514625 0.600260 0.515539 0.600911 0.515539 0.600260 0.515539 0.599609 0.514625 0.598958 0.513711 0.598958 0.512797 0.598958 0.511883 0.599609 0.510969 0.599609 0.510055 0.599609 0.509141 0.599609 0.508227 0.599609 0.507313 0.600260 0.506399 0.600911 0.505484 0.601562 0.506399 0.600911 0.505484 0.600911 0.504570 0.601562 0.503656 0.602214 0.502742 0.602865 0.501828 0.603516 0.501828 0.604167 0.500914 0.604818 0.501828 0.605469 0.502742 0.606120 0.503656 0.606120 0.504570 0.606771 0.505484 0.606771 0.506399 0.606771 0.507313 0.607422 0.508227 0.606771 0.509141 0.607422 0.508227 0.608073 0.508227 0.608724 0.509141 0.609375 0.509141 0.610026 0.510055 0.610677 0.510969 0.610677 0.511883 0.610677 0.512797 0.610677 0.513711 0.610677 0.514625 0.610026 0.515539 0.609375 0.516453 0.608724 0.516453 0.608073 0.517367 0.607422 0.517367 0.606771 0.516453 0.607422 0.517367 0.606771 0.518282 0.606120 0.518282 0.605469 0.518282 0.604818 0.519196 0.605469 0.520110 0.605469 0.521024 0.605469 0.521938 0.605469 0.522852 0.604818 0.523766 0.604818 0.524680 0.604167 0.525594 0.603516 0.526508 0.602865 0.525594 0.603516 0.526508 0.603516 0.527422 0.603516 0.528336 0.603516 0.529250 0.602865 0.530165 0.602214 0.531079 0.601562 0.530165 0.602214 0.531079 0.602214 0.531993 0.602865 0.532907 0.602865 0.533821 0.603516 0.534735 0.603516 0.535649 0.603516 0.536563 0.603516 0.537477 0.604167 0.538391 0.603516 0.539305 0.604167 0.538391 0.604818 0.539305 0.605469 0.540219 0.606120 0.540219 0.606771 0.540219 0.607422 0.541133 0.608073 0.541133 0.608724 0.542048 0.609375 0.542962 0.610026 0.543876 0.610026 0.544790 0.610026 0.545704 0.610026 0.546618 0.609375 0.547532 0.608724 0.548446 0.608073 0.548446 0.607422 0.549360 0.606771 0.548446 0.606120 0.548446 0.605469 0.548446 0.606120 0.548446 0.606771 0.548446 0.607422 0.549360 0.607422 0.550274 0.607422 0.551188 0.606771 0.552102 0.607422 0.551188 0.608073 0.550274 0.608724 0.550274 0.609375 0.550274 0.610026 0.550274 0.610677 0.551188 0.611328 0.550274 0.611979 0.551188 0.611979 0.552102 0.612630 0.552102 0.613281 0.553016 0.612630 0.552102 0.611979 0.551188 0.611328 0.550274 0.611328 0.549360 0.611979 0.548446 0.612630 0.547532 0.613281 0.546618 0.612630 0.545704 0.612630 0.544790 0.612630 0.543876 0.613281 0.542962 0.613281 0.542048 0.613281 0.541133 0.613932 0.540219 0.614583 0.539305 0.615234 0.540219 0.614583 0.539305 0.615234 0.538391 0.615885 0.537477 0.616536 0.537477 0.616536 0.536563 0.616536 0.535649 0.616536 0.534735 0.617188 0.533821 0.617839 0.532907 0.617839 0.531993 0.617839 0.531079 0.617839 0.530165 0.617839 0.529250 0.617839 0.528336 0.617188 0.527422 0.617188 0.526508 0.616536 0.526508 0.615885 0.526508 0.615234 0.526508 0.614583 0.526508 0.613932 0.526508 0.613281 0.525594 0.613932 0.524680 0.614583 0.524680 0.615234 0.524680 0.615885 0.524680 0.616536 0.524680 0.617188 0.523766 0.616536 0.524680 0.615885 0.523766 0.615234 0.522852 0.614583 0.521938 0.614583 0.521024 0.614583 0.520110 0.614583 0.519196 0.614583 0.518282 0.615234 0.517367 0.614583 0.516453 0.614583 0.515539 0.614583 0.514625 0.615234 0.513711 0.615885 0.512797 0.616536 0.512797 0.617188 0.511883 0.617839 0.512797 0.618490 0.512797 0.619141 0.513711 0.619792 0.513711 0.620443 0.513711 0.621094 0.514625 0.621745 0.513711 0.622396 0.513711 0.623047 0.514625 0.623698 0.514625 0.624349 0.514625 0.625000 0.513711 0.625651 0.514625 0.626302 0.513711 0.626953 0.514625 0.627604 0.513711 0.628255 0.513711 0.628906 0.513711 0.629557 0.513711 0.630208 0.513711 0.630208 0.512797 0.630208 0.511883 0.630208 0.510969 0.630208 0.510055 0.630208 0.509141 0.630859 0.508227 0.631510 0.509141 0.631510 0.510055 0.631510 0.510969 0.631510 0.511883 0.631510 0.512797 0.632161 0.512797 0.632812 0.513711 0.633464 0.513711 0.634115 0.512797 0.634766 0.513711 0.635417 0.513711 0.636068 0.514625 0.636719 0.514625 0.637370 0.515539 0.638021 0.516453 0.638021 0.517367 0.638021 0.518282 0.637370 0.519196 0.636719 0.520110 0.636068 0.519196 0.636719 0.520110 0.636719 0.521024 0.636068 0.521938 0.635417 0.521938 0.636068 0.521938 0.636719 0.521024 0.637370 0.521024 0.638021 0.520110 0.638672 0.520110 0.639323 0.520110 0.639974 0.520110 0.639974 0.519196 0.640625 0.518282 0.640625 0.517367 0.641276 0.516453 0.641927 0.515539 0.642578 0.514625 0.643229 0.513711 0.643880 0.513711 0.644531 0.512797 0.645182 0.512797 0.645833 0.512797 0.646484 0.512797 0.647135 0.512797 0.647786 0.513711 0.648438 0.513711 0.649089 0.513711 0.649740 0.514625 0.650391 0.514625 0.651042 0.513711 0.651693 0.513711 0.652344 0.513711 0.652995 0.514625 0.653646 0.514625 0.654297 0.513711 0.654948 0.513711 0.655599 0.514625 0.656250 0.514625 0.656901 0.514625 0.657552 0.513711 0.658203 0.513711 0.658854 0.513711 0.659505 0.513711 0.660156 0.512797 0.660807 0.513711 0.661458 0.513711 0.662109 0.513711 0.662760 0.514625 0.663411 0.515539 0.664062 0.516453 0.664714 0.516453 0.665365 0.516453 0.666016 0.515539 0.666667 0.515539 0.667318 0.515539 0.667969 0.515539 0.668620 0.516453 0.669271 0.515539 0.669922 0.514625 0.670573 0.514625 0.671224 0.513711 0.671875 0.513711 0.672526 0.513711 0.673177 0.513711 0.673828 0.513711 0.674479 0.513711 0.675130 0.513711 0.675781 0.513711 0.676432 0.513711 0.677083 0.514625 0.677734 0.514625 0.678385 0.515539 0.679036 0.516453 0.679688 0.517367 0.680339 0.518282 0.680990 0.517367 0.681641 0.517367 0.682292 0.517367 0.682943 0.518282 0.682292 0.517367 0.682943 0.516453 0.683594 0.515539 0.684245 0.515539 0.684896 0.514625 0.685547 0.514625 0.686198 0.513711 0.686849 0.513711 0.687500 0.512797 0.688151 0.512797 0.688802 0.512797 0.689453 0.513711 0.690104 0.512797 0.690755 0.513711 0.691406 0.513711 0.692057 0.514625 0.692708 0.515539 0.693359 0.516453 0.693359 0.517367 0.693359 0.518282 0.692708 0.519196 0.692708 0.520110 0.692708 0.521024 0.692057 0.521938 0.691406 0.522852 0.690755 0.521938 0.691406 0.522852 0.690755 0.523766 0.690104 0.524680 0.689453 0.523766 0.690104 0.524680 0.690104 0.525594 0.689453 0.526508 0.688802 0.527422 0.688151 0.526508 0.688802 0.527422 0.688802 0.528336 0.688802 0.529250 0.688802 0.530165 0.688802 0.531079 0.688802 0.531993 0.688151 0.532907 0.688802 0.531993 0.689453 0.532907 0.690104 0.533821 0.690755 0.534735 0.691406 0.535649 0.692057 0.536563 0.692057 0.537477 0.692057 0.538391 0.692057 0.539305 0.691406 0.540219 0.692057 0.541133 0.692708 0.542048 0.692708 0.542962 0.692708 0.543876 0.692057 0.544790 0.691406 0.545704 0.690755 0.545704 0.690104 0.546618 0.689453 0.546618 0.688802 0.545704 0.688151 0.545704 0.687500 0.544790 0.686849 0.543876 0.687500 0.542962 0.686849 0.543876 0.686198 0.542962 0.685547 0.542962 0.684896 0.542048 0.684245 0.541133 0.684245 0.540219 0.684896 0.539305 0.684245 0.540219 0.683594 0.541133 0.682943 0.540219 0.682292 0.540219 0.681641 0.541133 0.680990 0.540219 0.681641 0.541133 0.681641 0.542048 0.680990 0.542962 0.680339 0.543876 0.679688 0.543876 0.679036 0.544790 0.678385 0.544790 0.677734 0.543876 0.677083 0.544790 0.676432 0.544790 0.675781 0.543876 0.676432 0.544790 0.676432 0.545704 0.675781 0.546618 0.675130 0.547532 0.674479 0.547532 0.673828 0.548446 0.673177 0.547532 0.672526 0.546618 0.671875 0.545704 0.671224 0.544790 0.671224 0.543876 0.671875 0.542962 0.671224 0.542048 0.671224 0.541133 0.671224 0.540219 0.671875 0.539305 0.671875 0.538391 0.671875 0.537477 0.672526 0.536563 0.673177 0.535649 0.673828 0.535649 0.674479 0.534735 0.675130 0.535649 0.674479 0.534735 0.674479 0.533821 0.674479 0.532907 0.674479 0.531993 0.674479 0.531079 0.674479 0.530165 0.674479 0.529250 0.673828 0.528336 0.673828 0.527422 0.673828 0.526508 0.674479 0.525594 0.673828 0.526508 0.673177 0.525594 0.672526 0.524680 0.671875 0.523766 0.672526 0.524680 0.672526 0.525594 0.672526 0.526508 0.673177 0.527422 0.673177 0.528336 0.673177 0.529250 0.673177 0.530165 0.672526 0.531079 0.671875 0.531993 0.671224 0.531993 0.670573 0.532907 0.669922 0.531993 0.669271 0.531993 0.668620 0.531079 0.667969 0.530165 0.667318 0.530165 0.666667 0.529250 0.666016 0.529250 0.665365 0.528336 0.664714 0.527422 0.664714 0.526508 0.664062 0.525594 0.664062 0.524680 0.663411 0.523766 0.663411 0.522852 0.663411 0.521938 0.663411 0.521024 0.663411 0.520110 0.664062 0.519196 0.664062 0.518282 0.664062 0.519196 0.663411 0.520110 0.662760 0.519196 0.663411 0.520110 0.662760 0.521024 0.662109 0.521938 0.661458 0.522852 0.660807 0.522852 0.660807 0.523766 0.660807 0.524680 0.660807 0.525594 0.660807 0.526508 0.660807 0.527422 0.660156 0.528336 0.660807 0.529250 0.660807 0.530165 0.660807 0.531079 0.660807 0.531993 0.660807 0.532907 0.660807 0.533821 0.661458 0.534735 0.661458 0.535649 0.662109 0.536563 0.662109 0.537477 0.662109 0.538391 0.662109 0.539305 0.662760 0.540219 0.662760 0.541133 0.662760 0.542048 0.662109 0.542962 0.661458 0.543876 0.660807 0.543876 0.660156 0.544790 0.659505 0.544790 0.658854 0.545704 0.658203 0.544790 0.658203 0.543876 0.657552 0.543876 0.656901 0.542962 0.656250 0.542962 0.655599 0.542962 0.654948 0.542048 0.654297 0.542048 0.653646 0.542048 0.652995 0.542048 0.652344 0.541133 0.651693 0.542048 0.651042 0.542048 0.650391 0.542048 0.649740 0.541133 0.650391 0.542048 0.649740 0.542962 0.649740 0.543876 0.649089 0.544790 0.649089 0.545704 0.649740 0.546618 0.650391 0.547532 0.650391 0.548446 0.651042 0.549360 0.651693 0.550274 0.652344 0.551188 0.652995 0.552102 0.652995 0.553016 0.652995 0.553931 0.652995 0.554845 0.652344 0.555759 0.652995 0.556673 0.652995 0.557587 0.652995 0.558501 0.652344 0.559415 0.652344 0.560329 0.651693 0.561243 0.651042 0.562157 0.650391 0.563071 0.649740 0.563985 0.649089 0.563985 0.648438 0.564899 0.647786 0.564899 0.647135 0.564899 0.646484 0.563985 0.647135 0.563071 0.646484 0.563985 0.645833 0.563071 0.645182 0.562157 0.645182 0.561243 0.645182 0.560329 0.645182 0.559415 0.644531 0.558501 0.644531 0.557587 0.644531 0.556673 0.645182 0.555759 0.644531 0.556673 0.643880 0.555759 0.643229 0.554845 0.642578 0.554845 0.641927 0.553931 0.641276 0.553016 0.641276 0.552102 0.640625 0.552102 0.639974 0.552102 0.639323 0.552102 0.638672 0.551188 0.639323 0.552102 0.638672 0.553016 0.638021 0.553931 0.637370 0.554845 0.636719 0.553931 0.637370 0.554845 0.637370 0.555759 0.637370 0.556673 0.636719 0.557587 0.636068 0.558501 0.636068 0.559415 0.636068 0.560329 0.636068 0.561243 0.636068 0.562157 0.636068 0.563071 0.636719 0.563985 0.636719 0.564899 0.637370 0.565814 0.637370 0.566728 0.636719 0.567642 0.637370 0.566728 0.638021 0.565814 0.638672 0.566728 0.639323 0.566728 0.639974 0.567642 0.640625 0.567642 0.641276 0.566728 0.641927 0.566728 0.642578 0.565814 0.643229 0.566728 0.643880 0.566728 0.644531 0.565814 0.645182 0.565814 0.645833 0.566728 0.645833 0.567642 0.646484 0.568556 0.647135 0.569470 0.647135 0.570384 0.647135 0.571298 0.647135 0.572212 0.647135 0.573126 0.647135 0.574040 0.647135 0.574954 0.647135 0.575868 0.647786 0.576782 0.647786 0.577697 0.648438 0.578611 0.648438 0.579525 0.647786 0.580439 0.648438 0.579525 0.649089 0.579525 0.649740 0.580439 0.650391 0.580439 0.651042 0.580439 0.651693 0.581353 0.652344 0.580439 0.652995 0.581353 0.653646 0.581353 0.654297 0.581353 0.654948 0.581353 0.655599 0.580439 0.656250 0.580439 0.656901 0.580439 0.657552 0.580439 0.658203 0.580439 0.658854 0.580439 0.659505 0.580439 0.660156 0.579525 0.660156 0.578611 0.660807 0.577697 0.661458 0.576782 0.662109 0.576782 0.662760 0.575868 0.663411 0.576782 0.664062 0.576782 0.663411 0.576782 0.662760 0.575868 0.662760 0.574954 0.662760 0.574040 0.662109 0.573126 0.662109 0.572212 0.662109 0.571298 0.662109 0.570384 0.662760 0.569470 0.662109 0.569470 0.661458 0.568556 0.660807 0.567642 0.660807 0.566728 0.660807 0.565814 0.660807 0.564899 0.660807 0.563985 0.660156 0.563071 0.660156 0.562157 0.659505 0.561243 0.660156 0.560329 0.659505 0.561243 0.658854 0.560329 0.658203 0.559415 0.657552 0.558501 0.658203 0.557587 0.658203 0.556673 0.658203 0.557587 0.657552 0.558501 0.656901 0.558501 0.656250 0.557587 0.655599 0.557587 0.654948 0.556673 0.654297 0.555759 0.654948 0.554845 0.654297 0.553931 0.654297 0.553016 0.654297 0.552102 0.654948 0.551188 0.655599 0.550274 0.656250 0.550274 0.656901 0.549360 0.657552 0.549360 0.658203 0.548446 0.658854 0.548446 0.659505 0.549360 0.660156 0.549360 0.660807 0.550274 0.661458 0.551188 0.661458 0.552102 0.662109 0.551188 0.662760 0.551188 0.663411 0.550274 0.664062 0.550274 0.664714 0.551188 0.665365 0.551188 0.666016 0.552102 0.666667 0.553016 0.667318 0.553931 0.667318 0.554845 0.666667 0.555759 0.667318 0.554845 0.667969 0.555759 0.668620 0.555759 0.669271 0.554845 0.669922 0.554845 0.670573 0.553931 0.671224 0.553931 0.671875 0.553016 0.672526 0.553016 0.673177 0.552102 0.673828 0.553016 0.674479 0.553016 0.675130 0.552102 0.675781 0.552102 0.676432 0.551188 0.677083 0.552102 0.677734 0.552102 0.678385 0.553016 0.679036 0.553931 0.679688 0.554845 0.679688 0.555759 0.679688 0.556673 0.679688 0.557587 0.679036 0.558501 0.679036 0.559415 0.679036 0.560329 0.678385 0.561243 0.677734 0.562157 0.677083 0.562157 0.677083 0.563071 0.677083 0.563985 0.676432 0.564899 0.675781 0.565814 0.675130 0.565814 0.674479 0.566728 0.673828 0.565814 0.674479 0.566728 0.674479 0.567642 0.674479 0.568556 0.674479 0.569470 0.674479 0.570384 0.674479 0.571298 0.674479 0.572212 0.673828 0.573126 0.674479 0.574040 0.675130 0.574954 0.675130 0.575868 0.675130 0.576782 0.674479 0.577697 0.675130 0.577697 0.675781 0.578611 0.676432 0.579525 0.675781 0.580439 0.675781 0.581353 0.675781 0.580439 0.676432 0.579525 0.677083 0.580439 0.677734 0.580439 0.678385 0.581353 0.679036 0.582267 0.679688 0.583181 0.679036 0.584095 0.679688 0.583181 0.680339 0.583181 0.680990 0.583181 0.681641 0.582267 0.682292 0.582267 0.682943 0.581353 0.683594 0.581353 0.684245 0.581353 0.684896 0.581353 0.685547 0.581353 0.686198 0.580439 0.686849 0.579525 0.687500 0.579525 0.688151 0.578611 0.688802 0.578611 0.689453 0.578611 0.690104 0.577697 0.690755 0.577697 0.691406 0.576782 0.692057 0.577697 0.691406 0.576782 0.691406 0.575868 0.690755 0.575868 0.690104 0.574954 0.689453 0.574040 0.689453 0.573126 0.689453 0.572212 0.690104 0.571298 0.690755 0.570384 0.691406 0.571298 0.690755 0.570384 0.690755 0.569470 0.691406 0.568556 0.690755 0.567642 0.690755 0.566728 0.690755 0.565814 0.691406 0.564899 0.690755 0.565814 0.690104 0.564899 0.689453 0.563985 0.690104 0.563071 0.689453 0.563985 0.688802 0.563071 0.688151 0.562157 0.687500 0.561243 0.686849 0.560329 0.686198 0.559415 0.686198 0.558501 0.686198 0.557587 0.686198 0.556673 0.686849 0.555759 0.687500 0.554845 0.688151 0.553931 0.688802 0.553016 0.689453 0.553016 0.690104 0.552102 0.690755 0.552102 0.691406 0.551188 0.692057 0.552102 0.692708 0.552102 0.693359 0.552102 0.694010 0.552102 0.694661 0.552102 0.695312 0.552102 0.695964 0.553016 0.696615 0.553016 0.697266 0.552102 0.697917 0.552102 0.698568 0.552102 0.699219 0.551188 0.699870 0.551188 0.700521 0.550274 0.701172 0.551188 0.701823 0.550274 0.702474 0.550274 0.703125 0.550274 0.703125 0.549360 0.703125 0.548446 0.703125 0.547532 0.703776 0.546618 0.704427 0.547532 0.704427 0.548446 0.704427 0.549360 0.705078 0.549360 0.705729 0.550274 0.706380 0.550274 0.707031 0.551188 0.707682 0.551188 0.708333 0.552102 0.708984 0.553016 0.708984 0.553931 0.708984 0.554845 0.708984 0.555759 0.708333 0.556673 0.707682 0.557587 0.707031 0.556673 0.707682 0.557587 0.707682 0.558501 0.707682 0.559415 0.707682 0.560329 0.707682 0.561243 0.707682 0.562157 0.707031 0.563071 0.706380 0.563985 0.705729 0.563985 0.705078 0.564899 0.704427 0.564899 0.703776 0.564899 0.703776 0.565814 0.703125 0.566728 0.702474 0.567642 0.701823 0.567642 0.701172 0.568556 0.700521 0.568556 0.699870 0.567642 0.700521 0.568556 0.700521 0.569470 0.699870 0.570384 0.700521 0.569470 0.701172 0.570384 0.701823 0.571298 0.702474 0.572212 0.701823 0.573126 0.702474 0.572212 0.703125 0.573126 0.703776 0.574040 0.703776 0.574954 0.703776 0.575868 0.704427 0.576782 0.705078 0.577697 0.705729 0.578611 0.705729 0.579525 0.705078 0.580439 0.705729 0.579525 0.706380 0.578611 0.707031 0.579525 0.707682 0.579525 0.708333 0.580439 0.708984 0.580439 0.709635 0.581353 0.710286 0.582267 0.710286 0.583181 0.709635 0.584095 0.710286 0.583181 0.710938 0.583181 0.711589 0.583181 0.712240 0.582267 0.712891 0.581353 0.713542 0.581353 0.714193 0.580439 0.714844 0.580439 0.715495 0.579525 0.716146 0.579525 0.716797 0.580439 0.716146 0.579525 0.716797 0.578611 0.717448 0.577697 0.717448 0.576782 0.718099 0.575868 0.718750 0.574954 0.718750 0.574040 0.718750 0.573126 0.719401 0.572212 0.720052 0.571298 0.720703 0.571298 0.720703 0.570384 0.720052 0.569470 0.720703 0.568556 0.720052 0.569470 0.719401 0.568556 0.718750 0.567642 0.718750 0.566728 0.718750 0.565814 0.718750 0.564899 0.718099 0.563985 0.717448 0.564899 0.716797 0.564899 0.716146 0.564899 0.715495 0.563985 0.714844 0.563985 0.714193 0.563071 0.713542 0.562157 0.713542 0.561243 0.712891 0.560329 0.712891 0.559415 0.712891 0.558501 0.712240 0.558501 0.711589 0.558501 0.710938 0.557587 0.711589 0.556673 0.712240 0.556673 0.712891 0.556673 0.713542 0.556673 0.714193 0.555759 0.714844 0.556673 0.714193 0.555759 0.713542 0.554845 0.713542 0.553931 0.713542 0.553016 0.714193 0.552102 0.714844 0.551188 0.715495 0.551188 0.715495 0.550274 0.715495 0.549360 0.715495 0.548446 0.715495 0.547532 0.715495 0.546618 0.715495 0.545704 0.716146 0.544790 0.716797 0.545704 0.716797 0.546618 0.716797 0.547532 0.716797 0.548446 0.716797 0.549360 0.716797 0.550274 0.717448 0.551188 0.718099 0.551188 0.718750 0.551188 0.719401 0.551188 0.720052 0.552102 0.720703 0.551188 0.721354 0.551188 0.722005 0.551188 0.722656 0.552102 0.723307 0.552102 0.723958 0.553016 0.724609 0.553016 0.725260 0.553016 0.725911 0.553931 0.726562 0.553016 0.727214 0.553016 0.727865 0.552102 0.728516 0.553016 0.729167 0.553016 0.729818 0.553931 0.730469 0.553016 0.731120 0.553016 0.731771 0.553016 0.732422 0.553016 0.732422 0.552102 0.732422 0.551188 0.732422 0.550274 0.732422 0.549360 0.732422 0.548446 0.732422 0.547532 0.733073 0.546618 0.733724 0.547532 0.733724 0.548446 0.733724 0.549360 0.733724 0.550274 0.733724 0.551188 0.733724 0.552102 0.734375 0.553016 0.735026 0.553016 0.735677 0.553931 0.736328 0.554845 0.735677 0.555759 0.735026 0.556673 0.734375 0.557587 0.734375 0.558501 0.734375 0.559415 0.734375 0.560329 0.734375 0.561243 0.733724 0.562157 0.733073 0.563071 0.732422 0.562157 0.733073 0.563071 0.732422 0.563985 0.732422 0.564899 0.731771 0.565814 0.731771 0.566728 0.731771 0.567642 0.731771 0.568556 0.731771 0.569470 0.731771 0.570384 0.731120 0.571298 0.730469 0.572212 0.729818 0.571298 0.730469 0.572212 0.731120 0.573126 0.731120 0.574040 0.731120 0.574954 0.731771 0.575868 0.732422 0.576782 0.732422 0.577697 0.732422 0.578611 0.733073 0.578611 0.733724 0.579525 0.734375 0.580439 0.735026 0.580439 0.735677 0.581353 0.736328 0.582267 0.736979 0.582267 0.737630 0.582267 0.738281 0.582267 0.738932 0.582267 0.739583 0.581353 0.740234 0.581353 0.740885 0.582267 0.741536 0.581353 0.742188 0.581353 0.742839 0.581353 0.743490 0.580439 0.744141 0.580439 0.744792 0.580439 0.745443 0.579525 0.746094 0.580439 0.745443 0.579525 0.745443 0.578611 0.746094 0.577697 0.746745 0.576782 0.747396 0.577697 0.746745 0.576782 0.746745 0.575868 0.747396 0.574954 0.746745 0.574040 0.746745 0.573126 0.746094 0.572212 0.746094 0.571298 0.746094 0.570384 0.746745 0.569470 0.746745 0.568556 0.747396 0.567642 0.748047 0.566728 0.748698 0.565814 0.748047 0.566728 0.747396 0.565814 0.746745 0.565814 0.746094 0.564899 0.745443 0.563985 0.744792 0.563071 0.744792 0.562157 0.744792 0.561243 0.744792 0.560329 0.744792 0.559415 0.744792 0.558501 0.744792 0.557587 0.744792 0.556673 0.745443 0.555759 0.746094 0.554845 0.746745 0.553931 0.747396 0.553931 0.748047 0.553016 0.748698 0.553016 0.749349 0.552102 0.750000 0.552102 0.750651 0.553016 0.751302 0.553016 0.751953 0.553016 0.752604 0.553016 0.753255 0.552102 0.753906 0.552102 0.754557 0.551188 0.755208 0.551188 0.755859 0.552102 0.756510 0.552102 0.755859 0.552102 0.755208 0.551188 0.755208 0.550274 0.755208 0.549360 0.755859 0.548446 0.756510 0.547532 0.755859 0.546618 0.755859 0.545704 0.755859 0.544790 0.755859 0.543876 0.755859 0.542962 0.756510 0.542048 0.757161 0.541133 0.757812 0.540219 0.758464 0.539305 0.759115 0.539305 0.759115 0.538391 0.759115 0.537477 0.759115 0.536563 0.759766 0.535649 0.760417 0.534735 0.761068 0.533821 0.761719 0.532907 0.762370 0.533821 0.761719 0.532907 0.761068 0.531993 0.761068 0.531079 0.761068 0.530165 0.761719 0.529250 0.761719 0.528336 0.761068 0.527422 0.761068 0.526508 0.761719 0.525594 0.761068 0.526508 0.760417 0.526508 0.759766 0.525594 0.759115 0.525594 0.758464 0.525594 0.758464 0.526508 0.758464 0.527422 0.758464 0.528336 0.757812 0.529250 0.757812 0.530165 0.757161 0.531079 0.757161 0.531993 0.756510 0.532907 0.755859 0.533821 0.755208 0.533821 0.754557 0.534735 0.753906 0.534735 0.753255 0.533821 0.752604 0.533821 0.751953 0.532907 0.751302 0.531993 0.751953 0.531079 0.751302 0.531993 0.750651 0.531079 0.750000 0.530165 0.750000 0.529250 0.750000 0.528336 0.750000 0.527422 0.750651 0.526508 0.750000 0.525594 0.750000 0.524680 0.750000 0.523766 0.750651 0.522852 0.751302 0.521938 0.751953 0.521938 0.752604 0.521024 0.753255 0.521024 0.753906 0.520110 0.754557 0.520110 0.755208 0.519196 0.755859 0.520110 0.755859 0.521024 0.755859 0.520110 0.755208 0.519196 0.755208 0.518282 0.755859 0.517367 0.755859 0.516453 0.756510 0.515539 0.757161 0.514625 0.757812 0.513711 0.758464 0.513711 0.759115 0.512797 0.759766 0.512797 0.760417 0.512797 0.761068 0.512797 0.761719 0.512797 0.762370 0.512797 0.763021 0.512797 0.763672 0.512797 0.764323 0.512797 0.764974 0.513711 0.765625 0.513711 0.766276 0.513711 0.766927 0.513711 0.767578 0.513711 0.768229 0.514625 0.768880 0.514625 0.769531 0.513711 0.770182 0.513711 0.770833 0.513711 0.771484 0.512797 0.772135 0.513711 0.772786 0.513711 0.773438 0.512797 0.774089 0.512797 0.774740 0.512797 0.775391 0.512797 0.776042 0.513711 0.776693 0.513711 0.777344 0.512797 0.777995 0.513711 0.778646 0.513711 0.779297 0.514625 0.779948 0.515539 0.779948 0.516453 0.779948 0.517367 0.780599 0.517367 0.781250 0.518282 0.781901 0.518282 0.782552 0.519196 0.783203 0.519196 0.783854 0.519196 0.784505 0.520110 0.784505 0.521024 0.784505 0.521938 0.784505 0.522852 0.784505 0.523766 0.783854 0.524680 0.783203 0.524680 0.782552 0.525594 0.781901 0.525594 0.781250 0.525594 0.780599 0.524680 0.779948 0.524680 0.779297 0.524680 0.778646 0.523766 0.777995 0.523766 0.777344 0.523766 0.776693 0.523766 0.776042 0.524680 0.775391 0.523766 0.776042 0.524680 0.776042 0.525594 0.775391 0.526508 0.774740 0.527422 0.774740 0.528336 0.774740 0.529250 0.774740 0.530165 0.774089 0.531079 0.774089 0.531993 0.774740 0.532907 0.774740 0.533821 0.774740 0.534735 0.774740 0.535649 0.775391 0.536563 0.774740 0.537477 0.775391 0.536563 0.776042 0.537477 0.776693 0.538391 0.777344 0.539305 0.777344 0.540219 0.777344 0.541133 0.776693 0.542048 0.776042 0.542048 0.775391 0.542962 0.774740 0.542962 0.775391 0.543876 0.776042 0.542962 0.776693 0.542962 0.776693 0.542048 0.777344 0.541133 0.777995 0.541133 0.778646 0.541133 0.779297 0.541133 0.779948 0.541133 0.780599 0.542048 0.781250 0.541133 0.781901 0.541133 0.782552 0.540219 0.783203 0.540219 0.783854 0.540219 0.784505 0.540219 0.785156 0.539305 0.785807 0.539305 0.786458 0.538391 0.787109 0.538391 0.787760 0.538391 0.788411 0.537477 0.789062 0.538391 0.789714 0.537477 0.790365 0.537477 0.791016 0.538391 0.791667 0.539305 0.791016 0.538391 0.790365 0.537477 0.790365 0.536563 0.791016 0.535649 0.791016 0.534735 0.790365 0.533821 0.790365 0.532907 0.790365 0.531993 0.789714 0.531079 0.789714 0.530165 0.789714 0.529250 0.789714 0.528336 0.789714 0.527422 0.789714 0.526508 0.789062 0.525594 0.789714 0.524680 0.789062 0.525594 0.788411 0.524680 0.787760 0.523766 0.787109 0.522852 0.787760 0.521938 0.787109 0.522852 0.786458 0.521938 0.785807 0.521024 0.785156 0.520110 0.784505 0.520110 0.783854 0.519196 0.784505 0.518282 0.783854 0.517367 0.783854 0.516453 0.783854 0.515539 0.783854 0.514625 0.784505 0.513711 0.785156 0.512797 0.785807 0.512797 0.786458 0.511883 0.787109 0.511883 0.787760 0.511883 0.788411 0.511883 0.789062 0.512797 0.789714 0.512797 0.790365 0.512797 0.791016 0.512797 0.791667 0.513711 0.792318 0.513711 0.792969 0.513711 0.793620 0.513711 0.794271 0.512797 0.794922 0.512797 0.795573 0.511883 0.796224 0.511883 0.796875 0.511883 0.797526 0.512797 0.798177 0.512797 0.798828 0.512797 0.799479 0.512797 0.800130 0.512797 0.800781 0.512797 0.801432 0.512797 0.802083 0.512797 0.802734 0.511883 0.803385 0.512797 0.804036 0.512797 0.804688 0.512797 0.805339 0.512797 0.805990 0.512797 0.806641 0.512797 0.807292 0.513711 0.807943 0.513711 0.808594 0.514625 0.809245 0.514625 0.809896 0.514625 0.810547 0.514625 0.811198 0.514625 0.811849 0.514625 0.812500 0.514625 0.813151 0.514625 0.813802 0.514625 0.814453 0.513711 0.815104 0.513711 0.815755 0.512797 0.816406 0.512797 0.817057 0.511883 0.817708 0.511883 0.818359 0.511883 0.819010 0.512797 0.819661 0.512797 0.820312 0.512797 0.820964 0.513711 0.821615 0.513711 0.822266 0.514625 0.822917 0.513711 0.823568 0.513711 0.824219 0.513711 0.824870 0.512797 0.825521 0.512797 0.826172 0.512797 0.826823 0.512797 0.827474 0.513711 0.828125 0.512797 0.828776 0.512797 0.829427 0.513711 0.830078 0.512797 0.830729 0.512797 0.831380 0.512797 0.832031 0.512797 0.832682 0.512797 0.833333 0.512797 0.833984 0.512797 0.834635 0.512797 0.835286 0.512797 0.835938 0.513711 0.836589 0.513711 0.837240 0.514625 0.837891 0.514625 0.838542 0.515539 0.839193 0.514625 0.839844 0.514625 0.840495 0.515539 0.841146 0.515539 0.841797 0.514625 0.842448 0.515539 0.843099 0.514625 0.843750 0.515539 0.844401 0.514625 0.845052 0.514625 0.845703 0.513711 0.846354 0.513711 0.847005 0.513711 0.847656 0.513711 0.848307 0.513711 0.848958 0.513711 0.849609 0.513711 0.850260 0.512797 0.850911 0.513711 0.851562 0.513711 0.852214 0.513711 0.852865 0.512797 0.853516 0.512797 0.854167 0.513711 0.854818 0.513711 0.855469 0.513711 0.856120 0.513711 0.856771 0.513711 0.857422 0.513711 0.858073 0.512797 0.858724 0.513711 0.859375 0.513711 0.860026 0.513711 0.860677 0.512797 0.861328 0.512797 0.861979 0.513711 0.862630 0.513711 0.863281 0.513711 0.863932 0.513711 0.864583 0.513711 0.865234 0.513711 0.865885 0.513711 0.866536 0.513711 0.867188 0.513711 0.867839 0.513711 0.868490 0.512797 0.869141 0.512797 0.869792 0.512797 0.870443 0.513711 0.871094 0.512797 0.871745 0.512797 0.872396 0.512797 0.873047 0.512797 0.873698 0.512797 0.874349 0.512797 0.875000 0.512797 0.875651 0.512797 0.876302 0.512797 0.876953 0.512797 0.877604 0.512797 0.878255 0.511883 0.878906 0.512797 0.879557 0.512797 0.880208 0.513711 0.880859 0.512797 0.881510 0.512797 0.882161 0.511883 0.882812 0.511883 0.883464 0.511883 0.884115 0.511883 0.884766 0.511883 0.885417 0.511883 0.886068 0.512797 0.886719 0.511883 0.887370 0.511883 0.888021 0.511883 0.888672 0.511883 0.889323 0.512797 0.889974 0.512797 0.890625 0.513711 0.891276 0.512797 0.891927 0.512797 0.892578 0.512797 0.893229 0.511883 0.893880 0.512797 0.894531 0.512797 0.895182 0.512797 0.895833 0.511883 0.896484 0.511883 0.897135 0.511883 0.897786 0.510969 0.898438 0.511883 0.899089 0.510969 0.899740 0.510969 0.900391 0.510969 0.901042 0.510969 0.901693 0.510055 0.902344 0.510969 0.902995 0.510055 0.903646 0.510055 0.904297 0.510055 0.904948 0.509141 0.905599 0.509141 0.906250 0.508227 0.906901 0.509141 0.907552 0.510055 0.908203 0.509141 0.908854 0.508227 0.909505 0.509141 0.910156 0.509141 0.910807 0.508227 0.911458 0.508227 0.912109 0.508227 0.912760 0.509141 0.913411 0.509141 0.914062 0.510055 0.914714 0.510969 0.914714 0.511883 0.914714 0.512797 0.914714 0.513711 0.915365 0.514625 0.916016 0.515539 0.916016 0.516453 0.916016 0.517367 0.916016 0.518282 0.915365 0.519196 0.916016 0.520110 0.916016 0.521024 0.915365 0.521938 0.916016 0.521024 0.916667 0.521938 0.917318 0.521938 0.917969 0.522852 0.918620 0.521938 0.919271 0.522852 0.919922 0.522852 0.920573 0.522852 0.921224 0.522852 0.921875 0.523766 0.922526 0.523766 0.923177 0.524680 0.923828 0.525594 0.924479 0.526508 0.923828 0.527422 0.924479 0.528336 0.924479 0.529250 0.924479 0.530165 0.924479 0.531079 0.924479 0.531993 0.924479 0.532907 0.923828 0.533821 0.923177 0.534735 0.922526 0.534735 0.921875 0.535649 0.921224 0.534735 0.920573 0.533821 0.921224 0.534735 0.920573 0.535649 0.921224 0.536563 0.921224 0.537477 0.921224 0.538391 0.921224 0.539305 0.921224 0.540219 0.920573 0.541133 0.919922 0.542048 0.919271 0.542962 0.918620 0.542962 0.917969 0.543876 0.917318 0.543876 0.916667 0.543876 0.916016 0.544790 0.915365 0.543876 0.916016 0.544790 0.915365 0.545704 0.914714 0.546618 0.914062 0.547532 0.913411 0.547532 0.912760 0.548446 0.912109 0.547532 0.911458 0.547532 0.910807 0.547532 0.910156 0.547532 0.909505 0.546618 0.908854 0.546618 0.908203 0.547532 0.907552 0.546618 0.906901 0.546618 0.906250 0.545704 0.905599 0.545704 0.904948 0.546618 0.904297 0.545704 0.904297 0.544790 0.903646 0.544790 0.902995 0.543876 0.902344 0.543876 0.901693 0.542962 0.901042 0.542048 0.901042 0.541133 0.901042 0.540219 0.901693 0.539305 0.901693 0.538391 0.902344 0.537477 0.902995 0.536563 0.903646 0.537477 0.902995 0.536563 0.902995 0.535649 0.903646 0.534735 0.904297 0.533821 0.904948 0.534735 0.904297 0.533821 0.904297 0.532907 0.904297 0.531993 0.904948 0.531079 0.904297 0.530165 0.904297 0.529250 0.903646 0.528336 0.903646 0.527422 0.903646 0.526508 0.903646 0.525594 0.902995 0.525594 0.902344 0.524680 0.901693 0.525594 0.901042 0.524680 0.900391 0.524680 0.899740 0.524680 0.899089 0.525594 0.898438 0.524680 0.899089 0.525594 0.899089 0.526508 0.899740 0.527422 0.899740 0.528336 0.899740 0.529250 0.899089 0.530165 0.898438 0.531079 0.897786 0.531079 0.897135 0.531993 0.896484 0.531993 0.895833 0.531079 0.895182 0.531079 0.894531 0.531079 0.893880 0.530165 0.893229 0.530165 0.892578 0.529250 0.891927 0.528336 0.891927 0.527422 0.891927 0.526508 0.891276 0.525594 0.890625 0.524680 0.891276 0.523766 0.890625 0.524680 0.889974 0.524680 0.889323 0.525594 0.888672 0.526508 0.888021 0.525594 0.888672 0.526508 0.888021 0.527422 0.887370 0.528336 0.886719 0.527422 0.887370 0.528336 0.887370 0.529250 0.888021 0.530165 0.888021 0.531079 0.887370 0.531993 0.888021 0.531079 0.888672 0.531993 0.889323 0.531993 0.889974 0.532907 0.890625 0.533821 0.891276 0.534735 0.891927 0.535649 0.891927 0.536563 0.891927 0.537477 0.891927 0.538391 0.891276 0.539305 0.891276 0.540219 0.891276 0.541133 0.890625 0.542048 0.889974 0.542962 0.889323 0.542962 0.888672 0.543876 0.888021 0.543876 0.887370 0.542962 0.886719 0.542962 0.886068 0.543876 0.885417 0.543876 0.884766 0.544790 0.884115 0.544790 0.883464 0.543876 0.882812 0.543876 0.882161 0.542962 0.881510 0.542048 0.882161 0.541133 0.881510 0.542048 0.880859 0.542962 0.880208 0.543876 0.879557 0.543876 0.878906 0.542962 0.878255 0.543876 0.877604 0.543876 0.876953 0.543876 0.876302 0.544790 0.875651 0.544790 0.875000 0.543876 0.874349 0.543876 0.873698 0.542962 0.873047 0.542048 0.873047 0.541133 0.873047 0.540219 0.873047 0.539305 0.873698 0.538391 0.874349 0.537477 0.875000 0.538391 0.874349 0.537477 0.875000 0.536563 0.875651 0.535649 0.875651 0.534735 0.875651 0.533821 0.875651 0.532907 0.875651 0.531993 0.876302 0.531079 0.876302 0.530165 0.876302 0.529250 0.875651 0.528336 0.875000 0.527422 0.875000 0.526508 0.875651 0.525594 0.875000 0.526508 0.874349 0.526508 0.873698 0.527422 0.873047 0.526508 0.872396 0.526508 0.871745 0.527422 0.871094 0.528336 0.870443 0.529250 0.869792 0.528336 0.870443 0.529250 0.870443 0.530165 0.870443 0.531079 0.869792 0.531993 0.869141 0.532907 0.868490 0.532907 0.867839 0.533821 0.867188 0.532907 0.866536 0.532907 0.865885 0.531993 0.865234 0.531079 0.864583 0.530165 0.863932 0.529250 0.863932 0.528336 0.863932 0.527422 0.863932 0.526508 0.863932 0.525594 0.863932 0.524680 0.864583 0.523766 0.864583 0.522852 0.863932 0.522852 0.863281 0.522852 0.862630 0.521938 0.863281 0.522852 0.862630 0.523766 0.861979 0.524680 0.861979 0.525594 0.861979 0.526508 0.861328 0.527422 0.861328 0.528336 0.860677 0.529250 0.860677 0.530165 0.860677 0.531079 0.860026 0.531993 0.860677 0.532907 0.860677 0.533821 0.860677 0.534735 0.860026 0.535649 0.860677 0.534735 0.861328 0.535649 0.861979 0.536563 0.861979 0.537477 0.861979 0.538391 0.861328 0.539305 0.860677 0.540219 0.860026 0.541133 0.859375 0.541133 0.858724 0.542048 0.858073 0.542048 0.857422 0.542048 0.857422 0.542962 0.857422 0.543876 0.857422 0.544790 0.856771 0.545704 0.856120 0.546618 0.855469 0.545704 0.856120 0.546618 0.856120 0.547532 0.856120 0.548446 0.856120 0.549360 0.856120 0.550274 0.856120 0.551188 0.855469 0.552102 0.854818 0.553016 0.854167 0.552102 0.854818 0.553016 0.854167 0.553931 0.853516 0.554845 0.852865 0.555759 0.852214 0.556673 0.851562 0.556673 0.850911 0.557587 0.850911 0.558501 0.850260 0.559415 0.849609 0.560329 0.848958 0.559415 0.849609 0.560329 0.848958 0.561243 0.848958 0.562157 0.848307 0.563071 0.847656 0.563985 0.847656 0.564899 0.847656 0.565814 0.847656 0.566728 0.848307 0.567642 0.848307 0.568556 0.848307 0.569470 0.847656 0.570384 0.847005 0.571298 0.846354 0.572212 0.845703 0.571298 0.846354 0.572212 0.845703 0.573126 0.845052 0.574040 0.845052 0.574954 0.845052 0.575868 0.845703 0.576782 0.845052 0.577697 0.845703 0.576782 0.846354 0.577697 0.847005 0.577697 0.847656 0.578611 0.848307 0.578611 0.848958 0.579525 0.849609 0.580439 0.848958 0.581353 0.848958 0.582267 0.848958 0.581353 0.849609 0.580439 0.850260 0.581353 0.850911 0.581353 0.851562 0.582267 0.852214 0.581353 0.852865 0.581353 0.853516 0.580439 0.854167 0.580439 0.854818 0.580439 0.855469 0.581353 0.856120 0.581353 0.856771 0.580439 0.857422 0.581353 0.858073 0.581353 0.858724 0.581353 0.859375 0.581353 0.860026 0.582267 0.860026 0.583181 0.860026 0.582267 0.859375 0.581353 0.860026 0.580439 0.860026 0.579525 0.860677 0.578611 0.861328 0.577697 0.861979 0.577697 0.862630 0.576782 0.862630 0.575868 0.862630 0.574954 0.862630 0.574040 0.862630 0.573126 0.863281 0.572212 0.863281 0.571298 0.863932 0.570384 0.864583 0.569470 0.864583 0.568556 0.863932 0.567642 0.863932 0.566728 0.863281 0.565814 0.863281 0.564899 0.863281 0.563985 0.863932 0.563071 0.863281 0.563985 0.862630 0.563985 0.861979 0.563985 0.861328 0.563071 0.860677 0.563071 0.860026 0.562157 0.859375 0.561243 0.858724 0.560329 0.858073 0.559415 0.858073 0.558501 0.858073 0.557587 0.858073 0.556673 0.858073 0.555759 0.858073 0.554845 0.858073 0.553931 0.858073 0.553016 0.858073 0.552102 0.858073 0.551188 0.858724 0.550274 0.859375 0.549360 0.860026 0.549360 0.860677 0.548446 0.861328 0.548446 0.861979 0.547532 0.862630 0.546618 0.863281 0.546618 0.863932 0.545704 0.864583 0.545704 0.865234 0.545704 0.865885 0.544790 0.866536 0.545704 0.867188 0.545704 0.867839 0.546618 0.868490 0.547532 0.867839 0.548446 0.868490 0.547532 0.869141 0.548446 0.869141 0.549360 0.869141 0.550274 0.869141 0.551188 0.869141 0.552102 0.869141 0.553016 0.869792 0.553931 0.869141 0.554845 0.869792 0.555759 0.869792 0.554845 0.869792 0.553931 0.869141 0.553016 0.869792 0.552102 0.870443 0.551188 0.871094 0.551188 0.871745 0.550274 0.872396 0.550274 0.873047 0.549360 0.873698 0.549360 0.874349 0.548446 0.875000 0.549360 0.875651 0.549360 0.876302 0.550274 0.876953 0.549360 0.877604 0.549360 0.878255 0.549360 0.878906 0.548446 0.879557 0.548446 0.880208 0.548446 0.880859 0.548446 0.881510 0.547532 0.882161 0.548446 0.882812 0.547532 0.883464 0.548446 0.884115 0.548446 0.884766 0.548446 0.885417 0.548446 0.886068 0.549360 0.886719 0.548446 0.887370 0.549360 0.888021 0.548446 0.888672 0.548446 0.889323 0.547532 0.889974 0.547532 0.890625 0.548446 0.891276 0.548446 0.891927 0.549360 0.892578 0.549360 0.893229 0.549360 0.893880 0.550274 0.894531 0.550274 0.895182 0.550274 0.895833 0.549360 0.896484 0.548446 0.897135 0.549360 0.896484 0.548446 0.896484 0.547532 0.897135 0.546618 0.897786 0.545704 0.898438 0.545704 0.899089 0.544790 0.899740 0.545704 0.900391 0.545704 0.901042 0.546618 0.901693 0.547532 0.901042 0.548446 0.901693 0.547532 0.902344 0.547532 0.902995 0.547532 0.903646 0.548446 0.904297 0.547532 0.904948 0.547532 0.905599 0.548446 0.906250 0.548446 0.906901 0.549360 0.907552 0.550274 0.907552 0.551188 0.907552 0.552102 0.907552 0.553016 0.906901 0.553931 0.906901 0.554845 0.906250 0.555759 0.906250 0.556673 0.906250 0.557587 0.906250 0.558501 0.906250 0.559415 0.906250 0.560329 0.905599 0.561243 0.904948 0.562157 0.904948 0.563071 0.904948 0.563985 0.904297 0.564899 0.904297 0.565814 0.904297 0.566728 0.904297 0.567642 0.904297 0.568556 0.903646 0.569470 0.904297 0.570384 0.904297 0.571298 0.904297 0.572212 0.904297 0.573126 0.904297 0.574040 0.904948 0.574040 0.905599 0.574954 0.906250 0.575868 0.906250 0.576782 0.906250 0.577697 0.905599 0.578611 0.906250 0.577697 0.906901 0.578611 0.907552 0.579525 0.907552 0.580439 0.906901 0.581353 0.907552 0.580439 0.908203 0.580439 0.908854 0.580439 0.909505 0.581353 0.910156 0.581353 0.910807 0.581353 0.911458 0.582267 0.912109 0.582267 0.912760 0.581353 0.913411 0.581353 0.914062 0.580439 0.914714 0.580439 0.915365 0.580439 0.916016 0.579525 0.916667 0.578611 0.917318 0.577697 0.917969 0.577697 0.918620 0.576782 0.919271 0.575868 0.919922 0.575868 0.919922 0.574954 0.919922 0.574040 0.919922 0.573126 0.919922 0.572212 0.919922 0.571298 0.919922 0.570384 0.919922 0.569470 0.919922 0.568556 0.920573 0.567642 0.919922 0.566728 0.919922 0.565814 0.919922 0.564899 0.919271 0.563985 0.919271 0.563071 0.918620 0.562157 0.917969 0.561243 0.917318 0.560329 0.916667 0.559415 0.916016 0.558501 0.915365 0.557587 0.915365 0.556673 0.915365 0.555759 0.915365 0.554845 0.914714 0.553931 0.914714 0.553016 0.914714 0.552102 0.914714 0.551188 0.915365 0.550274 0.916016 0.549360 0.916667 0.549360 0.917318 0.548446 0.917969 0.548446 0.918620 0.549360 0.919271 0.549360 0.919922 0.550274 0.920573 0.551188 0.919922 0.552102 0.920573 0.551188 0.920573 0.550274 0.920573 0.549360 0.921224 0.548446 0.920573 0.549360 0.919922 0.548446 0.919271 0.547532 0.919271 0.546618 0.919271 0.545704 0.919922 0.544790 0.919922 0.543876 0.920573 0.542962 0.921224 0.543876 0.921875 0.542962 0.922526 0.542962 0.923177 0.543876 0.923828 0.543876 0.924479 0.543876 0.925130 0.544790 0.925130 0.543876 0.925130 0.542962 0.925130 0.542048 0.925130 0.541133 0.925130 0.540219 0.925781 0.539305 0.926432 0.538391 0.927083 0.538391 0.927734 0.537477 0.928385 0.537477 0.929036 0.538391 0.929688 0.537477 0.930339 0.538391 0.930990 0.538391 0.931641 0.539305 0.932292 0.538391 0.932943 0.538391 0.933594 0.537477 0.934245 0.538391 0.933594 0.537477 0.934245 0.536563 0.934896 0.535649 0.935547 0.534735 0.935547 0.533821 0.935547 0.532907 0.936198 0.531993 0.936198 0.531079 0.936198 0.530165 0.936849 0.529250 0.936849 0.528336 0.936849 0.527422 0.936849 0.526508 0.936198 0.525594 0.936198 0.524680 0.936198 0.523766 0.935547 0.522852 0.935547 0.521938 0.934896 0.521024 0.935547 0.520110 0.934896 0.521024 0.934245 0.520110 0.933594 0.520110 0.932943 0.519196 0.932943 0.518282 0.932943 0.517367 0.932943 0.516453 0.932292 0.515539 0.931641 0.514625 0.931641 0.513711 0.932292 0.512797 0.931641 0.513711 0.930990 0.513711 0.930339 0.512797 0.929688 0.513711 0.929036 0.512797 0.928385 0.512797 0.927734 0.512797 0.927083 0.513711 0.926432 0.514625 0.925781 0.514625 0.925130 0.515539 0.924479 0.514625 0.923828 0.514625 0.923177 0.513711 0.922526 0.512797 0.922526 0.511883 0.921875 0.510969 0.921875 0.510055 0.921875 0.509141 0.921875 0.508227 0.921875 0.507313 0.921875 0.506399 0.921875 0.505484 0.921875 0.504570 0.921875 0.503656 0.921224 0.502742 0.921224 0.501828 0.921875 0.500914 0.921224 0.501828 0.920573 0.500914 0.919922 0.500914 0.919271 0.500000 0.918620 0.500000 0.917969 0.500000 0.917318 0.500000 0.916667 0.499086 0.916016 0.499086 0.915365 0.498172 0.914714 0.499086 0.914062 0.499086 0.913411 0.499086 0.912760 0.498172 0.912109 0.499086 0.911458 0.500000 0.910807 0.499086 0.911458 0.500000 0.910807 0.500914 0.910156 0.501828 0.909505 0.502742 0.908854 0.502742 0.908203 0.503656 0.907552 0.502742 0.906901 0.502742 0.906250 0.501828 0.905599 0.500914 0.904948 0.501828 0.904297 0.501828 0.903646 0.501828 0.902995 0.502742 0.902344 0.501828 0.901693 0.501828 0.901042 0.501828 0.900391 0.501828 0.899740 0.501828 0.899089 0.501828 0.898438 0.501828 0.897786 0.501828 0.897135 0.501828 0.896484 0.501828 0.895833 0.501828 0.895182 0.501828 0.894531 0.501828 0.893880 0.501828 0.893229 0.501828 0.892578 0.501828 0.891927 0.501828 0.891276 0.501828 0.890625 0.501828 0.889974 0.500914 0.889323 0.500914 0.888672 0.500914 0.888021 0.501828 0.887370 0.500914 0.886719 0.500914 0.886068 0.500000 0.885417 0.500000 0.884766 0.499086 0.884115 0.499086 0.883464 0.500000 0.882812 0.499086 0.882161 0.499086 0.881510 0.499086 0.880859 0.500000 0.880208 0.500914 0.879557 0.500914 0.878906 0.501828 0.878255 0.501828 0.877604 0.501828 0.876953 0.501828 0.876302 0.500914 0.875651 0.500914 0.875000 0.500914 0.874349 0.501828 0.873698 0.501828 0.873047 0.500914 0.872396 0.500914 0.871745 0.500914 0.871094 0.501828 0.870443 0.500914 0.869792 0.500914 0.869141 0.500914 0.868490 0.500914 0.867839 0.500914 0.867188 0.500914 0.866536 0.500914 0.865885 0.500000 0.865234 0.500914 0.864583 0.500914 0.863932 0.500914 0.863281 0.500914 0.862630 0.501828 0.861979 0.500914 0.861328 0.500914 0.860677 0.501828 0.860026 0.501828 0.859375 0.501828 0.858724 0.502742 0.858073 0.502742 0.857422 0.501828 0.856771 0.501828 0.856120 0.500914 0.855469 0.500000 0.855469 0.499086 0.856120 0.498172 0.855469 0.499086 0.854818 0.498172 0.854167 0.498172 0.853516 0.498172 0.852865 0.498172 0.852214 0.498172 0.851562 0.499086 0.850911 0.500000 0.850260 0.500000 0.849609 0.500914 0.848958 0.500000 0.848307 0.500914 0.847656 0.500914 0.847005 0.501828 0.846354 0.500914 0.845703 0.500914 0.845052 0.500914 0.844401 0.500914 0.843750 0.500914 0.843099 0.500914 0.842448 0.500914 0.841797 0.500914 0.841146 0.500914 0.840495 0.500914 0.839844 0.500914 0.839193 0.500914 0.838542 0.500914 0.837891 0.500914 0.837240 0.500914 0.836589 0.501828 0.835938 0.501828 0.835286 0.501828 0.834635 0.501828 0.833984 0.500914 0.833333 0.500914 0.832682 0.501828 0.832031 0.501828 0.831380 0.501828 0.830729 0.501828 0.830078 0.501828 0.829427 0.500914 0.828776 0.500914 0.828125 0.500000 0.827474 0.499086 0.826823 0.499086 0.826172 0.499086 0.825521 0.498172 0.824870 0.498172 0.824219 0.499086 0.823568 0.499086 0.822917 0.499086 0.822266 0.499086 0.821615 0.499086 0.820964 0.500000 0.820312 0.500914 0.819661 0.500914 0.819010 0.501828 0.818359 0.501828 0.817708 0.501828 0.817057 0.500914 0.816406 0.500914 0.815755 0.500914 0.815104 0.501828 0.814453 0.501828 0.813802 0.501828 0.813151 0.501828 0.812500 0.501828 0.811849 0.501828 0.811198 0.501828 0.810547 0.501828 0.809896 0.501828 0.809245 0.501828 0.808594 0.501828 0.807943 0.501828 0.807292 0.501828 0.806641 0.501828 0.805990 0.501828 0.805339 0.501828 0.804688 0.501828 0.804036 0.501828 0.803385 0.500914 0.802734 0.500914 0.802083 0.500000 0.801432 0.500000 0.800781 0.500000 0.800130 0.499086 0.799479 0.499086 0.798828 0.498172 0.798177 0.498172 0.797526 0.499086 0.796875 0.499086 0.796224 0.500000 0.795573 0.500000 0.794922 0.500914 0.794271 0.500914 0.793620 0.500914 0.792969 0.500914 0.792318 0.501828 0.791667 0.501828 0.791016 0.501828 0.790365 0.502742 0.789714 0.502742 0.789062 0.501828 0.788411 0.501828 0.787760 0.501828 0.787109 0.501828 0.786458 0.501828 0.785807 0.501828 0.785156 0.501828 0.784505 0.500914 0.783854 0.501828 0.783203 0.501828 0.782552 0.502742 0.781901 0.502742 0.781250 0.502742 0.780599 0.502742 0.779948 0.502742 0.779297 0.502742 0.778646 0.502742 0.777995 0.502742 0.777344 0.502742 0.776693 0.501828 0.776042 0.502742 0.775391 0.501828 0.774740 0.502742 0.774089 0.501828 0.773438 0.502742 0.772786 0.502742 0.772135 0.502742 0.771484 0.502742 0.770833 0.502742 0.770182 0.501828 0.769531 0.500914 0.768880 0.500000 0.768229 0.499086 0.768229 0.498172 0.768880 0.497258 0.769531 0.496344 0.770182 0.496344 0.770833 0.495430 0.771484 0.496344 0.770833 0.495430 0.771484 0.494516 0.772135 0.493601 0.772786 0.493601 0.773438 0.492687 0.774089 0.493601 0.773438 0.492687 0.774089 0.491773 0.774740 0.490859 0.774089 0.489945 0.774089 0.489031 0.774089 0.488117 0.774740 0.487203 0.774089 0.486289 0.774089 0.485375 0.773438 0.485375 0.772786 0.486289 0.772135 0.485375 0.772786 0.486289 0.772786 0.487203 0.772786 0.488117 0.772786 0.489031 0.772786 0.489945 0.772786 0.490859 0.772135 0.491773 0.772135 0.492687 0.771484 0.493601 0.770833 0.494516 0.770182 0.493601 0.770833 0.494516 0.770182 0.495430 0.769531 0.496344 0.768880 0.496344 0.768229 0.497258 0.767578 0.497258 0.766927 0.496344 0.767578 0.497258 0.767578 0.498172 0.766927 0.499086 0.766927 0.500000 0.766276 0.500914 0.765625 0.501828 0.764974 0.501828 0.764323 0.502742 0.763672 0.502742 0.763021 0.502742 0.762370 0.503656 0.761719 0.503656 0.761068 0.503656 0.760417 0.503656 0.759766 0.503656 0.759115 0.502742 0.758464 0.502742 0.757812 0.501828 0.757161 0.500914 0.757161 0.500000 0.757161 0.499086 0.756510 0.498172 0.757161 0.497258 0.756510 0.498172 0.755859 0.498172 0.755208 0.498172 0.754557 0.498172 0.753906 0.498172 0.753255 0.498172 0.752604 0.498172 0.751953 0.498172 0.751302 0.498172 0.750651 0.498172 0.750000 0.498172 0.749349 0.499086 0.748698 0.499086 0.748047 0.499086 0.747396 0.499086 0.746745 0.500000 0.746094 0.500000 0.745443 0.500914 0.744792 0.500914 0.744141 0.501828 0.743490 0.501828 0.742839 0.500914 0.742188 0.501828 0.741536 0.501828 0.740885 0.500914 0.740234 0.500914 0.739583 0.500914 0.738932 0.500000 0.738281 0.500914 0.737630 0.500914 0.736979 0.500914 0.736328 0.501828 0.735677 0.500914 0.735026 0.501828 0.734375 0.501828 0.733724 0.501828 0.733073 0.501828 0.732422 0.501828 0.731771 0.501828 0.731120 0.501828 0.730469 0.501828 0.729818 0.501828 0.729167 0.501828 0.728516 0.501828 0.727865 0.501828 0.727214 0.501828 0.726562 0.500914 0.725911 0.500914 0.725260 0.500000 0.724609 0.499086 0.724609 0.498172 0.724609 0.497258 0.725260 0.496344 0.724609 0.495430 0.725260 0.494516 0.724609 0.495430 0.723958 0.495430 0.723307 0.495430 0.722656 0.496344 0.722005 0.496344 0.721354 0.495430 0.720703 0.494516 0.721354 0.495430 0.721354 0.496344 0.721354 0.497258 0.720703 0.498172 0.720703 0.499086 0.720703 0.500000 0.720052 0.500914 0.719401 0.501828 0.718750 0.501828 0.718099 0.502742 0.717448 0.502742 0.716797 0.502742 0.716146 0.501828 0.715495 0.501828 0.714844 0.501828 0.714193 0.500914 0.713542 0.500914 0.712891 0.500914 0.712240 0.500000 0.711589 0.500000 0.710938 0.499086 0.710286 0.500000 0.709635 0.499086 0.708984 0.499086 0.708333 0.499086 0.707682 0.499086 0.707031 0.498172 0.707682 0.499086 0.707031 0.500000 0.706380 0.500914 0.705729 0.500914 0.705078 0.501828 0.704427 0.500914 0.703776 0.501828 0.703125 0.500914 0.702474 0.500914 0.701823 0.500914 0.701172 0.500914 0.700521 0.500914 0.699870 0.500914 0.699219 0.500914 0.698568 0.500914 0.697917 0.500914 0.697266 0.500914 0.696615 0.500914 0.695964 0.500914 0.695312 0.500914 0.694661 0.500914 0.694010 0.500914 0.693359 0.500914 0.692708 0.500914 0.692057 0.500914 0.691406 0.500914 0.690755 0.500914 0.690104 0.500914 0.689453 0.500914 0.688802 0.500914 0.688151 0.500000 0.687500 0.500000 0.686849 0.499086 0.686198 0.499086 0.685547 0.498172 0.684896 0.497258 0.684245 0.498172 0.683594 0.498172 0.682943 0.499086 0.682292 0.499086 0.681641 0.499086 0.680990 0.499086 0.680339 0.500000 0.679688 0.499086 0.679036 0.499086 0.678385 0.500000 0.677734 0.500000 0.677083 0.500000 0.676432 0.500914 0.675781 0.500914 0.675130 0.501828 0.674479 0.501828 0.673828 0.501828 0.673177 0.501828 0.672526 0.501828 0.671875 0.501828 0.671224 0.501828 0.670573 0.501828 0.669922 0.501828 0.669271 0.500914 0.668620 0.501828 0.667969 0.501828 0.667318 0.501828 0.666667 0.500914 0.666016 0.500914 0.665365 0.501828 0.664714 0.500914 0.664062 0.501828 0.663411 0.500914 0.662760 0.500914 0.662109 0.500914 0.661458 0.501828 0.660807 0.501828 0.660156 0.501828 0.659505 0.501828 0.658854 0.501828 0.658203 0.500914 0.657552 0.500914 0.656901 0.500914 0.656250 0.500914 0.655599 0.500914 0.654948 0.500914 0.654297 0.500914 0.653646 0.500914 0.652995 0.500000 0.652344 0.500000 0.651693 0.499086 0.651042 0.499086 0.650391 0.499086 0.649740 0.499086 0.649089 0.500000 0.648438 0.500914 0.647786 0.500914 0.647135 0.501828 0.646484 0.501828 0.645833 0.501828 0.645182 0.501828 0.644531 0.501828 0.643880 0.501828 0.643229 0.501828 0.642578 0.502742 0.641927 0.502742 0.641276 0.501828 0.640625 0.502742 0.639974 0.502742 0.639323 0.502742 0.638672 0.502742 0.638021 0.502742 0.637370 0.502742 0.636719 0.502742 0.636068 0.502742 0.635417 0.502742 0.634766 0.502742 0.634115 0.502742 0.633464 0.502742 0.632812 0.502742 0.632161 0.503656 0.631510 0.503656 0.630859 0.503656 0.630208 0.503656 0.630208 0.504570 0.630208 0.505484 0.630208 0.506399 0.630208 0.507313 0.629557 0.508227 0.628906 0.507313 0.628906 0.506399 0.628906 0.505484 0.628906 0.504570 0.628255 0.504570 0.627604 0.504570 0.626953 0.504570 0.626302 0.505484 0.625651 0.504570 0.625000 0.505484 0.624349 0.506399 0.623698 0.506399 0.623047 0.507313 0.622396 0.507313 0.621745 0.508227 0.621745 0.509141 0.621745 0.510055 0.621745 0.510969 0.621745 0.511883 0.621745 0.512797 0.621745 0.513711 0.621094 0.514625 0.620443 0.513711 0.620443 0.512797 0.620443 0.511883 0.620443 0.510969 0.620443 0.510055 0.620443 0.509141 0.620443 0.508227 0.620443 0.507313 0.619792 0.508227 0.619141 0.507313 0.618490 0.508227 0.617839 0.507313 0.617188 0.507313 0.616536 0.506399 0.615885 0.505484 0.615885 0.504570 0.615885 0.503656 0.615885 0.502742 0.615234 0.501828 0.614583 0.500914 0.615234 0.500000 0.614583 0.500914 0.613932 0.500000 0.613281 0.499086 0.612630 0.500000 0.611979 0.500000 0.611328 0.500000 0.610677 0.500000 0.610026 0.499086 0.609375 0.500000 0.608724 0.500000 0.608073 0.500000 0.607422 0.500914 0.606771 0.500914 0.606120 0.501828 0.605469 0.501828 0.604818 0.501828 0.604167 0.500914 0.603516 0.500914 0.602865 0.500000 0.602214 0.499086 0.602214 0.498172 0.602214 0.497258 0.602214 0.496344 0.602214 0.495430 0.602214 0.494516 0.602214 0.493601 0.602865 0.492687 0.603516 0.491773 0.604167 0.492687 0.603516 0.491773 0.603516 0.490859 0.604167 0.489945 0.603516 0.489031 0.603516 0.488117 0.602865 0.487203 0.602865 0.486289 0.602865 0.485375 0.602865 0.484461 0.602214 0.483547 0.601562 0.483547 0.600911 0.482633 0.600260 0.481718 0.599609 0.480804 0.598958 0.480804 0.598307 0.479890 0.597656 0.478976 0.597656 0.478062 0.598307 0.477148 0.598958 0.476234 0.599609 0.475320 0.600260 0.475320 0.600911 0.474406 0.601562 0.474406 0.602214 0.475320 0.602865 0.474406 0.603516 0.473492 0.604167 0.473492 0.604818 0.472578 0.605469 0.473492 0.606120 0.473492 0.606771 0.473492 0.607422 0.473492 0.608073 0.473492 0.608724 0.473492 0.609375 0.473492 0.610026 0.473492 0.610677 0.474406 0.611328 0.473492 0.611979 0.474406 0.612630 0.473492 0.613281 0.473492 0.613932 0.472578 0.614583 0.472578 0.615234 0.472578 0.615885 0.472578 0.616536 0.472578 0.617188 0.473492 0.617839 0.473492 0.618490 0.472578 0.619141 0.472578 0.619792 0.473492 0.620443 0.473492 0.621094 0.474406 0.621745 0.474406 0.622396 0.475320 0.623047 0.476234 0.623698 0.476234 0.624349 0.476234 0.625000 0.476234 0.625651 0.476234 0.626302 0.475320 0.626953 0.475320 0.627604 0.474406 0.628255 0.474406 0.628906 0.473492 0.629557 0.473492 0.630208 0.473492 0.630859 0.473492 0.631510 0.473492 0.632161 0.472578 0.632812 0.472578 0.633464 0.473492 0.634115 0.472578 0.634766 0.473492 0.635417 0.473492 0.636068 0.473492 0.636719 0.473492 0.637370 0.474406 0.638021 0.473492 0.638672 0.474406 0.639323 0.474406 0.639974 0.475320 0.640625 0.474406 0.641276 0.474406 0.641927 0.473492 0.642578 0.473492 0.643229 0.473492 0.643880 0.473492 0.644531 0.473492 0.645182 0.473492 0.645833 0.474406 0.646484 0.473492 0.647135 0.473492 0.647786 0.474406 0.648438 0.474406 0.649089 0.475320 0.649740 0.475320 0.650391 0.476234 0.651042 0.477148 0.650391 0.478062 0.651042 0.477148 0.651693 0.476234 0.652344 0.477148 0.652995 0.477148 0.653646 0.476234 0.654297 0.476234 0.654948 0.475320 0.655599 0.475320 0.656250 0.475320 0.656901 0.474406 0.657552 0.475320 0.658203 0.475320 0.658854 0.474406 0.659505 0.474406 0.660156 0.474406 0.660807 0.474406 0.661458 0.474406 0.662109 0.474406 0.662760 0.474406 0.663411 0.474406 0.664062 0.474406 0.664714 0.474406 0.665365 0.474406 0.666016 0.474406 0.666667 0.475320 0.667318 0.475320 0.667969 0.475320 0.668620 0.474406 0.669271 0.474406 0.669922 0.474406 0.670573 0.474406 0.671224 0.474406 0.671875 0.474406 0.672526 0.474406 0.673177 0.474406 0.673828 0.474406 0.674479 0.474406 0.675130 0.474406 0.675781 0.473492 0.676432 0.474406 0.677083 0.474406 0.677734 0.474406 0.678385 0.475320 0.679036 0.475320 0.679688 0.475320 0.680339 0.475320 0.680990 0.475320 0.681641 0.474406 0.682292 0.475320 0.682943 0.475320 0.683594 0.476234 0.684245 0.476234 0.684896 0.475320 0.685547 0.475320 0.686198 0.475320 0.686849 0.475320 0.687500 0.474406 0.688151 0.474406 0.688802 0.474406 0.689453 0.474406 0.690104 0.474406 0.690755 0.474406 0.691406 0.474406 0.692057 0.474406 0.692708 0.475320 0.693359 0.474406 0.694010 0.474406 0.694661 0.474406 0.695312 0.474406 0.695964 0.474406 0.696615 0.474406 0.697266 0.474406 0.697917 0.474406 0.698568 0.474406 0.699219 0.474406 0.699870 0.474406 0.700521 0.474406 0.701172 0.474406 0.701823 0.474406 0.702474 0.474406 0.703125 0.474406 0.703776 0.474406 0.704427 0.475320 0.705078 0.475320 0.705729 0.475320 0.706380 0.475320 0.707031 0.475320 0.707682 0.476234 0.708333 0.475320 0.708984 0.475320 0.709635 0.475320 0.710286 0.476234 0.710938 0.475320 0.711589 0.475320 0.712240 0.475320 0.712891 0.475320 0.713542 0.475320 0.714193 0.475320 0.714844 0.475320 0.715495 0.475320 0.716146 0.474406 0.716797 0.475320 0.717448 0.474406 0.718099 0.474406 0.718750 0.474406 0.719401 0.474406 0.720052 0.474406 0.720703 0.474406 0.721354 0.474406 0.722005 0.474406 0.722656 0.474406 0.723307 0.474406 0.723958 0.474406 0.724609 0.474406 0.725260 0.474406 0.725911 0.474406 0.726562 0.474406 0.727214 0.474406 0.727865 0.474406 0.728516 0.475320 0.729167 0.474406 0.729818 0.474406 0.730469 0.474406 0.731120 0.474406 0.731771 0.474406 0.732422 0.474406 0.733073 0.474406 0.733724 0.475320 0.734375 0.475320 0.735026 0.476234 0.735677 0.475320 0.736328 0.475320 0.736979 0.475320 0.737630 0.476234 0.738281 0.475320 0.738932 0.475320 0.739583 0.475320 0.740234 0.474406 0.740885 0.474406 0.741536 0.475320 0.742188 0.475320 0.742839 0.474406 0.743490 0.474406 0.744141 0.474406 0.744792 0.474406 0.745443 0.474406 0.746094 0.474406 0.746745 0.474406 0.747396 0.474406 0.748047 0.474406 0.748698 0.474406 0.749349 0.474406 0.750000 0.474406 0.750651 0.474406 0.751302 0.474406 0.751953 0.474406 0.752604 0.474406 0.753255 0.474406 0.753906 0.474406 0.754557 0.474406 0.755208 0.474406 0.755859 0.474406 0.756510 0.474406 0.757161 0.474406 0.757812 0.474406 0.758464 0.474406 0.759115 0.474406 0.759766 0.474406 0.760417 0.474406 0.761068 0.475320 0.761719 0.475320 0.762370 0.476234 0.763021 0.477148 0.763672 0.477148 0.764323 0.477148 0.764974 0.477148 0.765625 0.477148 0.766276 0.476234 0.766927 0.476234 0.767578 0.476234 0.768229 0.476234 0.768880 0.476234 0.769531 0.475320 0.770182 0.475320 0.770833 0.475320 0.771484 0.475320 0.772135 0.475320 0.772786 0.474406 0.773438 0.474406 0.774089 0.473492 0.774740 0.474406 0.775391 0.474406 0.776042 0.474406 0.776693 0.474406 0.777344 0.474406 0.777995 0.474406 0.778646 0.473492 0.779297 0.474406 0.779948 0.474406 0.780599 0.474406 0.781250 0.474406 0.781901 0.474406 0.782552 0.474406 0.783203 0.474406 0.783854 0.474406 0.784505 0.474406 0.785156 0.474406 0.785807 0.474406 0.786458 0.474406 0.787109 0.474406 0.787760 0.474406 0.788411 0.474406 0.789062 0.474406 0.789714 0.474406 0.790365 0.473492 0.791016 0.474406 0.791667 0.474406 0.792318 0.474406 0.792969 0.474406 0.793620 0.474406 0.794271 0.475320 0.794922 0.475320 0.795573 0.475320 0.796224 0.475320 0.796875 0.475320 0.797526 0.475320 0.798177 0.475320 0.798828 0.475320 0.799479 0.475320 0.800130 0.475320 0.800781 0.475320 0.801432 0.474406 0.802083 0.474406 0.802734 0.473492 0.803385 0.473492 0.804036 0.473492 0.804688 0.473492 0.805339 0.473492 0.805990 0.473492 0.806641 0.473492 0.807292 0.473492 0.807943 0.473492 0.808594 0.474406 0.809245 0.474406 0.809896 0.474406 0.810547 0.474406 0.811198 0.474406 0.811849 0.473492 0.812500 0.473492 0.813151 0.473492 0.813802 0.473492 0.814453 0.473492 0.815104 0.473492 0.815755 0.473492 0.816406 0.473492 0.817057 0.473492 0.817708 0.473492 0.818359 0.474406 0.819010 0.474406 0.819661 0.474406 0.820312 0.474406 0.820964 0.475320 0.821615 0.475320 0.822266 0.475320 0.822917 0.476234 0.823568 0.475320 0.824219 0.475320 0.824870 0.474406 0.825521 0.474406 0.826172 0.474406 0.826823 0.473492 0.827474 0.473492 0.828125 0.473492 0.828776 0.473492 0.829427 0.473492 0.830078 0.472578 0.830729 0.472578 0.831380 0.472578 0.832031 0.472578 0.832682 0.472578 0.833333 0.472578 0.833984 0.472578 0.834635 0.472578 0.835286 0.473492 0.835938 0.473492 0.836589 0.474406 0.837240 0.475320 0.837240 0.476234 0.837240 0.477148 0.837891 0.478062 0.837891 0.478976 0.837240 0.479890 0.837891 0.478976 0.838542 0.478976 0.839193 0.478976 0.839844 0.478976 0.840495 0.478976 0.841146 0.478976 0.841797 0.478976 0.841797 0.478062 0.841797 0.477148 0.842448 0.476234 0.843099 0.475320 0.843750 0.474406 0.844401 0.473492 0.845052 0.472578 0.845703 0.472578 0.846354 0.471664 0.847005 0.472578 0.847656 0.471664 0.848307 0.472578 0.848958 0.472578 0.849609 0.472578 0.850260 0.472578 0.850911 0.472578 0.851562 0.472578 0.852214 0.472578 0.852865 0.472578 0.853516 0.472578 0.854167 0.473492 0.854818 0.473492 0.855469 0.473492 0.856120 0.473492 0.856771 0.473492 0.857422 0.473492 0.858073 0.472578 0.858724 0.472578 0.859375 0.472578 0.860026 0.471664 0.860677 0.471664 0.861328 0.471664 0.861979 0.472578 0.862630 0.472578 0.863281 0.473492 0.863932 0.474406 0.864583 0.475320 0.865234 0.474406 0.865885 0.474406 0.866536 0.474406 0.867188 0.474406 0.867839 0.473492 0.868490 0.472578 0.869141 0.472578 0.869792 0.471664 0.870443 0.471664 0.871094 0.470750 0.871745 0.470750 0.872396 0.470750 0.873047 0.471664 0.873698 0.470750 0.874349 0.471664 0.875000 0.471664 0.875651 0.471664 0.876302 0.470750 0.876953 0.471664 0.877604 0.470750 0.878255 0.470750 0.878906 0.470750 0.879557 0.470750 0.880208 0.471664 0.880859 0.470750 0.881510 0.470750 0.882161 0.470750 0.882812 0.470750 0.883464 0.470750 0.884115 0.470750 0.884766 0.470750 0.885417 0.470750 0.886068 0.471664 0.886719 0.470750 0.887370 0.470750 0.888021 0.470750 0.888021 0.469835 0.888021 0.468921 0.888021 0.468007 0.888021 0.467093 0.888021 0.466179 0.888021 0.465265 0.888672 0.464351 0.889323 0.465265 0.889323 0.466179 0.889323 0.467093 0.889323 0.468007 0.889323 0.468921 0.889323 0.469835 0.889323 0.470750 0.889974 0.470750 0.890625 0.470750 0.891276 0.470750 0.891927 0.469835 0.892578 0.470750 0.893229 0.469835 0.893880 0.469835 0.894531 0.469835 0.895182 0.470750 0.895833 0.470750 0.896484 0.471664 0.897135 0.472578 0.897786 0.472578 0.898438 0.473492 0.899089 0.474406 0.899740 0.475320 0.899089 0.476234 0.899740 0.475320 0.900391 0.476234 0.901042 0.476234 0.901693 0.476234 0.902344 0.476234 0.902995 0.477148 0.903646 0.477148 0.904297 0.476234 0.904948 0.477148 0.904948 0.476234 0.905599 0.475320 0.906250 0.474406 0.906901 0.474406 0.907552 0.473492 0.908203 0.473492 0.908854 0.472578 0.909505 0.472578 0.910156 0.472578 0.910807 0.473492 0.911458 0.473492 0.912109 0.473492 0.912760 0.474406 0.913411 0.474406 0.914062 0.475320 0.914714 0.475320 0.915365 0.476234 0.916016 0.477148 0.916016 0.478062 0.916667 0.478062 0.917318 0.478062 0.917969 0.478976 0.918620 0.478976 0.919271 0.479890 0.919922 0.478976 0.920573 0.478062 0.921224 0.478976 0.920573 0.478062 0.920573 0.477148 0.920573 0.476234 0.920573 0.475320 0.920573 0.474406 0.920573 0.473492 0.920573 0.472578 0.920573 0.471664 0.919922 0.470750 0.919271 0.469835 0.919271 0.468921 0.919271 0.468007 0.919922 0.467093 0.920573 0.466179 0.921224 0.465265 0.921875 0.464351 0.922526 0.465265 0.923177 0.465265 0.923828 0.465265 0.924479 0.465265 0.925130 0.466179 0.924479 0.467093 0.925130 0.466179 0.925781 0.467093 0.926432 0.468007 0.925781 0.468921 0.926432 0.468007 0.927083 0.468007 0.927734 0.468007 0.928385 0.467093 0.929036 0.467093 0.929688 0.467093 0.930339 0.468007 0.930990 0.468007 0.931641 0.468921 0.932292 0.469835 0.932292 0.470750 0.932292 0.471664 0.932943 0.472578 0.932943 0.473492 0.932943 0.474406 0.933594 0.475320 0.932943 0.476234 0.933594 0.475320 0.934245 0.476234 0.934896 0.477148 0.935547 0.477148 0.936198 0.478062 0.936849 0.477148 0.937500 0.478062 0.938151 0.478976 0.937500 0.478062 0.938151 0.477148 0.938151 0.476234 0.938151 0.475320 0.938151 0.474406 0.938151 0.473492 0.938151 0.472578 0.938802 0.471664 0.938802 0.470750 0.938802 0.469835 0.939453 0.468921 0.940104 0.468007 0.940755 0.468921 0.940104 0.468007 0.940755 0.467093 0.941406 0.466179 0.942057 0.466179 0.942708 0.465265 0.943359 0.465265 0.944010 0.466179 0.944661 0.466179 0.945312 0.467093 0.945964 0.468007 0.946615 0.467093 0.947266 0.467093 0.947917 0.466179 0.948568 0.465265 0.949219 0.465265 0.949870 0.464351 0.950521 0.465265 0.951172 0.466179 0.951823 0.467093 0.952474 0.468007 0.952474 0.468921 0.952474 0.469835 0.952474 0.470750 0.952474 0.471664 0.951823 0.472578 0.951823 0.473492 0.951823 0.474406 0.951823 0.475320 0.951823 0.476234 0.952474 0.477148 0.952474 0.478062 0.952474 0.478976 0.952474 0.479890 0.952474 0.480804 0.951823 0.481718 0.952474 0.480804 0.953125 0.480804 0.953776 0.480804 0.954427 0.481718 0.955078 0.481718 0.955729 0.480804 0.956380 0.480804 0.957031 0.479890 0.957682 0.479890 0.958333 0.478976 0.958984 0.479890 0.959635 0.479890 0.960286 0.480804 0.960938 0.480804 0.961589 0.481718 0.962240 0.482633 0.962240 0.483547 0.962240 0.484461 0.961589 0.485375 0.960938 0.486289 0.960286 0.485375 0.960938 0.486289 0.960938 0.487203 0.960938 0.488117 0.960938 0.489031 0.961589 0.489031 0.962240 0.489031 0.962891 0.489031 0.963542 0.489945 0.962891 0.489031 0.962891 0.488117 0.963542 0.487203 0.963542 0.486289 0.963542 0.485375 0.963542 0.484461 0.963542 0.483547 0.963542 0.482633 0.963542 0.481718 0.963542 0.480804 0.963542 0.479890 0.963542 0.478976 0.964193 0.478062 0.964844 0.477148 0.965495 0.476234 0.966146 0.476234 0.966797 0.475320 0.967448 0.475320 0.968099 0.474406 0.968750 0.473492 0.969401 0.474406 0.968750 0.473492 0.969401 0.472578 0.970052 0.471664 0.970703 0.470750 0.971354 0.470750 0.972005 0.469835 0.972656 0.469835 0.973307 0.469835 0.973958 0.468921 0.974609 0.468007 0.975260 0.467093 0.975911 0.466179 0.976562 0.466179 0.977214 0.465265 0.977865 0.465265 0.978516 0.466179 0.979167 0.465265 0.979818 0.465265 0.980469 0.465265 0.981120 0.466179 0.981771 0.465265 0.982422 0.465265 0.983073 0.466179 0.983724 0.466179 0.984375 0.466179 0.985026 0.466179 0.985677 0.467093 0.986328 0.467093 0.986979 0.468007 0.987630 0.468921 0.988281 0.469835 0.988281 0.470750 0.988932 0.470750 0.989583 0.469835 0.990234 0.468921 0.990885 0.468921 0.991536 0.468007 0.992188 0.468921 0.992188 0.469835 0.992839 0.469835 0.993490 0.470750 0.993490 0.471664 0.993490 0.472578 0.993490 0.473492 0.993490 0.474406 0.993490 0.475320 0.993490 0.476234 0.992839 0.477148 0.992188 0.478062 0.991536 0.478062 0.990885 0.478976 0.990234 0.478976 0.989583 0.479890 0.988932 0.479890 0.988281 0.479890 0.987630 0.478976 0.986979 0.478976 0.986328 0.478062 0.985677 0.478062 0.985026 0.478976 0.984375 0.478976 0.983724 0.479890 0.983724 0.480804 0.983724 0.481718 0.983724 0.482633 0.984375 0.483547 0.984375 0.484461 0.985026 0.483547 0.985677 0.483547 0.986328 0.482633 0.986979 0.482633 0.987630 0.483547 0.988281 0.483547 0.988932 0.484461 0.988932 0.485375 0.988932 0.486289 0.988281 0.487203 0.988932 0.488117 0.988932 0.489031 0.988932 0.489945 0.989583 0.490859 0.989583 0.491773 0.990234 0.492687 0.990885 0.493601 0.991536 0.493601 0.992188 0.494516 0.992188 0.495430 0.992188 0.496344 0.992188 0.497258 0.992188 0.498172 0.992839 0.498172 0.993490 0.498172 0.994141 0.497258 0.994792 0.497258 0.995443 0.498172 0.996094 0.498172 0.996745 0.498172 0.997396 0.497258 0.998047 0.497258 0.998698 0.498172 0.998698 0.497258 0.998698 0.496344 0.998698 0.495430 0.998698 0.494516 0.998698 0.493601 0.998698 0.492687 0.998698 0.491773 0.998047 0.491773 0.997396 0.490859 0.996745 0.490859 0.996094 0.491773 0.995443 0.490859 0.994792 0.490859 0.994141 0.489945 0.993490 0.489031 0.993490 0.488117 0.992839 0.487203 0.992839 0.486289 0.992839 0.485375 0.992839 0.484461 0.993490 0.483547 0.992839 0.482633 0.992839 0.481718 0.992839 0.480804 0.992839 0.479890 0.993490 0.478976 0.994141 0.478976 0.994792 0.478062 0.995443 0.478976 0.996094 0.478062 0.996745 0.478062 0.997396 0.478976 0.998047 0.478062 0.998698 0.478976 0.998698 0.478062 0.998698 0.477148 0.998698 0.476234 0.998698 0.475320 0.998698 0.474406 0.998698 0.473492 0.998698 0.472578 0.998698 0.471664 0.998698 0.470750 0.998698 0.469835 0.998698 0.468921 0.998698 0.468007 0.998047 0.468007 0.997396 0.468921 0.996745 0.468921 0.996094 0.469835 0.995443 0.469835 0.994792 0.469835 0.994141 0.470750 0.993490 0.469835 0.992839 0.469835 0.992188 0.468921 0.991536 0.468007 0.991536 0.467093 0.991536 0.466179 0.991536 0.465265 0.992188 0.464351 0.991536 0.463437 0.991536 0.462523 0.991536 0.461609 0.991536 0.460695 0.991536 0.459781 0.992188 0.458867 0.992839 0.457952 0.993490 0.457952 0.994141 0.457038 0.994792 0.457952 0.995443 0.457038 0.996094 0.457038 0.996745 0.456124 0.997396 0.457038 0.996745 0.456124 0.997396 0.455210 0.998047 0.454296 0.998698 0.454296 0.998698 0.453382 0.998698 0.452468 0.998698 0.451554 0.998698 0.450640 0.998698 0.449726 0.998698 0.448812 0.998047 0.449726 0.997396 0.448812 0.996745 0.449726 0.996094 0.449726 0.995443 0.448812 0.994792 0.448812 0.994141 0.447898 0.993490 0.446984 0.993490 0.446069 0.993490 0.445155 0.992839 0.444241 0.993490 0.443327 0.992839 0.444241 0.992188 0.443327 0.991536 0.443327 0.990885 0.444241 0.990234 0.445155 0.989583 0.445155 0.988932 0.446069 0.988281 0.445155 0.988281 0.444241 0.987630 0.444241 0.986979 0.445155 0.987630 0.445155 0.988281 0.445155 0.988932 0.446069 0.989583 0.446069 0.990234 0.446984 0.990885 0.447898 0.991536 0.448812 0.991536 0.449726 0.991536 0.450640 0.990885 0.451554 0.990885 0.452468 0.990885 0.453382 0.990885 0.454296 0.990234 0.455210 0.990234 0.456124 0.989583 0.457038 0.988932 0.457952 0.988281 0.457952 0.987630 0.458867 0.986979 0.458867 0.986328 0.459781 0.985677 0.459781 0.985026 0.459781 0.984375 0.459781 0.983724 0.459781 0.983073 0.459781 0.982422 0.459781 0.982422 0.460695 0.982422 0.461609 0.982422 0.462523 0.981771 0.463437 0.981120 0.462523 0.981120 0.461609 0.981120 0.460695 0.980469 0.460695 0.979818 0.460695 0.979167 0.459781 0.978516 0.459781 0.977865 0.458867 0.977214 0.458867 0.976562 0.458867 0.975911 0.457952 0.975260 0.457952 0.974609 0.457038 0.973958 0.457952 0.973307 0.457952 0.972656 0.457038 0.973307 0.457952 0.972656 0.458867 0.972656 0.459781 0.972005 0.460695 0.971354 0.459781 0.970703 0.460695 0.970052 0.461609 0.970052 0.462523 0.969401 0.463437 0.968750 0.464351 0.968099 0.464351 0.967448 0.465265 0.966797 0.465265 0.966146 0.464351 0.965495 0.464351 0.964844 0.463437 0.964193 0.462523 0.963542 0.461609 0.963542 0.460695 0.963542 0.459781 0.964193 0.458867 0.964193 0.457952 0.964193 0.457038 0.963542 0.456124 0.964193 0.455210 0.964844 0.455210 0.965495 0.454296 0.965495 0.453382 0.966146 0.452468 0.966146 0.451554 0.966797 0.450640 0.967448 0.449726 0.968099 0.449726 0.968750 0.448812 0.969401 0.447898 0.970052 0.448812 0.969401 0.447898 0.969401 0.446984 0.970052 0.446069 0.970703 0.446069 0.970703 0.445155 0.970703 0.444241 0.971354 0.443327 0.971354 0.442413 0.971354 0.441499 0.971354 0.440585 0.972005 0.439671 0.972656 0.438757 0.973307 0.439671 0.972656 0.438757 0.973307 0.437843 0.973958 0.436929 0.974609 0.436929 0.975260 0.436015 0.975911 0.436015 0.976562 0.436015 0.977214 0.435101 0.977865 0.435101 0.978516 0.434186 0.979167 0.435101 0.979818 0.435101 0.980469 0.434186 0.981120 0.434186 0.981771 0.434186 0.982422 0.433272 0.982422 0.432358 0.982422 0.431444 0.983073 0.430530 0.983073 0.429616 0.983724 0.428702 0.984375 0.427788 0.985026 0.427788 0.985677 0.426874 0.985677 0.425960 0.985677 0.425046 0.985677 0.424132 0.985677 0.423218 0.985677 0.422303 0.985677 0.421389 0.985677 0.420475 0.985677 0.419561 0.986328 0.418647 0.986979 0.419561 0.986979 0.420475 0.986979 0.421389 0.986979 0.422303 0.986979 0.423218 0.986979 0.424132 0.986979 0.425046 0.986979 0.425960 0.986979 0.426874 0.986979 0.427788 0.987630 0.427788 0.988281 0.427788 0.988932 0.427788 0.989583 0.428702 0.990234 0.428702 0.990885 0.428702 0.991536 0.428702 0.992188 0.429616 0.992839 0.429616 0.993490 0.430530 0.994141 0.431444 0.994792 0.431444 0.995443 0.431444 0.996094 0.431444 0.996745 0.431444 0.997396 0.431444 0.998047 0.432358 0.998698 0.432358 0.998698 0.431444 0.998698 0.430530 0.998698 0.429616 0.998698 0.428702 0.998698 0.427788 0.998698 0.426874 0.998698 0.425960 0.998698 0.425046 0.998698 0.424132 0.998698 0.423218 0.998698 0.422303 0.998698 0.421389 0.998698 0.420475 0.998047 0.421389 0.997396 0.421389 0.996745 0.422303 0.996094 0.422303 0.995443 0.421389 0.994792 0.421389 0.994141 0.422303 0.993490 0.422303 0.992839 0.422303 0.992188 0.422303 0.991536 0.421389 0.990885 0.421389 0.990234 0.420475 0.989583 0.419561 0.988932 0.419561 0.988281 0.420475 0.987630 0.419561 0.986979 0.419561 0.986328 0.418647 0.986328 0.417733 0.986328 0.418647 0.985677 0.419561 0.985026 0.420475 0.984375 0.420475 0.983724 0.421389 0.983073 0.422303 0.982422 0.422303 0.981771 0.423218 0.981120 0.423218 0.980469 0.424132 0.979818 0.424132 0.979167 0.425046 0.978516 0.425046 0.977865 0.424132 0.977214 0.424132 0.976562 0.423218 0.975911 0.422303 0.975911 0.421389 0.975911 0.420475 0.975911 0.419561 0.976562 0.418647 0.976562 0.417733 0.976562 0.416819 0.977214 0.415905 0.976562 0.414991 0.976562 0.414077 0.976562 0.413163 0.977214 0.412249 0.977214 0.411335 0.977865 0.410420 0.978516 0.409506 0.979167 0.408592 0.978516 0.407678 0.978516 0.406764 0.978516 0.405850 0.978516 0.404936 0.978516 0.404022 0.977865 0.403108 0.977865 0.402194 0.977865 0.401280 0.977865 0.400366 0.977214 0.399452 0.976562 0.398537 0.976562 0.397623 0.976562 0.396709 0.976562 0.395795 0.976562 0.394881 0.976562 0.393967 0.976562 0.393053 0.977214 0.392139 0.977865 0.391225 0.978516 0.391225 0.979167 0.390311 0.979818 0.390311 0.980469 0.391225 0.981120 0.391225 0.981771 0.390311 0.982422 0.390311 0.983073 0.389397 0.983724 0.389397 0.984375 0.388483 0.985026 0.388483 0.985677 0.388483 0.986328 0.389397 0.985677 0.390311 0.986328 0.389397 0.986979 0.390311 0.987630 0.391225 0.987630 0.392139 0.987630 0.393053 0.987630 0.393967 0.987630 0.394881 0.987630 0.395795 0.986979 0.396709 0.986979 0.397623 0.986979 0.398537 0.986328 0.399452 0.986328 0.400366 0.986328 0.401280 0.986979 0.402194 0.986979 0.403108 0.986979 0.404022 0.986979 0.404936 0.986979 0.405850 0.986328 0.406764 0.986328 0.407678 0.986328 0.406764 0.986979 0.405850 0.987630 0.405850 0.988281 0.406764 0.988932 0.406764 0.989583 0.407678 0.990234 0.408592 0.990885 0.409506 0.991536 0.410420 0.992188 0.411335 0.991536 0.412249 0.992188 0.411335 0.992839 0.410420 0.993490 0.409506 0.994141 0.410420 0.993490 0.409506 0.993490 0.408592 0.992839 0.408592 0.992188 0.407678 0.991536 0.407678 0.990885 0.406764 0.990234 0.405850 0.990234 0.404936 0.989583 0.404022 0.989583 0.403108 0.989583 0.402194 0.990234 0.401280 0.990234 0.400366 0.990885 0.399452 0.991536 0.398537 0.992188 0.397623 0.992839 0.397623 0.993490 0.396709 0.994141 0.396709 0.994792 0.395795 0.995443 0.395795 0.996094 0.394881 0.996745 0.395795 0.997396 0.394881 0.998047 0.395795 0.998698 0.394881 0.998698 0.393967 0.998698 0.393053 0.998698 0.392139 0.998698 0.391225 0.998698 0.390311 0.998698 0.389397 0.998698 0.388483 0.998698 0.387569 0.998698 0.386654 0.998698 0.385740 0.998698 0.384826 0.998698 0.383912 0.998698 0.382998 0.998698 0.382084 0.998698 0.381170 0.998698 0.380256 0.998698 0.379342 0.998698 0.378428 0.998047 0.377514 0.998698 0.378428 0.998047 0.379342 0.997396 0.380256 0.997396 0.381170 0.996745 0.382084 0.996094 0.382998 0.995443 0.383912 0.994792 0.383912 0.994141 0.384826 0.993490 0.384826 0.992839 0.385740 0.992188 0.385740 0.991536 0.385740 0.990885 0.386654 0.990234 0.386654 0.989583 0.385740 0.988932 0.385740 0.988281 0.384826 0.987630 0.383912 0.987630 0.382998 0.986979 0.382998 0.986328 0.382998 0.985677 0.382084 0.985026 0.382084 0.984375 0.381170 0.983724 0.380256 0.983724 0.379342 0.983724 0.378428 0.984375 0.377514 0.984375 0.376600 0.985026 0.375686 0.985677 0.374771 0.986328 0.375686 0.985677 0.374771 0.985677 0.373857 0.986328 0.372943 0.986328 0.372029 0.986328 0.371115 0.986328 0.370201 0.985677 0.370201 0.985026 0.371115 0.984375 0.370201 0.985026 0.371115 0.984375 0.372029 0.983724 0.372943 0.983073 0.372943 0.982422 0.373857 0.981771 0.373857 0.981120 0.373857 0.981120 0.374771 0.981120 0.375686 0.981120 0.376600 0.981120 0.377514 0.981120 0.378428 0.980469 0.379342 0.979818 0.380256 0.979167 0.380256 0.978516 0.381170 0.977865 0.381170 0.977214 0.381170 0.976562 0.381170 0.975911 0.382084 0.975260 0.382998 0.974609 0.382998 0.973958 0.383912 0.973307 0.382998 0.972656 0.382998 0.972656 0.383912 0.972656 0.384826 0.972656 0.385740 0.972656 0.386654 0.972005 0.387569 0.971354 0.386654 0.971354 0.385740 0.971354 0.384826 0.971354 0.383912 0.971354 0.382998 0.971354 0.382084 0.970703 0.382998 0.970052 0.382998 0.969401 0.382998 0.968750 0.382998 0.968099 0.382084 0.967448 0.382084 0.966797 0.381170 0.966146 0.380256 0.965495 0.380256 0.964844 0.380256 0.964193 0.380256 0.963542 0.380256 0.962891 0.380256 0.962240 0.380256 0.961589 0.381170 0.960938 0.381170 0.960286 0.381170 0.959635 0.380256 0.958984 0.380256 0.958333 0.379342 0.957682 0.380256 0.957031 0.380256 0.956380 0.379342 0.957031 0.380256 0.956380 0.381170 0.955729 0.382084 0.955078 0.382084 0.954427 0.382998 0.953776 0.383912 0.953125 0.383912 0.952474 0.384826 0.951823 0.383912 0.951172 0.383912 0.950521 0.382998 0.949870 0.382084 0.949219 0.381170 0.949870 0.380256 0.949219 0.381170 0.948568 0.380256 0.947917 0.380256 0.947266 0.379342 0.946615 0.379342 0.945964 0.378428 0.945312 0.377514 0.944661 0.376600 0.944661 0.375686 0.944661 0.374771 0.944661 0.373857 0.944661 0.372943 0.944661 0.372029 0.944010 0.371115 0.944010 0.370201 0.944010 0.369287 0.944010 0.368373 0.944010 0.367459 0.944010 0.366545 0.944010 0.365631 0.944010 0.364717 0.944010 0.363803 0.944661 0.362888 0.945312 0.361974 0.945964 0.362888 0.945312 0.361974 0.945312 0.361060 0.945312 0.360146 0.945312 0.359232 0.945312 0.358318 0.944661 0.357404 0.945312 0.356490 0.944661 0.357404 0.944010 0.357404 0.943359 0.358318 0.942708 0.357404 0.943359 0.358318 0.942708 0.359232 0.942708 0.360146 0.942057 0.361060 0.941406 0.361974 0.940755 0.362888 0.940755 0.363803 0.940755 0.364717 0.940104 0.365631 0.939453 0.366545 0.938802 0.366545 0.938151 0.367459 0.937500 0.366545 0.936849 0.366545 0.936198 0.365631 0.935547 0.364717 0.935547 0.363803 0.935547 0.362888 0.935547 0.361974 0.934896 0.361060 0.934896 0.360146 0.934245 0.360146 0.933594 0.359232 0.932943 0.358318 0.932943 0.357404 0.932943 0.356490 0.932292 0.355576 0.932292 0.354662 0.932292 0.353748 0.932292 0.352834 0.932943 0.351920 0.933594 0.351005 0.934245 0.350091 0.934896 0.350091 0.935547 0.349177 0.936198 0.350091 0.936849 0.350091 0.937500 0.350091 0.938151 0.351005 0.938802 0.351005 0.939453 0.351005 0.940104 0.351005 0.940755 0.351005 0.941406 0.351005 0.942057 0.351005 0.942708 0.351920 0.943359 0.351920 0.944010 0.351920 0.944661 0.351005 0.945312 0.351005 0.945964 0.350091 0.946615 0.350091 0.947266 0.350091 0.947917 0.349177 0.948568 0.349177 0.949219 0.349177 0.949870 0.349177 0.950521 0.350091 0.951172 0.350091 0.951823 0.350091 0.952474 0.349177 0.953125 0.349177 0.953776 0.349177 0.954427 0.349177 0.955078 0.349177 0.955729 0.349177 0.956380 0.349177 0.957031 0.349177 0.957682 0.349177 0.958333 0.350091 0.958984 0.350091 0.959635 0.351005 0.960286 0.351005 0.960938 0.351005 0.961589 0.351005 0.962240 0.350091 0.962891 0.350091 0.963542 0.349177 0.964193 0.350091 0.964844 0.350091 0.965495 0.349177 0.966146 0.349177 0.966797 0.349177 0.967448 0.349177 0.968099 0.349177 0.968750 0.349177 0.969401 0.348263 0.970052 0.349177 0.970703 0.348263 0.971354 0.349177 0.972005 0.349177 0.972656 0.350091 0.973307 0.351005 0.973307 0.351920 0.973307 0.352834 0.973958 0.353748 0.973958 0.354662 0.973307 0.355576 0.973958 0.354662 0.974609 0.354662 0.975260 0.355576 0.975911 0.355576 0.976562 0.355576 0.977214 0.355576 0.977865 0.355576 0.978516 0.355576 0.979167 0.355576 0.979818 0.354662 0.980469 0.355576 0.979818 0.354662 0.979818 0.353748 0.980469 0.352834 0.980469 0.351920 0.981120 0.351005 0.981771 0.350091 0.982422 0.349177 0.982422 0.348263 0.982422 0.347349 0.982422 0.346435 0.982422 0.345521 0.982422 0.344607 0.983073 0.343693 0.983724 0.344607 0.983724 0.345521 0.983724 0.346435 0.983724 0.347349 0.983724 0.348263 0.984375 0.347349 0.985026 0.347349 0.985677 0.347349 0.986328 0.348263 0.986979 0.347349 0.987630 0.348263 0.988281 0.348263 0.988932 0.349177 0.989583 0.350091 0.989583 0.351005 0.990234 0.351920 0.990234 0.352834 0.990234 0.353748 0.990234 0.354662 0.990234 0.355576 0.990234 0.356490 0.990234 0.357404 0.989583 0.358318 0.990234 0.358318 0.990885 0.359232 0.990234 0.360146 0.989583 0.360146 0.988932 0.360146 0.988281 0.361060 0.988281 0.361974 0.988932 0.362888 0.988281 0.363803 0.988932 0.362888 0.989583 0.363803 0.988932 0.362888 0.989583 0.361974 0.990234 0.361060 0.990885 0.361060 0.991536 0.360146 0.992188 0.360146 0.992839 0.361060 0.993490 0.361060 0.994141 0.361974 0.994792 0.362888 0.994792 0.363803 0.995443 0.364717 0.994792 0.365631 0.995443 0.364717 0.996094 0.365631 0.996745 0.365631 0.997396 0.364717 0.998047 0.365631 0.998698 0.365631 0.998698 0.364717 0.998698 0.363803 0.998698 0.362888 0.998698 0.361974 0.998698 0.361060 0.998698 0.360146 0.998698 0.359232 0.998698 0.358318 0.998698 0.357404 0.998698 0.356490 0.998698 0.355576 0.998698 0.354662 0.998047 0.354662 0.997396 0.354662 0.996745 0.353748 0.996745 0.352834 0.996745 0.351920 0.996745 0.351005 0.996745 0.350091 0.996745 0.349177 0.996745 0.348263 0.996745 0.347349 0.996745 0.346435 0.996745 0.345521 0.997396 0.344607 0.998047 0.345521 0.998047 0.346435 0.998047 0.347349 0.998047 0.348263 0.998047 0.349177 0.998047 0.350091 0.998047 0.351005 0.998047 0.351920 0.998047 0.352834 0.998698 0.352834 0.998698 0.351920 0.998698 0.351005 0.998698 0.350091 0.998698 0.349177 0.998698 0.348263 0.998698 0.347349 0.998698 0.346435 0.998698 0.345521 0.998698 0.344607 0.998698 0.343693 0.998698 0.342779 0.998698 0.341865 0.998698 0.340951 0.998698 0.341865 0.998698 0.342779 0.998698 0.343693 0.998698 0.344607 0.998047 0.345521 0.997396 0.344607 0.997396 0.343693 0.997396 0.342779 0.997396 0.341865 0.997396 0.340951 0.997396 0.340037 0.996745 0.340037 0.996094 0.340037 0.995443 0.340037 0.994792 0.340037 0.994141 0.339122 0.993490 0.340037 0.992839 0.340037 0.992188 0.340037 0.991536 0.340037 0.990885 0.340037 0.990234 0.340037 0.989583 0.340037 0.988932 0.340037 0.988281 0.340037 0.987630 0.340037 0.987630 0.340951 0.987630 0.341865 0.987630 0.342779 0.987630 0.343693 0.986979 0.344607 0.986328 0.343693 0.986328 0.342779 0.986328 0.341865 0.986328 0.340951 0.986328 0.340037 0.986328 0.339122 0.985677 0.339122 0.985026 0.338208 0.984375 0.339122 0.983724 0.339122 0.983073 0.339122 0.982422 0.339122 0.982422 0.340037 0.982422 0.340951 0.982422 0.341865 0.982422 0.342779 0.981771 0.343693 0.981120 0.342779 0.981120 0.341865 0.981120 0.340951 0.981120 0.340037 0.980469 0.340037 0.979818 0.339122 0.979167 0.340037 0.978516 0.340037 0.977865 0.340037 0.977214 0.340037 0.976562 0.340037 0.975911 0.340037 0.975260 0.340037 0.974609 0.340037 0.973958 0.340037 0.973307 0.340037 0.972656 0.339122 0.972005 0.339122 0.971354 0.338208 0.970703 0.337294 0.970052 0.338208 0.969401 0.338208 0.968750 0.338208 0.968099 0.339122 0.967448 0.339122 0.966797 0.340037 0.966146 0.340037 0.965495 0.340037 0.964844 0.340037 0.964193 0.340037 0.963542 0.339122 0.962891 0.339122 0.962240 0.339122 0.961589 0.339122 0.960938 0.340037 0.960286 0.339122 0.959635 0.338208 0.958984 0.337294 0.958333 0.336380 0.958333 0.335466 0.958984 0.334552 0.958984 0.333638 0.958984 0.332724 0.958984 0.331810 0.958984 0.330896 0.958984 0.329982 0.958984 0.329068 0.958984 0.328154 0.958984 0.327239 0.958333 0.326325 0.958984 0.325411 0.958333 0.324497 0.958333 0.323583 0.958333 0.322669 0.958333 0.321755 0.958984 0.320841 0.958984 0.319927 0.959635 0.319013 0.959635 0.318099 0.959635 0.317185 0.959635 0.316271 0.960286 0.315356 0.960286 0.314442 0.960938 0.313528 0.960938 0.312614 0.961589 0.311700 0.962240 0.310786 0.962891 0.309872 0.963542 0.309872 0.964193 0.308958 0.964844 0.308958 0.965495 0.308958 0.966146 0.308958 0.966797 0.309872 0.967448 0.309872 0.968099 0.308958 0.968750 0.308958 0.969401 0.308958 0.970052 0.308958 0.970703 0.308958 0.971354 0.308958 0.972005 0.309872 0.972656 0.309872 0.973307 0.310786 0.973958 0.311700 0.974609 0.312614 0.975260 0.312614 0.975911 0.313528 0.976562 0.314442 0.977214 0.314442 0.977865 0.315356 0.978516 0.316271 0.977865 0.317185 0.978516 0.316271 0.979167 0.317185 0.979818 0.318099 0.980469 0.319013 0.980469 0.319927 0.980469 0.320841 0.979818 0.321755 0.979818 0.322669 0.979818 0.323583 0.980469 0.323583 0.981120 0.323583 0.981771 0.323583 0.982422 0.323583 0.983073 0.324497 0.983724 0.324497 0.984375 0.323583 0.985026 0.322669 0.985026 0.321755 0.985677 0.320841 0.985026 0.319927 0.985026 0.319013 0.984375 0.319013 0.983724 0.318099 0.983073 0.318099 0.982422 0.317185 0.981771 0.316271 0.981120 0.315356 0.980469 0.314442 0.980469 0.313528 0.980469 0.312614 0.981120 0.311700 0.981771 0.310786 0.982422 0.309872 0.983073 0.309872 0.983724 0.308958 0.984375 0.308958 0.985026 0.308958 0.985677 0.308958 0.986328 0.308958 0.986979 0.309872 0.987630 0.309872 0.988281 0.308958 0.988932 0.309872 0.989583 0.309872 0.990234 0.309872 0.990885 0.309872 0.991536 0.310786 0.992188 0.310786 0.992839 0.309872 0.993490 0.309872 0.994141 0.309872 0.994792 0.310786 0.995443 0.310786 0.996094 0.310786 0.996745 0.310786 0.997396 0.309872 0.998047 0.309872 0.998698 0.308958 0.998698 0.308044 0.998698 0.307130 0.998698 0.306216 0.998698 0.305302 0.998698 0.304388 0.998698 0.303473 0.998698 0.302559 0.998698 0.301645 0.998698 0.300731 0.998698 0.299817 0.998698 0.298903 0.998698 0.297989 0.998698 0.297075 0.998698 0.296161 0.998047 0.297075 0.997396 0.297075 0.996745 0.297075 0.996094 0.296161 0.996745 0.297075 0.996094 0.297989 0.995443 0.298903 0.994792 0.298903 0.994141 0.299817 0.993490 0.299817 0.992839 0.299817 0.992188 0.299817 0.991536 0.299817 0.990885 0.299817 0.990234 0.299817 0.989583 0.299817 0.988932 0.299817 0.988281 0.299817 0.987630 0.299817 0.986979 0.299817 0.986328 0.299817 0.985677 0.299817 0.985026 0.299817 0.984375 0.299817 0.983724 0.299817 0.983073 0.299817 0.982422 0.299817 0.981771 0.299817 0.981120 0.299817 0.980469 0.299817 0.979818 0.299817 0.979167 0.299817 0.978516 0.298903 0.977865 0.298903 0.977214 0.297989 0.976562 0.297075 0.977214 0.296161 0.976562 0.297075 0.975911 0.296161 0.975260 0.295247 0.975260 0.294333 0.974609 0.293419 0.973958 0.292505 0.973958 0.291590 0.973958 0.290676 0.973958 0.289762 0.973307 0.288848 0.973307 0.287934 0.973307 0.287020 0.973307 0.286106 0.973307 0.285192 0.973958 0.284278 0.973958 0.283364 0.973958 0.282450 0.973307 0.282450 0.972656 0.281536 0.973307 0.280622 0.973958 0.280622 0.974609 0.280622 0.975260 0.279707 0.975260 0.278793 0.975260 0.277879 0.975911 0.276965 0.976562 0.276965 0.975911 0.276051 0.975911 0.276965 0.975260 0.277879 0.974609 0.277879 0.973958 0.277879 0.973307 0.278793 0.972656 0.278793 0.972005 0.277879 0.971354 0.277879 0.970703 0.276965 0.970052 0.276051 0.970052 0.275137 0.970052 0.274223 0.970703 0.273309 0.970703 0.272395 0.971354 0.271481 0.972005 0.270567 0.972656 0.269653 0.973307 0.268739 0.973958 0.268739 0.974609 0.267824 0.975260 0.267824 0.975911 0.267824 0.976562 0.267824 0.977214 0.267824 0.977865 0.267824 0.978516 0.267824 0.979167 0.268739 0.979818 0.267824 0.980469 0.267824 0.981120 0.268739 0.981771 0.267824 0.982422 0.267824 0.983073 0.268739 0.983724 0.268739 0.984375 0.269653 0.985026 0.269653 0.985677 0.270567 0.986328 0.270567 0.986979 0.271481 0.987630 0.271481 0.988281 0.272395 0.988932 0.272395 0.989583 0.273309 0.990234 0.274223 0.990234 0.275137 0.990234 0.276051 0.990234 0.276965 0.990234 0.277879 0.990234 0.278793 0.990234 0.279707 0.989583 0.280622 0.989583 0.281536 0.988932 0.282450 0.988281 0.283364 0.988281 0.284278 0.987630 0.285192 0.987630 0.286106 0.986979 0.287020 0.987630 0.286106 0.988281 0.287020 0.988932 0.287020 0.989583 0.287020 0.990234 0.287934 0.989583 0.287020 0.989583 0.286106 0.989583 0.285192 0.990234 0.284278 0.990234 0.283364 0.990885 0.282450 0.990885 0.281536 0.990885 0.280622 0.991536 0.279707 0.991536 0.278793 0.991536 0.277879 0.991536 0.276965 0.991536 0.276051 0.992188 0.275137 0.991536 0.274223 0.991536 0.273309 0.991536 0.272395 0.991536 0.271481 0.992188 0.270567 0.992839 0.269653 0.993490 0.269653 0.993490 0.268739 0.993490 0.267824 0.993490 0.266910 0.993490 0.265996 0.993490 0.265082 0.993490 0.264168 0.994141 0.263254 0.994792 0.264168 0.994792 0.265082 0.994792 0.265996 0.994792 0.266910 0.994792 0.267824 0.994792 0.268739 0.995443 0.268739 0.996094 0.268739 0.996745 0.269653 0.997396 0.269653 0.998047 0.270567 0.998698 0.271481 0.998698 0.272395 0.998698 0.273309 0.998698 0.274223 0.998698 0.275137 0.998698 0.274223 0.998698 0.273309 0.998698 0.272395 0.998698 0.271481 0.998698 0.270567 0.998698 0.269653 0.998698 0.268739 0.998698 0.267824 0.998698 0.266910 0.998698 0.265996 0.998698 0.265082 0.998698 0.264168 0.998698 0.263254 0.998698 0.262340 0.998698 0.261426 0.998698 0.260512 0.998047 0.259598 0.997396 0.259598 0.996745 0.259598 0.996094 0.259598 0.995443 0.259598 0.994792 0.259598 0.994141 0.260512 0.993490 0.259598 0.992839 0.260512 0.992188 0.260512 0.991536 0.260512 0.990885 0.260512 0.990234 0.259598 0.989583 0.259598 0.988932 0.258684 0.988281 0.257770 0.988281 0.256856 0.988281 0.255941 0.988281 0.255027 0.988281 0.254113 0.988932 0.253199 0.988932 0.252285 0.988932 0.251371 0.989583 0.250457 0.988932 0.251371 0.988281 0.250457 0.987630 0.249543 0.987630 0.248629 0.987630 0.247715 0.987630 0.246801 0.987630 0.245887 0.987630 0.244973 0.988281 0.244059 0.987630 0.243144 0.987630 0.242230 0.987630 0.241316 0.987630 0.240402 0.987630 0.239488 0.987630 0.238574 0.988281 0.237660 0.988281 0.236746 0.988281 0.235832 0.987630 0.234918 0.987630 0.234004 0.986979 0.233090 0.986979 0.232176 0.986979 0.231261 0.987630 0.230347 0.988281 0.229433 0.988932 0.229433 0.989583 0.228519 0.990234 0.228519 0.990885 0.228519 0.991536 0.228519 0.992188 0.228519 0.992839 0.228519 0.993490 0.228519 0.994141 0.228519 0.994792 0.228519 0.995443 0.228519 0.996094 0.229433 0.996745 0.229433 0.997396 0.230347 0.998047 0.231261 0.998698 0.231261 0.998698 0.230347 0.998698 0.229433 0.998698 0.228519 0.998698 0.227605 0.998698 0.226691 0.998698 0.225777 0.998698 0.224863 0.998698 0.223949 0.998698 0.223035 0.998698 0.222121 0.998698 0.221207 0.998698 0.220293 0.998698 0.219378 0.998698 0.218464 0.998698 0.217550 0.998047 0.217550 0.997396 0.217550 0.996745 0.218464 0.996094 0.218464 0.995443 0.219378 0.994792 0.219378 0.994141 0.218464 0.993490 0.218464 0.992839 0.219378 0.992188 0.219378 0.991536 0.219378 0.990885 0.218464 0.990234 0.219378 0.989583 0.219378 0.988932 0.219378 0.988281 0.218464 0.987630 0.218464 0.986979 0.218464 0.986328 0.218464 0.985677 0.218464 0.985026 0.218464 0.984375 0.218464 0.983724 0.218464 0.983073 0.218464 0.982422 0.218464 0.981771 0.218464 0.981120 0.218464 0.980469 0.218464 0.979818 0.218464 0.979167 0.218464 0.978516 0.217550 0.977865 0.217550 0.977214 0.216636 0.976562 0.216636 0.975911 0.215722 0.975260 0.214808 0.975260 0.213894 0.974609 0.212980 0.974609 0.212066 0.973958 0.211152 0.973958 0.210238 0.973958 0.209324 0.973307 0.208410 0.973307 0.207495 0.973307 0.206581 0.973958 0.205667 0.973958 0.204753 0.973958 0.203839 0.973958 0.202925 0.973307 0.202925 0.972656 0.202925 0.972005 0.202925 0.971354 0.202011 0.970703 0.202011 0.970052 0.201097 0.969401 0.201097 0.968750 0.200183 0.968099 0.199269 0.968750 0.198355 0.968099 0.199269 0.967448 0.199269 0.966797 0.200183 0.966797 0.201097 0.966797 0.202011 0.966797 0.202925 0.966797 0.203839 0.966797 0.204753 0.966797 0.205667 0.966146 0.206581 0.966797 0.207495 0.966797 0.208410 0.967448 0.208410 0.968099 0.209324 0.968750 0.210238 0.969401 0.211152 0.969401 0.212066 0.970052 0.212980 0.970703 0.213894 0.970703 0.214808 0.970703 0.215722 0.970052 0.216636 0.969401 0.217550 0.968750 0.218464 0.968099 0.218464 0.967448 0.219378 0.966797 0.219378 0.966146 0.219378 0.965495 0.219378 0.964844 0.219378 0.964193 0.219378 0.963542 0.219378 0.962891 0.219378 0.962240 0.219378 0.961589 0.218464 0.960938 0.218464 0.960286 0.218464 0.959635 0.218464 0.958984 0.218464 0.958333 0.218464 0.957682 0.218464 0.957031 0.218464 0.956380 0.218464 0.955729 0.218464 0.955078 0.218464 0.954427 0.218464 0.953776 0.218464 0.953125 0.218464 0.952474 0.218464 0.951823 0.218464 0.951172 0.218464 0.950521 0.217550 0.949870 0.218464 0.949219 0.218464 0.948568 0.218464 0.947917 0.218464 0.947266 0.218464 0.946615 0.218464 0.945964 0.218464 0.945312 0.218464 0.944661 0.218464 0.944010 0.218464 0.943359 0.218464 0.942708 0.218464 0.942057 0.218464 0.941406 0.218464 0.940755 0.218464 0.940104 0.218464 0.939453 0.219378 0.938802 0.219378 0.938151 0.218464 0.937500 0.218464 0.936849 0.217550 0.936198 0.216636 0.936198 0.215722 0.936198 0.214808 0.936198 0.213894 0.936198 0.212980 0.935547 0.212066 0.934896 0.212066 0.934245 0.212980 0.933594 0.213894 0.932943 0.214808 0.932292 0.215722 0.931641 0.216636 0.930990 0.217550 0.930339 0.218464 0.929688 0.218464 0.929036 0.219378 0.928385 0.219378 0.927734 0.219378 0.927083 0.218464 0.926432 0.218464 0.925781 0.219378 0.925130 0.219378 0.924479 0.218464 0.923828 0.218464 0.923177 0.218464 0.922526 0.218464 0.921875 0.218464 0.921224 0.219378 0.920573 0.219378 0.919922 0.218464 0.919271 0.218464 0.918620 0.218464 0.917969 0.218464 0.917318 0.218464 0.916667 0.218464 0.916016 0.218464 0.915365 0.219378 0.914714 0.219378 0.914062 0.219378 0.913411 0.218464 0.912760 0.219378 0.912109 0.219378 0.911458 0.218464 0.910807 0.218464 0.910156 0.218464 0.909505 0.218464 0.908854 0.219378 0.908203 0.218464 0.907552 0.218464 0.906901 0.218464 0.906250 0.218464 0.905599 0.218464 0.904948 0.219378 0.904297 0.219378 0.903646 0.219378 0.902995 0.218464 0.902344 0.219378 0.901693 0.218464 0.901042 0.218464 0.900391 0.218464 0.899740 0.218464 0.899089 0.218464 0.898438 0.218464 0.897786 0.218464 0.897135 0.218464 0.896484 0.218464 0.895833 0.219378 0.895182 0.218464 0.894531 0.218464 0.893880 0.218464 0.893229 0.218464 0.892578 0.218464 0.891927 0.219378 0.891276 0.219378 0.890625 0.219378 0.889974 0.219378 0.889323 0.219378 0.888672 0.219378 0.888021 0.219378 0.887370 0.219378 0.886719 0.219378 0.886068 0.218464 0.885417 0.218464 0.884766 0.217550 0.884115 0.216636 0.883464 0.215722 0.883464 0.214808 0.883464 0.213894 0.882812 0.214808 0.882161 0.213894 0.881510 0.213894 0.880859 0.212980 0.880859 0.212066 0.880859 0.211152 0.881510 0.210238 0.881510 0.209324 0.881510 0.208410 0.880859 0.207495 0.880859 0.206581 0.880859 0.205667 0.881510 0.204753 0.880859 0.203839 0.881510 0.202925 0.881510 0.202011 0.881510 0.201097 0.881510 0.200183 0.881510 0.199269 0.881510 0.198355 0.881510 0.197441 0.881510 0.196527 0.881510 0.195612 0.882161 0.194698 0.882812 0.193784 0.883464 0.192870 0.884115 0.192870 0.884766 0.191956 0.885417 0.192870 0.886068 0.192870 0.886719 0.193784 0.887370 0.194698 0.887370 0.195612 0.888021 0.196527 0.888021 0.197441 0.888021 0.198355 0.888021 0.199269 0.887370 0.200183 0.887370 0.201097 0.887370 0.202011 0.886719 0.202925 0.886719 0.203839 0.886719 0.204753 0.886719 0.205667 0.886719 0.206581 0.886719 0.207495 0.886719 0.208410 0.886719 0.209324 0.886068 0.210238 0.886068 0.211152 0.885417 0.212066 0.884766 0.212066 0.884766 0.212980 0.885417 0.212066 0.886068 0.211152 0.886719 0.210238 0.886719 0.209324 0.886719 0.208410 0.887370 0.207495 0.887370 0.206581 0.887370 0.205667 0.887370 0.204753 0.887370 0.203839 0.888021 0.202925 0.888021 0.202011 0.888021 0.201097 0.888021 0.200183 0.888021 0.199269 0.888672 0.198355 0.888672 0.197441 0.889323 0.196527 0.889974 0.195612 0.890625 0.195612 0.891276 0.194698 0.891927 0.194698 0.892578 0.193784 0.893229 0.193784 0.893880 0.193784 0.894531 0.193784 0.895182 0.192870 0.895833 0.191956 0.896484 0.191956 0.897135 0.191042 0.897786 0.191042 0.898438 0.191042 0.899089 0.191042 0.899740 0.191042 0.900391 0.191956 0.901042 0.191956 0.901693 0.191956 0.902344 0.191956 0.902995 0.191956 0.903646 0.191956 0.904297 0.191956 0.904948 0.191042 0.905599 0.191042 0.906250 0.191042 0.906901 0.191042 0.907552 0.191042 0.908203 0.191042 0.908854 0.191042 0.909505 0.191042 0.910156 0.191042 0.910807 0.191042 0.911458 0.191042 0.912109 0.191042 0.912760 0.191042 0.913411 0.191956 0.914062 0.191956 0.914714 0.192870 0.915365 0.192870 0.916016 0.193784 0.916667 0.194698 0.917318 0.195612 0.917318 0.196527 0.917318 0.197441 0.917318 0.198355 0.917318 0.199269 0.917318 0.200183 0.917318 0.201097 0.917318 0.202011 0.917318 0.202925 0.917318 0.203839 0.917318 0.204753 0.917969 0.205667 0.917969 0.206581 0.917318 0.207495 0.917969 0.206581 0.918620 0.205667 0.919271 0.206581 0.919922 0.206581 0.920573 0.207495 0.921224 0.208410 0.921224 0.209324 0.921875 0.209324 0.921224 0.208410 0.920573 0.207495 0.920573 0.206581 0.921224 0.205667 0.920573 0.206581 0.919922 0.205667 0.919271 0.204753 0.919271 0.203839 0.919271 0.202925 0.919271 0.202011 0.919271 0.201097 0.919271 0.200183 0.919271 0.199269 0.918620 0.198355 0.918620 0.197441 0.917969 0.196527 0.917969 0.195612 0.917969 0.194698 0.918620 0.193784 0.919271 0.192870 0.919922 0.192870 0.920573 0.191956 0.921224 0.191956 0.921875 0.191956 0.922526 0.192870 0.923177 0.191956 0.923828 0.191956 0.924479 0.191956 0.925130 0.191956 0.925781 0.191956 0.926432 0.191042 0.927083 0.191956 0.927734 0.191042 0.928385 0.191956 0.929036 0.191956 0.929688 0.191956 0.930339 0.191042 0.930990 0.191956 0.931641 0.191042 0.932292 0.191042 0.932943 0.191042 0.933594 0.191042 0.934245 0.191042 0.934896 0.191956 0.935547 0.191956 0.936198 0.191042 0.936849 0.191956 0.937500 0.191956 0.938151 0.191956 0.938802 0.191042 0.939453 0.191956 0.940104 0.191042 0.940755 0.191042 0.941406 0.191042 0.942057 0.191042 0.942708 0.191042 0.943359 0.191042 0.944010 0.191042 0.944661 0.190128 0.945312 0.191042 0.945964 0.191042 0.946615 0.191042 0.947266 0.191956 0.947917 0.191956 0.948568 0.191956 0.949219 0.191956 0.949870 0.191956 0.950521 0.191956 0.951172 0.191956 0.951823 0.191956 0.952474 0.192870 0.953125 0.191956 0.953776 0.191956 0.954427 0.192870 0.955078 0.191956 0.955729 0.192870 0.956380 0.191956 0.957031 0.191956 0.957682 0.191956 0.958333 0.191042 0.958984 0.191042 0.959635 0.191042 0.960286 0.191042 0.960938 0.191042 0.961589 0.191042 0.962240 0.191042 0.962891 0.191042 0.963542 0.191042 0.964193 0.191042 0.964844 0.191042 0.965495 0.191042 0.966146 0.191042 0.966797 0.190128 0.967448 0.191042 0.968099 0.191042 0.968750 0.191042 0.969401 0.190128 0.970052 0.191042 0.970703 0.191042 0.971354 0.191042 0.972005 0.191042 0.972656 0.191042 0.973307 0.191042 0.973958 0.191042 0.974609 0.191042 0.975260 0.191042 0.975911 0.191042 0.976562 0.191042 0.977214 0.191956 0.977865 0.191956 0.978516 0.191956 0.979167 0.191956 0.979818 0.191956 0.980469 0.191042 0.981120 0.191956 0.981771 0.191042 0.982422 0.191042 0.983073 0.191042 0.983724 0.191042 0.984375 0.191042 0.985026 0.191042 0.985677 0.191042 0.986328 0.191956 0.986979 0.191956 0.987630 0.192870 0.988281 0.191956 0.988932 0.192870 0.989583 0.192870 0.990234 0.193784 0.990885 0.194698 0.990234 0.195612 0.990885 0.194698 0.991536 0.195612 0.992188 0.196527 0.992188 0.197441 0.992188 0.198355 0.992188 0.199269 0.992188 0.200183 0.992839 0.201097 0.992839 0.202011 0.993490 0.202011 0.994141 0.202011 0.994792 0.202925 0.995443 0.202925 0.996094 0.203839 0.996745 0.203839 0.997396 0.204753 0.998047 0.204753 0.998698 0.203839 0.998698 0.202925 0.998698 0.202011 0.998047 0.202011 0.997396 0.201097 0.996745 0.200183 0.996094 0.199269 0.995443 0.198355 0.994792 0.197441 0.994792 0.196527 0.994141 0.195612 0.993490 0.194698 0.993490 0.193784 0.993490 0.192870 0.994141 0.191956 0.994792 0.191042 0.995443 0.191042 0.996094 0.190128 0.996745 0.190128 0.997396 0.189214 0.998047 0.190128 0.998698 0.190128 0.998698 0.189214 0.998698 0.188300 0.998698 0.187386 0.998698 0.186472 0.998698 0.185558 0.998698 0.184644 0.998698 0.183729 0.998698 0.182815 0.998698 0.181901 0.998698 0.180987 0.998698 0.180073 0.998698 0.179159 0.998698 0.178245 0.998698 0.177331 0.998047 0.177331 0.997396 0.178245 0.996745 0.179159 0.996094 0.179159 0.995443 0.180073 0.994792 0.180073 0.994141 0.180987 0.993490 0.180987 0.992839 0.180987 0.992188 0.180073 0.991536 0.180073 0.990885 0.179159 0.990234 0.178245 0.990234 0.177331 0.989583 0.176417 0.989583 0.175503 0.989583 0.174589 0.989583 0.173675 0.989583 0.172761 0.989583 0.171846 0.989583 0.170932 0.989583 0.170018 0.989583 0.169104 0.989583 0.168190 0.988932 0.167276 0.988932 0.166362 0.988932 0.165448 0.988932 0.164534 0.988932 0.163620 0.988932 0.162706 0.988932 0.161792 0.988281 0.160878 0.988281 0.159963 0.988281 0.159049 0.988281 0.158135 0.988281 0.157221 0.988932 0.156307 0.988281 0.157221 0.987630 0.157221 0.986979 0.157221 0.986328 0.156307 0.985677 0.155393 0.985026 0.155393 0.984375 0.154479 0.985026 0.153565 0.985026 0.152651 0.985677 0.151737 0.986328 0.151737 0.986979 0.150823 0.987630 0.150823 0.988281 0.150823 0.988932 0.149909 0.989583 0.149909 0.990234 0.149909 0.990885 0.149909 0.991536 0.149909 0.992188 0.149909 0.992839 0.149909 0.993490 0.149909 0.994141 0.149909 0.994792 0.149909 0.995443 0.150823 0.996094 0.149909 0.996745 0.150823 0.997396 0.149909 0.998047 0.149909 0.998698 0.150823 0.998698 0.149909 0.998698 0.148995 0.998698 0.148080 0.998698 0.147166 0.998698 0.146252 0.998698 0.145338 0.998698 0.144424 0.998698 0.143510 0.998698 0.142596 0.998698 0.141682 0.998698 0.140768 0.998698 0.139854 0.998047 0.139854 0.997396 0.139854 0.996745 0.139854 0.996094 0.139854 0.995443 0.139854 0.994792 0.138940 0.994141 0.138940 0.993490 0.138940 0.992839 0.138940 0.992188 0.138940 0.991536 0.139854 0.990885 0.138940 0.990234 0.138940 0.989583 0.139854 0.988932 0.139854 0.988281 0.139854 0.987630 0.139854 0.986979 0.139854 0.986328 0.139854 0.985677 0.139854 0.985026 0.139854 0.984375 0.139854 0.983724 0.139854 0.983073 0.139854 0.982422 0.139854 0.981771 0.139854 0.981120 0.139854 0.980469 0.139854 0.979818 0.139854 0.979167 0.139854 0.978516 0.139854 0.977865 0.139854 0.977214 0.139854 0.976562 0.138940 0.975911 0.138940 0.975260 0.138026 0.974609 0.137112 0.974609 0.136197 0.974609 0.135283 0.974609 0.134369 0.975260 0.133455 0.975260 0.132541 0.975911 0.131627 0.975911 0.130713 0.975911 0.129799 0.975911 0.128885 0.975911 0.127971 0.975260 0.127057 0.975260 0.126143 0.975260 0.125229 0.974609 0.124314 0.973958 0.123400 0.973307 0.122486 0.973958 0.121572 0.973307 0.122486 0.972656 0.121572 0.972005 0.122486 0.971354 0.122486 0.970703 0.122486 0.970052 0.121572 0.969401 0.121572 0.968750 0.120658 0.968099 0.119744 0.968099 0.118830 0.967448 0.117916 0.966797 0.117002 0.966146 0.116088 0.965495 0.115174 0.964844 0.114260 0.964193 0.113346 0.964193 0.112431 0.964193 0.111517 0.964844 0.110603 0.965495 0.109689 0.966146 0.109689 0.966797 0.108775 0.967448 0.108775 0.968099 0.108775 0.968750 0.108775 0.969401 0.108775 0.970052 0.108775 0.970703 0.108775 0.971354 0.108775 0.972005 0.108775 0.972656 0.108775 0.973307 0.108775 0.973958 0.109689 0.974609 0.108775 0.975260 0.109689 0.975911 0.109689 0.976562 0.109689 0.977214 0.109689 0.977865 0.109689 0.978516 0.109689 0.979167 0.110603 0.979818 0.110603 0.980469 0.111517 0.981120 0.110603 0.981771 0.110603 0.982422 0.110603 0.983073 0.111517 0.983724 0.111517 0.984375 0.110603 0.985026 0.110603 0.985677 0.111517 0.986328 0.110603 0.986979 0.110603 0.987630 0.110603 0.988281 0.110603 0.988932 0.110603 0.989583 0.110603 0.990234 0.111517 0.990885 0.111517 0.991536 0.112431 0.992188 0.112431 0.992839 0.113346 0.993490 0.114260 0.993490 0.115174 0.992839 0.116088 0.993490 0.115174 0.994141 0.116088 0.994792 0.116088 0.995443 0.117002 0.996094 0.117916 0.996094 0.118830 0.996094 0.119744 0.996094 0.120658 0.996745 0.121572 0.996745 0.122486 0.997396 0.123400 0.998047 0.124314 0.998698 0.124314 0.998698 0.123400 0.998698 0.122486 0.998698 0.121572 0.998698 0.120658 0.998698 0.119744 0.998698 0.118830 0.998698 0.117916 0.998047 0.117916 0.997396 0.117002 0.997396 0.116088 0.997396 0.115174 0.997396 0.114260 0.997396 0.113346 0.997396 0.112431 0.998047 0.111517 0.998698 0.111517 0.998698 0.110603 0.998698 0.109689 0.998698 0.108775 0.998698 0.107861 0.998698 0.106947 0.998698 0.106033 0.998698 0.105119 0.998698 0.104205 0.998698 0.103291 0.998698 0.102377 0.998698 0.101463 0.998698 0.100548 0.998698 0.099634 0.998047 0.099634 0.997396 0.099634 0.996745 0.099634 0.996094 0.098720 0.995443 0.098720 0.994792 0.098720 0.994141 0.097806 0.993490 0.097806 0.992839 0.096892 0.992188 0.095978 0.992188 0.095064 0.991536 0.094150 0.991536 0.093236 0.992188 0.092322 0.991536 0.093236 0.990885 0.092322 0.990234 0.091408 0.990885 0.090494 0.990234 0.091408 0.989583 0.090494 0.989583 0.089580 0.988932 0.088665 0.988932 0.087751 0.988932 0.086837 0.988932 0.085923 0.988281 0.085009 0.988281 0.084095 0.988281 0.083181 0.987630 0.082267 0.987630 0.081353 0.987630 0.080439 0.987630 0.079525 0.987630 0.078611 0.987630 0.077697 0.988281 0.076782 0.987630 0.076782 0.986979 0.076782 0.986328 0.075868 0.986979 0.074954 0.987630 0.074954 0.988281 0.074954 0.988932 0.074954 0.988932 0.074040 0.989583 0.073126 0.989583 0.072212 0.989583 0.071298 0.989583 0.070384 0.989583 0.069470 0.990234 0.068556 0.990885 0.067642 0.991536 0.067642 0.992188 0.066728 0.992839 0.065814 0.993490 0.065814 0.993490 0.064899 0.994141 0.063985 0.994792 0.064899 0.995443 0.065814 0.996094 0.065814 0.996745 0.066728 0.997396 0.067642 0.997396 0.068556 0.998047 0.069470 0.998047 0.070384 0.998698 0.071298 0.998698 0.072212 0.998047 0.073126 0.998047 0.074040 0.998047 0.073126 0.998698 0.072212 0.998698 0.071298 0.998698 0.070384 0.998698 0.069470 0.998698 0.068556 0.998698 0.067642 0.998698 0.066728 0.998698 0.065814 0.998698 0.064899 0.998698 0.063985 0.998698 0.063071 0.998698 0.062157 0.998698 0.061243 0.998698 0.060329 0.998698 0.059415 0.998698 0.058501 0.998698 0.057587 0.998698 0.056673 0.998698 0.055759 0.998698 0.054845 0.998698 0.053931 0.998698 0.053016 0.998698 0.052102 0.998698 0.051188 0.998698 0.050274 0.998698 0.049360 0.998698 0.048446 0.998698 0.047532 0.998698 0.046618 0.998698 0.045704 0.998698 0.044790 0.998047 0.044790 0.997396 0.043876 0.996745 0.043876 0.996094 0.042962 0.995443 0.042048 0.995443 0.041133 0.995443 0.040219 0.995443 0.039305 0.995443 0.038391 0.995443 0.037477 0.995443 0.036563 0.996094 0.035649 0.996745 0.034735 0.997396 0.034735 0.998047 0.033821 0.998698 0.033821 0.998698 0.032907 0.998698 0.031993 0.998698 0.031079 0.998698 0.030165 0.998698 0.029250 0.998698 0.028336 0.998698 0.027422 0.998698 0.026508 0.998698 0.025594 0.998698 0.024680 0.998698 0.023766 0.998698 0.022852 0.998698 0.021938 0.998698 0.021024 0.998698 0.020110 0.998047 0.021024 0.997396 0.021024 0.996745 0.021024 0.996094 0.020110 0.995443 0.020110 0.994792 0.019196 0.994141 0.019196 0.993490 0.018282 0.992839 0.017367 0.992188 0.016453 0.992839 0.015539 0.992188 0.016453 0.991536 0.015539 0.990885 0.014625 0.990234 0.013711 0.989583 0.012797 0.989583 0.011883 0.989583 0.010969 0.988932 0.010055 0.988932 0.009141 0.988932 0.008227 0.989583 0.007313 0.988932 0.008227 0.988281 0.008227 0.987630 0.008227 0.986979 0.008227 0.986328 0.009141 0.985677 0.009141 0.985026 0.010055 0.984375 0.010969 0.983724 0.010969 0.983073 0.011883 0.982422 0.010969 0.981771 0.010055 0.982422 0.010969 0.981771 0.011883 0.981771 0.012797 0.981771 0.013711 0.982422 0.014625 0.982422 0.015539 0.982422 0.016453 0.981771 0.017367 0.981120 0.018282 0.980469 0.019196 0.979818 0.020110 0.979167 0.020110 0.978516 0.021024 0.977865 0.020110 0.977214 0.021024 0.976562 0.021024 0.975911 0.020110 0.975260 0.020110 0.974609 0.020110 0.973958 0.019196 0.973307 0.020110 0.972656 0.020110 0.972005 0.020110 0.971354 0.020110 0.970703 0.019196 0.970052 0.020110 0.969401 0.020110 0.968750 0.020110 0.968099 0.020110 0.967448 0.020110 0.966797 0.020110 0.966146 0.019196 0.965495 0.020110 0.964844 0.020110 0.964193 0.020110 0.964193 0.021024 0.964193 0.021938 0.964193 0.022852 0.964193 0.023766 0.963542 0.024680 0.962891 0.023766 0.962891 0.022852 0.962891 0.021938 0.962891 0.021024 0.962891 0.020110 0.962240 0.020110 0.961589 0.019196 0.960938 0.019196 0.960286 0.018282 0.959635 0.017367 0.959635 0.016453 0.959635 0.015539 0.959635 0.014625 0.958984 0.013711 0.958984 0.012797 0.959635 0.011883 0.958984 0.012797 0.958333 0.012797 0.957682 0.012797 0.957031 0.012797 0.957031 0.013711 0.956380 0.014625 0.955729 0.015539 0.955729 0.016453 0.955078 0.017367 0.954427 0.018282 0.953776 0.019196 0.953125 0.020110 0.952474 0.020110 0.951823 0.021024 0.951172 0.021024 0.950521 0.020110 0.949870 0.020110 0.949219 0.020110 0.948568 0.020110 0.947917 0.019196 0.947266 0.019196 0.946615 0.019196 0.945964 0.020110 0.945312 0.020110 0.944661 0.020110 0.944010 0.020110 0.943359 0.020110 0.942708 0.020110 0.942057 0.020110 0.941406 0.020110 0.940755 0.019196 0.940104 0.019196 0.939453 0.018282 0.938802 0.018282 0.938151 0.018282 0.937500 0.017367 0.936849 0.018282 0.936198 0.018282 0.935547 0.018282 0.934896 0.018282 0.934245 0.019196 0.933594 0.019196 0.932943 0.020110 0.932292 0.020110 0.931641 0.019196 0.930990 0.020110 0.930339 0.020110 0.929688 0.019196 0.929036 0.019196 0.928385 0.018282 0.927734 0.017367 0.927734 0.016453 0.927734 0.015539 0.927734 0.014625 0.927734 0.013711 0.927734 0.012797 0.927734 0.011883 0.927734 0.010969 0.927734 0.010055 0.927734 0.009141 0.927734 0.008227 0.927734 0.007313 0.927734 0.006399 0.927734 0.005484 0.927734 0.004570 0.927734 0.003656 0.927083 0.002742 0.927083 0.001828 0.927083 0.000914 0.926432 0.000914 0.925781 0.000914 0.925130 0.000914 0.924479 0.000914 0.923828 0.000914 0.923177 0.000914 0.922526 0.000914 0.921875 0.000914 0.921224 0.000914 0.921224 0.001828 0.921875 0.002742 0.922526 0.003656 0.922526 0.004570 0.922526 0.005484 0.923177 0.006399 0.923828 0.007313 0.923828 0.008227 0.924479 0.009141 0.924479 0.010055 0.925130 0.010969 0.925130 0.011883 0.925781 0.012797 0.925781 0.013711 0.925781 0.014625 0.925781 0.015539 0.925781 0.016453 0.925130 0.017367 0.924479 0.018282 0.923828 0.018282 0.923177 0.019196 0.922526 0.019196 0.921875 0.019196 0.921224 0.019196 0.920573 0.018282 0.919922 0.018282 0.919271 0.018282 0.918620 0.019196 0.917969 0.019196 0.917318 0.019196 0.916667 0.019196 0.916016 0.018282 0.915365 0.018282 0.914714 0.018282 0.914062 0.018282 0.913411 0.018282 0.912760 0.018282 0.912109 0.018282 0.911458 0.017367 0.910807 0.018282 0.910156 0.018282 0.909505 0.018282 0.908854 0.017367 0.908203 0.018282 0.907552 0.017367 0.906901 0.018282 0.906250 0.018282 0.905599 0.018282 0.904948 0.017367 0.904297 0.018282 0.903646 0.018282 0.902995 0.018282 0.902344 0.018282 0.901693 0.018282 0.901042 0.018282 0.900391 0.018282 0.899740 0.017367 0.899089 0.018282 0.898438 0.018282 0.897786 0.019196 0.897135 0.018282 0.896484 0.018282 0.895833 0.018282 0.895182 0.018282 0.894531 0.018282 0.893880 0.018282 0.893229 0.018282 0.892578 0.018282 0.891927 0.018282 0.891276 0.018282 0.890625 0.018282 0.889974 0.018282 0.889323 0.018282 0.888672 0.018282 0.888021 0.018282 0.887370 0.018282 0.886719 0.018282 0.886068 0.018282 0.885417 0.018282 0.884766 0.017367 0.884115 0.018282 0.883464 0.018282 0.882812 0.018282 0.882161 0.018282 0.881510 0.018282 0.880859 0.018282 0.880208 0.018282 0.879557 0.018282 0.878906 0.017367 0.878255 0.017367 0.877604 0.017367 0.876953 0.018282 0.876302 0.018282 0.875651 0.018282 0.875000 0.017367 0.874349 0.017367 0.873698 0.018282 0.873047 0.018282 0.872396 0.018282 0.871745 0.018282 0.871094 0.018282 0.870443 0.018282 0.869792 0.018282 0.869141 0.018282 0.868490 0.018282 0.867839 0.018282 0.867188 0.018282 0.866536 0.018282 0.865885 0.018282 0.865234 0.018282 0.864583 0.018282 0.863932 0.018282 0.863281 0.018282 0.862630 0.018282 0.861979 0.018282 0.861328 0.018282 0.860677 0.018282 0.860026 0.018282 0.859375 0.018282 0.858724 0.017367 0.858073 0.017367 0.857422 0.017367 0.856771 0.017367 0.856120 0.017367 0.855469 0.017367 0.854818 0.017367 0.854167 0.017367 0.853516 0.017367 0.852865 0.017367 0.852214 0.017367 0.851562 0.017367 0.850911 0.017367 0.850260 0.017367 0.849609 0.017367 0.848958 0.017367 0.848307 0.017367 0.847656 0.017367 0.847005 0.018282 0.846354 0.017367 0.845703 0.017367 0.845052 0.017367 0.844401 0.017367 0.843750 0.017367 0.843099 0.017367 0.842448 0.017367 0.841797 0.017367 0.841146 0.017367 0.840495 0.017367 0.839844 0.017367 0.839193 0.017367 0.838542 0.017367 0.837891 0.017367 0.837240 0.017367 0.836589 0.017367 0.835938 0.018282 0.835286 0.018282 0.834635 0.017367 0.833984 0.017367 0.833333 0.017367 0.832682 0.018282 0.832031 0.018282 0.831380 0.017367 0.830729 0.017367 0.830078 0.017367 0.829427 0.017367 0.828776 0.017367 0.828125 0.017367 0.827474 0.017367 0.826823 0.017367 0.826172 0.016453 0.825521 0.016453 0.824870 0.016453 0.824219 0.017367 0.823568 0.016453 0.822917 0.017367 0.822266 0.017367 0.821615 0.017367 0.820964 0.017367 0.820312 0.017367 0.819661 0.017367 0.819010 0.017367 0.818359 0.017367 0.817708 0.017367 0.817057 0.017367 0.816406 0.018282 0.815755 0.018282 0.815104 0.018282 0.814453 0.018282 0.813802 0.018282 0.813151 0.018282 0.812500 0.017367 0.811849 0.018282 0.811198 0.018282 0.810547 0.018282 0.809896 0.018282 0.809245 0.017367 0.808594 0.017367 0.807943 0.017367 0.807292 0.017367 0.806641 0.017367 0.805990 0.017367 0.805339 0.018282 0.804688 0.017367 0.804036 0.017367 0.803385 0.017367 0.802734 0.017367 0.802083 0.017367 0.801432 0.017367 0.800781 0.016453 0.800130 0.017367 0.799479 0.017367 0.798828 0.017367 0.798177 0.016453 0.797526 0.016453 0.796875 0.016453 0.796224 0.017367 0.795573 0.016453 0.794922 0.016453 0.794271 0.017367 0.793620 0.017367 0.792969 0.017367 0.792318 0.017367 0.791667 0.017367 0.791016 0.017367 0.790365 0.017367 0.789714 0.017367 0.789062 0.017367 0.788411 0.017367 0.787760 0.018282 0.787109 0.017367 0.786458 0.018282 0.785807 0.017367 0.785156 0.018282 0.784505 0.018282 0.783854 0.018282 0.783203 0.018282 0.782552 0.018282 0.781901 0.018282 0.781250 0.018282 0.780599 0.018282 0.779948 0.017367 0.779297 0.017367 0.778646 0.018282 0.777995 0.018282 0.777344 0.017367 0.776693 0.017367 0.776042 0.017367 0.775391 0.017367 0.774740 0.017367 0.774089 0.018282 0.773438 0.017367 0.772786 0.017367 0.772135 0.017367 0.771484 0.017367 0.770833 0.016453 0.770182 0.017367 0.769531 0.017367 0.768880 0.016453 0.768229 0.017367 0.767578 0.017367 0.766927 0.017367 0.766276 0.016453 0.765625 0.017367 0.764974 0.017367 0.764323 0.018282 0.763672 0.017367 0.763021 0.018282 0.762370 0.018282 0.761719 0.018282 0.761068 0.018282 0.760417 0.018282 0.759766 0.018282 0.759115 0.018282 0.758464 0.018282 0.757812 0.018282 0.757161 0.018282 0.756510 0.018282 0.755859 0.017367 0.755208 0.017367 0.754557 0.018282 0.753906 0.018282 0.753255 0.018282 0.752604 0.018282 0.751953 0.018282 0.751302 0.017367 0.750651 0.018282 0.750000 0.018282 0.749349 0.018282 0.748698 0.018282 0.748047 0.018282 0.747396 0.018282 0.746745 0.018282 0.746094 0.018282 0.745443 0.018282 0.744792 0.018282 0.744141 0.018282 0.743490 0.017367 0.742839 0.017367 0.742188 0.017367 0.741536 0.017367 0.740885 0.017367 0.740234 0.017367 0.739583 0.017367 0.738932 0.017367 0.738281 0.017367 0.737630 0.017367 0.736979 0.017367 0.736328 0.017367 0.735677 0.017367 0.735026 0.017367 0.734375 0.018282 0.733724 0.018282 0.733073 0.018282 0.732422 0.018282 0.731771 0.018282 0.731120 0.018282 0.730469 0.018282 0.729818 0.018282 0.729167 0.018282 0.728516 0.018282 0.727865 0.018282 0.727214 0.018282 0.726562 0.018282 0.725911 0.018282 0.725260 0.018282 0.724609 0.018282 0.723958 0.018282 0.723307 0.018282 0.722656 0.019196 0.722005 0.018282 0.721354 0.018282 0.720703 0.018282 0.720052 0.018282 0.719401 0.018282 0.718750 0.018282 0.718099 0.018282 0.717448 0.018282 0.716797 0.018282 0.716146 0.018282 0.715495 0.018282 0.714844 0.018282 0.714193 0.017367 0.713542 0.018282 0.712891 0.017367 0.712240 0.017367 0.711589 0.018282 0.710938 0.018282 0.710286 0.018282 0.709635 0.018282 0.708984 0.018282 0.708333 0.018282 0.707682 0.018282 0.707031 0.019196 0.706380 0.018282 0.705729 0.018282 0.705078 0.019196 0.704427 0.019196 0.703776 0.019196 0.703125 0.018282 0.702474 0.019196 0.701823 0.019196 0.701172 0.019196 0.700521 0.019196 0.699870 0.018282 0.699219 0.018282 0.698568 0.019196 0.697917 0.019196 0.697266 0.019196 0.696615 0.019196 0.695964 0.020110 0.695312 0.019196 0.694661 0.020110 0.694010 0.020110 0.693359 0.020110 0.692708 0.019196 0.692057 0.019196 0.691406 0.018282 0.690755 0.018282 0.690104 0.017367 0.689453 0.017367 0.688802 0.017367 0.688151 0.017367 0.687500 0.018282 0.686849 0.018282 0.686198 0.017367 0.685547 0.017367 0.684896 0.017367 0.684245 0.017367 0.683594 0.017367 0.682943 0.017367 0.682292 0.017367 0.681641 0.016453 0.680990 0.017367 0.680339 0.017367 0.679688 0.018282 0.679036 0.019196 0.678385 0.019196 0.677734 0.020110 0.677083 0.019196 0.676432 0.019196 0.675781 0.018282 0.675130 0.017367 0.674479 0.016453 0.675130 0.015539 0.674479 0.016453 0.673828 0.015539 0.673177 0.014625 0.673828 0.013711 0.673177 0.014625 0.672526 0.013711 0.671875 0.012797 0.671875 0.011883 0.671224 0.010969 0.671224 0.010055 0.671224 0.009141 0.671224 0.008227 0.671875 0.007313 0.671224 0.008227 0.670573 0.008227 0.669922 0.007313 0.669271 0.008227 0.668620 0.008227 0.667969 0.008227 0.667318 0.008227 0.666667 0.009141 0.666016 0.009141 0.666667 0.010055 0.666667 0.010969 0.666016 0.011883 0.666667 0.010969 0.667318 0.010969 0.667969 0.011883 0.668620 0.011883 0.669271 0.012797 0.669922 0.013711 0.670573 0.014625 0.670573 0.015539 0.669922 0.016453 0.669271 0.017367 0.668620 0.018282 0.667969 0.018282 0.667318 0.019196 0.666667 0.019196 0.666016 0.019196 0.665365 0.019196 0.664714 0.019196 0.664062 0.019196 0.663411 0.019196 0.662760 0.019196 0.662109 0.019196 0.661458 0.019196 0.660807 0.019196 0.660156 0.019196 0.659505 0.019196 0.658854 0.019196 0.658203 0.019196 0.657552 0.018282 0.656901 0.018282 0.656250 0.018282 0.655599 0.019196 0.654948 0.018282 0.654297 0.018282 0.653646 0.019196 0.652995 0.019196 0.652344 0.019196 0.651693 0.019196 0.651042 0.019196 0.650391 0.019196 0.649740 0.018282 0.649089 0.018282 0.648438 0.017367 0.647786 0.016453 0.647135 0.017367 0.646484 0.016453 0.647135 0.017367 0.646484 0.018282 0.645833 0.019196 0.645182 0.019196 0.644531 0.020110 0.643880 0.020110 0.643229 0.021024 0.642578 0.021024 0.641927 0.021024 0.641276 0.020110 0.640625 0.020110 0.639974 0.019196 0.639323 0.018282 0.639323 0.017367 0.639323 0.016453 0.639323 0.015539 0.639974 0.014625 0.639323 0.013711 0.639323 0.012797 0.638672 0.012797 0.638021 0.011883 0.637370 0.010969 0.638021 0.011883 0.637370 0.012797 0.636719 0.013711 0.636068 0.012797 0.636719 0.013711 0.636719 0.014625 0.636719 0.015539 0.636068 0.016453 0.635417 0.017367 0.634766 0.018282 0.634115 0.018282 0.633464 0.019196 0.632812 0.019196 0.632161 0.018282 0.631510 0.018282 0.630859 0.017367 0.630208 0.017367 0.629557 0.018282 0.628906 0.018282 0.628255 0.019196 0.627604 0.019196 0.626953 0.019196 0.626302 0.019196 0.625651 0.019196 0.625000 0.019196 0.624349 0.019196 0.623698 0.018282 0.623047 0.019196 0.622396 0.019196 0.621745 0.019196 0.621094 0.019196 0.620443 0.019196 0.619792 0.019196 0.619141 0.019196 0.618490 0.019196 0.617839 0.019196 0.617188 0.019196 0.616536 0.019196 0.615885 0.019196 0.615234 0.020110 0.614583 0.019196 0.613932 0.019196 0.613281 0.020110 0.612630 0.020110 0.611979 0.020110 0.611328 0.020110 0.610677 0.020110 0.610026 0.020110 0.609375 0.021024 0.608724 0.021024 0.608073 0.021024 0.607422 0.020110 0.606771 0.020110 0.606120 0.021024 0.605469 0.021024 0.604818 0.021024 0.604167 0.020110 0.603516 0.020110 0.602865 0.020110 0.602214 0.020110 0.601562 0.020110 0.600911 0.019196 0.600260 0.019196 0.599609 0.020110 0.598958 0.019196 0.598307 0.019196 0.597656 0.018282 0.597005 0.019196 0.596354 0.019196 0.595703 0.019196 0.595052 0.020110 0.594401 0.020110 0.593750 0.019196 0.593099 0.019196 0.592448 0.020110 0.591797 0.020110 0.591146 0.019196 0.590495 0.020110 0.589844 0.020110 0.589193 0.020110 0.588542 0.021024 0.587891 0.021024 0.587240 0.021938 0.586589 0.021024 0.585938 0.021938 0.585286 0.021938 0.584635 0.021938 0.583984 0.021024 0.583333 0.021938 0.582682 0.021938 0.582031 0.022852 0.581380 0.022852 0.580729 0.022852 0.580078 0.022852 0.579427 0.021938 0.578776 0.021938 0.578125 0.021024 0.577474 0.021024 0.576823 0.021024 0.576172 0.021024 0.575521 0.021024 0.574870 0.021024 0.574219 0.021024 0.573568 0.021024 0.572917 0.021024 0.572266 0.021024 0.571615 0.021024 0.570964 0.020110 0.570312 0.020110 0.569661 0.020110 0.569010 0.020110 0.568359 0.019196 0.567708 0.019196 0.567057 0.019196 0.566406 0.020110 0.565755 0.019196 0.565104 0.020110 0.564453 0.020110 0.563802 0.021024 0.563151 0.021024 0.562500 0.021938 0.561849 0.021938 0.561198 0.021938 0.560547 0.021024 0.559896 0.021024 0.559245 0.021024 0.558594 0.021024 0.557943 0.021024 0.557292 0.021938 0.556641 0.021938 0.555990 0.021938 0.555339 0.021938 0.554688 0.021938 0.554036 0.021024 0.553385 0.021024 0.552734 0.020110 0.552083 0.019196 0.552083 0.018282 0.552083 0.017367 0.552734 0.016453 0.553385 0.015539 0.554036 0.014625 0.554688 0.013711 0.555339 0.013711 0.555990 0.012797 0.556641 0.012797 0.557292 0.012797 0.557943 0.013711 0.558594 0.013711 0.559245 0.013711 0.559896 0.013711 0.559245 0.013711 0.558594 0.012797 0.557943 0.013711 0.557292 0.012797 0.556641 0.012797 0.555990 0.011883 0.555339 0.010969 0.555339 0.010055 0.555339 0.009141 0.555990 0.008227 0.556641 0.007313 0.557292 0.008227 0.556641 0.007313 0.556641 0.006399 0.556641 0.005484 0.556641 0.004570 0.556641 0.003656 0.556641 0.002742 0.556641 0.001828 0.556641 0.000914 0.555990 0.000914 0.555339 0.000914 0.554688 0.000914 0.554036 0.000914 0.553385 0.000914 0.552734 0.000914 0.552083 0.000914 0.552083 0.001828 0.552083 0.002742 0.552083 0.003656 0.551432 0.004570 0.551432 0.005484 0.551432 0.006399 0.550781 0.007313 0.550781 0.008227 0.550781 0.009141 0.550781 0.010055 0.550781 0.010969 0.550781 0.011883 0.550781 0.012797 0.550781 0.013711 0.550781 0.014625 0.550781 0.015539 0.551432 0.016453 0.551432 0.017367 0.551432 0.018282 0.551432 0.019196 0.550781 0.020110 0.550130 0.021024 0.549479 0.021938 0.548828 0.021938 0.548177 0.022852 0.547526 0.021938 0.546875 0.022852 0.546224 0.022852 0.545573 0.022852 0.544922 0.021938 0.544271 0.022852 0.543620 0.022852 0.542969 0.021938 0.542318 0.021938 0.541667 0.021024 0.541016 0.020110 0.540365 0.020110 0.539714 0.020110 0.539062 0.020110 0.538411 0.020110 0.537760 0.020110 0.537109 0.019196 0.536458 0.019196 0.535807 0.018282 0.535156 0.017367 0.535156 0.016453 0.534505 0.016453 0.533854 0.015539 0.533203 0.014625 0.532552 0.014625 0.531901 0.014625 0.531250 0.013711 0.530599 0.013711 0.529948 0.013711 0.529297 0.012797 0.529948 0.013711 0.529948 0.014625 0.529948 0.015539 0.529948 0.016453 0.529948 0.017367 0.530599 0.018282 0.530599 0.019196 0.530599 0.020110 0.529948 0.021024 0.529948 0.021938 0.529297 0.022852 0.528646 0.023766 0.527995 0.024680 0.527344 0.025594 0.526693 0.025594 0.526042 0.026508 0.525391 0.025594 0.524740 0.026508 0.524089 0.026508 0.523438 0.025594 0.524089 0.024680 0.523438 0.025594 0.522786 0.024680 0.522135 0.023766 0.522135 0.022852 0.522135 0.021938 0.522786 0.021024 0.522786 0.020110 0.522786 0.019196 0.522786 0.018282 0.522135 0.017367 0.522135 0.016453 0.522135 0.015539 0.522135 0.014625 0.522135 0.013711 0.522135 0.012797 0.522135 0.011883 0.522786 0.010969 0.522786 0.010055 0.523438 0.009141 0.523438 0.008227 0.524089 0.007313 0.524740 0.006399 0.525391 0.007313 0.524740 0.006399 0.525391 0.005484 0.525391 0.004570 0.525391 0.003656 0.525391 0.002742 0.526042 0.001828 0.526693 0.000914 0.527344 0.000914 0.526693 0.000914 0.526042 0.000914 0.525391 0.000914 0.524740 0.000914 0.524089 0.000914 0.523438 0.000914 0.522786 0.000914 0.522786 0.001828 0.522786 0.002742 0.522786 0.003656 0.522135 0.004570 0.522135 0.005484 0.521484 0.006399 0.520833 0.007313 0.520182 0.006399 0.520833 0.007313 0.520182 0.008227 0.519531 0.009141 0.519531 0.010055 0.519531 0.010969 0.519531 0.011883 0.519531 0.012797 0.520182 0.013711 0.520182 0.014625 0.520182 0.015539 0.519531 0.016453 0.519531 0.017367 0.518880 0.018282 0.518229 0.019196 0.517578 0.019196 0.516927 0.020110 0.516276 0.020110 0.515625 0.021024 0.514974 0.021938 0.514323 0.021938 0.513672 0.022852 0.513021 0.023766 0.512370 0.023766 0.512370 0.024680 0.512370 0.025594 0.512370 0.026508 0.511719 0.027422 0.511068 0.026508 0.511068 0.025594 0.511068 0.024680 0.511068 0.023766 0.510417 0.023766 0.509766 0.022852 0.509115 0.021938 0.508464 0.021024 0.509115 0.020110 0.508464 0.021024 0.507812 0.020110 0.507161 0.019196 0.507812 0.018282 0.507161 0.019196 0.506510 0.018282 0.505859 0.017367 0.506510 0.016453 0.505859 0.017367 0.505208 0.017367 0.504557 0.016453 0.503906 0.016453 0.503255 0.016453 0.502604 0.016453 0.501953 0.017367 0.501302 0.017367 0.500651 0.017367 0.500000 0.016453 0.499349 0.016453 0.498698 0.015539 0.498047 0.014625 0.498047 0.013711 0.498047 0.012797 0.498698 0.011883 0.498698 0.010969 0.499349 0.010055 0.500000 0.009141 0.500651 0.008227 0.500651 0.007313 0.501302 0.006399 0.501953 0.006399 0.501302 0.006399 0.500651 0.007313 0.500000 0.007313 0.499349 0.007313 0.498698 0.008227 0.498047 0.008227 0.497396 0.009141 0.496745 0.010055 0.496094 0.009141 0.496745 0.010055 0.496094 0.010969 0.496094 0.011883 0.496094 0.012797 0.495443 0.013711 0.494792 0.014625 0.494792 0.015539 0.494141 0.016453 0.494141 0.017367 0.493490 0.018282 0.492839 0.019196 0.492188 0.019196 0.491536 0.020110 0.490885 0.021024 0.490234 0.021938 0.489583 0.021938 0.488932 0.022852 0.488281 0.022852 0.487630 0.022852 0.486979 0.021938 0.486328 0.021938 0.485677 0.021938 0.485026 0.021938 0.484375 0.021024 0.483724 0.021024 0.483073 0.021938 0.482422 0.021938 0.481771 0.021024 0.481120 0.021938 0.480469 0.021938 0.479818 0.021938 0.479167 0.021024 0.478516 0.021938 0.477865 0.021938 0.477214 0.021938 0.476562 0.021938 0.475911 0.021938 0.475260 0.021938 0.474609 0.022852 0.473958 0.021938 0.473307 0.021938 0.472656 0.021024 0.472005 0.020110 0.471354 0.019196 0.470703 0.020110 0.470052 0.020110 0.469401 0.020110 0.468750 0.019196 0.468099 0.019196 0.467448 0.018282 0.466797 0.017367 0.466797 0.016453 0.466797 0.015539 0.466797 0.014625 0.466797 0.013711 0.466146 0.013711 0.465495 0.013711 0.465495 0.014625 0.465495 0.015539 0.465495 0.016453 0.465495 0.017367 0.464844 0.018282 0.464193 0.019196 0.464193 0.020110 0.463542 0.021024 0.462891 0.021938 0.462240 0.021938 0.461589 0.022852 0.460938 0.022852 0.460286 0.023766 0.459635 0.022852 0.458984 0.023766 0.458333 0.022852 0.457682 0.023766 0.457031 0.023766 0.456380 0.023766 0.455729 0.022852 0.455078 0.022852 0.454427 0.023766 0.454427 0.024680 0.454427 0.025594 0.454427 0.026508 0.454427 0.027422 0.453776 0.028336 0.453125 0.027422 0.453125 0.026508 0.453125 0.025594 0.453125 0.024680 0.453125 0.023766 0.453125 0.022852 0.452474 0.022852 0.451823 0.021938 0.451172 0.021938 0.450521 0.021024 0.449870 0.020110 0.449219 0.019196 0.448568 0.018282 0.449219 0.017367 0.448568 0.018282 0.447917 0.017367 0.447266 0.016453 0.446615 0.015539 0.447266 0.014625 0.446615 0.015539 0.445964 0.014625 0.445312 0.014625 0.444661 0.014625 0.444010 0.013711 0.444010 0.014625 0.444010 0.015539 0.444010 0.016453 0.444661 0.016453 0.445312 0.017367 0.445964 0.018282 0.445964 0.019196 0.445964 0.020110 0.445964 0.021024 0.445964 0.021938 0.445312 0.022852 0.444661 0.023766 0.444010 0.023766 0.443359 0.024680 0.442708 0.024680 0.442708 0.025594 0.442708 0.026508 0.442708 0.027422 0.442708 0.028336 0.442057 0.029250 0.441406 0.028336 0.441406 0.027422 0.441406 0.026508 0.441406 0.025594 0.441406 0.024680 0.440755 0.024680 0.440104 0.023766 0.439453 0.022852 0.439453 0.021938 0.439453 0.021024 0.439453 0.020110 0.439453 0.019196 0.440104 0.018282 0.440755 0.017367 0.441406 0.016453 0.442057 0.016453 0.442708 0.015539 0.442708 0.014625 0.442708 0.013711 0.442708 0.012797 0.442057 0.011883 0.441406 0.010969 0.440755 0.010055 0.440755 0.009141 0.440755 0.008227 0.440104 0.007313 0.440104 0.006399 0.440104 0.005484 0.440104 0.004570 0.440104 0.003656 0.440104 0.002742 0.440104 0.001828 0.440104 0.000914 0.439453 0.000914 0.438802 0.000914 0.438151 0.000914 0.437500 0.000914 0.436849 0.000914 0.436849 0.001828 0.436849 0.002742 0.436849 0.003656 0.437500 0.004570 0.437500 0.005484 0.437500 0.006399 0.437500 0.007313 0.437500 0.008227 0.437500 0.009141 0.437500 0.010055 0.437500 0.010969 0.436849 0.011883 0.436849 0.012797 0.436198 0.013711 0.436198 0.014625 0.435547 0.015539 0.434896 0.016453 0.434245 0.017367 0.434245 0.018282 0.433594 0.019196 0.432943 0.020110 0.432292 0.021024 0.431641 0.021938 0.430990 0.022852 0.430339 0.022852 0.429688 0.023766 0.429036 0.023766 0.428385 0.022852 0.427734 0.022852 0.427083 0.021938 0.426432 0.021024 0.425781 0.020110 0.426432 0.019196 0.425781 0.020110 0.425130 0.019196 0.424479 0.019196 0.423828 0.020110 0.423177 0.020110 0.422526 0.021024 0.421875 0.021024 0.421224 0.021938 0.420573 0.021938 0.419922 0.022852 0.419271 0.021938 0.418620 0.021938 0.417969 0.022852 0.417318 0.022852 0.416667 0.022852 0.416016 0.021938 0.415365 0.021938 0.414714 0.021024 0.414062 0.021024 0.413411 0.021024 0.412760 0.021024 0.412109 0.021024 0.411458 0.020110 0.412109 0.021024 0.411458 0.021938 0.410807 0.022852 0.410156 0.022852 0.410156 0.023766 0.410156 0.024680 0.410156 0.025594 0.410156 0.026508 0.410156 0.027422 0.409505 0.028336 0.408854 0.027422 0.408854 0.026508 0.408854 0.025594 0.408854 0.024680 0.408854 0.023766 0.408203 0.022852 0.407552 0.022852 0.406901 0.021938 0.406250 0.021024 0.406250 0.020110 0.406250 0.019196 0.406250 0.018282 0.405599 0.017367 0.405599 0.016453 0.405599 0.015539 0.405599 0.014625 0.405599 0.013711 0.405599 0.012797 0.406250 0.011883 0.406901 0.010969 0.406901 0.010055 0.406901 0.009141 0.407552 0.008227 0.408203 0.007313 0.408854 0.008227 0.408203 0.007313 0.408203 0.006399 0.408854 0.005484 0.409505 0.004570 0.410156 0.003656 0.409505 0.002742 0.409505 0.001828 0.409505 0.000914 0.408854 0.000914 0.408203 0.000914 0.407552 0.000914 0.406901 0.001828 0.406901 0.002742 0.406901 0.003656 0.406901 0.004570 0.406250 0.005484 0.405599 0.006399 0.404948 0.005484 0.405599 0.006399 0.404948 0.007313 0.404297 0.008227 0.403646 0.008227 0.402995 0.009141 0.402344 0.008227 0.402995 0.009141 0.402995 0.010055 0.402995 0.010969 0.402995 0.011883 0.403646 0.012797 0.403646 0.013711 0.403646 0.014625 0.403646 0.015539 0.403646 0.016453 0.403646 0.017367 0.403646 0.018282 0.403646 0.019196 0.402995 0.020110 0.402344 0.021024 0.401693 0.021024 0.401042 0.021938 0.400391 0.021938 0.399740 0.022852 0.399089 0.022852 0.398438 0.022852 0.397786 0.022852 0.397135 0.023766 0.396484 0.022852 0.395833 0.022852 0.395182 0.023766 0.394531 0.023766 0.393880 0.023766 0.393229 0.023766 0.392578 0.022852 0.391927 0.022852 0.391276 0.021938 0.390625 0.021024 0.390625 0.020110 0.389974 0.019196 0.389323 0.018282 0.389323 0.017367 0.388672 0.016453 0.388021 0.015539 0.388021 0.014625 0.387370 0.013711 0.386719 0.014625 0.386068 0.014625 0.385417 0.014625 0.384766 0.015539 0.384115 0.015539 0.383464 0.015539 0.382812 0.015539 0.382161 0.015539 0.381510 0.016453 0.381510 0.017367 0.380859 0.018282 0.380208 0.019196 0.379557 0.020110 0.378906 0.021024 0.378255 0.021938 0.377604 0.021938 0.376953 0.022852 0.376302 0.022852 0.375651 0.022852 0.375000 0.022852 0.374349 0.021938 0.373698 0.021938 0.373047 0.021938 0.372396 0.021024 0.371745 0.021024 0.371094 0.020110 0.370443 0.019196 0.369792 0.019196 0.369141 0.019196 0.368490 0.019196 0.367839 0.020110 0.367188 0.020110 0.366536 0.021024 0.365885 0.021024 0.365234 0.021024 0.364583 0.021938 0.363932 0.021938 0.363281 0.021938 0.362630 0.022852 0.361979 0.022852 0.361328 0.022852 0.360677 0.022852 0.360026 0.023766 0.359375 0.023766 0.358724 0.022852 0.358073 0.022852 0.357422 0.021938 0.356771 0.021024 0.356771 0.020110 0.356771 0.019196 0.356771 0.018282 0.356120 0.017367 0.356120 0.016453 0.356120 0.015539 0.355469 0.014625 0.355469 0.013711 0.354818 0.012797 0.354818 0.011883 0.354818 0.010969 0.354818 0.010055 0.354167 0.009141 0.354167 0.008227 0.354167 0.007313 0.354818 0.006399 0.354167 0.005484 0.354818 0.004570 0.354167 0.005484 0.353516 0.004570 0.352865 0.004570 0.352214 0.004570 0.351562 0.004570 0.350911 0.005484 0.350260 0.005484 0.349609 0.006399 0.349609 0.007313 0.349609 0.008227 0.349609 0.009141 0.349609 0.010055 0.349609 0.010969 0.349609 0.011883 0.350260 0.012797 0.350260 0.013711 0.350260 0.014625 0.350260 0.015539 0.350911 0.016453 0.350911 0.017367 0.350911 0.018282 0.350911 0.019196 0.350260 0.020110 0.349609 0.021024 0.348958 0.021938 0.348307 0.021938 0.347656 0.022852 0.347005 0.022852 0.346354 0.022852 0.345703 0.022852 0.345052 0.022852 0.344401 0.021938 0.343750 0.021938 0.343099 0.021024 0.342448 0.021024 0.341797 0.021024 0.341146 0.021024 0.340495 0.020110 0.339844 0.021024 0.339193 0.021024 0.338542 0.021024 0.337891 0.021938 0.337240 0.021938 0.336589 0.021938 0.335938 0.021024 0.335286 0.021024 0.334635 0.020110 0.333984 0.020110 0.333333 0.020110 0.332682 0.019196 0.332031 0.019196 0.331380 0.018282 0.330729 0.018282 0.330078 0.017367 0.329427 0.016453 0.328776 0.015539 0.328776 0.014625 0.328776 0.013711 0.328776 0.012797 0.328776 0.011883 0.328776 0.010969 0.329427 0.010055 0.330078 0.009141 0.330729 0.008227 0.331380 0.007313 0.331380 0.006399 0.332031 0.005484 0.332682 0.004570 0.333333 0.003656 0.333984 0.003656 0.334635 0.002742 0.335286 0.003656 0.335286 0.002742 0.335938 0.001828 0.336589 0.000914 0.335938 0.000914 0.335286 0.000914 0.334635 0.000914 0.333984 0.000914 0.333333 0.000914
