0 0.092448 0.558594 0.092448 0.559570 0.091797 0.560547 0.091797 0.561523 0.091146 0.562500 0.090495 0.563477 0.090495 0.564453 0.090495 0.565430 0.091146 0.566406 0.091146 0.567383 0.091146 0.568359 0.091797 0.569336 0.092448 0.570312 0.091797 0.571289 0.091146 0.571289 0.091797 0.572266 0.092448 0.573242 0.093099 0.573242 0.093750 0.574219 0.094401 0.575195 0.095052 0.575195 0.094401 0.574219 0.095052 0.573242 0.095703 0.572266 0.095703 0.571289 0.096354 0.570312 0.095703 0.570312 0.095052 0.569336 0.095052 0.568359 0.095703 0.567383 0.096354 0.566406 0.096354 0.565430 0.096354 0.564453 0.096354 0.563477 0.095703 0.562500 0.095052 0.562500 0.094401 0.563477 0.093750 0.562500 0.093099 0.561523 0.092448 0.561523 0.091797 0.560547 0.092448 0.559570 0.093099 0.559570 0.093750 0.559570 0.094401 0.559570 0.095052 0.559570 0.094401 0.558594 0.093750 0.559570 0.093099 0.559570
0 0.569661 0.551758 0.570312 0.552734 0.570312 0.553711 0.570964 0.554688 0.570964 0.555664 0.570312 0.556641 0.569661 0.556641 0.569661 0.557617 0.569010 0.558594 0.568359 0.559570 0.567708 0.558594 0.567057 0.558594 0.567708 0.559570 0.567057 0.560547 0.567708 0.561523 0.567057 0.562500 0.567708 0.561523 0.568359 0.562500 0.568359 0.563477 0.569010 0.564453 0.568359 0.565430 0.567708 0.566406 0.567057 0.567383 0.566406 0.567383 0.565755 0.568359 0.566406 0.569336 0.567057 0.569336 0.567708 0.569336 0.568359 0.569336 0.568359 0.568359 0.567708 0.567383 0.568359 0.566406 0.568359 0.565430 0.569010 0.564453 0.569661 0.564453 0.569661 0.563477 0.570312 0.562500 0.570964 0.561523 0.571615 0.560547 0.571615 0.559570 0.571615 0.558594 0.572266 0.557617 0.572266 0.556641 0.572266 0.555664 0.572917 0.554688 0.573568 0.554688 0.572917 0.554688 0.572266 0.553711 0.572266 0.552734 0.571615 0.551758 0.570964 0.551758 0.570312 0.551758
0 0.402995 0.543945 0.402344 0.544922 0.401693 0.545898 0.401042 0.546875 0.400391 0.545898 0.399740 0.544922 0.400391 0.545898 0.400391 0.546875 0.400391 0.547852 0.399740 0.548828 0.400391 0.549805 0.399740 0.550781 0.399089 0.550781 0.399740 0.551758 0.399089 0.552734 0.398438 0.552734 0.397786 0.552734 0.397135 0.551758 0.396484 0.552734 0.396484 0.553711 0.397135 0.553711 0.397786 0.554688 0.397786 0.555664 0.398438 0.555664 0.399089 0.555664 0.399740 0.554688 0.400391 0.553711 0.401042 0.554688 0.401042 0.553711 0.401693 0.552734 0.402344 0.552734 0.402995 0.553711 0.402344 0.554688 0.402995 0.554688 0.403646 0.553711 0.404297 0.552734 0.404948 0.551758 0.405599 0.551758 0.406250 0.551758 0.406901 0.551758 0.407552 0.551758 0.408203 0.551758 0.407552 0.550781 0.408203 0.549805 0.407552 0.548828 0.406901 0.547852 0.406250 0.547852 0.405599 0.548828 0.404948 0.549805 0.404297 0.550781 0.403646 0.550781 0.402995 0.550781 0.402344 0.550781 0.402344 0.551758 0.401693 0.552734 0.401042 0.552734 0.400391 0.552734 0.399740 0.551758 0.400391 0.550781 0.401042 0.550781 0.401042 0.549805 0.401693 0.548828 0.401693 0.547852 0.401693 0.546875 0.401693 0.545898 0.402344 0.544922 0.402995 0.544922 0.403646 0.544922 0.403646 0.543945
0 0.310547 0.543945 0.309896 0.544922 0.309245 0.544922 0.308594 0.544922 0.307943 0.545898 0.307943 0.546875 0.307292 0.547852 0.307292 0.548828 0.306641 0.549805 0.305990 0.550781 0.305339 0.551758 0.304688 0.550781 0.304036 0.550781 0.303385 0.549805 0.304036 0.548828 0.303385 0.547852 0.303385 0.546875 0.303385 0.545898 0.302734 0.546875 0.302083 0.546875 0.301432 0.545898 0.301432 0.546875 0.301432 0.547852 0.301432 0.548828 0.300781 0.549805 0.300130 0.550781 0.300130 0.551758 0.300130 0.552734 0.299479 0.553711 0.298828 0.552734 0.298177 0.553711 0.298828 0.552734 0.299479 0.553711 0.300130 0.554688 0.300781 0.554688 0.301432 0.553711 0.302083 0.554688 0.302734 0.553711 0.303385 0.553711 0.304036 0.553711 0.304688 0.552734 0.305339 0.551758 0.305990 0.551758 0.306641 0.551758 0.307292 0.550781 0.307943 0.550781 0.308594 0.550781 0.309245 0.549805 0.309896 0.549805 0.309245 0.548828 0.309896 0.547852 0.310547 0.546875 0.310547 0.545898 0.310547 0.544922
0 0.194010 0.541992 0.193359 0.542969 0.193359 0.543945 0.193359 0.544922 0.192708 0.545898 0.192708 0.546875 0.192057 0.547852 0.191406 0.547852 0.190755 0.548828 0.190104 0.548828 0.190755 0.549805 0.190755 0.550781 0.190755 0.551758 0.190755 0.552734 0.191406 0.553711 0.191406 0.554688 0.190755 0.555664 0.190104 0.556641 0.189453 0.555664 0.188802 0.556641 0.188151 0.557617 0.188151 0.558594 0.188802 0.558594 0.189453 0.557617 0.190104 0.558594 0.190755 0.558594 0.191406 0.557617 0.192057 0.557617 0.192708 0.557617 0.192708 0.556641 0.192708 0.555664 0.193359 0.554688 0.192708 0.555664 0.192057 0.555664 0.191406 0.554688 0.191406 0.553711 0.191406 0.552734 0.192057 0.551758 0.192057 0.550781 0.192708 0.549805 0.193359 0.548828 0.194010 0.548828 0.194661 0.547852 0.194661 0.546875 0.195312 0.545898 0.195964 0.544922 0.195964 0.543945 0.195964 0.542969 0.195964 0.541992 0.195312 0.541992 0.194661 0.541992
0 0.628255 0.541016 0.627604 0.541992 0.626953 0.541992 0.626302 0.541992 0.625651 0.542969 0.625000 0.543945 0.625651 0.544922 0.626302 0.545898 0.626953 0.545898 0.627604 0.546875 0.626953 0.547852 0.626953 0.548828 0.626302 0.549805 0.625651 0.549805 0.625651 0.550781 0.626302 0.549805 0.626953 0.550781 0.626953 0.551758 0.627604 0.551758 0.628255 0.551758 0.628906 0.551758 0.628906 0.550781 0.628906 0.549805 0.628255 0.549805 0.627604 0.548828 0.628255 0.547852 0.628906 0.547852 0.629557 0.547852 0.628906 0.546875 0.629557 0.545898 0.630208 0.544922 0.630859 0.545898 0.631510 0.546875 0.630859 0.547852 0.631510 0.548828 0.630859 0.549805 0.630208 0.550781 0.630208 0.551758 0.630859 0.551758 0.631510 0.550781 0.632161 0.550781 0.632812 0.550781 0.632812 0.549805 0.632812 0.548828 0.633464 0.547852 0.632812 0.546875 0.633464 0.545898 0.634115 0.545898 0.634115 0.544922 0.634115 0.543945 0.633464 0.543945 0.632812 0.542969 0.632161 0.542969 0.631510 0.543945 0.630859 0.543945 0.630208 0.544922 0.629557 0.544922 0.628906 0.543945 0.629557 0.542969 0.628906 0.541992 0.628906 0.541016
0 0.264974 0.541016 0.265625 0.541992 0.266276 0.542969 0.265625 0.543945 0.264974 0.543945 0.264323 0.543945 0.264323 0.544922 0.264974 0.544922 0.265625 0.544922 0.266276 0.545898 0.266276 0.546875 0.266276 0.547852 0.266927 0.546875 0.267578 0.547852 0.267578 0.548828 0.266927 0.549805 0.266927 0.550781 0.267578 0.551758 0.268229 0.552734 0.267578 0.553711 0.268229 0.553711 0.268880 0.554688 0.269531 0.555664 0.270182 0.556641 0.270182 0.557617 0.269531 0.558594 0.269531 0.559570 0.268880 0.560547 0.268229 0.560547 0.267578 0.560547 0.267578 0.561523 0.267578 0.562500 0.267578 0.563477 0.267578 0.564453 0.268229 0.564453 0.268880 0.565430 0.269531 0.566406 0.270182 0.566406 0.270833 0.567383 0.270833 0.568359 0.270833 0.569336 0.270833 0.570312 0.270182 0.571289 0.269531 0.571289 0.268880 0.571289 0.269531 0.572266 0.270182 0.573242 0.270182 0.574219 0.269531 0.575195 0.269531 0.576172 0.270182 0.576172 0.270182 0.575195 0.270833 0.574219 0.270833 0.573242 0.270833 0.572266 0.270833 0.571289 0.270833 0.570312 0.271484 0.569336 0.272135 0.568359 0.272135 0.567383 0.272135 0.566406 0.272135 0.565430 0.272786 0.564453 0.273438 0.564453 0.272786 0.563477 0.272786 0.562500 0.273438 0.561523 0.274089 0.561523 0.274740 0.560547 0.274089 0.560547 0.273438 0.560547 0.272786 0.559570 0.272135 0.560547 0.271484 0.559570 0.271484 0.558594 0.271484 0.557617 0.271484 0.556641 0.272135 0.555664 0.272786 0.555664 0.273438 0.555664 0.272786 0.555664 0.272135 0.554688 0.272786 0.553711 0.273438 0.553711 0.274089 0.552734 0.274740 0.552734 0.275391 0.552734 0.274740 0.552734 0.274089 0.552734 0.273438 0.551758 0.274089 0.550781 0.274740 0.549805 0.274740 0.548828 0.274740 0.547852 0.275391 0.546875 0.274740 0.545898 0.274089 0.544922 0.274740 0.543945 0.275391 0.543945 0.275391 0.542969 0.276042 0.541992 0.276042 0.541016 0.275391 0.541016 0.274740 0.541992 0.274740 0.542969 0.274089 0.543945 0.273438 0.544922 0.272786 0.544922 0.272135 0.544922 0.272135 0.545898 0.272135 0.546875 0.271484 0.547852 0.270833 0.548828 0.270182 0.547852 0.269531 0.546875 0.269531 0.545898 0.270182 0.544922 0.270833 0.545898 0.270182 0.544922 0.269531 0.543945 0.269531 0.542969 0.270182 0.541992 0.270182 0.541016 0.269531 0.541992 0.268880 0.541992 0.268229 0.541992 0.267578 0.542969 0.266927 0.541992 0.266276 0.541016 0.265625 0.541016
0 0.199219 0.541016 0.198568 0.541992 0.199219 0.542969 0.198568 0.543945 0.198568 0.544922 0.198568 0.545898 0.197917 0.546875 0.197266 0.547852 0.196615 0.546875 0.197266 0.547852 0.197917 0.548828 0.197266 0.549805 0.197917 0.549805 0.198568 0.549805 0.199219 0.549805 0.199870 0.548828 0.200521 0.548828 0.201172 0.547852 0.201823 0.546875 0.202474 0.546875 0.202474 0.545898 0.203125 0.544922 0.203776 0.544922 0.204427 0.543945 0.204427 0.542969 0.203776 0.542969 0.203125 0.542969 0.202474 0.542969 0.201823 0.541992 0.201172 0.541016 0.200521 0.541016 0.199870 0.541992
0 0.705729 0.535156 0.705078 0.536133 0.705729 0.537109 0.705729 0.538086 0.705729 0.539062 0.705729 0.540039 0.706380 0.541016 0.707031 0.541992 0.707682 0.542969 0.707031 0.543945 0.707682 0.544922 0.707031 0.545898 0.706380 0.545898 0.707031 0.546875 0.706380 0.547852 0.705729 0.548828 0.705729 0.549805 0.705078 0.550781 0.704427 0.550781 0.703776 0.550781 0.703776 0.551758 0.704427 0.552734 0.704427 0.553711 0.705078 0.554688 0.705729 0.554688 0.705078 0.553711 0.705078 0.552734 0.705729 0.551758 0.706380 0.552734 0.707031 0.551758 0.707682 0.550781 0.707682 0.549805 0.707682 0.548828 0.707682 0.547852 0.708333 0.546875 0.707682 0.545898 0.707682 0.544922 0.708333 0.543945 0.708984 0.542969 0.709635 0.541992 0.709635 0.541016 0.710286 0.540039 0.710938 0.539062 0.710938 0.538086 0.710286 0.537109 0.709635 0.537109 0.708984 0.538086 0.708333 0.538086 0.708333 0.539062 0.707682 0.540039 0.707031 0.540039 0.706380 0.539062 0.707031 0.538086 0.707031 0.537109 0.706380 0.537109 0.705729 0.536133
0 0.719401 0.531250 0.719401 0.532227 0.718750 0.533203 0.718099 0.534180 0.717448 0.534180 0.716797 0.535156 0.716146 0.534180 0.715495 0.535156 0.714844 0.536133 0.714844 0.537109 0.715495 0.538086 0.714844 0.539062 0.714844 0.540039 0.714193 0.541016 0.713542 0.541992 0.713542 0.542969 0.713542 0.543945 0.712891 0.544922 0.712891 0.545898 0.712240 0.546875 0.712240 0.547852 0.711589 0.548828 0.710938 0.548828 0.710286 0.549805 0.710938 0.550781 0.710286 0.551758 0.710938 0.551758 0.711589 0.550781 0.712240 0.550781 0.712891 0.550781 0.713542 0.549805 0.714193 0.549805 0.713542 0.548828 0.713542 0.547852 0.713542 0.546875 0.713542 0.545898 0.714193 0.544922 0.714844 0.543945 0.715495 0.542969 0.716146 0.541992 0.716797 0.541992 0.717448 0.541992 0.717448 0.541016 0.717448 0.540039 0.716797 0.539062 0.716146 0.538086 0.716797 0.537109 0.717448 0.537109 0.717448 0.536133 0.717448 0.535156 0.718099 0.534180 0.718750 0.533203 0.719401 0.533203 0.720052 0.533203 0.720703 0.534180 0.721354 0.533203 0.722005 0.532227 0.721354 0.531250 0.720703 0.531250 0.720052 0.532227
0 0.102865 0.526367 0.102214 0.527344 0.102865 0.527344 0.103516 0.528320 0.104167 0.529297 0.103516 0.530273 0.102865 0.531250 0.103516 0.532227 0.103516 0.533203 0.104167 0.534180 0.103516 0.535156 0.102865 0.535156 0.102214 0.535156 0.102865 0.536133 0.102865 0.537109 0.102865 0.538086 0.102214 0.539062 0.101562 0.538086 0.100911 0.537109 0.100911 0.536133 0.100911 0.537109 0.100260 0.538086 0.100911 0.539062 0.101562 0.540039 0.101562 0.541016 0.100911 0.541992 0.100260 0.541016 0.100911 0.541992 0.101562 0.541992 0.102214 0.541016 0.102865 0.540039 0.102865 0.539062 0.103516 0.538086 0.104167 0.537109 0.104818 0.537109 0.105469 0.538086 0.105469 0.537109 0.106120 0.536133 0.106771 0.536133 0.106120 0.535156 0.106120 0.534180 0.106120 0.533203 0.106120 0.532227 0.106120 0.531250 0.106120 0.530273 0.106771 0.529297 0.107422 0.528320 0.106771 0.529297 0.106120 0.529297 0.105469 0.529297 0.104818 0.529297 0.104167 0.528320 0.104818 0.527344 0.104167 0.527344 0.103516 0.526367
0 0.095703 0.526367 0.095703 0.527344 0.095703 0.528320 0.095052 0.529297 0.095052 0.530273 0.094401 0.531250 0.093750 0.531250 0.093099 0.532227 0.092448 0.532227 0.093099 0.532227 0.093750 0.533203 0.093099 0.534180 0.092448 0.534180 0.092448 0.535156 0.092448 0.536133 0.092448 0.537109 0.093099 0.537109 0.093750 0.538086 0.094401 0.538086 0.095052 0.538086 0.095703 0.539062 0.096354 0.540039 0.097005 0.541016 0.097005 0.541992 0.097656 0.542969 0.097005 0.543945 0.096354 0.543945 0.095703 0.543945 0.095703 0.544922 0.096354 0.545898 0.097005 0.545898 0.097656 0.545898 0.098307 0.546875 0.098307 0.547852 0.098958 0.547852 0.099609 0.548828 0.098958 0.549805 0.098307 0.550781 0.098958 0.551758 0.098307 0.552734 0.097656 0.552734 0.097005 0.552734 0.097656 0.553711 0.098307 0.552734 0.098958 0.553711 0.098958 0.554688 0.099609 0.553711 0.100260 0.553711 0.100911 0.554688 0.101562 0.555664 0.101562 0.556641 0.101562 0.557617 0.101562 0.558594 0.100911 0.559570 0.101562 0.560547 0.101562 0.561523 0.100911 0.562500 0.100911 0.563477 0.100911 0.564453 0.100260 0.565430 0.099609 0.564453 0.099609 0.563477 0.098958 0.562500 0.098307 0.563477 0.098958 0.564453 0.098958 0.565430 0.098958 0.566406 0.099609 0.567383 0.100260 0.568359 0.099609 0.569336 0.100260 0.569336 0.100911 0.570312 0.101562 0.571289 0.100911 0.572266 0.100260 0.572266 0.099609 0.572266 0.100260 0.573242 0.100260 0.574219 0.099609 0.575195 0.098958 0.575195 0.099609 0.576172 0.100260 0.576172 0.100911 0.577148 0.100260 0.578125 0.100260 0.579102 0.100911 0.579102 0.101562 0.579102 0.102214 0.579102 0.102865 0.580078 0.102214 0.581055 0.101562 0.582031 0.100911 0.582031 0.100260 0.583008 0.100260 0.583984 0.099609 0.584961 0.098958 0.583984 0.098307 0.583984 0.097656 0.583984 0.097005 0.583984 0.096354 0.583008 0.096354 0.582031 0.096354 0.581055 0.095703 0.580078 0.095703 0.579102 0.095052 0.579102 0.094401 0.578125 0.094401 0.577148 0.093750 0.578125 0.093099 0.579102 0.093099 0.580078 0.093750 0.581055 0.093099 0.582031 0.093099 0.583008 0.093099 0.583984 0.092448 0.584961 0.091797 0.584961 0.091146 0.583984 0.091146 0.583008 0.090495 0.583008 0.089844 0.582031 0.089844 0.581055 0.089844 0.580078 0.089844 0.579102 0.089844 0.578125 0.089844 0.577148 0.089844 0.576172 0.089193 0.575195 0.088542 0.574219 0.089193 0.575195 0.088542 0.576172 0.089193 0.577148 0.088542 0.578125 0.087891 0.578125 0.088542 0.579102 0.087891 0.580078 0.087891 0.581055 0.087891 0.582031 0.087891 0.583008 0.087891 0.583984 0.087240 0.584961 0.086589 0.584961 0.085938 0.584961 0.085286 0.584961 0.084635 0.584961 0.083984 0.584961 0.083333 0.583984 0.083333 0.583008 0.083984 0.582031 0.083984 0.581055 0.084635 0.580078 0.084635 0.579102 0.084635 0.578125 0.084635 0.577148 0.084635 0.576172 0.083984 0.576172 0.083333 0.575195 0.083333 0.574219 0.083333 0.573242 0.082682 0.573242 0.082031 0.572266 0.081380 0.571289 0.082031 0.570312 0.081380 0.569336 0.081380 0.570312 0.080729 0.571289 0.080078 0.572266 0.080078 0.573242 0.079427 0.574219 0.080078 0.575195 0.080729 0.576172 0.080729 0.577148 0.080729 0.578125 0.080729 0.579102 0.080729 0.580078 0.080729 0.581055 0.080078 0.582031 0.080078 0.583008 0.079427 0.583984 0.078776 0.583984 0.078125 0.583008 0.077474 0.582031 0.077474 0.581055 0.078125 0.580078 0.078125 0.579102 0.077474 0.578125 0.078125 0.577148 0.078125 0.576172 0.077474 0.575195 0.076823 0.574219 0.076172 0.574219 0.075521 0.575195 0.075521 0.576172 0.075521 0.577148 0.076172 0.578125 0.075521 0.579102 0.074870 0.579102 0.074870 0.580078 0.074870 0.581055 0.074219 0.582031 0.073568 0.583008 0.073568 0.583984 0.072917 0.584961 0.072266 0.583984 0.072266 0.583008 0.072266 0.582031 0.072266 0.581055 0.072917 0.580078 0.072917 0.579102 0.072266 0.578125 0.071615 0.578125 0.070964 0.577148 0.070312 0.577148 0.069661 0.576172 0.069010 0.577148 0.069010 0.578125 0.069010 0.579102 0.068359 0.580078 0.068359 0.581055 0.068359 0.582031 0.069010 0.583008 0.068359 0.583984 0.067708 0.583984 0.067057 0.584961 0.066406 0.583984 0.065755 0.583008 0.065755 0.582031 0.065755 0.581055 0.066406 0.580078 0.066406 0.579102 0.066406 0.578125 0.066406 0.577148 0.067057 0.576172 0.067057 0.575195 0.066406 0.575195 0.065755 0.576172 0.065755 0.577148 0.065104 0.578125 0.064453 0.579102 0.063802 0.579102 0.063151 0.579102 0.063151 0.580078 0.063151 0.581055 0.063151 0.582031 0.063151 0.583008 0.062500 0.583984 0.061849 0.583008 0.061198 0.582031 0.061198 0.581055 0.061198 0.580078 0.061198 0.579102 0.060547 0.578125 0.060547 0.577148 0.059896 0.576172 0.059245 0.577148 0.058594 0.578125 0.057943 0.578125 0.057943 0.579102 0.057943 0.580078 0.057943 0.581055 0.057943 0.582031 0.057292 0.583008 0.057292 0.583984 0.057292 0.584961 0.056641 0.585938 0.055990 0.584961 0.055339 0.583984 0.055990 0.583008 0.055339 0.583008 0.054688 0.582031 0.054688 0.581055 0.055339 0.580078 0.055339 0.579102 0.055339 0.578125 0.054688 0.579102 0.054036 0.578125 0.054036 0.577148 0.054036 0.576172 0.053385 0.575195 0.053385 0.576172 0.052734 0.577148 0.052083 0.578125 0.051432 0.578125 0.051432 0.579102 0.051432 0.580078 0.050781 0.581055 0.050781 0.582031 0.051432 0.583008 0.051432 0.583984 0.050781 0.584961 0.050130 0.584961 0.049479 0.584961 0.048828 0.583984 0.048177 0.583984 0.047526 0.583008 0.047526 0.582031 0.048177 0.581055 0.048177 0.580078 0.047526 0.579102 0.046875 0.580078 0.046224 0.580078 0.045573 0.579102 0.046224 0.578125 0.046875 0.577148 0.046875 0.576172 0.046224 0.575195 0.046224 0.574219 0.045573 0.573242 0.045573 0.572266 0.045573 0.571289 0.045573 0.570312 0.044922 0.569336 0.044271 0.569336 0.044271 0.570312 0.043620 0.571289 0.043620 0.572266 0.043620 0.573242 0.043620 0.574219 0.042969 0.575195 0.042318 0.576172 0.041667 0.577148 0.041667 0.578125 0.041016 0.579102 0.040365 0.578125 0.040365 0.577148 0.040365 0.576172 0.039714 0.575195 0.039714 0.574219 0.039714 0.575195 0.039062 0.576172 0.039062 0.577148 0.039062 0.578125 0.039062 0.579102 0.039714 0.580078 0.039062 0.581055 0.039062 0.582031 0.038411 0.583008 0.037760 0.582031 0.037760 0.581055 0.037109 0.580078 0.037109 0.579102 0.036458 0.580078 0.035807 0.580078 0.035156 0.580078 0.035156 0.581055 0.035156 0.582031 0.034505 0.583008 0.033854 0.583984 0.033854 0.584961 0.033203 0.585938 0.032552 0.584961 0.031901 0.583984 0.031250 0.583008 0.031901 0.582031 0.031250 0.581055 0.031901 0.580078 0.031901 0.579102 0.031901 0.578125 0.031901 0.577148 0.031250 0.577148 0.030599 0.576172 0.030599 0.575195 0.031250 0.574219 0.031250 0.573242 0.031250 0.572266 0.031901 0.571289 0.031250 0.570312 0.031250 0.569336 0.030599 0.570312 0.029948 0.569336 0.029297 0.568359 0.029948 0.567383 0.030599 0.567383 0.031250 0.566406 0.031250 0.565430 0.031250 0.564453 0.030599 0.563477 0.031250 0.562500 0.030599 0.561523 0.031250 0.560547 0.031901 0.559570 0.031250 0.558594 0.031901 0.557617 0.032552 0.557617 0.032552 0.556641 0.031901 0.555664 0.032552 0.554688 0.033203 0.554688 0.033854 0.553711 0.033203 0.553711 0.032552 0.553711 0.031901 0.553711 0.031250 0.552734 0.030599 0.552734 0.029948 0.551758 0.029948 0.552734 0.029297 0.553711 0.028646 0.552734 0.029297 0.553711 0.028646 0.554688 0.027995 0.554688 0.027995 0.555664 0.028646 0.555664 0.029297 0.555664 0.029948 0.556641 0.029948 0.557617 0.029297 0.558594 0.028646 0.558594 0.027995 0.558594 0.027995 0.559570 0.028646 0.560547 0.029297 0.561523 0.028646 0.562500 0.029297 0.563477 0.028646 0.564453 0.029297 0.565430 0.029297 0.566406 0.028646 0.567383 0.027995 0.566406 0.027995 0.567383 0.028646 0.568359 0.029297 0.569336 0.029297 0.570312 0.029948 0.571289 0.029297 0.572266 0.028646 0.573242 0.028646 0.574219 0.029297 0.575195 0.029948 0.576172 0.029948 0.577148 0.030599 0.578125 0.029948 0.579102 0.029297 0.579102 0.028646 0.579102 0.028646 0.580078 0.029297 0.581055 0.029297 0.582031 0.029948 0.583008 0.029297 0.583984 0.028646 0.583984 0.027995 0.583984 0.027344 0.584961 0.026693 0.584961 0.026042 0.584961 0.025391 0.583984 0.025391 0.583008 0.025391 0.582031 0.025391 0.581055 0.025391 0.580078 0.025391 0.579102 0.025391 0.578125 0.025391 0.577148 0.025391 0.576172 0.024740 0.575195 0.024740 0.574219 0.025391 0.573242 0.026042 0.573242 0.026693 0.572266 0.026042 0.573242 0.025391 0.572266 0.025391 0.571289 0.024740 0.572266 0.024089 0.572266 0.024089 0.573242 0.023438 0.574219 0.022786 0.574219 0.023438 0.575195 0.022786 0.576172 0.022786 0.577148 0.022786 0.578125 0.022135 0.579102 0.022786 0.580078 0.022786 0.581055 0.022786 0.582031 0.022786 0.583008 0.022786 0.583984 0.023438 0.584961 0.022786 0.585938 0.022135 0.585938 0.021484 0.585938 0.020833 0.584961 0.020182 0.583984 0.020833 0.583008 0.020182 0.582031 0.020833 0.581055 0.020833 0.580078 0.020833 0.579102 0.020833 0.578125 0.020833 0.577148 0.020833 0.576172 0.020833 0.575195 0.020833 0.574219 0.021484 0.573242 0.021484 0.572266 0.021484 0.571289 0.021484 0.570312 0.022135 0.569336 0.021484 0.569336 0.020833 0.570312 0.020182 0.571289 0.019531 0.572266 0.018880 0.573242 0.018880 0.574219 0.019531 0.575195 0.019531 0.576172 0.019531 0.577148 0.020182 0.578125 0.019531 0.579102 0.018880 0.579102 0.018229 0.579102 0.017578 0.578125 0.017578 0.577148 0.017578 0.576172 0.016927 0.576172 0.016927 0.577148 0.016276 0.578125 0.015625 0.579102 0.016276 0.580078 0.015625 0.581055 0.015625 0.582031 0.016276 0.583008 0.015625 0.583984 0.014974 0.583984 0.014323 0.583984 0.013672 0.583008 0.013672 0.582031 0.014323 0.581055 0.014323 0.580078 0.014323 0.579102 0.014323 0.578125 0.014323 0.577148 0.013672 0.576172 0.014323 0.575195 0.013672 0.575195 0.013021 0.574219 0.013021 0.573242 0.013672 0.572266 0.013672 0.571289 0.013672 0.570312 0.013672 0.569336 0.013672 0.568359 0.014323 0.567383 0.013672 0.567383 0.013021 0.567383 0.012370 0.568359 0.011719 0.569336 0.011068 0.568359 0.011068 0.567383 0.011719 0.566406 0.012370 0.565430 0.012370 0.564453 0.012370 0.563477 0.011719 0.562500 0.011068 0.562500 0.010417 0.562500 0.009766 0.562500 0.009115 0.563477 0.008464 0.563477 0.009115 0.564453 0.009766 0.565430 0.009766 0.566406 0.010417 0.567383 0.010417 0.568359 0.010417 0.569336 0.010417 0.570312 0.010417 0.571289 0.010417 0.572266 0.011068 0.573242 0.011068 0.574219 0.011719 0.575195 0.012370 0.576172 0.011719 0.577148 0.011068 0.577148 0.011719 0.578125 0.011719 0.579102 0.011068 0.580078 0.011719 0.581055 0.011068 0.582031 0.011068 0.583008 0.010417 0.583984 0.009766 0.584961 0.009115 0.583984 0.009115 0.583008 0.008464 0.582031 0.008464 0.581055 0.008464 0.580078 0.007812 0.579102 0.007812 0.578125 0.007812 0.577148 0.007161 0.576172 0.007161 0.577148 0.007161 0.578125 0.006510 0.579102 0.005859 0.578125 0.005208 0.578125 0.005208 0.579102 0.005208 0.580078 0.005859 0.581055 0.006510 0.582031 0.005859 0.583008 0.005208 0.583008 0.004557 0.583984 0.003906 0.583984 0.003255 0.583008 0.003255 0.582031 0.003255 0.581055 0.002604 0.581055 0.001953 0.580078 0.002604 0.579102 0.001953 0.578125 0.001302 0.577148 0.000651 0.577148 0.000000 0.577148 0.000000 0.578125 0.000000 0.579102 0.000000 0.580078 0.000000 0.581055 0.000000 0.582031 0.000000 0.583008 0.000000 0.583984 0.000000 0.584961 0.000000 0.585938 0.000000 0.586914 0.000000 0.587891 0.000000 0.588867 0.000000 0.589844 0.000000 0.590820 0.000000 0.591797 0.000000 0.592773 0.000000 0.593750 0.000000 0.594727 0.000651 0.594727 0.001302 0.595703 0.001953 0.595703 0.002604 0.595703 0.003255 0.594727 0.003906 0.594727 0.004557 0.594727 0.005208 0.594727 0.005859 0.593750 0.006510 0.593750 0.007161 0.593750 0.007812 0.593750 0.008464 0.594727 0.009115 0.594727 0.009766 0.594727 0.010417 0.594727 0.011068 0.594727 0.011719 0.594727 0.012370 0.595703 0.013021 0.595703 0.013672 0.595703 0.014323 0.595703 0.014974 0.595703 0.015625 0.595703 0.016276 0.594727 0.016927 0.594727 0.017578 0.594727 0.018229 0.595703 0.018880 0.594727 0.019531 0.594727 0.020182 0.594727 0.020833 0.594727 0.021484 0.594727 0.022135 0.595703 0.022786 0.595703 0.023438 0.595703 0.024089 0.594727 0.024740 0.594727 0.025391 0.593750 0.026042 0.594727 0.026693 0.595703 0.027344 0.595703 0.027995 0.595703 0.028646 0.595703 0.029297 0.595703 0.029948 0.594727 0.030599 0.595703 0.031250 0.594727 0.031901 0.595703 0.032552 0.594727 0.033203 0.594727 0.033854 0.594727 0.034505 0.594727 0.035156 0.593750 0.035807 0.593750 0.036458 0.592773 0.037109 0.593750 0.037760 0.594727 0.038411 0.594727 0.039062 0.594727 0.039714 0.593750 0.040365 0.594727 0.041016 0.594727 0.041667 0.595703 0.042318 0.595703 0.042969 0.595703 0.043620 0.595703 0.044271 0.595703 0.044922 0.595703 0.045573 0.595703 0.046224 0.595703 0.046875 0.594727 0.047526 0.595703 0.048177 0.594727 0.048828 0.594727 0.049479 0.594727 0.050130 0.594727 0.050781 0.594727 0.051432 0.594727 0.052083 0.594727 0.052734 0.595703 0.053385 0.594727 0.054036 0.594727 0.054688 0.594727 0.055339 0.594727 0.055990 0.594727 0.056641 0.594727 0.057292 0.593750 0.057943 0.594727 0.058594 0.594727 0.059245 0.594727 0.059896 0.594727 0.060547 0.594727 0.061198 0.594727 0.061849 0.594727 0.062500 0.594727 0.063151 0.594727 0.063802 0.593750 0.064453 0.594727 0.065104 0.594727 0.065755 0.594727 0.066406 0.594727 0.067057 0.594727 0.067708 0.594727 0.068359 0.593750 0.069010 0.593750 0.069661 0.593750 0.070312 0.593750 0.070964 0.593750 0.071615 0.593750 0.072266 0.593750 0.072917 0.592773 0.073568 0.593750 0.074219 0.594727 0.074870 0.594727 0.075521 0.594727 0.076172 0.594727 0.076823 0.594727 0.077474 0.594727 0.078125 0.594727 0.078776 0.593750 0.079427 0.594727 0.080078 0.594727 0.080729 0.594727 0.081380 0.594727 0.082031 0.594727 0.082682 0.594727 0.083333 0.594727 0.083984 0.593750 0.084635 0.593750 0.085286 0.593750 0.085938 0.594727 0.086589 0.594727 0.087240 0.594727 0.087891 0.594727 0.088542 0.594727 0.089193 0.594727 0.089844 0.594727 0.090495 0.594727 0.091146 0.594727 0.091797 0.594727 0.092448 0.594727 0.093099 0.594727 0.093750 0.594727 0.094401 0.594727 0.095052 0.593750 0.095703 0.594727 0.096354 0.594727 0.097005 0.594727 0.097656 0.594727 0.098307 0.594727 0.098958 0.595703 0.099609 0.595703 0.100260 0.594727 0.100911 0.594727 0.101562 0.594727 0.102214 0.594727 0.102865 0.594727 0.103516 0.594727 0.104167 0.594727 0.104818 0.594727 0.105469 0.595703 0.106120 0.595703 0.106771 0.594727 0.107422 0.594727 0.108073 0.594727 0.108724 0.594727 0.109375 0.594727 0.110026 0.594727 0.110677 0.594727 0.111328 0.594727 0.111979 0.594727 0.112630 0.594727 0.113281 0.594727 0.113932 0.594727 0.114583 0.593750 0.115234 0.593750 0.115885 0.593750 0.116536 0.593750 0.117188 0.593750 0.117839 0.593750 0.118490 0.593750 0.119141 0.593750 0.119792 0.593750 0.120443 0.593750 0.121094 0.594727 0.121745 0.594727 0.122396 0.593750 0.123047 0.593750 0.123698 0.593750 0.124349 0.594727 0.125000 0.593750 0.125651 0.593750 0.126302 0.593750 0.126953 0.593750 0.127604 0.593750 0.128255 0.594727 0.128906 0.593750 0.129557 0.593750 0.130208 0.593750 0.130859 0.593750 0.131510 0.593750 0.132161 0.593750 0.132812 0.593750 0.133464 0.593750 0.134115 0.593750 0.134766 0.593750 0.135417 0.592773 0.136068 0.592773 0.136719 0.591797 0.137370 0.591797 0.138021 0.591797 0.138672 0.592773 0.139323 0.592773 0.139974 0.593750 0.140625 0.593750 0.141276 0.593750 0.141927 0.593750 0.142578 0.593750 0.143229 0.593750 0.143880 0.593750 0.144531 0.593750 0.145182 0.593750 0.145833 0.593750 0.146484 0.593750 0.147135 0.592773 0.147786 0.592773 0.148438 0.592773 0.149089 0.592773 0.149740 0.592773 0.150391 0.592773 0.151042 0.592773 0.151693 0.592773 0.152344 0.592773 0.152995 0.592773 0.153646 0.592773 0.154297 0.592773 0.154948 0.591797 0.155599 0.590820 0.156250 0.591797 0.156901 0.590820 0.157552 0.591797 0.158203 0.591797 0.158854 0.592773 0.159505 0.592773 0.160156 0.592773 0.160807 0.592773 0.161458 0.592773 0.162109 0.592773 0.162760 0.593750 0.163411 0.593750 0.164062 0.593750 0.164714 0.593750 0.165365 0.592773 0.166016 0.591797 0.166667 0.591797 0.167318 0.591797 0.167969 0.592773 0.168620 0.592773 0.169271 0.593750 0.169922 0.593750 0.170573 0.593750 0.171224 0.593750 0.171224 0.592773 0.171875 0.591797 0.172526 0.592773 0.173177 0.592773 0.173828 0.592773 0.174479 0.591797 0.175130 0.591797 0.175781 0.591797 0.176432 0.590820 0.177083 0.589844 0.177734 0.589844 0.178385 0.589844 0.179036 0.590820 0.179688 0.590820 0.180339 0.591797 0.180990 0.591797 0.181641 0.590820 0.182292 0.590820 0.182943 0.590820 0.183594 0.589844 0.184245 0.589844 0.184896 0.589844 0.185547 0.590820 0.186198 0.589844 0.186849 0.590820 0.187500 0.590820 0.188151 0.589844 0.188802 0.589844 0.189453 0.589844 0.190104 0.588867 0.190755 0.588867 0.191406 0.589844 0.192057 0.588867 0.192708 0.589844 0.193359 0.588867 0.194010 0.589844 0.194661 0.588867 0.195312 0.588867 0.195964 0.589844 0.196615 0.589844 0.197266 0.590820 0.197917 0.589844 0.198568 0.589844 0.199219 0.589844 0.199870 0.589844 0.200521 0.589844 0.201172 0.589844 0.201823 0.589844 0.202474 0.589844 0.203125 0.589844 0.203776 0.589844 0.204427 0.589844 0.205078 0.588867 0.205729 0.588867 0.206380 0.588867 0.207031 0.588867 0.207682 0.588867 0.208333 0.588867 0.208984 0.588867 0.209635 0.589844 0.210286 0.589844 0.210938 0.589844 0.211589 0.589844 0.212240 0.589844 0.212891 0.588867 0.213542 0.589844 0.214193 0.589844 0.214844 0.589844 0.215495 0.590820 0.216146 0.589844 0.216797 0.589844 0.217448 0.589844 0.218099 0.589844 0.218750 0.589844 0.219401 0.588867 0.220052 0.589844 0.220703 0.589844 0.221354 0.589844 0.222005 0.588867 0.222656 0.589844 0.223307 0.589844 0.223958 0.589844 0.224609 0.589844 0.225260 0.589844 0.225911 0.589844 0.226562 0.590820 0.227214 0.590820 0.227865 0.591797 0.228516 0.591797 0.229167 0.591797 0.229818 0.591797 0.230469 0.591797 0.231120 0.590820 0.231771 0.590820 0.232422 0.589844 0.233073 0.589844 0.233724 0.589844 0.234375 0.590820 0.234375 0.591797 0.235026 0.591797 0.235677 0.591797 0.236328 0.591797 0.236979 0.591797 0.237630 0.591797 0.238281 0.591797 0.238932 0.591797 0.239583 0.592773 0.240234 0.591797 0.240885 0.591797 0.241536 0.591797 0.242188 0.591797 0.242839 0.591797 0.243490 0.592773 0.244141 0.592773 0.244792 0.592773 0.245443 0.591797 0.246094 0.591797 0.246745 0.590820 0.247396 0.590820 0.248047 0.590820 0.248698 0.590820 0.249349 0.591797 0.250000 0.591797 0.250651 0.591797 0.251302 0.592773 0.251953 0.592773 0.252604 0.592773 0.253255 0.592773 0.253906 0.592773 0.254557 0.592773 0.255208 0.592773 0.255859 0.593750 0.256510 0.593750 0.257161 0.592773 0.257812 0.592773 0.258464 0.592773 0.259115 0.592773 0.259766 0.591797 0.260417 0.592773 0.261068 0.592773 0.261719 0.592773 0.262370 0.592773 0.263021 0.592773 0.263672 0.592773 0.264323 0.593750 0.264974 0.593750 0.265625 0.593750 0.266276 0.594727 0.266927 0.594727 0.267578 0.594727 0.268229 0.594727 0.268880 0.594727 0.269531 0.594727 0.270182 0.594727 0.270833 0.593750 0.271484 0.593750 0.272135 0.593750 0.272786 0.593750 0.273438 0.593750 0.274089 0.593750 0.274740 0.593750 0.275391 0.594727 0.276042 0.594727 0.276693 0.594727 0.277344 0.594727 0.277995 0.594727 0.278646 0.594727 0.279297 0.594727 0.279948 0.593750 0.280599 0.593750 0.281250 0.593750 0.281901 0.593750 0.282552 0.593750 0.283203 0.593750 0.283854 0.593750 0.284505 0.593750 0.285156 0.593750 0.285807 0.593750 0.286458 0.593750 0.287109 0.593750 0.287760 0.593750 0.288411 0.593750 0.289062 0.594727 0.289714 0.594727 0.290365 0.594727 0.291016 0.595703 0.291667 0.595703 0.292318 0.595703 0.292969 0.595703 0.293620 0.595703 0.294271 0.595703 0.294922 0.595703 0.295573 0.595703 0.296224 0.595703 0.296875 0.596680 0.297526 0.596680 0.298177 0.596680 0.298828 0.595703 0.299479 0.595703 0.300130 0.595703 0.300781 0.595703 0.301432 0.595703 0.302083 0.594727 0.302734 0.594727 0.303385 0.594727 0.304036 0.595703 0.304688 0.595703 0.305339 0.596680 0.305990 0.596680 0.306641 0.596680 0.307292 0.596680 0.307943 0.596680 0.308594 0.596680 0.309245 0.596680 0.309896 0.596680 0.310547 0.595703 0.311198 0.595703 0.311849 0.595703 0.312500 0.596680 0.313151 0.596680 0.313802 0.597656 0.314453 0.597656 0.315104 0.597656 0.315755 0.596680 0.316406 0.596680 0.317057 0.596680 0.317708 0.596680 0.318359 0.596680 0.319010 0.596680 0.319661 0.597656 0.320312 0.598633 0.320964 0.597656 0.321615 0.597656 0.322266 0.598633 0.322917 0.597656 0.323568 0.596680 0.324219 0.596680 0.324870 0.596680 0.325521 0.597656 0.326172 0.597656 0.326823 0.597656 0.327474 0.597656 0.328125 0.596680 0.328776 0.596680 0.329427 0.596680 0.330078 0.597656 0.330729 0.597656 0.331380 0.598633 0.332031 0.599609 0.332682 0.599609 0.332682 0.598633 0.333333 0.597656 0.333984 0.597656 0.334635 0.597656 0.335286 0.598633 0.335938 0.598633 0.336589 0.598633 0.337240 0.598633 0.337891 0.598633 0.338542 0.598633 0.339193 0.598633 0.339844 0.597656 0.340495 0.598633 0.341146 0.598633 0.341797 0.598633 0.342448 0.599609 0.343099 0.600586 0.343750 0.600586 0.344401 0.600586 0.345052 0.601562 0.345703 0.600586 0.346354 0.600586 0.347005 0.600586 0.347656 0.600586 0.348307 0.601562 0.348958 0.601562 0.349609 0.601562 0.350260 0.601562 0.350911 0.601562 0.351562 0.601562 0.352214 0.601562 0.352865 0.601562 0.353516 0.602539 0.354167 0.602539 0.354818 0.602539 0.355469 0.601562 0.356120 0.601562 0.356771 0.602539 0.357422 0.602539 0.358073 0.602539 0.358724 0.602539 0.359375 0.601562 0.360026 0.601562 0.360677 0.601562 0.361328 0.601562 0.361979 0.601562 0.362630 0.601562 0.363281 0.601562 0.363932 0.600586 0.364583 0.601562 0.365234 0.601562 0.365885 0.600586 0.366536 0.600586 0.367188 0.601562 0.367839 0.602539 0.368490 0.602539 0.369141 0.602539 0.369792 0.601562 0.370443 0.602539 0.371094 0.602539 0.371745 0.602539 0.372396 0.602539 0.373047 0.602539 0.373698 0.602539 0.374349 0.602539 0.375000 0.602539 0.375651 0.602539 0.376302 0.602539 0.376953 0.602539 0.377604 0.602539 0.378255 0.602539 0.378906 0.603516 0.379557 0.602539 0.380208 0.602539 0.380859 0.602539 0.381510 0.602539 0.382161 0.602539 0.382812 0.602539 0.383464 0.602539 0.384115 0.602539 0.384766 0.602539 0.385417 0.603516 0.386068 0.602539 0.386719 0.602539 0.387370 0.602539 0.388021 0.602539 0.388672 0.602539 0.389323 0.602539 0.389974 0.602539 0.390625 0.602539 0.391276 0.602539 0.391927 0.601562 0.392578 0.601562 0.393229 0.601562 0.393880 0.601562 0.394531 0.602539 0.395182 0.602539 0.395833 0.602539 0.396484 0.602539 0.397135 0.602539 0.397786 0.602539 0.398438 0.602539 0.399089 0.602539 0.399740 0.602539 0.400391 0.601562 0.401042 0.601562 0.401693 0.601562 0.402344 0.601562 0.402995 0.601562 0.403646 0.602539 0.404297 0.602539 0.404948 0.603516 0.405599 0.602539 0.406250 0.602539 0.406901 0.602539 0.407552 0.602539 0.408203 0.602539 0.408854 0.602539 0.409505 0.602539 0.410156 0.602539 0.410807 0.602539 0.411458 0.602539 0.412109 0.603516 0.412760 0.603516 0.413411 0.602539 0.414062 0.602539 0.414714 0.602539 0.415365 0.602539 0.416016 0.602539 0.416667 0.602539 0.417318 0.602539 0.417969 0.602539 0.418620 0.602539 0.419271 0.602539 0.419922 0.603516 0.420573 0.603516 0.421224 0.602539 0.421875 0.602539 0.422526 0.602539 0.423177 0.603516 0.423828 0.603516 0.424479 0.602539 0.425130 0.603516 0.425781 0.603516 0.426432 0.603516 0.427083 0.603516 0.427734 0.603516 0.428385 0.603516 0.429036 0.603516 0.429688 0.603516 0.430339 0.603516 0.430990 0.603516 0.431641 0.603516 0.432292 0.603516 0.432943 0.603516 0.433594 0.603516 0.434245 0.603516 0.434896 0.603516 0.435547 0.603516 0.436198 0.603516 0.436849 0.603516 0.437500 0.603516 0.438151 0.603516 0.438802 0.604492 0.439453 0.604492 0.440104 0.603516 0.440755 0.604492 0.441406 0.604492 0.442057 0.604492 0.442708 0.604492 0.443359 0.604492 0.444010 0.604492 0.444661 0.604492 0.445312 0.604492 0.445964 0.604492 0.446615 0.604492 0.447266 0.604492 0.447917 0.604492 0.448568 0.604492 0.449219 0.604492 0.449870 0.603516 0.450521 0.603516 0.451172 0.602539 0.451823 0.602539 0.452474 0.602539 0.453125 0.601562 0.453776 0.602539 0.454427 0.602539 0.455078 0.602539 0.455729 0.601562 0.456380 0.602539 0.456380 0.603516 0.457031 0.603516 0.457682 0.603516 0.458333 0.603516 0.458984 0.603516 0.459635 0.603516 0.460286 0.603516 0.460938 0.603516 0.461589 0.603516 0.462240 0.603516 0.462891 0.603516 0.463542 0.602539 0.464193 0.602539 0.464844 0.602539 0.465495 0.602539 0.466146 0.602539 0.466797 0.602539 0.467448 0.601562 0.468099 0.602539 0.468099 0.603516 0.468750 0.602539 0.469401 0.602539 0.470052 0.602539 0.470703 0.602539 0.471354 0.603516 0.472005 0.603516 0.472656 0.602539 0.473307 0.602539 0.473958 0.602539 0.474609 0.603516 0.475260 0.603516 0.475911 0.603516 0.476562 0.603516 0.477214 0.603516 0.477865 0.603516 0.478516 0.603516 0.479167 0.603516 0.479818 0.603516 0.480469 0.603516 0.481120 0.603516 0.481771 0.603516 0.482422 0.603516 0.483073 0.603516 0.483724 0.603516 0.484375 0.603516 0.485026 0.602539 0.485677 0.603516 0.486328 0.603516 0.486979 0.603516 0.487630 0.603516 0.488281 0.603516 0.488932 0.603516 0.489583 0.603516 0.490234 0.603516 0.490885 0.603516 0.491536 0.604492 0.492188 0.604492 0.492839 0.604492 0.493490 0.604492 0.494141 0.604492 0.494792 0.604492 0.495443 0.604492 0.496094 0.603516 0.496094 0.602539 0.496745 0.601562 0.497396 0.601562 0.498047 0.601562 0.498698 0.601562 0.499349 0.601562 0.500000 0.601562 0.500651 0.602539 0.501302 0.602539 0.501953 0.603516 0.502604 0.602539 0.503255 0.602539 0.503906 0.602539 0.504557 0.602539 0.505208 0.602539 0.505859 0.602539 0.506510 0.602539 0.507161 0.602539 0.507812 0.602539 0.508464 0.602539 0.509115 0.602539 0.509766 0.602539 0.510417 0.602539 0.511068 0.601562 0.511719 0.602539 0.512370 0.602539 0.513021 0.602539 0.513672 0.602539 0.514323 0.602539 0.514974 0.602539 0.515625 0.602539 0.516276 0.602539 0.516927 0.602539 0.517578 0.602539 0.518229 0.601562 0.518880 0.601562 0.519531 0.601562 0.520182 0.601562 0.520833 0.602539 0.521484 0.602539 0.522135 0.601562 0.522786 0.601562 0.523438 0.601562 0.524089 0.600586 0.524740 0.600586 0.525391 0.601562 0.526042 0.601562 0.526693 0.600586 0.527344 0.601562 0.527995 0.601562 0.528646 0.601562 0.529297 0.602539 0.529948 0.602539 0.530599 0.601562 0.531250 0.601562 0.531901 0.601562 0.532552 0.601562 0.533203 0.601562 0.533854 0.601562 0.534505 0.602539 0.535156 0.602539 0.535807 0.602539 0.536458 0.602539 0.537109 0.601562 0.537760 0.602539 0.538411 0.602539 0.539062 0.602539 0.539714 0.602539 0.540365 0.602539 0.541016 0.602539 0.541667 0.602539 0.542318 0.602539 0.542969 0.602539 0.543620 0.602539 0.544271 0.602539 0.544922 0.602539 0.545573 0.602539 0.546224 0.602539 0.546875 0.602539 0.547526 0.602539 0.548177 0.602539 0.548828 0.602539 0.549479 0.602539 0.550130 0.602539 0.550781 0.602539 0.551432 0.602539 0.552083 0.602539 0.552734 0.602539 0.553385 0.602539 0.554036 0.602539 0.554688 0.602539 0.555339 0.602539 0.555990 0.602539 0.556641 0.602539 0.557292 0.602539 0.557943 0.602539 0.558594 0.602539 0.559245 0.601562 0.559896 0.601562 0.560547 0.601562 0.561198 0.601562 0.561849 0.601562 0.562500 0.601562 0.563151 0.600586 0.563802 0.601562 0.564453 0.601562 0.565104 0.602539 0.565755 0.601562 0.566406 0.602539 0.567057 0.602539 0.567708 0.602539 0.568359 0.602539 0.569010 0.602539 0.569661 0.602539 0.570312 0.602539 0.570964 0.602539 0.571615 0.602539 0.572266 0.602539 0.572917 0.602539 0.573568 0.603516 0.574219 0.603516 0.574870 0.602539 0.575521 0.602539 0.576172 0.602539 0.576823 0.603516 0.577474 0.603516 0.578125 0.602539 0.578776 0.602539 0.579427 0.603516 0.580078 0.603516 0.580729 0.603516 0.581380 0.603516 0.582031 0.603516 0.582682 0.602539 0.583333 0.602539 0.583984 0.602539 0.584635 0.602539 0.585286 0.602539 0.585938 0.602539 0.586589 0.602539 0.587240 0.602539 0.587891 0.602539 0.588542 0.602539 0.589193 0.601562 0.589844 0.602539 0.590495 0.602539 0.591146 0.602539 0.591797 0.602539 0.592448 0.602539 0.593099 0.602539 0.593750 0.602539 0.594401 0.602539 0.595052 0.602539 0.595703 0.602539 0.596354 0.602539 0.597005 0.602539 0.597656 0.602539 0.598307 0.602539 0.598958 0.602539 0.599609 0.602539 0.600260 0.602539 0.600911 0.602539 0.601562 0.602539 0.602214 0.602539 0.602865 0.602539 0.603516 0.602539 0.604167 0.602539 0.604818 0.602539 0.605469 0.602539 0.606120 0.603516 0.606771 0.603516 0.607422 0.603516 0.608073 0.602539 0.608724 0.602539 0.609375 0.602539 0.610026 0.602539 0.610677 0.602539 0.611328 0.602539 0.611979 0.601562 0.612630 0.602539 0.613281 0.602539 0.613932 0.602539 0.614583 0.602539 0.615234 0.602539 0.615885 0.602539 0.616536 0.602539 0.617188 0.602539 0.617839 0.602539 0.618490 0.602539 0.619141 0.601562 0.619792 0.601562 0.620443 0.601562 0.621094 0.601562 0.621745 0.601562 0.622396 0.601562 0.623047 0.601562 0.623698 0.602539 0.624349 0.602539 0.625000 0.602539 0.625651 0.602539 0.626302 0.602539 0.626953 0.601562 0.627604 0.602539 0.628255 0.602539 0.628906 0.602539 0.629557 0.602539 0.630208 0.602539 0.630859 0.602539 0.631510 0.602539 0.632161 0.601562 0.632812 0.601562 0.633464 0.601562 0.634115 0.601562 0.634766 0.601562 0.635417 0.602539 0.636068 0.601562 0.636719 0.601562 0.637370 0.601562 0.638021 0.601562 0.638672 0.601562 0.639323 0.601562 0.639974 0.601562 0.640625 0.602539 0.641276 0.602539 0.641927 0.602539 0.642578 0.602539 0.643229 0.601562 0.643880 0.600586 0.644531 0.600586 0.645182 0.600586 0.645833 0.600586 0.646484 0.600586 0.647135 0.601562 0.647786 0.600586 0.648438 0.600586 0.649089 0.599609 0.649740 0.600586 0.650391 0.601562 0.651042 0.601562 0.651693 0.601562 0.652344 0.601562 0.652995 0.601562 0.653646 0.601562 0.654297 0.601562 0.654948 0.601562 0.655599 0.601562 0.656250 0.601562 0.656901 0.601562 0.657552 0.601562 0.658203 0.601562 0.658854 0.601562 0.659505 0.601562 0.660156 0.601562 0.660807 0.602539 0.661458 0.601562 0.662109 0.601562 0.662760 0.601562 0.663411 0.601562 0.664062 0.601562 0.664714 0.601562 0.665365 0.601562 0.666016 0.601562 0.666667 0.601562 0.667318 0.601562 0.667969 0.601562 0.668620 0.601562 0.669271 0.602539 0.669922 0.601562 0.670573 0.601562 0.671224 0.600586 0.671875 0.600586 0.672526 0.600586 0.673177 0.600586 0.673828 0.601562 0.674479 0.601562 0.675130 0.601562 0.675781 0.601562 0.676432 0.602539 0.677083 0.601562 0.677734 0.601562 0.678385 0.601562 0.679036 0.601562 0.679688 0.601562 0.680339 0.601562 0.680990 0.601562 0.681641 0.600586 0.682292 0.600586 0.682943 0.601562 0.683594 0.601562 0.684245 0.601562 0.684896 0.601562 0.685547 0.601562 0.686198 0.601562 0.686849 0.601562 0.687500 0.601562 0.688151 0.600586 0.688802 0.600586 0.689453 0.600586 0.690104 0.601562 0.690755 0.600586 0.691406 0.600586 0.692057 0.600586 0.692708 0.600586 0.693359 0.600586 0.694010 0.600586 0.694661 0.600586 0.695312 0.599609 0.695964 0.599609 0.696615 0.599609 0.697266 0.599609 0.697917 0.600586 0.698568 0.600586 0.699219 0.600586 0.699870 0.600586 0.700521 0.600586 0.701172 0.599609 0.701823 0.599609 0.702474 0.598633 0.703125 0.599609 0.703776 0.599609 0.704427 0.599609 0.705078 0.600586 0.705729 0.600586 0.706380 0.600586 0.707031 0.600586 0.707682 0.599609 0.708333 0.599609 0.708984 0.599609 0.709635 0.599609 0.710286 0.599609 0.710938 0.599609 0.711589 0.599609 0.712240 0.599609 0.712891 0.599609 0.713542 0.599609 0.714193 0.599609 0.714844 0.599609 0.715495 0.599609 0.716146 0.598633 0.716797 0.599609 0.717448 0.599609 0.718099 0.599609 0.718750 0.599609 0.719401 0.599609 0.720052 0.598633 0.720703 0.599609 0.721354 0.599609 0.722005 0.599609 0.722656 0.599609 0.723307 0.599609 0.723958 0.599609 0.724609 0.599609 0.725260 0.599609 0.725911 0.599609 0.726562 0.599609 0.727214 0.599609 0.727865 0.599609 0.728516 0.599609 0.729167 0.599609 0.729818 0.599609 0.730469 0.599609 0.731120 0.599609 0.731771 0.599609 0.732422 0.599609 0.733073 0.598633 0.733724 0.598633 0.734375 0.598633 0.735026 0.599609 0.735677 0.599609 0.736328 0.599609 0.736979 0.599609 0.737630 0.599609 0.738281 0.599609 0.738932 0.598633 0.739583 0.598633 0.740234 0.599609 0.740885 0.599609 0.741536 0.599609 0.742188 0.599609 0.742839 0.599609 0.743490 0.599609 0.744141 0.598633 0.744792 0.598633 0.745443 0.598633 0.746094 0.597656 0.746745 0.598633 0.747396 0.598633 0.748047 0.598633 0.748698 0.598633 0.749349 0.598633 0.750000 0.598633 0.750651 0.598633 0.751302 0.599609 0.751953 0.598633 0.752604 0.598633 0.753255 0.598633 0.753906 0.598633 0.754557 0.599609 0.755208 0.599609 0.755859 0.599609 0.756510 0.599609 0.757161 0.599609 0.757812 0.599609 0.758464 0.599609 0.759115 0.599609 0.759766 0.598633 0.760417 0.598633 0.761068 0.598633 0.761719 0.598633 0.762370 0.597656 0.763021 0.597656 0.763672 0.598633 0.764323 0.598633 0.764974 0.598633 0.765625 0.598633 0.766276 0.598633 0.766927 0.597656 0.767578 0.598633 0.768229 0.599609 0.768880 0.598633 0.769531 0.598633 0.770182 0.598633 0.770833 0.598633 0.771484 0.597656 0.772135 0.597656 0.772786 0.597656 0.773438 0.597656 0.774089 0.598633 0.774740 0.598633 0.775391 0.598633 0.776042 0.597656 0.776693 0.597656 0.777344 0.597656 0.777995 0.597656 0.778646 0.598633 0.779297 0.598633 0.779948 0.597656 0.780599 0.598633 0.781250 0.597656 0.781901 0.598633 0.782552 0.598633 0.783203 0.597656 0.783854 0.597656 0.784505 0.597656 0.785156 0.598633 0.785807 0.597656 0.786458 0.597656 0.787109 0.596680 0.787760 0.597656 0.788411 0.597656 0.789062 0.597656 0.789714 0.598633 0.790365 0.598633 0.791016 0.598633 0.791667 0.598633 0.792318 0.598633 0.792969 0.598633 0.793620 0.598633 0.794271 0.597656 0.794922 0.597656 0.795573 0.597656 0.796224 0.597656 0.796875 0.597656 0.797526 0.597656 0.798177 0.597656 0.798828 0.597656 0.799479 0.597656 0.800130 0.597656 0.800781 0.597656 0.801432 0.598633 0.802083 0.598633 0.802734 0.598633 0.803385 0.598633 0.804036 0.598633 0.804688 0.598633 0.805339 0.598633 0.805990 0.598633 0.806641 0.597656 0.807292 0.597656 0.807943 0.598633 0.808594 0.597656 0.809245 0.597656 0.809896 0.597656 0.810547 0.597656 0.811198 0.597656 0.811849 0.597656 0.812500 0.597656 0.813151 0.597656 0.813802 0.598633 0.814453 0.598633 0.815104 0.598633 0.815755 0.598633 0.816406 0.598633 0.817057 0.597656 0.817708 0.597656 0.818359 0.597656 0.819010 0.597656 0.819661 0.597656 0.820312 0.598633 0.820964 0.597656 0.821615 0.598633 0.822266 0.598633 0.822917 0.598633 0.823568 0.597656 0.824219 0.597656 0.824870 0.597656 0.825521 0.597656 0.826172 0.597656 0.826823 0.597656 0.827474 0.597656 0.828125 0.596680 0.828776 0.596680 0.829427 0.596680 0.830078 0.596680 0.830729 0.596680 0.831380 0.596680 0.832031 0.597656 0.832682 0.597656 0.833333 0.597656 0.833984 0.597656 0.834635 0.597656 0.835286 0.597656 0.835938 0.597656 0.836589 0.597656 0.837240 0.597656 0.837891 0.597656 0.838542 0.597656 0.839193 0.597656 0.839844 0.597656 0.840495 0.596680 0.841146 0.596680 0.841797 0.597656 0.842448 0.597656 0.843099 0.596680 0.843750 0.597656 0.844401 0.597656 0.845052 0.597656 0.845703 0.597656 0.846354 0.596680 0.847005 0.596680 0.847656 0.596680 0.848307 0.596680 0.848958 0.596680 0.849609 0.597656 0.850260 0.597656 0.850911 0.597656 0.851562 0.597656 0.852214 0.597656 0.852865 0.597656 0.853516 0.597656 0.854167 0.597656 0.854818 0.597656 0.855469 0.597656 0.856120 0.597656 0.856771 0.597656 0.857422 0.596680 0.858073 0.596680 0.858724 0.596680 0.859375 0.596680 0.860026 0.596680 0.860677 0.596680 0.861328 0.596680 0.861979 0.596680 0.862630 0.597656 0.863281 0.596680 0.863932 0.596680 0.864583 0.596680 0.865234 0.596680 0.865885 0.596680 0.866536 0.597656 0.867188 0.597656 0.867839 0.597656 0.868490 0.597656 0.869141 0.598633 0.869792 0.598633 0.870443 0.598633 0.871094 0.597656 0.871745 0.597656 0.872396 0.597656 0.873047 0.597656 0.873698 0.597656 0.874349 0.597656 0.875000 0.597656 0.875651 0.597656 0.876302 0.597656 0.876953 0.596680 0.877604 0.597656 0.878255 0.597656 0.878906 0.596680 0.879557 0.597656 0.880208 0.597656 0.880859 0.597656 0.881510 0.596680 0.882161 0.596680 0.882812 0.596680 0.883464 0.595703 0.884115 0.595703 0.884766 0.594727 0.885417 0.594727 0.886068 0.593750 0.886719 0.594727 0.887370 0.594727 0.888021 0.594727 0.888672 0.595703 0.889323 0.596680 0.889323 0.597656 0.889974 0.596680 0.890625 0.597656 0.890625 0.596680 0.891276 0.595703 0.891276 0.594727 0.891927 0.593750 0.892578 0.593750 0.893229 0.593750 0.893880 0.593750 0.894531 0.593750 0.895182 0.593750 0.895833 0.594727 0.896484 0.594727 0.897135 0.595703 0.897786 0.595703 0.898438 0.594727 0.899089 0.594727 0.899740 0.594727 0.900391 0.594727 0.901042 0.595703 0.901693 0.594727 0.902344 0.594727 0.902995 0.594727 0.903646 0.595703 0.904297 0.594727 0.904948 0.594727 0.905599 0.594727 0.906250 0.594727 0.906901 0.594727 0.907552 0.594727 0.908203 0.594727 0.908854 0.594727 0.909505 0.594727 0.910156 0.594727 0.910807 0.594727 0.911458 0.594727 0.912109 0.595703 0.912760 0.594727 0.913411 0.594727 0.914062 0.594727 0.914714 0.595703 0.915365 0.595703 0.916016 0.595703 0.916667 0.594727 0.917318 0.594727 0.917969 0.594727 0.918620 0.594727 0.919271 0.594727 0.919922 0.594727 0.920573 0.594727 0.921224 0.593750 0.921875 0.593750 0.922526 0.593750 0.923177 0.593750 0.923828 0.593750 0.924479 0.594727 0.925130 0.593750 0.925781 0.592773 0.926432 0.593750 0.927083 0.594727 0.927734 0.594727 0.928385 0.594727 0.929036 0.593750 0.929688 0.593750 0.930339 0.593750 0.930990 0.593750 0.931641 0.594727 0.932292 0.594727 0.932943 0.593750 0.933594 0.593750 0.934245 0.593750 0.934896 0.593750 0.935547 0.594727 0.936198 0.593750 0.936849 0.594727 0.937500 0.594727 0.938151 0.594727 0.938802 0.593750 0.939453 0.593750 0.940104 0.592773 0.940755 0.593750 0.941406 0.594727 0.942057 0.593750 0.942708 0.594727 0.943359 0.594727 0.944010 0.594727 0.944661 0.593750 0.945312 0.593750 0.945964 0.593750 0.946615 0.594727 0.947266 0.594727 0.947917 0.594727 0.948568 0.593750 0.949219 0.594727 0.949870 0.593750 0.950521 0.594727 0.951172 0.594727 0.951823 0.594727 0.952474 0.594727 0.953125 0.594727 0.953776 0.594727 0.954427 0.593750 0.955078 0.593750 0.955729 0.594727 0.955729 0.595703 0.956380 0.595703 0.957031 0.595703 0.957682 0.594727 0.958333 0.595703 0.958984 0.594727 0.959635 0.593750 0.960286 0.593750 0.960938 0.593750 0.961589 0.593750 0.962240 0.593750 0.962891 0.594727 0.963542 0.594727 0.964193 0.594727 0.964844 0.594727 0.965495 0.594727 0.966146 0.594727 0.966797 0.595703 0.967448 0.595703 0.968099 0.595703 0.968750 0.594727 0.969401 0.594727 0.970052 0.594727 0.970703 0.593750 0.971354 0.592773 0.972005 0.593750 0.972656 0.593750 0.973307 0.593750 0.973958 0.594727 0.974609 0.594727 0.975260 0.594727 0.975911 0.595703 0.976562 0.595703 0.977214 0.595703 0.977865 0.595703 0.978516 0.595703 0.979167 0.595703 0.979818 0.595703 0.980469 0.595703 0.981120 0.596680 0.981771 0.596680 0.982422 0.596680 0.983073 0.595703 0.983724 0.596680 0.984375 0.596680 0.985026 0.595703 0.985677 0.596680 0.986328 0.596680 0.986979 0.595703 0.987630 0.595703 0.988281 0.595703 0.988932 0.595703 0.989583 0.595703 0.990234 0.595703 0.990885 0.596680 0.991536 0.596680 0.992188 0.595703 0.992839 0.595703 0.993490 0.596680 0.994141 0.595703 0.994792 0.595703 0.995443 0.595703 0.996094 0.596680 0.996745 0.596680 0.997396 0.595703 0.998047 0.595703 0.998698 0.595703 0.999349 0.595703 0.999349 0.594727 0.999349 0.593750 0.999349 0.592773 0.999349 0.591797 0.999349 0.590820 0.999349 0.589844 0.999349 0.588867 0.999349 0.587891 0.999349 0.586914 0.999349 0.585938 0.999349 0.584961 0.998698 0.583984 0.998698 0.583008 0.999349 0.582031 0.999349 0.581055 0.998698 0.580078 0.998698 0.579102 0.998698 0.578125 0.998698 0.577148 0.998047 0.576172 0.998047 0.577148 0.998047 0.578125 0.997396 0.579102 0.996745 0.579102 0.996094 0.580078 0.995443 0.579102 0.995443 0.578125 0.995443 0.577148 0.995443 0.576172 0.995443 0.575195 0.995443 0.574219 0.996094 0.573242 0.996745 0.572266 0.996745 0.571289 0.996094 0.570312 0.996094 0.569336 0.995443 0.569336 0.994792 0.570312 0.994792 0.571289 0.994141 0.572266 0.993490 0.572266 0.992839 0.572266 0.992839 0.573242 0.992839 0.574219 0.993490 0.575195 0.993490 0.576172 0.994141 0.577148 0.994792 0.578125 0.994792 0.579102 0.994792 0.580078 0.995443 0.581055 0.995443 0.582031 0.996094 0.583008 0.996094 0.583984 0.996094 0.584961 0.995443 0.585938 0.994792 0.585938 0.994141 0.584961 0.993490 0.584961 0.992839 0.583984 0.992188 0.583008 0.992839 0.582031 0.992188 0.581055 0.991536 0.581055 0.990885 0.581055 0.990885 0.582031 0.990234 0.583008 0.989583 0.583984 0.988932 0.583984 0.988281 0.583984 0.987630 0.584961 0.986979 0.583984 0.986328 0.583008 0.986979 0.582031 0.987630 0.581055 0.986979 0.580078 0.986979 0.579102 0.987630 0.578125 0.986979 0.578125 0.986328 0.577148 0.986979 0.576172 0.986328 0.575195 0.985677 0.575195 0.985026 0.574219 0.985026 0.573242 0.985026 0.572266 0.984375 0.572266 0.983724 0.573242 0.983724 0.574219 0.984375 0.575195 0.984375 0.576172 0.983724 0.577148 0.983724 0.578125 0.983724 0.579102 0.984375 0.580078 0.984375 0.581055 0.984375 0.582031 0.984375 0.583008 0.983724 0.583984 0.983073 0.583984 0.982422 0.583008 0.981771 0.582031 0.981771 0.581055 0.981771 0.580078 0.981771 0.579102 0.981120 0.578125 0.980469 0.577148 0.979818 0.577148 0.979167 0.577148 0.979167 0.578125 0.978516 0.579102 0.977865 0.579102 0.977865 0.580078 0.978516 0.581055 0.978516 0.582031 0.979167 0.583008 0.978516 0.583984 0.977865 0.583984 0.977214 0.583008 0.976562 0.583008 0.975911 0.583984 0.975260 0.583008 0.975260 0.582031 0.975260 0.581055 0.974609 0.581055 0.973958 0.581055 0.973307 0.581055 0.972656 0.581055 0.972005 0.582031 0.971354 0.581055 0.970703 0.581055 0.970052 0.581055 0.969401 0.580078 0.968750 0.579102 0.968750 0.578125 0.969401 0.577148 0.968750 0.576172 0.968099 0.577148 0.967448 0.577148 0.966797 0.577148 0.966797 0.578125 0.966797 0.579102 0.966797 0.580078 0.966797 0.581055 0.966797 0.582031 0.966146 0.583008 0.965495 0.583008 0.964844 0.582031 0.964844 0.581055 0.965495 0.580078 0.965495 0.579102 0.965495 0.578125 0.965495 0.577148 0.964844 0.576172 0.964844 0.575195 0.965495 0.574219 0.965495 0.573242 0.964844 0.572266 0.964193 0.572266 0.963542 0.572266 0.963542 0.573242 0.964193 0.574219 0.963542 0.575195 0.963542 0.576172 0.963542 0.577148 0.962891 0.578125 0.962240 0.578125 0.961589 0.578125 0.960938 0.578125 0.960938 0.579102 0.960938 0.580078 0.960938 0.581055 0.960938 0.582031 0.960286 0.583008 0.959635 0.583008 0.958984 0.582031 0.958984 0.581055 0.958984 0.580078 0.958333 0.579102 0.957682 0.579102 0.957031 0.578125 0.957031 0.577148 0.957031 0.576172 0.956380 0.575195 0.956380 0.576172 0.956380 0.577148 0.956380 0.578125 0.956380 0.579102 0.955729 0.580078 0.955078 0.581055 0.954427 0.582031 0.953776 0.581055 0.953125 0.581055 0.952474 0.581055 0.951823 0.581055 0.951172 0.581055 0.950521 0.582031 0.949870 0.582031 0.949219 0.582031 0.948568 0.583008 0.947917 0.583984 0.947266 0.583984 0.946615 0.583008 0.946615 0.582031 0.946615 0.581055 0.946615 0.580078 0.947266 0.579102 0.947266 0.578125 0.946615 0.577148 0.946615 0.576172 0.947266 0.575195 0.947266 0.574219 0.947266 0.573242 0.947917 0.572266 0.947917 0.571289 0.947917 0.570312 0.947917 0.569336 0.947917 0.568359 0.948568 0.567383 0.949219 0.566406 0.949870 0.565430 0.950521 0.565430 0.951172 0.565430 0.951823 0.565430 0.952474 0.564453 0.953125 0.563477 0.953776 0.563477 0.954427 0.563477 0.954427 0.562500 0.954427 0.561523 0.953776 0.561523 0.953125 0.561523 0.952474 0.562500 0.951823 0.562500 0.951172 0.561523 0.951172 0.560547 0.951823 0.559570 0.951823 0.558594 0.951823 0.557617 0.952474 0.556641 0.953125 0.556641 0.953776 0.556641 0.953776 0.555664 0.954427 0.554688 0.955078 0.553711 0.955729 0.553711 0.955729 0.552734 0.955729 0.551758 0.955078 0.551758 0.954427 0.552734 0.953776 0.551758 0.953125 0.551758 0.952474 0.552734 0.951823 0.552734 0.951172 0.552734 0.950521 0.552734 0.949870 0.552734 0.949219 0.552734 0.949219 0.553711 0.948568 0.554688 0.947917 0.555664 0.947266 0.555664 0.946615 0.554688 0.946615 0.553711 0.947266 0.552734 0.947917 0.552734 0.947266 0.552734 0.946615 0.552734 0.945964 0.552734 0.945312 0.551758 0.945312 0.550781 0.944661 0.550781 0.944661 0.551758 0.944661 0.552734 0.945312 0.553711 0.944661 0.554688 0.944661 0.555664 0.944661 0.556641 0.944010 0.557617 0.944661 0.558594 0.944661 0.559570 0.944661 0.560547 0.945312 0.560547 0.945964 0.561523 0.945964 0.562500 0.946615 0.562500 0.947266 0.563477 0.946615 0.564453 0.945964 0.565430 0.945964 0.566406 0.945964 0.567383 0.946615 0.567383 0.947266 0.568359 0.946615 0.569336 0.945964 0.570312 0.945964 0.571289 0.945964 0.572266 0.945964 0.573242 0.945964 0.574219 0.945312 0.575195 0.945312 0.576172 0.945312 0.577148 0.945312 0.578125 0.945312 0.579102 0.944661 0.580078 0.944661 0.581055 0.944661 0.582031 0.944010 0.583008 0.943359 0.583008 0.942708 0.583008 0.942057 0.583008 0.941406 0.582031 0.941406 0.581055 0.940755 0.581055 0.940104 0.580078 0.940104 0.579102 0.940755 0.578125 0.940104 0.577148 0.940755 0.576172 0.940104 0.576172 0.939453 0.577148 0.938802 0.577148 0.938802 0.578125 0.938802 0.579102 0.938802 0.580078 0.938802 0.581055 0.938151 0.582031 0.937500 0.583008 0.936849 0.582031 0.936849 0.581055 0.936849 0.580078 0.936849 0.579102 0.936198 0.578125 0.936198 0.577148 0.935547 0.577148 0.935547 0.578125 0.934896 0.579102 0.934896 0.580078 0.934245 0.581055 0.933594 0.582031 0.932943 0.582031 0.932292 0.581055 0.932292 0.580078 0.932292 0.579102 0.932292 0.578125 0.932292 0.577148 0.932292 0.576172 0.931641 0.576172 0.931641 0.577148 0.931641 0.578125 0.930990 0.579102 0.931641 0.580078 0.931641 0.581055 0.930990 0.582031 0.930339 0.583008 0.929688 0.583008 0.929688 0.583984 0.929036 0.584961 0.928385 0.584961 0.927734 0.583984 0.927734 0.583008 0.927734 0.582031 0.927734 0.581055 0.927734 0.580078 0.927083 0.579102 0.927083 0.578125 0.927734 0.577148 0.928385 0.576172 0.928385 0.575195 0.927734 0.574219 0.927734 0.573242 0.928385 0.572266 0.929036 0.571289 0.929688 0.570312 0.930339 0.570312 0.930339 0.569336 0.930339 0.568359 0.930339 0.567383 0.930990 0.566406 0.930339 0.566406 0.929688 0.565430 0.929036 0.564453 0.929688 0.563477 0.930339 0.563477 0.930990 0.562500 0.931641 0.561523 0.932292 0.561523 0.932943 0.561523 0.933594 0.560547 0.932943 0.559570 0.932292 0.558594 0.932943 0.557617 0.933594 0.556641 0.934245 0.555664 0.934896 0.555664 0.935547 0.554688 0.936198 0.554688 0.936849 0.554688 0.936849 0.553711 0.936198 0.552734 0.936849 0.551758 0.936198 0.551758 0.935547 0.550781 0.934896 0.549805 0.934896 0.548828 0.934896 0.549805 0.934896 0.550781 0.934245 0.551758 0.933594 0.551758 0.932943 0.550781 0.933594 0.551758 0.933594 0.552734 0.932943 0.553711 0.932292 0.553711 0.931641 0.552734 0.930990 0.552734 0.930339 0.551758 0.929688 0.551758 0.930339 0.552734 0.930339 0.553711 0.930339 0.554688 0.930339 0.553711 0.930990 0.552734 0.931641 0.553711 0.931641 0.554688 0.932292 0.555664 0.931641 0.556641 0.931641 0.557617 0.930990 0.558594 0.930339 0.557617 0.929688 0.557617 0.929036 0.557617 0.928385 0.556641 0.927734 0.557617 0.927083 0.556641 0.927083 0.555664 0.926432 0.554688 0.925781 0.553711 0.925781 0.552734 0.925781 0.551758 0.925781 0.550781 0.925130 0.550781 0.924479 0.550781 0.925130 0.551758 0.925781 0.552734 0.925130 0.553711 0.924479 0.554688 0.923828 0.554688 0.924479 0.555664 0.923828 0.556641 0.923177 0.556641 0.922526 0.555664 0.922526 0.556641 0.921875 0.557617 0.921224 0.556641 0.921224 0.555664 0.921224 0.554688 0.920573 0.554688 0.919922 0.553711 0.919271 0.553711 0.918620 0.554688 0.919271 0.554688 0.919922 0.555664 0.919271 0.556641 0.918620 0.556641 0.917969 0.556641 0.917318 0.556641 0.917318 0.557617 0.917969 0.558594 0.918620 0.558594 0.919271 0.558594 0.919922 0.558594 0.920573 0.558594 0.921224 0.559570 0.921875 0.560547 0.922526 0.561523 0.922526 0.562500 0.922526 0.563477 0.921875 0.564453 0.921875 0.565430 0.922526 0.565430 0.923177 0.565430 0.923828 0.565430 0.924479 0.566406 0.925130 0.566406 0.925781 0.567383 0.925130 0.568359 0.925130 0.569336 0.924479 0.570312 0.925130 0.571289 0.925130 0.572266 0.925130 0.573242 0.925130 0.574219 0.925781 0.575195 0.925781 0.576172 0.925781 0.577148 0.925781 0.578125 0.925781 0.579102 0.925781 0.580078 0.925130 0.581055 0.925130 0.582031 0.925781 0.583008 0.925781 0.583984 0.925130 0.584961 0.924479 0.584961 0.923828 0.584961 0.923177 0.584961 0.922526 0.584961 0.921875 0.583984 0.921224 0.583984 0.920573 0.583008 0.920573 0.582031 0.920573 0.581055 0.920573 0.580078 0.919922 0.580078 0.919271 0.579102 0.919271 0.578125 0.918620 0.577148 0.917969 0.577148 0.917969 0.578125 0.917318 0.579102 0.917969 0.580078 0.917318 0.581055 0.917318 0.582031 0.916667 0.583008 0.916016 0.583984 0.915365 0.583008 0.915365 0.582031 0.915365 0.581055 0.914714 0.581055 0.914062 0.581055 0.913411 0.582031 0.912760 0.581055 0.912760 0.580078 0.912760 0.579102 0.912109 0.578125 0.911458 0.577148 0.911458 0.576172 0.910807 0.576172 0.910156 0.577148 0.910156 0.578125 0.910807 0.579102 0.910807 0.580078 0.911458 0.581055 0.910807 0.582031 0.910807 0.583008 0.911458 0.583984 0.910807 0.584961 0.910156 0.584961 0.909505 0.583984 0.908854 0.583008 0.908203 0.582031 0.907552 0.581055 0.906901 0.582031 0.906250 0.582031 0.905599 0.582031 0.905599 0.583008 0.905599 0.583984 0.904948 0.584961 0.904297 0.584961 0.903646 0.583984 0.904297 0.583008 0.904297 0.582031 0.903646 0.582031 0.902995 0.581055 0.903646 0.580078 0.902995 0.579102 0.902995 0.580078 0.902344 0.581055 0.902344 0.582031 0.901693 0.583008 0.901042 0.582031 0.901042 0.581055 0.901042 0.580078 0.900391 0.580078 0.899740 0.581055 0.899089 0.582031 0.898438 0.581055 0.897786 0.581055 0.897135 0.581055 0.896484 0.580078 0.895833 0.579102 0.896484 0.578125 0.897135 0.578125 0.897786 0.578125 0.897786 0.577148 0.897786 0.576172 0.897786 0.575195 0.898438 0.574219 0.898438 0.573242 0.897786 0.573242 0.897135 0.572266 0.897135 0.571289 0.897786 0.570312 0.898438 0.569336 0.897786 0.568359 0.897786 0.567383 0.897786 0.566406 0.897135 0.566406 0.896484 0.566406 0.895833 0.567383 0.895182 0.568359 0.895182 0.569336 0.894531 0.570312 0.893880 0.570312 0.894531 0.571289 0.894531 0.572266 0.895182 0.573242 0.895182 0.574219 0.894531 0.575195 0.894531 0.576172 0.894531 0.577148 0.894531 0.578125 0.895182 0.579102 0.895833 0.580078 0.895182 0.581055 0.894531 0.581055 0.893880 0.582031 0.893229 0.583008 0.892578 0.582031 0.891927 0.581055 0.891276 0.580078 0.891276 0.579102 0.891276 0.578125 0.890625 0.577148 0.890625 0.576172 0.889974 0.575195 0.889974 0.576172 0.889974 0.577148 0.889974 0.578125 0.889974 0.579102 0.889323 0.580078 0.888672 0.579102 0.888021 0.578125 0.888021 0.579102 0.888021 0.580078 0.888021 0.581055 0.888021 0.582031 0.887370 0.583008 0.886719 0.583984 0.886068 0.583008 0.886068 0.582031 0.886068 0.581055 0.885417 0.581055 0.885417 0.582031 0.884766 0.583008 0.884115 0.582031 0.884115 0.581055 0.884115 0.580078 0.883464 0.579102 0.883464 0.578125 0.884115 0.577148 0.884115 0.576172 0.883464 0.575195 0.882812 0.575195 0.882812 0.576172 0.882812 0.577148 0.882161 0.578125 0.882812 0.579102 0.882161 0.580078 0.882812 0.581055 0.882812 0.582031 0.882161 0.583008 0.881510 0.582031 0.880859 0.582031 0.880208 0.582031 0.879557 0.582031 0.878906 0.581055 0.878906 0.580078 0.878906 0.579102 0.879557 0.578125 0.879557 0.577148 0.879557 0.576172 0.880208 0.575195 0.879557 0.574219 0.878906 0.573242 0.878906 0.572266 0.878255 0.572266 0.877604 0.571289 0.878255 0.570312 0.878255 0.569336 0.878255 0.568359 0.878255 0.567383 0.877604 0.567383 0.876953 0.566406 0.876953 0.565430 0.876953 0.564453 0.876302 0.564453 0.875651 0.565430 0.875651 0.566406 0.875000 0.567383 0.875000 0.568359 0.875000 0.569336 0.875000 0.570312 0.875651 0.571289 0.875651 0.572266 0.876302 0.573242 0.876302 0.574219 0.876302 0.575195 0.875651 0.576172 0.876302 0.577148 0.876953 0.578125 0.877604 0.577148 0.878255 0.577148 0.878906 0.578125 0.878255 0.579102 0.877604 0.580078 0.876953 0.580078 0.876302 0.580078 0.876302 0.581055 0.876302 0.582031 0.876302 0.583008 0.876302 0.583984 0.875651 0.584961 0.875000 0.584961 0.874349 0.583984 0.874349 0.583008 0.874349 0.582031 0.874349 0.581055 0.874349 0.580078 0.874349 0.579102 0.874349 0.578125 0.874349 0.577148 0.873698 0.576172 0.873047 0.575195 0.872396 0.575195 0.871745 0.576172 0.872396 0.577148 0.872396 0.578125 0.873047 0.579102 0.872396 0.580078 0.873047 0.581055 0.872396 0.582031 0.871745 0.583008 0.871094 0.583008 0.871094 0.583984 0.871094 0.584961 0.870443 0.585938 0.869792 0.584961 0.869141 0.583984 0.868490 0.583008 0.868490 0.582031 0.867839 0.583008 0.867188 0.582031 0.867188 0.581055 0.867188 0.580078 0.867188 0.579102 0.867188 0.578125 0.867188 0.577148 0.867839 0.576172 0.867188 0.575195 0.866536 0.575195 0.866536 0.576172 0.865885 0.577148 0.865234 0.576172 0.864583 0.576172 0.864583 0.577148 0.863932 0.578125 0.863932 0.579102 0.863281 0.580078 0.863932 0.581055 0.864583 0.582031 0.864583 0.583008 0.864583 0.583984 0.865234 0.584961 0.865234 0.585938 0.864583 0.586914 0.863932 0.586914 0.863281 0.585938 0.862630 0.584961 0.862630 0.583984 0.861979 0.583008 0.861979 0.582031 0.861979 0.581055 0.861979 0.580078 0.861328 0.579102 0.861328 0.580078 0.861328 0.581055 0.860677 0.582031 0.860026 0.583008 0.859375 0.583984 0.858724 0.583984 0.858073 0.583984 0.857422 0.583008 0.856771 0.583008 0.856120 0.583008 0.855469 0.583008 0.854818 0.583008 0.854818 0.583984 0.854167 0.584961 0.853516 0.585938 0.852865 0.586914 0.852214 0.586914 0.851562 0.585938 0.851562 0.584961 0.850911 0.584961 0.850260 0.583984 0.850260 0.583008 0.850260 0.582031 0.849609 0.582031 0.848958 0.583008 0.848307 0.583984 0.847656 0.584961 0.848307 0.585938 0.847656 0.586914 0.847005 0.586914 0.846354 0.585938 0.846354 0.584961 0.846354 0.583984 0.846354 0.583008 0.845703 0.582031 0.845052 0.581055 0.845703 0.580078 0.845052 0.579102 0.845052 0.578125 0.844401 0.577148 0.843750 0.576172 0.843750 0.577148 0.844401 0.578125 0.844401 0.579102 0.843750 0.580078 0.844401 0.581055 0.843750 0.582031 0.843099 0.583008 0.842448 0.583008 0.841797 0.583984 0.841146 0.583984 0.840495 0.583984 0.839844 0.583008 0.839193 0.583008 0.838542 0.583984 0.837891 0.583984 0.837240 0.583984 0.836589 0.584961 0.835938 0.583984 0.835286 0.583984 0.835286 0.584961 0.834635 0.585938 0.833984 0.584961 0.833984 0.583984 0.833984 0.583008 0.833333 0.582031 0.832682 0.581055 0.832682 0.580078 0.833333 0.579102 0.833984 0.578125 0.833333 0.577148 0.833984 0.576172 0.833984 0.575195 0.834635 0.574219 0.834635 0.573242 0.833984 0.572266 0.833333 0.572266 0.833333 0.573242 0.833333 0.574219 0.832682 0.575195 0.832031 0.574219 0.831380 0.575195 0.832031 0.576172 0.832031 0.577148 0.832031 0.578125 0.832682 0.579102 0.832682 0.580078 0.832031 0.581055 0.831380 0.581055 0.830729 0.582031 0.830078 0.583008 0.830078 0.583984 0.830729 0.584961 0.830729 0.585938 0.830078 0.586914 0.829427 0.587891 0.828776 0.587891 0.828125 0.587891 0.827474 0.586914 0.827474 0.585938 0.828125 0.584961 0.827474 0.583984 0.827474 0.583008 0.827474 0.582031 0.827474 0.581055 0.827474 0.580078 0.827474 0.579102 0.827474 0.578125 0.826823 0.578125 0.826172 0.577148 0.826172 0.576172 0.826823 0.575195 0.827474 0.574219 0.826823 0.574219 0.826172 0.573242 0.825521 0.573242 0.824870 0.573242 0.824219 0.573242 0.824219 0.574219 0.824219 0.575195 0.824219 0.576172 0.824219 0.577148 0.824219 0.578125 0.824870 0.579102 0.825521 0.580078 0.825521 0.581055 0.824870 0.582031 0.824870 0.583008 0.825521 0.583984 0.825521 0.584961 0.825521 0.585938 0.825521 0.586914 0.825521 0.587891 0.824870 0.588867 0.824219 0.587891 0.824219 0.586914 0.824219 0.585938 0.823568 0.585938 0.822917 0.584961 0.822917 0.583984 0.822266 0.583984 0.821615 0.584961 0.820964 0.583984 0.820312 0.583008 0.820312 0.582031 0.819661 0.581055 0.819661 0.582031 0.819010 0.583008 0.819010 0.583984 0.819010 0.584961 0.819010 0.585938 0.819010 0.586914 0.818359 0.587891 0.817708 0.587891 0.817057 0.587891 0.816406 0.587891 0.815755 0.586914 0.816406 0.585938 0.816406 0.584961 0.817057 0.583984 0.817057 0.583008 0.816406 0.583008 0.815755 0.582031 0.815104 0.581055 0.815104 0.580078 0.815104 0.579102 0.815755 0.578125 0.816406 0.577148 0.816406 0.576172 0.816406 0.575195 0.815755 0.575195 0.815104 0.576172 0.814453 0.575195 0.814453 0.574219 0.814453 0.573242 0.814453 0.572266 0.813802 0.572266 0.813151 0.571289 0.813151 0.570312 0.813151 0.569336 0.813802 0.568359 0.813802 0.567383 0.813802 0.566406 0.814453 0.565430 0.813802 0.565430 0.813802 0.566406 0.813151 0.567383 0.812500 0.567383 0.811849 0.566406 0.812500 0.565430 0.811849 0.565430 0.811198 0.565430 0.810547 0.565430 0.809896 0.566406 0.810547 0.567383 0.811198 0.567383 0.811849 0.568359 0.811849 0.569336 0.811198 0.570312 0.811849 0.571289 0.812500 0.572266 0.813151 0.573242 0.813151 0.574219 0.813151 0.575195 0.813151 0.576172 0.813151 0.577148 0.813151 0.578125 0.813151 0.579102 0.813802 0.580078 0.813802 0.581055 0.813802 0.582031 0.813151 0.583008 0.813151 0.583984 0.813802 0.584961 0.813802 0.585938 0.813151 0.586914 0.812500 0.585938 0.811849 0.584961 0.811849 0.583984 0.811198 0.583984 0.810547 0.583984 0.809896 0.584961 0.809245 0.583984 0.808594 0.583984 0.808594 0.584961 0.807943 0.585938 0.807292 0.585938 0.806641 0.585938 0.805990 0.586914 0.805339 0.586914 0.804688 0.585938 0.804688 0.584961 0.804688 0.583984 0.804036 0.583984 0.803385 0.583008 0.803385 0.582031 0.803385 0.581055 0.804036 0.580078 0.803385 0.580078 0.802734 0.580078 0.802083 0.581055 0.801432 0.580078 0.801432 0.579102 0.800781 0.579102 0.800130 0.580078 0.799479 0.580078 0.798828 0.579102 0.798177 0.579102 0.797526 0.580078 0.797526 0.581055 0.798177 0.582031 0.798177 0.583008 0.798177 0.583984 0.797526 0.584961 0.796875 0.584961 0.796875 0.585938 0.796224 0.586914 0.795573 0.587891 0.794922 0.587891 0.794271 0.587891 0.793620 0.586914 0.793620 0.585938 0.794271 0.584961 0.793620 0.583984 0.793620 0.583008 0.793620 0.582031 0.793620 0.581055 0.793620 0.580078 0.793620 0.579102 0.792969 0.579102 0.792318 0.578125 0.792318 0.577148 0.791667 0.577148 0.791016 0.577148 0.790365 0.578125 0.790365 0.579102 0.790365 0.580078 0.790365 0.581055 0.790365 0.582031 0.790365 0.583008 0.789714 0.583984 0.789062 0.583984 0.789062 0.584961 0.789062 0.585938 0.788411 0.586914 0.787760 0.586914 0.787109 0.585938 0.787109 0.584961 0.786458 0.584961 0.785807 0.585938 0.785156 0.586914 0.784505 0.586914 0.783854 0.586914 0.783203 0.587891 0.782552 0.587891 0.781901 0.586914 0.781901 0.585938 0.781901 0.584961 0.781901 0.583984 0.781901 0.583008 0.781901 0.582031 0.781901 0.581055 0.781250 0.580078 0.781250 0.579102 0.780599 0.579102 0.780599 0.580078 0.779948 0.581055 0.779297 0.581055 0.779297 0.582031 0.778646 0.583008 0.778646 0.583984 0.778646 0.584961 0.778646 0.585938 0.777995 0.586914 0.777344 0.587891 0.776693 0.587891 0.776042 0.586914 0.776042 0.585938 0.775391 0.584961 0.776042 0.583984 0.775391 0.583984 0.774740 0.583008 0.774089 0.583984 0.773438 0.584961 0.774089 0.585938 0.773438 0.586914 0.772786 0.586914 0.772135 0.586914 0.771484 0.585938 0.770833 0.585938 0.770182 0.584961 0.770833 0.583984 0.770833 0.583008 0.770182 0.583008 0.769531 0.583008 0.768880 0.583984 0.768229 0.583008 0.768229 0.583984 0.768229 0.584961 0.768229 0.585938 0.767578 0.586914 0.766927 0.586914 0.766276 0.586914 0.765625 0.586914 0.764974 0.585938 0.764323 0.584961 0.764974 0.583984 0.764323 0.583008 0.764323 0.582031 0.764323 0.581055 0.764974 0.580078 0.764974 0.579102 0.764974 0.578125 0.765625 0.577148 0.766276 0.576172 0.766276 0.575195 0.765625 0.575195 0.764974 0.575195 0.764323 0.576172 0.763672 0.575195 0.763021 0.574219 0.763021 0.573242 0.763021 0.572266 0.763021 0.573242 0.762370 0.574219 0.763021 0.575195 0.763021 0.576172 0.763672 0.576172 0.764323 0.577148 0.764323 0.578125 0.764323 0.579102 0.763672 0.580078 0.763021 0.580078 0.763021 0.581055 0.763021 0.582031 0.762370 0.583008 0.761719 0.583008 0.761719 0.583984 0.761719 0.584961 0.761068 0.585938 0.761068 0.586914 0.760417 0.587891 0.759766 0.587891 0.759115 0.586914 0.758464 0.585938 0.758464 0.584961 0.757812 0.584961 0.757161 0.584961 0.756510 0.583984 0.755859 0.584961 0.755859 0.585938 0.755859 0.586914 0.755208 0.587891 0.754557 0.586914 0.753906 0.585938 0.753255 0.585938 0.752604 0.584961 0.752604 0.583984 0.752604 0.583008 0.752604 0.582031 0.751953 0.582031 0.751302 0.582031 0.750651 0.581055 0.750000 0.582031 0.750000 0.583008 0.749349 0.583984 0.748698 0.584961 0.749349 0.585938 0.748698 0.586914 0.748047 0.587891 0.747396 0.586914 0.746745 0.585938 0.747396 0.584961 0.747396 0.583984 0.747396 0.583008 0.747396 0.582031 0.746745 0.581055 0.746745 0.580078 0.746745 0.579102 0.746745 0.578125 0.746094 0.578125 0.745443 0.579102 0.744792 0.580078 0.744141 0.581055 0.743490 0.581055 0.743490 0.582031 0.743490 0.583008 0.743490 0.583984 0.742839 0.584961 0.742188 0.583984 0.741536 0.583008 0.741536 0.582031 0.740885 0.582031 0.740234 0.581055 0.739583 0.582031 0.739583 0.583008 0.739583 0.583984 0.738932 0.584961 0.738932 0.585938 0.738932 0.586914 0.738281 0.587891 0.738281 0.588867 0.737630 0.589844 0.736979 0.588867 0.736328 0.589844 0.735677 0.588867 0.735677 0.587891 0.736328 0.586914 0.735677 0.585938 0.735026 0.586914 0.734375 0.585938 0.734375 0.584961 0.734375 0.583984 0.734375 0.583008 0.735026 0.582031 0.735026 0.581055 0.735677 0.580078 0.735677 0.579102 0.735026 0.578125 0.734375 0.578125 0.733724 0.578125 0.733073 0.578125 0.732422 0.579102 0.731771 0.579102 0.731771 0.580078 0.731771 0.581055 0.731771 0.582031 0.731771 0.583008 0.731771 0.583984 0.731771 0.584961 0.732422 0.585938 0.731771 0.586914 0.731120 0.586914 0.731120 0.587891 0.730469 0.588867 0.729818 0.589844 0.729167 0.588867 0.729167 0.587891 0.728516 0.586914 0.727865 0.585938 0.727214 0.585938 0.727214 0.586914 0.727214 0.587891 0.726562 0.588867 0.725911 0.588867 0.725260 0.587891 0.724609 0.586914 0.723958 0.585938 0.723958 0.584961 0.723307 0.583984 0.722656 0.583984 0.722005 0.583008 0.722656 0.582031 0.723307 0.581055 0.723307 0.580078 0.723958 0.579102 0.724609 0.578125 0.725260 0.577148 0.725260 0.576172 0.724609 0.576172 0.723958 0.575195 0.723958 0.574219 0.723307 0.573242 0.723307 0.572266 0.722656 0.572266 0.723307 0.573242 0.722656 0.574219 0.722005 0.575195 0.721354 0.576172 0.721354 0.577148 0.721354 0.578125 0.722005 0.579102 0.722005 0.580078 0.722005 0.581055 0.722656 0.582031 0.722005 0.583008 0.721354 0.583984 0.721354 0.584961 0.721354 0.585938 0.721354 0.586914 0.721354 0.587891 0.720703 0.588867 0.720052 0.587891 0.719401 0.587891 0.718750 0.586914 0.718750 0.585938 0.718750 0.584961 0.719401 0.583984 0.718750 0.583008 0.718750 0.582031 0.718099 0.583008 0.717448 0.582031 0.716797 0.581055 0.716146 0.580078 0.716146 0.579102 0.715495 0.580078 0.714844 0.580078 0.715495 0.581055 0.715495 0.582031 0.714844 0.583008 0.715495 0.583984 0.715495 0.584961 0.714844 0.585938 0.715495 0.586914 0.715495 0.587891 0.714844 0.588867 0.714193 0.589844 0.713542 0.589844 0.712891 0.588867 0.713542 0.587891 0.712891 0.587891 0.712240 0.586914 0.712240 0.585938 0.711589 0.584961 0.710938 0.584961 0.710286 0.584961 0.709635 0.585938 0.709635 0.586914 0.709635 0.587891 0.708984 0.588867 0.708333 0.588867 0.707682 0.589844 0.707031 0.589844 0.706380 0.588867 0.706380 0.587891 0.706380 0.586914 0.706380 0.585938 0.707031 0.584961 0.707031 0.583984 0.706380 0.583008 0.705729 0.582031 0.705078 0.581055 0.705078 0.580078 0.705078 0.579102 0.705078 0.578125 0.705729 0.577148 0.706380 0.576172 0.706380 0.575195 0.707031 0.574219 0.706380 0.574219 0.705729 0.574219 0.705078 0.574219 0.704427 0.573242 0.704427 0.572266 0.704427 0.571289 0.703776 0.570312 0.703125 0.571289 0.702474 0.572266 0.701823 0.572266 0.702474 0.573242 0.702474 0.574219 0.702474 0.575195 0.703125 0.576172 0.703125 0.577148 0.703776 0.578125 0.704427 0.579102 0.704427 0.580078 0.704427 0.581055 0.703776 0.582031 0.704427 0.583008 0.704427 0.583984 0.705078 0.584961 0.705078 0.585938 0.704427 0.586914 0.704427 0.587891 0.703776 0.588867 0.703125 0.589844 0.702474 0.590820 0.701823 0.590820 0.701172 0.590820 0.700521 0.589844 0.700521 0.588867 0.699870 0.587891 0.700521 0.586914 0.700521 0.585938 0.699870 0.585938 0.699219 0.584961 0.699219 0.583984 0.698568 0.583984 0.697917 0.584961 0.697917 0.585938 0.698568 0.586914 0.698568 0.587891 0.697917 0.588867 0.698568 0.588867 0.699219 0.588867 0.699870 0.589844 0.699219 0.590820 0.698568 0.590820 0.697917 0.591797 0.697266 0.591797 0.696615 0.590820 0.696615 0.589844 0.696615 0.588867 0.695964 0.587891 0.695964 0.586914 0.695964 0.585938 0.695312 0.584961 0.694661 0.584961 0.694010 0.585938 0.693359 0.584961 0.692708 0.583984 0.692057 0.584961 0.692057 0.585938 0.692708 0.586914 0.692708 0.587891 0.692057 0.588867 0.691406 0.588867 0.690755 0.588867 0.690104 0.588867 0.689453 0.589844 0.688802 0.588867 0.688802 0.587891 0.688802 0.586914 0.689453 0.585938 0.689453 0.584961 0.688802 0.583984 0.688151 0.584961 0.687500 0.583984 0.686849 0.583984 0.686198 0.583984 0.686198 0.584961 0.686198 0.585938 0.686849 0.586914 0.687500 0.587891 0.687500 0.588867 0.686849 0.589844 0.686198 0.589844 0.685547 0.588867 0.684896 0.587891 0.684245 0.586914 0.683594 0.585938 0.682943 0.585938 0.682292 0.584961 0.681641 0.583984 0.680990 0.583008 0.680339 0.583008 0.679688 0.583984 0.679036 0.583984 0.678385 0.584961 0.678385 0.585938 0.677734 0.586914 0.677083 0.585938 0.676432 0.586914 0.675781 0.587891 0.675130 0.587891 0.674479 0.588867 0.673828 0.588867 0.673177 0.588867 0.672526 0.588867 0.671875 0.587891 0.671224 0.586914 0.671224 0.585938 0.670573 0.584961 0.669922 0.584961 0.669271 0.584961 0.668620 0.584961 0.667969 0.585938 0.667969 0.586914 0.667318 0.587891 0.666667 0.588867 0.666016 0.587891 0.666016 0.586914 0.666016 0.585938 0.665365 0.584961 0.664714 0.585938 0.664062 0.584961 0.664062 0.583984 0.664062 0.583008 0.664062 0.582031 0.663411 0.582031 0.663411 0.583008 0.663411 0.583984 0.662760 0.584961 0.663411 0.585938 0.663411 0.586914 0.663411 0.587891 0.663411 0.588867 0.663411 0.589844 0.662760 0.590820 0.662109 0.589844 0.661458 0.588867 0.660807 0.588867 0.660156 0.587891 0.660156 0.586914 0.660807 0.585938 0.661458 0.585938 0.661458 0.584961 0.661458 0.583984 0.660807 0.583984 0.660156 0.583984 0.659505 0.583984 0.660156 0.584961 0.660156 0.585938 0.660156 0.586914 0.659505 0.587891 0.658854 0.588867 0.658203 0.588867 0.657552 0.589844 0.656901 0.590820 0.656250 0.591797 0.655599 0.591797 0.654948 0.590820 0.654948 0.589844 0.654948 0.588867 0.654948 0.587891 0.654297 0.586914 0.654948 0.585938 0.654948 0.584961 0.654948 0.583984 0.654297 0.583008 0.653646 0.582031 0.654297 0.581055 0.653646 0.580078 0.654297 0.579102 0.654948 0.578125 0.654948 0.577148 0.655599 0.576172 0.656250 0.575195 0.656901 0.575195 0.657552 0.575195 0.658203 0.574219 0.658854 0.573242 0.658854 0.572266 0.658854 0.571289 0.658203 0.571289 0.657552 0.571289 0.656901 0.570312 0.657552 0.569336 0.658203 0.568359 0.657552 0.567383 0.657552 0.566406 0.656901 0.566406 0.656250 0.566406 0.655599 0.565430 0.654948 0.566406 0.654948 0.567383 0.654297 0.568359 0.653646 0.569336 0.652995 0.569336 0.652344 0.569336 0.652344 0.570312 0.652995 0.571289 0.652995 0.572266 0.652995 0.573242 0.652344 0.574219 0.651693 0.574219 0.651693 0.575195 0.651693 0.576172 0.651693 0.577148 0.651693 0.578125 0.652344 0.578125 0.652995 0.579102 0.652995 0.580078 0.652995 0.581055 0.653646 0.582031 0.653646 0.583008 0.653646 0.583984 0.653646 0.584961 0.652995 0.585938 0.652344 0.585938 0.651693 0.585938 0.652344 0.586914 0.652344 0.587891 0.651693 0.588867 0.651042 0.587891 0.650391 0.588867 0.649740 0.589844 0.649089 0.589844 0.648438 0.588867 0.648438 0.587891 0.648438 0.586914 0.647786 0.587891 0.647135 0.586914 0.647135 0.585938 0.646484 0.584961 0.647135 0.583984 0.646484 0.583008 0.646484 0.583984 0.646484 0.584961 0.646484 0.585938 0.645833 0.586914 0.645833 0.587891 0.645182 0.588867 0.645182 0.589844 0.644531 0.590820 0.643880 0.589844 0.643229 0.588867 0.643229 0.587891 0.643229 0.586914 0.643880 0.585938 0.644531 0.584961 0.645182 0.584961 0.645182 0.583984 0.645182 0.583008 0.644531 0.582031 0.643880 0.582031 0.643229 0.582031 0.642578 0.582031 0.642578 0.583008 0.643229 0.583984 0.642578 0.584961 0.641927 0.584961 0.641927 0.585938 0.642578 0.586914 0.642578 0.587891 0.641927 0.588867 0.641276 0.589844 0.640625 0.590820 0.639974 0.590820 0.639323 0.590820 0.638672 0.589844 0.638672 0.588867 0.638672 0.587891 0.638672 0.586914 0.638021 0.586914 0.637370 0.586914 0.636719 0.586914 0.636068 0.586914 0.635417 0.586914 0.634766 0.587891 0.634766 0.588867 0.634115 0.589844 0.633464 0.590820 0.632812 0.590820 0.632161 0.591797 0.631510 0.590820 0.631510 0.589844 0.631510 0.588867 0.632161 0.587891 0.631510 0.587891 0.630859 0.586914 0.630208 0.585938 0.630208 0.584961 0.630208 0.583984 0.630208 0.583008 0.630208 0.582031 0.629557 0.582031 0.628906 0.583008 0.628255 0.583984 0.627604 0.583008 0.626953 0.583008 0.626953 0.583984 0.626953 0.584961 0.626953 0.585938 0.627604 0.586914 0.627604 0.587891 0.627604 0.588867 0.628255 0.589844 0.627604 0.590820 0.626953 0.591797 0.626302 0.590820 0.625651 0.589844 0.625000 0.589844 0.624349 0.588867 0.625000 0.587891 0.625000 0.586914 0.625651 0.585938 0.625651 0.584961 0.625000 0.583984 0.625000 0.583008 0.625000 0.582031 0.624349 0.583008 0.624349 0.583984 0.624349 0.584961 0.623698 0.585938 0.623047 0.585938 0.622396 0.584961 0.622396 0.583984 0.623047 0.583008 0.622396 0.582031 0.623047 0.581055 0.623047 0.580078 0.623047 0.579102 0.622396 0.579102 0.621745 0.579102 0.621094 0.578125 0.621094 0.577148 0.621094 0.576172 0.621094 0.575195 0.621094 0.574219 0.620443 0.573242 0.620443 0.572266 0.620443 0.573242 0.620443 0.574219 0.620443 0.575195 0.620443 0.576172 0.620443 0.577148 0.620443 0.578125 0.621094 0.579102 0.621094 0.580078 0.620443 0.581055 0.620443 0.582031 0.621094 0.582031 0.621745 0.583008 0.621094 0.583984 0.621745 0.583984 0.622396 0.584961 0.622396 0.585938 0.622396 0.586914 0.623047 0.587891 0.622396 0.588867 0.621745 0.588867 0.621094 0.589844 0.620443 0.589844 0.619792 0.588867 0.619792 0.587891 0.619792 0.586914 0.619792 0.585938 0.619141 0.585938 0.618490 0.585938 0.617839 0.586914 0.617188 0.586914 0.616536 0.586914 0.615885 0.586914 0.615885 0.587891 0.615885 0.588867 0.615234 0.589844 0.614583 0.589844 0.613932 0.588867 0.614583 0.587891 0.613932 0.586914 0.613281 0.585938 0.612630 0.586914 0.611979 0.585938 0.611328 0.586914 0.611979 0.587891 0.611328 0.588867 0.610677 0.588867 0.610026 0.588867 0.609375 0.588867 0.608724 0.588867 0.608073 0.587891 0.608073 0.586914 0.608724 0.585938 0.608073 0.584961 0.608073 0.583984 0.608073 0.583008 0.608073 0.582031 0.608724 0.581055 0.608724 0.580078 0.608724 0.579102 0.608073 0.578125 0.607422 0.578125 0.607422 0.579102 0.607422 0.580078 0.607422 0.581055 0.606771 0.582031 0.606771 0.583008 0.606771 0.583984 0.606771 0.584961 0.606120 0.585938 0.605469 0.585938 0.604818 0.586914 0.605469 0.587891 0.606120 0.588867 0.605469 0.589844 0.604818 0.589844 0.604167 0.589844 0.603516 0.588867 0.602865 0.589844 0.602214 0.588867 0.602214 0.587891 0.601562 0.586914 0.600911 0.586914 0.600260 0.587891 0.599609 0.588867 0.598958 0.588867 0.598307 0.589844 0.597656 0.589844 0.597005 0.588867 0.597005 0.587891 0.596354 0.586914 0.596354 0.585938 0.595703 0.586914 0.595703 0.587891 0.595052 0.588867 0.594401 0.588867 0.593750 0.589844 0.593099 0.590820 0.592448 0.589844 0.592448 0.588867 0.592448 0.587891 0.591797 0.587891 0.591146 0.586914 0.590495 0.587891 0.589844 0.586914 0.589193 0.586914 0.588542 0.585938 0.587891 0.584961 0.587891 0.583984 0.587891 0.584961 0.587891 0.585938 0.587891 0.586914 0.588542 0.587891 0.588542 0.588867 0.587891 0.589844 0.587240 0.589844 0.586589 0.589844 0.585938 0.588867 0.585286 0.588867 0.584635 0.587891 0.583984 0.587891 0.583333 0.587891 0.582682 0.588867 0.582031 0.587891 0.581380 0.588867 0.580729 0.588867 0.580078 0.588867 0.579427 0.587891 0.578776 0.586914 0.578776 0.585938 0.578125 0.585938 0.577474 0.585938 0.577474 0.586914 0.576823 0.587891 0.576172 0.587891 0.575521 0.587891 0.574870 0.587891 0.574219 0.586914 0.573568 0.587891 0.574219 0.588867 0.573568 0.589844 0.572917 0.590820 0.572266 0.590820 0.571615 0.591797 0.570964 0.591797 0.570312 0.590820 0.570312 0.589844 0.569661 0.589844 0.569010 0.589844 0.568359 0.589844 0.567708 0.590820 0.567057 0.589844 0.566406 0.590820 0.565755 0.590820 0.565104 0.590820 0.564453 0.590820 0.563802 0.589844 0.563151 0.588867 0.562500 0.588867 0.561849 0.587891 0.562500 0.586914 0.563151 0.585938 0.563151 0.584961 0.563802 0.583984 0.564453 0.583984 0.564453 0.583008 0.563802 0.583008 0.563151 0.582031 0.562500 0.581055 0.563151 0.580078 0.563802 0.580078 0.563151 0.580078 0.562500 0.579102 0.563151 0.578125 0.562500 0.578125 0.561849 0.577148 0.562500 0.576172 0.562500 0.575195 0.563151 0.574219 0.563802 0.575195 0.563151 0.574219 0.563151 0.573242 0.563151 0.572266 0.563802 0.571289 0.564453 0.571289 0.563802 0.570312 0.563151 0.570312 0.562500 0.569336 0.561849 0.568359 0.561198 0.568359 0.561849 0.569336 0.561198 0.570312 0.560547 0.570312 0.559896 0.570312 0.559896 0.571289 0.560547 0.571289 0.561198 0.572266 0.561849 0.573242 0.561198 0.574219 0.561198 0.575195 0.561198 0.576172 0.561849 0.577148 0.561198 0.578125 0.560547 0.578125 0.559896 0.577148 0.559245 0.576172 0.558594 0.577148 0.559245 0.578125 0.559896 0.578125 0.560547 0.579102 0.560547 0.580078 0.559896 0.581055 0.559896 0.582031 0.560547 0.583008 0.561198 0.583984 0.561198 0.584961 0.560547 0.585938 0.561198 0.586914 0.560547 0.587891 0.559896 0.588867 0.559245 0.587891 0.558594 0.588867 0.559245 0.589844 0.559245 0.590820 0.558594 0.591797 0.557943 0.591797 0.557292 0.590820 0.556641 0.589844 0.555990 0.589844 0.555339 0.588867 0.555990 0.587891 0.555990 0.586914 0.555990 0.585938 0.555339 0.586914 0.554688 0.586914 0.554036 0.585938 0.554036 0.584961 0.553385 0.585938 0.552734 0.586914 0.552734 0.587891 0.552734 0.588867 0.552734 0.589844 0.552734 0.590820 0.552083 0.591797 0.551432 0.590820 0.550781 0.590820 0.550130 0.590820 0.549479 0.589844 0.549479 0.588867 0.548828 0.588867 0.548177 0.588867 0.548177 0.589844 0.547526 0.590820 0.546875 0.590820 0.546224 0.591797 0.545573 0.591797 0.544922 0.590820 0.545573 0.589844 0.544922 0.589844 0.544271 0.589844 0.543620 0.588867 0.544271 0.587891 0.544922 0.586914 0.545573 0.586914 0.545573 0.585938 0.544922 0.584961 0.544922 0.583984 0.545573 0.583008 0.545573 0.582031 0.544922 0.581055 0.544271 0.580078 0.544922 0.579102 0.545573 0.578125 0.544922 0.577148 0.545573 0.576172 0.545573 0.575195 0.545573 0.574219 0.545573 0.573242 0.545573 0.572266 0.546224 0.571289 0.546875 0.570312 0.546875 0.569336 0.546875 0.568359 0.546224 0.567383 0.545573 0.567383 0.545573 0.568359 0.544922 0.569336 0.544271 0.570312 0.543620 0.571289 0.543620 0.572266 0.542969 0.573242 0.542318 0.572266 0.542318 0.571289 0.542318 0.570312 0.541667 0.569336 0.541667 0.568359 0.541016 0.567383 0.541016 0.568359 0.540365 0.569336 0.539714 0.568359 0.539062 0.568359 0.538411 0.568359 0.537760 0.568359 0.537109 0.568359 0.537109 0.569336 0.537760 0.569336 0.538411 0.569336 0.539062 0.570312 0.539714 0.570312 0.540365 0.571289 0.541016 0.572266 0.541667 0.572266 0.542318 0.573242 0.542318 0.574219 0.542318 0.575195 0.541667 0.576172 0.542318 0.577148 0.542318 0.578125 0.542318 0.579102 0.542969 0.579102 0.543620 0.580078 0.543620 0.581055 0.543620 0.582031 0.544271 0.583008 0.544271 0.583984 0.543620 0.584961 0.544271 0.585938 0.544271 0.586914 0.543620 0.587891 0.542969 0.587891 0.542318 0.586914 0.541667 0.585938 0.541667 0.584961 0.541016 0.583984 0.540365 0.583984 0.540365 0.584961 0.540365 0.585938 0.541016 0.585938 0.541667 0.586914 0.541667 0.587891 0.541667 0.588867 0.542318 0.589844 0.542318 0.590820 0.541667 0.591797 0.541016 0.590820 0.540365 0.590820 0.539714 0.590820 0.539062 0.589844 0.538411 0.589844 0.537760 0.589844 0.537109 0.589844 0.536458 0.589844 0.535807 0.590820 0.535156 0.590820 0.534505 0.590820 0.533854 0.591797 0.533203 0.590820 0.533203 0.589844 0.532552 0.588867 0.533203 0.587891 0.533854 0.587891 0.533854 0.586914 0.533854 0.585938 0.533854 0.584961 0.533203 0.583984 0.532552 0.583984 0.531901 0.583984 0.531901 0.584961 0.531250 0.585938 0.530599 0.585938 0.531250 0.586914 0.531250 0.587891 0.531901 0.588867 0.531250 0.589844 0.530599 0.589844 0.529948 0.589844 0.529297 0.589844 0.528646 0.588867 0.527995 0.588867 0.527344 0.588867 0.526693 0.588867 0.526042 0.587891 0.526042 0.586914 0.526693 0.585938 0.526693 0.584961 0.527344 0.583984 0.527995 0.583008 0.527344 0.583984 0.526693 0.584961 0.526042 0.585938 0.525391 0.585938 0.525391 0.586914 0.525391 0.587891 0.526042 0.588867 0.525391 0.589844 0.524740 0.590820 0.524089 0.590820 0.523438 0.590820 0.522786 0.590820 0.522135 0.590820 0.521484 0.589844 0.521484 0.588867 0.522135 0.587891 0.521484 0.586914 0.521484 0.585938 0.522135 0.584961 0.522135 0.583984 0.521484 0.583008 0.522135 0.582031 0.522135 0.581055 0.522135 0.580078 0.522786 0.579102 0.523438 0.579102 0.524089 0.579102 0.524089 0.578125 0.524089 0.577148 0.523438 0.577148 0.522786 0.578125 0.522135 0.578125 0.521484 0.578125 0.520833 0.578125 0.520182 0.578125 0.520182 0.579102 0.519531 0.580078 0.519531 0.581055 0.519531 0.582031 0.519531 0.583008 0.518880 0.583984 0.519531 0.584961 0.518880 0.585938 0.519531 0.586914 0.519531 0.587891 0.518880 0.588867 0.518229 0.588867 0.517578 0.588867 0.516927 0.588867 0.516276 0.587891 0.515625 0.586914 0.515625 0.585938 0.515625 0.584961 0.515625 0.583984 0.514974 0.583008 0.514323 0.583984 0.514974 0.584961 0.514323 0.585938 0.513672 0.585938 0.513672 0.586914 0.513021 0.587891 0.512370 0.587891 0.512370 0.588867 0.512370 0.589844 0.511719 0.590820 0.511068 0.590820 0.510417 0.590820 0.509766 0.589844 0.509766 0.588867 0.509766 0.587891 0.509766 0.586914 0.509115 0.586914 0.508464 0.586914 0.507812 0.586914 0.507161 0.587891 0.507812 0.588867 0.507812 0.589844 0.507161 0.590820 0.506510 0.591797 0.505859 0.590820 0.505859 0.589844 0.505208 0.588867 0.505208 0.587891 0.505859 0.586914 0.505208 0.586914 0.504557 0.587891 0.503906 0.586914 0.503255 0.586914 0.502604 0.586914 0.501953 0.586914 0.501302 0.586914 0.500651 0.586914 0.500000 0.586914 0.499349 0.585938 0.498698 0.584961 0.498698 0.583984 0.498698 0.583008 0.498698 0.582031 0.498047 0.582031 0.497396 0.581055 0.496745 0.581055 0.496745 0.582031 0.496745 0.583008 0.496745 0.583984 0.496745 0.584961 0.497396 0.585938 0.497396 0.586914 0.496745 0.587891 0.496094 0.586914 0.495443 0.586914 0.495443 0.587891 0.496094 0.588867 0.496094 0.589844 0.495443 0.590820 0.494792 0.590820 0.494141 0.589844 0.494141 0.588867 0.494141 0.587891 0.494141 0.586914 0.493490 0.585938 0.492839 0.585938 0.492188 0.585938 0.491536 0.584961 0.491536 0.583984 0.491536 0.583008 0.491536 0.582031 0.490885 0.581055 0.490885 0.580078 0.491536 0.579102 0.492188 0.578125 0.492188 0.577148 0.492188 0.576172 0.491536 0.575195 0.490885 0.574219 0.490234 0.574219 0.489583 0.574219 0.488932 0.574219 0.488281 0.574219 0.488281 0.575195 0.488932 0.576172 0.488932 0.577148 0.488932 0.578125 0.489583 0.579102 0.490234 0.580078 0.490885 0.581055 0.490885 0.582031 0.491536 0.583008 0.491536 0.583984 0.490885 0.584961 0.490885 0.585938 0.490234 0.586914 0.490234 0.587891 0.490234 0.588867 0.490234 0.589844 0.490885 0.590820 0.490885 0.591797 0.490234 0.592773 0.489583 0.593750 0.488932 0.592773 0.488281 0.592773 0.487630 0.591797 0.486979 0.590820 0.486328 0.589844 0.486328 0.588867 0.486979 0.587891 0.486328 0.587891 0.485677 0.586914 0.485677 0.585938 0.485026 0.585938 0.484375 0.585938 0.483724 0.585938 0.483073 0.585938 0.482422 0.586914 0.481771 0.587891 0.481120 0.586914 0.481120 0.585938 0.481120 0.584961 0.481120 0.583984 0.480469 0.583984 0.480469 0.584961 0.479818 0.585938 0.479167 0.584961 0.479167 0.583984 0.478516 0.583984 0.478516 0.584961 0.477865 0.585938 0.477214 0.585938 0.476562 0.585938 0.475911 0.585938 0.475260 0.584961 0.474609 0.584961 0.473958 0.584961 0.473307 0.583984 0.473958 0.583008 0.473307 0.582031 0.472656 0.583008 0.472005 0.583984 0.471354 0.583984 0.471354 0.584961 0.471354 0.585938 0.472005 0.586914 0.472005 0.587891 0.472005 0.588867 0.472005 0.589844 0.472656 0.590820 0.472656 0.591797 0.472005 0.592773 0.471354 0.592773 0.470703 0.592773 0.470052 0.592773 0.469401 0.591797 0.468750 0.590820 0.468750 0.589844 0.469401 0.588867 0.469401 0.587891 0.469401 0.586914 0.470052 0.585938 0.470052 0.584961 0.470052 0.583984 0.469401 0.583008 0.469401 0.582031 0.468750 0.581055 0.468750 0.580078 0.468750 0.579102 0.468099 0.579102 0.467448 0.579102 0.468099 0.580078 0.468099 0.581055 0.467448 0.582031 0.467448 0.583008 0.468099 0.583984 0.468099 0.584961 0.468099 0.585938 0.468099 0.586914 0.468099 0.587891 0.467448 0.588867 0.467448 0.589844 0.468099 0.590820 0.468750 0.591797 0.468099 0.592773 0.467448 0.592773 0.466797 0.592773 0.466146 0.592773 0.465495 0.591797 0.465495 0.590820 0.464844 0.590820 0.464193 0.589844 0.464193 0.588867 0.464193 0.587891 0.463542 0.586914 0.463542 0.585938 0.463542 0.584961 0.462891 0.584961 0.462240 0.585938 0.461589 0.586914 0.460938 0.585938 0.460286 0.585938 0.460286 0.586914 0.460286 0.587891 0.460286 0.588867 0.460938 0.588867 0.461589 0.589844 0.461589 0.590820 0.461589 0.591797 0.460938 0.592773 0.460938 0.593750 0.460286 0.594727 0.459635 0.593750 0.458984 0.592773 0.458984 0.591797 0.458984 0.590820 0.458333 0.590820 0.457682 0.589844 0.458333 0.588867 0.458333 0.587891 0.458333 0.586914 0.458333 0.585938 0.457682 0.585938 0.457031 0.586914 0.456380 0.586914 0.456380 0.587891 0.456380 0.588867 0.455729 0.589844 0.455078 0.589844 0.454427 0.589844 0.453776 0.588867 0.453125 0.589844 0.452474 0.588867 0.451823 0.587891 0.451172 0.587891 0.450521 0.586914 0.449870 0.585938 0.449219 0.586914 0.448568 0.587891 0.447917 0.588867 0.448568 0.589844 0.448568 0.590820 0.447917 0.591797 0.447266 0.591797 0.446615 0.590820 0.446615 0.589844 0.446615 0.588867 0.445964 0.587891 0.445312 0.586914 0.444661 0.585938 0.444010 0.586914 0.443359 0.587891 0.443359 0.588867 0.443359 0.589844 0.444010 0.590820 0.443359 0.591797 0.442708 0.591797 0.442057 0.592773 0.441406 0.592773 0.440755 0.591797 0.440755 0.590820 0.440755 0.591797 0.440104 0.592773 0.439453 0.592773 0.438802 0.591797 0.438802 0.590820 0.438802 0.589844 0.438802 0.588867 0.438802 0.587891 0.439453 0.586914 0.439453 0.585938 0.439453 0.584961 0.439453 0.583984 0.440104 0.583008 0.439453 0.583008 0.438802 0.583008 0.438151 0.582031 0.438802 0.581055 0.439453 0.580078 0.439453 0.579102 0.440104 0.578125 0.440755 0.577148 0.441406 0.577148 0.442057 0.576172 0.442057 0.575195 0.442708 0.574219 0.443359 0.573242 0.444010 0.573242 0.444661 0.572266 0.445312 0.571289 0.445964 0.572266 0.446615 0.571289 0.446615 0.570312 0.446615 0.569336 0.445964 0.568359 0.445312 0.568359 0.444661 0.569336 0.444661 0.570312 0.444010 0.571289 0.443359 0.570312 0.443359 0.569336 0.442708 0.570312 0.442057 0.571289 0.441406 0.571289 0.440755 0.570312 0.440104 0.569336 0.440104 0.568359 0.439453 0.569336 0.438802 0.570312 0.438151 0.571289 0.437500 0.570312 0.437500 0.569336 0.436849 0.568359 0.436198 0.569336 0.435547 0.569336 0.434896 0.569336 0.434896 0.570312 0.434896 0.571289 0.435547 0.571289 0.436198 0.572266 0.436849 0.573242 0.437500 0.574219 0.438151 0.575195 0.438802 0.576172 0.439453 0.576172 0.440104 0.576172 0.440755 0.577148 0.440104 0.578125 0.439453 0.579102 0.438802 0.578125 0.438802 0.579102 0.438151 0.580078 0.437500 0.581055 0.436849 0.580078 0.436198 0.579102 0.436198 0.580078 0.436849 0.581055 0.436849 0.582031 0.436849 0.583008 0.437500 0.583984 0.437500 0.584961 0.436849 0.585938 0.436849 0.586914 0.436849 0.587891 0.436849 0.588867 0.436849 0.589844 0.436849 0.590820 0.437500 0.591797 0.436849 0.592773 0.436198 0.592773 0.435547 0.591797 0.435547 0.590820 0.434896 0.590820 0.434245 0.591797 0.433594 0.590820 0.432943 0.589844 0.432943 0.588867 0.432943 0.587891 0.432292 0.586914 0.432943 0.585938 0.432292 0.584961 0.431641 0.585938 0.431641 0.586914 0.431641 0.587891 0.432292 0.588867 0.432292 0.589844 0.432943 0.590820 0.432292 0.591797 0.431641 0.591797 0.430990 0.592773 0.430339 0.592773 0.429688 0.591797 0.429036 0.591797 0.428385 0.590820 0.427734 0.590820 0.427083 0.591797 0.426432 0.591797 0.425781 0.592773 0.425130 0.592773 0.424479 0.591797 0.424479 0.590820 0.424479 0.589844 0.423828 0.589844 0.423177 0.588867 0.423828 0.587891 0.423828 0.586914 0.424479 0.585938 0.423828 0.584961 0.423828 0.583984 0.423177 0.583984 0.422526 0.583984 0.422526 0.584961 0.422526 0.585938 0.422526 0.586914 0.421875 0.587891 0.421224 0.588867 0.420573 0.588867 0.419922 0.589844 0.419271 0.589844 0.418620 0.588867 0.419271 0.587891 0.419271 0.586914 0.419271 0.585938 0.418620 0.584961 0.417969 0.584961 0.417318 0.584961 0.416667 0.584961 0.416016 0.583984 0.415365 0.583984 0.414714 0.584961 0.414062 0.585938 0.414062 0.586914 0.414062 0.587891 0.414062 0.588867 0.413411 0.589844 0.412760 0.589844 0.412109 0.588867 0.412109 0.587891 0.412109 0.586914 0.412109 0.585938 0.412109 0.584961 0.411458 0.584961 0.410807 0.584961 0.410156 0.585938 0.410807 0.586914 0.410156 0.587891 0.410156 0.588867 0.409505 0.589844 0.409505 0.590820 0.408854 0.591797 0.408203 0.592773 0.407552 0.591797 0.406901 0.591797 0.406250 0.591797 0.405599 0.591797 0.404948 0.590820 0.404948 0.589844 0.404948 0.588867 0.404297 0.588867 0.403646 0.588867 0.403646 0.589844 0.402995 0.590820 0.402344 0.589844 0.402344 0.588867 0.401693 0.587891 0.401042 0.586914 0.401042 0.585938 0.400391 0.584961 0.399740 0.585938 0.399089 0.585938 0.398438 0.586914 0.397786 0.587891 0.397786 0.588867 0.397786 0.589844 0.397135 0.590820 0.396484 0.590820 0.395833 0.590820 0.395182 0.590820 0.394531 0.590820 0.393880 0.591797 0.393229 0.591797 0.392578 0.590820 0.392578 0.589844 0.392578 0.588867 0.391927 0.589844 0.391927 0.590820 0.391276 0.591797 0.390625 0.592773 0.389974 0.591797 0.389974 0.590820 0.389323 0.590820 0.388672 0.591797 0.388021 0.590820 0.388021 0.589844 0.388672 0.588867 0.388672 0.587891 0.388021 0.587891 0.387370 0.588867 0.387370 0.589844 0.386719 0.590820 0.386068 0.590820 0.385417 0.590820 0.384766 0.589844 0.384115 0.590820 0.383464 0.589844 0.382812 0.588867 0.383464 0.587891 0.384115 0.586914 0.384115 0.585938 0.383464 0.585938 0.382812 0.584961 0.382812 0.583984 0.382161 0.583984 0.382161 0.584961 0.382161 0.585938 0.382161 0.586914 0.381510 0.587891 0.381510 0.588867 0.381510 0.589844 0.381510 0.590820 0.380859 0.591797 0.380208 0.591797 0.379557 0.590820 0.379557 0.589844 0.379557 0.588867 0.378906 0.588867 0.379557 0.589844 0.378906 0.590820 0.378906 0.591797 0.378255 0.592773 0.377604 0.592773 0.376953 0.591797 0.376953 0.590820 0.376953 0.589844 0.376302 0.589844 0.375651 0.588867 0.375000 0.587891 0.374349 0.587891 0.374349 0.588867 0.374349 0.589844 0.373698 0.590820 0.373698 0.591797 0.373047 0.592773 0.372396 0.592773 0.371745 0.591797 0.371745 0.590820 0.371745 0.589844 0.371745 0.588867 0.371094 0.587891 0.371094 0.586914 0.371094 0.585938 0.371745 0.584961 0.371745 0.583984 0.371094 0.583984 0.370443 0.583984 0.369792 0.583008 0.370443 0.582031 0.371094 0.582031 0.371094 0.581055 0.371745 0.580078 0.371094 0.579102 0.371094 0.578125 0.371745 0.577148 0.372396 0.577148 0.373047 0.577148 0.373698 0.577148 0.374349 0.577148 0.375000 0.577148 0.375651 0.577148 0.375651 0.576172 0.375651 0.575195 0.375651 0.574219 0.376302 0.573242 0.375651 0.573242 0.375000 0.573242 0.374349 0.574219 0.373698 0.575195 0.373047 0.576172 0.372396 0.576172 0.371745 0.576172 0.371094 0.576172 0.370443 0.576172 0.370443 0.577148 0.369792 0.578125 0.369141 0.578125 0.369141 0.579102 0.369141 0.580078 0.369792 0.581055 0.369141 0.582031 0.368490 0.582031 0.369141 0.583008 0.369792 0.583984 0.369792 0.584961 0.369141 0.585938 0.368490 0.584961 0.367839 0.585938 0.367188 0.586914 0.367188 0.587891 0.367839 0.588867 0.368490 0.589844 0.367839 0.590820 0.367188 0.590820 0.366536 0.591797 0.365885 0.592773 0.365234 0.591797 0.365234 0.590820 0.365885 0.589844 0.365234 0.588867 0.365234 0.587891 0.364583 0.587891 0.364583 0.588867 0.363932 0.589844 0.363281 0.588867 0.363281 0.587891 0.363281 0.586914 0.362630 0.586914 0.361979 0.587891 0.362630 0.588867 0.363281 0.589844 0.362630 0.590820 0.361979 0.591797 0.361328 0.592773 0.360677 0.592773 0.360026 0.591797 0.360026 0.590820 0.359375 0.589844 0.359375 0.588867 0.359375 0.587891 0.358724 0.588867 0.358073 0.587891 0.358073 0.586914 0.357422 0.585938 0.356771 0.585938 0.356120 0.586914 0.356120 0.587891 0.356771 0.588867 0.357422 0.589844 0.356771 0.590820 0.356120 0.590820 0.355469 0.591797 0.354818 0.591797 0.354167 0.591797 0.353516 0.590820 0.354167 0.589844 0.354167 0.588867 0.354167 0.587891 0.353516 0.586914 0.352865 0.586914 0.352214 0.587891 0.351562 0.586914 0.351562 0.585938 0.351562 0.584961 0.350911 0.583984 0.351562 0.583008 0.350911 0.583984 0.350260 0.584961 0.350260 0.585938 0.350260 0.586914 0.350260 0.587891 0.350260 0.588867 0.350260 0.589844 0.349609 0.590820 0.348958 0.590820 0.348307 0.589844 0.348307 0.588867 0.348307 0.587891 0.348307 0.586914 0.348307 0.585938 0.347656 0.584961 0.347005 0.584961 0.347005 0.585938 0.346354 0.586914 0.345703 0.586914 0.345052 0.587891 0.345052 0.588867 0.344401 0.589844 0.343750 0.588867 0.343099 0.587891 0.343099 0.586914 0.343099 0.585938 0.343099 0.584961 0.343099 0.583984 0.342448 0.583984 0.341797 0.583984 0.341146 0.583984 0.340495 0.583008 0.340495 0.582031 0.341146 0.581055 0.341797 0.580078 0.342448 0.579102 0.342448 0.578125 0.341797 0.578125 0.341146 0.577148 0.340495 0.578125 0.339844 0.578125 0.339193 0.579102 0.339193 0.580078 0.339844 0.581055 0.339844 0.582031 0.339844 0.583008 0.339844 0.583984 0.339844 0.584961 0.339193 0.585938 0.339193 0.586914 0.339193 0.587891 0.339193 0.588867 0.338542 0.589844 0.337891 0.589844 0.337240 0.588867 0.337240 0.587891 0.337891 0.586914 0.337240 0.585938 0.336589 0.584961 0.335938 0.583984 0.335938 0.583008 0.335938 0.582031 0.336589 0.581055 0.336589 0.580078 0.336589 0.579102 0.337240 0.578125 0.337240 0.577148 0.337240 0.576172 0.337891 0.575195 0.337891 0.574219 0.337240 0.573242 0.336589 0.573242 0.335938 0.573242 0.335286 0.572266 0.335286 0.571289 0.334635 0.570312 0.334635 0.571289 0.333984 0.572266 0.333333 0.573242 0.333333 0.574219 0.333984 0.575195 0.334635 0.576172 0.333984 0.577148 0.333984 0.578125 0.333984 0.579102 0.333333 0.580078 0.333984 0.581055 0.333984 0.582031 0.333984 0.583008 0.333333 0.583984 0.333984 0.584961 0.333984 0.585938 0.333333 0.586914 0.333333 0.587891 0.332682 0.588867 0.332031 0.587891 0.331380 0.586914 0.331380 0.585938 0.330729 0.584961 0.331380 0.583984 0.331380 0.583008 0.331380 0.582031 0.330729 0.582031 0.330078 0.581055 0.330078 0.582031 0.329427 0.583008 0.329427 0.583984 0.329427 0.584961 0.328776 0.585938 0.328125 0.584961 0.327474 0.584961 0.326823 0.585938 0.326172 0.584961 0.325521 0.583984 0.325521 0.583008 0.325521 0.582031 0.325521 0.581055 0.325521 0.580078 0.325521 0.579102 0.324870 0.579102 0.324219 0.579102 0.324219 0.580078 0.324219 0.581055 0.324219 0.582031 0.323568 0.583008 0.323568 0.583984 0.322917 0.584961 0.322266 0.583984 0.321615 0.583984 0.321615 0.584961 0.320964 0.585938 0.321615 0.586914 0.321615 0.587891 0.321615 0.588867 0.320964 0.589844 0.320312 0.588867 0.319661 0.587891 0.319010 0.586914 0.319010 0.585938 0.319010 0.584961 0.319661 0.583984 0.319010 0.583984 0.318359 0.583008 0.319010 0.582031 0.319661 0.581055 0.319661 0.580078 0.319661 0.579102 0.319010 0.579102 0.318359 0.578125 0.319010 0.577148 0.318359 0.576172 0.318359 0.575195 0.318359 0.574219 0.319010 0.573242 0.319661 0.572266 0.320312 0.571289 0.320312 0.570312 0.319661 0.570312 0.319010 0.570312 0.318359 0.570312 0.317708 0.571289 0.317708 0.572266 0.317708 0.573242 0.317708 0.574219 0.317057 0.575195 0.317057 0.576172 0.317057 0.577148 0.317057 0.578125 0.316406 0.579102 0.315755 0.579102 0.315104 0.578125 0.314453 0.578125 0.314453 0.579102 0.314453 0.580078 0.315104 0.581055 0.315104 0.582031 0.314453 0.583008 0.313802 0.583984 0.313151 0.583008 0.312500 0.583008 0.312500 0.583984 0.311849 0.584961 0.311198 0.583984 0.310547 0.583008 0.309896 0.582031 0.309245 0.583008 0.308594 0.582031 0.308594 0.581055 0.308594 0.580078 0.308594 0.579102 0.308594 0.578125 0.307943 0.578125 0.307943 0.579102 0.307292 0.580078 0.306641 0.581055 0.305990 0.580078 0.305339 0.579102 0.304688 0.580078 0.304688 0.581055 0.304688 0.582031 0.304036 0.583008 0.303385 0.582031 0.302734 0.582031 0.302083 0.581055 0.301432 0.582031 0.301432 0.583008 0.301432 0.583984 0.300781 0.584961 0.300130 0.584961 0.299479 0.584961 0.298828 0.584961 0.298177 0.583984 0.298177 0.583008 0.297526 0.582031 0.298177 0.581055 0.297526 0.581055 0.297526 0.582031 0.296875 0.583008 0.296224 0.582031 0.295573 0.581055 0.296224 0.580078 0.296224 0.579102 0.295573 0.579102 0.294922 0.578125 0.294922 0.577148 0.294922 0.576172 0.294271 0.576172 0.293620 0.576172 0.293620 0.577148 0.292969 0.578125 0.292318 0.579102 0.291667 0.580078 0.291016 0.581055 0.290365 0.581055 0.290365 0.582031 0.289714 0.583008 0.289062 0.583008 0.288411 0.583008 0.287760 0.583984 0.287109 0.583984 0.286458 0.583984 0.285807 0.583008 0.285156 0.582031 0.285807 0.581055 0.286458 0.580078 0.286458 0.579102 0.286458 0.578125 0.285807 0.578125 0.285156 0.578125 0.284505 0.578125 0.283854 0.578125 0.283854 0.579102 0.283854 0.580078 0.283854 0.581055 0.284505 0.582031 0.283854 0.583008 0.283203 0.583984 0.282552 0.583008 0.282552 0.582031 0.282552 0.581055 0.281901 0.581055 0.281250 0.580078 0.281250 0.579102 0.280599 0.579102 0.279948 0.579102 0.279948 0.580078 0.279297 0.581055 0.278646 0.581055 0.277995 0.581055 0.277344 0.582031 0.277344 0.583008 0.277344 0.583984 0.276693 0.584961 0.276042 0.584961 0.275391 0.583984 0.275391 0.583008 0.274740 0.582031 0.274740 0.581055 0.275391 0.580078 0.276042 0.579102 0.276042 0.578125 0.276693 0.577148 0.276042 0.576172 0.276042 0.575195 0.276042 0.574219 0.275391 0.574219 0.274740 0.574219 0.274089 0.575195 0.273438 0.575195 0.273438 0.576172 0.273438 0.577148 0.273438 0.578125 0.273438 0.579102 0.273438 0.580078 0.272786 0.581055 0.272135 0.581055 0.271484 0.582031 0.270833 0.582031 0.270182 0.583008 0.269531 0.582031 0.269531 0.581055 0.269531 0.580078 0.268880 0.579102 0.269531 0.578125 0.268880 0.578125 0.268229 0.579102 0.267578 0.579102 0.266927 0.580078 0.266927 0.581055 0.266276 0.582031 0.265625 0.582031 0.264974 0.583008 0.264323 0.582031 0.264323 0.581055 0.264974 0.580078 0.264323 0.580078 0.263672 0.579102 0.263672 0.578125 0.263672 0.577148 0.263672 0.576172 0.264323 0.575195 0.264323 0.574219 0.264323 0.573242 0.264323 0.572266 0.264323 0.571289 0.263672 0.571289 0.263672 0.572266 0.263021 0.573242 0.263672 0.574219 0.263672 0.575195 0.263672 0.576172 0.263021 0.577148 0.262370 0.577148 0.261719 0.576172 0.261719 0.575195 0.261068 0.574219 0.260417 0.574219 0.261068 0.575195 0.261068 0.576172 0.261068 0.577148 0.260417 0.578125 0.260417 0.579102 0.261068 0.580078 0.261068 0.581055 0.260417 0.582031 0.260417 0.583008 0.259766 0.583984 0.259115 0.583984 0.258464 0.583008 0.258464 0.582031 0.258464 0.581055 0.257812 0.580078 0.257812 0.579102 0.258464 0.578125 0.258464 0.577148 0.258464 0.576172 0.257812 0.575195 0.257161 0.575195 0.256510 0.574219 0.255859 0.573242 0.256510 0.572266 0.257161 0.571289 0.257161 0.570312 0.256510 0.570312 0.255859 0.570312 0.255208 0.570312 0.255208 0.571289 0.255208 0.572266 0.255208 0.573242 0.255208 0.574219 0.255208 0.575195 0.255208 0.576172 0.255208 0.577148 0.254557 0.578125 0.253906 0.577148 0.253255 0.577148 0.252604 0.576172 0.252604 0.575195 0.252604 0.574219 0.252604 0.573242 0.251953 0.573242 0.251302 0.573242 0.250651 0.574219 0.250651 0.575195 0.250651 0.576172 0.250000 0.577148 0.249349 0.576172 0.249349 0.577148 0.249349 0.578125 0.249349 0.579102 0.249349 0.580078 0.248698 0.581055 0.248047 0.581055 0.247396 0.582031 0.246745 0.581055 0.246745 0.580078 0.246745 0.579102 0.246094 0.578125 0.245443 0.577148 0.244792 0.576172 0.244792 0.575195 0.244141 0.574219 0.244141 0.573242 0.244141 0.572266 0.243490 0.572266 0.242839 0.572266 0.242188 0.572266 0.242188 0.573242 0.242839 0.574219 0.242839 0.575195 0.242839 0.576172 0.242839 0.577148 0.242839 0.578125 0.242839 0.579102 0.243490 0.580078 0.242839 0.581055 0.242188 0.581055 0.241536 0.581055 0.240885 0.581055 0.240234 0.580078 0.240885 0.579102 0.240885 0.578125 0.240234 0.577148 0.240234 0.576172 0.240234 0.575195 0.240234 0.574219 0.239583 0.575195 0.238932 0.575195 0.238932 0.576172 0.238281 0.577148 0.237630 0.578125 0.237630 0.579102 0.237630 0.580078 0.236979 0.581055 0.236328 0.582031 0.235677 0.581055 0.235026 0.581055 0.234375 0.580078 0.235026 0.579102 0.235026 0.578125 0.235677 0.577148 0.235677 0.576172 0.235677 0.575195 0.235026 0.575195 0.234375 0.575195 0.234375 0.576172 0.233724 0.577148 0.233073 0.576172 0.233073 0.575195 0.233073 0.574219 0.233724 0.573242 0.234375 0.572266 0.234375 0.571289 0.234375 0.570312 0.233724 0.570312 0.233073 0.569336 0.233724 0.568359 0.233724 0.567383 0.233073 0.566406 0.232422 0.566406 0.231771 0.567383 0.231771 0.568359 0.231771 0.569336 0.231120 0.570312 0.231771 0.571289 0.232422 0.572266 0.232422 0.573242 0.232422 0.574219 0.232422 0.575195 0.232422 0.576172 0.232422 0.577148 0.232422 0.578125 0.231771 0.579102 0.231771 0.580078 0.231771 0.581055 0.231120 0.582031 0.230469 0.582031 0.229818 0.582031 0.229167 0.581055 0.229167 0.580078 0.229818 0.579102 0.229818 0.578125 0.229818 0.577148 0.229818 0.576172 0.229818 0.575195 0.229167 0.574219 0.229167 0.573242 0.228516 0.573242 0.228516 0.574219 0.228516 0.575195 0.227865 0.576172 0.227214 0.576172 0.227214 0.577148 0.226562 0.578125 0.225911 0.578125 0.225911 0.579102 0.225260 0.580078 0.224609 0.580078 0.223958 0.580078 0.223307 0.579102 0.222656 0.578125 0.222656 0.577148 0.223307 0.576172 0.223307 0.575195 0.223958 0.574219 0.223958 0.573242 0.223958 0.572266 0.224609 0.571289 0.224609 0.570312 0.223958 0.569336 0.223958 0.568359 0.223958 0.567383 0.224609 0.566406 0.224609 0.565430 0.225260 0.564453 0.225911 0.564453 0.226562 0.564453 0.226562 0.563477 0.226562 0.562500 0.227214 0.561523 0.227865 0.560547 0.227865 0.559570 0.227214 0.558594 0.227214 0.557617 0.227214 0.556641 0.227865 0.555664 0.228516 0.555664 0.228516 0.554688 0.227865 0.554688 0.227214 0.553711 0.226562 0.554688 0.225911 0.554688 0.225911 0.555664 0.225260 0.556641 0.224609 0.556641 0.225260 0.556641 0.225911 0.557617 0.225260 0.558594 0.224609 0.558594 0.223958 0.558594 0.223307 0.557617 0.223307 0.556641 0.223307 0.555664 0.223958 0.554688 0.224609 0.553711 0.223958 0.553711 0.223307 0.554688 0.222656 0.554688 0.222005 0.554688 0.221354 0.553711 0.221354 0.554688 0.221354 0.555664 0.220703 0.556641 0.220052 0.555664 0.220052 0.554688 0.219401 0.555664 0.220052 0.556641 0.219401 0.557617 0.220052 0.558594 0.220703 0.559570 0.221354 0.560547 0.222005 0.561523 0.221354 0.562500 0.220703 0.562500 0.220052 0.561523 0.219401 0.561523 0.218750 0.562500 0.219401 0.563477 0.219401 0.564453 0.219401 0.565430 0.220052 0.566406 0.220052 0.567383 0.220703 0.568359 0.220703 0.569336 0.220703 0.570312 0.221354 0.571289 0.221354 0.572266 0.221354 0.573242 0.222005 0.574219 0.222005 0.575195 0.222005 0.576172 0.221354 0.577148 0.220703 0.576172 0.220052 0.577148 0.220052 0.578125 0.220052 0.579102 0.219401 0.580078 0.218750 0.580078 0.218099 0.580078 0.217448 0.579102 0.217448 0.578125 0.217448 0.577148 0.217448 0.576172 0.216797 0.575195 0.216146 0.575195 0.215495 0.575195 0.214844 0.576172 0.214193 0.577148 0.213542 0.578125 0.212891 0.578125 0.212240 0.578125 0.211589 0.578125 0.210938 0.578125 0.210286 0.578125 0.209635 0.578125 0.208984 0.578125 0.208333 0.579102 0.207682 0.579102 0.207031 0.579102 0.206380 0.579102 0.205729 0.578125 0.205729 0.577148 0.205078 0.577148 0.204427 0.576172 0.204427 0.575195 0.205078 0.574219 0.204427 0.573242 0.205078 0.572266 0.205078 0.571289 0.205729 0.570312 0.205729 0.569336 0.205078 0.569336 0.204427 0.569336 0.203776 0.570312 0.203125 0.571289 0.203125 0.572266 0.203125 0.573242 0.203776 0.574219 0.203776 0.575195 0.203125 0.576172 0.203125 0.577148 0.202474 0.578125 0.202474 0.579102 0.201823 0.580078 0.201172 0.581055 0.200521 0.581055 0.199870 0.580078 0.199870 0.579102 0.199870 0.578125 0.199219 0.578125 0.198568 0.578125 0.197917 0.577148 0.197917 0.578125 0.197917 0.579102 0.197266 0.580078 0.196615 0.580078 0.195964 0.579102 0.195312 0.578125 0.195312 0.577148 0.194661 0.576172 0.194661 0.575195 0.195312 0.574219 0.195312 0.573242 0.195312 0.572266 0.195964 0.571289 0.195312 0.570312 0.194661 0.570312 0.194010 0.569336 0.193359 0.569336 0.193359 0.570312 0.194010 0.571289 0.193359 0.572266 0.192708 0.573242 0.193359 0.574219 0.192708 0.575195 0.192057 0.575195 0.192708 0.576172 0.192708 0.577148 0.192057 0.578125 0.191406 0.578125 0.190755 0.577148 0.190104 0.578125 0.190755 0.579102 0.190755 0.580078 0.190104 0.581055 0.189453 0.581055 0.188802 0.581055 0.188151 0.580078 0.187500 0.579102 0.186849 0.579102 0.186198 0.579102 0.185547 0.579102 0.184896 0.578125 0.184896 0.577148 0.184245 0.577148 0.184896 0.578125 0.184896 0.579102 0.184896 0.580078 0.184245 0.581055 0.183594 0.581055 0.182943 0.580078 0.182292 0.579102 0.182292 0.578125 0.182292 0.577148 0.181641 0.577148 0.181641 0.578125 0.180990 0.579102 0.180339 0.579102 0.179688 0.578125 0.179036 0.578125 0.178385 0.578125 0.177734 0.577148 0.177734 0.576172 0.177734 0.575195 0.177083 0.575195 0.176432 0.574219 0.176432 0.573242 0.176432 0.572266 0.175781 0.573242 0.175130 0.574219 0.175130 0.575195 0.174479 0.576172 0.173828 0.575195 0.173828 0.574219 0.173177 0.573242 0.172526 0.573242 0.171875 0.574219 0.171875 0.575195 0.171224 0.576172 0.170573 0.576172 0.169922 0.576172 0.169271 0.577148 0.168620 0.578125 0.168620 0.579102 0.168620 0.580078 0.169271 0.581055 0.168620 0.582031 0.167969 0.583008 0.167318 0.583008 0.166667 0.583008 0.166016 0.583008 0.165365 0.583008 0.164714 0.583008 0.164062 0.582031 0.164714 0.581055 0.164714 0.580078 0.165365 0.579102 0.165365 0.578125 0.165365 0.577148 0.165365 0.576172 0.164714 0.575195 0.164714 0.574219 0.165365 0.573242 0.166016 0.573242 0.166667 0.572266 0.166667 0.571289 0.167318 0.570312 0.167318 0.569336 0.167318 0.568359 0.166667 0.567383 0.166016 0.567383 0.165365 0.567383 0.164714 0.568359 0.164062 0.568359 0.163411 0.568359 0.163411 0.569336 0.162760 0.570312 0.162760 0.571289 0.162760 0.572266 0.162760 0.573242 0.162760 0.574219 0.162109 0.575195 0.162109 0.576172 0.162760 0.577148 0.162760 0.578125 0.162760 0.579102 0.162760 0.580078 0.163411 0.581055 0.162760 0.582031 0.162109 0.583008 0.161458 0.583008 0.160807 0.582031 0.160156 0.582031 0.159505 0.582031 0.158854 0.581055 0.159505 0.580078 0.160156 0.579102 0.159505 0.578125 0.159505 0.577148 0.160156 0.576172 0.160156 0.575195 0.159505 0.574219 0.160156 0.573242 0.160156 0.572266 0.159505 0.571289 0.158854 0.571289 0.158203 0.572266 0.158203 0.573242 0.157552 0.574219 0.156901 0.574219 0.156901 0.575195 0.157552 0.576172 0.157552 0.577148 0.157552 0.578125 0.156901 0.579102 0.156250 0.579102 0.155599 0.578125 0.155599 0.579102 0.155599 0.580078 0.154948 0.581055 0.154297 0.580078 0.154297 0.579102 0.153646 0.578125 0.153646 0.577148 0.153646 0.576172 0.153646 0.575195 0.152995 0.575195 0.152344 0.575195 0.151693 0.574219 0.152344 0.573242 0.152344 0.572266 0.151693 0.571289 0.151042 0.571289 0.150391 0.571289 0.150391 0.572266 0.150391 0.573242 0.150391 0.574219 0.150391 0.575195 0.149740 0.576172 0.150391 0.577148 0.150391 0.578125 0.149740 0.579102 0.149740 0.580078 0.150391 0.581055 0.150391 0.582031 0.149740 0.583008 0.149089 0.583008 0.148438 0.582031 0.147786 0.582031 0.147135 0.581055 0.147135 0.580078 0.146484 0.579102 0.145833 0.580078 0.145833 0.581055 0.145182 0.582031 0.144531 0.581055 0.143880 0.581055 0.143229 0.582031 0.142578 0.583008 0.141927 0.582031 0.141276 0.581055 0.141927 0.580078 0.142578 0.579102 0.142578 0.578125 0.141927 0.577148 0.141927 0.576172 0.141927 0.575195 0.142578 0.574219 0.142578 0.573242 0.142578 0.572266 0.141927 0.571289 0.141927 0.570312 0.141276 0.569336 0.141276 0.568359 0.141927 0.567383 0.141276 0.567383 0.140625 0.567383 0.139974 0.566406 0.139974 0.565430 0.139323 0.564453 0.139323 0.563477 0.138672 0.562500 0.138021 0.563477 0.137370 0.564453 0.138021 0.565430 0.137370 0.566406 0.138021 0.567383 0.138672 0.568359 0.138672 0.569336 0.138021 0.570312 0.137370 0.571289 0.138021 0.572266 0.138021 0.573242 0.138021 0.574219 0.138672 0.575195 0.139323 0.576172 0.138672 0.577148 0.138021 0.577148 0.138672 0.578125 0.138672 0.579102 0.138672 0.580078 0.139323 0.581055 0.139323 0.582031 0.139323 0.583008 0.138672 0.583984 0.138021 0.584961 0.137370 0.583984 0.136719 0.583008 0.136719 0.582031 0.136719 0.581055 0.136719 0.580078 0.136719 0.579102 0.136719 0.578125 0.136068 0.577148 0.136068 0.576172 0.136068 0.575195 0.135417 0.574219 0.135417 0.575195 0.134766 0.576172 0.134115 0.576172 0.133464 0.576172 0.133464 0.577148 0.132812 0.578125 0.133464 0.579102 0.133464 0.580078 0.133464 0.581055 0.133464 0.582031 0.132812 0.583008 0.132161 0.583008 0.131510 0.583984 0.130859 0.583984 0.130208 0.583008 0.130859 0.582031 0.130859 0.581055 0.130859 0.580078 0.131510 0.579102 0.131510 0.578125 0.131510 0.577148 0.131510 0.576172 0.131510 0.575195 0.130859 0.574219 0.130208 0.575195 0.130208 0.576172 0.129557 0.577148 0.128906 0.578125 0.128255 0.577148 0.127604 0.578125 0.127604 0.579102 0.127604 0.580078 0.128255 0.581055 0.128255 0.582031 0.128255 0.583008 0.127604 0.583984 0.126953 0.583984 0.126302 0.583984 0.125651 0.583008 0.125000 0.583008 0.124349 0.583008 0.123698 0.583008 0.123047 0.582031 0.123047 0.581055 0.123698 0.580078 0.124349 0.580078 0.124349 0.579102 0.124349 0.578125 0.123698 0.578125 0.123047 0.577148 0.123698 0.576172 0.123698 0.575195 0.123047 0.574219 0.123698 0.573242 0.123698 0.572266 0.124349 0.571289 0.124349 0.570312 0.123698 0.570312 0.123047 0.571289 0.122396 0.570312 0.121745 0.570312 0.121094 0.571289 0.121094 0.572266 0.120443 0.573242 0.119792 0.572266 0.119792 0.571289 0.119141 0.570312 0.118490 0.569336 0.117839 0.570312 0.117188 0.570312 0.116536 0.570312 0.115885 0.569336 0.115885 0.568359 0.115885 0.567383 0.115234 0.567383 0.115234 0.568359 0.115885 0.569336 0.115885 0.570312 0.115885 0.571289 0.115885 0.572266 0.116536 0.573242 0.117188 0.574219 0.117839 0.574219 0.118490 0.574219 0.119141 0.573242 0.119792 0.572266 0.120443 0.573242 0.120443 0.574219 0.119792 0.575195 0.120443 0.576172 0.120443 0.577148 0.121094 0.578125 0.121094 0.579102 0.121094 0.580078 0.121745 0.581055 0.122396 0.582031 0.122396 0.583008 0.121745 0.583984 0.121094 0.584961 0.120443 0.583984 0.119792 0.583008 0.119141 0.582031 0.118490 0.582031 0.117839 0.581055 0.118490 0.580078 0.118490 0.579102 0.117839 0.578125 0.118490 0.577148 0.118490 0.576172 0.117839 0.576172 0.117188 0.576172 0.116536 0.577148 0.115885 0.577148 0.115234 0.577148 0.115234 0.578125 0.115234 0.579102 0.115885 0.580078 0.115234 0.581055 0.115234 0.582031 0.115885 0.583008 0.115885 0.583984 0.115234 0.584961 0.114583 0.584961 0.113932 0.584961 0.113281 0.583984 0.112630 0.583008 0.113281 0.582031 0.112630 0.581055 0.112630 0.580078 0.112630 0.579102 0.111979 0.578125 0.111328 0.579102 0.110677 0.578125 0.110677 0.577148 0.110677 0.576172 0.111328 0.575195 0.111328 0.574219 0.111328 0.575195 0.110677 0.576172 0.110026 0.575195 0.110026 0.574219 0.110026 0.573242 0.110677 0.572266 0.111328 0.571289 0.110677 0.571289 0.110026 0.571289 0.109375 0.572266 0.109375 0.573242 0.109375 0.574219 0.109375 0.575195 0.109375 0.576172 0.109375 0.577148 0.110026 0.578125 0.109375 0.579102 0.109375 0.580078 0.108724 0.581055 0.108724 0.582031 0.109375 0.583008 0.108724 0.583984 0.108073 0.583984 0.107422 0.583984 0.106771 0.583008 0.106771 0.582031 0.106120 0.581055 0.106771 0.580078 0.106120 0.579102 0.106120 0.578125 0.106771 0.577148 0.106771 0.576172 0.106771 0.575195 0.106120 0.575195 0.105469 0.575195 0.104818 0.575195 0.104167 0.574219 0.104167 0.573242 0.104167 0.572266 0.104167 0.573242 0.104167 0.574219 0.104167 0.575195 0.104167 0.576172 0.103516 0.577148 0.102865 0.576172 0.102865 0.575195 0.102214 0.575195 0.101562 0.574219 0.100911 0.573242 0.101562 0.572266 0.101562 0.571289 0.101562 0.570312 0.100911 0.569336 0.101562 0.568359 0.102214 0.567383 0.102214 0.566406 0.102865 0.565430 0.103516 0.565430 0.103516 0.564453 0.103516 0.563477 0.104167 0.562500 0.104818 0.562500 0.104818 0.561523 0.104167 0.561523 0.103516 0.560547 0.103516 0.559570 0.103516 0.558594 0.103516 0.557617 0.102865 0.556641 0.103516 0.555664 0.104167 0.554688 0.104818 0.554688 0.104167 0.554688 0.103516 0.554688 0.102865 0.553711 0.103516 0.552734 0.103516 0.551758 0.104167 0.550781 0.104818 0.550781 0.105469 0.549805 0.104818 0.548828 0.104818 0.547852 0.105469 0.546875 0.106120 0.546875 0.106771 0.547852 0.107422 0.546875 0.108073 0.546875 0.108073 0.545898 0.107422 0.544922 0.107422 0.543945 0.107422 0.542969 0.106771 0.542969 0.106120 0.543945 0.106120 0.544922 0.105469 0.545898 0.104818 0.545898 0.104167 0.544922 0.104818 0.543945 0.104167 0.544922 0.103516 0.545898 0.104167 0.546875 0.104818 0.547852 0.104818 0.548828 0.104818 0.549805 0.104167 0.550781 0.103516 0.551758 0.103516 0.552734 0.102865 0.553711 0.102214 0.554688 0.101562 0.553711 0.101562 0.552734 0.101562 0.551758 0.100911 0.550781 0.101562 0.549805 0.100911 0.548828 0.101562 0.547852 0.100911 0.546875 0.101562 0.545898 0.100911 0.545898 0.100260 0.544922 0.099609 0.543945 0.098958 0.542969 0.098958 0.541992 0.098307 0.541992 0.097656 0.541016 0.098307 0.540039 0.097656 0.539062 0.098307 0.538086 0.098958 0.538086 0.098958 0.537109 0.098958 0.536133 0.098958 0.535156 0.098958 0.534180 0.098958 0.533203 0.099609 0.532227 0.098958 0.531250 0.098958 0.532227 0.098307 0.533203 0.097656 0.533203 0.098307 0.534180 0.097656 0.535156 0.097005 0.535156 0.096354 0.535156 0.095703 0.534180 0.096354 0.533203 0.095703 0.534180 0.095052 0.533203 0.095052 0.532227 0.095052 0.531250 0.095052 0.530273 0.095703 0.529297 0.095703 0.528320 0.096354 0.527344 0.096354 0.526367
0 0.782552 0.522461 0.782552 0.523438 0.782552 0.524414 0.781901 0.525391 0.781250 0.524414 0.780599 0.523438 0.780599 0.524414 0.781250 0.524414 0.781901 0.525391 0.781250 0.526367 0.781901 0.527344 0.781901 0.528320 0.781250 0.529297 0.780599 0.530273 0.780599 0.531250 0.781250 0.531250 0.781901 0.532227 0.781250 0.533203 0.781901 0.533203 0.782552 0.533203 0.783203 0.534180 0.783854 0.535156 0.784505 0.535156 0.785156 0.536133 0.785156 0.537109 0.785156 0.538086 0.784505 0.539062 0.783854 0.539062 0.783203 0.538086 0.783203 0.537109 0.782552 0.537109 0.781901 0.537109 0.781250 0.538086 0.781250 0.539062 0.781250 0.540039 0.781901 0.541016 0.782552 0.541992 0.783203 0.541992 0.783854 0.542969 0.784505 0.543945 0.784505 0.542969 0.785156 0.541992 0.785807 0.542969 0.786458 0.541992 0.787109 0.541992 0.787760 0.542969 0.788411 0.541992 0.789062 0.542969 0.789062 0.543945 0.789714 0.542969 0.790365 0.541992 0.789714 0.541992 0.789062 0.541992 0.788411 0.541016 0.789062 0.540039 0.788411 0.540039 0.787760 0.539062 0.787760 0.538086 0.787109 0.537109 0.787109 0.536133 0.787109 0.535156 0.787760 0.534180 0.787109 0.534180 0.786458 0.534180 0.785807 0.533203 0.785807 0.532227 0.785156 0.531250 0.785156 0.530273 0.784505 0.529297 0.785156 0.528320 0.785807 0.527344 0.785156 0.526367 0.784505 0.526367 0.783854 0.525391 0.783854 0.524414 0.783203 0.523438
0 0.414714 0.522461 0.414062 0.523438 0.413411 0.524414 0.412760 0.525391 0.412109 0.525391 0.411458 0.525391 0.410807 0.525391 0.410156 0.525391 0.409505 0.525391 0.408854 0.524414 0.408854 0.523438 0.408203 0.523438 0.408854 0.524414 0.408203 0.525391 0.407552 0.525391 0.407552 0.526367 0.407552 0.527344 0.406901 0.528320 0.406250 0.527344 0.406250 0.528320 0.405599 0.529297 0.406250 0.530273 0.406250 0.531250 0.406901 0.532227 0.406901 0.533203 0.406250 0.534180 0.405599 0.533203 0.404948 0.533203 0.405599 0.533203 0.406250 0.534180 0.405599 0.535156 0.405599 0.536133 0.404948 0.537109 0.405599 0.537109 0.405599 0.536133 0.406250 0.535156 0.406901 0.535156 0.407552 0.536133 0.407552 0.537109 0.408203 0.536133 0.408203 0.535156 0.407552 0.535156 0.406901 0.535156 0.406250 0.534180 0.406901 0.533203 0.407552 0.532227 0.407552 0.531250 0.406901 0.530273 0.407552 0.529297 0.408203 0.528320 0.408854 0.528320 0.409505 0.527344 0.410156 0.528320 0.410156 0.529297 0.409505 0.530273 0.410156 0.529297 0.410807 0.529297 0.411458 0.530273 0.411458 0.531250 0.410807 0.532227 0.411458 0.533203 0.411458 0.534180 0.412109 0.533203 0.412760 0.534180 0.412760 0.535156 0.413411 0.535156 0.414062 0.534180 0.414714 0.534180 0.414062 0.533203 0.414062 0.532227 0.414714 0.531250 0.415365 0.531250 0.415365 0.530273 0.414714 0.529297 0.415365 0.528320 0.416016 0.528320 0.416016 0.527344 0.416667 0.526367 0.417318 0.526367 0.416667 0.526367 0.416016 0.525391 0.415365 0.524414 0.414714 0.523438
0 0.381510 0.522461 0.382161 0.523438 0.381510 0.524414 0.381510 0.525391 0.380859 0.526367 0.380208 0.526367 0.379557 0.526367 0.379557 0.527344 0.380208 0.527344 0.380859 0.528320 0.381510 0.528320 0.382161 0.528320 0.382812 0.529297 0.383464 0.529297 0.384115 0.529297 0.384766 0.530273 0.384115 0.531250 0.383464 0.531250 0.384115 0.532227 0.384115 0.533203 0.383464 0.534180 0.382812 0.534180 0.382161 0.534180 0.381510 0.533203 0.380859 0.533203 0.380208 0.533203 0.380208 0.534180 0.380859 0.535156 0.381510 0.535156 0.382161 0.535156 0.382812 0.536133 0.383464 0.536133 0.384115 0.537109 0.384766 0.537109 0.385417 0.536133 0.386068 0.537109 0.386719 0.538086 0.387370 0.539062 0.387370 0.540039 0.387370 0.541016 0.388021 0.541016 0.388672 0.541992 0.388021 0.542969 0.387370 0.543945 0.386719 0.542969 0.386068 0.543945 0.385417 0.543945 0.384766 0.543945 0.384766 0.544922 0.385417 0.544922 0.386068 0.544922 0.386719 0.543945 0.387370 0.544922 0.388021 0.545898 0.388672 0.546875 0.388672 0.547852 0.388672 0.548828 0.389323 0.549805 0.388672 0.550781 0.388021 0.550781 0.387370 0.550781 0.387370 0.551758 0.387370 0.552734 0.387370 0.553711 0.388021 0.553711 0.388672 0.552734 0.389323 0.552734 0.389974 0.553711 0.390625 0.554688 0.391276 0.553711 0.391927 0.554688 0.391927 0.555664 0.391927 0.556641 0.392578 0.557617 0.392578 0.558594 0.393229 0.559570 0.393229 0.560547 0.392578 0.561523 0.393229 0.562500 0.393229 0.561523 0.393880 0.560547 0.394531 0.560547 0.394531 0.559570 0.394531 0.558594 0.393880 0.557617 0.393880 0.556641 0.393229 0.555664 0.393880 0.554688 0.393880 0.553711 0.393229 0.554688 0.392578 0.554688 0.391927 0.553711 0.392578 0.552734 0.391927 0.552734 0.391276 0.551758 0.391276 0.550781 0.390625 0.549805 0.390625 0.548828 0.390625 0.547852 0.390625 0.546875 0.390625 0.545898 0.390625 0.544922 0.390625 0.545898 0.389974 0.546875 0.389323 0.545898 0.388672 0.544922 0.388672 0.543945 0.388672 0.542969 0.388672 0.541992 0.388021 0.541016 0.387370 0.540039 0.387370 0.539062 0.388021 0.538086 0.388021 0.537109 0.387370 0.538086 0.386719 0.537109 0.386719 0.536133 0.386719 0.535156 0.386068 0.535156 0.385417 0.534180 0.385417 0.533203 0.384766 0.532227 0.384766 0.531250 0.385417 0.530273 0.384766 0.529297 0.384766 0.528320 0.384115 0.527344 0.384115 0.526367 0.383464 0.526367 0.382812 0.525391 0.382812 0.524414 0.382161 0.523438
0 0.026693 0.520508 0.026693 0.521484 0.027344 0.522461 0.027995 0.523438 0.027995 0.524414 0.028646 0.525391 0.028646 0.526367 0.029297 0.527344 0.028646 0.528320 0.027995 0.528320 0.027995 0.529297 0.027344 0.530273 0.026693 0.531250 0.026693 0.532227 0.026042 0.533203 0.025391 0.532227 0.025391 0.531250 0.024740 0.531250 0.024089 0.531250 0.023438 0.531250 0.022786 0.531250 0.022135 0.530273 0.022786 0.529297 0.023438 0.529297 0.024089 0.529297 0.023438 0.529297 0.022786 0.528320 0.022786 0.527344 0.022786 0.526367 0.022135 0.526367 0.021484 0.525391 0.020833 0.525391 0.020833 0.526367 0.020833 0.527344 0.020833 0.528320 0.021484 0.528320 0.022135 0.529297 0.022135 0.530273 0.022135 0.531250 0.022786 0.531250 0.023438 0.531250 0.024089 0.532227 0.023438 0.533203 0.023438 0.534180 0.024089 0.535156 0.023438 0.536133 0.024089 0.537109 0.024740 0.537109 0.025391 0.538086 0.026042 0.538086 0.026693 0.537109 0.027344 0.538086 0.027995 0.538086 0.028646 0.537109 0.029297 0.537109 0.029297 0.536133 0.028646 0.535156 0.027995 0.534180 0.027995 0.533203 0.027344 0.532227 0.026693 0.531250 0.027344 0.530273 0.027995 0.529297 0.028646 0.529297 0.029297 0.530273 0.029297 0.531250 0.029948 0.531250 0.029948 0.530273 0.030599 0.529297 0.031250 0.529297 0.031901 0.529297 0.031250 0.528320 0.031250 0.527344 0.030599 0.527344 0.029948 0.527344 0.029297 0.526367 0.028646 0.525391 0.027995 0.524414 0.027995 0.523438 0.027995 0.522461 0.028646 0.521484 0.027995 0.521484 0.027344 0.521484
0 0.287109 0.517578 0.286458 0.518555 0.285807 0.518555 0.286458 0.519531 0.285807 0.520508 0.286458 0.519531 0.287109 0.520508 0.287109 0.521484 0.287109 0.522461 0.287109 0.523438 0.286458 0.524414 0.285807 0.525391 0.285156 0.524414 0.285156 0.523438 0.285807 0.522461 0.285156 0.522461 0.284505 0.523438 0.283854 0.522461 0.283203 0.521484 0.283203 0.520508 0.282552 0.519531 0.281901 0.519531 0.281901 0.520508 0.281901 0.521484 0.282552 0.522461 0.282552 0.523438 0.282552 0.524414 0.283203 0.525391 0.282552 0.526367 0.282552 0.527344 0.283203 0.528320 0.283854 0.529297 0.284505 0.529297 0.285156 0.530273 0.285156 0.531250 0.285156 0.532227 0.284505 0.533203 0.283854 0.533203 0.283854 0.534180 0.284505 0.534180 0.285156 0.535156 0.284505 0.536133 0.283854 0.537109 0.284505 0.536133 0.285156 0.537109 0.285807 0.537109 0.286458 0.538086 0.286458 0.539062 0.287109 0.539062 0.287760 0.539062 0.287760 0.538086 0.288411 0.537109 0.289062 0.537109 0.289714 0.537109 0.289714 0.536133 0.289714 0.535156 0.290365 0.534180 0.289714 0.534180 0.289714 0.535156 0.289062 0.536133 0.288411 0.535156 0.287760 0.534180 0.287760 0.533203 0.288411 0.532227 0.289062 0.532227 0.289714 0.532227 0.290365 0.531250 0.291016 0.531250 0.291667 0.532227 0.292318 0.533203 0.292969 0.534180 0.292969 0.535156 0.292318 0.536133 0.292969 0.537109 0.293620 0.536133 0.294271 0.535156 0.293620 0.534180 0.292969 0.533203 0.292318 0.532227 0.291667 0.531250 0.291667 0.530273 0.292318 0.529297 0.291667 0.529297 0.291016 0.529297 0.290365 0.528320 0.291016 0.527344 0.291667 0.527344 0.291667 0.526367 0.291667 0.525391 0.291667 0.526367 0.291016 0.527344 0.290365 0.526367 0.290365 0.525391 0.289714 0.524414 0.289062 0.523438 0.289062 0.522461 0.288411 0.521484 0.289062 0.520508 0.288411 0.519531 0.288411 0.518555 0.287760 0.517578
0 0.731120 0.512695 0.731120 0.513672 0.730469 0.514648 0.729818 0.515625 0.729167 0.515625 0.728516 0.515625 0.727865 0.515625 0.727214 0.516602 0.726562 0.516602 0.727214 0.517578 0.726562 0.518555 0.725911 0.519531 0.726562 0.520508 0.726562 0.521484 0.725911 0.522461 0.725911 0.523438 0.726562 0.524414 0.725911 0.525391 0.725911 0.526367 0.725911 0.527344 0.725911 0.528320 0.725911 0.529297 0.725260 0.530273 0.725911 0.531250 0.725911 0.532227 0.725260 0.533203 0.724609 0.533203 0.723958 0.534180 0.724609 0.533203 0.725260 0.533203 0.725911 0.533203 0.726562 0.534180 0.726562 0.535156 0.727214 0.534180 0.727214 0.533203 0.727214 0.532227 0.726562 0.532227 0.725911 0.531250 0.725911 0.530273 0.726562 0.529297 0.727214 0.528320 0.727865 0.529297 0.727214 0.528320 0.727865 0.527344 0.727214 0.526367 0.727214 0.525391 0.727865 0.524414 0.728516 0.524414 0.729167 0.525391 0.729818 0.525391 0.729818 0.524414 0.730469 0.523438 0.729818 0.522461 0.729167 0.521484 0.729818 0.520508 0.729818 0.519531 0.730469 0.518555 0.731120 0.517578 0.731771 0.518555 0.731120 0.517578 0.731771 0.516602 0.732422 0.516602 0.733073 0.516602 0.733073 0.515625 0.733073 0.514648 0.732422 0.513672 0.732422 0.512695 0.731771 0.512695
0 0.581380 0.509766 0.580729 0.510742 0.580078 0.510742 0.579427 0.510742 0.579427 0.511719 0.579427 0.512695 0.578776 0.513672 0.578776 0.514648 0.578125 0.515625 0.577474 0.516602 0.576823 0.516602 0.576172 0.516602 0.576172 0.517578 0.576172 0.518555 0.576823 0.519531 0.576823 0.520508 0.576172 0.521484 0.576172 0.522461 0.576172 0.523438 0.576172 0.524414 0.575521 0.525391 0.575521 0.526367 0.574870 0.527344 0.574219 0.526367 0.574219 0.527344 0.574219 0.528320 0.573568 0.529297 0.573568 0.530273 0.572917 0.531250 0.572266 0.532227 0.572266 0.533203 0.571615 0.534180 0.570964 0.534180 0.570964 0.535156 0.570964 0.536133 0.570964 0.537109 0.570964 0.538086 0.570964 0.539062 0.570312 0.540039 0.569661 0.540039 0.570312 0.540039 0.570964 0.541016 0.570964 0.541992 0.570312 0.542969 0.569661 0.542969 0.569010 0.541992 0.569661 0.542969 0.569661 0.543945 0.569661 0.544922 0.569010 0.545898 0.569661 0.545898 0.569661 0.544922 0.570312 0.543945 0.570964 0.543945 0.571615 0.542969 0.572266 0.542969 0.572917 0.541992 0.572917 0.541016 0.572917 0.540039 0.572917 0.539062 0.572917 0.538086 0.573568 0.537109 0.573568 0.536133 0.574219 0.535156 0.574870 0.534180 0.575521 0.534180 0.576172 0.534180 0.576172 0.533203 0.575521 0.533203 0.574870 0.532227 0.574870 0.531250 0.574870 0.530273 0.575521 0.529297 0.575521 0.528320 0.575521 0.527344 0.576172 0.526367 0.576823 0.525391 0.577474 0.526367 0.578125 0.526367 0.578776 0.526367 0.579427 0.527344 0.580078 0.527344 0.580729 0.527344 0.580729 0.526367 0.580729 0.525391 0.580078 0.525391 0.579427 0.524414 0.579427 0.523438 0.579427 0.522461 0.578776 0.522461 0.578125 0.521484 0.578776 0.520508 0.578776 0.519531 0.578776 0.518555 0.579427 0.517578 0.580078 0.517578 0.580729 0.517578 0.581380 0.517578 0.582031 0.517578 0.582682 0.517578 0.582682 0.516602 0.583333 0.515625 0.583984 0.515625 0.584635 0.515625 0.585286 0.515625 0.585938 0.515625 0.585938 0.514648 0.585286 0.513672 0.585938 0.512695 0.586589 0.512695 0.587240 0.511719 0.586589 0.511719 0.585938 0.510742 0.586589 0.509766 0.585938 0.510742 0.585938 0.511719 0.585286 0.512695 0.584635 0.511719 0.583984 0.512695 0.583333 0.512695 0.582682 0.511719 0.582031 0.512695 0.581380 0.511719 0.581380 0.510742
0 0.543620 0.508789 0.544271 0.509766 0.544922 0.510742 0.545573 0.511719 0.546224 0.512695 0.545573 0.513672 0.544922 0.513672 0.544271 0.513672 0.544271 0.514648 0.543620 0.515625 0.542969 0.514648 0.542318 0.513672 0.541667 0.513672 0.541016 0.512695 0.541016 0.511719 0.541016 0.512695 0.540365 0.513672 0.539714 0.513672 0.539062 0.514648 0.538411 0.514648 0.537760 0.513672 0.537109 0.514648 0.536458 0.513672 0.535807 0.513672 0.535156 0.513672 0.535156 0.514648 0.535156 0.515625 0.534505 0.516602 0.533854 0.516602 0.533203 0.515625 0.532552 0.515625 0.531901 0.515625 0.531250 0.514648 0.530599 0.513672 0.530599 0.512695 0.529948 0.513672 0.529297 0.513672 0.529297 0.514648 0.529297 0.515625 0.529948 0.515625 0.530599 0.515625 0.531250 0.515625 0.531901 0.516602 0.531250 0.517578 0.530599 0.517578 0.529948 0.517578 0.530599 0.517578 0.531250 0.518555 0.531901 0.519531 0.532552 0.519531 0.533203 0.519531 0.533854 0.518555 0.534505 0.519531 0.533854 0.518555 0.534505 0.517578 0.534505 0.516602 0.535156 0.515625 0.535807 0.515625 0.536458 0.516602 0.537109 0.515625 0.537109 0.514648 0.537760 0.513672 0.538411 0.514648 0.538411 0.515625 0.539062 0.515625 0.539714 0.514648 0.540365 0.514648 0.541016 0.515625 0.541016 0.516602 0.541667 0.515625 0.542318 0.515625 0.542969 0.514648 0.543620 0.515625 0.544271 0.514648 0.544922 0.515625 0.545573 0.516602 0.544922 0.517578 0.545573 0.517578 0.546224 0.517578 0.546875 0.517578 0.547526 0.518555 0.548177 0.518555 0.548828 0.519531 0.548177 0.520508 0.548828 0.521484 0.549479 0.522461 0.548828 0.523438 0.548177 0.523438 0.547526 0.522461 0.546875 0.523438 0.546224 0.523438 0.545573 0.523438 0.544922 0.522461 0.544271 0.521484 0.543620 0.521484 0.544271 0.521484 0.544922 0.522461 0.544922 0.523438 0.544271 0.524414 0.543620 0.523438 0.542969 0.523438 0.542318 0.523438 0.542969 0.523438 0.543620 0.523438 0.544271 0.524414 0.544922 0.524414 0.545573 0.524414 0.546224 0.525391 0.546875 0.525391 0.547526 0.525391 0.548177 0.525391 0.548828 0.526367 0.549479 0.526367 0.550130 0.526367 0.550781 0.527344 0.550781 0.528320 0.551432 0.529297 0.550781 0.530273 0.550130 0.530273 0.550130 0.531250 0.549479 0.532227 0.548828 0.532227 0.548828 0.533203 0.549479 0.533203 0.550130 0.534180 0.550781 0.534180 0.551432 0.534180 0.552083 0.534180 0.552734 0.534180 0.553385 0.535156 0.554036 0.536133 0.554688 0.536133 0.555339 0.536133 0.554688 0.536133 0.554036 0.535156 0.553385 0.534180 0.553385 0.533203 0.554036 0.532227 0.554688 0.533203 0.554036 0.532227 0.553385 0.532227 0.552734 0.531250 0.552734 0.530273 0.552734 0.529297 0.552734 0.528320 0.552734 0.527344 0.552734 0.526367 0.552083 0.526367 0.551432 0.525391 0.551432 0.524414 0.550781 0.523438 0.550130 0.522461 0.549479 0.522461 0.548828 0.521484 0.549479 0.520508 0.549479 0.519531 0.548828 0.518555 0.548177 0.518555 0.547526 0.517578 0.547526 0.516602 0.547526 0.515625 0.546875 0.514648 0.546875 0.513672 0.546224 0.512695 0.545573 0.511719 0.544922 0.510742 0.544922 0.509766 0.544271 0.508789
0 0.813151 0.503906 0.812500 0.504883 0.811849 0.505859 0.811198 0.506836 0.810547 0.506836 0.810547 0.507812 0.810547 0.508789 0.810547 0.509766 0.811198 0.510742 0.810547 0.511719 0.809896 0.512695 0.809896 0.513672 0.809245 0.514648 0.809896 0.515625 0.809896 0.516602 0.809245 0.517578 0.808594 0.518555 0.809245 0.517578 0.809896 0.517578 0.810547 0.516602 0.811198 0.515625 0.811849 0.515625 0.812500 0.515625 0.813151 0.515625 0.813802 0.514648 0.814453 0.513672 0.815104 0.514648 0.815755 0.514648 0.816406 0.513672 0.817057 0.512695 0.817708 0.513672 0.817708 0.514648 0.818359 0.513672 0.819010 0.514648 0.819661 0.515625 0.820312 0.514648 0.820964 0.513672 0.821615 0.514648 0.822266 0.514648 0.822917 0.515625 0.822266 0.516602 0.822917 0.515625 0.823568 0.515625 0.824219 0.515625 0.824870 0.515625 0.824219 0.514648 0.824219 0.513672 0.824870 0.512695 0.824219 0.512695 0.823568 0.512695 0.822917 0.511719 0.822266 0.510742 0.821615 0.511719 0.820964 0.512695 0.820312 0.512695 0.819661 0.512695 0.819010 0.512695 0.818359 0.513672 0.817708 0.513672 0.817057 0.512695 0.816406 0.512695 0.815755 0.512695 0.815104 0.512695 0.814453 0.513672 0.813802 0.514648 0.813151 0.513672 0.812500 0.512695 0.811849 0.512695 0.811198 0.511719 0.811849 0.510742 0.812500 0.509766 0.812500 0.508789 0.813151 0.507812 0.813802 0.506836 0.814453 0.506836 0.815104 0.505859 0.815755 0.506836 0.816406 0.505859 0.817057 0.504883 0.816406 0.504883 0.815755 0.505859 0.815104 0.505859 0.814453 0.504883 0.813802 0.504883
0 0.665365 0.503906 0.665365 0.504883 0.664714 0.505859 0.664062 0.505859 0.663411 0.505859 0.662760 0.506836 0.662109 0.506836 0.661458 0.506836 0.660807 0.505859 0.660156 0.505859 0.660807 0.506836 0.661458 0.507812 0.662109 0.508789 0.662109 0.509766 0.662760 0.508789 0.663411 0.507812 0.664062 0.506836 0.664714 0.505859 0.665365 0.506836 0.665365 0.507812 0.666016 0.507812 0.666667 0.507812 0.667318 0.508789 0.667318 0.509766 0.667969 0.509766 0.668620 0.508789 0.669271 0.507812 0.669922 0.507812 0.670573 0.507812 0.671224 0.507812 0.671875 0.506836 0.672526 0.505859 0.673177 0.505859 0.673828 0.504883 0.674479 0.504883 0.673828 0.504883 0.673177 0.505859 0.672526 0.504883 0.671875 0.504883 0.671224 0.503906 0.670573 0.503906 0.669922 0.503906 0.669271 0.504883 0.668620 0.504883 0.667969 0.504883 0.667318 0.504883 0.666667 0.504883 0.666016 0.504883
0 0.285807 0.495117 0.285156 0.496094 0.284505 0.496094 0.283854 0.496094 0.283203 0.497070 0.283203 0.498047 0.282552 0.499023 0.281901 0.500000 0.282552 0.500000 0.283203 0.500000 0.283854 0.500977 0.283854 0.501953 0.284505 0.501953 0.285156 0.500977 0.285807 0.501953 0.286458 0.502930 0.286458 0.503906 0.287109 0.503906 0.287760 0.503906 0.288411 0.504883 0.288411 0.505859 0.288411 0.506836 0.289062 0.506836 0.289714 0.507812 0.289062 0.508789 0.288411 0.508789 0.289062 0.508789 0.289714 0.509766 0.289062 0.510742 0.289714 0.510742 0.290365 0.510742 0.291016 0.511719 0.290365 0.512695 0.291016 0.512695 0.291667 0.513672 0.291667 0.514648 0.292318 0.514648 0.291667 0.513672 0.291016 0.512695 0.291667 0.511719 0.292318 0.510742 0.291667 0.509766 0.291667 0.508789 0.291016 0.508789 0.290365 0.508789 0.289714 0.507812 0.289714 0.506836 0.289062 0.505859 0.288411 0.504883 0.289062 0.503906 0.289062 0.502930 0.288411 0.501953 0.288411 0.500977 0.287760 0.500000 0.287109 0.499023 0.286458 0.498047 0.285807 0.497070 0.285807 0.496094
0 0.185547 0.495117 0.185547 0.496094 0.186198 0.497070 0.186849 0.498047 0.187500 0.499023 0.187500 0.500000 0.187500 0.500977 0.186849 0.501953 0.187500 0.501953 0.188151 0.502930 0.188151 0.503906 0.188802 0.504883 0.189453 0.505859 0.189453 0.506836 0.189453 0.507812 0.189453 0.508789 0.190104 0.509766 0.190104 0.510742 0.190755 0.510742 0.191406 0.511719 0.192057 0.512695 0.192708 0.513672 0.193359 0.513672 0.194010 0.512695 0.194010 0.511719 0.194010 0.510742 0.193359 0.509766 0.192708 0.510742 0.192057 0.509766 0.192057 0.508789 0.192057 0.507812 0.191406 0.506836 0.190755 0.506836 0.190104 0.505859 0.189453 0.504883 0.190104 0.503906 0.190755 0.503906 0.191406 0.504883 0.190755 0.503906 0.190104 0.502930 0.190104 0.501953 0.189453 0.500977 0.189453 0.500000 0.188802 0.500000 0.188151 0.499023 0.187500 0.498047 0.187500 0.497070 0.187500 0.496094 0.187500 0.495117 0.186849 0.496094 0.186198 0.496094
0 0.712891 0.494141 0.712240 0.495117 0.712240 0.496094 0.711589 0.497070 0.710938 0.498047 0.710938 0.499023 0.710286 0.500000 0.710286 0.500977 0.710286 0.501953 0.710938 0.502930 0.710286 0.503906 0.709635 0.503906 0.708984 0.504883 0.708984 0.505859 0.708333 0.506836 0.707682 0.506836 0.707031 0.505859 0.707031 0.506836 0.707031 0.507812 0.707682 0.507812 0.708333 0.508789 0.707682 0.509766 0.707682 0.510742 0.707031 0.511719 0.706380 0.512695 0.706380 0.513672 0.706380 0.514648 0.707031 0.515625 0.706380 0.516602 0.705729 0.517578 0.705729 0.518555 0.705729 0.519531 0.705078 0.520508 0.704427 0.520508 0.703776 0.521484 0.703776 0.522461 0.703125 0.523438 0.702474 0.524414 0.701823 0.523438 0.701823 0.522461 0.701172 0.522461 0.701172 0.523438 0.700521 0.524414 0.700521 0.525391 0.701172 0.526367 0.701172 0.527344 0.701172 0.528320 0.701172 0.529297 0.701823 0.530273 0.702474 0.530273 0.701823 0.529297 0.702474 0.528320 0.703125 0.527344 0.703776 0.527344 0.703125 0.527344 0.702474 0.526367 0.703125 0.525391 0.703776 0.525391 0.704427 0.524414 0.703776 0.523438 0.704427 0.522461 0.705078 0.521484 0.705729 0.520508 0.705729 0.519531 0.705729 0.518555 0.706380 0.517578 0.706380 0.516602 0.707031 0.515625 0.707682 0.515625 0.708333 0.515625 0.708984 0.515625 0.709635 0.515625 0.710286 0.515625 0.710938 0.514648 0.711589 0.514648 0.710938 0.513672 0.710286 0.513672 0.709635 0.512695 0.709635 0.511719 0.709635 0.510742 0.708984 0.509766 0.709635 0.508789 0.710286 0.507812 0.710938 0.506836 0.711589 0.507812 0.712240 0.507812 0.712240 0.506836 0.711589 0.506836 0.710938 0.505859 0.711589 0.504883 0.712240 0.504883 0.712891 0.504883 0.713542 0.504883 0.714193 0.505859 0.714193 0.506836 0.714844 0.506836 0.715495 0.506836 0.716146 0.506836 0.715495 0.506836 0.714844 0.505859 0.715495 0.504883 0.716146 0.504883 0.716797 0.504883 0.717448 0.505859 0.718099 0.504883 0.718099 0.503906 0.717448 0.503906 0.716797 0.502930 0.716146 0.501953 0.715495 0.502930 0.714844 0.503906 0.714193 0.504883 0.713542 0.504883 0.712891 0.504883 0.712240 0.503906 0.711589 0.504883 0.710938 0.503906 0.710938 0.502930 0.711589 0.501953 0.712240 0.500977 0.712240 0.500000 0.712891 0.499023 0.712891 0.498047 0.713542 0.497070 0.714193 0.498047 0.714844 0.498047 0.714844 0.497070 0.715495 0.496094 0.716146 0.496094 0.716797 0.497070 0.716146 0.498047 0.716797 0.498047 0.717448 0.498047 0.718099 0.497070 0.718750 0.498047 0.719401 0.498047 0.720052 0.499023 0.720703 0.500000 0.721354 0.500977 0.722005 0.501953 0.722656 0.501953 0.722656 0.500977 0.722656 0.500000 0.723307 0.499023 0.723958 0.500000 0.723307 0.499023 0.723958 0.498047 0.724609 0.498047 0.725260 0.498047 0.725260 0.497070 0.725911 0.496094 0.725260 0.496094 0.724609 0.495117 0.723958 0.495117 0.723307 0.495117 0.723307 0.496094 0.722656 0.497070 0.722005 0.497070 0.721354 0.498047 0.720703 0.497070 0.720052 0.498047 0.719401 0.497070 0.718750 0.498047 0.718099 0.497070 0.717448 0.496094 0.718099 0.495117 0.718750 0.495117 0.719401 0.495117 0.718750 0.494141 0.718099 0.494141 0.718099 0.495117 0.717448 0.496094 0.716797 0.496094 0.716146 0.496094 0.715495 0.496094 0.714844 0.497070 0.714193 0.497070 0.713542 0.496094 0.712891 0.497070 0.712240 0.496094 0.712240 0.495117 0.712891 0.494141 0.713542 0.494141
0 0.671875 0.491211 0.671875 0.492188 0.671875 0.493164 0.672526 0.493164 0.673177 0.494141 0.673177 0.495117 0.672526 0.496094 0.671875 0.496094 0.671224 0.497070 0.670573 0.498047 0.669922 0.498047 0.669271 0.497070 0.669922 0.496094 0.669271 0.496094 0.668620 0.495117 0.668620 0.494141 0.667969 0.493164 0.667318 0.493164 0.666667 0.492188 0.666667 0.493164 0.666667 0.494141 0.666667 0.495117 0.666016 0.496094 0.665365 0.496094 0.664714 0.496094 0.664062 0.496094 0.663411 0.496094 0.662760 0.495117 0.662109 0.494141 0.661458 0.494141 0.660807 0.495117 0.660156 0.496094 0.659505 0.496094 0.658854 0.496094 0.658203 0.497070 0.657552 0.497070 0.657552 0.498047 0.658203 0.498047 0.658854 0.499023 0.658854 0.500000 0.659505 0.499023 0.660156 0.500000 0.660807 0.499023 0.661458 0.499023 0.662109 0.499023 0.662760 0.498047 0.663411 0.497070 0.664062 0.497070 0.664714 0.498047 0.665365 0.499023 0.666016 0.499023 0.666667 0.499023 0.667318 0.498047 0.667969 0.498047 0.668620 0.498047 0.669271 0.498047 0.669922 0.498047 0.670573 0.498047 0.671224 0.498047 0.671875 0.499023 0.671224 0.498047 0.671875 0.497070 0.672526 0.497070 0.673177 0.498047 0.673177 0.499023 0.673828 0.499023 0.674479 0.499023 0.673828 0.498047 0.674479 0.497070 0.673828 0.496094 0.673828 0.495117 0.673828 0.494141 0.673828 0.493164 0.673828 0.492188 0.673177 0.491211 0.672526 0.492188
0 0.054036 0.489258 0.054036 0.490234 0.053385 0.491211 0.052734 0.491211 0.052083 0.491211 0.052734 0.492188 0.052734 0.493164 0.052083 0.494141 0.051432 0.494141 0.050781 0.493164 0.050130 0.493164 0.049479 0.494141 0.048828 0.494141 0.048177 0.495117 0.047526 0.494141 0.046875 0.494141 0.046224 0.495117 0.046224 0.496094 0.046224 0.497070 0.046875 0.498047 0.046224 0.499023 0.045573 0.499023 0.045573 0.500000 0.044922 0.500977 0.044271 0.501953 0.044271 0.502930 0.043620 0.503906 0.044271 0.504883 0.043620 0.505859 0.043620 0.506836 0.042969 0.507812 0.042318 0.508789 0.041667 0.508789 0.041016 0.508789 0.040365 0.508789 0.040365 0.509766 0.040365 0.510742 0.041016 0.509766 0.041667 0.510742 0.041667 0.511719 0.041667 0.512695 0.042318 0.512695 0.042969 0.511719 0.043620 0.510742 0.044271 0.510742 0.044922 0.510742 0.045573 0.511719 0.046224 0.510742 0.046875 0.510742 0.047526 0.509766 0.048177 0.509766 0.048828 0.509766 0.049479 0.510742 0.050130 0.510742 0.050781 0.510742 0.051432 0.510742 0.051432 0.509766 0.050781 0.509766 0.050130 0.508789 0.049479 0.507812 0.049479 0.506836 0.049479 0.505859 0.049479 0.504883 0.048828 0.504883 0.048177 0.504883 0.047526 0.503906 0.048177 0.502930 0.048828 0.502930 0.049479 0.502930 0.048828 0.501953 0.048177 0.501953 0.047526 0.500977 0.048177 0.500000 0.048828 0.500000 0.049479 0.500000 0.050130 0.500000 0.050781 0.500977 0.051432 0.500000 0.052083 0.500000 0.052734 0.500000 0.052734 0.499023 0.052734 0.498047 0.052083 0.498047 0.051432 0.498047 0.050781 0.499023 0.050130 0.500000 0.049479 0.500000 0.048828 0.499023 0.048177 0.498047 0.048828 0.497070 0.049479 0.496094 0.050130 0.497070 0.049479 0.496094 0.048828 0.497070 0.048177 0.496094 0.048177 0.495117 0.048828 0.494141 0.049479 0.494141 0.050130 0.493164 0.050781 0.494141 0.051432 0.495117 0.052083 0.494141 0.052734 0.493164 0.052734 0.492188 0.053385 0.491211 0.054036 0.492188 0.054688 0.492188 0.055339 0.493164 0.055339 0.492188 0.055990 0.491211 0.056641 0.491211 0.057292 0.491211 0.057292 0.490234 0.056641 0.490234 0.055990 0.490234 0.055339 0.490234 0.054688 0.490234
0 0.773438 0.485352 0.773438 0.486328 0.772786 0.487305 0.772135 0.487305 0.771484 0.487305 0.772135 0.487305 0.772786 0.488281 0.772786 0.489258 0.773438 0.489258 0.773438 0.488281 0.774089 0.487305 0.774740 0.488281 0.775391 0.489258 0.775391 0.490234 0.776042 0.491211 0.776042 0.492188 0.776042 0.493164 0.776042 0.494141 0.776693 0.495117 0.776693 0.496094 0.776042 0.497070 0.775391 0.496094 0.774740 0.496094 0.774089 0.496094 0.773438 0.496094 0.772786 0.495117 0.772786 0.494141 0.772786 0.493164 0.772135 0.493164 0.771484 0.492188 0.771484 0.493164 0.771484 0.494141 0.771484 0.495117 0.772135 0.496094 0.772135 0.497070 0.772786 0.498047 0.773438 0.497070 0.774089 0.497070 0.774740 0.496094 0.775391 0.497070 0.776042 0.498047 0.776693 0.498047 0.777344 0.498047 0.777995 0.499023 0.778646 0.499023 0.779297 0.500000 0.779297 0.500977 0.779948 0.501953 0.779948 0.502930 0.779948 0.503906 0.779948 0.504883 0.779948 0.505859 0.779948 0.506836 0.780599 0.506836 0.781250 0.506836 0.781901 0.507812 0.782552 0.506836 0.783203 0.507812 0.783203 0.508789 0.783203 0.507812 0.783854 0.506836 0.784505 0.507812 0.783854 0.506836 0.783854 0.505859 0.783854 0.506836 0.783203 0.507812 0.782552 0.506836 0.781901 0.505859 0.781901 0.504883 0.781250 0.503906 0.781901 0.502930 0.781901 0.501953 0.781901 0.500977 0.781250 0.500000 0.781901 0.499023 0.782552 0.498047 0.781901 0.497070 0.781250 0.496094 0.781250 0.497070 0.780599 0.498047 0.779948 0.498047 0.779297 0.497070 0.778646 0.496094 0.777995 0.495117 0.778646 0.494141 0.777995 0.493164 0.778646 0.492188 0.778646 0.491211 0.779297 0.490234 0.778646 0.489258 0.777995 0.489258 0.777344 0.488281 0.776693 0.487305 0.776042 0.486328 0.775391 0.485352 0.774740 0.485352 0.774089 0.485352
0 0.547526 0.485352 0.547526 0.486328 0.547526 0.487305 0.546875 0.488281 0.546224 0.487305 0.546875 0.488281 0.546224 0.489258 0.546224 0.490234 0.545573 0.491211 0.544922 0.491211 0.544271 0.490234 0.544922 0.489258 0.544271 0.488281 0.544271 0.487305 0.543620 0.486328 0.542969 0.486328 0.542969 0.487305 0.542318 0.488281 0.542318 0.489258 0.542318 0.490234 0.541667 0.491211 0.541016 0.491211 0.540365 0.491211 0.539714 0.490234 0.539062 0.489258 0.539062 0.490234 0.538411 0.491211 0.538411 0.492188 0.539062 0.493164 0.539062 0.494141 0.539714 0.494141 0.540365 0.495117 0.541016 0.496094 0.540365 0.497070 0.539714 0.497070 0.539062 0.496094 0.539714 0.497070 0.539062 0.498047 0.539062 0.499023 0.538411 0.500000 0.537760 0.500000 0.538411 0.500000 0.539062 0.500000 0.539714 0.500000 0.540365 0.500000 0.541016 0.500000 0.541667 0.500000 0.541667 0.499023 0.541667 0.498047 0.541016 0.497070 0.541016 0.496094 0.541016 0.495117 0.541016 0.494141 0.540365 0.493164 0.541016 0.492188 0.541667 0.491211 0.542318 0.490234 0.542969 0.489258 0.543620 0.489258 0.544271 0.490234 0.543620 0.491211 0.544271 0.491211 0.544922 0.492188 0.544922 0.493164 0.544922 0.494141 0.545573 0.495117 0.546224 0.496094 0.545573 0.497070 0.546224 0.497070 0.546875 0.497070 0.547526 0.498047 0.546875 0.499023 0.546224 0.499023 0.546875 0.500000 0.547526 0.500000 0.548177 0.500977 0.548177 0.501953 0.548828 0.502930 0.549479 0.502930 0.549479 0.501953 0.550130 0.500977 0.550781 0.500000 0.550130 0.499023 0.550781 0.498047 0.550130 0.499023 0.549479 0.498047 0.548828 0.499023 0.548177 0.498047 0.548177 0.497070 0.547526 0.496094 0.546875 0.495117 0.546875 0.494141 0.547526 0.493164 0.547526 0.492188 0.547526 0.491211 0.548177 0.490234 0.548177 0.489258 0.548177 0.488281 0.548177 0.487305 0.547526 0.486328
0 0.162760 0.483398 0.163411 0.484375 0.164062 0.485352 0.164714 0.485352 0.165365 0.486328 0.165365 0.487305 0.166016 0.488281 0.166016 0.489258 0.166667 0.489258 0.167318 0.490234 0.167969 0.491211 0.167969 0.492188 0.167969 0.493164 0.167318 0.494141 0.167969 0.495117 0.167969 0.496094 0.167969 0.497070 0.167318 0.498047 0.166667 0.499023 0.166016 0.500000 0.165365 0.499023 0.165365 0.498047 0.164714 0.499023 0.164062 0.499023 0.163411 0.499023 0.162760 0.498047 0.162109 0.499023 0.161458 0.499023 0.160807 0.499023 0.160156 0.499023 0.159505 0.499023 0.160156 0.500000 0.159505 0.500977 0.158854 0.500977 0.158203 0.500977 0.157552 0.500000 0.156901 0.500977 0.156250 0.500977 0.155599 0.500000 0.155599 0.500977 0.155599 0.501953 0.156250 0.502930 0.156901 0.501953 0.157552 0.500977 0.158203 0.500977 0.158854 0.501953 0.159505 0.501953 0.160156 0.501953 0.160807 0.502930 0.161458 0.503906 0.162109 0.502930 0.162760 0.501953 0.163411 0.501953 0.164062 0.501953 0.164714 0.501953 0.164062 0.501953 0.163411 0.501953 0.162760 0.500977 0.162109 0.500977 0.161458 0.500000 0.162109 0.499023 0.162760 0.499023 0.163411 0.499023 0.164062 0.499023 0.164714 0.499023 0.165365 0.500000 0.166016 0.500000 0.166667 0.500000 0.167318 0.500000 0.167969 0.500977 0.167969 0.501953 0.168620 0.501953 0.169271 0.501953 0.169922 0.501953 0.170573 0.502930 0.171224 0.503906 0.171875 0.504883 0.172526 0.505859 0.172526 0.504883 0.172526 0.503906 0.171875 0.502930 0.172526 0.501953 0.173177 0.501953 0.173177 0.500977 0.172526 0.500977 0.172526 0.501953 0.171875 0.502930 0.171224 0.501953 0.171224 0.500977 0.171224 0.500000 0.171224 0.499023 0.170573 0.498047 0.170573 0.497070 0.171224 0.496094 0.170573 0.495117 0.171224 0.494141 0.170573 0.494141 0.169922 0.493164 0.169922 0.492188 0.169271 0.492188 0.168620 0.493164 0.167969 0.492188 0.167969 0.491211 0.167318 0.490234 0.166667 0.489258 0.166667 0.488281 0.166667 0.487305 0.166667 0.486328 0.166016 0.486328 0.165365 0.485352 0.164714 0.485352 0.164062 0.484375 0.163411 0.483398
0 0.710938 0.479492 0.710286 0.480469 0.709635 0.480469 0.709635 0.481445 0.709635 0.482422 0.709635 0.483398 0.709635 0.484375 0.709635 0.485352 0.708984 0.486328 0.708984 0.487305 0.708333 0.488281 0.707682 0.488281 0.707031 0.487305 0.706380 0.486328 0.705729 0.485352 0.705729 0.484375 0.705729 0.483398 0.705729 0.482422 0.705078 0.482422 0.705078 0.483398 0.704427 0.484375 0.703776 0.484375 0.704427 0.484375 0.705078 0.484375 0.705729 0.485352 0.706380 0.486328 0.706380 0.487305 0.705729 0.488281 0.705729 0.489258 0.706380 0.490234 0.706380 0.491211 0.707031 0.492188 0.707031 0.493164 0.706380 0.494141 0.706380 0.495117 0.705729 0.496094 0.705078 0.496094 0.704427 0.496094 0.703776 0.497070 0.703776 0.498047 0.703125 0.499023 0.703776 0.499023 0.704427 0.500000 0.703776 0.500977 0.704427 0.500000 0.704427 0.499023 0.703776 0.498047 0.704427 0.497070 0.705078 0.497070 0.705729 0.498047 0.705729 0.499023 0.705729 0.498047 0.705078 0.497070 0.705729 0.496094 0.706380 0.495117 0.706380 0.494141 0.707031 0.493164 0.707682 0.492188 0.707682 0.491211 0.708333 0.490234 0.708984 0.491211 0.709635 0.490234 0.710286 0.489258 0.710938 0.489258 0.711589 0.488281 0.712240 0.487305 0.712891 0.487305 0.712240 0.487305 0.711589 0.486328 0.710938 0.486328 0.710286 0.485352 0.710938 0.484375 0.711589 0.484375 0.711589 0.483398 0.711589 0.482422 0.710938 0.481445 0.711589 0.480469 0.712240 0.480469 0.712891 0.480469 0.712240 0.479492 0.711589 0.479492
0 0.580078 0.475586 0.580078 0.476562 0.579427 0.477539 0.578776 0.477539 0.578125 0.477539 0.577474 0.477539 0.576823 0.478516 0.577474 0.477539 0.578125 0.477539 0.578776 0.478516 0.578125 0.479492 0.578125 0.480469 0.577474 0.481445 0.576823 0.480469 0.576823 0.481445 0.576172 0.482422 0.576172 0.483398 0.576823 0.484375 0.576823 0.485352 0.576823 0.486328 0.576172 0.487305 0.575521 0.488281 0.574870 0.489258 0.574219 0.489258 0.574219 0.490234 0.573568 0.491211 0.572917 0.491211 0.573568 0.492188 0.573568 0.493164 0.573568 0.494141 0.573568 0.495117 0.573568 0.496094 0.572917 0.497070 0.573568 0.497070 0.574219 0.498047 0.573568 0.499023 0.572917 0.500000 0.572266 0.499023 0.572266 0.500000 0.572266 0.500977 0.572266 0.501953 0.572917 0.500977 0.573568 0.500000 0.574219 0.499023 0.574870 0.499023 0.575521 0.498047 0.575521 0.497070 0.574870 0.496094 0.575521 0.495117 0.575521 0.494141 0.575521 0.493164 0.575521 0.492188 0.576172 0.491211 0.576823 0.491211 0.577474 0.491211 0.578125 0.490234 0.578125 0.489258 0.577474 0.488281 0.577474 0.487305 0.577474 0.486328 0.578125 0.485352 0.578125 0.484375 0.578125 0.483398 0.578776 0.482422 0.579427 0.482422 0.580078 0.482422 0.580729 0.482422 0.581380 0.482422 0.581380 0.481445 0.581380 0.480469 0.581380 0.479492 0.581380 0.478516 0.580729 0.477539 0.581380 0.476562 0.582031 0.476562 0.581380 0.476562 0.580729 0.475586
0 0.047526 0.473633 0.046875 0.474609 0.046224 0.474609 0.046224 0.475586 0.045573 0.476562 0.045573 0.477539 0.046224 0.478516 0.046224 0.479492 0.046224 0.480469 0.045573 0.481445 0.044922 0.482422 0.044271 0.483398 0.044271 0.484375 0.043620 0.485352 0.042969 0.485352 0.042969 0.486328 0.043620 0.487305 0.042969 0.488281 0.042969 0.489258 0.042969 0.490234 0.042318 0.491211 0.041667 0.492188 0.041016 0.492188 0.040365 0.491211 0.040365 0.490234 0.040365 0.491211 0.041016 0.492188 0.040365 0.493164 0.040365 0.494141 0.040365 0.493164 0.041016 0.492188 0.041667 0.492188 0.042318 0.493164 0.041667 0.494141 0.042318 0.493164 0.041667 0.492188 0.042318 0.491211 0.042969 0.490234 0.043620 0.490234 0.044271 0.491211 0.043620 0.492188 0.044271 0.492188 0.044271 0.491211 0.044922 0.490234 0.044271 0.489258 0.044922 0.488281 0.045573 0.487305 0.046224 0.486328 0.046875 0.485352 0.047526 0.484375 0.047526 0.483398 0.046875 0.483398 0.046224 0.482422 0.046875 0.481445 0.046875 0.480469 0.047526 0.479492 0.048177 0.479492 0.048177 0.478516 0.048828 0.477539 0.049479 0.477539 0.049479 0.476562 0.050130 0.475586 0.050781 0.475586 0.050781 0.474609 0.050130 0.474609 0.049479 0.474609 0.048828 0.474609 0.048177 0.474609
0 0.796875 0.466797 0.796875 0.467773 0.797526 0.468750 0.796875 0.469727 0.796224 0.469727 0.795573 0.470703 0.794922 0.470703 0.794271 0.469727 0.794271 0.470703 0.794271 0.471680 0.794922 0.471680 0.795573 0.471680 0.796224 0.472656 0.796875 0.473633 0.797526 0.472656 0.798177 0.473633 0.798177 0.474609 0.798828 0.475586 0.799479 0.476562 0.798828 0.477539 0.799479 0.478516 0.800130 0.479492 0.799479 0.480469 0.800130 0.480469 0.800781 0.481445 0.801432 0.482422 0.802083 0.483398 0.802083 0.484375 0.802083 0.485352 0.802734 0.484375 0.803385 0.484375 0.804036 0.485352 0.804688 0.486328 0.804036 0.487305 0.804688 0.488281 0.804036 0.489258 0.803385 0.489258 0.804036 0.489258 0.804688 0.490234 0.805339 0.491211 0.805339 0.490234 0.805339 0.489258 0.804688 0.488281 0.804688 0.487305 0.804688 0.486328 0.804036 0.485352 0.804036 0.484375 0.804036 0.483398 0.803385 0.482422 0.804036 0.481445 0.803385 0.480469 0.802734 0.481445 0.802083 0.480469 0.802083 0.479492 0.801432 0.479492 0.800781 0.479492 0.800130 0.478516 0.800781 0.477539 0.800130 0.476562 0.799479 0.476562 0.798828 0.475586 0.798828 0.474609 0.799479 0.473633 0.800130 0.474609 0.800781 0.474609 0.800130 0.473633 0.799479 0.472656 0.798828 0.471680 0.798828 0.470703 0.798828 0.469727 0.798177 0.468750 0.798177 0.467773 0.797526 0.467773
0 0.031901 0.465820 0.031250 0.466797 0.031250 0.467773 0.031250 0.468750 0.031901 0.469727 0.031250 0.470703 0.031901 0.470703 0.032552 0.471680 0.032552 0.472656 0.033203 0.473633 0.033854 0.474609 0.033854 0.475586 0.033203 0.476562 0.033854 0.476562 0.034505 0.477539 0.034505 0.478516 0.034505 0.479492 0.034505 0.480469 0.035156 0.479492 0.035807 0.480469 0.036458 0.481445 0.035807 0.482422 0.036458 0.481445 0.037109 0.482422 0.036458 0.481445 0.036458 0.480469 0.037109 0.479492 0.036458 0.478516 0.036458 0.477539 0.037109 0.476562 0.036458 0.475586 0.035807 0.474609 0.035156 0.473633 0.034505 0.472656 0.034505 0.471680 0.034505 0.470703 0.033854 0.469727 0.034505 0.468750 0.033854 0.467773 0.033203 0.467773 0.032552 0.466797 0.032552 0.465820
0 0.225911 0.461914 0.225911 0.462891 0.225260 0.463867 0.224609 0.462891 0.223958 0.463867 0.223307 0.464844 0.222656 0.464844 0.222005 0.463867 0.221354 0.463867 0.220703 0.463867 0.220052 0.462891 0.219401 0.463867 0.218750 0.463867 0.218099 0.464844 0.217448 0.464844 0.216797 0.464844 0.216146 0.464844 0.215495 0.464844 0.215495 0.465820 0.214844 0.466797 0.214193 0.467773 0.213542 0.467773 0.212891 0.468750 0.212240 0.469727 0.211589 0.469727 0.211589 0.470703 0.212240 0.470703 0.212891 0.469727 0.213542 0.468750 0.214193 0.467773 0.214844 0.467773 0.215495 0.467773 0.216146 0.467773 0.216797 0.467773 0.217448 0.467773 0.218099 0.467773 0.218750 0.466797 0.219401 0.466797 0.220052 0.465820 0.220703 0.466797 0.221354 0.466797 0.222005 0.467773 0.222005 0.466797 0.222656 0.465820 0.223307 0.466797 0.222656 0.465820 0.223307 0.464844 0.223958 0.464844 0.224609 0.464844 0.225260 0.465820 0.225911 0.465820 0.226562 0.465820 0.227214 0.466797 0.226562 0.467773 0.227214 0.466797 0.227865 0.467773 0.227865 0.468750 0.228516 0.468750 0.228516 0.467773 0.229167 0.466797 0.229818 0.466797 0.229818 0.465820 0.229818 0.464844 0.229167 0.463867 0.228516 0.464844 0.227865 0.464844 0.227214 0.464844 0.226562 0.463867 0.226562 0.462891
0 0.822917 0.458984 0.822266 0.459961 0.821615 0.459961 0.821615 0.460938 0.820964 0.461914 0.820964 0.462891 0.820312 0.463867 0.819661 0.463867 0.819661 0.464844 0.819661 0.465820 0.819661 0.466797 0.819661 0.467773 0.819661 0.468750 0.819010 0.469727 0.819010 0.470703 0.819010 0.471680 0.818359 0.472656 0.817708 0.472656 0.817708 0.473633 0.817057 0.474609 0.816406 0.473633 0.817057 0.474609 0.816406 0.475586 0.816406 0.476562 0.815755 0.477539 0.816406 0.477539 0.817057 0.478516 0.816406 0.479492 0.815755 0.480469 0.816406 0.480469 0.817057 0.480469 0.817708 0.480469 0.818359 0.480469 0.819010 0.480469 0.819010 0.479492 0.818359 0.479492 0.817708 0.479492 0.817057 0.478516 0.817708 0.477539 0.818359 0.477539 0.817708 0.476562 0.817708 0.475586 0.818359 0.474609 0.818359 0.473633 0.818359 0.472656 0.819010 0.471680 0.819661 0.470703 0.820312 0.470703 0.820964 0.470703 0.821615 0.471680 0.822266 0.470703 0.822917 0.470703 0.823568 0.470703 0.824219 0.469727 0.824870 0.469727 0.825521 0.469727 0.826172 0.470703 0.825521 0.471680 0.826172 0.470703 0.825521 0.469727 0.826172 0.468750 0.826172 0.467773 0.826823 0.466797 0.826823 0.465820 0.827474 0.464844 0.827474 0.463867 0.828125 0.462891 0.828776 0.463867 0.829427 0.462891 0.830078 0.462891 0.830729 0.462891 0.831380 0.461914 0.832031 0.461914 0.832682 0.460938 0.832031 0.459961 0.831380 0.459961 0.830729 0.459961 0.830078 0.459961 0.829427 0.458984 0.828776 0.458984 0.828125 0.459961 0.827474 0.459961 0.826823 0.459961 0.826172 0.460938 0.825521 0.460938 0.824870 0.460938 0.824219 0.459961 0.824870 0.458984 0.824219 0.458984 0.823568 0.458984
0 0.044922 0.458008 0.044922 0.458984 0.045573 0.459961 0.046224 0.460938 0.046224 0.461914 0.046224 0.462891 0.045573 0.463867 0.044922 0.462891 0.044271 0.462891 0.043620 0.463867 0.042969 0.463867 0.042318 0.462891 0.041667 0.461914 0.041667 0.460938 0.042318 0.459961 0.042969 0.459961 0.042318 0.459961 0.041667 0.459961 0.041016 0.459961 0.040365 0.459961 0.041016 0.460938 0.040365 0.461914 0.041016 0.461914 0.041667 0.462891 0.041016 0.463867 0.041667 0.464844 0.042318 0.465820 0.042318 0.466797 0.041667 0.467773 0.041667 0.468750 0.042318 0.467773 0.042969 0.468750 0.042969 0.469727 0.042969 0.470703 0.043620 0.471680 0.043620 0.472656 0.043620 0.471680 0.044271 0.470703 0.044922 0.470703 0.045573 0.470703 0.044922 0.470703 0.044271 0.469727 0.044922 0.468750 0.045573 0.468750 0.046224 0.467773 0.046875 0.466797 0.046224 0.465820 0.046875 0.464844 0.046224 0.463867 0.046875 0.462891 0.047526 0.462891 0.048177 0.463867 0.047526 0.462891 0.048177 0.461914 0.047526 0.461914 0.046875 0.460938 0.046875 0.459961 0.047526 0.458984 0.047526 0.458008 0.047526 0.458984 0.046875 0.459961 0.046224 0.459961 0.045573 0.458984 0.045573 0.458008
0 0.177734 0.455078 0.178385 0.456055 0.178385 0.457031 0.177734 0.458008 0.177083 0.457031 0.176432 0.457031 0.175781 0.458008 0.176432 0.458984 0.177083 0.459961 0.177734 0.458984 0.178385 0.459961 0.179036 0.460938 0.179688 0.461914 0.180339 0.462891 0.180339 0.463867 0.180990 0.464844 0.180990 0.465820 0.180339 0.466797 0.179688 0.467773 0.180339 0.466797 0.180990 0.467773 0.181641 0.467773 0.182292 0.468750 0.182292 0.469727 0.182292 0.470703 0.182943 0.471680 0.182943 0.472656 0.182943 0.473633 0.183594 0.473633 0.184245 0.474609 0.184896 0.475586 0.184245 0.476562 0.184896 0.477539 0.185547 0.478516 0.186198 0.479492 0.185547 0.480469 0.185547 0.481445 0.186198 0.482422 0.186198 0.483398 0.186849 0.484375 0.187500 0.485352 0.187500 0.486328 0.188151 0.486328 0.188802 0.487305 0.189453 0.488281 0.189453 0.489258 0.189453 0.490234 0.190104 0.490234 0.190755 0.490234 0.191406 0.491211 0.190755 0.490234 0.190104 0.489258 0.190755 0.488281 0.191406 0.487305 0.190755 0.487305 0.190104 0.486328 0.190755 0.485352 0.190755 0.484375 0.190755 0.483398 0.190104 0.483398 0.189453 0.484375 0.188802 0.483398 0.188802 0.482422 0.188802 0.481445 0.188151 0.480469 0.187500 0.479492 0.187500 0.478516 0.187500 0.477539 0.187500 0.476562 0.186849 0.475586 0.187500 0.476562 0.187500 0.477539 0.186849 0.478516 0.186198 0.478516 0.185547 0.477539 0.185547 0.476562 0.184896 0.475586 0.184896 0.474609 0.184896 0.473633 0.184245 0.472656 0.184245 0.471680 0.184245 0.470703 0.184896 0.469727 0.184245 0.468750 0.183594 0.467773 0.182943 0.468750 0.182292 0.467773 0.181641 0.466797 0.181641 0.465820 0.180990 0.464844 0.180339 0.463867 0.180990 0.462891 0.181641 0.462891 0.182292 0.463867 0.181641 0.462891 0.180990 0.461914 0.180990 0.460938 0.180990 0.459961 0.180339 0.458984 0.179688 0.458008 0.179688 0.457031 0.179036 0.456055 0.178385 0.456055
0 0.143229 0.452148 0.142578 0.453125 0.143229 0.454102 0.142578 0.455078 0.141927 0.456055 0.141276 0.456055 0.140625 0.457031 0.140625 0.458008 0.141276 0.458984 0.141276 0.459961 0.140625 0.460938 0.139974 0.459961 0.139323 0.459961 0.139323 0.460938 0.139323 0.461914 0.139974 0.462891 0.139974 0.463867 0.139323 0.464844 0.138672 0.465820 0.138021 0.466797 0.138021 0.467773 0.138672 0.468750 0.139323 0.467773 0.139974 0.468750 0.140625 0.469727 0.141276 0.470703 0.140625 0.471680 0.139974 0.472656 0.139323 0.472656 0.138672 0.472656 0.138021 0.472656 0.138021 0.473633 0.138021 0.474609 0.138021 0.475586 0.138672 0.475586 0.139323 0.476562 0.138672 0.477539 0.139323 0.476562 0.139974 0.477539 0.140625 0.477539 0.141276 0.476562 0.141927 0.476562 0.142578 0.477539 0.143229 0.476562 0.143880 0.476562 0.144531 0.476562 0.145182 0.476562 0.145833 0.476562 0.146484 0.476562 0.147135 0.477539 0.147135 0.476562 0.146484 0.476562 0.145833 0.476562 0.145182 0.476562 0.144531 0.476562 0.143880 0.476562 0.143229 0.476562 0.142578 0.475586 0.143229 0.474609 0.143880 0.474609 0.144531 0.474609 0.145182 0.473633 0.145833 0.474609 0.146484 0.474609 0.145833 0.473633 0.145182 0.473633 0.144531 0.472656 0.143880 0.471680 0.143880 0.470703 0.143229 0.470703 0.142578 0.469727 0.141927 0.468750 0.141927 0.467773 0.141927 0.466797 0.141276 0.466797 0.140625 0.465820 0.140625 0.464844 0.141276 0.463867 0.141927 0.464844 0.141927 0.463867 0.141276 0.462891 0.141927 0.461914 0.141927 0.460938 0.141927 0.459961 0.142578 0.458984 0.143229 0.458984 0.143880 0.458984 0.144531 0.458984 0.145182 0.458008 0.145833 0.458008 0.146484 0.458008 0.147135 0.458984 0.147786 0.458984 0.148438 0.459961 0.149089 0.458984 0.149740 0.458984 0.150391 0.459961 0.149740 0.460938 0.150391 0.460938 0.151042 0.460938 0.151693 0.461914 0.151693 0.462891 0.151042 0.463867 0.150391 0.463867 0.149740 0.463867 0.150391 0.463867 0.151042 0.463867 0.151693 0.464844 0.152344 0.465820 0.151693 0.466797 0.151042 0.466797 0.150391 0.465820 0.149740 0.465820 0.150391 0.465820 0.151042 0.466797 0.151693 0.466797 0.152344 0.466797 0.152995 0.467773 0.153646 0.467773 0.154297 0.467773 0.153646 0.467773 0.152995 0.466797 0.152995 0.465820 0.152344 0.464844 0.151693 0.463867 0.151693 0.462891 0.151693 0.461914 0.151042 0.460938 0.150391 0.459961 0.151042 0.458984 0.151693 0.458984 0.151042 0.458984 0.150391 0.458008 0.149740 0.458008 0.149089 0.458008 0.148438 0.457031 0.148438 0.456055 0.147786 0.456055 0.147135 0.456055 0.146484 0.455078 0.147135 0.456055 0.146484 0.457031 0.145833 0.457031 0.145182 0.456055 0.144531 0.455078 0.144531 0.454102 0.143880 0.455078 0.143229 0.454102 0.143229 0.453125
0 0.709635 0.448242 0.710286 0.449219 0.710286 0.450195 0.709635 0.451172 0.708984 0.452148 0.708333 0.452148 0.707682 0.451172 0.707031 0.451172 0.706380 0.452148 0.705729 0.452148 0.705078 0.452148 0.704427 0.451172 0.703776 0.452148 0.704427 0.453125 0.705078 0.454102 0.705729 0.454102 0.706380 0.455078 0.707031 0.456055 0.707031 0.457031 0.707682 0.458008 0.707682 0.458984 0.707031 0.459961 0.706380 0.460938 0.705729 0.460938 0.705078 0.461914 0.704427 0.460938 0.703776 0.461914 0.703125 0.461914 0.702474 0.460938 0.702474 0.459961 0.702474 0.458984 0.701823 0.458008 0.701172 0.458984 0.701172 0.459961 0.701823 0.460938 0.701823 0.461914 0.702474 0.462891 0.703125 0.462891 0.703776 0.461914 0.704427 0.461914 0.705078 0.462891 0.705078 0.463867 0.705729 0.463867 0.706380 0.464844 0.707031 0.463867 0.707682 0.462891 0.708333 0.463867 0.708984 0.463867 0.709635 0.463867 0.710286 0.463867 0.709635 0.463867 0.708984 0.462891 0.708984 0.461914 0.708984 0.460938 0.708333 0.461914 0.707682 0.460938 0.707682 0.459961 0.707682 0.458984 0.707682 0.458008 0.707682 0.457031 0.707031 0.456055 0.707682 0.455078 0.708333 0.454102 0.708984 0.453125 0.709635 0.452148 0.709635 0.451172 0.710286 0.450195 0.710286 0.449219
0 0.789062 0.446289 0.789714 0.447266 0.790365 0.447266 0.791016 0.448242 0.790365 0.449219 0.789714 0.449219 0.790365 0.449219 0.791016 0.450195 0.791016 0.451172 0.791667 0.452148 0.792318 0.453125 0.792318 0.454102 0.792969 0.454102 0.793620 0.454102 0.794271 0.454102 0.794922 0.453125 0.795573 0.454102 0.796224 0.454102 0.796875 0.454102 0.797526 0.453125 0.798177 0.454102 0.798177 0.455078 0.798828 0.456055 0.799479 0.457031 0.798828 0.458008 0.798177 0.458008 0.798177 0.458984 0.798828 0.459961 0.799479 0.460938 0.798828 0.461914 0.798177 0.461914 0.797526 0.461914 0.796875 0.460938 0.796875 0.459961 0.796224 0.460938 0.795573 0.459961 0.794922 0.458984 0.794271 0.459961 0.793620 0.459961 0.792969 0.460938 0.792318 0.460938 0.791667 0.459961 0.791667 0.460938 0.792318 0.461914 0.792969 0.462891 0.793620 0.462891 0.794271 0.462891 0.794922 0.462891 0.795573 0.461914 0.796224 0.462891 0.796875 0.462891 0.797526 0.462891 0.798177 0.462891 0.798828 0.462891 0.799479 0.462891 0.800130 0.462891 0.800781 0.462891 0.801432 0.463867 0.802083 0.463867 0.802734 0.464844 0.802734 0.465820 0.802734 0.464844 0.803385 0.463867 0.804036 0.463867 0.803385 0.463867 0.802734 0.462891 0.802734 0.461914 0.802083 0.461914 0.801432 0.460938 0.801432 0.459961 0.800781 0.458984 0.800781 0.458008 0.800781 0.457031 0.800781 0.456055 0.800781 0.455078 0.800781 0.454102 0.800130 0.455078 0.799479 0.455078 0.798828 0.454102 0.798828 0.453125 0.798177 0.452148 0.797526 0.451172 0.797526 0.452148 0.796875 0.453125 0.796224 0.453125 0.795573 0.453125 0.794922 0.453125 0.794271 0.453125 0.793620 0.453125 0.792969 0.453125 0.792318 0.453125 0.791667 0.452148 0.791667 0.451172 0.791667 0.450195 0.791667 0.449219 0.791667 0.448242 0.791667 0.447266 0.791016 0.446289 0.790365 0.447266 0.789714 0.447266
0 0.225911 0.443359 0.225911 0.444336 0.225911 0.445312 0.225260 0.446289 0.224609 0.447266 0.223958 0.448242 0.224609 0.448242 0.225260 0.447266 0.225911 0.448242 0.225911 0.449219 0.226562 0.449219 0.227214 0.449219 0.227865 0.450195 0.227214 0.451172 0.227865 0.450195 0.228516 0.451172 0.228516 0.452148 0.229167 0.451172 0.228516 0.450195 0.229167 0.449219 0.229818 0.449219 0.230469 0.449219 0.231120 0.448242 0.231771 0.448242 0.232422 0.449219 0.232422 0.450195 0.233073 0.450195 0.233724 0.450195 0.234375 0.450195 0.235026 0.449219 0.235026 0.448242 0.235026 0.447266 0.235677 0.446289 0.235026 0.446289 0.234375 0.446289 0.233724 0.445312 0.233724 0.444336 0.233073 0.443359 0.232422 0.443359 0.231771 0.443359 0.231120 0.443359 0.230469 0.443359 0.230469 0.444336 0.229818 0.445312 0.229818 0.446289 0.229167 0.447266 0.228516 0.447266 0.227865 0.447266 0.227214 0.447266 0.226562 0.446289 0.225911 0.445312 0.225911 0.444336 0.226562 0.443359 0.227214 0.443359 0.226562 0.443359
0 0.158854 0.438477 0.158203 0.439453 0.157552 0.439453 0.156901 0.439453 0.156250 0.439453 0.156250 0.440430 0.155599 0.441406 0.154948 0.441406 0.155599 0.442383 0.156250 0.442383 0.156901 0.443359 0.156901 0.444336 0.157552 0.445312 0.158203 0.446289 0.158203 0.447266 0.158854 0.448242 0.158203 0.449219 0.158203 0.450195 0.158854 0.451172 0.158854 0.452148 0.159505 0.453125 0.160156 0.453125 0.160807 0.454102 0.160807 0.455078 0.161458 0.455078 0.162109 0.455078 0.161458 0.455078 0.160807 0.454102 0.161458 0.453125 0.161458 0.452148 0.161458 0.451172 0.162109 0.450195 0.162109 0.449219 0.162109 0.448242 0.162760 0.447266 0.162760 0.446289 0.163411 0.445312 0.162760 0.445312 0.162109 0.444336 0.162760 0.443359 0.162109 0.444336 0.162109 0.445312 0.162109 0.446289 0.162109 0.447266 0.162109 0.448242 0.161458 0.449219 0.160807 0.449219 0.160156 0.449219 0.159505 0.448242 0.158854 0.447266 0.158854 0.446289 0.158203 0.445312 0.158854 0.444336 0.158854 0.443359 0.158854 0.442383 0.158854 0.441406 0.158854 0.440430 0.158854 0.439453
0 0.176432 0.434570 0.176432 0.435547 0.177083 0.436523 0.177083 0.437500 0.176432 0.438477 0.175781 0.438477 0.176432 0.438477 0.177083 0.439453 0.177083 0.440430 0.176432 0.441406 0.176432 0.442383 0.177083 0.441406 0.177734 0.441406 0.178385 0.441406 0.179036 0.442383 0.179036 0.443359 0.179688 0.443359 0.179036 0.442383 0.179688 0.441406 0.180339 0.441406 0.180990 0.442383 0.180990 0.443359 0.180990 0.444336 0.180990 0.445312 0.181641 0.446289 0.180990 0.447266 0.181641 0.448242 0.180990 0.449219 0.180339 0.450195 0.180990 0.449219 0.181641 0.450195 0.181641 0.451172 0.182292 0.452148 0.182292 0.453125 0.182292 0.452148 0.182943 0.451172 0.183594 0.452148 0.183594 0.453125 0.183594 0.454102 0.184245 0.455078 0.184245 0.454102 0.183594 0.453125 0.184245 0.452148 0.183594 0.451172 0.183594 0.450195 0.182943 0.451172 0.182292 0.450195 0.181641 0.450195 0.180990 0.449219 0.181641 0.448242 0.182292 0.448242 0.181641 0.447266 0.181641 0.446289 0.181641 0.445312 0.181641 0.444336 0.181641 0.443359 0.182292 0.442383 0.182943 0.442383 0.183594 0.442383 0.184245 0.441406 0.184896 0.442383 0.185547 0.443359 0.184896 0.444336 0.185547 0.443359 0.186198 0.444336 0.186198 0.445312 0.186849 0.445312 0.187500 0.446289 0.188151 0.447266 0.187500 0.448242 0.187500 0.449219 0.187500 0.450195 0.187500 0.451172 0.188151 0.451172 0.188802 0.452148 0.188802 0.453125 0.189453 0.454102 0.190104 0.454102 0.190104 0.453125 0.189453 0.453125 0.188802 0.452148 0.189453 0.451172 0.190104 0.450195 0.190104 0.449219 0.189453 0.449219 0.188802 0.448242 0.188151 0.447266 0.188151 0.446289 0.187500 0.446289 0.186849 0.445312 0.186849 0.444336 0.186849 0.443359 0.186849 0.442383 0.186198 0.441406 0.185547 0.441406 0.184896 0.441406 0.184245 0.440430 0.184896 0.439453 0.184896 0.438477 0.184245 0.439453 0.183594 0.439453 0.182943 0.438477 0.182943 0.439453 0.183594 0.440430 0.182943 0.441406 0.182292 0.442383 0.181641 0.443359 0.180990 0.442383 0.180990 0.441406 0.180339 0.441406 0.179688 0.440430 0.179036 0.439453 0.178385 0.438477 0.178385 0.437500 0.178385 0.436523 0.179036 0.435547 0.178385 0.434570 0.177734 0.434570 0.177083 0.434570
0 0.315755 0.433594 0.315104 0.434570 0.314453 0.434570 0.313802 0.434570 0.313802 0.435547 0.313151 0.436523 0.312500 0.435547 0.311849 0.434570 0.311849 0.435547 0.311198 0.436523 0.310547 0.435547 0.309896 0.436523 0.310547 0.437500 0.309896 0.438477 0.309245 0.438477 0.309245 0.439453 0.309896 0.440430 0.310547 0.439453 0.311198 0.439453 0.311849 0.439453 0.312500 0.439453 0.313151 0.440430 0.313802 0.440430 0.314453 0.440430 0.315104 0.439453 0.315755 0.439453 0.316406 0.440430 0.317057 0.439453 0.317057 0.438477 0.316406 0.437500 0.317057 0.436523 0.317708 0.435547 0.317057 0.434570 0.317057 0.433594 0.316406 0.433594
0 0.196615 0.428711 0.195964 0.429688 0.195312 0.430664 0.194661 0.429688 0.194010 0.430664 0.193359 0.429688 0.192708 0.429688 0.192708 0.430664 0.192057 0.431641 0.191406 0.432617 0.190755 0.431641 0.190104 0.431641 0.189453 0.432617 0.188802 0.432617 0.188151 0.432617 0.187500 0.432617 0.187500 0.433594 0.188151 0.433594 0.188802 0.434570 0.188802 0.435547 0.189453 0.436523 0.190104 0.437500 0.190104 0.438477 0.190755 0.439453 0.190104 0.440430 0.190104 0.441406 0.190755 0.441406 0.191406 0.442383 0.191406 0.443359 0.192057 0.444336 0.192057 0.445312 0.192708 0.445312 0.192708 0.444336 0.192708 0.443359 0.193359 0.442383 0.193359 0.441406 0.193359 0.440430 0.193359 0.439453 0.193359 0.438477 0.194010 0.437500 0.194661 0.437500 0.195312 0.438477 0.195312 0.439453 0.195312 0.440430 0.195964 0.441406 0.196615 0.441406 0.197266 0.442383 0.197266 0.443359 0.197266 0.444336 0.197266 0.445312 0.197266 0.444336 0.197917 0.443359 0.198568 0.443359 0.199219 0.442383 0.199870 0.442383 0.199219 0.441406 0.199219 0.440430 0.199870 0.439453 0.199870 0.438477 0.199870 0.437500 0.200521 0.436523 0.201172 0.435547 0.201823 0.436523 0.201823 0.437500 0.201823 0.438477 0.201823 0.437500 0.201823 0.436523 0.201172 0.435547 0.201823 0.434570 0.201823 0.433594 0.201172 0.433594 0.200521 0.432617 0.201172 0.431641 0.201172 0.430664 0.200521 0.430664 0.199870 0.431641 0.199870 0.432617 0.199870 0.433594 0.199870 0.434570 0.199219 0.435547 0.199870 0.436523 0.199219 0.437500 0.199219 0.438477 0.198568 0.439453 0.197917 0.439453 0.197266 0.439453 0.196615 0.440430 0.195964 0.439453 0.195964 0.438477 0.195964 0.437500 0.195964 0.436523 0.195964 0.435547 0.195312 0.434570 0.195964 0.433594 0.196615 0.432617 0.195964 0.431641 0.195964 0.430664 0.196615 0.429688 0.197266 0.428711
0 0.710286 0.407227 0.709635 0.408203 0.708984 0.408203 0.708333 0.408203 0.707682 0.408203 0.707682 0.409180 0.707682 0.410156 0.707031 0.411133 0.706380 0.411133 0.705729 0.410156 0.705078 0.409180 0.704427 0.410156 0.703776 0.410156 0.703125 0.409180 0.703125 0.410156 0.702474 0.411133 0.702474 0.412109 0.703125 0.412109 0.703776 0.412109 0.704427 0.413086 0.704427 0.414062 0.704427 0.415039 0.703776 0.416016 0.703125 0.416992 0.703125 0.417969 0.703776 0.418945 0.704427 0.418945 0.705078 0.418945 0.705729 0.419922 0.706380 0.419922 0.706380 0.418945 0.707031 0.417969 0.706380 0.416992 0.705729 0.416992 0.705078 0.417969 0.704427 0.417969 0.703776 0.417969 0.703125 0.416992 0.703776 0.416016 0.704427 0.415039 0.705078 0.415039 0.705078 0.414062 0.705078 0.413086 0.704427 0.412109 0.705078 0.411133 0.705729 0.411133 0.706380 0.411133 0.707031 0.412109 0.707682 0.412109 0.708333 0.412109 0.708984 0.412109 0.709635 0.412109 0.710286 0.413086 0.709635 0.414062 0.710286 0.414062 0.710938 0.413086 0.711589 0.412109 0.712240 0.411133 0.712891 0.410156 0.712891 0.409180 0.712240 0.409180 0.711589 0.408203 0.710938 0.408203
