0 0.504557 0.603291 0.503906 0.604205 0.503906 0.605119 0.503906 0.606033 0.503906 0.606947 0.503906 0.607861 0.503906 0.608775 0.503906 0.609689 0.504557 0.610603 0.505208 0.611517 0.505859 0.611517 0.506510 0.611517 0.507161 0.612431 0.507812 0.611517 0.508464 0.610603 0.508464 0.609689 0.508464 0.608775 0.509115 0.607861 0.508464 0.606947 0.508464 0.606033 0.508464 0.605119 0.507812 0.604205 0.507812 0.603291 0.507161 0.603291 0.506510 0.603291 0.505859 0.603291 0.505208 0.603291
0 0.936849 0.599634 0.936198 0.600548 0.935547 0.600548 0.934896 0.601463 0.934245 0.602377 0.934245 0.603291 0.933594 0.604205 0.933594 0.605119 0.933594 0.606033 0.933594 0.606947 0.933594 0.607861 0.933594 0.608775 0.934245 0.609689 0.934896 0.610603 0.935547 0.611517 0.935547 0.612431 0.936198 0.612431 0.936849 0.613346 0.937500 0.614260 0.938151 0.613346 0.938802 0.613346 0.939453 0.613346 0.940104 0.613346 0.940755 0.612431 0.941406 0.612431 0.942057 0.611517 0.942057 0.610603 0.942057 0.609689 0.942057 0.608775 0.942057 0.607861 0.942708 0.606947 0.942057 0.606033 0.941406 0.605119 0.941406 0.604205 0.940755 0.603291 0.940755 0.602377 0.940104 0.601463 0.939453 0.601463 0.938802 0.600548 0.938151 0.599634 0.937500 0.599634
0 0.602865 0.598720 0.602214 0.599634 0.601562 0.599634 0.600911 0.600548 0.600260 0.600548 0.599609 0.601463 0.599609 0.602377 0.599609 0.603291 0.598958 0.604205 0.599609 0.605119 0.599609 0.606033 0.599609 0.606947 0.600260 0.607861 0.600260 0.608775 0.600260 0.609689 0.600911 0.610603 0.600911 0.611517 0.601562 0.611517 0.602214 0.612431 0.602865 0.612431 0.603516 0.613346 0.604167 0.613346 0.604818 0.612431 0.605469 0.612431 0.606120 0.611517 0.606771 0.611517 0.607422 0.611517 0.606771 0.610603 0.607422 0.609689 0.608073 0.608775 0.608073 0.607861 0.608073 0.606947 0.608073 0.606033 0.608073 0.605119 0.608073 0.604205 0.608073 0.603291 0.607422 0.602377 0.607422 0.601463 0.606771 0.600548 0.606120 0.599634 0.605469 0.598720 0.604818 0.598720 0.604167 0.598720 0.603516 0.598720
0 0.530599 0.598720 0.529948 0.599634 0.529297 0.600548 0.528646 0.601463 0.528646 0.602377 0.527995 0.603291 0.528646 0.604205 0.529297 0.605119 0.529297 0.606033 0.529948 0.606947 0.530599 0.607861 0.531250 0.608775 0.531901 0.607861 0.532552 0.608775 0.533203 0.608775 0.533854 0.607861 0.534505 0.607861 0.534505 0.606947 0.534505 0.606033 0.534505 0.605119 0.535156 0.604205 0.535156 0.603291 0.534505 0.602377 0.533854 0.601463 0.533203 0.600548 0.532552 0.599634 0.531901 0.599634 0.531250 0.599634
0 0.546224 0.596892 0.546224 0.597806 0.545573 0.598720 0.545573 0.599634 0.544922 0.600548 0.545573 0.601463 0.545573 0.602377 0.546224 0.603291 0.546224 0.604205 0.546224 0.605119 0.546875 0.605119 0.547526 0.606033 0.548177 0.606033 0.548828 0.606033 0.549479 0.605119 0.550130 0.605119 0.550130 0.604205 0.550781 0.603291 0.550781 0.602377 0.550781 0.601463 0.550781 0.600548 0.550781 0.599634 0.550781 0.598720 0.550130 0.598720 0.549479 0.597806 0.548828 0.596892 0.548177 0.596892 0.547526 0.596892 0.546875 0.596892
0 0.460938 0.596892 0.460286 0.597806 0.459635 0.597806 0.459635 0.598720 0.458984 0.599634 0.458984 0.600548 0.458333 0.601463 0.458333 0.602377 0.458333 0.603291 0.457682 0.604205 0.458333 0.605119 0.458333 0.606033 0.458984 0.606033 0.459635 0.606033 0.460286 0.606947 0.460938 0.606947 0.461589 0.606947 0.462240 0.606033 0.462891 0.606947 0.463542 0.606033 0.464193 0.605119 0.464193 0.604205 0.464844 0.603291 0.464193 0.602377 0.464844 0.601463 0.465495 0.600548 0.466146 0.600548 0.465495 0.599634 0.466146 0.598720 0.465495 0.597806 0.464844 0.597806 0.464193 0.597806 0.463542 0.597806 0.462891 0.597806 0.462240 0.596892 0.461589 0.596892
0 0.145833 0.596892 0.145182 0.597806 0.144531 0.598720 0.143880 0.598720 0.143880 0.599634 0.143880 0.600548 0.143229 0.601463 0.143229 0.602377 0.143229 0.603291 0.143229 0.604205 0.143229 0.605119 0.143880 0.606033 0.144531 0.606947 0.145182 0.606947 0.145833 0.607861 0.146484 0.607861 0.147135 0.607861 0.147786 0.607861 0.148438 0.607861 0.148438 0.606947 0.149089 0.606033 0.149089 0.605119 0.149089 0.604205 0.149740 0.603291 0.149089 0.602377 0.149740 0.601463 0.149740 0.600548 0.149740 0.599634 0.149740 0.598720 0.149740 0.597806 0.149089 0.597806 0.148438 0.596892 0.147786 0.596892 0.147135 0.596892 0.146484 0.596892
0 0.561198 0.595978 0.560547 0.596892 0.559896 0.596892 0.559245 0.596892 0.558594 0.597806 0.557943 0.597806 0.557292 0.598720 0.557292 0.599634 0.557292 0.600548 0.557292 0.601463 0.557943 0.602377 0.557292 0.603291 0.557943 0.604205 0.558594 0.605119 0.558594 0.606033 0.558594 0.606947 0.559245 0.607861 0.559896 0.608775 0.560547 0.608775 0.561198 0.608775 0.561849 0.608775 0.562500 0.607861 0.563151 0.607861 0.563802 0.606947 0.564453 0.606033 0.564453 0.605119 0.564453 0.604205 0.564453 0.603291 0.565104 0.602377 0.565104 0.601463 0.565104 0.600548 0.564453 0.599634 0.564453 0.598720 0.563802 0.597806 0.563802 0.596892 0.563151 0.596892 0.562500 0.596892 0.561849 0.596892
0 0.373047 0.594150 0.372396 0.595064 0.371745 0.595064 0.371094 0.595978 0.370443 0.596892 0.370443 0.597806 0.370443 0.598720 0.370443 0.599634 0.370443 0.600548 0.370443 0.601463 0.371094 0.602377 0.371094 0.603291 0.371094 0.604205 0.371745 0.605119 0.371745 0.606033 0.372396 0.606033 0.373047 0.606947 0.373698 0.606947 0.374349 0.606947 0.375000 0.606947 0.375651 0.607861 0.376302 0.606947 0.376953 0.607861 0.377604 0.606947 0.378255 0.607861 0.378906 0.606947 0.379557 0.606947 0.380208 0.606033 0.380859 0.605119 0.380859 0.604205 0.381510 0.603291 0.381510 0.602377 0.381510 0.601463 0.381510 0.600548 0.381510 0.599634 0.380859 0.598720 0.380859 0.597806 0.380208 0.596892 0.379557 0.596892 0.378906 0.595978 0.378255 0.595064 0.377604 0.594150 0.376953 0.594150 0.376302 0.594150 0.375651 0.594150 0.375000 0.594150 0.374349 0.594150 0.373698 0.594150
0 0.355469 0.594150 0.354818 0.595064 0.354167 0.595064 0.353516 0.595978 0.352865 0.596892 0.352214 0.596892 0.351562 0.597806 0.350911 0.597806 0.350260 0.598720 0.350260 0.599634 0.349609 0.600548 0.350260 0.601463 0.349609 0.602377 0.348958 0.603291 0.348958 0.604205 0.348958 0.605119 0.348958 0.606033 0.349609 0.606947 0.349609 0.607861 0.350260 0.608775 0.350911 0.609689 0.351562 0.610603 0.351562 0.611517 0.352214 0.611517 0.352865 0.611517 0.353516 0.611517 0.354167 0.611517 0.354818 0.610603 0.355469 0.611517 0.356120 0.610603 0.356771 0.610603 0.357422 0.610603 0.357422 0.609689 0.357422 0.608775 0.358073 0.607861 0.358073 0.606947 0.358073 0.606033 0.357422 0.605119 0.357422 0.604205 0.357422 0.603291 0.357422 0.602377 0.356771 0.601463 0.356771 0.600548 0.356771 0.599634 0.356120 0.598720 0.356771 0.597806 0.356120 0.596892 0.356771 0.595978 0.356771 0.595064 0.356120 0.594150
0 0.518880 0.592322 0.519531 0.593236 0.518880 0.594150 0.518229 0.595064 0.517578 0.595064 0.516927 0.595978 0.516276 0.595978 0.515625 0.596892 0.514974 0.597806 0.514974 0.598720 0.515625 0.599634 0.515625 0.600548 0.516276 0.600548 0.516927 0.600548 0.517578 0.600548 0.517578 0.599634 0.518229 0.598720 0.517578 0.597806 0.518229 0.596892 0.518880 0.595978 0.519531 0.595064 0.520182 0.595978 0.520833 0.596892 0.521484 0.596892 0.522135 0.597806 0.522786 0.597806 0.523438 0.596892 0.524089 0.597806 0.524740 0.596892 0.524740 0.595978 0.524740 0.595064 0.524740 0.594150 0.524740 0.593236 0.524089 0.593236 0.523438 0.593236 0.522786 0.592322 0.522135 0.593236 0.521484 0.593236 0.520833 0.593236 0.520182 0.593236 0.519531 0.593236
0 0.313151 0.591408 0.312500 0.592322 0.311849 0.592322 0.311849 0.593236 0.311849 0.594150 0.311198 0.595064 0.311198 0.595978 0.310547 0.596892 0.311198 0.597806 0.311849 0.597806 0.312500 0.597806 0.313151 0.598720 0.313802 0.598720 0.314453 0.599634 0.315104 0.600548 0.315755 0.601463 0.315755 0.602377 0.316406 0.603291 0.316406 0.604205 0.316406 0.605119 0.317057 0.606033 0.317057 0.606947 0.317057 0.607861 0.317708 0.608775 0.318359 0.608775 0.319010 0.608775 0.319010 0.607861 0.319661 0.606947 0.319010 0.606033 0.319010 0.605119 0.318359 0.604205 0.318359 0.603291 0.318359 0.602377 0.318359 0.601463 0.317708 0.600548 0.317708 0.599634 0.317057 0.598720 0.317057 0.597806 0.316406 0.596892 0.316406 0.595978 0.316406 0.595064 0.315755 0.594150 0.315755 0.593236 0.315104 0.592322 0.314453 0.591408 0.313802 0.591408
0 0.280599 0.591408 0.279948 0.592322 0.279297 0.592322 0.278646 0.593236 0.277995 0.594150 0.277344 0.593236 0.276693 0.594150 0.276042 0.593236 0.275391 0.593236 0.274740 0.593236 0.274089 0.594150 0.273438 0.595064 0.272786 0.595978 0.272786 0.596892 0.273438 0.597806 0.272786 0.598720 0.272135 0.599634 0.271484 0.600548 0.270833 0.600548 0.270182 0.601463 0.269531 0.601463 0.268880 0.601463 0.268229 0.602377 0.268229 0.603291 0.267578 0.604205 0.268229 0.605119 0.268229 0.606033 0.268880 0.606947 0.269531 0.606947 0.270182 0.606947 0.270833 0.606947 0.271484 0.607861 0.272135 0.606947 0.272786 0.607861 0.273438 0.607861 0.274089 0.606947 0.274089 0.606033 0.274740 0.605119 0.275391 0.604205 0.274740 0.603291 0.275391 0.602377 0.276042 0.601463 0.276693 0.600548 0.277344 0.599634 0.277995 0.598720 0.277995 0.597806 0.278646 0.596892 0.279297 0.595978 0.279948 0.596892 0.280599 0.597806 0.281250 0.598720 0.281250 0.599634 0.281901 0.599634 0.282552 0.598720 0.283203 0.599634 0.283854 0.599634 0.284505 0.598720 0.284505 0.597806 0.285156 0.596892 0.284505 0.595978 0.284505 0.595064 0.284505 0.594150 0.284505 0.593236 0.283854 0.593236 0.283203 0.593236 0.282552 0.592322 0.281901 0.592322 0.281250 0.592322
0 0.206380 0.591408 0.205729 0.592322 0.205078 0.593236 0.204427 0.592322 0.203776 0.593236 0.203125 0.592322 0.202474 0.593236 0.201823 0.593236 0.201823 0.594150 0.201823 0.595064 0.201172 0.595978 0.200521 0.596892 0.201172 0.597806 0.201823 0.598720 0.202474 0.599634 0.202474 0.600548 0.203125 0.600548 0.203776 0.600548 0.204427 0.600548 0.205078 0.600548 0.205729 0.599634 0.205729 0.598720 0.206380 0.597806 0.206380 0.596892 0.207031 0.595978 0.207031 0.595064 0.207031 0.594150 0.207031 0.593236 0.207682 0.592322 0.207031 0.592322
0 0.882812 0.590494 0.882812 0.591408 0.882161 0.592322 0.882161 0.593236 0.881510 0.594150 0.881510 0.595064 0.880859 0.595978 0.880859 0.596892 0.880859 0.597806 0.880859 0.598720 0.881510 0.599634 0.881510 0.600548 0.882161 0.601463 0.882161 0.602377 0.882812 0.602377 0.883464 0.602377 0.884115 0.602377 0.884766 0.603291 0.885417 0.602377 0.886068 0.602377 0.886719 0.602377 0.886068 0.601463 0.886719 0.600548 0.886719 0.599634 0.886719 0.598720 0.887370 0.597806 0.886719 0.596892 0.886719 0.595978 0.886719 0.595064 0.886068 0.594150 0.886068 0.593236 0.885417 0.592322 0.885417 0.591408 0.884766 0.590494 0.884115 0.590494 0.883464 0.591408
0 0.339844 0.590494 0.339844 0.591408 0.339193 0.592322 0.338542 0.593236 0.339193 0.594150 0.338542 0.595064 0.338542 0.595978 0.339193 0.596892 0.339844 0.597806 0.340495 0.598720 0.341146 0.598720 0.341797 0.599634 0.342448 0.599634 0.343099 0.599634 0.343750 0.598720 0.343750 0.597806 0.344401 0.596892 0.343750 0.595978 0.344401 0.595064 0.344401 0.594150 0.343750 0.593236 0.343099 0.592322 0.342448 0.591408 0.341797 0.590494 0.341146 0.590494 0.340495 0.590494
0 0.819661 0.589580 0.819010 0.590494 0.818359 0.590494 0.817708 0.591408 0.817057 0.592322 0.816406 0.593236 0.815755 0.594150 0.816406 0.595064 0.816406 0.595978 0.816406 0.596892 0.817057 0.597806 0.817708 0.598720 0.818359 0.599634 0.818359 0.600548 0.818359 0.601463 0.819010 0.602377 0.819661 0.602377 0.820312 0.602377 0.820964 0.602377 0.821615 0.601463 0.822266 0.601463 0.821615 0.600548 0.822266 0.599634 0.822266 0.598720 0.822266 0.597806 0.822266 0.596892 0.822917 0.595978 0.823568 0.595064 0.822917 0.594150 0.822266 0.593236 0.822266 0.592322 0.822266 0.591408 0.821615 0.590494 0.821615 0.589580 0.820964 0.589580 0.820312 0.589580
0 0.505859 0.589580 0.505208 0.590494 0.504557 0.591408 0.503906 0.591408 0.503255 0.591408 0.502604 0.591408 0.501953 0.591408 0.501302 0.591408 0.500651 0.591408 0.500000 0.592322 0.500000 0.593236 0.499349 0.594150 0.499349 0.595064 0.499349 0.595978 0.499349 0.596892 0.500000 0.597806 0.500000 0.598720 0.500651 0.599634 0.501302 0.599634 0.501953 0.599634 0.502604 0.599634 0.503255 0.599634 0.503906 0.598720 0.504557 0.597806 0.505208 0.596892 0.505859 0.596892 0.506510 0.595978 0.507161 0.596892 0.507161 0.595978 0.507161 0.595064 0.507812 0.594150 0.507812 0.593236 0.507812 0.592322 0.507812 0.591408 0.507161 0.590494 0.506510 0.590494
0 0.871745 0.588665 0.871094 0.589580 0.870443 0.590494 0.869792 0.590494 0.870443 0.591408 0.869792 0.592322 0.869141 0.593236 0.869792 0.594150 0.869792 0.595064 0.869792 0.595978 0.870443 0.596892 0.871094 0.597806 0.871745 0.597806 0.872396 0.598720 0.873047 0.598720 0.873698 0.598720 0.874349 0.599634 0.875000 0.598720 0.875651 0.597806 0.876302 0.596892 0.876953 0.595978 0.877604 0.595064 0.878255 0.595064 0.877604 0.594150 0.878255 0.593236 0.878255 0.592322 0.877604 0.591408 0.877604 0.590494 0.876953 0.589580 0.876302 0.588665 0.875651 0.588665 0.875000 0.588665 0.874349 0.588665 0.873698 0.588665 0.873047 0.588665 0.872396 0.588665
0 0.216797 0.588665 0.216146 0.589580 0.215495 0.590494 0.215495 0.591408 0.214844 0.592322 0.214844 0.593236 0.214844 0.594150 0.214844 0.595064 0.215495 0.595978 0.214844 0.596892 0.214844 0.597806 0.215495 0.598720 0.215495 0.599634 0.216146 0.600548 0.216146 0.601463 0.216797 0.602377 0.216797 0.603291 0.217448 0.603291 0.218099 0.604205 0.218750 0.605119 0.219401 0.606033 0.220052 0.606947 0.220703 0.606033 0.221354 0.606033 0.222005 0.606033 0.222656 0.605119 0.222656 0.604205 0.223307 0.603291 0.223958 0.602377 0.223307 0.601463 0.223307 0.600548 0.223958 0.599634 0.223958 0.598720 0.223958 0.597806 0.223307 0.596892 0.223958 0.595978 0.223958 0.595064 0.223958 0.594150 0.223958 0.593236 0.223307 0.592322 0.222656 0.591408 0.222005 0.591408 0.221354 0.590494 0.220703 0.589580 0.220052 0.589580 0.219401 0.589580 0.218750 0.588665 0.218099 0.588665 0.217448 0.588665
0 0.980469 0.582267 0.979818 0.583181 0.979167 0.583181 0.978516 0.583181 0.977865 0.583181 0.977214 0.584095 0.976562 0.584095 0.975911 0.585009 0.975260 0.585923 0.974609 0.585923 0.973958 0.585923 0.973958 0.586837 0.973307 0.587751 0.973307 0.588665 0.972656 0.589580 0.973307 0.590494 0.972656 0.591408 0.972656 0.592322 0.972656 0.593236 0.973307 0.594150 0.973307 0.595064 0.973958 0.595978 0.974609 0.596892 0.974609 0.597806 0.974609 0.598720 0.974609 0.599634 0.975260 0.600548 0.975260 0.601463 0.975911 0.601463 0.976562 0.600548 0.977214 0.599634 0.977865 0.598720 0.978516 0.598720 0.979167 0.598720 0.979167 0.597806 0.979818 0.596892 0.979818 0.595978 0.979818 0.595064 0.979818 0.594150 0.979818 0.593236 0.979818 0.592322 0.979167 0.591408 0.979818 0.590494 0.980469 0.589580 0.981120 0.588665 0.981771 0.587751 0.982422 0.587751 0.982422 0.586837 0.982422 0.585923 0.982422 0.585009 0.982422 0.584095 0.981771 0.584095 0.981120 0.583181
0 0.926432 0.582267 0.925781 0.583181 0.925130 0.584095 0.924479 0.585009 0.924479 0.585923 0.924479 0.586837 0.924479 0.587751 0.924479 0.588665 0.925130 0.589580 0.925130 0.590494 0.925130 0.591408 0.925781 0.592322 0.925781 0.593236 0.926432 0.594150 0.927083 0.595064 0.927734 0.595064 0.928385 0.595978 0.929036 0.596892 0.929688 0.595978 0.930339 0.595978 0.930990 0.596892 0.931641 0.595978 0.932292 0.595978 0.932943 0.596892 0.933594 0.595978 0.934245 0.595978 0.934896 0.596892 0.934896 0.595978 0.934896 0.595064 0.934896 0.594150 0.934896 0.593236 0.934896 0.592322 0.934245 0.591408 0.934245 0.590494 0.934245 0.589580 0.934245 0.588665 0.934245 0.587751 0.934896 0.586837 0.935547 0.585923 0.935547 0.585009 0.935547 0.584095 0.936198 0.583181 0.935547 0.582267 0.934896 0.582267 0.934245 0.582267 0.933594 0.582267 0.932943 0.583181 0.932292 0.583181 0.931641 0.584095 0.930990 0.584095 0.930339 0.583181 0.929688 0.583181 0.929036 0.582267 0.928385 0.582267 0.927734 0.582267 0.927083 0.582267
0 0.224609 0.581353 0.223958 0.582267 0.223958 0.583181 0.223307 0.584095 0.223307 0.585009 0.223958 0.585923 0.223958 0.586837 0.224609 0.587751 0.224609 0.588665 0.225260 0.589580 0.225911 0.589580 0.226562 0.590494 0.227214 0.589580 0.227865 0.589580 0.228516 0.589580 0.229167 0.589580 0.229818 0.588665 0.229818 0.587751 0.230469 0.586837 0.229818 0.585923 0.229818 0.585009 0.229167 0.584095 0.228516 0.583181 0.227865 0.582267 0.227214 0.582267 0.226562 0.581353 0.225911 0.581353 0.225260 0.581353
0 0.850260 0.578611 0.849609 0.579525 0.848958 0.579525 0.848307 0.580439 0.847656 0.580439 0.847005 0.581353 0.846354 0.582267 0.846354 0.583181 0.845703 0.584095 0.845052 0.585009 0.844401 0.585923 0.843750 0.586837 0.843099 0.587751 0.842448 0.587751 0.842448 0.588665 0.842448 0.589580 0.843099 0.590494 0.843750 0.591408 0.843750 0.592322 0.844401 0.591408 0.845052 0.591408 0.845703 0.591408 0.846354 0.590494 0.847005 0.590494 0.847656 0.590494 0.848307 0.590494 0.848958 0.591408 0.849609 0.591408 0.850260 0.592322 0.850911 0.593236 0.850260 0.594150 0.850260 0.595064 0.850260 0.595978 0.849609 0.596892 0.849609 0.597806 0.850260 0.598720 0.850260 0.599634 0.850911 0.600548 0.850260 0.601463 0.850911 0.602377 0.850260 0.603291 0.850911 0.604205 0.851562 0.605119 0.852214 0.606033 0.852865 0.606033 0.853516 0.606033 0.854167 0.606947 0.854818 0.606033 0.855469 0.606947 0.856120 0.606033 0.856771 0.605119 0.856771 0.604205 0.856771 0.603291 0.856771 0.602377 0.856771 0.601463 0.857422 0.600548 0.857422 0.599634 0.856771 0.598720 0.856771 0.597806 0.856771 0.596892 0.856120 0.596892 0.855469 0.595978 0.854818 0.595064 0.854167 0.594150 0.853516 0.593236 0.853516 0.592322 0.854167 0.591408 0.854818 0.590494 0.855469 0.590494 0.856120 0.589580 0.856771 0.588665 0.856771 0.587751 0.857422 0.586837 0.858073 0.585923 0.857422 0.585009 0.857422 0.584095 0.857422 0.583181 0.857422 0.582267 0.857422 0.581353 0.856771 0.580439 0.856120 0.579525 0.855469 0.578611 0.854818 0.578611 0.854167 0.578611 0.853516 0.578611 0.852865 0.578611 0.852214 0.578611 0.851562 0.578611 0.850911 0.578611
0 0.454427 0.578611 0.453776 0.579525 0.453125 0.579525 0.452474 0.579525 0.451823 0.580439 0.451172 0.580439 0.451172 0.581353 0.450521 0.582267 0.450521 0.583181 0.451172 0.584095 0.451823 0.584095 0.452474 0.585009 0.453125 0.584095 0.453776 0.585009 0.454427 0.585923 0.455078 0.585009 0.455729 0.585923 0.456380 0.585923 0.457031 0.585009 0.457682 0.585009 0.457682 0.584095 0.457682 0.583181 0.457682 0.582267 0.458333 0.581353 0.458333 0.580439 0.457682 0.579525 0.457031 0.578611 0.456380 0.578611 0.455729 0.578611 0.455078 0.578611
0 0.683594 0.575868 0.682943 0.576782 0.682292 0.577697 0.681641 0.577697 0.680990 0.578611 0.680339 0.578611 0.679688 0.578611 0.679688 0.579525 0.679688 0.580439 0.679688 0.581353 0.679036 0.582267 0.679036 0.583181 0.679036 0.584095 0.679036 0.585009 0.679688 0.585923 0.679688 0.586837 0.680339 0.587751 0.680990 0.588665 0.681641 0.588665 0.682292 0.589580 0.682943 0.590494 0.683594 0.591408 0.683594 0.592322 0.683594 0.593236 0.682943 0.594150 0.682292 0.595064 0.681641 0.595064 0.680990 0.595064 0.680339 0.595064 0.679688 0.595978 0.680339 0.596892 0.679688 0.597806 0.679688 0.598720 0.679688 0.599634 0.680339 0.600548 0.680339 0.601463 0.680990 0.602377 0.680990 0.603291 0.681641 0.602377 0.682292 0.603291 0.682943 0.603291 0.683594 0.603291 0.684245 0.604205 0.684896 0.605119 0.684896 0.606033 0.684896 0.606947 0.684896 0.607861 0.685547 0.608775 0.685547 0.609689 0.686198 0.610603 0.686849 0.610603 0.687500 0.610603 0.688151 0.609689 0.688802 0.609689 0.689453 0.608775 0.688802 0.607861 0.689453 0.606947 0.688802 0.606033 0.688151 0.605119 0.688151 0.604205 0.687500 0.604205 0.686849 0.604205 0.686198 0.603291 0.685547 0.602377 0.685547 0.601463 0.686198 0.600548 0.685547 0.599634 0.686198 0.598720 0.686198 0.597806 0.686198 0.596892 0.686849 0.595978 0.687500 0.595064 0.688151 0.594150 0.688802 0.594150 0.689453 0.594150 0.690104 0.595064 0.690755 0.595978 0.691406 0.596892 0.692057 0.597806 0.692708 0.597806 0.693359 0.598720 0.694010 0.598720 0.694661 0.597806 0.695312 0.598720 0.695964 0.597806 0.696615 0.597806 0.696615 0.596892 0.697266 0.595978 0.696615 0.595064 0.697266 0.594150 0.697266 0.593236 0.697266 0.592322 0.697266 0.591408 0.696615 0.590494 0.696615 0.589580 0.696615 0.588665 0.695964 0.588665 0.695312 0.588665 0.694661 0.587751 0.694010 0.586837 0.693359 0.585923 0.692708 0.585009 0.692057 0.584095 0.692057 0.583181 0.691406 0.583181 0.690755 0.584095 0.691406 0.585009 0.690755 0.585923 0.690755 0.586837 0.690104 0.587751 0.689453 0.588665 0.688802 0.588665 0.688151 0.587751 0.687500 0.586837 0.687500 0.585923 0.686849 0.585009 0.686849 0.584095 0.686849 0.583181 0.686849 0.582267 0.686198 0.581353 0.686198 0.580439 0.686198 0.579525 0.685547 0.578611 0.684896 0.577697 0.685547 0.576782 0.684896 0.575868 0.684245 0.576782
0 0.540365 0.574040 0.539714 0.574954 0.539062 0.574954 0.538411 0.575868 0.537760 0.575868 0.537109 0.574954 0.536458 0.574954 0.535807 0.574954 0.535156 0.575868 0.534505 0.575868 0.533854 0.576782 0.533854 0.577697 0.533854 0.578611 0.533854 0.579525 0.533854 0.580439 0.534505 0.581353 0.535156 0.582267 0.535807 0.583181 0.536458 0.583181 0.537109 0.583181 0.537760 0.582267 0.538411 0.581353 0.539062 0.580439 0.539714 0.579525 0.540365 0.578611 0.541016 0.578611 0.541016 0.577697 0.541667 0.576782 0.541667 0.575868 0.541667 0.574954 0.541667 0.574040 0.541016 0.574040
0 0.027344 0.572212 0.026693 0.573126 0.026042 0.574040 0.025391 0.574040 0.024740 0.574954 0.024089 0.575868 0.023438 0.576782 0.024089 0.577697 0.024089 0.578611 0.024740 0.579525 0.024740 0.580439 0.025391 0.579525 0.026042 0.580439 0.026693 0.580439 0.027344 0.580439 0.027995 0.580439 0.028646 0.580439 0.029297 0.579525 0.029948 0.579525 0.029948 0.578611 0.030599 0.577697 0.031250 0.576782 0.030599 0.575868 0.030599 0.574954 0.030599 0.574040 0.029948 0.573126 0.029297 0.573126 0.028646 0.572212 0.027995 0.572212
0 0.861979 0.571298 0.861979 0.572212 0.861328 0.573126 0.861328 0.574040 0.861328 0.574954 0.861328 0.575868 0.861328 0.576782 0.861328 0.577697 0.861328 0.578611 0.861979 0.579525 0.861979 0.580439 0.861979 0.581353 0.861979 0.582267 0.862630 0.583181 0.862630 0.584095 0.863281 0.585009 0.863281 0.585923 0.862630 0.586837 0.861979 0.587751 0.861328 0.587751 0.860677 0.588665 0.860026 0.589580 0.860677 0.590494 0.860026 0.591408 0.860026 0.592322 0.860026 0.593236 0.860677 0.594150 0.860677 0.595064 0.861328 0.595978 0.861979 0.595978 0.862630 0.596892 0.863281 0.597806 0.863932 0.597806 0.864583 0.598720 0.865234 0.598720 0.865885 0.598720 0.866536 0.598720 0.867188 0.598720 0.867188 0.597806 0.867188 0.596892 0.867188 0.595978 0.867188 0.595064 0.866536 0.594150 0.867188 0.593236 0.867188 0.592322 0.866536 0.591408 0.866536 0.590494 0.866536 0.589580 0.866536 0.588665 0.865885 0.587751 0.865885 0.586837 0.865885 0.585923 0.866536 0.585009 0.867188 0.584095 0.867839 0.584095 0.867839 0.583181 0.868490 0.582267 0.868490 0.581353 0.869141 0.580439 0.868490 0.579525 0.868490 0.578611 0.868490 0.577697 0.868490 0.576782 0.867839 0.575868 0.867839 0.574954 0.867188 0.574040 0.867188 0.573126 0.866536 0.572212 0.865885 0.571298 0.865234 0.571298 0.864583 0.571298 0.863932 0.571298 0.863281 0.571298 0.862630 0.571298
0 0.748698 0.570384 0.748047 0.571298 0.747396 0.572212 0.747396 0.573126 0.746745 0.574040 0.746745 0.574954 0.746745 0.575868 0.746745 0.576782 0.746745 0.577697 0.746745 0.578611 0.746094 0.579525 0.745443 0.580439 0.744792 0.580439 0.744141 0.580439 0.743490 0.580439 0.742839 0.581353 0.742839 0.582267 0.742839 0.583181 0.742839 0.584095 0.742839 0.585009 0.743490 0.585009 0.744141 0.585923 0.744792 0.585923 0.745443 0.586837 0.746094 0.587751 0.746745 0.588665 0.746745 0.589580 0.747396 0.590494 0.748047 0.590494 0.748698 0.590494 0.749349 0.590494 0.750000 0.589580 0.749349 0.588665 0.748698 0.587751 0.748698 0.586837 0.748047 0.585923 0.747396 0.585009 0.747396 0.584095 0.746745 0.583181 0.746745 0.582267 0.746094 0.581353 0.746745 0.580439 0.747396 0.579525 0.748047 0.579525 0.748698 0.579525 0.749349 0.580439 0.750000 0.581353 0.750651 0.582267 0.751302 0.583181 0.751953 0.583181 0.752604 0.584095 0.753255 0.584095 0.753906 0.584095 0.754557 0.584095 0.755208 0.584095 0.755859 0.583181 0.756510 0.582267 0.756510 0.581353 0.756510 0.580439 0.755859 0.579525 0.755859 0.578611 0.755208 0.577697 0.754557 0.576782 0.753906 0.576782 0.753255 0.575868 0.752604 0.574954 0.752604 0.574040 0.752604 0.573126 0.751953 0.572212 0.751302 0.571298 0.750651 0.570384 0.750000 0.570384 0.749349 0.570384
0 0.489583 0.570384 0.488932 0.571298 0.488281 0.571298 0.487630 0.571298 0.486979 0.572212 0.486328 0.573126 0.485677 0.573126 0.485026 0.574040 0.485026 0.574954 0.485026 0.575868 0.484375 0.576782 0.484375 0.577697 0.484375 0.578611 0.484375 0.579525 0.484375 0.580439 0.485026 0.581353 0.485677 0.581353 0.486328 0.581353 0.486979 0.582267 0.487630 0.583181 0.487630 0.584095 0.488281 0.584095 0.488932 0.584095 0.489583 0.585009 0.490234 0.584095 0.490885 0.584095 0.491536 0.584095 0.492188 0.584095 0.492839 0.584095 0.493490 0.584095 0.494141 0.584095 0.494141 0.583181 0.494792 0.582267 0.494792 0.581353 0.495443 0.580439 0.495443 0.579525 0.495443 0.578611 0.495443 0.577697 0.495443 0.576782 0.495443 0.575868 0.494792 0.574954 0.494141 0.574040 0.493490 0.573126 0.493490 0.572212 0.492839 0.571298 0.492188 0.570384 0.491536 0.570384 0.490885 0.571298 0.490234 0.570384
0 0.919922 0.569470 0.919922 0.570384 0.919271 0.571298 0.919271 0.572212 0.918620 0.573126 0.918620 0.574040 0.917969 0.574954 0.917318 0.575868 0.916667 0.575868 0.916016 0.576782 0.915365 0.576782 0.914714 0.576782 0.914062 0.576782 0.913411 0.576782 0.912760 0.577697 0.912109 0.577697 0.911458 0.578611 0.911458 0.579525 0.911458 0.580439 0.911458 0.581353 0.910807 0.582267 0.910807 0.583181 0.911458 0.584095 0.911458 0.585009 0.912109 0.585923 0.912109 0.586837 0.912760 0.587751 0.912760 0.588665 0.913411 0.589580 0.914062 0.590494 0.914062 0.591408 0.914062 0.592322 0.914714 0.593236 0.914714 0.594150 0.915365 0.595064 0.914714 0.595978 0.914062 0.596892 0.913411 0.597806 0.913411 0.598720 0.912760 0.599634 0.912109 0.600548 0.911458 0.600548 0.910807 0.601463 0.910156 0.601463 0.909505 0.600548 0.909505 0.601463 0.908854 0.602377 0.908203 0.603291 0.907552 0.604205 0.906901 0.603291 0.906250 0.602377 0.905599 0.601463 0.904948 0.600548 0.904297 0.599634 0.903646 0.599634 0.902995 0.599634 0.902344 0.599634 0.901693 0.598720 0.901042 0.598720 0.900391 0.598720 0.899740 0.598720 0.899089 0.597806 0.898438 0.596892 0.897786 0.595978 0.897135 0.595978 0.896484 0.595978 0.896484 0.596892 0.895833 0.597806 0.895833 0.598720 0.895182 0.599634 0.895182 0.600548 0.895182 0.601463 0.895833 0.602377 0.896484 0.603291 0.897135 0.604205 0.897786 0.605119 0.897786 0.606033 0.897786 0.606947 0.898438 0.607861 0.897786 0.608775 0.898438 0.609689 0.899089 0.610603 0.899740 0.611517 0.900391 0.611517 0.901042 0.612431 0.901693 0.612431 0.902344 0.612431 0.902995 0.612431 0.903646 0.612431 0.904297 0.613346 0.904948 0.612431 0.905599 0.611517 0.906250 0.611517 0.906250 0.610603 0.906901 0.609689 0.906901 0.608775 0.906901 0.607861 0.907552 0.606947 0.906901 0.606033 0.907552 0.605119 0.907552 0.604205 0.908203 0.603291 0.908854 0.604205 0.909505 0.605119 0.910156 0.604205 0.910807 0.604205 0.911458 0.605119 0.912109 0.606033 0.912760 0.606947 0.912760 0.607861 0.913411 0.608775 0.913411 0.609689 0.914062 0.609689 0.914714 0.609689 0.915365 0.610603 0.916016 0.610603 0.916667 0.609689 0.916667 0.608775 0.916667 0.607861 0.916667 0.606947 0.916667 0.606033 0.917318 0.605119 0.916667 0.604205 0.916667 0.603291 0.917318 0.602377 0.917318 0.601463 0.917318 0.600548 0.916667 0.599634 0.917318 0.598720 0.917318 0.597806 0.917969 0.596892 0.918620 0.595978 0.918620 0.595064 0.919271 0.594150 0.919922 0.593236 0.919922 0.592322 0.919922 0.591408 0.919922 0.590494 0.919922 0.589580 0.920573 0.588665 0.920573 0.587751 0.920573 0.586837 0.921224 0.585923 0.921224 0.585009 0.921875 0.584095 0.921875 0.583181 0.921875 0.582267 0.921875 0.581353 0.921875 0.580439 0.921875 0.579525 0.921224 0.578611 0.921224 0.577697 0.921224 0.576782 0.921224 0.575868 0.921875 0.574954 0.921875 0.574040 0.921875 0.573126 0.921875 0.572212 0.921875 0.571298 0.921224 0.570384 0.921224 0.569470 0.920573 0.569470
0 0.796875 0.569470 0.796224 0.570384 0.795573 0.570384 0.794922 0.571298 0.794271 0.572212 0.793620 0.573126 0.792969 0.573126 0.792318 0.573126 0.792318 0.574040 0.792318 0.574954 0.792318 0.575868 0.792318 0.576782 0.792318 0.577697 0.792318 0.578611 0.792318 0.579525 0.791667 0.580439 0.791016 0.581353 0.790365 0.582267 0.789714 0.581353 0.789062 0.580439 0.788411 0.579525 0.787760 0.578611 0.787109 0.577697 0.787109 0.576782 0.786458 0.575868 0.785807 0.575868 0.785156 0.574954 0.784505 0.574954 0.783854 0.575868 0.784505 0.576782 0.784505 0.577697 0.783854 0.578611 0.783203 0.579525 0.782552 0.579525 0.781901 0.579525 0.781250 0.579525 0.780599 0.578611 0.779948 0.577697 0.779297 0.578611 0.778646 0.577697 0.777995 0.577697 0.777344 0.577697 0.776693 0.578611 0.776042 0.579525 0.775391 0.579525 0.775391 0.580439 0.774740 0.581353 0.774740 0.582267 0.774740 0.583181 0.774089 0.584095 0.774089 0.585009 0.774089 0.585923 0.773438 0.586837 0.773438 0.587751 0.773438 0.588665 0.772786 0.589580 0.772135 0.590494 0.771484 0.590494 0.770833 0.589580 0.770182 0.588665 0.770182 0.587751 0.770182 0.586837 0.770833 0.585923 0.770833 0.585009 0.770833 0.584095 0.770182 0.583181 0.770182 0.582267 0.770182 0.581353 0.770182 0.580439 0.769531 0.579525 0.768880 0.578611 0.768229 0.577697 0.767578 0.576782 0.766927 0.576782 0.766276 0.576782 0.765625 0.576782 0.764974 0.576782 0.764323 0.576782 0.763672 0.576782 0.763021 0.576782 0.762370 0.576782 0.762370 0.577697 0.761719 0.578611 0.761068 0.579525 0.761068 0.580439 0.760417 0.581353 0.760417 0.582267 0.760417 0.583181 0.760417 0.584095 0.760417 0.585009 0.759766 0.585923 0.759115 0.586837 0.758464 0.586837 0.757812 0.587751 0.757161 0.587751 0.756510 0.588665 0.755859 0.588665 0.755859 0.589580 0.755208 0.590494 0.754557 0.591408 0.754557 0.592322 0.754557 0.593236 0.753906 0.594150 0.754557 0.595064 0.754557 0.595978 0.753906 0.596892 0.753255 0.597806 0.752604 0.597806 0.751953 0.598720 0.751302 0.599634 0.750651 0.600548 0.750651 0.601463 0.750651 0.602377 0.750651 0.603291 0.751302 0.604205 0.751302 0.605119 0.751302 0.606033 0.751953 0.606033 0.752604 0.606947 0.753255 0.607861 0.753906 0.607861 0.754557 0.607861 0.755208 0.608775 0.755859 0.608775 0.756510 0.608775 0.756510 0.607861 0.757161 0.606947 0.757161 0.606033 0.757812 0.605119 0.757161 0.604205 0.757812 0.603291 0.757812 0.602377 0.757812 0.601463 0.758464 0.600548 0.759115 0.599634 0.759766 0.598720 0.760417 0.598720 0.761068 0.597806 0.761719 0.597806 0.762370 0.597806 0.762370 0.596892 0.763021 0.595978 0.763672 0.595064 0.764323 0.594150 0.764974 0.593236 0.765625 0.592322 0.766276 0.592322 0.766927 0.593236 0.767578 0.593236 0.768229 0.592322 0.768880 0.593236 0.769531 0.594150 0.769531 0.595064 0.770182 0.595978 0.770833 0.596892 0.770833 0.597806 0.771484 0.598720 0.772135 0.598720 0.772786 0.599634 0.773438 0.598720 0.774089 0.598720 0.774740 0.598720 0.775391 0.597806 0.776042 0.596892 0.776693 0.597806 0.777344 0.597806 0.777995 0.598720 0.778646 0.599634 0.779297 0.600548 0.779948 0.600548 0.780599 0.599634 0.780599 0.598720 0.781250 0.597806 0.781250 0.596892 0.781901 0.595978 0.782552 0.595064 0.783203 0.594150 0.783854 0.593236 0.783854 0.592322 0.784505 0.591408 0.785156 0.590494 0.785807 0.590494 0.786458 0.590494 0.787109 0.589580 0.787760 0.588665 0.788411 0.588665 0.789062 0.589580 0.789714 0.590494 0.789714 0.591408 0.790365 0.592322 0.791016 0.593236 0.791667 0.594150 0.792318 0.593236 0.792969 0.594150 0.793620 0.594150 0.794271 0.593236 0.794922 0.593236 0.795573 0.592322 0.796224 0.591408 0.796875 0.591408 0.797526 0.591408 0.798177 0.590494 0.798828 0.589580 0.799479 0.589580 0.800130 0.590494 0.800781 0.591408 0.801432 0.592322 0.801432 0.593236 0.800781 0.594150 0.800781 0.595064 0.801432 0.595978 0.801432 0.596892 0.801432 0.597806 0.802083 0.597806 0.802734 0.598720 0.803385 0.599634 0.802734 0.600548 0.802083 0.601463 0.802083 0.602377 0.802083 0.603291 0.802083 0.604205 0.802083 0.605119 0.802083 0.606033 0.802083 0.606947 0.802734 0.607861 0.803385 0.607861 0.804036 0.608775 0.804688 0.608775 0.805339 0.607861 0.805990 0.606947 0.805339 0.606033 0.805990 0.605119 0.805990 0.604205 0.805990 0.603291 0.805339 0.602377 0.805339 0.601463 0.805339 0.600548 0.805339 0.599634 0.805339 0.598720 0.805990 0.597806 0.806641 0.596892 0.807292 0.595978 0.807943 0.595978 0.808594 0.596892 0.809245 0.596892 0.809896 0.596892 0.809896 0.595978 0.809896 0.595064 0.810547 0.594150 0.811198 0.593236 0.811849 0.592322 0.812500 0.591408 0.813151 0.590494 0.813802 0.590494 0.813802 0.589580 0.814453 0.588665 0.814453 0.587751 0.814453 0.586837 0.814453 0.585923 0.815104 0.585009 0.815755 0.584095 0.816406 0.583181 0.817057 0.583181 0.817708 0.583181 0.818359 0.583181 0.819010 0.582267 0.819661 0.582267 0.820312 0.582267 0.820312 0.581353 0.820312 0.580439 0.820312 0.579525 0.820312 0.578611 0.820312 0.577697 0.819661 0.576782 0.819010 0.575868 0.819010 0.574954 0.818359 0.574954 0.817708 0.574954 0.817057 0.574040 0.816406 0.573126 0.815755 0.573126 0.815104 0.573126 0.814453 0.573126 0.813802 0.573126 0.813151 0.574040 0.812500 0.574040 0.812500 0.574954 0.811849 0.575868 0.812500 0.576782 0.812500 0.577697 0.812500 0.578611 0.812500 0.579525 0.812500 0.580439 0.812500 0.581353 0.812500 0.582267 0.811849 0.583181 0.811198 0.584095 0.810547 0.584095 0.809896 0.585009 0.809245 0.585923 0.809245 0.586837 0.809245 0.587751 0.808594 0.588665 0.808594 0.589580 0.807943 0.590494 0.807292 0.591408 0.806641 0.591408 0.805990 0.590494 0.805339 0.590494 0.804688 0.589580 0.804036 0.588665 0.804036 0.587751 0.804036 0.586837 0.803385 0.585923 0.803385 0.585009 0.803385 0.584095 0.803385 0.583181 0.802734 0.583181 0.802083 0.582267 0.801432 0.583181 0.800781 0.583181 0.800130 0.584095 0.799479 0.584095 0.798828 0.584095 0.798177 0.585009 0.797526 0.584095 0.796875 0.583181 0.796224 0.582267 0.796224 0.581353 0.796224 0.580439 0.796875 0.579525 0.797526 0.578611 0.798177 0.578611 0.798828 0.577697 0.799479 0.577697 0.800130 0.577697 0.800781 0.576782 0.801432 0.575868 0.802083 0.575868 0.802083 0.574954 0.802734 0.574040 0.802083 0.573126 0.802083 0.572212 0.801432 0.572212 0.800781 0.571298 0.800130 0.570384 0.799479 0.570384 0.798828 0.570384 0.798177 0.569470 0.797526 0.569470
0 0.321615 0.569470 0.320964 0.570384 0.320312 0.570384 0.320312 0.571298 0.319661 0.572212 0.319661 0.573126 0.319661 0.574040 0.319010 0.574954 0.318359 0.575868 0.317708 0.576782 0.317057 0.577697 0.316406 0.578611 0.315755 0.578611 0.315104 0.579525 0.314453 0.580439 0.314453 0.581353 0.314453 0.582267 0.315104 0.583181 0.315104 0.584095 0.315755 0.585009 0.315755 0.585923 0.315755 0.586837 0.316406 0.587751 0.317057 0.588665 0.317708 0.588665 0.318359 0.588665 0.319010 0.588665 0.319661 0.589580 0.320312 0.590494 0.320964 0.589580 0.321615 0.588665 0.321615 0.587751 0.322266 0.586837 0.322266 0.585923 0.322266 0.585009 0.322266 0.584095 0.322917 0.583181 0.322266 0.582267 0.322266 0.581353 0.322917 0.580439 0.322917 0.579525 0.323568 0.578611 0.323568 0.577697 0.324219 0.576782 0.323568 0.575868 0.324219 0.574954 0.324219 0.574040 0.324219 0.573126 0.323568 0.572212 0.323568 0.571298 0.322917 0.570384 0.322266 0.569470
0 0.422526 0.566728 0.422526 0.567642 0.422526 0.568556 0.421875 0.569470 0.421875 0.570384 0.422526 0.571298 0.423177 0.572212 0.423177 0.573126 0.423177 0.574040 0.423828 0.574954 0.423177 0.575868 0.422526 0.576782 0.421875 0.577697 0.421224 0.578611 0.420573 0.578611 0.419922 0.578611 0.419271 0.578611 0.418620 0.579525 0.417969 0.579525 0.417318 0.580439 0.417318 0.581353 0.417318 0.582267 0.417318 0.583181 0.417318 0.584095 0.417318 0.585009 0.417969 0.585923 0.417969 0.586837 0.418620 0.587751 0.419271 0.588665 0.419271 0.589580 0.419922 0.590494 0.420573 0.590494 0.421224 0.591408 0.421875 0.592322 0.422526 0.592322 0.423177 0.592322 0.423828 0.592322 0.424479 0.592322 0.425130 0.593236 0.425781 0.594150 0.426432 0.595064 0.427083 0.595978 0.427734 0.595978 0.428385 0.596892 0.429036 0.597806 0.429688 0.598720 0.429688 0.599634 0.429688 0.600548 0.430339 0.601463 0.430990 0.601463 0.431641 0.600548 0.432292 0.600548 0.432292 0.599634 0.432943 0.598720 0.432943 0.597806 0.433594 0.596892 0.434245 0.595978 0.434245 0.595064 0.434245 0.594150 0.434245 0.593236 0.434245 0.592322 0.434245 0.591408 0.434245 0.590494 0.434896 0.589580 0.434896 0.588665 0.434245 0.587751 0.434245 0.586837 0.434245 0.585923 0.433594 0.585009 0.432943 0.584095 0.432292 0.583181 0.431641 0.583181 0.430990 0.582267 0.430339 0.582267 0.429688 0.581353 0.429036 0.580439 0.428385 0.579525 0.427734 0.578611 0.427734 0.577697 0.428385 0.576782 0.429036 0.575868 0.429688 0.575868 0.430339 0.574954 0.430990 0.574954 0.430990 0.574040 0.430990 0.573126 0.430990 0.572212 0.430339 0.571298 0.429688 0.570384 0.429036 0.569470 0.428385 0.568556 0.427734 0.568556 0.427083 0.568556 0.426432 0.568556 0.425781 0.567642 0.425130 0.566728 0.424479 0.566728 0.423828 0.566728 0.423177 0.566728
0 0.271484 0.563985 0.270833 0.564899 0.270182 0.565814 0.269531 0.566728 0.268880 0.567642 0.268880 0.568556 0.268229 0.569470 0.268229 0.570384 0.267578 0.571298 0.267578 0.572212 0.267578 0.573126 0.268229 0.574040 0.268229 0.574954 0.268229 0.575868 0.268880 0.576782 0.268880 0.577697 0.268880 0.578611 0.268880 0.579525 0.268880 0.580439 0.268880 0.581353 0.269531 0.580439 0.270182 0.579525 0.270833 0.579525 0.271484 0.579525 0.272135 0.579525 0.272786 0.580439 0.273438 0.580439 0.274089 0.580439 0.274740 0.581353 0.275391 0.581353 0.276042 0.580439 0.276693 0.579525 0.277344 0.579525 0.277995 0.579525 0.278646 0.580439 0.279297 0.581353 0.279948 0.582267 0.279948 0.583181 0.280599 0.584095 0.281250 0.585009 0.281901 0.585923 0.282552 0.586837 0.283203 0.586837 0.283854 0.587751 0.284505 0.588665 0.285156 0.589580 0.285807 0.590494 0.286458 0.591408 0.287109 0.592322 0.287760 0.593236 0.288411 0.594150 0.289062 0.595064 0.289714 0.595978 0.289714 0.596892 0.290365 0.597806 0.291016 0.598720 0.291667 0.598720 0.292318 0.599634 0.292969 0.600548 0.293620 0.600548 0.294271 0.601463 0.294922 0.602377 0.295573 0.602377 0.296224 0.603291 0.296875 0.604205 0.297526 0.604205 0.298177 0.604205 0.298828 0.604205 0.299479 0.603291 0.299479 0.602377 0.299479 0.601463 0.299479 0.600548 0.300130 0.599634 0.300781 0.598720 0.301432 0.598720 0.302083 0.598720 0.302734 0.599634 0.303385 0.599634 0.304036 0.598720 0.304688 0.597806 0.304688 0.596892 0.304688 0.595978 0.304688 0.595064 0.304036 0.594150 0.304036 0.593236 0.303385 0.592322 0.303385 0.591408 0.304036 0.590494 0.303385 0.591408 0.302734 0.592322 0.302083 0.592322 0.301432 0.593236 0.300781 0.594150 0.300130 0.595064 0.299479 0.595064 0.298828 0.595978 0.298177 0.595064 0.297526 0.594150 0.297526 0.593236 0.296875 0.592322 0.296224 0.591408 0.295573 0.590494 0.295573 0.589580 0.294922 0.588665 0.294271 0.587751 0.294271 0.586837 0.293620 0.585923 0.292969 0.585009 0.292969 0.584095 0.292318 0.583181 0.292318 0.582267 0.292969 0.581353 0.292969 0.580439 0.292969 0.579525 0.292969 0.578611 0.292969 0.577697 0.292969 0.576782 0.292318 0.575868 0.291667 0.574954 0.291016 0.574954 0.290365 0.574040 0.289714 0.574040 0.289062 0.574040 0.288411 0.574040 0.287760 0.574040 0.287109 0.574040 0.286458 0.574040 0.285807 0.574040 0.285156 0.573126 0.284505 0.573126 0.283854 0.572212 0.283203 0.571298 0.282552 0.570384 0.281901 0.569470 0.281250 0.569470 0.280599 0.569470 0.279948 0.568556 0.279297 0.568556 0.278646 0.567642 0.277995 0.567642 0.277344 0.567642 0.276693 0.566728 0.276042 0.565814 0.275391 0.564899 0.274740 0.564899 0.274089 0.563985 0.273438 0.563985 0.272786 0.563985 0.272135 0.564899
0 0.761068 0.563071 0.760417 0.563985 0.759766 0.563985 0.759115 0.563985 0.758464 0.564899 0.757812 0.564899 0.757161 0.565814 0.757161 0.566728 0.757161 0.567642 0.757161 0.568556 0.757812 0.568556 0.758464 0.569470 0.759115 0.570384 0.759766 0.571298 0.760417 0.572212 0.761068 0.572212 0.761719 0.572212 0.762370 0.572212 0.763021 0.572212 0.763672 0.571298 0.764323 0.571298 0.764974 0.570384 0.764974 0.569470 0.764974 0.568556 0.764974 0.567642 0.764974 0.566728 0.764323 0.566728 0.763672 0.565814 0.763021 0.564899 0.762370 0.564899 0.761719 0.563985
0 0.949219 0.562157 0.948568 0.563071 0.947917 0.563071 0.947917 0.563985 0.947266 0.564899 0.946615 0.565814 0.946615 0.566728 0.947266 0.567642 0.946615 0.568556 0.946615 0.569470 0.947266 0.570384 0.947917 0.571298 0.947917 0.572212 0.947917 0.573126 0.948568 0.574040 0.949219 0.574040 0.949870 0.574954 0.950521 0.575868 0.950521 0.576782 0.950521 0.577697 0.950521 0.578611 0.950521 0.579525 0.950521 0.580439 0.950521 0.581353 0.949870 0.582267 0.949219 0.583181 0.948568 0.583181 0.947917 0.583181 0.947266 0.584095 0.946615 0.585009 0.946615 0.585923 0.946615 0.586837 0.947266 0.587751 0.947266 0.588665 0.947917 0.588665 0.948568 0.588665 0.949219 0.588665 0.949870 0.588665 0.950521 0.588665 0.950521 0.587751 0.951172 0.586837 0.951172 0.585923 0.951172 0.585009 0.951823 0.584095 0.952474 0.583181 0.953125 0.582267 0.953776 0.583181 0.954427 0.584095 0.954427 0.585009 0.955078 0.585923 0.955078 0.586837 0.955078 0.587751 0.955078 0.588665 0.955729 0.588665 0.956380 0.589580 0.957031 0.590494 0.957682 0.590494 0.958333 0.590494 0.958984 0.591408 0.959635 0.592322 0.959635 0.593236 0.959635 0.594150 0.959635 0.595064 0.960286 0.595978 0.960286 0.596892 0.960286 0.597806 0.960938 0.597806 0.961589 0.597806 0.962240 0.598720 0.962891 0.599634 0.963542 0.600548 0.963542 0.601463 0.963542 0.602377 0.964193 0.603291 0.964844 0.604205 0.965495 0.605119 0.966146 0.606033 0.966797 0.606947 0.967448 0.607861 0.968099 0.607861 0.968750 0.608775 0.969401 0.607861 0.970052 0.607861 0.970052 0.606947 0.970703 0.606033 0.970703 0.605119 0.970703 0.604205 0.971354 0.603291 0.970703 0.602377 0.971354 0.601463 0.971354 0.600548 0.971354 0.599634 0.970703 0.598720 0.970052 0.599634 0.969401 0.599634 0.968750 0.599634 0.968099 0.599634 0.967448 0.599634 0.966797 0.598720 0.966146 0.597806 0.966146 0.596892 0.965495 0.595978 0.965495 0.595064 0.964844 0.594150 0.964844 0.593236 0.964193 0.592322 0.964193 0.591408 0.963542 0.590494 0.964193 0.589580 0.963542 0.588665 0.964193 0.587751 0.963542 0.586837 0.962891 0.585923 0.962891 0.585009 0.962240 0.584095 0.962240 0.583181 0.961589 0.582267 0.960938 0.581353 0.960286 0.580439 0.959635 0.580439 0.958984 0.580439 0.958333 0.579525 0.957682 0.578611 0.957031 0.578611 0.956380 0.578611 0.955729 0.577697 0.955078 0.576782 0.955078 0.575868 0.954427 0.575868 0.953776 0.574954 0.953125 0.574040 0.953125 0.573126 0.952474 0.572212 0.953125 0.571298 0.952474 0.570384 0.953125 0.569470 0.953125 0.568556 0.953125 0.567642 0.953125 0.566728 0.953125 0.565814 0.953125 0.564899 0.952474 0.563985 0.951823 0.563071 0.951172 0.562157 0.950521 0.562157 0.949870 0.562157
0 0.781901 0.561243 0.781250 0.562157 0.781250 0.563071 0.781250 0.563985 0.780599 0.564899 0.780599 0.565814 0.781250 0.566728 0.780599 0.567642 0.781250 0.568556 0.781901 0.569470 0.782552 0.569470 0.783203 0.570384 0.783854 0.570384 0.784505 0.570384 0.785156 0.570384 0.785807 0.569470 0.785807 0.568556 0.785807 0.567642 0.786458 0.566728 0.786458 0.565814 0.785807 0.564899 0.785807 0.563985 0.785156 0.563071 0.784505 0.562157 0.783854 0.561243 0.783203 0.562157 0.782552 0.561243
0 0.227865 0.561243 0.227214 0.562157 0.226562 0.562157 0.225911 0.563071 0.225911 0.563985 0.225911 0.564899 0.226562 0.565814 0.226562 0.566728 0.226562 0.567642 0.226562 0.568556 0.226562 0.569470 0.227214 0.570384 0.227214 0.571298 0.227865 0.571298 0.228516 0.572212 0.229167 0.571298 0.229818 0.572212 0.230469 0.573126 0.230469 0.574040 0.230469 0.574954 0.231120 0.575868 0.231120 0.576782 0.231120 0.577697 0.231771 0.578611 0.231771 0.579525 0.232422 0.580439 0.233073 0.581353 0.233724 0.581353 0.234375 0.582267 0.235026 0.582267 0.235677 0.583181 0.236328 0.584095 0.236979 0.585009 0.237630 0.585923 0.236979 0.586837 0.236328 0.587751 0.236979 0.588665 0.236328 0.589580 0.236328 0.590494 0.236328 0.591408 0.236979 0.592322 0.236328 0.593236 0.236979 0.594150 0.237630 0.595064 0.238281 0.595978 0.238932 0.595978 0.239583 0.595978 0.240234 0.595978 0.240885 0.595978 0.241536 0.595978 0.242188 0.595978 0.242839 0.595978 0.242839 0.595064 0.242839 0.594150 0.243490 0.593236 0.243490 0.592322 0.243490 0.591408 0.243490 0.590494 0.243490 0.589580 0.243490 0.588665 0.243490 0.587751 0.242839 0.586837 0.242188 0.585923 0.242188 0.585009 0.241536 0.585923 0.240885 0.585009 0.240234 0.584095 0.240885 0.583181 0.240234 0.582267 0.240234 0.581353 0.240234 0.580439 0.240885 0.579525 0.240885 0.578611 0.241536 0.577697 0.242188 0.576782 0.242839 0.576782 0.243490 0.577697 0.244141 0.578611 0.244141 0.579525 0.244141 0.580439 0.244792 0.581353 0.244792 0.582267 0.245443 0.583181 0.246094 0.584095 0.246745 0.584095 0.247396 0.584095 0.248047 0.584095 0.248698 0.584095 0.249349 0.584095 0.250000 0.584095 0.250651 0.585009 0.251302 0.585923 0.251953 0.585009 0.252604 0.585923 0.253255 0.586837 0.252604 0.587751 0.253255 0.588665 0.253255 0.589580 0.253906 0.590494 0.253906 0.591408 0.253906 0.592322 0.254557 0.593236 0.253906 0.594150 0.253906 0.595064 0.253255 0.595978 0.253906 0.596892 0.253255 0.597806 0.253906 0.598720 0.254557 0.597806 0.255208 0.598720 0.255859 0.598720 0.256510 0.597806 0.257161 0.596892 0.257161 0.595978 0.257161 0.595064 0.257812 0.594150 0.258464 0.593236 0.259115 0.592322 0.259115 0.591408 0.258464 0.590494 0.259115 0.589580 0.259115 0.588665 0.259115 0.587751 0.258464 0.586837 0.258464 0.585923 0.257812 0.585009 0.257161 0.585923 0.256510 0.585009 0.255859 0.585923 0.255208 0.585009 0.254557 0.584095 0.254557 0.583181 0.255208 0.582267 0.255859 0.581353 0.256510 0.581353 0.257161 0.580439 0.257812 0.580439 0.258464 0.579525 0.258464 0.578611 0.258464 0.577697 0.258464 0.576782 0.258464 0.575868 0.258464 0.574954 0.258464 0.574040 0.257812 0.573126 0.257812 0.572212 0.257161 0.571298 0.256510 0.570384 0.255859 0.570384 0.255208 0.570384 0.254557 0.569470 0.253906 0.569470 0.253255 0.569470 0.252604 0.569470 0.251953 0.568556 0.251302 0.567642 0.250651 0.567642 0.250000 0.567642 0.249349 0.567642 0.248698 0.567642 0.248047 0.567642 0.247396 0.567642 0.246745 0.568556 0.246094 0.568556 0.245443 0.568556 0.244792 0.569470 0.244141 0.569470 0.243490 0.570384 0.242839 0.571298 0.242188 0.570384 0.241536 0.569470 0.240885 0.568556 0.240885 0.567642 0.240885 0.566728 0.240234 0.566728 0.239583 0.565814 0.238932 0.565814 0.238281 0.565814 0.237630 0.565814 0.236979 0.565814 0.236328 0.565814 0.235677 0.565814 0.235026 0.566728 0.234375 0.565814 0.233724 0.565814 0.233073 0.566728 0.232422 0.566728 0.231771 0.566728 0.231120 0.565814 0.230469 0.564899 0.230469 0.563985 0.229818 0.563071 0.229818 0.562157 0.229167 0.561243 0.228516 0.561243
0 0.887370 0.557587 0.886719 0.558501 0.886068 0.558501 0.885417 0.558501 0.884766 0.558501 0.884115 0.558501 0.883464 0.558501 0.882812 0.559415 0.882161 0.559415 0.881510 0.560329 0.880859 0.560329 0.880208 0.561243 0.879557 0.562157 0.879557 0.563071 0.879557 0.563985 0.878906 0.564899 0.878906 0.565814 0.878906 0.566728 0.878255 0.567642 0.877604 0.568556 0.877604 0.569470 0.876953 0.570384 0.876953 0.571298 0.876302 0.572212 0.876302 0.573126 0.876302 0.574040 0.875651 0.574954 0.875651 0.575868 0.875651 0.576782 0.875651 0.577697 0.875651 0.578611 0.875651 0.579525 0.876302 0.580439 0.876953 0.581353 0.877604 0.581353 0.878255 0.581353 0.878906 0.581353 0.879557 0.581353 0.880208 0.582267 0.880859 0.583181 0.881510 0.584095 0.882161 0.584095 0.882812 0.583181 0.883464 0.584095 0.883464 0.583181 0.883464 0.582267 0.883464 0.581353 0.882812 0.580439 0.883464 0.579525 0.884115 0.578611 0.884766 0.578611 0.885417 0.578611 0.886068 0.579525 0.886719 0.578611 0.887370 0.578611 0.888021 0.578611 0.888672 0.577697 0.889323 0.577697 0.889974 0.576782 0.890625 0.576782 0.891276 0.576782 0.891927 0.576782 0.892578 0.577697 0.893229 0.577697 0.893880 0.577697 0.894531 0.578611 0.895182 0.577697 0.895182 0.576782 0.895833 0.575868 0.896484 0.574954 0.897135 0.574040 0.897135 0.573126 0.897135 0.572212 0.897135 0.571298 0.897135 0.570384 0.896484 0.569470 0.896484 0.568556 0.896484 0.567642 0.896484 0.566728 0.895833 0.565814 0.895833 0.564899 0.895833 0.563985 0.895833 0.563071 0.895182 0.562157 0.895182 0.561243 0.894531 0.560329 0.894531 0.559415 0.893880 0.559415 0.893229 0.559415 0.892578 0.558501 0.891927 0.557587 0.891276 0.557587 0.890625 0.557587 0.889974 0.557587 0.889323 0.557587 0.888672 0.557587 0.888021 0.558501
0 0.975911 0.556673 0.975260 0.557587 0.975260 0.558501 0.974609 0.559415 0.973958 0.560329 0.974609 0.561243 0.974609 0.562157 0.974609 0.563071 0.975260 0.563985 0.975911 0.563985 0.976562 0.564899 0.977214 0.564899 0.977865 0.565814 0.978516 0.566728 0.979167 0.565814 0.979818 0.564899 0.979818 0.563985 0.980469 0.563071 0.980469 0.562157 0.980469 0.561243 0.980469 0.560329 0.979818 0.559415 0.979818 0.558501 0.979818 0.557587 0.979167 0.557587 0.978516 0.556673 0.977865 0.556673 0.977214 0.556673 0.976562 0.556673
0 0.705078 0.556673 0.704427 0.557587 0.703776 0.557587 0.703125 0.557587 0.702474 0.558501 0.701823 0.558501 0.701823 0.559415 0.701172 0.560329 0.701172 0.561243 0.701172 0.562157 0.701172 0.563071 0.700521 0.563985 0.700521 0.564899 0.700521 0.565814 0.700521 0.566728 0.700521 0.567642 0.700521 0.568556 0.701172 0.569470 0.701172 0.570384 0.701172 0.571298 0.701823 0.572212 0.701823 0.573126 0.702474 0.573126 0.703125 0.574040 0.703776 0.574040 0.704427 0.574040 0.705078 0.574040 0.705729 0.574954 0.706380 0.575868 0.706380 0.576782 0.706380 0.577697 0.706380 0.578611 0.706380 0.579525 0.706380 0.580439 0.706380 0.581353 0.705729 0.582267 0.705729 0.583181 0.705729 0.584095 0.705729 0.585009 0.705729 0.585923 0.705078 0.586837 0.705078 0.587751 0.705078 0.588665 0.705078 0.589580 0.705078 0.590494 0.705078 0.591408 0.704427 0.592322 0.704427 0.593236 0.704427 0.594150 0.704427 0.595064 0.704427 0.595978 0.704427 0.596892 0.704427 0.597806 0.704427 0.598720 0.704427 0.599634 0.704427 0.600548 0.704427 0.601463 0.704427 0.602377 0.704427 0.603291 0.704427 0.604205 0.704427 0.605119 0.704427 0.606033 0.704427 0.606947 0.705078 0.607861 0.705729 0.607861 0.706380 0.607861 0.707031 0.607861 0.707682 0.607861 0.708333 0.606947 0.708984 0.606947 0.709635 0.606947 0.710286 0.606947 0.710938 0.606947 0.711589 0.606947 0.712240 0.607861 0.712891 0.607861 0.713542 0.608775 0.714193 0.608775 0.714844 0.607861 0.715495 0.607861 0.716146 0.607861 0.716797 0.608775 0.717448 0.607861 0.718099 0.607861 0.718750 0.607861 0.719401 0.607861 0.720052 0.606947 0.720703 0.606947 0.721354 0.606947 0.722005 0.606947 0.722005 0.606033 0.722656 0.605119 0.723307 0.604205 0.723958 0.604205 0.724609 0.603291 0.724609 0.602377 0.725260 0.601463 0.725911 0.600548 0.726562 0.599634 0.727214 0.599634 0.727865 0.600548 0.728516 0.600548 0.729167 0.601463 0.729818 0.601463 0.730469 0.601463 0.731120 0.602377 0.731771 0.602377 0.732422 0.602377 0.733073 0.601463 0.733724 0.601463 0.734375 0.600548 0.735026 0.599634 0.735026 0.598720 0.735026 0.597806 0.735677 0.596892 0.735026 0.595978 0.735677 0.595064 0.735026 0.594150 0.735026 0.593236 0.734375 0.592322 0.734375 0.591408 0.734375 0.590494 0.733724 0.589580 0.733724 0.588665 0.733724 0.587751 0.733724 0.586837 0.733073 0.585923 0.733073 0.585009 0.733073 0.584095 0.733073 0.583181 0.733073 0.582267 0.733073 0.581353 0.733724 0.580439 0.733724 0.579525 0.734375 0.578611 0.735026 0.577697 0.735677 0.576782 0.735677 0.575868 0.735677 0.574954 0.736328 0.574040 0.736328 0.573126 0.736979 0.572212 0.736979 0.571298 0.736979 0.570384 0.736979 0.569470 0.736979 0.568556 0.736979 0.567642 0.736979 0.566728 0.736979 0.565814 0.736328 0.564899 0.736328 0.563985 0.735677 0.563071 0.735677 0.562157 0.735026 0.562157 0.734375 0.561243 0.733724 0.561243 0.733073 0.561243 0.732422 0.560329 0.731771 0.560329 0.731120 0.560329 0.730469 0.560329 0.729818 0.560329 0.729167 0.559415 0.728516 0.559415 0.727865 0.558501 0.727214 0.559415 0.726562 0.558501 0.725911 0.558501 0.725260 0.558501 0.724609 0.558501 0.723958 0.557587 0.723307 0.557587 0.722656 0.557587 0.722005 0.557587 0.721354 0.557587 0.720703 0.556673 0.720052 0.557587 0.719401 0.557587 0.718750 0.557587 0.718099 0.557587 0.717448 0.558501 0.716797 0.558501 0.716146 0.558501 0.715495 0.559415 0.714844 0.560329 0.714193 0.560329 0.713542 0.561243 0.712891 0.562157 0.712240 0.563071 0.711589 0.562157 0.710938 0.562157 0.710286 0.563071 0.709635 0.562157 0.708984 0.562157 0.708333 0.561243 0.707682 0.560329 0.707682 0.559415 0.707031 0.558501 0.706380 0.558501 0.705729 0.557587
0 0.643229 0.555759 0.642578 0.556673 0.641927 0.556673 0.641276 0.557587 0.640625 0.557587 0.639974 0.557587 0.639323 0.558501 0.638672 0.558501 0.638021 0.559415 0.637370 0.559415 0.636719 0.560329 0.636068 0.560329 0.635417 0.560329 0.634766 0.561243 0.634115 0.561243 0.633464 0.561243 0.632812 0.561243 0.632161 0.562157 0.631510 0.561243 0.630859 0.561243 0.630208 0.562157 0.629557 0.562157 0.628906 0.563071 0.628255 0.563985 0.627604 0.564899 0.627604 0.565814 0.626953 0.566728 0.626953 0.567642 0.626953 0.568556 0.626302 0.569470 0.626302 0.570384 0.626302 0.571298 0.625651 0.572212 0.625651 0.573126 0.625651 0.574040 0.625000 0.574954 0.625000 0.575868 0.624349 0.576782 0.624349 0.577697 0.623698 0.578611 0.623698 0.579525 0.623047 0.580439 0.622396 0.581353 0.621745 0.582267 0.621094 0.583181 0.620443 0.584095 0.619792 0.584095 0.619141 0.584095 0.618490 0.584095 0.617839 0.584095 0.617188 0.584095 0.616536 0.583181 0.615885 0.583181 0.615234 0.582267 0.614583 0.581353 0.613932 0.581353 0.613281 0.581353 0.612630 0.580439 0.611979 0.580439 0.611328 0.580439 0.610677 0.580439 0.610026 0.580439 0.609375 0.580439 0.608724 0.581353 0.608073 0.581353 0.607422 0.582267 0.606771 0.583181 0.606120 0.584095 0.606120 0.585009 0.606120 0.585923 0.605469 0.586837 0.605469 0.587751 0.605469 0.588665 0.605469 0.589580 0.606120 0.590494 0.606120 0.591408 0.606771 0.591408 0.607422 0.592322 0.608073 0.593236 0.608724 0.593236 0.609375 0.594150 0.610026 0.595064 0.610677 0.595978 0.611328 0.595978 0.611979 0.596892 0.612630 0.596892 0.613281 0.596892 0.613932 0.597806 0.614583 0.598720 0.615234 0.599634 0.615885 0.599634 0.616536 0.599634 0.617188 0.599634 0.617839 0.600548 0.618490 0.599634 0.619141 0.600548 0.619792 0.599634 0.620443 0.599634 0.621094 0.598720 0.621745 0.597806 0.622396 0.597806 0.623047 0.596892 0.623698 0.595978 0.624349 0.595978 0.625000 0.595064 0.625651 0.594150 0.625651 0.593236 0.626302 0.592322 0.626953 0.591408 0.627604 0.590494 0.628255 0.591408 0.628906 0.591408 0.629557 0.591408 0.630208 0.592322 0.630859 0.593236 0.631510 0.594150 0.632161 0.595064 0.632812 0.595064 0.633464 0.595978 0.634115 0.596892 0.634766 0.595978 0.635417 0.595064 0.636068 0.595064 0.636719 0.594150 0.637370 0.593236 0.638021 0.592322 0.638672 0.591408 0.639323 0.591408 0.639974 0.591408 0.640625 0.591408 0.641276 0.591408 0.641927 0.592322 0.642578 0.593236 0.643229 0.594150 0.643880 0.595064 0.644531 0.595978 0.645182 0.596892 0.645833 0.597806 0.646484 0.598720 0.647135 0.599634 0.647786 0.600548 0.648438 0.600548 0.649089 0.601463 0.649740 0.602377 0.650391 0.603291 0.651042 0.604205 0.651693 0.605119 0.652344 0.606033 0.652995 0.606947 0.653646 0.606947 0.654297 0.607861 0.654948 0.607861 0.655599 0.607861 0.655599 0.606947 0.655599 0.606033 0.655599 0.605119 0.655599 0.604205 0.655599 0.603291 0.654948 0.602377 0.654948 0.601463 0.655599 0.600548 0.656250 0.599634 0.656901 0.599634 0.657552 0.599634 0.658203 0.599634 0.658854 0.600548 0.659505 0.600548 0.660156 0.600548 0.660807 0.601463 0.661458 0.601463 0.662109 0.602377 0.662760 0.602377 0.663411 0.602377 0.664062 0.602377 0.664714 0.603291 0.665365 0.603291 0.666016 0.604205 0.666667 0.605119 0.667318 0.605119 0.667969 0.605119 0.668620 0.605119 0.669271 0.605119 0.669922 0.604205 0.670573 0.605119 0.671224 0.604205 0.671875 0.603291 0.672526 0.603291 0.672526 0.602377 0.672526 0.601463 0.672526 0.600548 0.671875 0.599634 0.671224 0.598720 0.671224 0.597806 0.670573 0.597806 0.669922 0.596892 0.669271 0.595978 0.669271 0.595064 0.668620 0.594150 0.668620 0.593236 0.669271 0.592322 0.669922 0.591408 0.670573 0.590494 0.671224 0.589580 0.671875 0.590494 0.672526 0.591408 0.673177 0.592322 0.673828 0.593236 0.673828 0.594150 0.674479 0.593236 0.675130 0.594150 0.675781 0.593236 0.676432 0.592322 0.676432 0.591408 0.677083 0.590494 0.676432 0.589580 0.676432 0.588665 0.675781 0.587751 0.675130 0.586837 0.674479 0.586837 0.673828 0.586837 0.673177 0.587751 0.672526 0.588665 0.671875 0.587751 0.671224 0.587751 0.670573 0.586837 0.669922 0.585923 0.669922 0.585009 0.669922 0.584095 0.669271 0.583181 0.668620 0.582267 0.669271 0.581353 0.669922 0.580439 0.669922 0.579525 0.670573 0.578611 0.670573 0.577697 0.671224 0.576782 0.671224 0.575868 0.670573 0.574954 0.670573 0.574040 0.670573 0.573126 0.669922 0.572212 0.669271 0.571298 0.668620 0.570384 0.667969 0.571298 0.667318 0.571298 0.666667 0.571298 0.666016 0.571298 0.666016 0.572212 0.665365 0.573126 0.665365 0.574040 0.664714 0.574954 0.664714 0.575868 0.664714 0.576782 0.664714 0.577697 0.664062 0.578611 0.663411 0.579525 0.664062 0.580439 0.664714 0.581353 0.665365 0.581353 0.666016 0.582267 0.666667 0.583181 0.666667 0.584095 0.666016 0.585009 0.666016 0.585923 0.666016 0.586837 0.665365 0.587751 0.664714 0.588665 0.664062 0.588665 0.663411 0.587751 0.662760 0.587751 0.662109 0.586837 0.661458 0.585923 0.660807 0.585009 0.660807 0.584095 0.660156 0.583181 0.659505 0.582267 0.658854 0.581353 0.658854 0.580439 0.658203 0.580439 0.657552 0.581353 0.656901 0.581353 0.656250 0.582267 0.655599 0.582267 0.654948 0.582267 0.654297 0.583181 0.653646 0.583181 0.652995 0.583181 0.652344 0.583181 0.651693 0.582267 0.651042 0.581353 0.650391 0.580439 0.649740 0.579525 0.649740 0.578611 0.649089 0.577697 0.649089 0.576782 0.648438 0.575868 0.648438 0.574954 0.647786 0.574040 0.647135 0.573126 0.646484 0.572212 0.646484 0.571298 0.646484 0.570384 0.646484 0.569470 0.646484 0.568556 0.646484 0.567642 0.646484 0.566728 0.646484 0.565814 0.646484 0.564899 0.647135 0.563985 0.647135 0.563071 0.647135 0.562157 0.647786 0.561243 0.647135 0.560329 0.647786 0.559415 0.647135 0.558501 0.647135 0.557587 0.646484 0.556673 0.645833 0.555759 0.645182 0.555759 0.644531 0.555759 0.643880 0.555759
0 0.984375 0.553016 0.984375 0.553931 0.983724 0.554845 0.983724 0.555759 0.984375 0.556673 0.985026 0.557587 0.985677 0.558501 0.985677 0.559415 0.986328 0.560329 0.986328 0.561243 0.985677 0.562157 0.985026 0.563071 0.985026 0.563985 0.985026 0.564899 0.985677 0.564899 0.986328 0.565814 0.986979 0.566728 0.986979 0.567642 0.986979 0.568556 0.986979 0.569470 0.986979 0.570384 0.986979 0.571298 0.986979 0.572212 0.986979 0.573126 0.986979 0.574040 0.987630 0.574954 0.987630 0.575868 0.986979 0.576782 0.986328 0.577697 0.985677 0.578611 0.985026 0.579525 0.985026 0.580439 0.985026 0.581353 0.985026 0.582267 0.985677 0.583181 0.986328 0.584095 0.986979 0.583181 0.987630 0.584095 0.988281 0.585009 0.988281 0.585923 0.988281 0.586837 0.988932 0.587751 0.988932 0.588665 0.988932 0.589580 0.988281 0.590494 0.987630 0.591408 0.986979 0.592322 0.986328 0.593236 0.985677 0.594150 0.985026 0.594150 0.985026 0.595064 0.984375 0.595978 0.985026 0.596892 0.985026 0.597806 0.985677 0.597806 0.986328 0.598720 0.986979 0.599634 0.987630 0.599634 0.988281 0.600548 0.988932 0.600548 0.989583 0.601463 0.990234 0.601463 0.990885 0.600548 0.991536 0.601463 0.992188 0.600548 0.991536 0.599634 0.990885 0.598720 0.990885 0.597806 0.990234 0.596892 0.990234 0.595978 0.989583 0.595064 0.989583 0.594150 0.989583 0.593236 0.989583 0.592322 0.989583 0.591408 0.989583 0.590494 0.990234 0.589580 0.990234 0.588665 0.990885 0.587751 0.990885 0.586837 0.991536 0.585923 0.991536 0.585009 0.990885 0.584095 0.990234 0.583181 0.989583 0.582267 0.988932 0.581353 0.988932 0.580439 0.988932 0.579525 0.988932 0.578611 0.988932 0.577697 0.989583 0.576782 0.990234 0.575868 0.990885 0.574954 0.991536 0.574954 0.992188 0.574954 0.992839 0.574040 0.993490 0.574040 0.994141 0.574954 0.994792 0.574954 0.995443 0.575868 0.996094 0.576782 0.996094 0.577697 0.996745 0.578611 0.996745 0.579525 0.997396 0.580439 0.998047 0.581353 0.998698 0.580439 0.998698 0.579525 0.998698 0.578611 0.998698 0.577697 0.998698 0.576782 0.998698 0.575868 0.998698 0.574954 0.998698 0.574040 0.998698 0.573126 0.998698 0.572212 0.998698 0.571298 0.998698 0.570384 0.998698 0.569470 0.998698 0.568556 0.998698 0.567642 0.998698 0.566728 0.998698 0.565814 0.998698 0.564899 0.998698 0.563985 0.998698 0.563071 0.998698 0.562157 0.998698 0.561243 0.998698 0.560329 0.998047 0.560329 0.997396 0.560329 0.996745 0.560329 0.996094 0.561243 0.995443 0.561243 0.994792 0.561243 0.994141 0.561243 0.993490 0.561243 0.992839 0.561243 0.992188 0.560329 0.991536 0.559415 0.990885 0.559415 0.990234 0.559415 0.989583 0.559415 0.988932 0.558501 0.988281 0.557587 0.988281 0.556673 0.987630 0.555759 0.987630 0.554845 0.986979 0.553931 0.986328 0.553931 0.985677 0.553016 0.985026 0.553016
0 0.410156 0.552102 0.409505 0.553016 0.408854 0.553016 0.408203 0.553931 0.407552 0.554845 0.406901 0.555759 0.406250 0.556673 0.405599 0.557587 0.405599 0.558501 0.404948 0.559415 0.404948 0.560329 0.405599 0.561243 0.406250 0.562157 0.406901 0.561243 0.407552 0.561243 0.408203 0.561243 0.408854 0.560329 0.409505 0.559415 0.410156 0.558501 0.410807 0.557587 0.411458 0.556673 0.411458 0.555759 0.412109 0.554845 0.411458 0.553931 0.410807 0.553016 0.410807 0.552102
0 0.387370 0.551188 0.386719 0.552102 0.386068 0.553016 0.386068 0.553931 0.385417 0.554845 0.386068 0.555759 0.386068 0.556673 0.386068 0.557587 0.386068 0.558501 0.385417 0.559415 0.385417 0.560329 0.385417 0.561243 0.384766 0.562157 0.384766 0.563071 0.384766 0.563985 0.384766 0.564899 0.384766 0.565814 0.384766 0.566728 0.384766 0.567642 0.384766 0.568556 0.384766 0.569470 0.384766 0.570384 0.384766 0.571298 0.384766 0.572212 0.384766 0.573126 0.384766 0.574040 0.384766 0.574954 0.384766 0.575868 0.384115 0.576782 0.383464 0.577697 0.382812 0.578611 0.382161 0.579525 0.381510 0.580439 0.380859 0.581353 0.380208 0.582267 0.380208 0.583181 0.379557 0.584095 0.379557 0.585009 0.378906 0.585923 0.378906 0.586837 0.378906 0.587751 0.378906 0.588665 0.378906 0.589580 0.379557 0.589580 0.380208 0.590494 0.380859 0.590494 0.381510 0.591408 0.382161 0.591408 0.382812 0.592322 0.383464 0.593236 0.384115 0.593236 0.384766 0.594150 0.385417 0.594150 0.386068 0.594150 0.386719 0.594150 0.387370 0.594150 0.388021 0.595064 0.388672 0.595978 0.389323 0.596892 0.389974 0.597806 0.390625 0.598720 0.390625 0.599634 0.391276 0.600548 0.391927 0.600548 0.392578 0.601463 0.393229 0.601463 0.393880 0.601463 0.394531 0.601463 0.395182 0.601463 0.395833 0.600548 0.396484 0.600548 0.397135 0.600548 0.397786 0.601463 0.398438 0.602377 0.399089 0.602377 0.399740 0.602377 0.400391 0.602377 0.401042 0.602377 0.401693 0.603291 0.402344 0.602377 0.402995 0.602377 0.403646 0.601463 0.404297 0.602377 0.404948 0.601463 0.404948 0.600548 0.405599 0.599634 0.405599 0.598720 0.405599 0.597806 0.404948 0.596892 0.404948 0.595978 0.404948 0.595064 0.405599 0.594150 0.405599 0.593236 0.405599 0.592322 0.406250 0.591408 0.406901 0.590494 0.407552 0.590494 0.408203 0.589580 0.408854 0.588665 0.409505 0.587751 0.410156 0.586837 0.410156 0.585923 0.410807 0.585009 0.410807 0.584095 0.411458 0.583181 0.411458 0.582267 0.412109 0.581353 0.412760 0.580439 0.412760 0.579525 0.413411 0.578611 0.414062 0.577697 0.414714 0.576782 0.415365 0.575868 0.416016 0.575868 0.416667 0.574954 0.416667 0.574040 0.417318 0.573126 0.417318 0.572212 0.417318 0.571298 0.416667 0.571298 0.416016 0.570384 0.415365 0.571298 0.414714 0.570384 0.414062 0.571298 0.413411 0.571298 0.412760 0.571298 0.412109 0.571298 0.411458 0.571298 0.410807 0.571298 0.410156 0.571298 0.409505 0.570384 0.408854 0.570384 0.408203 0.570384 0.407552 0.570384 0.406901 0.570384 0.406250 0.570384 0.405599 0.570384 0.404948 0.571298 0.404297 0.572212 0.403646 0.572212 0.402995 0.573126 0.402344 0.574040 0.401693 0.574954 0.401042 0.575868 0.400391 0.574954 0.399740 0.575868 0.399089 0.575868 0.398438 0.574954 0.397786 0.574040 0.397135 0.574040 0.396484 0.573126 0.395833 0.573126 0.395182 0.572212 0.394531 0.572212 0.393880 0.571298 0.393229 0.570384 0.393229 0.569470 0.392578 0.568556 0.391927 0.567642 0.391276 0.566728 0.391276 0.565814 0.391276 0.564899 0.390625 0.563985 0.389974 0.563071 0.389323 0.562157 0.389323 0.561243 0.389974 0.560329 0.389323 0.559415 0.389974 0.558501 0.389323 0.557587 0.389974 0.556673 0.390625 0.555759 0.389974 0.554845 0.389974 0.553931 0.389974 0.553016 0.389323 0.553016 0.388672 0.552102 0.388021 0.551188
0 0.268880 0.551188 0.268229 0.552102 0.267578 0.552102 0.268229 0.553016 0.267578 0.553931 0.267578 0.554845 0.268229 0.555759 0.268229 0.556673 0.267578 0.557587 0.266927 0.558501 0.266276 0.559415 0.265625 0.560329 0.265625 0.561243 0.264974 0.562157 0.265625 0.563071 0.266276 0.563985 0.266927 0.563985 0.267578 0.563985 0.268229 0.563985 0.268880 0.563071 0.269531 0.562157 0.269531 0.561243 0.268880 0.560329 0.269531 0.559415 0.270182 0.558501 0.270833 0.558501 0.271484 0.558501 0.272135 0.557587 0.272786 0.557587 0.273438 0.556673 0.273438 0.555759 0.273438 0.554845 0.273438 0.553931 0.272786 0.553016 0.272786 0.552102 0.272135 0.552102 0.271484 0.551188 0.270833 0.551188 0.270182 0.551188 0.269531 0.551188
0 0.369141 0.550274 0.369141 0.551188 0.368490 0.552102 0.367839 0.553016 0.367188 0.553931 0.366536 0.553931 0.365885 0.553931 0.365234 0.553931 0.364583 0.553931 0.363932 0.554845 0.363281 0.555759 0.363932 0.556673 0.363932 0.557587 0.363932 0.558501 0.363932 0.559415 0.363932 0.560329 0.363281 0.561243 0.362630 0.562157 0.361979 0.562157 0.361328 0.562157 0.360677 0.563071 0.360026 0.563985 0.360026 0.564899 0.360026 0.565814 0.359375 0.566728 0.360026 0.567642 0.360026 0.568556 0.360026 0.569470 0.360677 0.570384 0.360677 0.571298 0.361328 0.572212 0.361979 0.573126 0.361328 0.574040 0.360677 0.574954 0.360026 0.575868 0.359375 0.576782 0.359375 0.577697 0.358724 0.578611 0.358724 0.579525 0.358073 0.580439 0.357422 0.581353 0.356771 0.582267 0.356771 0.583181 0.356771 0.584095 0.356771 0.585009 0.356771 0.585923 0.357422 0.586837 0.358073 0.587751 0.358073 0.588665 0.358724 0.588665 0.359375 0.588665 0.360026 0.587751 0.360677 0.587751 0.360677 0.586837 0.360026 0.585923 0.360677 0.585009 0.361328 0.584095 0.361979 0.583181 0.362630 0.584095 0.363281 0.585009 0.362630 0.585923 0.363281 0.586837 0.363932 0.586837 0.364583 0.586837 0.365234 0.587751 0.365885 0.587751 0.366536 0.588665 0.365885 0.589580 0.365234 0.589580 0.365234 0.590494 0.365234 0.591408 0.365234 0.592322 0.365234 0.593236 0.364583 0.594150 0.364583 0.595064 0.364583 0.595978 0.365234 0.596892 0.365885 0.597806 0.366536 0.596892 0.367188 0.596892 0.367188 0.595978 0.367839 0.595064 0.367839 0.594150 0.367188 0.593236 0.367839 0.592322 0.367188 0.591408 0.366536 0.590494 0.365885 0.589580 0.366536 0.588665 0.367188 0.587751 0.367839 0.586837 0.368490 0.585923 0.369141 0.585009 0.369141 0.584095 0.369141 0.583181 0.369141 0.582267 0.369141 0.581353 0.368490 0.580439 0.368490 0.579525 0.367839 0.579525 0.367188 0.579525 0.366536 0.578611 0.365885 0.579525 0.365234 0.580439 0.364583 0.579525 0.363932 0.578611 0.363281 0.577697 0.362630 0.576782 0.361979 0.575868 0.362630 0.574954 0.363281 0.574040 0.363932 0.574040 0.364583 0.573126 0.365234 0.572212 0.365885 0.572212 0.366536 0.571298 0.367188 0.570384 0.367839 0.569470 0.367839 0.568556 0.367839 0.567642 0.367839 0.566728 0.367839 0.565814 0.367839 0.564899 0.367188 0.563985 0.367188 0.563071 0.367839 0.562157 0.367839 0.561243 0.368490 0.560329 0.368490 0.559415 0.369141 0.558501 0.369792 0.557587 0.370443 0.557587 0.371094 0.556673 0.371745 0.555759 0.372396 0.555759 0.373047 0.555759 0.372396 0.554845 0.373047 0.553931 0.372396 0.553016 0.371745 0.552102 0.371745 0.551188 0.371745 0.550274 0.371094 0.550274 0.370443 0.550274 0.369792 0.550274
0 0.441406 0.548446 0.440755 0.549360 0.440104 0.550274 0.440104 0.551188 0.440755 0.552102 0.440755 0.553016 0.440755 0.553931 0.440755 0.554845 0.441406 0.555759 0.441406 0.556673 0.441406 0.557587 0.441406 0.558501 0.441406 0.559415 0.440755 0.560329 0.440104 0.561243 0.439453 0.562157 0.438802 0.563071 0.438151 0.563071 0.437500 0.563985 0.437500 0.564899 0.438151 0.565814 0.438151 0.566728 0.438802 0.567642 0.439453 0.567642 0.440104 0.568556 0.440755 0.568556 0.441406 0.568556 0.442057 0.568556 0.442708 0.567642 0.443359 0.567642 0.444010 0.567642 0.444661 0.567642 0.445312 0.567642 0.445964 0.568556 0.446615 0.569470 0.445964 0.570384 0.445312 0.571298 0.444661 0.572212 0.444010 0.573126 0.443359 0.574040 0.442708 0.574954 0.442057 0.575868 0.442057 0.576782 0.441406 0.577697 0.440755 0.578611 0.440104 0.579525 0.439453 0.580439 0.438802 0.581353 0.438151 0.582267 0.438151 0.583181 0.438151 0.584095 0.438802 0.585009 0.439453 0.585009 0.440104 0.585009 0.440755 0.585009 0.441406 0.585923 0.442057 0.586837 0.442708 0.587751 0.442708 0.588665 0.443359 0.589580 0.443359 0.590494 0.443359 0.591408 0.443359 0.592322 0.442708 0.593236 0.442057 0.594150 0.441406 0.594150 0.440755 0.595064 0.440104 0.595064 0.439453 0.595978 0.438802 0.596892 0.438802 0.597806 0.438802 0.598720 0.438802 0.599634 0.439453 0.600548 0.440104 0.601463 0.440104 0.602377 0.440104 0.603291 0.440755 0.604205 0.441406 0.605119 0.441406 0.606033 0.442057 0.605119 0.442708 0.605119 0.443359 0.604205 0.444010 0.603291 0.444661 0.604205 0.445312 0.603291 0.445964 0.604205 0.446615 0.603291 0.447266 0.602377 0.447917 0.601463 0.447917 0.600548 0.448568 0.599634 0.449219 0.598720 0.449870 0.597806 0.450521 0.597806 0.450521 0.596892 0.449870 0.595978 0.449219 0.595064 0.449870 0.594150 0.449219 0.593236 0.449219 0.592322 0.449219 0.591408 0.449219 0.590494 0.448568 0.589580 0.448568 0.588665 0.449219 0.587751 0.448568 0.586837 0.448568 0.585923 0.448568 0.585009 0.447917 0.584095 0.448568 0.583181 0.447917 0.582267 0.447917 0.581353 0.447917 0.580439 0.448568 0.579525 0.449219 0.578611 0.449870 0.577697 0.450521 0.577697 0.451172 0.576782 0.451823 0.576782 0.452474 0.575868 0.453125 0.575868 0.453776 0.574954 0.454427 0.574040 0.455078 0.573126 0.455729 0.572212 0.456380 0.571298 0.457031 0.570384 0.457682 0.570384 0.457682 0.569470 0.458333 0.568556 0.458333 0.567642 0.458984 0.566728 0.459635 0.565814 0.460286 0.566728 0.460938 0.566728 0.461589 0.567642 0.462240 0.568556 0.462891 0.569470 0.463542 0.570384 0.464193 0.571298 0.464193 0.572212 0.464193 0.573126 0.464844 0.574040 0.465495 0.574954 0.465495 0.575868 0.466146 0.576782 0.466797 0.577697 0.466797 0.578611 0.467448 0.579525 0.467448 0.580439 0.467448 0.581353 0.468099 0.582267 0.468099 0.583181 0.467448 0.584095 0.466797 0.585009 0.466146 0.585923 0.466146 0.586837 0.465495 0.587751 0.466146 0.588665 0.466146 0.589580 0.466797 0.590494 0.466797 0.591408 0.467448 0.592322 0.468099 0.593236 0.468750 0.594150 0.469401 0.595064 0.470052 0.595978 0.470052 0.596892 0.470703 0.597806 0.471354 0.598720 0.471354 0.599634 0.472005 0.599634 0.472656 0.600548 0.473307 0.600548 0.473958 0.601463 0.474609 0.602377 0.475260 0.602377 0.475911 0.603291 0.476562 0.604205 0.477214 0.605119 0.477865 0.605119 0.478516 0.606033 0.479167 0.606033 0.479818 0.606033 0.480469 0.605119 0.480469 0.604205 0.480469 0.603291 0.480469 0.602377 0.480469 0.601463 0.481120 0.600548 0.481120 0.599634 0.480469 0.598720 0.481120 0.597806 0.481120 0.596892 0.481120 0.595978 0.481120 0.595064 0.481120 0.594150 0.481120 0.593236 0.481771 0.592322 0.481120 0.591408 0.481120 0.590494 0.481120 0.589580 0.480469 0.588665 0.480469 0.587751 0.479818 0.586837 0.479818 0.585923 0.479167 0.585009 0.478516 0.584095 0.477865 0.583181 0.477214 0.583181 0.476562 0.582267 0.475911 0.582267 0.475260 0.582267 0.474609 0.581353 0.473958 0.580439 0.473307 0.579525 0.472656 0.578611 0.472005 0.577697 0.472005 0.576782 0.472005 0.575868 0.471354 0.574954 0.471354 0.574040 0.471354 0.573126 0.471354 0.572212 0.471354 0.571298 0.471354 0.570384 0.472005 0.569470 0.472005 0.568556 0.472005 0.567642 0.472005 0.566728 0.472005 0.565814 0.472005 0.564899 0.472656 0.563985 0.472005 0.563071 0.472005 0.562157 0.472005 0.561243 0.471354 0.560329 0.470703 0.560329 0.470052 0.559415 0.469401 0.559415 0.468750 0.559415 0.468099 0.558501 0.467448 0.558501 0.466797 0.558501 0.466146 0.558501 0.465495 0.558501 0.464844 0.557587 0.464193 0.556673 0.463542 0.556673 0.462891 0.555759 0.462240 0.555759 0.461589 0.555759 0.460938 0.554845 0.460286 0.554845 0.459635 0.554845 0.458984 0.554845 0.458333 0.555759 0.457682 0.555759 0.457031 0.555759 0.456380 0.555759 0.455729 0.556673 0.455078 0.557587 0.454427 0.558501 0.454427 0.559415 0.454427 0.560329 0.453776 0.561243 0.453776 0.562157 0.453125 0.563071 0.452474 0.563985 0.451823 0.564899 0.451172 0.565814 0.450521 0.565814 0.449870 0.565814 0.449219 0.564899 0.448568 0.563985 0.448568 0.563071 0.448568 0.562157 0.448568 0.561243 0.448568 0.560329 0.448568 0.559415 0.447917 0.558501 0.447917 0.557587 0.447266 0.556673 0.447266 0.555759 0.446615 0.554845 0.445964 0.553931 0.445312 0.553016 0.444661 0.552102 0.444010 0.551188 0.443359 0.550274 0.442708 0.550274 0.442057 0.549360
0 0.100911 0.546618 0.100260 0.547532 0.099609 0.548446 0.098958 0.548446 0.098307 0.549360 0.097656 0.550274 0.097005 0.550274 0.096354 0.550274 0.095703 0.551188 0.095052 0.552102 0.094401 0.552102 0.093750 0.553016 0.093099 0.553931 0.092448 0.553931 0.091797 0.554845 0.091146 0.554845 0.090495 0.555759 0.089844 0.556673 0.089193 0.557587 0.088542 0.558501 0.087891 0.558501 0.087240 0.559415 0.086589 0.560329 0.085938 0.561243 0.085286 0.561243 0.085286 0.562157 0.084635 0.563071 0.084635 0.563985 0.084635 0.564899 0.085286 0.565814 0.085286 0.566728 0.085286 0.567642 0.085938 0.568556 0.086589 0.569470 0.086589 0.570384 0.087240 0.571298 0.087240 0.572212 0.087240 0.573126 0.087891 0.574040 0.088542 0.574954 0.088542 0.575868 0.088542 0.576782 0.087891 0.577697 0.087240 0.578611 0.086589 0.577697 0.085938 0.577697 0.085286 0.576782 0.084635 0.576782 0.083984 0.576782 0.083333 0.576782 0.082682 0.576782 0.082031 0.576782 0.081380 0.576782 0.080729 0.576782 0.080078 0.575868 0.079427 0.575868 0.078776 0.575868 0.078125 0.575868 0.077474 0.575868 0.076823 0.574954 0.076172 0.574954 0.075521 0.575868 0.075521 0.576782 0.074870 0.577697 0.074219 0.578611 0.074870 0.579525 0.074870 0.580439 0.075521 0.581353 0.075521 0.582267 0.076172 0.583181 0.076823 0.584095 0.077474 0.585009 0.078125 0.585923 0.077474 0.586837 0.077474 0.587751 0.077474 0.588665 0.077474 0.589580 0.077474 0.590494 0.077474 0.591408 0.077474 0.592322 0.077474 0.593236 0.078125 0.594150 0.078776 0.594150 0.079427 0.595064 0.080078 0.595978 0.080729 0.595978 0.081380 0.595064 0.082031 0.594150 0.082682 0.593236 0.082031 0.592322 0.082682 0.591408 0.083333 0.590494 0.083984 0.590494 0.084635 0.591408 0.085286 0.592322 0.085286 0.593236 0.085286 0.594150 0.085938 0.594150 0.086589 0.595064 0.087240 0.595064 0.087891 0.595064 0.088542 0.595064 0.089193 0.594150 0.089193 0.593236 0.089193 0.592322 0.089193 0.591408 0.088542 0.590494 0.087891 0.589580 0.087240 0.588665 0.086589 0.587751 0.087240 0.586837 0.087240 0.585923 0.087891 0.585009 0.087891 0.584095 0.087891 0.583181 0.087891 0.582267 0.088542 0.581353 0.087891 0.580439 0.087891 0.579525 0.088542 0.578611 0.089193 0.577697 0.089844 0.578611 0.090495 0.578611 0.091146 0.578611 0.091797 0.579525 0.092448 0.580439 0.093099 0.581353 0.093099 0.582267 0.093750 0.583181 0.094401 0.584095 0.094401 0.585009 0.095052 0.585009 0.095703 0.585009 0.096354 0.585009 0.097005 0.585923 0.097656 0.585009 0.098307 0.585923 0.098958 0.586837 0.098958 0.587751 0.098307 0.588665 0.098307 0.589580 0.097656 0.590494 0.098307 0.591408 0.097656 0.592322 0.098307 0.593236 0.098307 0.594150 0.098958 0.595064 0.099609 0.595978 0.100260 0.595978 0.100911 0.596892 0.101562 0.596892 0.102214 0.596892 0.102865 0.596892 0.103516 0.596892 0.103516 0.595978 0.103516 0.595064 0.104167 0.594150 0.104167 0.593236 0.103516 0.592322 0.104167 0.591408 0.103516 0.590494 0.103516 0.589580 0.102865 0.588665 0.102214 0.587751 0.101562 0.586837 0.100911 0.585923 0.101562 0.585009 0.102214 0.584095 0.102865 0.583181 0.103516 0.583181 0.104167 0.583181 0.104818 0.584095 0.105469 0.585009 0.106120 0.585923 0.106771 0.585923 0.107422 0.586837 0.108073 0.586837 0.108724 0.585923 0.108724 0.585009 0.108724 0.584095 0.108724 0.583181 0.108724 0.582267 0.108724 0.581353 0.108724 0.580439 0.108724 0.579525 0.108073 0.578611 0.107422 0.577697 0.106771 0.576782 0.106120 0.575868 0.106771 0.574954 0.107422 0.574040 0.108073 0.573126 0.108724 0.573126 0.109375 0.572212 0.110026 0.572212 0.110677 0.571298 0.111328 0.571298 0.111328 0.570384 0.111328 0.569470 0.111328 0.568556 0.111979 0.567642 0.111979 0.566728 0.111979 0.565814 0.111328 0.564899 0.111979 0.563985 0.112630 0.563071 0.112630 0.562157 0.112630 0.561243 0.111979 0.560329 0.111328 0.559415 0.110677 0.558501 0.110026 0.557587 0.109375 0.557587 0.108724 0.556673 0.108073 0.555759 0.107422 0.554845 0.106771 0.553931 0.106771 0.553016 0.106120 0.552102 0.105469 0.551188 0.105469 0.550274 0.104818 0.549360 0.104818 0.548446 0.104167 0.547532 0.103516 0.546618 0.102865 0.546618 0.102214 0.546618 0.101562 0.546618
0 0.004557 0.544790 0.003906 0.545704 0.003255 0.545704 0.002604 0.545704 0.001953 0.545704 0.001302 0.545704 0.000651 0.545704 0.000651 0.546618 0.000651 0.547532 0.000651 0.548446 0.000651 0.549360 0.000651 0.550274 0.000651 0.551188 0.000651 0.552102 0.000651 0.553016 0.000651 0.553931 0.000651 0.554845 0.000651 0.555759 0.001302 0.556673 0.001953 0.557587 0.001953 0.558501 0.001953 0.559415 0.002604 0.560329 0.002604 0.561243 0.002604 0.562157 0.001953 0.563071 0.002604 0.563985 0.001953 0.564899 0.001302 0.565814 0.000651 0.566728 0.000651 0.567642 0.000651 0.568556 0.000651 0.569470 0.000651 0.570384 0.000651 0.571298 0.000651 0.572212 0.000651 0.573126 0.000651 0.574040 0.000651 0.574954 0.000651 0.575868 0.000651 0.576782 0.000651 0.577697 0.000651 0.578611 0.000651 0.579525 0.000651 0.580439 0.000651 0.581353 0.000651 0.582267 0.000651 0.583181 0.000651 0.584095 0.001302 0.585009 0.001953 0.585923 0.002604 0.586837 0.001953 0.587751 0.002604 0.588665 0.003255 0.587751 0.003906 0.587751 0.003906 0.586837 0.003906 0.585923 0.003255 0.585009 0.003255 0.584095 0.003255 0.583181 0.003255 0.582267 0.003255 0.581353 0.003255 0.580439 0.003255 0.579525 0.003906 0.578611 0.004557 0.577697 0.005208 0.576782 0.005859 0.575868 0.006510 0.575868 0.007161 0.574954 0.007812 0.574954 0.008464 0.574954 0.009115 0.574954 0.009766 0.574040 0.010417 0.574040 0.011068 0.573126 0.011719 0.573126 0.012370 0.572212 0.013021 0.572212 0.013672 0.572212 0.014323 0.571298 0.014974 0.571298 0.015625 0.570384 0.016276 0.569470 0.016927 0.568556 0.017578 0.567642 0.017578 0.566728 0.018229 0.565814 0.018880 0.564899 0.018880 0.563985 0.019531 0.563071 0.019531 0.562157 0.020182 0.561243 0.020182 0.560329 0.020182 0.559415 0.020182 0.558501 0.020182 0.557587 0.019531 0.556673 0.019531 0.555759 0.019531 0.554845 0.018880 0.553931 0.018229 0.553016 0.018229 0.552102 0.017578 0.551188 0.016927 0.550274 0.016276 0.549360 0.015625 0.549360 0.014974 0.548446 0.014323 0.548446 0.013672 0.548446 0.013021 0.547532 0.012370 0.546618 0.011719 0.545704 0.011068 0.544790 0.010417 0.544790 0.009766 0.544790 0.009115 0.545704 0.008464 0.545704 0.007812 0.546618 0.007161 0.545704 0.006510 0.545704 0.005859 0.545704 0.005208 0.545704
0 0.903646 0.543876 0.902995 0.544790 0.902344 0.544790 0.901693 0.544790 0.901042 0.545704 0.901042 0.546618 0.900391 0.547532 0.900391 0.548446 0.900391 0.549360 0.900391 0.550274 0.900391 0.551188 0.901042 0.552102 0.901042 0.553016 0.901042 0.553931 0.901693 0.554845 0.901693 0.555759 0.901693 0.556673 0.902344 0.557587 0.902995 0.558501 0.902995 0.559415 0.902995 0.560329 0.902344 0.561243 0.902344 0.562157 0.901693 0.563071 0.901693 0.563985 0.901693 0.564899 0.901042 0.565814 0.901042 0.566728 0.900391 0.567642 0.901042 0.568556 0.901693 0.569470 0.901693 0.570384 0.902344 0.571298 0.902995 0.572212 0.902995 0.573126 0.903646 0.574040 0.903646 0.574954 0.904297 0.575868 0.904948 0.575868 0.905599 0.576782 0.906250 0.576782 0.906901 0.576782 0.907552 0.576782 0.908203 0.575868 0.908854 0.574954 0.909505 0.574040 0.910156 0.573126 0.910807 0.572212 0.911458 0.571298 0.912109 0.570384 0.912760 0.569470 0.912760 0.568556 0.913411 0.567642 0.912760 0.566728 0.912109 0.565814 0.911458 0.564899 0.910807 0.564899 0.910156 0.563985 0.909505 0.563071 0.910156 0.562157 0.909505 0.561243 0.910156 0.560329 0.910156 0.559415 0.910807 0.558501 0.910807 0.557587 0.910807 0.556673 0.911458 0.555759 0.911458 0.554845 0.911458 0.553931 0.911458 0.553016 0.910807 0.552102 0.910807 0.551188 0.910807 0.550274 0.910156 0.549360 0.910156 0.548446 0.910156 0.547532 0.909505 0.547532 0.908854 0.546618 0.908203 0.545704 0.907552 0.545704 0.906901 0.544790 0.906250 0.544790 0.905599 0.544790 0.904948 0.544790 0.904297 0.544790
0 0.257812 0.540219 0.257161 0.541133 0.256510 0.541133 0.256510 0.542048 0.255859 0.542962 0.255859 0.543876 0.255859 0.544790 0.255859 0.545704 0.255859 0.546618 0.255208 0.547532 0.255208 0.548446 0.255859 0.549360 0.255859 0.550274 0.255859 0.551188 0.255859 0.552102 0.255859 0.553016 0.256510 0.553931 0.257161 0.553931 0.257812 0.554845 0.258464 0.554845 0.259115 0.553931 0.259766 0.554845 0.260417 0.553931 0.261068 0.553931 0.261719 0.553931 0.262370 0.553931 0.262370 0.553016 0.263021 0.552102 0.263672 0.551188 0.263672 0.550274 0.263672 0.549360 0.263672 0.548446 0.263672 0.547532 0.263021 0.546618 0.263021 0.545704 0.263021 0.544790 0.262370 0.543876 0.262370 0.542962 0.261719 0.542048 0.261068 0.541133 0.260417 0.541133 0.259766 0.541133 0.259115 0.540219 0.258464 0.540219
0 0.163411 0.540219 0.163411 0.541133 0.164062 0.542048 0.164062 0.542962 0.163411 0.543876 0.164062 0.544790 0.163411 0.545704 0.162760 0.546618 0.162109 0.547532 0.161458 0.547532 0.161458 0.548446 0.161458 0.549360 0.162109 0.550274 0.161458 0.551188 0.161458 0.552102 0.162109 0.553016 0.162109 0.553931 0.162109 0.554845 0.162760 0.555759 0.162109 0.556673 0.162109 0.557587 0.161458 0.558501 0.160807 0.559415 0.160156 0.560329 0.159505 0.560329 0.159505 0.561243 0.158854 0.562157 0.158203 0.563071 0.158203 0.563985 0.157552 0.564899 0.157552 0.565814 0.157552 0.566728 0.158203 0.567642 0.158203 0.568556 0.158854 0.569470 0.158854 0.570384 0.159505 0.571298 0.159505 0.572212 0.160156 0.573126 0.160156 0.574040 0.160156 0.574954 0.159505 0.575868 0.159505 0.576782 0.159505 0.577697 0.159505 0.578611 0.159505 0.579525 0.159505 0.580439 0.158854 0.581353 0.158203 0.582267 0.157552 0.581353 0.156901 0.580439 0.156901 0.579525 0.156901 0.578611 0.156901 0.577697 0.156901 0.576782 0.156901 0.575868 0.156901 0.574954 0.156250 0.574040 0.156250 0.573126 0.155599 0.572212 0.154948 0.572212 0.154297 0.571298 0.153646 0.571298 0.152995 0.570384 0.152344 0.570384 0.151693 0.571298 0.151042 0.570384 0.150391 0.570384 0.149740 0.570384 0.149089 0.571298 0.149089 0.572212 0.148438 0.573126 0.147786 0.574040 0.147786 0.574954 0.147786 0.575868 0.147786 0.576782 0.147786 0.577697 0.147786 0.578611 0.147786 0.579525 0.147786 0.580439 0.147786 0.581353 0.147786 0.582267 0.147135 0.583181 0.147786 0.584095 0.147135 0.585009 0.147786 0.585923 0.147786 0.586837 0.148438 0.587751 0.148438 0.588665 0.149089 0.589580 0.149740 0.590494 0.150391 0.589580 0.151042 0.590494 0.151693 0.590494 0.152344 0.590494 0.152995 0.589580 0.153646 0.589580 0.154297 0.589580 0.154948 0.588665 0.155599 0.588665 0.156250 0.588665 0.156901 0.589580 0.157552 0.590494 0.157552 0.591408 0.158203 0.592322 0.158203 0.593236 0.158854 0.594150 0.158854 0.595064 0.159505 0.595978 0.160156 0.595978 0.160807 0.596892 0.161458 0.596892 0.162109 0.595978 0.162760 0.595978 0.163411 0.595064 0.164062 0.595978 0.164714 0.595978 0.165365 0.596892 0.166016 0.597806 0.166667 0.598720 0.167318 0.598720 0.167969 0.599634 0.168620 0.599634 0.169271 0.599634 0.169922 0.598720 0.170573 0.598720 0.171224 0.598720 0.171224 0.597806 0.171875 0.596892 0.172526 0.595978 0.173177 0.595978 0.173828 0.595064 0.173828 0.594150 0.173828 0.593236 0.173828 0.592322 0.174479 0.591408 0.173828 0.590494 0.173828 0.589580 0.173177 0.588665 0.172526 0.588665 0.171875 0.587751 0.171224 0.587751 0.170573 0.587751 0.169922 0.587751 0.169271 0.587751 0.168620 0.586837 0.167969 0.585923 0.167318 0.585009 0.167318 0.584095 0.167318 0.583181 0.167318 0.582267 0.167969 0.581353 0.167969 0.580439 0.168620 0.579525 0.169271 0.578611 0.169922 0.577697 0.170573 0.576782 0.171224 0.576782 0.171875 0.577697 0.172526 0.578611 0.173177 0.579525 0.173828 0.580439 0.174479 0.581353 0.175130 0.582267 0.175781 0.582267 0.176432 0.582267 0.177083 0.582267 0.177734 0.582267 0.178385 0.582267 0.179036 0.583181 0.179688 0.584095 0.179688 0.585009 0.179688 0.585923 0.179688 0.586837 0.179688 0.587751 0.179688 0.588665 0.180339 0.589580 0.180339 0.590494 0.180990 0.590494 0.181641 0.591408 0.182292 0.591408 0.182943 0.591408 0.183594 0.592322 0.184245 0.592322 0.184896 0.591408 0.185547 0.590494 0.186198 0.590494 0.186849 0.589580 0.187500 0.588665 0.188151 0.588665 0.188802 0.589580 0.189453 0.589580 0.190104 0.590494 0.190755 0.591408 0.191406 0.591408 0.192057 0.592322 0.192057 0.591408 0.192057 0.590494 0.192057 0.589580 0.192057 0.588665 0.192057 0.587751 0.192708 0.586837 0.192708 0.585923 0.192708 0.585009 0.193359 0.584095 0.194010 0.583181 0.194661 0.583181 0.195312 0.582267 0.195964 0.581353 0.196615 0.582267 0.197266 0.583181 0.197917 0.584095 0.197917 0.585009 0.198568 0.585923 0.199219 0.586837 0.199219 0.587751 0.199870 0.586837 0.200521 0.587751 0.201172 0.586837 0.201823 0.586837 0.201823 0.585923 0.202474 0.585009 0.202474 0.584095 0.202474 0.583181 0.202474 0.582267 0.202474 0.581353 0.201823 0.580439 0.201172 0.580439 0.200521 0.579525 0.199870 0.580439 0.199219 0.580439 0.198568 0.580439 0.197917 0.580439 0.197266 0.579525 0.196615 0.578611 0.195964 0.577697 0.195312 0.577697 0.194661 0.576782 0.194010 0.576782 0.193359 0.576782 0.192708 0.577697 0.192057 0.578611 0.191406 0.579525 0.190755 0.580439 0.190104 0.580439 0.189453 0.580439 0.188802 0.581353 0.188151 0.581353 0.187500 0.582267 0.186849 0.583181 0.186198 0.584095 0.185547 0.585009 0.184896 0.584095 0.184245 0.584095 0.183594 0.583181 0.182943 0.582267 0.182292 0.581353 0.181641 0.580439 0.182292 0.579525 0.182292 0.578611 0.182292 0.577697 0.182292 0.576782 0.182292 0.575868 0.182292 0.574954 0.182292 0.574040 0.182943 0.573126 0.182292 0.572212 0.182292 0.571298 0.182292 0.570384 0.181641 0.569470 0.181641 0.568556 0.180990 0.567642 0.180990 0.566728 0.180339 0.565814 0.179688 0.564899 0.179688 0.563985 0.179036 0.563071 0.178385 0.562157 0.177734 0.561243 0.177734 0.560329 0.177083 0.560329 0.176432 0.559415 0.175781 0.558501 0.175130 0.558501 0.174479 0.558501 0.173828 0.558501 0.173177 0.557587 0.172526 0.556673 0.171875 0.555759 0.171875 0.554845 0.171875 0.553931 0.171875 0.553016 0.171224 0.552102 0.171224 0.551188 0.170573 0.550274 0.169922 0.550274 0.169271 0.550274 0.168620 0.550274 0.167969 0.550274 0.167318 0.549360 0.166667 0.548446 0.166016 0.547532 0.166016 0.546618 0.165365 0.545704 0.164714 0.544790 0.164062 0.544790 0.163411 0.543876 0.164062 0.542962 0.164714 0.542048 0.164714 0.541133 0.164714 0.540219 0.164062 0.540219
0 0.145833 0.539305 0.145182 0.540219 0.144531 0.540219 0.143880 0.541133 0.143229 0.542048 0.143229 0.542962 0.143229 0.543876 0.143229 0.544790 0.143229 0.545704 0.143229 0.546618 0.143229 0.547532 0.143880 0.548446 0.143880 0.549360 0.144531 0.550274 0.144531 0.551188 0.145182 0.550274 0.145833 0.550274 0.146484 0.550274 0.147135 0.550274 0.147786 0.550274 0.148438 0.549360 0.148438 0.548446 0.149089 0.547532 0.149089 0.546618 0.149089 0.545704 0.148438 0.544790 0.148438 0.543876 0.148438 0.542962 0.147786 0.542048 0.147786 0.541133 0.147135 0.540219 0.146484 0.540219
0 0.298177 0.537477 0.297526 0.538391 0.296875 0.539305 0.296875 0.540219 0.296224 0.541133 0.296224 0.542048 0.295573 0.542962 0.295573 0.543876 0.294922 0.544790 0.294922 0.545704 0.294922 0.546618 0.294922 0.547532 0.295573 0.548446 0.296224 0.549360 0.296875 0.549360 0.297526 0.549360 0.298177 0.549360 0.298828 0.549360 0.299479 0.549360 0.300130 0.549360 0.300781 0.549360 0.301432 0.550274 0.302083 0.551188 0.301432 0.552102 0.301432 0.553016 0.300781 0.553931 0.300130 0.554845 0.300130 0.555759 0.300130 0.556673 0.300130 0.557587 0.300130 0.558501 0.300130 0.559415 0.300781 0.560329 0.300130 0.561243 0.299479 0.562157 0.300130 0.563071 0.299479 0.563985 0.298828 0.564899 0.298177 0.564899 0.297526 0.564899 0.296875 0.563985 0.296224 0.564899 0.295573 0.564899 0.294922 0.563985 0.294271 0.564899 0.293620 0.564899 0.292969 0.563985 0.292318 0.563071 0.292318 0.562157 0.292318 0.561243 0.291667 0.560329 0.291016 0.559415 0.290365 0.559415 0.289714 0.558501 0.289062 0.557587 0.289062 0.556673 0.289062 0.555759 0.289062 0.554845 0.288411 0.553931 0.287760 0.553016 0.287760 0.552102 0.287109 0.552102 0.286458 0.551188 0.285807 0.550274 0.285156 0.550274 0.284505 0.549360 0.283854 0.549360 0.283203 0.549360 0.282552 0.549360 0.281901 0.549360 0.281250 0.550274 0.280599 0.551188 0.279948 0.552102 0.279297 0.553016 0.279297 0.553931 0.278646 0.554845 0.278646 0.555759 0.278646 0.556673 0.278646 0.557587 0.278646 0.558501 0.279297 0.559415 0.279297 0.560329 0.279948 0.561243 0.280599 0.561243 0.281250 0.560329 0.281901 0.561243 0.282552 0.561243 0.283203 0.561243 0.283854 0.560329 0.284505 0.560329 0.285156 0.561243 0.285807 0.560329 0.286458 0.560329 0.287109 0.559415 0.287760 0.559415 0.288411 0.560329 0.289062 0.561243 0.289062 0.562157 0.289714 0.563071 0.290365 0.563985 0.291016 0.564899 0.291667 0.563985 0.292318 0.563985 0.292969 0.563985 0.293620 0.564899 0.293620 0.565814 0.293620 0.566728 0.294271 0.567642 0.294922 0.567642 0.295573 0.568556 0.296224 0.568556 0.296875 0.568556 0.297526 0.568556 0.298177 0.568556 0.298828 0.568556 0.299479 0.569470 0.300130 0.568556 0.300781 0.569470 0.301432 0.569470 0.301432 0.568556 0.301432 0.567642 0.302083 0.566728 0.302083 0.565814 0.302734 0.564899 0.303385 0.563985 0.304036 0.563071 0.304688 0.562157 0.305339 0.562157 0.305990 0.562157 0.306641 0.562157 0.307292 0.561243 0.307943 0.562157 0.308594 0.562157 0.309245 0.561243 0.309896 0.561243 0.310547 0.561243 0.311198 0.560329 0.311849 0.559415 0.312500 0.559415 0.313151 0.558501 0.313802 0.557587 0.313802 0.556673 0.313802 0.555759 0.313151 0.554845 0.313802 0.553931 0.313151 0.553016 0.312500 0.552102 0.311849 0.551188 0.311849 0.550274 0.311849 0.549360 0.311198 0.548446 0.310547 0.547532 0.310547 0.546618 0.309896 0.546618 0.309245 0.545704 0.308594 0.544790 0.307943 0.544790 0.307292 0.544790 0.306641 0.544790 0.305990 0.544790 0.305339 0.544790 0.304688 0.545704 0.304036 0.544790 0.303385 0.543876 0.303385 0.542962 0.303385 0.542048 0.302734 0.541133 0.302734 0.540219 0.302083 0.539305 0.301432 0.538391 0.300781 0.537477 0.300130 0.537477 0.299479 0.537477 0.298828 0.537477
0 0.228516 0.529250 0.227865 0.530165 0.227214 0.531079 0.226562 0.531993 0.225911 0.531993 0.225260 0.532907 0.224609 0.532907 0.224609 0.533821 0.223958 0.534735 0.223958 0.535649 0.223958 0.536563 0.223958 0.537477 0.224609 0.538391 0.224609 0.539305 0.224609 0.540219 0.224609 0.541133 0.225260 0.542048 0.225260 0.542962 0.225911 0.542962 0.226562 0.543876 0.227214 0.543876 0.227865 0.543876 0.227865 0.542962 0.228516 0.542048 0.229167 0.541133 0.229818 0.541133 0.230469 0.540219 0.231120 0.540219 0.231771 0.541133 0.232422 0.542048 0.232422 0.542962 0.233073 0.543876 0.233073 0.544790 0.233073 0.545704 0.232422 0.546618 0.231771 0.547532 0.231120 0.547532 0.230469 0.548446 0.229818 0.548446 0.229167 0.548446 0.229167 0.549360 0.229818 0.550274 0.230469 0.551188 0.230469 0.552102 0.231120 0.552102 0.231771 0.551188 0.232422 0.551188 0.232422 0.550274 0.233073 0.549360 0.232422 0.548446 0.233073 0.547532 0.233724 0.546618 0.234375 0.546618 0.235026 0.545704 0.235677 0.545704 0.236328 0.546618 0.236979 0.547532 0.237630 0.548446 0.238281 0.549360 0.238932 0.550274 0.239583 0.550274 0.240234 0.550274 0.240885 0.550274 0.241536 0.550274 0.241536 0.549360 0.242188 0.548446 0.242188 0.547532 0.242188 0.546618 0.242188 0.545704 0.242188 0.544790 0.241536 0.543876 0.240885 0.542962 0.240234 0.543876 0.239583 0.543876 0.238932 0.543876 0.238281 0.544790 0.237630 0.545704 0.236979 0.546618 0.236328 0.546618 0.235677 0.545704 0.235026 0.544790 0.235677 0.543876 0.235677 0.542962 0.235677 0.542048 0.236328 0.541133 0.236979 0.540219 0.236979 0.539305 0.236979 0.538391 0.236979 0.537477 0.236979 0.536563 0.236328 0.535649 0.236979 0.534735 0.236328 0.533821 0.235677 0.533821 0.235026 0.533821 0.234375 0.533821 0.233724 0.533821 0.233073 0.533821 0.232422 0.534735 0.231771 0.533821 0.231120 0.532907 0.231120 0.531993 0.230469 0.531079 0.230469 0.530165 0.229818 0.530165 0.229167 0.529250
0 0.373047 0.523766 0.372396 0.524680 0.371745 0.524680 0.371094 0.524680 0.371094 0.525594 0.370443 0.526508 0.370443 0.527422 0.371094 0.528336 0.370443 0.529250 0.371094 0.530165 0.371745 0.531079 0.372396 0.531079 0.373047 0.531993 0.373698 0.532907 0.373698 0.533821 0.373698 0.534735 0.374349 0.535649 0.374349 0.536563 0.374349 0.537477 0.375000 0.538391 0.375651 0.539305 0.375651 0.540219 0.376302 0.540219 0.376953 0.540219 0.377604 0.541133 0.378255 0.540219 0.378906 0.540219 0.379557 0.540219 0.380208 0.541133 0.380859 0.540219 0.381510 0.540219 0.382161 0.540219 0.382812 0.539305 0.383464 0.539305 0.384115 0.539305 0.384766 0.539305 0.385417 0.538391 0.386068 0.539305 0.386719 0.538391 0.387370 0.537477 0.387370 0.536563 0.387370 0.535649 0.387370 0.534735 0.388021 0.533821 0.387370 0.532907 0.387370 0.531993 0.387370 0.531079 0.386719 0.530165 0.386719 0.529250 0.386068 0.528336 0.385417 0.528336 0.384766 0.528336 0.384115 0.527422 0.383464 0.527422 0.382812 0.527422 0.382161 0.527422 0.381510 0.528336 0.380859 0.528336 0.380208 0.528336 0.379557 0.528336 0.378906 0.528336 0.378255 0.528336 0.377604 0.529250 0.376953 0.528336 0.376302 0.527422 0.376302 0.526508 0.375651 0.525594 0.375651 0.524680 0.375000 0.524680 0.374349 0.523766 0.373698 0.523766
0 0.960286 0.518282 0.959635 0.519196 0.958984 0.519196 0.958984 0.520110 0.958984 0.521024 0.958984 0.521938 0.958984 0.522852 0.958984 0.523766 0.958333 0.524680 0.957682 0.525594 0.957682 0.526508 0.957031 0.527422 0.957031 0.528336 0.956380 0.529250 0.957031 0.530165 0.956380 0.531079 0.955729 0.531993 0.955078 0.532907 0.954427 0.531993 0.953776 0.531993 0.953125 0.531993 0.952474 0.532907 0.951823 0.533821 0.951172 0.534735 0.950521 0.534735 0.949870 0.535649 0.949219 0.536563 0.948568 0.535649 0.949219 0.536563 0.949219 0.537477 0.949219 0.538391 0.949870 0.539305 0.950521 0.540219 0.950521 0.541133 0.950521 0.542048 0.949870 0.542962 0.949870 0.543876 0.949219 0.544790 0.948568 0.545704 0.947917 0.545704 0.947266 0.546618 0.946615 0.547532 0.945964 0.547532 0.945312 0.548446 0.944661 0.548446 0.944010 0.548446 0.943359 0.548446 0.942708 0.548446 0.942057 0.548446 0.942057 0.549360 0.941406 0.550274 0.941406 0.551188 0.940755 0.552102 0.940104 0.551188 0.940104 0.550274 0.939453 0.550274 0.938802 0.550274 0.938151 0.549360 0.937500 0.549360 0.936849 0.550274 0.936198 0.551188 0.935547 0.550274 0.934896 0.550274 0.934245 0.549360 0.933594 0.548446 0.932943 0.547532 0.932292 0.547532 0.931641 0.547532 0.930990 0.547532 0.930339 0.547532 0.929688 0.547532 0.929036 0.548446 0.928385 0.549360 0.927734 0.550274 0.927083 0.551188 0.927083 0.552102 0.927083 0.553016 0.927083 0.553931 0.927083 0.554845 0.927083 0.555759 0.927083 0.556673 0.927734 0.557587 0.927734 0.558501 0.928385 0.558501 0.929036 0.558501 0.929688 0.558501 0.930339 0.559415 0.930990 0.559415 0.931641 0.560329 0.932292 0.560329 0.932943 0.561243 0.933594 0.562157 0.933594 0.563071 0.933594 0.563985 0.934245 0.564899 0.934245 0.565814 0.933594 0.566728 0.933594 0.567642 0.934245 0.568556 0.934896 0.569470 0.934896 0.570384 0.934896 0.571298 0.934896 0.572212 0.934245 0.573126 0.934896 0.574040 0.934896 0.574954 0.934896 0.575868 0.935547 0.576782 0.936198 0.577697 0.936849 0.577697 0.937500 0.577697 0.938151 0.577697 0.938802 0.576782 0.939453 0.575868 0.940104 0.575868 0.940104 0.574954 0.940755 0.574040 0.941406 0.573126 0.942057 0.573126 0.942708 0.572212 0.943359 0.571298 0.944010 0.570384 0.944010 0.569470 0.944010 0.568556 0.944010 0.567642 0.944010 0.566728 0.944010 0.565814 0.944010 0.564899 0.943359 0.563985 0.943359 0.563071 0.943359 0.562157 0.942708 0.561243 0.942057 0.560329 0.941406 0.559415 0.941406 0.558501 0.940755 0.557587 0.940104 0.557587 0.939453 0.556673 0.938802 0.555759 0.938802 0.554845 0.939453 0.553931 0.940104 0.553016 0.940755 0.552102 0.941406 0.551188 0.942057 0.552102 0.942057 0.553016 0.942708 0.553016 0.943359 0.553931 0.944010 0.553931 0.944661 0.553931 0.945312 0.553931 0.945964 0.553931 0.946615 0.553931 0.947266 0.553931 0.947917 0.553016 0.948568 0.553931 0.949219 0.553931 0.949870 0.554845 0.950521 0.554845 0.951172 0.555759 0.951823 0.555759 0.952474 0.555759 0.953125 0.555759 0.953776 0.556673 0.954427 0.556673 0.955078 0.556673 0.955729 0.556673 0.956380 0.557587 0.957031 0.557587 0.957682 0.558501 0.958333 0.559415 0.958984 0.560329 0.958984 0.561243 0.959635 0.562157 0.959635 0.563071 0.960286 0.563985 0.960938 0.564899 0.961589 0.564899 0.962240 0.564899 0.962891 0.563985 0.963542 0.563071 0.964193 0.562157 0.964844 0.562157 0.965495 0.561243 0.966146 0.560329 0.966797 0.560329 0.966797 0.559415 0.967448 0.558501 0.968099 0.557587 0.968099 0.556673 0.968099 0.555759 0.968750 0.554845 0.968750 0.553931 0.969401 0.553016 0.969401 0.552102 0.969401 0.551188 0.968750 0.550274 0.968750 0.549360 0.968750 0.548446 0.968750 0.547532 0.968099 0.547532 0.967448 0.546618 0.966797 0.545704 0.966146 0.544790 0.965495 0.543876 0.964844 0.542962 0.964193 0.542048 0.964193 0.541133 0.963542 0.540219 0.963542 0.539305 0.962891 0.538391 0.962891 0.537477 0.962891 0.536563 0.962891 0.535649 0.962891 0.534735 0.962240 0.533821 0.962240 0.532907 0.962240 0.531993 0.962240 0.531079 0.962240 0.530165 0.962240 0.529250 0.962891 0.528336 0.962891 0.527422 0.962240 0.526508 0.962891 0.525594 0.962240 0.524680 0.962240 0.523766 0.962240 0.522852 0.962240 0.521938 0.962240 0.521024 0.962240 0.520110 0.961589 0.519196 0.960938 0.518282
0 0.156901 0.517367 0.156250 0.518282 0.155599 0.519196 0.154948 0.519196 0.155599 0.520110 0.155599 0.521024 0.155599 0.521938 0.155599 0.522852 0.155599 0.523766 0.154948 0.524680 0.154297 0.525594 0.153646 0.526508 0.152995 0.527422 0.152344 0.527422 0.151693 0.528336 0.151693 0.529250 0.151693 0.530165 0.152344 0.531079 0.152995 0.531993 0.153646 0.532907 0.153646 0.533821 0.154297 0.534735 0.154297 0.535649 0.154297 0.536563 0.154297 0.537477 0.154297 0.538391 0.154297 0.539305 0.154948 0.540219 0.154948 0.541133 0.154948 0.542048 0.154948 0.542962 0.154297 0.543876 0.154948 0.544790 0.155599 0.543876 0.156250 0.542962 0.156901 0.542048 0.157552 0.541133 0.158203 0.540219 0.158854 0.540219 0.158854 0.539305 0.159505 0.538391 0.158854 0.537477 0.158854 0.536563 0.158203 0.535649 0.158203 0.534735 0.158203 0.533821 0.157552 0.532907 0.157552 0.531993 0.158203 0.531079 0.158854 0.530165 0.159505 0.529250 0.160156 0.528336 0.160156 0.527422 0.160807 0.526508 0.160807 0.525594 0.160807 0.524680 0.160807 0.523766 0.160807 0.522852 0.160156 0.521938 0.160156 0.521024 0.160156 0.520110 0.159505 0.519196 0.158854 0.518282 0.158854 0.517367 0.158203 0.517367 0.157552 0.517367
0 0.650391 0.516453 0.649740 0.517367 0.649740 0.518282 0.649740 0.519196 0.649740 0.520110 0.650391 0.521024 0.650391 0.521938 0.651042 0.522852 0.651693 0.523766 0.652344 0.523766 0.652995 0.524680 0.653646 0.525594 0.654297 0.526508 0.654297 0.527422 0.654297 0.528336 0.654297 0.529250 0.654297 0.530165 0.653646 0.531079 0.653646 0.531993 0.653646 0.532907 0.653646 0.533821 0.653646 0.534735 0.654297 0.535649 0.654948 0.536563 0.654948 0.537477 0.655599 0.538391 0.655599 0.539305 0.656250 0.540219 0.656250 0.541133 0.656250 0.542048 0.655599 0.542962 0.654948 0.543876 0.654297 0.544790 0.653646 0.545704 0.653646 0.546618 0.653646 0.547532 0.653646 0.548446 0.653646 0.549360 0.653646 0.550274 0.653646 0.551188 0.654297 0.552102 0.654297 0.553016 0.654948 0.553016 0.655599 0.553931 0.656250 0.554845 0.656901 0.555759 0.657552 0.556673 0.658203 0.556673 0.658854 0.556673 0.659505 0.556673 0.660156 0.556673 0.660807 0.556673 0.661458 0.555759 0.662109 0.556673 0.662760 0.556673 0.663411 0.555759 0.664062 0.554845 0.664714 0.554845 0.665365 0.554845 0.666016 0.554845 0.666667 0.553931 0.667318 0.553931 0.667969 0.553931 0.668620 0.553931 0.669271 0.554845 0.669922 0.555759 0.670573 0.556673 0.671224 0.557587 0.671875 0.558501 0.672526 0.558501 0.673177 0.557587 0.673828 0.558501 0.674479 0.559415 0.674479 0.560329 0.674479 0.561243 0.674479 0.562157 0.675130 0.563071 0.674479 0.563985 0.674479 0.564899 0.675130 0.565814 0.675130 0.566728 0.675781 0.567642 0.675781 0.568556 0.676432 0.569470 0.677083 0.569470 0.677734 0.568556 0.678385 0.569470 0.679036 0.569470 0.679688 0.570384 0.680339 0.571298 0.680339 0.572212 0.680990 0.572212 0.681641 0.572212 0.682292 0.572212 0.682943 0.572212 0.683594 0.571298 0.683594 0.570384 0.684245 0.569470 0.684245 0.568556 0.684896 0.567642 0.685547 0.566728 0.686198 0.566728 0.686849 0.566728 0.687500 0.566728 0.688151 0.566728 0.688802 0.567642 0.689453 0.566728 0.690104 0.565814 0.690755 0.565814 0.690755 0.564899 0.691406 0.563985 0.692057 0.563071 0.692057 0.562157 0.692708 0.561243 0.692708 0.560329 0.692708 0.559415 0.693359 0.558501 0.693359 0.557587 0.694010 0.556673 0.694661 0.555759 0.694661 0.554845 0.694661 0.553931 0.694661 0.553016 0.694661 0.552102 0.694010 0.551188 0.693359 0.550274 0.692708 0.549360 0.692057 0.548446 0.691406 0.547532 0.692057 0.546618 0.691406 0.545704 0.692057 0.544790 0.692057 0.543876 0.692057 0.542962 0.692057 0.542048 0.692708 0.541133 0.692708 0.540219 0.693359 0.539305 0.694010 0.538391 0.694661 0.537477 0.695312 0.536563 0.694661 0.535649 0.694661 0.534735 0.694661 0.533821 0.694010 0.532907 0.694010 0.531993 0.693359 0.531993 0.692708 0.531993 0.692057 0.531079 0.691406 0.530165 0.691406 0.529250 0.690755 0.529250 0.690104 0.528336 0.689453 0.529250 0.688802 0.528336 0.688151 0.529250 0.687500 0.530165 0.686849 0.531079 0.687500 0.531993 0.686849 0.532907 0.687500 0.533821 0.686849 0.534735 0.686849 0.535649 0.686849 0.536563 0.686849 0.537477 0.686849 0.538391 0.686849 0.539305 0.687500 0.540219 0.687500 0.541133 0.687500 0.542048 0.687500 0.542962 0.687500 0.543876 0.686849 0.544790 0.686198 0.545704 0.685547 0.545704 0.684896 0.546618 0.684245 0.547532 0.684245 0.548446 0.683594 0.549360 0.683594 0.550274 0.682943 0.551188 0.682943 0.552102 0.682943 0.553016 0.682943 0.553931 0.682943 0.554845 0.682943 0.555759 0.682292 0.556673 0.681641 0.557587 0.680990 0.557587 0.680339 0.558501 0.679688 0.558501 0.679036 0.558501 0.678385 0.557587 0.677734 0.556673 0.677734 0.555759 0.677734 0.554845 0.678385 0.553931 0.679036 0.553016 0.679036 0.552102 0.679688 0.551188 0.679688 0.550274 0.679688 0.549360 0.680339 0.548446 0.680339 0.547532 0.680339 0.546618 0.680990 0.545704 0.680990 0.544790 0.680990 0.543876 0.680990 0.542962 0.680339 0.542048 0.679688 0.541133 0.680339 0.540219 0.680339 0.539305 0.680339 0.538391 0.679688 0.537477 0.679688 0.536563 0.679036 0.537477 0.679036 0.538391 0.678385 0.539305 0.677734 0.540219 0.677083 0.541133 0.676432 0.541133 0.675781 0.541133 0.675130 0.542048 0.674479 0.542048 0.673828 0.542962 0.673828 0.543876 0.673177 0.544790 0.672526 0.545704 0.671875 0.546618 0.671224 0.547532 0.670573 0.548446 0.669922 0.548446 0.669271 0.548446 0.668620 0.547532 0.667969 0.546618 0.667969 0.545704 0.667969 0.544790 0.667969 0.543876 0.667969 0.542962 0.667969 0.542048 0.668620 0.541133 0.668620 0.540219 0.669271 0.539305 0.669271 0.538391 0.669922 0.537477 0.669922 0.536563 0.669271 0.535649 0.669271 0.534735 0.668620 0.533821 0.667969 0.532907 0.667318 0.531993 0.666667 0.531079 0.666016 0.531079 0.665365 0.530165 0.664714 0.529250 0.664062 0.528336 0.663411 0.527422 0.662760 0.526508 0.662109 0.525594 0.661458 0.525594 0.660807 0.526508 0.660156 0.526508 0.659505 0.526508 0.658854 0.525594 0.658203 0.525594 0.657552 0.525594 0.656901 0.525594 0.656250 0.524680 0.655599 0.523766 0.654948 0.522852 0.654948 0.521938 0.654948 0.521024 0.654948 0.520110 0.654948 0.519196 0.654297 0.518282 0.653646 0.517367 0.652995 0.517367 0.652344 0.516453 0.651693 0.516453 0.651042 0.516453
0 0.994141 0.514625 0.993490 0.515539 0.992839 0.515539 0.992188 0.515539 0.991536 0.516453 0.990885 0.516453 0.990234 0.516453 0.989583 0.515539 0.988932 0.516453 0.988281 0.516453 0.987630 0.517367 0.987630 0.518282 0.986979 0.519196 0.986328 0.520110 0.985677 0.520110 0.985026 0.520110 0.984375 0.521024 0.983724 0.521938 0.983073 0.521938 0.982422 0.522852 0.981771 0.523766 0.981120 0.524680 0.980469 0.525594 0.979818 0.525594 0.979167 0.526508 0.978516 0.527422 0.977865 0.528336 0.978516 0.529250 0.978516 0.530165 0.978516 0.531079 0.979167 0.531993 0.979818 0.531993 0.980469 0.532907 0.981120 0.532907 0.981771 0.533821 0.982422 0.533821 0.983073 0.533821 0.983724 0.533821 0.984375 0.534735 0.985026 0.534735 0.985677 0.535649 0.986328 0.535649 0.986979 0.534735 0.987630 0.533821 0.988281 0.533821 0.988932 0.533821 0.989583 0.532907 0.990234 0.532907 0.990885 0.531993 0.991536 0.532907 0.992188 0.532907 0.992839 0.533821 0.993490 0.534735 0.993490 0.535649 0.993490 0.536563 0.994141 0.537477 0.994141 0.538391 0.993490 0.539305 0.993490 0.540219 0.993490 0.541133 0.992839 0.542048 0.992188 0.542962 0.991536 0.542962 0.990885 0.543876 0.990234 0.543876 0.989583 0.544790 0.989583 0.545704 0.988932 0.546618 0.988932 0.547532 0.989583 0.548446 0.989583 0.549360 0.990234 0.550274 0.990885 0.550274 0.991536 0.551188 0.992188 0.551188 0.992839 0.550274 0.993490 0.550274 0.994141 0.549360 0.994792 0.549360 0.995443 0.549360 0.996094 0.548446 0.996745 0.548446 0.997396 0.547532 0.998047 0.547532 0.997396 0.546618 0.997396 0.545704 0.998047 0.544790 0.998698 0.543876 0.998698 0.542962 0.998698 0.542048 0.998698 0.541133 0.998698 0.540219 0.998698 0.539305 0.998698 0.538391 0.998698 0.537477 0.998698 0.536563 0.998698 0.535649 0.998698 0.534735 0.998698 0.533821 0.998698 0.532907 0.998698 0.531993 0.998698 0.531079 0.998698 0.530165 0.998698 0.529250 0.998698 0.528336 0.998698 0.527422 0.998698 0.526508 0.998698 0.525594 0.998698 0.524680 0.998698 0.523766 0.998698 0.522852 0.998698 0.521938 0.998698 0.521024 0.998698 0.520110 0.998698 0.519196 0.998698 0.518282 0.998698 0.517367 0.998698 0.516453 0.998698 0.515539 0.998698 0.514625 0.998047 0.514625 0.997396 0.514625 0.996745 0.514625 0.996094 0.514625 0.995443 0.515539 0.994792 0.514625
0 0.121745 0.513711 0.121094 0.514625 0.120443 0.515539 0.119792 0.514625 0.119141 0.514625 0.118490 0.514625 0.117839 0.514625 0.117188 0.514625 0.116536 0.514625 0.115885 0.514625 0.115234 0.514625 0.114583 0.515539 0.114583 0.516453 0.114583 0.517367 0.114583 0.518282 0.113932 0.519196 0.114583 0.520110 0.114583 0.521024 0.114583 0.521938 0.115234 0.522852 0.115234 0.523766 0.115885 0.524680 0.116536 0.524680 0.117188 0.525594 0.117839 0.526508 0.117839 0.527422 0.117188 0.528336 0.116536 0.529250 0.115885 0.530165 0.115234 0.531079 0.115885 0.531993 0.115234 0.532907 0.115234 0.533821 0.115885 0.534735 0.115885 0.535649 0.115885 0.536563 0.115885 0.537477 0.115885 0.538391 0.115234 0.539305 0.115234 0.540219 0.115234 0.541133 0.114583 0.542048 0.114583 0.542962 0.114583 0.543876 0.114583 0.544790 0.115234 0.545704 0.115234 0.546618 0.115234 0.547532 0.115234 0.548446 0.115885 0.549360 0.115885 0.550274 0.115885 0.551188 0.116536 0.552102 0.116536 0.553016 0.116536 0.553931 0.116536 0.554845 0.116536 0.555759 0.117188 0.556673 0.117188 0.557587 0.117188 0.558501 0.117188 0.559415 0.117839 0.560329 0.117839 0.561243 0.118490 0.562157 0.117839 0.563071 0.118490 0.563985 0.118490 0.564899 0.118490 0.565814 0.118490 0.566728 0.119141 0.567642 0.119792 0.568556 0.120443 0.569470 0.120443 0.570384 0.121094 0.571298 0.121094 0.572212 0.121745 0.573126 0.121745 0.574040 0.122396 0.574954 0.121745 0.575868 0.122396 0.576782 0.121745 0.577697 0.121745 0.578611 0.121094 0.579525 0.120443 0.580439 0.119792 0.581353 0.119141 0.581353 0.118490 0.582267 0.117839 0.583181 0.117839 0.584095 0.117188 0.585009 0.117188 0.585923 0.117188 0.586837 0.117188 0.587751 0.117188 0.588665 0.117839 0.589580 0.117839 0.590494 0.118490 0.591408 0.119141 0.592322 0.119792 0.593236 0.120443 0.593236 0.121094 0.593236 0.121745 0.593236 0.121745 0.592322 0.122396 0.591408 0.122396 0.590494 0.123047 0.589580 0.123698 0.588665 0.124349 0.587751 0.125000 0.587751 0.125651 0.587751 0.126302 0.588665 0.126953 0.587751 0.127604 0.588665 0.128255 0.589580 0.128906 0.589580 0.129557 0.589580 0.130208 0.589580 0.130859 0.590494 0.131510 0.591408 0.131510 0.592322 0.130859 0.593236 0.130208 0.594150 0.129557 0.595064 0.128906 0.595978 0.128255 0.596892 0.127604 0.597806 0.128255 0.598720 0.127604 0.599634 0.128255 0.600548 0.128255 0.601463 0.128906 0.602377 0.128906 0.603291 0.129557 0.603291 0.130208 0.603291 0.130859 0.603291 0.131510 0.602377 0.132161 0.601463 0.132812 0.600548 0.133464 0.600548 0.134115 0.601463 0.134766 0.602377 0.135417 0.602377 0.136068 0.601463 0.136719 0.601463 0.137370 0.601463 0.138021 0.600548 0.138672 0.599634 0.139323 0.599634 0.139323 0.598720 0.139323 0.597806 0.139974 0.596892 0.139323 0.595978 0.139323 0.595064 0.139323 0.594150 0.139323 0.593236 0.139323 0.592322 0.139323 0.591408 0.139974 0.590494 0.140625 0.589580 0.140625 0.588665 0.140625 0.587751 0.141276 0.586837 0.141927 0.585923 0.141927 0.585009 0.142578 0.584095 0.143229 0.583181 0.143229 0.582267 0.143229 0.581353 0.143229 0.580439 0.143229 0.579525 0.143229 0.578611 0.142578 0.577697 0.142578 0.576782 0.142578 0.575868 0.141927 0.574954 0.141276 0.574040 0.141276 0.573126 0.140625 0.572212 0.140625 0.571298 0.141276 0.570384 0.141927 0.569470 0.141276 0.568556 0.141276 0.567642 0.141276 0.566728 0.140625 0.565814 0.139974 0.564899 0.140625 0.563985 0.139974 0.563071 0.139974 0.562157 0.139323 0.561243 0.138672 0.560329 0.138021 0.560329 0.137370 0.559415 0.136719 0.558501 0.136068 0.557587 0.136068 0.556673 0.135417 0.555759 0.135417 0.554845 0.134766 0.553931 0.134115 0.553016 0.133464 0.552102 0.132812 0.551188 0.132161 0.551188 0.131510 0.550274 0.130859 0.551188 0.130208 0.551188 0.129557 0.550274 0.128906 0.551188 0.128255 0.550274 0.127604 0.551188 0.126953 0.550274 0.126302 0.551188 0.125651 0.550274 0.125000 0.549360 0.124349 0.548446 0.123698 0.547532 0.123047 0.546618 0.122396 0.545704 0.122396 0.544790 0.121745 0.543876 0.122396 0.542962 0.122396 0.542048 0.122396 0.541133 0.122396 0.540219 0.123047 0.539305 0.123047 0.538391 0.123698 0.537477 0.124349 0.536563 0.124349 0.535649 0.125000 0.534735 0.125651 0.533821 0.126302 0.532907 0.126953 0.531993 0.126953 0.531079 0.126953 0.530165 0.127604 0.529250 0.128255 0.528336 0.128255 0.527422 0.127604 0.526508 0.126953 0.525594 0.126302 0.524680 0.126302 0.523766 0.125651 0.522852 0.125651 0.521938 0.125651 0.521024 0.125651 0.520110 0.125651 0.519196 0.125000 0.518282 0.125000 0.517367 0.125000 0.516453 0.125000 0.515539 0.125000 0.514625 0.124349 0.513711 0.123698 0.513711 0.123047 0.513711 0.122396 0.513711
0 0.788411 0.512797 0.787760 0.513711 0.787109 0.514625 0.787109 0.515539 0.787109 0.516453 0.787109 0.517367 0.786458 0.518282 0.787109 0.519196 0.787109 0.520110 0.787109 0.521024 0.787109 0.521938 0.787109 0.522852 0.787109 0.523766 0.787760 0.524680 0.787760 0.525594 0.788411 0.525594 0.789062 0.526508 0.789714 0.527422 0.789714 0.528336 0.789714 0.529250 0.789714 0.530165 0.789714 0.531079 0.789062 0.531993 0.788411 0.532907 0.788411 0.533821 0.788411 0.534735 0.789062 0.535649 0.789062 0.536563 0.789714 0.536563 0.790365 0.537477 0.791016 0.538391 0.790365 0.539305 0.791016 0.539305 0.791667 0.539305 0.792318 0.540219 0.792969 0.541133 0.792969 0.542048 0.792969 0.542962 0.792969 0.543876 0.792969 0.544790 0.792969 0.545704 0.793620 0.546618 0.794271 0.547532 0.794922 0.547532 0.795573 0.548446 0.796224 0.548446 0.796875 0.549360 0.797526 0.548446 0.798177 0.547532 0.798828 0.547532 0.799479 0.547532 0.800130 0.546618 0.800781 0.545704 0.801432 0.544790 0.802083 0.544790 0.802734 0.543876 0.802734 0.542962 0.802734 0.542048 0.803385 0.541133 0.802734 0.540219 0.802734 0.539305 0.802083 0.538391 0.801432 0.537477 0.800781 0.536563 0.800130 0.535649 0.800130 0.534735 0.800130 0.533821 0.799479 0.532907 0.799479 0.531993 0.799479 0.531079 0.798828 0.530165 0.798828 0.529250 0.798177 0.528336 0.797526 0.527422 0.796875 0.526508 0.796875 0.525594 0.796224 0.524680 0.795573 0.523766 0.795573 0.522852 0.795573 0.521938 0.795573 0.521024 0.795573 0.520110 0.795573 0.519196 0.795573 0.518282 0.794922 0.517367 0.794271 0.517367 0.793620 0.516453 0.792969 0.516453 0.792318 0.515539 0.791667 0.514625 0.791016 0.514625 0.790365 0.513711 0.789714 0.513711 0.789062 0.513711
0 0.615234 0.512797 0.615234 0.513711 0.614583 0.514625 0.614583 0.515539 0.614583 0.516453 0.614583 0.517367 0.615234 0.518282 0.615234 0.519196 0.615885 0.520110 0.615885 0.521024 0.615885 0.521938 0.616536 0.522852 0.616536 0.523766 0.617188 0.524680 0.617188 0.525594 0.617839 0.526508 0.617839 0.527422 0.618490 0.528336 0.618490 0.529250 0.619141 0.529250 0.619792 0.530165 0.620443 0.531079 0.621094 0.531993 0.621745 0.532907 0.622396 0.533821 0.623047 0.534735 0.623698 0.535649 0.624349 0.536563 0.624349 0.537477 0.625000 0.538391 0.625651 0.539305 0.625651 0.540219 0.625651 0.541133 0.626302 0.542048 0.626302 0.542962 0.626302 0.543876 0.626302 0.544790 0.626953 0.545704 0.627604 0.546618 0.628255 0.547532 0.628906 0.547532 0.629557 0.548446 0.630208 0.548446 0.630859 0.548446 0.631510 0.547532 0.632161 0.546618 0.632812 0.546618 0.633464 0.545704 0.633464 0.544790 0.633464 0.543876 0.633464 0.542962 0.633464 0.542048 0.633464 0.541133 0.633464 0.540219 0.633464 0.539305 0.633464 0.538391 0.632812 0.537477 0.632812 0.536563 0.633464 0.535649 0.634115 0.534735 0.634115 0.533821 0.634766 0.532907 0.634766 0.531993 0.635417 0.531079 0.634766 0.530165 0.635417 0.529250 0.636068 0.528336 0.635417 0.527422 0.636068 0.526508 0.636068 0.525594 0.636719 0.524680 0.636719 0.523766 0.636719 0.522852 0.636719 0.521938 0.636719 0.521024 0.636719 0.520110 0.636068 0.519196 0.636719 0.518282 0.636719 0.517367 0.636719 0.516453 0.636068 0.515539 0.636068 0.514625 0.635417 0.514625 0.634766 0.513711 0.634115 0.514625 0.633464 0.514625 0.632812 0.515539 0.632812 0.516453 0.632161 0.517367 0.631510 0.518282 0.630859 0.518282 0.631510 0.519196 0.630859 0.520110 0.630208 0.521024 0.630859 0.521938 0.630208 0.522852 0.630859 0.523766 0.630859 0.524680 0.630859 0.525594 0.630208 0.526508 0.630208 0.527422 0.630208 0.528336 0.630208 0.529250 0.629557 0.530165 0.629557 0.531079 0.629557 0.531993 0.629557 0.532907 0.628906 0.533821 0.628255 0.534735 0.627604 0.533821 0.626953 0.532907 0.626302 0.531993 0.625651 0.531079 0.625000 0.530165 0.624349 0.529250 0.624349 0.528336 0.624349 0.527422 0.624349 0.526508 0.625000 0.525594 0.624349 0.524680 0.624349 0.523766 0.623698 0.522852 0.623047 0.521938 0.622396 0.521024 0.621745 0.520110 0.621745 0.519196 0.621094 0.518282 0.620443 0.517367 0.619792 0.516453 0.619141 0.515539 0.619141 0.514625 0.618490 0.514625 0.617839 0.513711 0.617188 0.512797 0.616536 0.512797 0.615885 0.512797
0 0.868490 0.510969 0.867839 0.511883 0.867188 0.512797 0.867839 0.513711 0.867839 0.514625 0.867839 0.515539 0.868490 0.516453 0.869141 0.517367 0.869792 0.518282 0.870443 0.518282 0.871094 0.519196 0.871745 0.520110 0.871094 0.521024 0.870443 0.521938 0.869792 0.522852 0.869141 0.523766 0.868490 0.523766 0.867839 0.522852 0.867188 0.521938 0.866536 0.521024 0.865885 0.520110 0.865234 0.519196 0.864583 0.518282 0.864583 0.517367 0.863932 0.516453 0.863281 0.516453 0.862630 0.515539 0.861979 0.516453 0.861328 0.516453 0.860677 0.517367 0.860677 0.518282 0.860677 0.519196 0.860677 0.520110 0.860677 0.521024 0.861328 0.521938 0.861328 0.522852 0.861979 0.523766 0.862630 0.524680 0.862630 0.525594 0.863281 0.526508 0.863281 0.527422 0.863281 0.528336 0.863281 0.529250 0.862630 0.530165 0.862630 0.531079 0.862630 0.531993 0.861979 0.532907 0.861328 0.533821 0.860677 0.534735 0.860026 0.534735 0.859375 0.535649 0.858724 0.536563 0.858073 0.536563 0.858073 0.537477 0.858073 0.538391 0.858073 0.539305 0.857422 0.540219 0.857422 0.541133 0.856771 0.542048 0.856120 0.542962 0.855469 0.542962 0.854818 0.542962 0.854167 0.543876 0.853516 0.542962 0.852865 0.543876 0.852214 0.543876 0.851562 0.543876 0.850911 0.543876 0.850260 0.543876 0.849609 0.544790 0.848958 0.545704 0.848958 0.546618 0.848307 0.547532 0.847656 0.548446 0.847005 0.549360 0.846354 0.548446 0.845703 0.547532 0.845703 0.546618 0.845703 0.545704 0.845703 0.544790 0.845703 0.543876 0.845052 0.542962 0.844401 0.542048 0.843750 0.541133 0.843099 0.540219 0.842448 0.540219 0.841797 0.540219 0.841146 0.540219 0.840495 0.540219 0.839844 0.541133 0.839193 0.541133 0.838542 0.541133 0.837891 0.542048 0.837240 0.542962 0.836589 0.543876 0.836589 0.544790 0.835938 0.545704 0.835286 0.546618 0.834635 0.546618 0.833984 0.546618 0.833333 0.545704 0.832682 0.544790 0.832031 0.544790 0.831380 0.544790 0.830729 0.544790 0.830078 0.543876 0.829427 0.543876 0.828776 0.542962 0.828125 0.542962 0.827474 0.542962 0.826823 0.542962 0.826172 0.542962 0.825521 0.542048 0.824870 0.542962 0.824219 0.542048 0.823568 0.542962 0.822917 0.542962 0.822266 0.542962 0.821615 0.542962 0.820964 0.542962 0.820312 0.542962 0.819661 0.542962 0.819010 0.542048 0.818359 0.542048 0.817708 0.541133 0.817057 0.540219 0.816406 0.540219 0.815755 0.540219 0.815104 0.540219 0.814453 0.539305 0.813802 0.538391 0.813151 0.537477 0.813151 0.536563 0.813151 0.535649 0.813151 0.534735 0.813151 0.533821 0.812500 0.532907 0.812500 0.531993 0.811849 0.531079 0.812500 0.530165 0.811849 0.529250 0.811198 0.528336 0.811198 0.527422 0.810547 0.526508 0.810547 0.525594 0.809896 0.524680 0.809245 0.524680 0.808594 0.524680 0.807943 0.524680 0.807292 0.525594 0.806641 0.526508 0.806641 0.527422 0.805990 0.528336 0.805990 0.529250 0.805339 0.530165 0.805339 0.531079 0.805990 0.531993 0.805990 0.532907 0.806641 0.533821 0.806641 0.534735 0.806641 0.535649 0.807292 0.536563 0.807943 0.537477 0.807943 0.538391 0.808594 0.539305 0.808594 0.540219 0.809245 0.541133 0.808594 0.542048 0.807943 0.542962 0.807943 0.543876 0.807943 0.544790 0.808594 0.545704 0.808594 0.546618 0.808594 0.547532 0.808594 0.548446 0.809245 0.548446 0.809896 0.549360 0.810547 0.550274 0.811198 0.551188 0.811849 0.552102 0.811849 0.553016 0.811849 0.553931 0.812500 0.554845 0.811849 0.555759 0.811849 0.556673 0.811849 0.557587 0.812500 0.558501 0.812500 0.559415 0.812500 0.560329 0.812500 0.561243 0.813151 0.562157 0.813802 0.562157 0.814453 0.563071 0.815104 0.563985 0.815755 0.563985 0.816406 0.564899 0.817057 0.564899 0.817708 0.565814 0.818359 0.564899 0.819010 0.565814 0.819661 0.564899 0.820312 0.564899 0.820964 0.564899 0.821615 0.564899 0.822266 0.564899 0.822917 0.564899 0.823568 0.564899 0.824219 0.565814 0.824870 0.566728 0.824870 0.567642 0.824870 0.568556 0.824870 0.569470 0.824870 0.570384 0.825521 0.571298 0.825521 0.572212 0.825521 0.573126 0.826172 0.574040 0.826172 0.574954 0.826823 0.575868 0.827474 0.576782 0.826823 0.577697 0.827474 0.578611 0.828125 0.579525 0.828776 0.580439 0.829427 0.581353 0.830078 0.582267 0.830078 0.583181 0.830729 0.584095 0.831380 0.585009 0.832031 0.585923 0.832682 0.585923 0.833333 0.585923 0.833984 0.585923 0.834635 0.585009 0.835286 0.585009 0.835938 0.585009 0.836589 0.585009 0.837240 0.584095 0.837891 0.585009 0.838542 0.584095 0.839193 0.585009 0.839844 0.585009 0.840495 0.585009 0.841146 0.585009 0.841797 0.585009 0.841797 0.584095 0.841797 0.583181 0.842448 0.582267 0.842448 0.581353 0.842448 0.580439 0.842448 0.579525 0.841797 0.578611 0.841797 0.577697 0.841146 0.576782 0.840495 0.576782 0.839844 0.576782 0.839193 0.575868 0.838542 0.575868 0.837891 0.575868 0.837240 0.574954 0.836589 0.574040 0.835938 0.573126 0.836589 0.572212 0.837240 0.571298 0.837240 0.570384 0.837240 0.569470 0.837891 0.568556 0.837891 0.567642 0.838542 0.566728 0.837891 0.565814 0.837891 0.564899 0.837891 0.563985 0.837891 0.563071 0.837240 0.562157 0.836589 0.561243 0.836589 0.560329 0.835938 0.559415 0.835938 0.558501 0.835286 0.557587 0.835938 0.556673 0.836589 0.555759 0.837240 0.554845 0.837891 0.553931 0.838542 0.553931 0.839193 0.553016 0.839844 0.553016 0.840495 0.553016 0.841146 0.553931 0.841797 0.553931 0.842448 0.553016 0.843099 0.553016 0.843750 0.553016 0.844401 0.553931 0.845052 0.554845 0.845052 0.555759 0.845052 0.556673 0.845052 0.557587 0.845052 0.558501 0.845052 0.559415 0.845703 0.560329 0.846354 0.561243 0.847005 0.561243 0.847656 0.561243 0.848307 0.562157 0.848958 0.562157 0.849609 0.563071 0.850260 0.563985 0.850911 0.563985 0.851562 0.563985 0.852214 0.564899 0.852865 0.565814 0.853516 0.565814 0.854167 0.565814 0.854818 0.565814 0.855469 0.565814 0.856120 0.565814 0.856771 0.565814 0.857422 0.564899 0.858073 0.564899 0.858724 0.564899 0.858724 0.563985 0.858724 0.563071 0.859375 0.562157 0.859375 0.561243 0.860026 0.560329 0.860026 0.559415 0.860677 0.558501 0.861328 0.557587 0.861979 0.556673 0.861979 0.555759 0.862630 0.554845 0.862630 0.553931 0.862630 0.553016 0.863281 0.552102 0.862630 0.551188 0.862630 0.550274 0.862630 0.549360 0.862630 0.548446 0.863281 0.547532 0.863932 0.546618 0.864583 0.545704 0.865234 0.544790 0.865885 0.543876 0.866536 0.542962 0.867188 0.542048 0.867839 0.541133 0.868490 0.540219 0.869141 0.539305 0.869792 0.538391 0.870443 0.537477 0.871094 0.537477 0.871094 0.536563 0.871745 0.535649 0.872396 0.534735 0.872396 0.533821 0.872396 0.532907 0.872396 0.531993 0.873047 0.531079 0.872396 0.530165 0.873047 0.529250 0.873698 0.528336 0.874349 0.527422 0.874349 0.526508 0.875000 0.525594 0.875000 0.524680 0.875000 0.523766 0.875000 0.522852 0.875000 0.521938 0.875000 0.521024 0.874349 0.520110 0.873698 0.520110 0.873047 0.519196 0.872396 0.518282 0.872396 0.517367 0.873047 0.516453 0.873047 0.515539 0.872396 0.514625 0.872396 0.513711 0.871745 0.512797 0.871094 0.511883 0.870443 0.510969 0.869792 0.510969 0.869141 0.510969
0 0.815755 0.510969 0.815755 0.511883 0.815104 0.512797 0.814453 0.513711 0.814453 0.514625 0.815104 0.515539 0.815104 0.516453 0.815104 0.517367 0.815755 0.518282 0.816406 0.519196 0.815755 0.520110 0.815104 0.521024 0.815104 0.521938 0.815104 0.522852 0.814453 0.523766 0.814453 0.524680 0.814453 0.525594 0.815104 0.526508 0.815104 0.527422 0.815755 0.528336 0.816406 0.528336 0.817057 0.528336 0.817708 0.528336 0.818359 0.527422 0.818359 0.526508 0.818359 0.525594 0.818359 0.524680 0.818359 0.523766 0.817708 0.522852 0.817708 0.521938 0.817057 0.521024 0.817057 0.520110 0.817708 0.519196 0.818359 0.518282 0.819010 0.519196 0.819661 0.519196 0.820312 0.519196 0.820964 0.520110 0.821615 0.520110 0.822266 0.521024 0.822917 0.521938 0.822917 0.522852 0.822917 0.523766 0.822917 0.524680 0.822917 0.525594 0.822917 0.526508 0.823568 0.526508 0.824219 0.527422 0.824870 0.528336 0.825521 0.527422 0.826172 0.527422 0.826823 0.528336 0.827474 0.527422 0.828125 0.527422 0.828776 0.527422 0.829427 0.526508 0.830078 0.525594 0.830729 0.525594 0.831380 0.524680 0.832031 0.524680 0.832682 0.524680 0.833333 0.523766 0.833984 0.523766 0.834635 0.522852 0.835286 0.521938 0.835938 0.521938 0.835938 0.521024 0.835938 0.520110 0.835938 0.519196 0.835938 0.518282 0.835286 0.517367 0.835286 0.516453 0.835286 0.515539 0.834635 0.515539 0.833984 0.515539 0.833333 0.515539 0.832682 0.515539 0.832031 0.515539 0.831380 0.516453 0.830729 0.517367 0.830078 0.518282 0.830078 0.519196 0.829427 0.520110 0.828776 0.521024 0.828125 0.521938 0.827474 0.522852 0.826823 0.521938 0.826172 0.521024 0.825521 0.521024 0.824870 0.520110 0.824219 0.519196 0.824870 0.518282 0.825521 0.517367 0.825521 0.516453 0.825521 0.515539 0.825521 0.514625 0.825521 0.513711 0.824870 0.512797 0.824219 0.512797 0.823568 0.511883 0.822917 0.511883 0.822266 0.511883 0.821615 0.510969 0.820964 0.511883 0.820312 0.512797 0.819661 0.512797 0.819010 0.512797 0.818359 0.511883 0.817708 0.510969 0.817057 0.510969 0.816406 0.510969
0 0.031250 0.510055 0.030599 0.510969 0.030599 0.511883 0.029948 0.512797 0.029297 0.513711 0.028646 0.514625 0.028646 0.515539 0.028646 0.516453 0.028646 0.517367 0.028646 0.518282 0.028646 0.519196 0.028646 0.520110 0.029297 0.521024 0.029297 0.521938 0.029297 0.522852 0.029297 0.523766 0.029297 0.524680 0.029297 0.525594 0.029297 0.526508 0.029297 0.527422 0.029297 0.528336 0.029297 0.529250 0.029297 0.530165 0.029297 0.531079 0.029297 0.531993 0.029297 0.532907 0.029948 0.533821 0.029948 0.534735 0.029297 0.535649 0.029948 0.536563 0.029948 0.537477 0.029948 0.538391 0.029948 0.539305 0.030599 0.540219 0.029948 0.541133 0.030599 0.542048 0.030599 0.542962 0.030599 0.543876 0.030599 0.544790 0.031250 0.545704 0.031901 0.546618 0.032552 0.547532 0.033203 0.548446 0.033203 0.549360 0.033203 0.550274 0.033854 0.551188 0.033854 0.552102 0.033854 0.553016 0.033854 0.553931 0.034505 0.554845 0.035156 0.555759 0.035807 0.556673 0.035807 0.557587 0.036458 0.558501 0.036458 0.559415 0.037109 0.560329 0.037109 0.561243 0.037109 0.562157 0.037760 0.563071 0.037760 0.563985 0.038411 0.564899 0.039062 0.565814 0.039062 0.566728 0.039714 0.566728 0.040365 0.567642 0.041016 0.568556 0.041667 0.569470 0.041667 0.570384 0.042318 0.571298 0.042969 0.572212 0.042318 0.573126 0.042969 0.574040 0.043620 0.574954 0.043620 0.575868 0.043620 0.576782 0.043620 0.577697 0.043620 0.578611 0.044271 0.579525 0.044271 0.580439 0.044271 0.581353 0.044922 0.582267 0.044271 0.583181 0.044922 0.584095 0.044922 0.585009 0.045573 0.585923 0.046224 0.586837 0.046224 0.587751 0.046875 0.586837 0.047526 0.587751 0.048177 0.587751 0.048828 0.586837 0.049479 0.585923 0.050130 0.585009 0.050781 0.585009 0.051432 0.584095 0.052083 0.585009 0.052734 0.585009 0.053385 0.585009 0.054036 0.585009 0.054688 0.585009 0.054688 0.584095 0.055339 0.583181 0.055339 0.582267 0.054688 0.581353 0.054688 0.580439 0.054036 0.580439 0.053385 0.580439 0.052734 0.579525 0.052083 0.578611 0.052083 0.577697 0.052083 0.576782 0.051432 0.575868 0.050781 0.574954 0.050781 0.574040 0.050130 0.573126 0.049479 0.572212 0.048828 0.571298 0.048177 0.570384 0.048177 0.569470 0.047526 0.568556 0.048177 0.567642 0.047526 0.566728 0.048177 0.565814 0.048177 0.564899 0.048177 0.563985 0.047526 0.563071 0.048177 0.562157 0.047526 0.561243 0.047526 0.560329 0.046875 0.559415 0.046875 0.558501 0.046875 0.557587 0.046224 0.556673 0.046224 0.555759 0.046224 0.554845 0.045573 0.553931 0.045573 0.553016 0.045573 0.552102 0.045573 0.551188 0.046224 0.550274 0.046875 0.549360 0.047526 0.550274 0.048177 0.550274 0.048828 0.551188 0.049479 0.552102 0.050130 0.553016 0.050781 0.553016 0.051432 0.553931 0.052083 0.553931 0.052734 0.553931 0.053385 0.553016 0.054036 0.553016 0.054688 0.552102 0.055339 0.552102 0.055990 0.551188 0.056641 0.550274 0.057292 0.550274 0.057943 0.550274 0.058594 0.551188 0.059245 0.552102 0.059896 0.553016 0.060547 0.553931 0.061198 0.554845 0.061849 0.555759 0.062500 0.556673 0.062500 0.557587 0.061849 0.558501 0.061198 0.559415 0.060547 0.560329 0.059896 0.560329 0.059245 0.561243 0.058594 0.562157 0.058594 0.563071 0.057943 0.563985 0.057943 0.564899 0.057292 0.565814 0.057292 0.566728 0.056641 0.567642 0.056641 0.568556 0.057292 0.569470 0.056641 0.570384 0.057292 0.571298 0.056641 0.572212 0.056641 0.573126 0.056641 0.574040 0.056641 0.574954 0.056641 0.575868 0.056641 0.576782 0.056641 0.577697 0.057292 0.578611 0.057943 0.579525 0.058594 0.580439 0.059245 0.581353 0.059896 0.581353 0.060547 0.581353 0.061198 0.582267 0.061849 0.583181 0.061849 0.584095 0.062500 0.585009 0.062500 0.585923 0.062500 0.586837 0.062500 0.587751 0.062500 0.588665 0.062500 0.589580 0.062500 0.590494 0.061849 0.591408 0.061198 0.592322 0.060547 0.593236 0.059896 0.593236 0.059245 0.593236 0.058594 0.593236 0.057943 0.594150 0.057292 0.595064 0.057292 0.595978 0.057292 0.596892 0.057292 0.597806 0.057943 0.598720 0.057292 0.599634 0.057943 0.599634 0.058594 0.600548 0.059245 0.600548 0.059896 0.601463 0.060547 0.600548 0.061198 0.600548 0.061198 0.599634 0.061849 0.598720 0.062500 0.597806 0.063151 0.596892 0.063802 0.596892 0.064453 0.597806 0.065104 0.598720 0.065755 0.598720 0.066406 0.598720 0.067057 0.598720 0.067708 0.598720 0.068359 0.598720 0.069010 0.598720 0.069010 0.597806 0.069010 0.596892 0.069661 0.595978 0.069010 0.595064 0.069661 0.594150 0.069010 0.593236 0.069661 0.592322 0.069661 0.591408 0.069010 0.590494 0.069010 0.589580 0.068359 0.588665 0.068359 0.587751 0.067708 0.587751 0.067057 0.586837 0.066406 0.587751 0.065755 0.586837 0.065104 0.585923 0.064453 0.585009 0.063802 0.584095 0.063802 0.583181 0.063802 0.582267 0.063802 0.581353 0.064453 0.580439 0.064453 0.579525 0.065104 0.578611 0.064453 0.577697 0.065104 0.576782 0.064453 0.575868 0.064453 0.574954 0.064453 0.574040 0.065104 0.573126 0.065755 0.572212 0.066406 0.571298 0.066406 0.570384 0.067057 0.569470 0.067057 0.568556 0.067057 0.567642 0.067057 0.566728 0.067057 0.565814 0.067057 0.564899 0.067708 0.563985 0.067708 0.563071 0.067057 0.562157 0.067708 0.561243 0.068359 0.560329 0.069010 0.559415 0.069661 0.560329 0.070312 0.559415 0.070964 0.559415 0.071615 0.560329 0.072266 0.559415 0.072917 0.559415 0.073568 0.559415 0.074219 0.558501 0.074870 0.557587 0.075521 0.556673 0.076172 0.556673 0.076823 0.555759 0.076823 0.554845 0.077474 0.553931 0.077474 0.553016 0.078125 0.552102 0.078125 0.551188 0.078125 0.550274 0.077474 0.549360 0.077474 0.548446 0.077474 0.547532 0.078125 0.546618 0.077474 0.545704 0.077474 0.544790 0.077474 0.543876 0.078125 0.542962 0.077474 0.542048 0.077474 0.541133 0.078125 0.540219 0.077474 0.541133 0.076823 0.541133 0.076172 0.542048 0.075521 0.542962 0.074870 0.543876 0.074219 0.543876 0.073568 0.543876 0.072917 0.544790 0.072266 0.544790 0.071615 0.544790 0.070964 0.544790 0.070964 0.545704 0.070964 0.546618 0.070312 0.547532 0.069661 0.548446 0.069010 0.549360 0.068359 0.549360 0.067708 0.548446 0.067057 0.547532 0.066406 0.546618 0.065755 0.545704 0.065104 0.545704 0.064453 0.544790 0.063802 0.543876 0.063802 0.542962 0.063151 0.542962 0.062500 0.542048 0.061849 0.541133 0.061849 0.540219 0.061849 0.539305 0.061198 0.538391 0.060547 0.538391 0.059896 0.537477 0.059245 0.536563 0.058594 0.536563 0.057943 0.536563 0.057292 0.535649 0.056641 0.535649 0.055990 0.535649 0.055339 0.534735 0.054688 0.533821 0.054688 0.532907 0.054688 0.531993 0.054688 0.531079 0.054036 0.530165 0.054036 0.529250 0.054036 0.528336 0.053385 0.527422 0.052734 0.526508 0.052734 0.525594 0.052083 0.524680 0.051432 0.523766 0.050781 0.523766 0.050130 0.523766 0.049479 0.523766 0.048828 0.523766 0.048177 0.524680 0.048177 0.525594 0.047526 0.526508 0.046875 0.527422 0.046875 0.528336 0.046875 0.529250 0.046224 0.530165 0.045573 0.531079 0.044922 0.531993 0.044271 0.532907 0.043620 0.533821 0.042969 0.533821 0.042318 0.533821 0.041667 0.532907 0.041016 0.531993 0.041016 0.531079 0.041016 0.530165 0.040365 0.529250 0.041016 0.528336 0.040365 0.527422 0.040365 0.526508 0.039714 0.525594 0.039714 0.524680 0.039062 0.523766 0.039062 0.522852 0.038411 0.521938 0.038411 0.521024 0.037760 0.520110 0.037760 0.519196 0.037109 0.518282 0.036458 0.517367 0.036458 0.516453 0.035807 0.515539 0.035807 0.514625 0.035156 0.513711 0.035156 0.512797 0.034505 0.511883 0.033854 0.510969 0.033203 0.510055 0.032552 0.510055 0.031901 0.510055
0 0.072266 0.509141 0.072266 0.510055 0.071615 0.510969 0.070964 0.511883 0.071615 0.512797 0.071615 0.513711 0.070964 0.514625 0.070964 0.515539 0.070964 0.516453 0.070964 0.517367 0.071615 0.518282 0.070964 0.519196 0.070964 0.520110 0.071615 0.521024 0.071615 0.521938 0.071615 0.522852 0.072266 0.523766 0.072266 0.524680 0.072917 0.525594 0.073568 0.526508 0.074219 0.526508 0.074870 0.525594 0.075521 0.525594 0.076172 0.524680 0.076823 0.524680 0.077474 0.524680 0.078125 0.523766 0.078776 0.523766 0.078776 0.522852 0.078776 0.521938 0.078776 0.521024 0.078776 0.520110 0.078125 0.519196 0.077474 0.518282 0.076823 0.517367 0.076172 0.516453 0.076172 0.515539 0.076172 0.514625 0.075521 0.513711 0.075521 0.512797 0.074870 0.511883 0.074870 0.510969 0.074219 0.510055 0.073568 0.509141 0.072917 0.509141
0 0.566406 0.503656 0.566406 0.504570 0.565755 0.505484 0.565755 0.506399 0.565104 0.507313 0.564453 0.508227 0.564453 0.509141 0.563802 0.510055 0.563802 0.510969 0.563802 0.511883 0.563802 0.512797 0.563802 0.513711 0.564453 0.514625 0.565104 0.515539 0.565755 0.516453 0.566406 0.517367 0.567057 0.518282 0.567708 0.519196 0.568359 0.518282 0.569010 0.518282 0.569010 0.517367 0.569661 0.516453 0.569661 0.515539 0.569661 0.514625 0.569661 0.513711 0.569661 0.512797 0.569661 0.511883 0.570312 0.510969 0.569661 0.510055 0.569661 0.509141 0.570312 0.508227 0.570312 0.507313 0.570312 0.506399 0.570312 0.505484 0.569661 0.504570 0.569010 0.504570 0.568359 0.504570 0.567708 0.504570 0.567057 0.504570
0 0.238932 0.502742 0.238281 0.503656 0.237630 0.503656 0.237630 0.504570 0.236979 0.505484 0.236328 0.506399 0.235677 0.506399 0.235026 0.506399 0.234375 0.506399 0.233724 0.505484 0.233073 0.505484 0.232422 0.505484 0.231771 0.505484 0.231771 0.506399 0.231771 0.507313 0.231120 0.508227 0.231120 0.509141 0.231120 0.510055 0.231120 0.510969 0.231120 0.511883 0.231120 0.512797 0.231120 0.513711 0.231120 0.514625 0.231120 0.515539 0.231120 0.516453 0.231120 0.517367 0.231120 0.518282 0.231120 0.519196 0.231771 0.520110 0.231771 0.521024 0.232422 0.521024 0.233073 0.521024 0.233724 0.521024 0.234375 0.521938 0.235026 0.521024 0.235677 0.520110 0.236328 0.519196 0.236979 0.518282 0.236979 0.517367 0.237630 0.516453 0.238281 0.515539 0.238932 0.515539 0.239583 0.514625 0.239583 0.513711 0.239583 0.512797 0.240234 0.511883 0.240885 0.510969 0.240885 0.510055 0.241536 0.509141 0.241536 0.508227 0.241536 0.507313 0.241536 0.506399 0.241536 0.505484 0.240885 0.504570 0.240885 0.503656 0.240234 0.503656 0.239583 0.502742
0 0.085938 0.500000 0.085286 0.500914 0.085286 0.501828 0.084635 0.502742 0.083984 0.503656 0.083333 0.504570 0.083984 0.505484 0.083333 0.506399 0.083333 0.507313 0.083333 0.508227 0.083984 0.509141 0.083984 0.510055 0.084635 0.510969 0.084635 0.511883 0.085286 0.512797 0.084635 0.513711 0.084635 0.514625 0.083984 0.515539 0.083984 0.516453 0.083984 0.517367 0.083984 0.518282 0.083333 0.519196 0.083984 0.520110 0.083333 0.521024 0.083333 0.521938 0.083333 0.522852 0.083333 0.523766 0.082682 0.524680 0.082031 0.525594 0.081380 0.526508 0.081380 0.527422 0.080729 0.528336 0.080078 0.529250 0.079427 0.530165 0.078776 0.530165 0.078776 0.531079 0.078125 0.531993 0.078776 0.532907 0.078776 0.533821 0.079427 0.532907 0.080078 0.532907 0.080729 0.531993 0.081380 0.531079 0.082031 0.530165 0.082682 0.529250 0.083333 0.529250 0.083984 0.528336 0.084635 0.527422 0.085286 0.526508 0.085938 0.526508 0.086589 0.526508 0.087240 0.526508 0.087891 0.526508 0.088542 0.526508 0.089193 0.526508 0.089844 0.525594 0.090495 0.526508 0.090495 0.525594 0.090495 0.524680 0.091146 0.523766 0.091146 0.522852 0.091797 0.521938 0.092448 0.521024 0.093099 0.521024 0.093750 0.520110 0.094401 0.520110 0.095052 0.519196 0.095703 0.518282 0.096354 0.518282 0.097005 0.517367 0.097656 0.516453 0.098307 0.515539 0.098958 0.515539 0.099609 0.515539 0.100260 0.514625 0.100911 0.513711 0.101562 0.514625 0.102214 0.513711 0.102865 0.512797 0.103516 0.512797 0.104167 0.511883 0.104818 0.512797 0.105469 0.512797 0.106120 0.511883 0.106771 0.511883 0.107422 0.511883 0.108073 0.511883 0.108724 0.510969 0.109375 0.510055 0.110026 0.510055 0.110677 0.510055 0.111328 0.509141 0.111328 0.508227 0.111979 0.507313 0.111979 0.506399 0.111979 0.505484 0.111979 0.504570 0.111328 0.503656 0.110677 0.503656 0.110026 0.503656 0.109375 0.502742 0.108724 0.502742 0.108073 0.503656 0.107422 0.503656 0.106771 0.503656 0.106120 0.503656 0.105469 0.503656 0.104818 0.503656 0.104167 0.503656 0.103516 0.503656 0.102865 0.504570 0.102214 0.504570 0.101562 0.505484 0.100911 0.506399 0.100260 0.507313 0.099609 0.507313 0.098958 0.508227 0.098307 0.508227 0.098307 0.509141 0.097656 0.510055 0.097656 0.510969 0.097005 0.511883 0.097005 0.512797 0.096354 0.513711 0.095703 0.514625 0.095052 0.513711 0.094401 0.513711 0.093750 0.512797 0.093099 0.511883 0.093750 0.510969 0.093099 0.510055 0.093099 0.509141 0.093099 0.508227 0.092448 0.508227 0.091797 0.508227 0.091146 0.508227 0.090495 0.509141 0.089844 0.510055 0.089193 0.510055 0.088542 0.510969 0.087891 0.511883 0.087240 0.510969 0.086589 0.510055 0.086589 0.509141 0.086589 0.508227 0.087240 0.507313 0.087240 0.506399 0.087240 0.505484 0.087240 0.504570 0.087240 0.503656 0.087891 0.502742 0.087891 0.501828 0.087891 0.500914 0.087240 0.500914 0.086589 0.500000
0 0.173177 0.491773 0.172526 0.492687 0.172526 0.493601 0.171875 0.494516 0.171875 0.495430 0.171875 0.496344 0.171224 0.497258 0.170573 0.498172 0.169922 0.499086 0.169271 0.499086 0.168620 0.499086 0.167969 0.499086 0.167969 0.500000 0.167318 0.500914 0.166667 0.501828 0.167318 0.502742 0.167969 0.503656 0.167969 0.504570 0.168620 0.505484 0.168620 0.506399 0.169271 0.507313 0.169922 0.507313 0.170573 0.508227 0.171224 0.509141 0.171875 0.510055 0.171875 0.510969 0.171875 0.511883 0.171875 0.512797 0.171875 0.513711 0.171875 0.514625 0.171875 0.515539 0.172526 0.516453 0.172526 0.517367 0.173177 0.518282 0.173828 0.519196 0.174479 0.519196 0.175130 0.520110 0.175781 0.521024 0.176432 0.521938 0.177083 0.522852 0.176432 0.523766 0.175781 0.524680 0.175130 0.525594 0.175130 0.526508 0.174479 0.527422 0.174479 0.528336 0.175130 0.529250 0.175130 0.530165 0.175781 0.530165 0.176432 0.531079 0.177083 0.530165 0.177734 0.531079 0.178385 0.530165 0.179036 0.529250 0.179688 0.528336 0.180339 0.527422 0.180990 0.526508 0.181641 0.527422 0.182292 0.526508 0.182943 0.526508 0.183594 0.527422 0.184245 0.528336 0.184896 0.529250 0.185547 0.530165 0.184896 0.531079 0.185547 0.531993 0.186198 0.532907 0.185547 0.533821 0.184896 0.533821 0.184245 0.534735 0.183594 0.534735 0.182943 0.534735 0.182292 0.535649 0.182292 0.536563 0.181641 0.537477 0.182292 0.538391 0.181641 0.539305 0.181641 0.540219 0.181641 0.541133 0.181641 0.542048 0.182292 0.542962 0.182292 0.543876 0.182943 0.544790 0.182943 0.545704 0.183594 0.546618 0.183594 0.547532 0.183594 0.548446 0.184245 0.549360 0.184896 0.550274 0.184896 0.551188 0.184896 0.552102 0.185547 0.553016 0.185547 0.553931 0.186198 0.554845 0.186198 0.555759 0.186198 0.556673 0.185547 0.557587 0.185547 0.558501 0.185547 0.559415 0.185547 0.560329 0.184896 0.561243 0.184896 0.562157 0.185547 0.563071 0.184896 0.563985 0.185547 0.564899 0.185547 0.565814 0.185547 0.566728 0.185547 0.567642 0.186198 0.568556 0.186198 0.569470 0.186849 0.570384 0.186849 0.571298 0.186849 0.572212 0.187500 0.573126 0.188151 0.574040 0.188802 0.574954 0.189453 0.575868 0.190104 0.574954 0.190755 0.574954 0.191406 0.574040 0.191406 0.573126 0.192057 0.572212 0.192708 0.571298 0.192708 0.570384 0.192057 0.569470 0.192708 0.568556 0.192708 0.567642 0.192708 0.566728 0.193359 0.565814 0.192708 0.564899 0.193359 0.563985 0.194010 0.563071 0.194010 0.562157 0.194661 0.561243 0.194661 0.560329 0.195312 0.559415 0.195312 0.558501 0.194661 0.557587 0.194661 0.556673 0.194661 0.555759 0.194661 0.554845 0.194661 0.553931 0.194661 0.553016 0.194661 0.552102 0.194661 0.551188 0.194010 0.550274 0.193359 0.549360 0.192708 0.549360 0.192057 0.548446 0.191406 0.547532 0.191406 0.546618 0.191406 0.545704 0.190755 0.544790 0.191406 0.543876 0.191406 0.542962 0.191406 0.542048 0.190755 0.541133 0.190755 0.540219 0.191406 0.539305 0.191406 0.538391 0.190755 0.537477 0.190104 0.536563 0.189453 0.536563 0.188802 0.537477 0.188151 0.537477 0.187500 0.536563 0.186849 0.535649 0.186198 0.534735 0.185547 0.533821 0.186198 0.532907 0.186849 0.531993 0.187500 0.531079 0.188151 0.531079 0.188802 0.530165 0.189453 0.529250 0.190104 0.528336 0.190104 0.527422 0.190755 0.526508 0.191406 0.525594 0.190755 0.524680 0.191406 0.523766 0.191406 0.522852 0.192057 0.521938 0.192057 0.521024 0.192708 0.520110 0.192708 0.519196 0.193359 0.518282 0.193359 0.517367 0.193359 0.516453 0.194010 0.515539 0.194010 0.514625 0.194010 0.513711 0.193359 0.512797 0.193359 0.511883 0.194010 0.510969 0.193359 0.510055 0.193359 0.509141 0.192708 0.509141 0.192057 0.508227 0.191406 0.508227 0.190755 0.508227 0.190104 0.508227 0.189453 0.508227 0.188802 0.507313 0.188151 0.506399 0.188151 0.505484 0.188802 0.504570 0.188802 0.503656 0.188151 0.502742 0.188151 0.501828 0.188151 0.500914 0.187500 0.500914 0.186849 0.500000 0.186198 0.500000 0.185547 0.500914 0.184896 0.500914 0.184245 0.501828 0.183594 0.501828 0.182943 0.502742 0.182292 0.503656 0.181641 0.504570 0.180990 0.504570 0.180339 0.505484 0.180339 0.506399 0.180990 0.507313 0.180990 0.508227 0.180990 0.509141 0.181641 0.510055 0.182292 0.510969 0.182943 0.511883 0.183594 0.512797 0.182943 0.513711 0.183594 0.514625 0.183594 0.515539 0.183594 0.516453 0.183594 0.517367 0.182943 0.518282 0.182292 0.519196 0.181641 0.519196 0.180990 0.519196 0.180339 0.518282 0.179688 0.517367 0.179688 0.516453 0.179036 0.515539 0.178385 0.514625 0.178385 0.513711 0.177734 0.512797 0.178385 0.511883 0.177734 0.510969 0.177734 0.510055 0.178385 0.509141 0.178385 0.508227 0.178385 0.507313 0.179036 0.506399 0.179036 0.505484 0.178385 0.504570 0.178385 0.503656 0.177734 0.502742 0.177734 0.501828 0.177734 0.500914 0.177734 0.500000 0.177734 0.499086 0.177083 0.498172 0.176432 0.497258 0.176432 0.496344 0.175781 0.495430 0.175130 0.494516 0.175130 0.493601 0.175130 0.492687 0.174479 0.492687 0.173828 0.492687
0 0.831380 0.483547 0.830729 0.484461 0.830078 0.484461 0.829427 0.484461 0.828776 0.484461 0.828125 0.485375 0.827474 0.485375 0.826823 0.485375 0.826823 0.486289 0.826172 0.487203 0.825521 0.488117 0.824870 0.489031 0.824219 0.489945 0.824219 0.490859 0.824219 0.491773 0.824219 0.492687 0.824219 0.493601 0.824219 0.494516 0.824870 0.495430 0.824870 0.496344 0.824870 0.497258 0.824870 0.498172 0.824870 0.499086 0.824870 0.500000 0.824870 0.500914 0.824219 0.501828 0.824219 0.502742 0.824870 0.503656 0.824870 0.504570 0.825521 0.505484 0.826172 0.506399 0.826823 0.507313 0.827474 0.507313 0.828125 0.507313 0.828776 0.507313 0.829427 0.507313 0.830078 0.506399 0.829427 0.505484 0.830078 0.504570 0.830078 0.503656 0.829427 0.502742 0.830078 0.501828 0.830078 0.500914 0.830729 0.500000 0.830729 0.499086 0.830729 0.498172 0.831380 0.497258 0.831380 0.496344 0.832031 0.495430 0.832031 0.494516 0.832682 0.493601 0.832682 0.492687 0.833333 0.491773 0.833333 0.490859 0.833984 0.489945 0.833333 0.489031 0.833984 0.488117 0.833984 0.487203 0.833333 0.486289 0.832682 0.485375 0.832682 0.484461 0.832031 0.484461
0 0.926432 0.476234 0.925781 0.477148 0.925130 0.477148 0.924479 0.478062 0.923828 0.478062 0.923177 0.478976 0.922526 0.479890 0.921875 0.479890 0.921224 0.480804 0.920573 0.481718 0.919922 0.481718 0.919271 0.481718 0.918620 0.482633 0.918620 0.483547 0.917969 0.484461 0.917969 0.485375 0.917969 0.486289 0.917969 0.487203 0.917969 0.488117 0.917318 0.489031 0.917969 0.489945 0.917318 0.490859 0.916667 0.491773 0.916016 0.491773 0.915365 0.491773 0.914714 0.492687 0.914062 0.492687 0.913411 0.492687 0.912760 0.491773 0.912109 0.492687 0.911458 0.493601 0.911458 0.494516 0.910807 0.495430 0.910156 0.496344 0.909505 0.497258 0.908854 0.496344 0.908203 0.495430 0.907552 0.495430 0.906901 0.495430 0.906250 0.494516 0.905599 0.494516 0.905599 0.495430 0.904948 0.496344 0.904948 0.497258 0.905599 0.498172 0.906250 0.499086 0.906250 0.500000 0.906901 0.500000 0.907552 0.500914 0.908203 0.500914 0.908854 0.501828 0.909505 0.502742 0.910156 0.503656 0.909505 0.504570 0.908854 0.505484 0.908203 0.506399 0.907552 0.505484 0.906901 0.506399 0.906250 0.506399 0.905599 0.506399 0.904948 0.505484 0.904297 0.504570 0.903646 0.503656 0.903646 0.502742 0.902995 0.501828 0.902344 0.500914 0.901693 0.500000 0.901042 0.500000 0.900391 0.499086 0.899740 0.499086 0.899089 0.499086 0.898438 0.499086 0.897786 0.499086 0.897135 0.500000 0.897135 0.500914 0.897135 0.501828 0.896484 0.502742 0.897135 0.503656 0.897786 0.504570 0.897786 0.505484 0.898438 0.506399 0.899089 0.507313 0.899740 0.508227 0.900391 0.508227 0.901042 0.509141 0.901693 0.510055 0.902344 0.510969 0.902995 0.511883 0.902995 0.512797 0.902995 0.513711 0.902995 0.514625 0.902995 0.515539 0.902995 0.516453 0.902344 0.517367 0.901693 0.518282 0.901042 0.519196 0.900391 0.519196 0.899740 0.519196 0.899089 0.520110 0.898438 0.520110 0.897786 0.521024 0.898438 0.521938 0.897786 0.522852 0.898438 0.523766 0.898438 0.524680 0.899089 0.525594 0.899740 0.526508 0.900391 0.527422 0.900391 0.528336 0.899740 0.529250 0.899089 0.530165 0.898438 0.529250 0.897786 0.529250 0.897135 0.529250 0.896484 0.530165 0.895833 0.530165 0.895833 0.531079 0.896484 0.531993 0.897135 0.532907 0.897786 0.533821 0.897786 0.534735 0.897135 0.535649 0.897786 0.536563 0.898438 0.536563 0.899089 0.536563 0.899740 0.535649 0.900391 0.534735 0.901042 0.535649 0.901693 0.536563 0.902344 0.535649 0.902995 0.535649 0.903646 0.535649 0.904297 0.535649 0.904948 0.534735 0.905599 0.533821 0.906250 0.532907 0.906901 0.531993 0.907552 0.531993 0.908203 0.531079 0.908854 0.531993 0.909505 0.532907 0.910156 0.531993 0.910807 0.532907 0.910807 0.531993 0.910156 0.531993 0.909505 0.531993 0.908854 0.531993 0.908203 0.531079 0.907552 0.530165 0.906901 0.529250 0.906901 0.528336 0.906250 0.527422 0.906901 0.526508 0.907552 0.525594 0.908203 0.524680 0.908854 0.524680 0.909505 0.523766 0.910156 0.522852 0.910807 0.521938 0.911458 0.521024 0.912109 0.521024 0.912760 0.520110 0.913411 0.520110 0.914062 0.519196 0.914714 0.519196 0.914714 0.518282 0.914714 0.517367 0.915365 0.516453 0.915365 0.515539 0.915365 0.514625 0.915365 0.513711 0.915365 0.512797 0.914714 0.511883 0.914062 0.510969 0.913411 0.510055 0.913411 0.509141 0.913411 0.508227 0.913411 0.507313 0.913411 0.506399 0.914062 0.505484 0.914714 0.504570 0.915365 0.504570 0.915365 0.503656 0.916016 0.502742 0.916016 0.501828 0.916667 0.500914 0.917318 0.500000 0.917969 0.499086 0.918620 0.498172 0.918620 0.497258 0.918620 0.496344 0.918620 0.495430 0.918620 0.494516 0.917969 0.493601 0.917969 0.492687 0.918620 0.491773 0.919271 0.490859 0.919922 0.489945 0.920573 0.489945 0.921224 0.489031 0.921875 0.489031 0.921875 0.488117 0.922526 0.487203 0.923177 0.486289 0.923828 0.486289 0.924479 0.486289 0.925130 0.485375 0.925781 0.484461 0.926432 0.484461 0.926432 0.483547 0.927083 0.482633 0.927734 0.481718 0.928385 0.480804 0.927734 0.479890 0.927734 0.478976 0.927734 0.478062 0.927083 0.477148
0 0.513021 0.474406 0.512370 0.475320 0.511719 0.475320 0.511719 0.476234 0.511068 0.477148 0.511068 0.478062 0.511068 0.478976 0.511719 0.479890 0.511719 0.480804 0.512370 0.481718 0.513021 0.481718 0.513672 0.481718 0.514323 0.482633 0.514974 0.482633 0.515625 0.482633 0.516276 0.481718 0.516927 0.481718 0.516927 0.480804 0.516927 0.479890 0.517578 0.478976 0.517578 0.478062 0.516927 0.477148 0.516927 0.476234 0.516927 0.475320 0.516276 0.474406 0.515625 0.474406 0.514974 0.474406 0.514323 0.475320 0.513672 0.474406
0 0.223958 0.471664 0.223307 0.472578 0.222656 0.472578 0.222005 0.472578 0.221354 0.473492 0.220703 0.473492 0.220052 0.474406 0.219401 0.474406 0.218750 0.474406 0.218099 0.475320 0.217448 0.476234 0.217448 0.477148 0.217448 0.478062 0.217448 0.478976 0.218099 0.479890 0.218099 0.480804 0.218099 0.481718 0.218099 0.482633 0.218099 0.483547 0.218099 0.484461 0.218099 0.485375 0.218099 0.486289 0.218099 0.487203 0.218750 0.488117 0.219401 0.489031 0.220052 0.489945 0.220703 0.490859 0.220703 0.491773 0.221354 0.492687 0.222005 0.493601 0.222656 0.493601 0.223307 0.493601 0.223958 0.492687 0.224609 0.492687 0.225260 0.491773 0.225911 0.491773 0.225911 0.490859 0.226562 0.489945 0.225911 0.489031 0.225911 0.488117 0.225260 0.487203 0.224609 0.486289 0.225260 0.485375 0.225260 0.484461 0.225260 0.483547 0.225911 0.482633 0.225260 0.481718 0.225911 0.480804 0.225911 0.479890 0.225911 0.478976 0.226562 0.478062 0.227214 0.477148 0.226562 0.476234 0.227214 0.475320 0.227214 0.474406 0.226562 0.473492 0.226562 0.472578 0.225911 0.471664 0.225260 0.471664 0.224609 0.471664
0 0.729167 0.469835 0.728516 0.470750 0.727865 0.470750 0.727214 0.471664 0.727214 0.472578 0.727214 0.473492 0.727865 0.474406 0.727865 0.475320 0.727865 0.476234 0.728516 0.477148 0.729167 0.478062 0.729167 0.478976 0.729818 0.478976 0.730469 0.479890 0.731120 0.480804 0.731120 0.481718 0.731771 0.482633 0.732422 0.483547 0.732422 0.484461 0.733073 0.484461 0.733724 0.485375 0.734375 0.485375 0.735026 0.485375 0.735677 0.486289 0.736328 0.487203 0.736979 0.488117 0.737630 0.489031 0.737630 0.489945 0.738281 0.490859 0.738932 0.491773 0.739583 0.491773 0.740234 0.492687 0.740885 0.492687 0.741536 0.493601 0.742188 0.494516 0.742839 0.495430 0.743490 0.496344 0.744141 0.497258 0.744792 0.498172 0.745443 0.499086 0.746094 0.500000 0.746094 0.500914 0.746745 0.501828 0.747396 0.502742 0.747396 0.503656 0.748047 0.504570 0.748698 0.504570 0.749349 0.505484 0.750000 0.506399 0.750651 0.507313 0.751302 0.508227 0.751953 0.509141 0.752604 0.510055 0.753255 0.510969 0.753255 0.511883 0.753255 0.512797 0.753255 0.513711 0.753906 0.514625 0.753906 0.515539 0.753906 0.516453 0.753906 0.517367 0.753906 0.518282 0.753255 0.519196 0.752604 0.520110 0.751953 0.519196 0.751302 0.518282 0.751302 0.517367 0.750651 0.516453 0.750000 0.515539 0.750000 0.514625 0.749349 0.513711 0.748698 0.512797 0.748047 0.512797 0.747396 0.511883 0.746745 0.510969 0.746094 0.510055 0.745443 0.509141 0.744792 0.508227 0.744141 0.507313 0.744141 0.506399 0.743490 0.505484 0.742839 0.504570 0.742188 0.503656 0.741536 0.502742 0.740885 0.501828 0.740234 0.500914 0.739583 0.500000 0.739583 0.499086 0.738932 0.498172 0.738281 0.497258 0.737630 0.497258 0.736979 0.496344 0.736328 0.496344 0.735677 0.496344 0.735026 0.496344 0.735026 0.497258 0.734375 0.498172 0.734375 0.499086 0.735026 0.500000 0.734375 0.500914 0.735026 0.500914 0.735677 0.501828 0.736328 0.502742 0.736979 0.502742 0.737630 0.503656 0.738281 0.504570 0.737630 0.505484 0.737630 0.506399 0.737630 0.507313 0.737630 0.508227 0.737630 0.509141 0.738281 0.510055 0.738932 0.510055 0.739583 0.510969 0.740234 0.510969 0.740885 0.510969 0.741536 0.511883 0.742188 0.512797 0.742839 0.512797 0.743490 0.513711 0.744141 0.513711 0.744792 0.514625 0.745443 0.515539 0.744792 0.516453 0.744792 0.517367 0.744792 0.518282 0.744792 0.519196 0.745443 0.520110 0.745443 0.521024 0.746094 0.521024 0.746745 0.521024 0.747396 0.521938 0.748047 0.522852 0.748698 0.522852 0.749349 0.523766 0.750000 0.523766 0.750651 0.524680 0.751302 0.525594 0.751302 0.526508 0.751302 0.527422 0.751302 0.528336 0.751302 0.529250 0.751302 0.530165 0.750651 0.531079 0.750000 0.531993 0.749349 0.531993 0.748698 0.531079 0.748047 0.531079 0.747396 0.531993 0.746745 0.531993 0.746094 0.531993 0.746094 0.532907 0.745443 0.533821 0.744792 0.534735 0.744141 0.535649 0.743490 0.535649 0.742839 0.536563 0.742188 0.537477 0.741536 0.537477 0.740885 0.538391 0.740234 0.538391 0.739583 0.539305 0.738932 0.540219 0.738281 0.539305 0.737630 0.538391 0.736979 0.537477 0.736979 0.536563 0.736328 0.535649 0.736328 0.534735 0.735677 0.533821 0.735677 0.532907 0.735026 0.531993 0.734375 0.531993 0.733724 0.531993 0.733073 0.531993 0.732422 0.531079 0.731771 0.531993 0.731120 0.531993 0.730469 0.531993 0.729818 0.531993 0.729167 0.532907 0.728516 0.531993 0.729167 0.532907 0.728516 0.533821 0.727865 0.534735 0.727865 0.535649 0.727214 0.536563 0.727214 0.537477 0.726562 0.538391 0.725911 0.539305 0.725260 0.539305 0.724609 0.538391 0.723958 0.537477 0.723307 0.536563 0.723307 0.535649 0.722656 0.535649 0.722005 0.534735 0.721354 0.534735 0.720703 0.534735 0.720052 0.535649 0.719401 0.536563 0.720052 0.537477 0.719401 0.538391 0.720052 0.539305 0.720052 0.540219 0.720052 0.541133 0.720703 0.542048 0.720703 0.542962 0.721354 0.543876 0.722005 0.543876 0.722656 0.544790 0.723307 0.544790 0.723958 0.545704 0.724609 0.544790 0.725260 0.544790 0.725911 0.545704 0.726562 0.545704 0.727214 0.546618 0.727865 0.547532 0.728516 0.547532 0.729167 0.547532 0.729818 0.548446 0.730469 0.549360 0.731120 0.549360 0.731771 0.550274 0.732422 0.550274 0.733073 0.549360 0.733724 0.549360 0.734375 0.549360 0.735026 0.548446 0.735677 0.548446 0.736328 0.547532 0.736979 0.548446 0.737630 0.549360 0.738281 0.549360 0.738932 0.550274 0.739583 0.551188 0.740234 0.551188 0.740885 0.551188 0.741536 0.551188 0.742188 0.551188 0.742839 0.551188 0.743490 0.551188 0.744141 0.550274 0.744792 0.550274 0.745443 0.549360 0.746094 0.549360 0.746745 0.549360 0.747396 0.548446 0.748047 0.547532 0.748698 0.548446 0.749349 0.548446 0.750000 0.547532 0.750651 0.547532 0.751302 0.547532 0.751953 0.547532 0.752604 0.547532 0.753255 0.546618 0.753906 0.545704 0.754557 0.545704 0.755208 0.544790 0.755859 0.543876 0.756510 0.543876 0.757161 0.542962 0.757812 0.542962 0.757812 0.542048 0.758464 0.541133 0.758464 0.540219 0.758464 0.539305 0.758464 0.538391 0.757812 0.537477 0.757812 0.536563 0.757161 0.535649 0.757161 0.534735 0.757812 0.533821 0.757812 0.532907 0.758464 0.531993 0.759115 0.531079 0.759766 0.531079 0.760417 0.531079 0.761068 0.531079 0.761719 0.531079 0.762370 0.530165 0.761719 0.529250 0.761719 0.528336 0.761068 0.528336 0.760417 0.528336 0.759766 0.528336 0.759115 0.528336 0.758464 0.527422 0.757812 0.526508 0.757812 0.525594 0.758464 0.524680 0.758464 0.523766 0.758464 0.522852 0.759115 0.521938 0.759115 0.521024 0.759115 0.520110 0.759766 0.519196 0.759766 0.518282 0.760417 0.517367 0.761068 0.516453 0.761719 0.515539 0.761719 0.514625 0.762370 0.513711 0.762370 0.512797 0.762370 0.511883 0.761719 0.510969 0.762370 0.510055 0.761719 0.509141 0.761719 0.508227 0.761719 0.507313 0.761719 0.506399 0.761719 0.505484 0.761068 0.504570 0.761068 0.503656 0.761068 0.502742 0.761719 0.501828 0.761719 0.500914 0.761719 0.500000 0.762370 0.499086 0.763021 0.498172 0.763021 0.497258 0.763021 0.496344 0.763021 0.495430 0.763672 0.494516 0.763672 0.493601 0.763672 0.492687 0.764323 0.491773 0.764323 0.490859 0.764323 0.489945 0.764323 0.489031 0.764323 0.488117 0.764323 0.487203 0.763672 0.486289 0.764323 0.485375 0.763672 0.484461 0.763021 0.483547 0.763021 0.482633 0.762370 0.482633 0.761719 0.482633 0.761068 0.482633 0.760417 0.482633 0.759766 0.482633 0.759115 0.482633 0.758464 0.481718 0.757812 0.480804 0.757161 0.479890 0.756510 0.478976 0.755859 0.478976 0.755208 0.479890 0.754557 0.480804 0.755208 0.481718 0.755208 0.482633 0.755208 0.483547 0.755859 0.484461 0.756510 0.485375 0.756510 0.486289 0.757161 0.487203 0.757812 0.488117 0.757812 0.489031 0.757812 0.489945 0.757161 0.490859 0.756510 0.491773 0.756510 0.492687 0.756510 0.493601 0.756510 0.494516 0.756510 0.495430 0.756510 0.496344 0.756510 0.497258 0.756510 0.498172 0.757161 0.499086 0.756510 0.500000 0.757161 0.500914 0.757161 0.501828 0.757161 0.502742 0.757161 0.503656 0.756510 0.504570 0.755859 0.505484 0.755208 0.506399 0.754557 0.506399 0.753906 0.505484 0.753255 0.504570 0.752604 0.503656 0.752604 0.502742 0.751953 0.501828 0.751302 0.500914 0.751302 0.500000 0.750651 0.499086 0.750651 0.498172 0.750000 0.497258 0.749349 0.496344 0.748698 0.495430 0.748047 0.494516 0.748047 0.493601 0.747396 0.492687 0.747396 0.491773 0.747396 0.490859 0.746745 0.489945 0.746745 0.489031 0.746094 0.488117 0.745443 0.487203 0.744792 0.486289 0.744141 0.485375 0.744141 0.484461 0.744792 0.483547 0.745443 0.482633 0.744792 0.481718 0.745443 0.480804 0.744792 0.479890 0.744141 0.479890 0.743490 0.479890 0.742839 0.479890 0.742188 0.480804 0.741536 0.480804 0.740885 0.480804 0.740234 0.479890 0.739583 0.478976 0.738932 0.478062 0.738281 0.477148 0.737630 0.478062 0.736979 0.477148 0.736328 0.477148 0.735677 0.476234 0.735026 0.475320 0.734375 0.474406 0.734375 0.473492 0.733724 0.472578 0.733073 0.471664 0.732422 0.470750 0.731771 0.470750 0.731120 0.469835 0.730469 0.469835 0.729818 0.469835
0 0.899740 0.468007 0.899089 0.468921 0.898438 0.468921 0.898438 0.469835 0.899089 0.470750 0.899740 0.471664 0.900391 0.472578 0.901042 0.473492 0.900391 0.474406 0.900391 0.475320 0.899740 0.476234 0.899089 0.477148 0.898438 0.476234 0.897786 0.475320 0.897135 0.474406 0.896484 0.474406 0.895833 0.473492 0.895182 0.472578 0.895182 0.471664 0.894531 0.470750 0.893880 0.469835 0.893229 0.470750 0.892578 0.471664 0.892578 0.472578 0.892578 0.473492 0.891927 0.474406 0.891276 0.475320 0.890625 0.476234 0.889974 0.476234 0.889323 0.476234 0.889323 0.477148 0.889323 0.478062 0.889974 0.478976 0.890625 0.479890 0.890625 0.480804 0.891276 0.480804 0.891927 0.480804 0.892578 0.481718 0.893229 0.481718 0.893880 0.481718 0.894531 0.481718 0.895182 0.482633 0.895833 0.483547 0.896484 0.484461 0.897135 0.483547 0.897786 0.484461 0.898438 0.485375 0.899089 0.486289 0.899740 0.486289 0.900391 0.486289 0.901042 0.486289 0.901693 0.486289 0.902344 0.487203 0.902995 0.486289 0.903646 0.485375 0.904297 0.484461 0.904297 0.483547 0.904297 0.482633 0.904948 0.481718 0.904948 0.480804 0.904948 0.479890 0.904297 0.478976 0.904297 0.478062 0.904948 0.477148 0.904948 0.476234 0.904297 0.475320 0.903646 0.474406 0.903646 0.473492 0.903646 0.472578 0.902995 0.471664 0.902344 0.470750 0.901693 0.469835 0.901042 0.468921 0.900391 0.468921
0 0.638021 0.468007 0.637370 0.468921 0.636719 0.468921 0.636068 0.468921 0.635417 0.469835 0.634766 0.470750 0.634766 0.471664 0.634766 0.472578 0.634766 0.473492 0.635417 0.473492 0.636068 0.474406 0.636719 0.475320 0.637370 0.475320 0.638021 0.475320 0.638672 0.475320 0.639323 0.476234 0.639974 0.476234 0.640625 0.476234 0.641276 0.476234 0.641927 0.476234 0.642578 0.477148 0.643229 0.478062 0.643229 0.478976 0.642578 0.479890 0.643229 0.480804 0.642578 0.481718 0.642578 0.482633 0.642578 0.483547 0.641927 0.484461 0.641927 0.485375 0.642578 0.486289 0.643229 0.486289 0.643880 0.486289 0.644531 0.486289 0.645182 0.486289 0.645833 0.485375 0.646484 0.485375 0.647135 0.485375 0.647786 0.484461 0.648438 0.484461 0.649089 0.484461 0.649740 0.484461 0.650391 0.484461 0.651042 0.485375 0.651693 0.485375 0.652344 0.485375 0.652995 0.485375 0.653646 0.484461 0.654297 0.484461 0.653646 0.483547 0.653646 0.482633 0.652995 0.481718 0.652995 0.480804 0.652344 0.480804 0.651693 0.480804 0.651042 0.479890 0.650391 0.478976 0.650391 0.478062 0.649740 0.477148 0.649089 0.476234 0.649740 0.475320 0.649089 0.474406 0.648438 0.473492 0.647786 0.473492 0.647135 0.472578 0.646484 0.472578 0.645833 0.471664 0.645182 0.470750 0.644531 0.469835 0.643880 0.468921 0.643229 0.468921 0.642578 0.468007 0.641927 0.468007 0.641276 0.468007 0.640625 0.468007 0.639974 0.468007 0.639323 0.468007 0.638672 0.468007
0 0.195964 0.468007 0.195312 0.468921 0.194661 0.469835 0.194010 0.469835 0.194010 0.470750 0.193359 0.471664 0.193359 0.472578 0.193359 0.473492 0.194010 0.474406 0.194010 0.475320 0.194661 0.476234 0.194661 0.477148 0.195312 0.478062 0.195964 0.478976 0.195964 0.479890 0.196615 0.480804 0.196615 0.481718 0.197266 0.482633 0.197917 0.483547 0.198568 0.484461 0.198568 0.485375 0.199219 0.485375 0.199870 0.486289 0.200521 0.487203 0.201172 0.487203 0.201823 0.487203 0.202474 0.488117 0.203125 0.489031 0.203776 0.489945 0.204427 0.489945 0.205078 0.490859 0.205729 0.491773 0.206380 0.492687 0.207031 0.493601 0.207031 0.494516 0.207682 0.495430 0.208333 0.495430 0.208984 0.496344 0.209635 0.496344 0.210286 0.496344 0.210938 0.497258 0.211589 0.497258 0.212240 0.498172 0.212891 0.499086 0.212891 0.500000 0.212891 0.500914 0.213542 0.501828 0.213542 0.502742 0.213542 0.503656 0.214193 0.504570 0.214844 0.505484 0.215495 0.506399 0.215495 0.507313 0.216146 0.508227 0.216146 0.509141 0.216146 0.510055 0.216146 0.510969 0.216797 0.511883 0.216797 0.512797 0.216146 0.513711 0.215495 0.514625 0.214844 0.514625 0.214193 0.513711 0.213542 0.513711 0.212891 0.513711 0.212240 0.512797 0.211589 0.511883 0.210938 0.511883 0.210286 0.510969 0.209635 0.510055 0.208984 0.509141 0.208333 0.508227 0.207682 0.507313 0.207031 0.507313 0.206380 0.507313 0.205729 0.506399 0.205078 0.506399 0.204427 0.507313 0.204427 0.508227 0.203776 0.509141 0.204427 0.510055 0.203776 0.510969 0.204427 0.511883 0.204427 0.512797 0.205078 0.512797 0.205729 0.513711 0.206380 0.514625 0.207031 0.514625 0.207682 0.515539 0.208333 0.514625 0.208984 0.515539 0.209635 0.516453 0.209635 0.517367 0.210286 0.517367 0.210938 0.518282 0.211589 0.519196 0.212240 0.519196 0.212891 0.519196 0.213542 0.520110 0.214193 0.521024 0.214844 0.521938 0.214844 0.522852 0.215495 0.523766 0.214844 0.524680 0.215495 0.525594 0.214844 0.526508 0.214844 0.527422 0.214844 0.528336 0.214844 0.529250 0.214193 0.530165 0.213542 0.531079 0.212891 0.531079 0.212240 0.531993 0.211589 0.531993 0.210938 0.532907 0.210286 0.533821 0.209635 0.533821 0.209635 0.534735 0.208984 0.535649 0.208333 0.536563 0.208333 0.537477 0.208333 0.538391 0.207682 0.539305 0.207031 0.540219 0.206380 0.539305 0.206380 0.540219 0.205729 0.541133 0.205729 0.542048 0.205078 0.542962 0.205078 0.543876 0.205078 0.544790 0.205078 0.545704 0.205078 0.546618 0.204427 0.547532 0.204427 0.548446 0.204427 0.549360 0.204427 0.550274 0.204427 0.551188 0.203776 0.552102 0.203776 0.553016 0.203125 0.553931 0.202474 0.554845 0.202474 0.555759 0.202474 0.556673 0.201823 0.557587 0.201823 0.558501 0.201823 0.559415 0.201172 0.560329 0.201823 0.561243 0.201823 0.562157 0.201823 0.563071 0.201823 0.563985 0.201823 0.564899 0.202474 0.565814 0.201823 0.566728 0.202474 0.567642 0.202474 0.568556 0.203125 0.569470 0.203125 0.570384 0.203125 0.571298 0.203776 0.572212 0.204427 0.573126 0.205078 0.573126 0.205729 0.573126 0.206380 0.574040 0.207031 0.574040 0.207682 0.574040 0.208333 0.574040 0.208984 0.574040 0.209635 0.574040 0.210286 0.573126 0.210938 0.572212 0.211589 0.572212 0.212240 0.571298 0.212240 0.570384 0.212891 0.569470 0.213542 0.568556 0.214193 0.568556 0.214844 0.569470 0.215495 0.570384 0.216146 0.571298 0.215495 0.572212 0.215495 0.573126 0.216146 0.574040 0.216146 0.574954 0.216797 0.575868 0.217448 0.575868 0.218099 0.576782 0.218750 0.575868 0.219401 0.575868 0.219401 0.574954 0.220052 0.574040 0.220052 0.573126 0.220703 0.572212 0.220703 0.571298 0.220052 0.570384 0.220052 0.569470 0.219401 0.568556 0.219401 0.567642 0.218750 0.566728 0.218750 0.565814 0.219401 0.564899 0.218750 0.563985 0.219401 0.563071 0.220052 0.562157 0.219401 0.561243 0.219401 0.560329 0.219401 0.559415 0.218750 0.558501 0.219401 0.557587 0.219401 0.556673 0.218750 0.555759 0.218750 0.554845 0.218750 0.553931 0.219401 0.553016 0.218750 0.552102 0.218750 0.551188 0.218750 0.550274 0.218750 0.549360 0.218099 0.548446 0.218099 0.547532 0.218750 0.546618 0.218099 0.545704 0.218099 0.544790 0.218750 0.543876 0.218099 0.542962 0.218099 0.542048 0.218750 0.541133 0.218750 0.540219 0.218750 0.539305 0.218750 0.538391 0.218750 0.537477 0.218750 0.536563 0.218750 0.535649 0.218750 0.534735 0.218750 0.533821 0.218750 0.532907 0.219401 0.531993 0.220052 0.531079 0.219401 0.530165 0.220052 0.529250 0.220703 0.528336 0.221354 0.527422 0.221354 0.526508 0.221354 0.525594 0.221354 0.524680 0.220703 0.523766 0.220703 0.522852 0.220703 0.521938 0.220703 0.521024 0.220703 0.520110 0.220703 0.519196 0.220703 0.518282 0.221354 0.517367 0.222005 0.516453 0.222005 0.515539 0.222656 0.514625 0.222656 0.513711 0.222656 0.512797 0.223307 0.511883 0.222656 0.510969 0.222656 0.510055 0.222656 0.509141 0.222005 0.508227 0.222656 0.507313 0.222005 0.506399 0.221354 0.505484 0.221354 0.504570 0.222005 0.503656 0.222005 0.502742 0.222005 0.501828 0.222005 0.500914 0.222005 0.500000 0.221354 0.499086 0.220703 0.498172 0.220052 0.497258 0.219401 0.496344 0.218750 0.496344 0.218099 0.497258 0.217448 0.498172 0.216797 0.498172 0.216146 0.497258 0.215495 0.496344 0.214844 0.495430 0.214844 0.494516 0.214193 0.493601 0.213542 0.492687 0.212891 0.491773 0.212240 0.490859 0.212240 0.489945 0.212240 0.489031 0.211589 0.488117 0.210938 0.487203 0.210286 0.486289 0.209635 0.485375 0.209635 0.484461 0.208984 0.483547 0.208984 0.482633 0.208333 0.481718 0.208984 0.480804 0.208984 0.479890 0.208984 0.478976 0.208333 0.478062 0.208333 0.477148 0.207682 0.476234 0.207031 0.476234 0.206380 0.475320 0.205729 0.475320 0.205078 0.476234 0.205078 0.477148 0.204427 0.478062 0.203776 0.478976 0.203125 0.478062 0.202474 0.477148 0.201823 0.477148 0.201172 0.476234 0.200521 0.475320 0.199870 0.474406 0.199870 0.473492 0.199219 0.472578 0.198568 0.471664 0.199219 0.470750 0.198568 0.469835 0.197917 0.468921 0.197266 0.468921 0.196615 0.468007
0 0.941406 0.467093 0.940755 0.468007 0.940104 0.468921 0.940104 0.469835 0.939453 0.470750 0.939453 0.471664 0.939453 0.472578 0.938802 0.473492 0.938802 0.474406 0.938802 0.475320 0.938802 0.476234 0.938802 0.477148 0.938802 0.478062 0.939453 0.478976 0.939453 0.479890 0.939453 0.480804 0.939453 0.481718 0.939453 0.482633 0.939453 0.483547 0.938802 0.484461 0.938802 0.485375 0.938151 0.486289 0.938802 0.487203 0.938802 0.488117 0.939453 0.489031 0.939453 0.489945 0.940104 0.489945 0.940755 0.490859 0.941406 0.491773 0.942057 0.492687 0.942057 0.493601 0.942708 0.494516 0.942708 0.495430 0.942708 0.496344 0.942708 0.497258 0.942708 0.498172 0.943359 0.499086 0.944010 0.500000 0.944661 0.500914 0.944661 0.501828 0.944661 0.502742 0.945312 0.503656 0.944661 0.504570 0.945312 0.505484 0.945964 0.506399 0.945312 0.507313 0.945964 0.508227 0.945964 0.509141 0.945312 0.510055 0.944661 0.510969 0.944010 0.510969 0.943359 0.511883 0.942708 0.511883 0.942057 0.511883 0.941406 0.512797 0.941406 0.513711 0.940755 0.514625 0.940104 0.515539 0.940755 0.516453 0.941406 0.517367 0.940755 0.518282 0.941406 0.519196 0.942057 0.520110 0.942708 0.520110 0.943359 0.521024 0.944010 0.521938 0.944661 0.522852 0.944010 0.523766 0.943359 0.524680 0.942708 0.525594 0.942708 0.526508 0.942708 0.527422 0.942708 0.528336 0.943359 0.529250 0.943359 0.530165 0.944010 0.530165 0.944661 0.530165 0.945312 0.530165 0.945964 0.530165 0.946615 0.530165 0.947266 0.530165 0.947917 0.529250 0.948568 0.529250 0.949219 0.528336 0.949870 0.528336 0.949870 0.527422 0.950521 0.526508 0.951172 0.525594 0.951172 0.524680 0.951172 0.523766 0.951172 0.522852 0.950521 0.521938 0.949870 0.521024 0.949219 0.520110 0.949870 0.519196 0.949870 0.518282 0.950521 0.517367 0.951172 0.516453 0.951823 0.515539 0.952474 0.514625 0.952474 0.513711 0.953125 0.512797 0.953776 0.511883 0.953125 0.510969 0.953776 0.510055 0.953125 0.509141 0.953776 0.508227 0.954427 0.507313 0.955078 0.507313 0.955729 0.506399 0.955729 0.505484 0.955078 0.504570 0.955729 0.503656 0.955729 0.502742 0.956380 0.501828 0.956380 0.500914 0.957031 0.500000 0.957682 0.499086 0.958333 0.498172 0.958984 0.497258 0.958984 0.496344 0.958984 0.495430 0.959635 0.494516 0.960286 0.493601 0.960938 0.493601 0.961589 0.492687 0.962240 0.492687 0.962891 0.491773 0.963542 0.490859 0.964193 0.489945 0.964193 0.489031 0.964844 0.488117 0.965495 0.487203 0.966146 0.486289 0.966146 0.485375 0.966797 0.484461 0.966797 0.483547 0.967448 0.482633 0.968099 0.481718 0.968750 0.480804 0.968750 0.479890 0.969401 0.478976 0.969401 0.478062 0.969401 0.477148 0.969401 0.476234 0.968750 0.476234 0.968099 0.475320 0.967448 0.474406 0.967448 0.473492 0.967448 0.472578 0.966797 0.472578 0.966146 0.471664 0.965495 0.471664 0.964844 0.472578 0.964193 0.473492 0.963542 0.474406 0.962891 0.474406 0.962240 0.474406 0.961589 0.474406 0.960938 0.475320 0.960938 0.476234 0.960938 0.477148 0.960938 0.478062 0.960938 0.478976 0.960938 0.479890 0.960938 0.480804 0.960938 0.481718 0.960938 0.482633 0.960286 0.483547 0.959635 0.484461 0.958984 0.485375 0.958333 0.485375 0.957682 0.486289 0.957031 0.487203 0.956380 0.488117 0.955729 0.488117 0.956380 0.489031 0.955729 0.489945 0.955078 0.490859 0.955729 0.491773 0.955729 0.492687 0.955078 0.493601 0.955729 0.494516 0.955078 0.495430 0.955078 0.496344 0.954427 0.497258 0.953776 0.498172 0.953776 0.499086 0.953125 0.500000 0.953776 0.500914 0.953776 0.501828 0.953776 0.502742 0.953125 0.503656 0.952474 0.504570 0.951823 0.504570 0.951172 0.503656 0.950521 0.503656 0.949870 0.502742 0.949219 0.501828 0.949219 0.500914 0.948568 0.500000 0.947917 0.499086 0.947917 0.498172 0.947917 0.497258 0.947917 0.496344 0.947266 0.495430 0.947266 0.494516 0.946615 0.493601 0.945964 0.493601 0.945312 0.492687 0.944661 0.491773 0.944010 0.490859 0.943359 0.489945 0.942708 0.489031 0.943359 0.488117 0.943359 0.487203 0.943359 0.486289 0.943359 0.485375 0.944010 0.484461 0.943359 0.483547 0.944010 0.482633 0.944010 0.481718 0.944010 0.480804 0.944010 0.479890 0.944661 0.478976 0.944661 0.478062 0.944010 0.477148 0.944010 0.476234 0.944661 0.475320 0.944661 0.474406 0.944661 0.473492 0.944661 0.472578 0.945312 0.471664 0.945312 0.470750 0.945312 0.469835 0.945312 0.468921 0.944661 0.468007 0.944661 0.467093 0.944010 0.467093 0.943359 0.467093 0.942708 0.467093 0.942057 0.467093
0 0.951172 0.464351 0.950521 0.465265 0.949870 0.465265 0.949219 0.465265 0.949219 0.466179 0.948568 0.467093 0.949219 0.468007 0.948568 0.468921 0.948568 0.469835 0.948568 0.470750 0.947917 0.471664 0.947917 0.472578 0.947917 0.473492 0.947917 0.474406 0.947917 0.475320 0.947917 0.476234 0.948568 0.477148 0.947917 0.478062 0.948568 0.478976 0.947917 0.479890 0.948568 0.480804 0.949219 0.481718 0.949219 0.482633 0.949870 0.483547 0.950521 0.484461 0.949870 0.485375 0.950521 0.486289 0.951172 0.487203 0.951823 0.487203 0.952474 0.486289 0.953125 0.485375 0.953125 0.484461 0.953125 0.483547 0.953776 0.482633 0.953776 0.481718 0.953776 0.480804 0.953776 0.479890 0.953776 0.478976 0.953776 0.478062 0.953125 0.478062 0.952474 0.477148 0.951823 0.476234 0.951823 0.475320 0.951172 0.474406 0.951823 0.473492 0.951823 0.472578 0.952474 0.471664 0.952474 0.470750 0.952474 0.469835 0.952474 0.468921 0.952474 0.468007 0.952474 0.467093 0.951823 0.466179 0.951172 0.465265
0 0.650391 0.461609 0.649740 0.462523 0.649089 0.463437 0.648438 0.463437 0.648438 0.464351 0.647786 0.465265 0.647135 0.466179 0.646484 0.466179 0.647135 0.467093 0.647786 0.466179 0.648438 0.467093 0.649089 0.466179 0.649740 0.466179 0.650391 0.466179 0.651042 0.467093 0.651693 0.468007 0.652344 0.468921 0.652995 0.469835 0.653646 0.470750 0.654297 0.471664 0.654297 0.472578 0.654948 0.473492 0.654948 0.474406 0.655599 0.475320 0.655599 0.476234 0.655599 0.477148 0.655599 0.478062 0.656250 0.478976 0.656250 0.479890 0.656250 0.480804 0.656901 0.481718 0.657552 0.482633 0.657552 0.483547 0.657552 0.484461 0.657552 0.485375 0.656901 0.486289 0.657552 0.487203 0.658203 0.488117 0.657552 0.489031 0.658203 0.489945 0.657552 0.490859 0.656901 0.491773 0.656250 0.492687 0.655599 0.493601 0.655599 0.494516 0.654948 0.495430 0.654948 0.496344 0.655599 0.497258 0.654948 0.498172 0.654948 0.499086 0.654948 0.500000 0.654948 0.500914 0.654948 0.501828 0.654297 0.502742 0.654297 0.503656 0.653646 0.504570 0.653646 0.505484 0.653646 0.506399 0.653646 0.507313 0.653646 0.508227 0.654297 0.509141 0.654948 0.510055 0.654948 0.510969 0.654948 0.511883 0.655599 0.512797 0.656250 0.513711 0.656250 0.514625 0.656250 0.515539 0.656901 0.516453 0.656901 0.517367 0.657552 0.518282 0.658203 0.519196 0.658854 0.519196 0.659505 0.519196 0.660156 0.519196 0.660807 0.520110 0.661458 0.520110 0.662109 0.521024 0.662760 0.520110 0.663411 0.519196 0.664062 0.518282 0.664714 0.518282 0.665365 0.518282 0.666016 0.518282 0.666667 0.518282 0.667318 0.518282 0.667969 0.518282 0.668620 0.519196 0.669271 0.519196 0.669922 0.519196 0.670573 0.518282 0.671224 0.517367 0.671224 0.516453 0.671224 0.515539 0.670573 0.514625 0.670573 0.513711 0.670573 0.512797 0.669922 0.511883 0.669271 0.510969 0.669271 0.510055 0.668620 0.510055 0.667969 0.510055 0.667318 0.510969 0.666667 0.511883 0.666016 0.512797 0.665365 0.512797 0.664714 0.512797 0.664062 0.512797 0.663411 0.511883 0.662760 0.511883 0.662109 0.510969 0.661458 0.510055 0.662109 0.509141 0.662760 0.508227 0.663411 0.508227 0.664062 0.507313 0.664714 0.506399 0.665365 0.506399 0.666016 0.506399 0.666667 0.506399 0.667318 0.505484 0.667318 0.504570 0.667318 0.503656 0.667318 0.502742 0.667969 0.501828 0.667969 0.500914 0.667318 0.500000 0.667969 0.499086 0.667318 0.498172 0.667318 0.497258 0.666667 0.496344 0.666016 0.496344 0.665365 0.497258 0.665365 0.498172 0.664714 0.499086 0.664062 0.500000 0.663411 0.500914 0.662760 0.501828 0.662109 0.501828 0.661458 0.502742 0.660807 0.502742 0.660156 0.501828 0.659505 0.500914 0.658854 0.500000 0.658854 0.499086 0.659505 0.498172 0.659505 0.497258 0.659505 0.496344 0.659505 0.495430 0.660156 0.494516 0.660807 0.493601 0.661458 0.492687 0.662109 0.493601 0.662760 0.492687 0.663411 0.492687 0.664062 0.492687 0.664714 0.492687 0.665365 0.492687 0.666016 0.492687 0.666667 0.492687 0.666667 0.491773 0.667318 0.490859 0.667969 0.489945 0.667318 0.489031 0.667318 0.488117 0.666667 0.488117 0.666016 0.488117 0.665365 0.488117 0.664714 0.488117 0.664062 0.488117 0.663411 0.488117 0.662760 0.488117 0.662109 0.489031 0.661458 0.489945 0.660807 0.489945 0.660156 0.489031 0.659505 0.488117 0.660156 0.487203 0.660807 0.486289 0.661458 0.485375 0.662109 0.484461 0.662109 0.483547 0.662760 0.482633 0.662760 0.481718 0.663411 0.480804 0.664062 0.479890 0.664062 0.478976 0.664062 0.478062 0.664062 0.477148 0.664714 0.476234 0.664062 0.475320 0.664714 0.474406 0.665365 0.473492 0.666016 0.473492 0.666667 0.472578 0.667318 0.472578 0.667969 0.471664 0.668620 0.472578 0.669271 0.472578 0.669922 0.472578 0.670573 0.472578 0.671224 0.472578 0.671875 0.472578 0.672526 0.472578 0.673177 0.472578 0.673828 0.472578 0.674479 0.472578 0.675130 0.472578 0.675130 0.471664 0.675781 0.470750 0.676432 0.469835 0.676432 0.468921 0.676432 0.468007 0.676432 0.467093 0.675781 0.466179 0.675130 0.466179 0.674479 0.465265 0.673828 0.464351 0.673177 0.465265 0.672526 0.465265 0.671875 0.465265 0.671224 0.465265 0.670573 0.464351 0.669922 0.464351 0.669271 0.463437 0.668620 0.463437 0.667969 0.463437 0.667318 0.464351 0.666667 0.464351 0.666016 0.465265 0.665365 0.466179 0.664714 0.467093 0.664062 0.467093 0.663411 0.468007 0.662760 0.468007 0.662109 0.468921 0.661458 0.468921 0.660807 0.468007 0.660156 0.467093 0.659505 0.466179 0.658854 0.465265 0.658854 0.464351 0.658203 0.463437 0.658203 0.462523 0.658203 0.461609 0.657552 0.461609 0.656901 0.462523 0.656901 0.463437 0.657552 0.464351 0.657552 0.465265 0.657552 0.466179 0.656901 0.467093 0.656250 0.468007 0.655599 0.468007 0.654948 0.467093 0.654297 0.466179 0.653646 0.465265 0.652995 0.464351 0.652995 0.463437 0.652344 0.463437 0.651693 0.462523 0.651042 0.462523
0 0.591797 0.459781 0.591146 0.460695 0.590495 0.460695 0.590495 0.461609 0.589844 0.462523 0.589844 0.463437 0.589844 0.464351 0.589844 0.465265 0.590495 0.466179 0.589844 0.467093 0.589844 0.468007 0.589193 0.468921 0.588542 0.469835 0.587891 0.469835 0.587240 0.470750 0.587240 0.471664 0.586589 0.472578 0.585938 0.473492 0.585286 0.474406 0.584635 0.474406 0.583984 0.474406 0.583333 0.474406 0.582682 0.474406 0.582031 0.474406 0.582031 0.475320 0.581380 0.476234 0.581380 0.477148 0.582031 0.478062 0.582031 0.478976 0.582031 0.479890 0.582031 0.480804 0.582031 0.481718 0.582682 0.482633 0.583333 0.483547 0.582682 0.484461 0.582682 0.485375 0.582682 0.486289 0.582682 0.487203 0.582031 0.488117 0.582031 0.489031 0.581380 0.489945 0.581380 0.490859 0.580729 0.491773 0.580729 0.492687 0.580078 0.493601 0.579427 0.494516 0.578776 0.495430 0.578125 0.494516 0.577474 0.494516 0.576823 0.493601 0.576172 0.492687 0.575521 0.493601 0.574870 0.492687 0.574219 0.491773 0.574219 0.490859 0.573568 0.489945 0.573568 0.489031 0.572917 0.488117 0.573568 0.487203 0.573568 0.486289 0.572917 0.485375 0.573568 0.484461 0.573568 0.483547 0.573568 0.482633 0.573568 0.481718 0.573568 0.480804 0.573568 0.479890 0.573568 0.478976 0.573568 0.478062 0.572917 0.477148 0.572266 0.477148 0.571615 0.477148 0.570964 0.476234 0.570312 0.477148 0.569661 0.477148 0.569661 0.478062 0.569010 0.478976 0.569010 0.479890 0.568359 0.480804 0.568359 0.481718 0.568359 0.482633 0.568359 0.483547 0.568359 0.484461 0.567708 0.485375 0.567057 0.486289 0.566406 0.486289 0.565755 0.486289 0.565104 0.487203 0.565755 0.488117 0.565104 0.489031 0.565104 0.489945 0.565755 0.490859 0.566406 0.491773 0.567057 0.491773 0.567708 0.492687 0.568359 0.493601 0.568359 0.494516 0.569010 0.494516 0.569661 0.494516 0.570312 0.495430 0.570964 0.495430 0.571615 0.496344 0.572266 0.497258 0.572917 0.497258 0.573568 0.498172 0.574219 0.499086 0.574870 0.500000 0.574870 0.500914 0.575521 0.501828 0.576172 0.502742 0.576172 0.503656 0.576172 0.504570 0.576172 0.505484 0.576823 0.506399 0.576172 0.507313 0.576823 0.508227 0.576823 0.509141 0.577474 0.510055 0.577474 0.510969 0.576823 0.511883 0.576172 0.512797 0.575521 0.513711 0.574870 0.514625 0.574219 0.514625 0.573568 0.515539 0.572917 0.516453 0.572266 0.516453 0.572266 0.517367 0.572266 0.518282 0.571615 0.519196 0.571615 0.520110 0.572266 0.521024 0.572266 0.521938 0.572266 0.522852 0.572266 0.523766 0.572266 0.524680 0.571615 0.525594 0.570964 0.526508 0.570312 0.526508 0.570312 0.527422 0.570312 0.528336 0.569661 0.529250 0.569661 0.530165 0.569661 0.531079 0.569010 0.531993 0.569661 0.532907 0.569010 0.533821 0.569661 0.534735 0.570312 0.535649 0.570964 0.535649 0.571615 0.536563 0.572266 0.536563 0.572917 0.537477 0.573568 0.538391 0.573568 0.539305 0.574219 0.540219 0.574219 0.541133 0.573568 0.542048 0.572917 0.542962 0.572266 0.543876 0.571615 0.544790 0.570964 0.544790 0.570312 0.544790 0.569661 0.545704 0.569010 0.546618 0.568359 0.546618 0.567708 0.546618 0.567057 0.547532 0.566406 0.547532 0.565755 0.547532 0.565104 0.547532 0.564453 0.548446 0.563802 0.549360 0.563151 0.550274 0.563151 0.551188 0.562500 0.552102 0.561849 0.553016 0.561198 0.553931 0.560547 0.554845 0.559896 0.554845 0.559245 0.555759 0.558594 0.555759 0.557943 0.554845 0.557292 0.553931 0.556641 0.553016 0.555990 0.553016 0.555339 0.553016 0.554688 0.553931 0.554036 0.553931 0.554036 0.554845 0.553385 0.555759 0.553385 0.556673 0.552734 0.557587 0.552734 0.558501 0.552734 0.559415 0.552734 0.560329 0.552734 0.561243 0.552734 0.562157 0.552734 0.563071 0.552734 0.563985 0.552734 0.564899 0.552734 0.565814 0.552083 0.566728 0.552083 0.567642 0.552083 0.568556 0.552083 0.569470 0.552083 0.570384 0.552083 0.571298 0.552083 0.572212 0.552083 0.573126 0.552083 0.574040 0.552083 0.574954 0.552083 0.575868 0.552734 0.576782 0.552734 0.577697 0.552734 0.578611 0.552734 0.579525 0.553385 0.580439 0.553385 0.581353 0.553385 0.582267 0.554036 0.583181 0.554036 0.584095 0.554036 0.585009 0.554688 0.585923 0.554688 0.586837 0.555339 0.587751 0.555990 0.588665 0.556641 0.588665 0.557292 0.589580 0.557943 0.589580 0.558594 0.588665 0.559245 0.588665 0.559896 0.588665 0.560547 0.588665 0.561198 0.587751 0.561198 0.586837 0.561198 0.585923 0.561849 0.585009 0.561198 0.584095 0.561198 0.583181 0.561198 0.582267 0.561198 0.581353 0.561198 0.580439 0.560547 0.579525 0.561198 0.578611 0.561198 0.577697 0.561849 0.576782 0.562500 0.575868 0.563151 0.574954 0.563802 0.574040 0.564453 0.574040 0.565104 0.574040 0.565755 0.573126 0.566406 0.573126 0.567057 0.572212 0.567708 0.571298 0.568359 0.570384 0.568359 0.569470 0.569010 0.568556 0.569010 0.567642 0.569661 0.566728 0.570312 0.565814 0.570964 0.565814 0.571615 0.564899 0.572266 0.564899 0.572917 0.565814 0.573568 0.566728 0.574219 0.567642 0.574219 0.568556 0.574219 0.569470 0.574219 0.570384 0.574219 0.571298 0.574219 0.572212 0.574219 0.573126 0.574219 0.574040 0.574219 0.574954 0.574219 0.575868 0.574219 0.576782 0.573568 0.577697 0.573568 0.578611 0.573568 0.579525 0.573568 0.580439 0.573568 0.581353 0.573568 0.582267 0.573568 0.583181 0.574219 0.584095 0.574219 0.585009 0.574870 0.585923 0.574870 0.586837 0.575521 0.587751 0.575521 0.588665 0.576172 0.589580 0.576172 0.590494 0.576172 0.591408 0.576172 0.592322 0.576172 0.593236 0.576172 0.594150 0.576823 0.594150 0.577474 0.595064 0.578125 0.595978 0.578125 0.596892 0.578776 0.597806 0.578776 0.598720 0.579427 0.599634 0.579427 0.600548 0.580078 0.601463 0.580078 0.602377 0.580729 0.603291 0.581380 0.604205 0.581380 0.605119 0.582031 0.606033 0.582682 0.606033 0.583333 0.606947 0.583984 0.607861 0.583984 0.608775 0.584635 0.609689 0.584635 0.610603 0.584635 0.611517 0.585286 0.612431 0.585286 0.613346 0.585938 0.613346 0.586589 0.612431 0.587240 0.613346 0.587891 0.613346 0.588542 0.612431 0.589193 0.612431 0.589193 0.611517 0.588542 0.610603 0.589193 0.609689 0.589193 0.608775 0.589844 0.607861 0.589193 0.606947 0.589193 0.606033 0.589193 0.605119 0.589844 0.604205 0.589844 0.603291 0.589193 0.602377 0.589193 0.601463 0.589193 0.600548 0.589844 0.599634 0.590495 0.598720 0.591146 0.598720 0.591797 0.599634 0.592448 0.600548 0.593099 0.600548 0.593750 0.600548 0.594401 0.600548 0.594401 0.599634 0.595052 0.598720 0.595703 0.597806 0.595703 0.596892 0.595703 0.595978 0.595703 0.595064 0.595703 0.594150 0.595703 0.593236 0.595703 0.592322 0.595052 0.591408 0.594401 0.590494 0.594401 0.589580 0.593750 0.588665 0.594401 0.587751 0.593750 0.586837 0.593750 0.585923 0.593099 0.585009 0.593750 0.584095 0.593099 0.583181 0.593750 0.582267 0.593099 0.581353 0.593750 0.580439 0.593750 0.579525 0.593750 0.578611 0.593099 0.577697 0.593099 0.576782 0.593099 0.575868 0.593099 0.574954 0.592448 0.574040 0.592448 0.573126 0.591797 0.572212 0.591797 0.571298 0.591797 0.570384 0.591146 0.569470 0.591146 0.568556 0.591146 0.567642 0.591146 0.566728 0.590495 0.565814 0.589844 0.564899 0.589193 0.563985 0.589193 0.563071 0.588542 0.562157 0.587891 0.562157 0.587240 0.561243 0.586589 0.561243 0.585938 0.562157 0.585286 0.562157 0.585286 0.563071 0.584635 0.563985 0.584635 0.564899 0.584635 0.565814 0.583984 0.566728 0.583984 0.567642 0.583333 0.568556 0.582682 0.569470 0.582682 0.570384 0.582031 0.571298 0.582031 0.572212 0.582031 0.573126 0.581380 0.574040 0.580729 0.574954 0.580078 0.574040 0.579427 0.573126 0.579427 0.572212 0.580078 0.571298 0.580078 0.570384 0.580078 0.569470 0.580078 0.568556 0.580729 0.567642 0.580729 0.566728 0.580078 0.565814 0.580729 0.564899 0.580729 0.563985 0.580729 0.563071 0.581380 0.562157 0.581380 0.561243 0.581380 0.560329 0.581380 0.559415 0.581380 0.558501 0.581380 0.557587 0.580729 0.556673 0.580729 0.555759 0.580078 0.554845 0.580729 0.553931 0.580078 0.553016 0.579427 0.552102 0.579427 0.551188 0.578776 0.550274 0.578776 0.549360 0.578776 0.548446 0.578125 0.547532 0.577474 0.546618 0.578125 0.545704 0.577474 0.545704 0.576823 0.544790 0.576172 0.543876 0.576823 0.542962 0.576823 0.542048 0.576823 0.541133 0.576823 0.540219 0.576172 0.539305 0.576172 0.538391 0.576823 0.537477 0.577474 0.536563 0.578125 0.536563 0.578776 0.536563 0.579427 0.535649 0.580078 0.534735 0.580729 0.533821 0.580729 0.532907 0.581380 0.531993 0.582031 0.531079 0.582031 0.530165 0.582682 0.529250 0.583333 0.528336 0.583984 0.527422 0.584635 0.526508 0.585286 0.525594 0.584635 0.524680 0.585286 0.523766 0.585286 0.522852 0.584635 0.522852 0.583984 0.521938 0.583333 0.521938 0.582682 0.521938 0.582031 0.521938 0.581380 0.521938 0.580729 0.521938 0.580729 0.522852 0.580078 0.523766 0.579427 0.524680 0.578776 0.525594 0.578125 0.526508 0.577474 0.526508 0.576823 0.526508 0.576172 0.525594 0.575521 0.524680 0.575521 0.523766 0.575521 0.522852 0.575521 0.521938 0.575521 0.521024 0.576172 0.520110 0.576823 0.519196 0.577474 0.518282 0.578125 0.517367 0.578776 0.516453 0.579427 0.515539 0.580078 0.514625 0.580729 0.513711 0.581380 0.512797 0.582031 0.511883 0.582682 0.511883 0.583333 0.511883 0.583333 0.510969 0.583333 0.510055 0.583333 0.509141 0.582682 0.508227 0.582682 0.507313 0.582682 0.506399 0.583333 0.505484 0.583984 0.504570 0.584635 0.503656 0.585286 0.503656 0.585938 0.502742 0.586589 0.501828 0.586589 0.500914 0.586589 0.500000 0.587240 0.499086 0.587240 0.498172 0.587891 0.497258 0.587240 0.496344 0.587240 0.495430 0.587240 0.494516 0.586589 0.493601 0.585938 0.492687 0.585286 0.491773 0.585286 0.490859 0.584635 0.489945 0.585286 0.489031 0.585938 0.488117 0.586589 0.488117 0.587240 0.488117 0.587891 0.488117 0.588542 0.488117 0.589193 0.487203 0.589844 0.487203 0.589844 0.486289 0.590495 0.485375 0.590495 0.484461 0.591146 0.483547 0.591146 0.482633 0.591146 0.481718 0.591797 0.480804 0.591797 0.479890 0.592448 0.478976 0.593099 0.478062 0.592448 0.477148 0.592448 0.476234 0.593099 0.475320 0.593750 0.474406 0.593750 0.473492 0.593750 0.472578 0.593750 0.471664 0.593750 0.470750 0.594401 0.469835 0.594401 0.468921 0.593750 0.468007 0.594401 0.467093 0.594401 0.466179 0.593750 0.465265 0.594401 0.464351 0.594401 0.463437 0.594401 0.462523 0.594401 0.461609 0.593750 0.460695 0.593099 0.459781 0.592448 0.459781
0 0.073568 0.456124 0.072917 0.457038 0.072266 0.457038 0.071615 0.457038 0.070964 0.457038 0.070312 0.457038 0.069661 0.457038 0.069010 0.457952 0.068359 0.458867 0.067708 0.459781 0.067057 0.460695 0.066406 0.461609 0.065755 0.462523 0.065755 0.463437 0.065104 0.464351 0.064453 0.465265 0.064453 0.466179 0.063802 0.467093 0.063802 0.468007 0.063151 0.468921 0.063151 0.469835 0.063802 0.470750 0.063802 0.471664 0.064453 0.471664 0.065104 0.471664 0.065755 0.472578 0.066406 0.472578 0.067057 0.473492 0.067708 0.473492 0.068359 0.472578 0.069010 0.472578 0.069661 0.471664 0.069661 0.470750 0.069661 0.469835 0.069661 0.468921 0.069010 0.468007 0.069661 0.467093 0.070312 0.466179 0.070964 0.465265 0.071615 0.464351 0.072266 0.463437 0.072917 0.463437 0.073568 0.462523 0.074219 0.461609 0.073568 0.460695 0.074219 0.459781 0.073568 0.458867 0.074219 0.457952 0.074219 0.457038
0 0.338542 0.451554 0.337891 0.452468 0.337240 0.453382 0.336589 0.454296 0.336589 0.455210 0.336589 0.456124 0.337240 0.457038 0.337240 0.457952 0.337240 0.458867 0.337891 0.459781 0.338542 0.460695 0.338542 0.461609 0.339193 0.461609 0.339844 0.461609 0.340495 0.461609 0.341146 0.461609 0.341797 0.461609 0.342448 0.460695 0.343099 0.460695 0.343099 0.459781 0.343099 0.458867 0.343099 0.457952 0.343099 0.457038 0.343099 0.456124 0.343099 0.455210 0.342448 0.454296 0.342448 0.453382 0.341797 0.452468 0.341146 0.452468 0.340495 0.452468 0.339844 0.452468 0.339193 0.451554
0 0.330078 0.446069 0.329427 0.446984 0.328776 0.447898 0.328125 0.448812 0.327474 0.448812 0.326823 0.449726 0.326172 0.449726 0.325521 0.449726 0.324870 0.449726 0.324219 0.449726 0.323568 0.449726 0.322917 0.449726 0.322266 0.450640 0.321615 0.451554 0.322266 0.452468 0.322266 0.453382 0.322266 0.454296 0.321615 0.455210 0.320964 0.456124 0.321615 0.457038 0.321615 0.457952 0.321615 0.458867 0.320964 0.459781 0.321615 0.460695 0.322266 0.460695 0.322917 0.461609 0.323568 0.461609 0.324219 0.461609 0.324870 0.462523 0.325521 0.462523 0.326172 0.463437 0.326823 0.464351 0.327474 0.464351 0.328125 0.465265 0.328776 0.465265 0.329427 0.465265 0.330078 0.465265 0.330729 0.464351 0.331380 0.464351 0.331380 0.463437 0.332031 0.462523 0.332031 0.461609 0.331380 0.460695 0.332031 0.459781 0.332031 0.458867 0.331380 0.457952 0.331380 0.457038 0.330729 0.456124 0.330729 0.455210 0.330729 0.454296 0.331380 0.453382 0.331380 0.452468 0.331380 0.451554 0.332031 0.450640 0.331380 0.449726 0.332031 0.448812 0.332031 0.447898 0.331380 0.446984 0.330729 0.446984
0 0.109375 0.443327 0.108724 0.444241 0.108073 0.444241 0.107422 0.444241 0.106771 0.444241 0.106120 0.445155 0.105469 0.446069 0.104818 0.446069 0.104167 0.446069 0.104167 0.446984 0.103516 0.447898 0.102865 0.448812 0.102214 0.448812 0.101562 0.449726 0.100911 0.450640 0.100911 0.451554 0.100260 0.452468 0.100260 0.453382 0.099609 0.454296 0.098958 0.455210 0.098307 0.455210 0.097656 0.455210 0.097005 0.456124 0.096354 0.455210 0.095703 0.455210 0.095052 0.455210 0.094401 0.456124 0.094401 0.457038 0.093750 0.457952 0.093750 0.458867 0.093750 0.459781 0.093750 0.460695 0.094401 0.461609 0.094401 0.462523 0.095052 0.463437 0.095052 0.464351 0.095052 0.465265 0.095052 0.466179 0.095052 0.467093 0.095052 0.468007 0.095052 0.468921 0.095703 0.469835 0.095703 0.470750 0.095052 0.471664 0.094401 0.472578 0.093750 0.473492 0.093099 0.473492 0.093099 0.474406 0.092448 0.475320 0.091797 0.476234 0.091146 0.476234 0.090495 0.475320 0.089844 0.474406 0.089193 0.475320 0.088542 0.474406 0.087891 0.474406 0.087240 0.474406 0.086589 0.473492 0.085938 0.472578 0.085286 0.471664 0.085286 0.470750 0.084635 0.469835 0.083984 0.469835 0.083333 0.468921 0.082682 0.469835 0.082031 0.469835 0.081380 0.469835 0.080729 0.470750 0.080729 0.471664 0.080729 0.472578 0.080729 0.473492 0.080729 0.474406 0.080729 0.475320 0.080729 0.476234 0.081380 0.477148 0.082031 0.478062 0.082031 0.478976 0.082682 0.479890 0.083333 0.480804 0.083333 0.481718 0.083984 0.482633 0.083984 0.483547 0.084635 0.484461 0.085286 0.485375 0.085286 0.486289 0.085938 0.487203 0.085938 0.488117 0.085286 0.489031 0.085938 0.489945 0.085938 0.490859 0.085938 0.491773 0.086589 0.492687 0.087240 0.493601 0.087240 0.494516 0.087891 0.493601 0.088542 0.494516 0.089193 0.494516 0.089844 0.493601 0.090495 0.493601 0.090495 0.492687 0.091146 0.491773 0.091797 0.490859 0.092448 0.490859 0.093099 0.489945 0.093750 0.489945 0.094401 0.489945 0.095052 0.489031 0.095703 0.488117 0.096354 0.488117 0.097005 0.489031 0.097656 0.488117 0.098307 0.489031 0.098307 0.488117 0.098307 0.487203 0.098958 0.486289 0.099609 0.485375 0.099609 0.484461 0.100260 0.483547 0.100260 0.482633 0.100911 0.481718 0.101562 0.480804 0.102214 0.479890 0.102865 0.478976 0.103516 0.478976 0.104167 0.478976 0.104818 0.478062 0.105469 0.477148 0.104818 0.476234 0.105469 0.475320 0.105469 0.474406 0.104818 0.473492 0.104818 0.472578 0.105469 0.471664 0.105469 0.470750 0.106120 0.469835 0.106771 0.468921 0.107422 0.468007 0.108073 0.467093 0.108724 0.466179 0.109375 0.466179 0.109375 0.465265 0.110026 0.464351 0.110677 0.463437 0.110677 0.462523 0.111328 0.461609 0.111328 0.460695 0.111328 0.459781 0.111979 0.458867 0.112630 0.457952 0.112630 0.457038 0.112630 0.456124 0.113281 0.455210 0.113932 0.454296 0.113281 0.453382 0.113281 0.452468 0.113932 0.451554 0.113932 0.450640 0.113281 0.449726 0.113932 0.448812 0.113281 0.447898 0.113281 0.446984 0.112630 0.446069 0.111979 0.445155 0.111328 0.444241 0.110677 0.444241 0.110026 0.444241
0 0.466797 0.442413 0.466146 0.443327 0.466146 0.444241 0.465495 0.445155 0.465495 0.446069 0.465495 0.446984 0.465495 0.447898 0.465495 0.448812 0.466146 0.449726 0.465495 0.450640 0.466146 0.451554 0.465495 0.452468 0.465495 0.453382 0.466146 0.454296 0.465495 0.455210 0.465495 0.456124 0.465495 0.457038 0.465495 0.457952 0.466146 0.457952 0.466797 0.458867 0.467448 0.459781 0.468099 0.460695 0.468750 0.461609 0.469401 0.462523 0.468750 0.463437 0.468099 0.464351 0.467448 0.464351 0.466797 0.464351 0.466146 0.465265 0.466146 0.466179 0.466146 0.467093 0.466146 0.468007 0.466146 0.468921 0.466146 0.469835 0.466797 0.470750 0.467448 0.471664 0.468099 0.472578 0.468750 0.473492 0.468750 0.474406 0.468750 0.475320 0.468750 0.476234 0.468750 0.477148 0.469401 0.478062 0.470052 0.478976 0.470703 0.478976 0.471354 0.478976 0.472005 0.479890 0.472656 0.480804 0.472656 0.481718 0.473307 0.482633 0.472656 0.483547 0.472005 0.484461 0.471354 0.484461 0.472005 0.485375 0.472005 0.486289 0.472005 0.487203 0.472005 0.488117 0.472656 0.489031 0.472656 0.489945 0.472656 0.490859 0.472005 0.491773 0.471354 0.492687 0.470703 0.493601 0.470052 0.493601 0.469401 0.492687 0.468750 0.492687 0.468099 0.493601 0.467448 0.493601 0.467448 0.494516 0.467448 0.495430 0.466797 0.496344 0.467448 0.497258 0.468099 0.498172 0.468750 0.499086 0.469401 0.500000 0.470052 0.500914 0.470703 0.501828 0.471354 0.502742 0.471354 0.503656 0.472005 0.504570 0.472656 0.505484 0.472656 0.506399 0.472656 0.507313 0.472005 0.508227 0.471354 0.509141 0.470703 0.509141 0.470052 0.509141 0.469401 0.509141 0.468750 0.508227 0.468099 0.508227 0.467448 0.508227 0.467448 0.509141 0.466797 0.510055 0.466797 0.510969 0.466797 0.511883 0.466146 0.512797 0.466797 0.513711 0.467448 0.514625 0.467448 0.515539 0.468099 0.515539 0.468750 0.515539 0.469401 0.516453 0.470052 0.516453 0.470703 0.517367 0.471354 0.517367 0.472005 0.516453 0.472656 0.516453 0.473307 0.517367 0.473958 0.516453 0.474609 0.516453 0.475260 0.516453 0.475911 0.516453 0.476562 0.517367 0.477214 0.517367 0.477865 0.517367 0.478516 0.518282 0.479167 0.519196 0.479818 0.520110 0.480469 0.521024 0.480469 0.521938 0.480469 0.522852 0.479818 0.523766 0.479167 0.524680 0.479167 0.525594 0.478516 0.526508 0.477865 0.527422 0.477865 0.528336 0.477214 0.529250 0.476562 0.530165 0.477214 0.531079 0.477214 0.531993 0.476562 0.532907 0.476562 0.533821 0.477214 0.534735 0.477214 0.535649 0.477214 0.536563 0.477865 0.537477 0.478516 0.538391 0.479167 0.538391 0.479818 0.539305 0.480469 0.540219 0.481120 0.541133 0.480469 0.542048 0.479818 0.542962 0.479167 0.543876 0.478516 0.543876 0.477865 0.544790 0.477214 0.545704 0.477214 0.546618 0.477214 0.547532 0.477865 0.548446 0.477865 0.549360 0.478516 0.550274 0.479167 0.551188 0.479818 0.551188 0.480469 0.551188 0.481120 0.551188 0.481771 0.552102 0.482422 0.552102 0.483073 0.552102 0.483724 0.552102 0.484375 0.553016 0.485026 0.553016 0.485677 0.553016 0.486328 0.553016 0.486979 0.552102 0.487630 0.552102 0.488281 0.552102 0.488932 0.551188 0.489583 0.551188 0.490234 0.551188 0.490885 0.551188 0.491536 0.551188 0.492188 0.551188 0.492839 0.551188 0.493490 0.552102 0.494141 0.552102 0.494792 0.552102 0.495443 0.553016 0.496094 0.553016 0.496745 0.553931 0.497396 0.553931 0.498047 0.554845 0.498698 0.554845 0.499349 0.555759 0.500000 0.555759 0.500651 0.556673 0.501302 0.557587 0.501302 0.558501 0.501953 0.559415 0.502604 0.560329 0.502604 0.561243 0.502604 0.562157 0.502604 0.563071 0.502604 0.563985 0.502604 0.564899 0.503255 0.565814 0.503906 0.566728 0.503906 0.567642 0.504557 0.568556 0.505208 0.569470 0.505859 0.570384 0.506510 0.571298 0.506510 0.572212 0.507161 0.573126 0.507161 0.574040 0.507161 0.574954 0.507161 0.575868 0.507161 0.576782 0.507161 0.577697 0.506510 0.578611 0.506510 0.579525 0.507161 0.579525 0.507812 0.580439 0.508464 0.579525 0.509115 0.580439 0.509766 0.579525 0.510417 0.578611 0.511068 0.579525 0.511719 0.579525 0.512370 0.580439 0.513021 0.581353 0.513672 0.582267 0.514323 0.583181 0.514974 0.584095 0.515625 0.584095 0.516276 0.584095 0.516927 0.585009 0.517578 0.584095 0.518229 0.584095 0.518229 0.583181 0.518880 0.582267 0.518880 0.581353 0.518880 0.580439 0.518880 0.579525 0.518880 0.578611 0.518880 0.577697 0.519531 0.576782 0.520182 0.575868 0.520182 0.574954 0.520833 0.574040 0.521484 0.573126 0.522135 0.572212 0.522786 0.571298 0.523438 0.571298 0.524089 0.571298 0.524740 0.570384 0.525391 0.569470 0.526042 0.570384 0.526693 0.569470 0.527344 0.569470 0.527995 0.569470 0.528646 0.568556 0.529297 0.568556 0.529948 0.568556 0.530599 0.568556 0.531250 0.568556 0.531901 0.568556 0.532552 0.568556 0.533203 0.568556 0.533854 0.567642 0.534505 0.568556 0.535156 0.567642 0.535807 0.567642 0.536458 0.567642 0.537109 0.566728 0.537760 0.566728 0.538411 0.566728 0.539062 0.566728 0.539714 0.566728 0.540365 0.566728 0.541016 0.566728 0.541667 0.565814 0.542318 0.565814 0.542969 0.565814 0.542318 0.564899 0.542969 0.563985 0.542318 0.563071 0.542318 0.562157 0.541667 0.561243 0.541016 0.560329 0.540365 0.559415 0.539714 0.559415 0.539062 0.559415 0.538411 0.558501 0.537760 0.558501 0.537109 0.558501 0.536458 0.558501 0.535807 0.557587 0.535156 0.557587 0.534505 0.557587 0.533854 0.557587 0.533203 0.557587 0.532552 0.556673 0.531901 0.556673 0.531250 0.556673 0.530599 0.556673 0.529948 0.556673 0.529297 0.556673 0.528646 0.556673 0.527995 0.556673 0.527344 0.556673 0.526693 0.556673 0.526042 0.556673 0.525391 0.556673 0.524740 0.556673 0.524089 0.555759 0.523438 0.554845 0.523438 0.553931 0.523438 0.553016 0.523438 0.552102 0.522786 0.551188 0.522786 0.550274 0.522786 0.549360 0.522786 0.548446 0.522786 0.547532 0.523438 0.546618 0.524089 0.545704 0.524740 0.544790 0.525391 0.543876 0.525391 0.542962 0.526042 0.542048 0.526693 0.541133 0.526042 0.540219 0.525391 0.540219 0.524740 0.539305 0.524089 0.539305 0.523438 0.540219 0.522786 0.540219 0.522135 0.541133 0.521484 0.542048 0.520833 0.542962 0.520182 0.542048 0.519531 0.541133 0.518880 0.540219 0.518229 0.539305 0.517578 0.539305 0.516927 0.538391 0.516276 0.538391 0.515625 0.539305 0.514974 0.539305 0.514323 0.539305 0.513672 0.540219 0.513021 0.541133 0.512370 0.541133 0.511719 0.540219 0.511068 0.541133 0.510417 0.541133 0.509766 0.540219 0.509115 0.540219 0.508464 0.539305 0.507812 0.538391 0.507161 0.537477 0.507161 0.536563 0.507161 0.535649 0.506510 0.534735 0.506510 0.533821 0.505859 0.532907 0.505859 0.531993 0.505208 0.531079 0.504557 0.530165 0.503906 0.530165 0.503255 0.529250 0.502604 0.529250 0.501953 0.529250 0.501302 0.528336 0.500651 0.528336 0.500000 0.529250 0.499349 0.529250 0.498698 0.529250 0.498047 0.529250 0.497396 0.530165 0.496745 0.530165 0.496094 0.531079 0.495443 0.531079 0.494792 0.531079 0.494141 0.531993 0.493490 0.531079 0.492839 0.531079 0.492188 0.531079 0.491536 0.531079 0.490885 0.531079 0.490234 0.531079 0.489583 0.530165 0.488932 0.530165 0.488281 0.529250 0.487630 0.528336 0.486979 0.528336 0.486328 0.527422 0.485677 0.526508 0.485677 0.525594 0.485026 0.524680 0.485677 0.523766 0.485026 0.522852 0.484375 0.521938 0.483724 0.521024 0.483073 0.521024 0.482422 0.521024 0.481771 0.520110 0.481120 0.519196 0.480469 0.518282 0.480469 0.517367 0.479818 0.516453 0.479818 0.515539 0.479818 0.514625 0.479167 0.513711 0.478516 0.512797 0.478516 0.511883 0.477865 0.510969 0.477214 0.510055 0.476562 0.509141 0.476562 0.508227 0.475911 0.507313 0.475911 0.506399 0.475911 0.505484 0.475911 0.504570 0.475260 0.503656 0.475911 0.502742 0.475260 0.501828 0.475260 0.500914 0.475260 0.500000 0.475260 0.499086 0.475911 0.498172 0.476562 0.497258 0.477214 0.497258 0.477865 0.498172 0.478516 0.499086 0.479167 0.499086 0.479818 0.500000 0.480469 0.500914 0.481120 0.500000 0.481771 0.500000 0.482422 0.499086 0.483073 0.499086 0.483724 0.500000 0.484375 0.500914 0.485026 0.500914 0.485677 0.500914 0.486328 0.500914 0.486979 0.500000 0.486979 0.499086 0.486979 0.498172 0.486328 0.497258 0.486328 0.496344 0.485677 0.496344 0.485026 0.495430 0.484375 0.494516 0.483724 0.493601 0.483724 0.492687 0.483724 0.491773 0.483724 0.490859 0.483073 0.489945 0.483073 0.489031 0.483073 0.488117 0.483073 0.487203 0.483073 0.486289 0.483073 0.485375 0.482422 0.484461 0.482422 0.483547 0.482422 0.482633 0.482422 0.481718 0.481771 0.480804 0.481120 0.480804 0.480469 0.479890 0.479818 0.479890 0.479167 0.478976 0.478516 0.478062 0.477865 0.477148 0.477865 0.476234 0.477865 0.475320 0.477865 0.474406 0.477214 0.473492 0.477214 0.472578 0.476562 0.471664 0.476562 0.470750 0.476562 0.469835 0.475911 0.468921 0.475911 0.468007 0.475260 0.467093 0.474609 0.466179 0.473958 0.465265 0.473958 0.464351 0.473307 0.463437 0.473307 0.462523 0.472656 0.461609 0.472656 0.460695 0.473307 0.459781 0.473958 0.458867 0.474609 0.459781 0.475260 0.458867 0.475911 0.459781 0.476562 0.459781 0.477214 0.458867 0.477865 0.457952 0.478516 0.457038 0.478516 0.456124 0.478516 0.455210 0.479167 0.454296 0.478516 0.453382 0.479167 0.452468 0.478516 0.451554 0.477865 0.450640 0.477865 0.449726 0.477865 0.448812 0.477214 0.447898 0.476562 0.446984 0.475911 0.446984 0.475260 0.446984 0.474609 0.446069 0.473958 0.446069 0.473307 0.445155 0.472656 0.444241 0.472005 0.444241 0.471354 0.443327 0.470703 0.443327 0.470052 0.443327 0.469401 0.443327 0.468750 0.443327 0.468099 0.443327 0.467448 0.443327
0 0.787760 0.436929 0.787109 0.437843 0.786458 0.438757 0.785807 0.438757 0.785807 0.439671 0.785807 0.440585 0.785807 0.441499 0.786458 0.441499 0.787109 0.442413 0.787760 0.443327 0.788411 0.442413 0.789062 0.442413 0.789714 0.442413 0.790365 0.441499 0.791016 0.441499 0.791667 0.441499 0.792318 0.440585 0.792969 0.441499 0.793620 0.442413 0.793620 0.443327 0.794271 0.444241 0.794922 0.444241 0.795573 0.444241 0.796224 0.445155 0.796224 0.444241 0.796224 0.443327 0.795573 0.443327 0.794922 0.442413 0.794271 0.442413 0.793620 0.442413 0.792969 0.441499 0.792969 0.440585 0.793620 0.439671 0.793620 0.438757 0.792969 0.437843 0.792969 0.436929 0.792318 0.437843 0.791667 0.437843 0.791016 0.437843 0.790365 0.436929 0.789714 0.437843 0.789062 0.436929 0.788411 0.437843
0 0.037109 0.434186 0.036458 0.435101 0.035807 0.436015 0.035156 0.435101 0.034505 0.436015 0.033854 0.436929 0.033203 0.436015 0.032552 0.436015 0.031901 0.436015 0.031250 0.436929 0.030599 0.437843 0.029948 0.438757 0.029297 0.438757 0.028646 0.438757 0.027995 0.439671 0.027344 0.439671 0.027344 0.440585 0.027344 0.441499 0.027344 0.442413 0.026693 0.443327 0.026693 0.444241 0.027344 0.445155 0.027995 0.446069 0.028646 0.446069 0.029297 0.446069 0.029948 0.446984 0.030599 0.446984 0.031250 0.447898 0.031901 0.446984 0.032552 0.447898 0.033203 0.447898 0.033854 0.447898 0.034505 0.446984 0.035156 0.446984 0.035807 0.446984 0.036458 0.446984 0.037109 0.446069 0.037760 0.446069 0.038411 0.445155 0.039062 0.445155 0.039714 0.446069 0.040365 0.445155 0.041016 0.445155 0.041667 0.445155 0.042318 0.446069 0.042969 0.446984 0.043620 0.447898 0.042969 0.448812 0.042318 0.449726 0.042318 0.450640 0.042318 0.451554 0.042318 0.452468 0.042969 0.452468 0.043620 0.452468 0.044271 0.452468 0.044922 0.452468 0.045573 0.451554 0.046224 0.452468 0.046875 0.451554 0.047526 0.450640 0.048177 0.449726 0.048828 0.449726 0.049479 0.449726 0.049479 0.448812 0.050130 0.447898 0.050130 0.446984 0.049479 0.446069 0.048828 0.445155 0.048177 0.444241 0.047526 0.443327 0.046875 0.443327 0.046224 0.443327 0.045573 0.442413 0.044922 0.442413 0.044271 0.441499 0.043620 0.441499 0.042969 0.441499 0.042318 0.440585 0.041667 0.439671 0.041016 0.438757 0.041016 0.437843 0.040365 0.436929 0.040365 0.436015 0.039714 0.435101 0.039062 0.435101 0.038411 0.435101 0.037760 0.435101
0 0.645182 0.426874 0.644531 0.427788 0.643880 0.427788 0.643229 0.428702 0.642578 0.427788 0.642578 0.428702 0.641927 0.429616 0.641927 0.430530 0.641276 0.431444 0.640625 0.432358 0.639974 0.433272 0.639323 0.433272 0.639323 0.434186 0.638672 0.435101 0.638672 0.436015 0.638672 0.436929 0.639323 0.437843 0.639974 0.437843 0.640625 0.438757 0.641276 0.437843 0.641927 0.437843 0.642578 0.437843 0.643229 0.437843 0.643880 0.437843 0.644531 0.438757 0.645182 0.439671 0.644531 0.440585 0.643880 0.441499 0.643229 0.442413 0.642578 0.443327 0.641927 0.443327 0.641276 0.444241 0.640625 0.444241 0.639974 0.444241 0.639974 0.445155 0.639974 0.446069 0.640625 0.446984 0.641276 0.447898 0.641927 0.447898 0.642578 0.448812 0.643229 0.449726 0.643880 0.449726 0.644531 0.450640 0.645182 0.450640 0.645833 0.450640 0.646484 0.450640 0.647135 0.451554 0.647786 0.452468 0.647135 0.453382 0.647786 0.454296 0.648438 0.454296 0.649089 0.454296 0.649740 0.455210 0.650391 0.455210 0.651042 0.454296 0.651693 0.454296 0.652344 0.454296 0.652995 0.454296 0.653646 0.454296 0.654297 0.453382 0.654948 0.452468 0.654948 0.451554 0.654948 0.450640 0.655599 0.449726 0.654948 0.448812 0.654948 0.447898 0.654948 0.446984 0.654948 0.446069 0.654297 0.445155 0.654297 0.444241 0.653646 0.443327 0.652995 0.442413 0.652995 0.441499 0.652995 0.440585 0.652995 0.439671 0.652995 0.438757 0.653646 0.437843 0.652995 0.436929 0.652995 0.436015 0.652995 0.435101 0.652995 0.434186 0.652995 0.433272 0.652344 0.432358 0.651693 0.431444 0.651042 0.430530 0.650391 0.429616 0.650391 0.428702 0.649740 0.428702 0.649089 0.428702 0.648438 0.427788 0.647786 0.426874 0.647135 0.426874 0.646484 0.426874 0.645833 0.426874
0 0.789714 0.425046 0.789062 0.425960 0.788411 0.426874 0.787760 0.427788 0.787109 0.427788 0.786458 0.427788 0.785807 0.427788 0.785156 0.427788 0.784505 0.427788 0.783854 0.426874 0.783203 0.427788 0.782552 0.428702 0.781901 0.429616 0.781250 0.430530 0.780599 0.430530 0.779948 0.431444 0.779297 0.431444 0.778646 0.432358 0.777995 0.433272 0.777344 0.434186 0.777344 0.435101 0.777344 0.436015 0.777995 0.436929 0.778646 0.436929 0.779297 0.436929 0.779948 0.436929 0.780599 0.436015 0.781250 0.436929 0.781901 0.436929 0.782552 0.436015 0.783203 0.435101 0.783854 0.435101 0.784505 0.434186 0.785156 0.434186 0.785807 0.433272 0.786458 0.432358 0.787109 0.432358 0.787760 0.431444 0.787760 0.430530 0.788411 0.429616 0.789062 0.428702 0.789714 0.429616 0.790365 0.428702 0.791016 0.428702 0.791667 0.428702 0.792318 0.428702 0.792969 0.428702 0.793620 0.428702 0.793620 0.427788 0.794271 0.426874 0.793620 0.426874 0.792969 0.425960 0.792318 0.425960 0.791667 0.425046 0.791016 0.425046 0.790365 0.425046
0 0.406250 0.423218 0.405599 0.424132 0.405599 0.425046 0.404948 0.425960 0.405599 0.426874 0.406250 0.427788 0.406901 0.427788 0.407552 0.427788 0.408203 0.427788 0.408854 0.428702 0.409505 0.427788 0.410156 0.428702 0.410807 0.427788 0.411458 0.428702 0.412109 0.429616 0.411458 0.430530 0.410807 0.431444 0.410156 0.430530 0.409505 0.431444 0.408854 0.430530 0.408203 0.431444 0.407552 0.432358 0.406901 0.433272 0.406250 0.433272 0.405599 0.433272 0.404948 0.433272 0.404297 0.434186 0.403646 0.435101 0.402995 0.435101 0.402344 0.435101 0.401693 0.435101 0.401042 0.435101 0.400391 0.435101 0.399740 0.434186 0.399089 0.433272 0.399089 0.432358 0.398438 0.432358 0.397786 0.432358 0.397135 0.432358 0.397786 0.433272 0.397135 0.434186 0.397786 0.435101 0.397786 0.436015 0.397786 0.436929 0.397135 0.437843 0.397135 0.438757 0.397135 0.439671 0.397135 0.440585 0.396484 0.441499 0.397135 0.442413 0.397135 0.443327 0.397135 0.444241 0.397135 0.445155 0.396484 0.446069 0.397135 0.446984 0.396484 0.447898 0.396484 0.448812 0.395833 0.449726 0.395182 0.450640 0.394531 0.450640 0.393880 0.451554 0.393229 0.452468 0.392578 0.452468 0.391927 0.451554 0.391276 0.452468 0.390625 0.452468 0.389974 0.451554 0.389323 0.452468 0.388672 0.453382 0.388021 0.453382 0.387370 0.453382 0.386719 0.452468 0.386068 0.452468 0.385417 0.451554 0.384766 0.450640 0.384115 0.449726 0.383464 0.449726 0.382812 0.449726 0.382161 0.448812 0.381510 0.448812 0.380859 0.448812 0.380208 0.448812 0.379557 0.447898 0.378906 0.448812 0.378255 0.447898 0.377604 0.447898 0.376953 0.447898 0.376302 0.447898 0.375651 0.448812 0.375000 0.449726 0.375000 0.450640 0.375651 0.451554 0.375651 0.452468 0.376302 0.453382 0.376953 0.453382 0.377604 0.454296 0.378255 0.454296 0.378906 0.454296 0.379557 0.455210 0.380208 0.456124 0.380859 0.456124 0.381510 0.457038 0.382161 0.457038 0.382812 0.457952 0.383464 0.457952 0.384115 0.457038 0.384766 0.457038 0.385417 0.457038 0.386068 0.457038 0.386719 0.457952 0.387370 0.458867 0.388021 0.459781 0.388021 0.460695 0.388672 0.461609 0.389323 0.462523 0.389323 0.463437 0.389974 0.463437 0.390625 0.464351 0.391276 0.464351 0.391927 0.464351 0.392578 0.465265 0.393229 0.464351 0.393880 0.464351 0.394531 0.464351 0.395182 0.465265 0.395833 0.466179 0.396484 0.467093 0.396484 0.468007 0.397135 0.468921 0.397135 0.469835 0.396484 0.470750 0.395833 0.471664 0.395182 0.472578 0.394531 0.472578 0.393880 0.472578 0.393229 0.472578 0.392578 0.472578 0.391927 0.472578 0.391276 0.471664 0.390625 0.471664 0.389974 0.472578 0.389323 0.471664 0.388672 0.471664 0.388021 0.470750 0.387370 0.471664 0.386719 0.471664 0.386068 0.471664 0.385417 0.471664 0.384766 0.472578 0.384115 0.473492 0.384115 0.474406 0.383464 0.475320 0.383464 0.476234 0.383464 0.477148 0.383464 0.478062 0.382812 0.478976 0.382161 0.479890 0.381510 0.480804 0.380859 0.480804 0.380208 0.480804 0.379557 0.479890 0.378906 0.479890 0.378255 0.478976 0.377604 0.478976 0.376953 0.478062 0.376302 0.478062 0.375651 0.478062 0.375000 0.477148 0.374349 0.478062 0.373698 0.478062 0.373047 0.478062 0.372396 0.478976 0.371745 0.478976 0.371094 0.479890 0.370443 0.480804 0.369792 0.481718 0.369141 0.482633 0.368490 0.483547 0.367839 0.484461 0.367188 0.485375 0.366536 0.485375 0.365885 0.486289 0.365234 0.487203 0.364583 0.488117 0.363932 0.489031 0.363932 0.489945 0.363932 0.490859 0.363281 0.491773 0.363281 0.492687 0.363281 0.493601 0.363281 0.494516 0.362630 0.495430 0.361979 0.496344 0.361328 0.497258 0.360677 0.497258 0.360026 0.497258 0.359375 0.497258 0.358724 0.497258 0.358073 0.497258 0.357422 0.498172 0.356771 0.499086 0.356120 0.500000 0.355469 0.500914 0.355469 0.501828 0.355469 0.502742 0.355469 0.503656 0.355469 0.504570 0.355469 0.505484 0.354818 0.506399 0.354167 0.507313 0.353516 0.507313 0.352865 0.507313 0.352214 0.507313 0.351562 0.507313 0.350911 0.507313 0.350260 0.508227 0.349609 0.508227 0.348958 0.508227 0.348307 0.508227 0.347656 0.507313 0.347005 0.506399 0.347005 0.505484 0.346354 0.504570 0.347005 0.503656 0.347005 0.502742 0.347005 0.501828 0.346354 0.500914 0.346354 0.500000 0.346354 0.499086 0.345703 0.498172 0.345703 0.497258 0.345703 0.496344 0.346354 0.495430 0.345703 0.494516 0.346354 0.493601 0.346354 0.492687 0.347005 0.491773 0.347005 0.490859 0.347656 0.489945 0.347005 0.489031 0.347656 0.488117 0.347656 0.487203 0.347656 0.486289 0.347656 0.485375 0.347005 0.484461 0.347005 0.483547 0.347005 0.482633 0.346354 0.481718 0.346354 0.480804 0.345703 0.479890 0.345052 0.478976 0.344401 0.478062 0.343750 0.478062 0.343099 0.477148 0.342448 0.476234 0.341797 0.475320 0.341146 0.474406 0.340495 0.473492 0.339844 0.473492 0.339193 0.473492 0.338542 0.472578 0.337891 0.472578 0.337240 0.473492 0.336589 0.472578 0.335938 0.472578 0.335286 0.473492 0.334635 0.473492 0.333984 0.473492 0.333333 0.473492 0.332682 0.473492 0.332031 0.473492 0.331380 0.472578 0.330729 0.472578 0.330078 0.472578 0.329427 0.472578 0.328776 0.473492 0.328125 0.473492 0.327474 0.473492 0.326823 0.473492 0.326172 0.473492 0.326172 0.474406 0.326172 0.475320 0.325521 0.476234 0.325521 0.477148 0.325521 0.478062 0.325521 0.478976 0.325521 0.479890 0.324870 0.480804 0.324219 0.481718 0.324219 0.482633 0.323568 0.483547 0.323568 0.484461 0.323568 0.485375 0.324219 0.486289 0.324219 0.487203 0.324219 0.488117 0.324870 0.489031 0.324870 0.489945 0.325521 0.490859 0.326172 0.491773 0.326172 0.492687 0.326823 0.493601 0.327474 0.494516 0.328125 0.495430 0.328125 0.496344 0.328776 0.496344 0.329427 0.497258 0.330078 0.498172 0.330078 0.499086 0.330729 0.499086 0.331380 0.500000 0.332031 0.500914 0.332682 0.500914 0.333333 0.500914 0.333984 0.501828 0.334635 0.501828 0.335286 0.501828 0.335938 0.502742 0.336589 0.501828 0.337240 0.502742 0.337891 0.502742 0.338542 0.502742 0.339193 0.502742 0.339844 0.503656 0.340495 0.503656 0.341146 0.504570 0.341797 0.504570 0.342448 0.505484 0.343099 0.506399 0.343099 0.507313 0.343750 0.508227 0.343099 0.509141 0.343099 0.510055 0.342448 0.510969 0.342448 0.511883 0.342448 0.512797 0.341797 0.513711 0.341797 0.514625 0.341146 0.515539 0.341146 0.516453 0.341146 0.517367 0.341797 0.518282 0.341146 0.519196 0.341797 0.520110 0.342448 0.521024 0.342448 0.521938 0.342448 0.522852 0.343099 0.523766 0.343099 0.524680 0.343750 0.525594 0.343099 0.526508 0.343099 0.527422 0.343099 0.528336 0.343099 0.529250 0.343099 0.530165 0.343099 0.531079 0.343099 0.531993 0.343099 0.532907 0.342448 0.533821 0.342448 0.534735 0.342448 0.535649 0.342448 0.536563 0.342448 0.537477 0.342448 0.538391 0.342448 0.539305 0.343099 0.540219 0.343750 0.541133 0.344401 0.541133 0.345052 0.540219 0.345703 0.541133 0.346354 0.542048 0.345703 0.542962 0.345052 0.543876 0.344401 0.544790 0.343750 0.545704 0.343750 0.546618 0.343750 0.547532 0.343750 0.548446 0.343099 0.549360 0.343099 0.550274 0.343099 0.551188 0.343099 0.552102 0.343750 0.553016 0.343750 0.553931 0.343750 0.554845 0.344401 0.555759 0.345052 0.556673 0.345703 0.557587 0.345703 0.558501 0.346354 0.559415 0.345703 0.560329 0.345052 0.560329 0.345052 0.561243 0.344401 0.562157 0.343750 0.563071 0.343099 0.563071 0.342448 0.563071 0.341797 0.563071 0.341146 0.563985 0.340495 0.564899 0.339844 0.565814 0.339193 0.566728 0.338542 0.567642 0.337891 0.568556 0.337240 0.569470 0.336589 0.570384 0.336589 0.571298 0.336589 0.572212 0.335938 0.573126 0.336589 0.574040 0.336589 0.574954 0.336589 0.575868 0.337240 0.576782 0.337240 0.577697 0.337891 0.578611 0.338542 0.579525 0.339193 0.580439 0.339844 0.581353 0.339193 0.582267 0.339193 0.583181 0.339193 0.584095 0.339193 0.585009 0.339844 0.585923 0.339844 0.586837 0.339844 0.587751 0.340495 0.588665 0.341146 0.588665 0.341797 0.588665 0.341146 0.587751 0.341797 0.586837 0.341797 0.585923 0.341146 0.585009 0.341797 0.584095 0.341146 0.583181 0.341797 0.582267 0.342448 0.581353 0.343099 0.580439 0.343750 0.580439 0.344401 0.580439 0.345052 0.579525 0.345703 0.579525 0.346354 0.580439 0.347005 0.581353 0.347656 0.582267 0.347005 0.583181 0.347005 0.584095 0.346354 0.585009 0.347005 0.585923 0.347005 0.586837 0.347005 0.587751 0.347005 0.588665 0.347005 0.589580 0.347005 0.590494 0.347005 0.591408 0.347656 0.592322 0.348307 0.592322 0.348958 0.592322 0.349609 0.592322 0.350260 0.592322 0.350911 0.592322 0.351562 0.592322 0.352214 0.592322 0.352865 0.591408 0.352865 0.590494 0.352865 0.589580 0.352214 0.588665 0.352214 0.587751 0.351562 0.586837 0.351562 0.585923 0.351562 0.585009 0.351562 0.584095 0.350911 0.583181 0.350911 0.582267 0.350260 0.582267 0.349609 0.581353 0.348958 0.580439 0.348307 0.579525 0.348307 0.578611 0.348307 0.577697 0.348307 0.576782 0.348307 0.575868 0.348958 0.574954 0.348307 0.574040 0.348307 0.573126 0.347656 0.572212 0.347656 0.571298 0.347005 0.570384 0.347656 0.569470 0.347005 0.568556 0.347005 0.567642 0.347005 0.566728 0.346354 0.565814 0.346354 0.564899 0.346354 0.563985 0.346354 0.563071 0.346354 0.562157 0.346354 0.561243 0.345703 0.560329 0.346354 0.559415 0.347005 0.558501 0.347656 0.558501 0.348307 0.557587 0.348958 0.557587 0.349609 0.556673 0.350260 0.556673 0.350911 0.556673 0.351562 0.556673 0.352214 0.556673 0.352865 0.556673 0.353516 0.556673 0.354167 0.555759 0.354818 0.556673 0.355469 0.555759 0.356120 0.554845 0.356771 0.555759 0.356771 0.554845 0.357422 0.553931 0.358073 0.553016 0.358724 0.553016 0.359375 0.552102 0.360026 0.552102 0.360677 0.552102 0.361328 0.551188 0.361979 0.551188 0.361979 0.550274 0.361979 0.549360 0.361328 0.549360 0.360677 0.549360 0.360026 0.548446 0.359375 0.548446 0.358724 0.547532 0.358073 0.546618 0.358073 0.545704 0.357422 0.544790 0.356771 0.544790 0.356120 0.543876 0.355469 0.543876 0.354818 0.543876 0.354167 0.542962 0.353516 0.542962 0.352865 0.542962 0.352214 0.542962 0.351562 0.542048 0.350911 0.541133 0.350911 0.540219 0.351562 0.539305 0.352214 0.538391 0.352865 0.537477 0.353516 0.536563 0.354167 0.536563 0.354818 0.536563 0.355469 0.536563 0.356120 0.536563 0.356771 0.536563 0.357422 0.535649 0.358073 0.535649 0.358724 0.535649 0.359375 0.534735 0.360026 0.534735 0.360677 0.533821 0.361328 0.533821 0.361979 0.533821 0.362630 0.532907 0.363281 0.532907 0.363281 0.531993 0.363932 0.531079 0.363281 0.530165 0.363281 0.529250 0.362630 0.528336 0.361979 0.528336 0.361328 0.527422 0.360677 0.526508 0.360026 0.525594 0.359375 0.524680 0.358724 0.523766 0.358073 0.522852 0.357422 0.521938 0.356771 0.521024 0.356120 0.520110 0.356120 0.519196 0.355469 0.518282 0.355469 0.517367 0.354818 0.516453 0.354818 0.515539 0.354818 0.514625 0.354818 0.513711 0.354818 0.512797 0.354818 0.511883 0.355469 0.510969 0.356120 0.510055 0.356771 0.510055 0.357422 0.510055 0.358073 0.510969 0.358724 0.510969 0.359375 0.511883 0.360026 0.511883 0.360677 0.511883 0.361328 0.510969 0.361979 0.510969 0.362630 0.511883 0.363281 0.510969 0.363932 0.510055 0.364583 0.509141 0.365234 0.509141 0.365885 0.508227 0.365234 0.507313 0.365885 0.506399 0.366536 0.505484 0.366536 0.504570 0.367188 0.503656 0.367839 0.502742 0.368490 0.501828 0.369141 0.502742 0.369792 0.501828 0.370443 0.501828 0.371094 0.502742 0.371745 0.501828 0.372396 0.501828 0.373047 0.500914 0.373698 0.500914 0.374349 0.500914 0.375000 0.500914 0.375651 0.500914 0.376302 0.500000 0.376953 0.499086 0.377604 0.499086 0.378255 0.498172 0.378906 0.497258 0.379557 0.496344 0.380208 0.495430 0.380859 0.496344 0.381510 0.495430 0.382161 0.495430 0.382812 0.495430 0.383464 0.495430 0.384115 0.495430 0.384766 0.495430 0.385417 0.495430 0.386068 0.494516 0.386719 0.493601 0.387370 0.493601 0.388021 0.493601 0.388672 0.493601 0.389323 0.492687 0.389974 0.492687 0.390625 0.492687 0.391276 0.491773 0.391927 0.491773 0.392578 0.491773 0.393229 0.490859 0.393880 0.489945 0.394531 0.489945 0.395182 0.489945 0.395833 0.489945 0.396484 0.489031 0.397135 0.489031 0.397786 0.488117 0.398438 0.487203 0.399089 0.487203 0.399740 0.486289 0.400391 0.486289 0.401042 0.486289 0.401693 0.485375 0.402344 0.484461 0.402995 0.483547 0.403646 0.483547 0.404297 0.483547 0.404297 0.482633 0.404948 0.481718 0.404948 0.480804 0.404948 0.479890 0.405599 0.478976 0.405599 0.478062 0.405599 0.477148 0.405599 0.476234 0.405599 0.475320 0.406250 0.474406 0.406250 0.473492 0.405599 0.472578 0.405599 0.471664 0.405599 0.470750 0.406250 0.469835 0.406250 0.468921 0.406901 0.468007 0.406901 0.467093 0.406901 0.466179 0.406901 0.465265 0.407552 0.464351 0.407552 0.463437 0.408203 0.462523 0.408203 0.461609 0.408854 0.460695 0.409505 0.459781 0.410156 0.458867 0.410807 0.457952 0.411458 0.458867 0.412109 0.459781 0.412760 0.460695 0.413411 0.461609 0.413411 0.462523 0.414062 0.463437 0.414714 0.463437 0.415365 0.463437 0.416016 0.463437 0.416667 0.464351 0.417318 0.463437 0.417969 0.463437 0.417969 0.462523 0.418620 0.461609 0.419271 0.460695 0.419922 0.459781 0.420573 0.460695 0.421224 0.460695 0.421875 0.460695 0.422526 0.460695 0.423177 0.460695 0.423828 0.460695 0.424479 0.460695 0.425130 0.459781 0.425781 0.458867 0.426432 0.457952 0.425781 0.457038 0.425781 0.456124 0.426432 0.455210 0.425781 0.454296 0.425130 0.453382 0.424479 0.452468 0.424479 0.451554 0.424479 0.450640 0.423828 0.449726 0.423828 0.448812 0.423177 0.448812 0.422526 0.447898 0.421875 0.447898 0.421224 0.447898 0.420573 0.447898 0.419922 0.448812 0.419271 0.449726 0.418620 0.449726 0.417969 0.449726 0.417318 0.448812 0.416667 0.448812 0.416016 0.449726 0.415365 0.449726 0.415365 0.450640 0.414714 0.451554 0.414062 0.452468 0.413411 0.453382 0.412760 0.453382 0.412109 0.454296 0.411458 0.454296 0.410807 0.454296 0.410156 0.455210 0.409505 0.456124 0.408854 0.457038 0.408203 0.457038 0.407552 0.457038 0.406901 0.457038 0.406250 0.457038 0.405599 0.457038 0.404948 0.457038 0.404297 0.456124 0.403646 0.456124 0.402995 0.455210 0.402344 0.454296 0.401693 0.453382 0.401042 0.452468 0.401042 0.451554 0.400391 0.451554 0.399740 0.450640 0.399089 0.449726 0.399740 0.448812 0.399089 0.447898 0.399089 0.446984 0.399089 0.446069 0.398438 0.445155 0.398438 0.444241 0.398438 0.443327 0.398438 0.442413 0.399089 0.441499 0.399089 0.440585 0.399740 0.439671 0.400391 0.438757 0.401042 0.438757 0.401693 0.437843 0.402344 0.437843 0.402995 0.437843 0.403646 0.437843 0.404297 0.437843 0.404948 0.436929 0.405599 0.437843 0.406250 0.438757 0.406901 0.438757 0.407552 0.439671 0.408203 0.438757 0.408854 0.439671 0.409505 0.439671 0.410156 0.439671 0.410807 0.439671 0.411458 0.438757 0.412109 0.439671 0.412760 0.439671 0.413411 0.438757 0.414062 0.438757 0.414714 0.437843 0.414714 0.436929 0.414714 0.436015 0.414714 0.435101 0.414062 0.434186 0.414714 0.433272 0.414714 0.432358 0.414062 0.431444 0.414714 0.430530 0.415365 0.429616 0.416016 0.429616 0.415365 0.428702 0.416016 0.427788 0.416016 0.426874 0.415365 0.425960 0.414714 0.425960 0.414062 0.425960 0.413411 0.425046 0.412760 0.424132 0.412109 0.425046 0.411458 0.425046 0.410807 0.425046 0.410156 0.425046 0.409505 0.424132 0.408854 0.424132 0.408203 0.423218 0.407552 0.423218 0.406901 0.423218
0 0.539062 0.417733 0.538411 0.418647 0.537760 0.418647 0.537109 0.418647 0.536458 0.419561 0.535807 0.419561 0.535156 0.420475 0.534505 0.421389 0.533854 0.422303 0.533203 0.423218 0.532552 0.423218 0.531901 0.423218 0.531250 0.423218 0.530599 0.424132 0.529948 0.424132 0.529297 0.424132 0.528646 0.424132 0.527995 0.425046 0.527344 0.425046 0.526693 0.425960 0.526042 0.425960 0.525391 0.425960 0.524740 0.425960 0.524089 0.426874 0.523438 0.426874 0.522786 0.427788 0.522135 0.428702 0.521484 0.429616 0.520833 0.430530 0.520182 0.430530 0.519531 0.431444 0.518880 0.431444 0.518229 0.431444 0.517578 0.431444 0.516927 0.431444 0.516276 0.431444 0.515625 0.430530 0.514974 0.430530 0.514323 0.430530 0.513672 0.431444 0.513021 0.431444 0.512370 0.432358 0.511719 0.433272 0.511068 0.434186 0.511068 0.435101 0.510417 0.436015 0.509766 0.436929 0.509766 0.437843 0.509766 0.438757 0.509115 0.439671 0.508464 0.440585 0.508464 0.441499 0.507812 0.442413 0.507812 0.443327 0.508464 0.444241 0.509115 0.444241 0.509766 0.444241 0.510417 0.444241 0.511068 0.443327 0.511719 0.444241 0.512370 0.444241 0.513021 0.445155 0.513672 0.445155 0.514323 0.446069 0.514974 0.446069 0.515625 0.446069 0.516276 0.446069 0.516927 0.446069 0.517578 0.445155 0.518229 0.445155 0.518229 0.444241 0.518229 0.443327 0.518229 0.442413 0.518229 0.441499 0.517578 0.440585 0.518229 0.439671 0.518229 0.438757 0.518880 0.437843 0.519531 0.436929 0.520182 0.436929 0.520833 0.436929 0.521484 0.437843 0.522135 0.437843 0.522786 0.437843 0.523438 0.436929 0.524089 0.436015 0.524740 0.435101 0.525391 0.435101 0.526042 0.436015 0.526693 0.436015 0.527344 0.436929 0.527995 0.436015 0.528646 0.435101 0.529297 0.434186 0.529948 0.433272 0.530599 0.432358 0.531250 0.432358 0.531901 0.433272 0.532552 0.433272 0.533203 0.433272 0.533854 0.433272 0.534505 0.434186 0.535156 0.433272 0.535807 0.432358 0.536458 0.432358 0.535807 0.431444 0.536458 0.430530 0.537109 0.429616 0.537760 0.428702 0.538411 0.427788 0.539062 0.426874 0.539714 0.425960 0.539714 0.425046 0.540365 0.424132 0.541016 0.423218 0.541016 0.422303 0.541016 0.421389 0.541667 0.420475 0.541016 0.419561 0.541016 0.418647 0.540365 0.417733 0.539714 0.417733
0 0.400391 0.415905 0.399740 0.416819 0.399089 0.417733 0.398438 0.418647 0.397786 0.418647 0.397135 0.419561 0.397135 0.420475 0.397135 0.421389 0.396484 0.422303 0.396484 0.423218 0.396484 0.424132 0.396484 0.425046 0.396484 0.425960 0.396484 0.426874 0.397135 0.427788 0.397135 0.428702 0.397786 0.429616 0.397135 0.430530 0.397786 0.430530 0.398438 0.430530 0.399089 0.429616 0.399740 0.428702 0.400391 0.427788 0.400391 0.426874 0.401042 0.425960 0.401042 0.425046 0.401693 0.424132 0.402344 0.423218 0.401693 0.422303 0.402344 0.421389 0.402344 0.420475 0.402344 0.419561 0.402995 0.418647 0.402344 0.417733 0.402344 0.416819 0.401693 0.416819 0.401042 0.415905
0 0.861979 0.414991 0.861328 0.415905 0.861328 0.416819 0.861979 0.417733 0.861979 0.418647 0.862630 0.418647 0.863281 0.419561 0.863932 0.419561 0.864583 0.419561 0.865234 0.420475 0.865885 0.421389 0.866536 0.421389 0.867188 0.422303 0.867839 0.421389 0.868490 0.421389 0.869141 0.420475 0.869792 0.419561 0.869141 0.418647 0.869792 0.417733 0.869141 0.417733 0.868490 0.416819 0.867839 0.415905 0.867188 0.416819 0.866536 0.415905 0.865885 0.415905 0.865234 0.414991 0.864583 0.415905 0.863932 0.414991 0.863281 0.414991 0.862630 0.415905
0 0.673828 0.410420 0.673177 0.411335 0.672526 0.411335 0.671875 0.412249 0.671224 0.412249 0.670573 0.413163 0.669922 0.414077 0.669922 0.414991 0.669271 0.415905 0.669271 0.416819 0.668620 0.417733 0.667969 0.418647 0.667318 0.419561 0.666667 0.420475 0.667318 0.421389 0.666667 0.422303 0.666667 0.423218 0.666667 0.424132 0.666667 0.425046 0.666667 0.425960 0.666667 0.426874 0.666016 0.427788 0.665365 0.428702 0.664714 0.428702 0.664714 0.429616 0.664062 0.430530 0.664062 0.431444 0.663411 0.432358 0.663411 0.433272 0.662760 0.434186 0.662109 0.435101 0.661458 0.435101 0.661458 0.436015 0.661458 0.436929 0.660807 0.437843 0.660156 0.438757 0.660156 0.439671 0.659505 0.440585 0.659505 0.441499 0.658854 0.442413 0.658203 0.443327 0.658203 0.444241 0.658203 0.445155 0.658854 0.446069 0.659505 0.446984 0.660156 0.447898 0.660807 0.448812 0.660807 0.449726 0.660807 0.450640 0.660807 0.451554 0.660807 0.452468 0.660807 0.453382 0.661458 0.454296 0.661458 0.455210 0.662109 0.455210 0.662760 0.456124 0.663411 0.455210 0.664062 0.455210 0.664714 0.455210 0.665365 0.455210 0.666016 0.455210 0.666667 0.456124 0.667318 0.456124 0.667969 0.456124 0.668620 0.456124 0.669271 0.456124 0.669922 0.456124 0.670573 0.456124 0.671224 0.456124 0.671875 0.455210 0.672526 0.456124 0.673177 0.455210 0.673828 0.454296 0.674479 0.454296 0.674479 0.453382 0.675130 0.452468 0.675130 0.451554 0.675130 0.450640 0.675130 0.449726 0.674479 0.448812 0.673828 0.447898 0.673177 0.446984 0.673177 0.446069 0.673177 0.445155 0.673177 0.444241 0.672526 0.443327 0.671875 0.443327 0.671224 0.443327 0.670573 0.443327 0.669922 0.443327 0.669922 0.444241 0.669922 0.445155 0.669271 0.446069 0.669922 0.446984 0.670573 0.447898 0.670573 0.448812 0.669922 0.449726 0.669271 0.450640 0.668620 0.450640 0.667969 0.450640 0.667318 0.450640 0.666667 0.449726 0.666016 0.448812 0.665365 0.449726 0.664714 0.448812 0.664062 0.447898 0.663411 0.448812 0.662760 0.447898 0.662109 0.446984 0.662760 0.446069 0.663411 0.445155 0.663411 0.444241 0.663411 0.443327 0.663411 0.442413 0.664062 0.441499 0.664062 0.440585 0.664714 0.439671 0.665365 0.438757 0.666016 0.437843 0.666667 0.437843 0.667318 0.437843 0.667969 0.437843 0.667969 0.436929 0.668620 0.436015 0.669271 0.435101 0.669922 0.434186 0.670573 0.434186 0.671224 0.433272 0.671875 0.433272 0.671875 0.432358 0.672526 0.431444 0.673177 0.430530 0.673828 0.429616 0.674479 0.429616 0.674479 0.428702 0.673828 0.427788 0.673177 0.427788 0.672526 0.426874 0.671875 0.425960 0.671224 0.425046 0.670573 0.424132 0.671224 0.423218 0.670573 0.422303 0.670573 0.421389 0.671224 0.420475 0.671875 0.419561 0.672526 0.418647 0.673177 0.418647 0.673828 0.417733 0.674479 0.417733 0.675130 0.417733 0.675130 0.416819 0.675781 0.415905 0.675781 0.414991 0.675781 0.414077 0.676432 0.413163 0.675781 0.412249 0.675130 0.412249 0.674479 0.411335
0 0.924479 0.404936 0.923828 0.405850 0.923177 0.406764 0.922526 0.407678 0.923177 0.408592 0.922526 0.409506 0.922526 0.410420 0.922526 0.411335 0.923177 0.412249 0.923177 0.413163 0.923177 0.414077 0.923828 0.414077 0.924479 0.414077 0.925130 0.414991 0.925781 0.414991 0.926432 0.414077 0.927083 0.413163 0.927734 0.413163 0.927734 0.412249 0.928385 0.411335 0.928385 0.410420 0.928385 0.409506 0.928385 0.408592 0.927734 0.407678 0.927734 0.406764 0.927083 0.405850 0.926432 0.404936 0.925781 0.404936 0.925130 0.404936
0 0.412760 0.404936 0.412109 0.405850 0.411458 0.405850 0.410807 0.406764 0.410156 0.407678 0.409505 0.408592 0.408854 0.408592 0.408203 0.408592 0.407552 0.408592 0.406901 0.408592 0.406250 0.409506 0.406250 0.410420 0.406250 0.411335 0.406250 0.412249 0.406901 0.412249 0.407552 0.413163 0.408203 0.413163 0.408854 0.412249 0.409505 0.412249 0.410156 0.413163 0.410807 0.412249 0.411458 0.412249 0.412109 0.412249 0.412760 0.411335 0.413411 0.411335 0.414062 0.412249 0.414714 0.412249 0.415365 0.412249 0.416016 0.412249 0.416667 0.412249 0.417318 0.411335 0.417318 0.410420 0.417318 0.409506 0.417318 0.408592 0.417318 0.407678 0.416667 0.406764 0.416016 0.406764 0.415365 0.405850 0.414714 0.405850 0.414062 0.405850 0.413411 0.405850
0 0.814453 0.403108 0.814453 0.404022 0.813802 0.404936 0.813802 0.405850 0.813151 0.406764 0.812500 0.407678 0.811849 0.407678 0.811198 0.408592 0.810547 0.409506 0.810547 0.410420 0.809896 0.411335 0.809245 0.412249 0.809245 0.413163 0.808594 0.414077 0.808594 0.414991 0.807943 0.415905 0.808594 0.416819 0.807943 0.417733 0.807943 0.418647 0.808594 0.419561 0.809245 0.420475 0.809896 0.421389 0.810547 0.422303 0.811198 0.423218 0.811849 0.423218 0.812500 0.423218 0.813151 0.423218 0.813802 0.422303 0.813802 0.421389 0.813802 0.420475 0.813151 0.419561 0.812500 0.418647 0.812500 0.417733 0.811849 0.416819 0.812500 0.415905 0.813151 0.414991 0.813802 0.414077 0.814453 0.413163 0.815104 0.413163 0.815104 0.412249 0.815755 0.411335 0.816406 0.410420 0.816406 0.409506 0.816406 0.408592 0.817057 0.407678 0.816406 0.406764 0.817057 0.405850 0.817057 0.404936 0.816406 0.404022 0.815755 0.404022 0.815104 0.404022
0 0.361979 0.402194 0.361979 0.403108 0.361328 0.404022 0.360677 0.404936 0.360677 0.405850 0.360026 0.406764 0.359375 0.407678 0.358724 0.407678 0.358073 0.406764 0.357422 0.405850 0.356771 0.405850 0.356120 0.405850 0.355469 0.404936 0.354818 0.404936 0.354167 0.405850 0.353516 0.406764 0.352865 0.405850 0.352214 0.406764 0.352214 0.407678 0.352214 0.408592 0.352214 0.409506 0.352865 0.410420 0.353516 0.411335 0.354167 0.412249 0.354818 0.413163 0.355469 0.414077 0.356120 0.414077 0.356771 0.414077 0.357422 0.414991 0.358073 0.415905 0.358724 0.416819 0.359375 0.417733 0.359375 0.418647 0.360026 0.418647 0.360677 0.419561 0.361328 0.419561 0.361979 0.419561 0.362630 0.419561 0.363281 0.420475 0.363932 0.420475 0.364583 0.420475 0.365234 0.420475 0.365885 0.419561 0.366536 0.419561 0.367188 0.419561 0.367839 0.419561 0.368490 0.420475 0.369141 0.421389 0.369792 0.422303 0.369792 0.423218 0.369792 0.424132 0.370443 0.425046 0.371094 0.425046 0.371745 0.425046 0.372396 0.425046 0.373047 0.424132 0.373698 0.424132 0.374349 0.424132 0.375000 0.425046 0.375651 0.425960 0.376302 0.426874 0.376953 0.427788 0.376953 0.428702 0.376953 0.429616 0.376953 0.430530 0.376302 0.431444 0.376953 0.432358 0.377604 0.433272 0.378255 0.433272 0.378906 0.432358 0.379557 0.432358 0.380208 0.432358 0.380859 0.431444 0.381510 0.431444 0.382161 0.431444 0.382812 0.430530 0.383464 0.431444 0.384115 0.432358 0.384115 0.433272 0.383464 0.434186 0.382812 0.435101 0.382812 0.436015 0.382812 0.436929 0.383464 0.437843 0.384115 0.437843 0.384766 0.437843 0.385417 0.437843 0.386068 0.437843 0.386719 0.437843 0.387370 0.437843 0.388021 0.437843 0.388672 0.437843 0.389323 0.437843 0.389974 0.437843 0.390625 0.438757 0.391276 0.438757 0.391927 0.438757 0.392578 0.438757 0.392578 0.437843 0.391927 0.436929 0.391927 0.436015 0.391276 0.435101 0.391276 0.434186 0.390625 0.433272 0.389974 0.432358 0.389323 0.431444 0.388672 0.430530 0.388021 0.429616 0.387370 0.428702 0.386719 0.427788 0.386068 0.426874 0.386068 0.425960 0.385417 0.425046 0.384766 0.424132 0.384115 0.423218 0.384115 0.422303 0.383464 0.421389 0.382812 0.420475 0.382812 0.419561 0.382161 0.419561 0.381510 0.418647 0.380859 0.417733 0.380208 0.416819 0.379557 0.416819 0.378906 0.415905 0.378255 0.414991 0.377604 0.414077 0.376953 0.413163 0.376302 0.412249 0.375651 0.411335 0.375000 0.410420 0.374349 0.409506 0.375000 0.408592 0.374349 0.408592 0.373698 0.407678 0.373047 0.408592 0.372396 0.409506 0.371745 0.410420 0.371094 0.411335 0.370443 0.410420 0.369792 0.409506 0.369792 0.408592 0.369141 0.407678 0.368490 0.406764 0.367839 0.405850 0.367188 0.404936 0.366536 0.404022 0.365885 0.404022 0.365234 0.403108 0.364583 0.403108 0.363932 0.403108 0.363281 0.403108 0.362630 0.403108
0 0.384766 0.401280 0.384766 0.402194 0.384115 0.403108 0.384766 0.404022 0.385417 0.404022 0.386068 0.404936 0.386719 0.405850 0.387370 0.406764 0.387370 0.407678 0.387370 0.408592 0.387370 0.409506 0.388021 0.410420 0.388672 0.411335 0.389323 0.412249 0.389974 0.412249 0.390625 0.412249 0.391276 0.412249 0.391927 0.413163 0.391927 0.412249 0.392578 0.411335 0.392578 0.410420 0.392578 0.409506 0.392578 0.408592 0.391927 0.407678 0.391276 0.406764 0.390625 0.405850 0.389974 0.404936 0.389974 0.404022 0.389323 0.404022 0.388672 0.403108 0.388021 0.402194 0.387370 0.401280 0.386719 0.401280 0.386068 0.401280 0.385417 0.402194
0 0.262370 0.400366 0.261719 0.401280 0.261068 0.402194 0.260417 0.402194 0.261068 0.403108 0.260417 0.404022 0.260417 0.404936 0.261068 0.405850 0.261068 0.406764 0.261068 0.407678 0.261719 0.408592 0.261719 0.409506 0.261068 0.410420 0.260417 0.411335 0.259766 0.412249 0.259115 0.412249 0.258464 0.411335 0.257812 0.410420 0.257161 0.409506 0.256510 0.408592 0.255859 0.407678 0.255859 0.406764 0.255208 0.405850 0.255208 0.404936 0.254557 0.404936 0.253906 0.404936 0.253255 0.404936 0.252604 0.404022 0.251953 0.404936 0.251302 0.405850 0.250651 0.405850 0.251302 0.406764 0.251302 0.407678 0.251302 0.408592 0.251302 0.409506 0.251302 0.410420 0.251953 0.411335 0.251953 0.412249 0.252604 0.413163 0.251953 0.414077 0.251302 0.414991 0.250651 0.414991 0.250000 0.414991 0.249349 0.415905 0.249349 0.416819 0.250000 0.417733 0.250000 0.418647 0.250000 0.419561 0.250651 0.420475 0.250000 0.421389 0.249349 0.422303 0.248698 0.421389 0.248047 0.422303 0.247396 0.422303 0.246745 0.422303 0.246745 0.423218 0.246094 0.424132 0.245443 0.425046 0.245443 0.425960 0.245443 0.426874 0.246094 0.427788 0.245443 0.428702 0.244792 0.429616 0.244141 0.430530 0.243490 0.430530 0.242839 0.430530 0.242188 0.431444 0.241536 0.432358 0.241536 0.433272 0.242188 0.434186 0.242839 0.435101 0.243490 0.435101 0.244141 0.435101 0.244792 0.435101 0.245443 0.435101 0.246094 0.435101 0.246745 0.434186 0.247396 0.434186 0.248047 0.434186 0.248698 0.435101 0.249349 0.434186 0.250000 0.435101 0.250651 0.436015 0.250651 0.436929 0.250651 0.437843 0.250000 0.438757 0.249349 0.439671 0.248698 0.440585 0.248047 0.440585 0.247396 0.440585 0.246745 0.441499 0.246094 0.442413 0.246094 0.443327 0.245443 0.444241 0.246094 0.445155 0.246094 0.446069 0.246745 0.446069 0.247396 0.446984 0.248047 0.446984 0.248698 0.447898 0.249349 0.446984 0.250000 0.446984 0.250651 0.447898 0.251302 0.446984 0.251953 0.446984 0.252604 0.446984 0.253255 0.446069 0.253906 0.446069 0.254557 0.446069 0.255208 0.446069 0.255859 0.446069 0.256510 0.446069 0.257161 0.446069 0.257812 0.446984 0.258464 0.447898 0.258464 0.448812 0.258464 0.449726 0.259115 0.450640 0.259766 0.451554 0.260417 0.452468 0.260417 0.453382 0.261068 0.454296 0.260417 0.455210 0.261068 0.456124 0.261068 0.457038 0.261068 0.457952 0.260417 0.458867 0.261068 0.459781 0.261719 0.460695 0.262370 0.461609 0.263021 0.462523 0.263021 0.463437 0.263672 0.464351 0.264323 0.465265 0.264323 0.466179 0.264974 0.467093 0.265625 0.468007 0.266276 0.468921 0.266927 0.469835 0.266276 0.470750 0.265625 0.471664 0.266276 0.472578 0.266276 0.473492 0.265625 0.474406 0.264974 0.475320 0.264323 0.475320 0.263672 0.475320 0.263021 0.475320 0.262370 0.475320 0.261719 0.474406 0.261068 0.475320 0.260417 0.475320 0.259766 0.475320 0.259115 0.474406 0.258464 0.473492 0.257812 0.473492 0.257161 0.473492 0.256510 0.472578 0.255859 0.472578 0.255208 0.472578 0.254557 0.472578 0.253906 0.472578 0.253255 0.472578 0.252604 0.472578 0.252604 0.473492 0.252604 0.474406 0.253255 0.475320 0.253255 0.476234 0.253255 0.477148 0.253255 0.478062 0.253906 0.478976 0.254557 0.479890 0.255208 0.480804 0.255859 0.481718 0.256510 0.482633 0.255859 0.483547 0.256510 0.483547 0.257161 0.484461 0.257812 0.484461 0.258464 0.485375 0.259115 0.485375 0.259766 0.485375 0.260417 0.485375 0.261068 0.485375 0.261719 0.484461 0.262370 0.484461 0.263021 0.484461 0.263672 0.484461 0.264323 0.483547 0.264974 0.483547 0.265625 0.483547 0.266276 0.483547 0.266276 0.482633 0.266927 0.481718 0.267578 0.480804 0.268229 0.480804 0.268880 0.481718 0.269531 0.482633 0.270182 0.483547 0.270182 0.484461 0.270182 0.485375 0.270833 0.486289 0.270833 0.487203 0.271484 0.488117 0.271484 0.489031 0.271484 0.489945 0.272135 0.490859 0.271484 0.491773 0.272135 0.492687 0.272135 0.493601 0.272786 0.494516 0.273438 0.495430 0.272786 0.496344 0.272786 0.497258 0.272786 0.498172 0.272786 0.499086 0.273438 0.500000 0.274089 0.500914 0.274740 0.501828 0.275391 0.502742 0.275391 0.503656 0.276042 0.504570 0.276042 0.505484 0.275391 0.506399 0.274740 0.507313 0.274089 0.507313 0.273438 0.507313 0.272786 0.506399 0.272135 0.507313 0.271484 0.506399 0.270833 0.507313 0.270182 0.507313 0.269531 0.507313 0.268880 0.508227 0.268229 0.508227 0.268229 0.509141 0.268229 0.510055 0.268229 0.510969 0.268880 0.511883 0.269531 0.511883 0.270182 0.512797 0.270833 0.512797 0.271484 0.513711 0.272135 0.514625 0.272786 0.515539 0.273438 0.516453 0.273438 0.517367 0.273438 0.518282 0.273438 0.519196 0.273438 0.520110 0.273438 0.521024 0.274089 0.521024 0.274740 0.521938 0.275391 0.521938 0.276042 0.522852 0.276693 0.523766 0.277344 0.523766 0.277995 0.523766 0.278646 0.522852 0.279297 0.522852 0.279948 0.522852 0.280599 0.521938 0.281250 0.521024 0.281901 0.521024 0.282552 0.521024 0.283203 0.520110 0.283854 0.521024 0.284505 0.521938 0.284505 0.522852 0.283854 0.523766 0.283854 0.524680 0.283854 0.525594 0.284505 0.526508 0.285156 0.527422 0.284505 0.528336 0.284505 0.529250 0.283854 0.530165 0.283203 0.531079 0.282552 0.531079 0.281901 0.531079 0.281250 0.531079 0.280599 0.531079 0.279948 0.530165 0.279297 0.530165 0.278646 0.530165 0.277995 0.530165 0.277995 0.531079 0.277995 0.531993 0.277995 0.532907 0.278646 0.533821 0.278646 0.534735 0.278646 0.535649 0.278646 0.536563 0.278646 0.537477 0.278646 0.538391 0.279297 0.539305 0.279948 0.539305 0.280599 0.540219 0.281250 0.540219 0.281901 0.540219 0.282552 0.540219 0.283203 0.541133 0.283854 0.541133 0.284505 0.542048 0.285156 0.542048 0.285807 0.542962 0.286458 0.542048 0.287109 0.541133 0.287760 0.541133 0.288411 0.540219 0.289062 0.539305 0.289714 0.539305 0.290365 0.538391 0.291016 0.537477 0.291016 0.536563 0.291016 0.535649 0.291016 0.534735 0.291016 0.533821 0.290365 0.532907 0.290365 0.531993 0.289714 0.531079 0.289062 0.530165 0.288411 0.529250 0.287760 0.528336 0.287109 0.527422 0.287109 0.526508 0.287760 0.525594 0.288411 0.524680 0.289062 0.523766 0.289714 0.523766 0.290365 0.523766 0.291016 0.522852 0.291667 0.522852 0.292318 0.522852 0.292969 0.521938 0.293620 0.521938 0.294271 0.521938 0.294922 0.521938 0.295573 0.521938 0.296224 0.521024 0.296875 0.521024 0.296875 0.520110 0.296875 0.519196 0.296875 0.518282 0.297526 0.517367 0.297526 0.516453 0.297526 0.515539 0.298177 0.514625 0.297526 0.513711 0.297526 0.512797 0.296875 0.512797 0.296224 0.511883 0.295573 0.511883 0.294922 0.512797 0.294271 0.513711 0.293620 0.514625 0.292969 0.515539 0.292318 0.515539 0.291667 0.515539 0.291016 0.514625 0.290365 0.514625 0.289714 0.514625 0.289062 0.514625 0.288411 0.515539 0.287760 0.516453 0.287109 0.517367 0.287109 0.518282 0.286458 0.519196 0.285807 0.520110 0.285156 0.519196 0.284505 0.518282 0.283854 0.517367 0.283854 0.516453 0.283854 0.515539 0.283203 0.514625 0.283854 0.513711 0.283854 0.512797 0.283854 0.511883 0.283854 0.510969 0.283854 0.510055 0.283854 0.509141 0.283203 0.508227 0.282552 0.507313 0.282552 0.506399 0.282552 0.505484 0.282552 0.504570 0.282552 0.503656 0.282552 0.502742 0.282552 0.501828 0.283203 0.500914 0.283203 0.500000 0.283203 0.499086 0.283203 0.498172 0.283203 0.497258 0.283854 0.496344 0.284505 0.495430 0.285156 0.494516 0.285807 0.493601 0.286458 0.492687 0.285807 0.491773 0.285156 0.490859 0.285156 0.489945 0.285156 0.489031 0.284505 0.488117 0.285156 0.487203 0.285156 0.486289 0.285156 0.485375 0.285807 0.484461 0.286458 0.483547 0.287109 0.482633 0.287760 0.482633 0.288411 0.481718 0.289062 0.481718 0.289714 0.480804 0.290365 0.479890 0.291016 0.480804 0.291016 0.479890 0.291667 0.478976 0.291667 0.478062 0.292318 0.477148 0.292969 0.476234 0.293620 0.475320 0.294271 0.474406 0.294922 0.474406 0.295573 0.474406 0.296224 0.473492 0.296875 0.472578 0.297526 0.471664 0.298177 0.472578 0.298177 0.471664 0.298828 0.470750 0.299479 0.469835 0.299479 0.468921 0.299479 0.468007 0.299479 0.467093 0.298828 0.466179 0.298177 0.466179 0.297526 0.465265 0.296875 0.465265 0.296224 0.465265 0.295573 0.466179 0.294922 0.466179 0.294271 0.467093 0.293620 0.468007 0.292969 0.468007 0.292318 0.468007 0.291667 0.468921 0.291016 0.468007 0.290365 0.467093 0.291016 0.466179 0.290365 0.465265 0.291016 0.464351 0.291667 0.463437 0.292318 0.462523 0.292969 0.461609 0.293620 0.460695 0.294271 0.460695 0.294922 0.460695 0.295573 0.459781 0.296224 0.459781 0.296875 0.459781 0.297526 0.459781 0.298177 0.458867 0.298828 0.459781 0.299479 0.458867 0.300130 0.458867 0.300781 0.457952 0.301432 0.457952 0.302083 0.457038 0.302083 0.456124 0.301432 0.455210 0.300781 0.454296 0.300130 0.454296 0.299479 0.454296 0.298828 0.453382 0.298177 0.453382 0.297526 0.452468 0.296875 0.451554 0.296224 0.450640 0.295573 0.449726 0.294922 0.450640 0.294271 0.449726 0.293620 0.448812 0.293620 0.447898 0.293620 0.446984 0.294271 0.446069 0.294922 0.445155 0.295573 0.444241 0.296224 0.444241 0.296875 0.444241 0.297526 0.444241 0.298177 0.443327 0.298177 0.442413 0.298828 0.441499 0.298177 0.440585 0.298177 0.439671 0.297526 0.438757 0.297526 0.437843 0.298177 0.436929 0.298828 0.436015 0.299479 0.435101 0.300130 0.435101 0.300781 0.435101 0.301432 0.434186 0.302083 0.435101 0.302734 0.434186 0.302734 0.433272 0.302734 0.432358 0.302083 0.431444 0.301432 0.431444 0.300781 0.430530 0.300130 0.430530 0.299479 0.431444 0.298828 0.431444 0.298177 0.431444 0.297526 0.430530 0.296875 0.429616 0.296875 0.428702 0.296875 0.427788 0.296875 0.426874 0.296875 0.425960 0.296875 0.425046 0.297526 0.424132 0.298177 0.423218 0.298177 0.422303 0.298828 0.421389 0.299479 0.420475 0.298828 0.419561 0.299479 0.418647 0.298828 0.417733 0.298177 0.416819 0.298177 0.415905 0.297526 0.414991 0.296875 0.414077 0.296224 0.414077 0.295573 0.414077 0.294922 0.414077 0.294271 0.414077 0.293620 0.414077 0.292969 0.414991 0.292318 0.414991 0.291667 0.415905 0.291016 0.416819 0.290365 0.417733 0.291016 0.418647 0.291016 0.419561 0.290365 0.420475 0.290365 0.421389 0.290365 0.422303 0.291016 0.423218 0.290365 0.424132 0.291016 0.425046 0.291667 0.425960 0.292318 0.426874 0.292318 0.427788 0.292318 0.428702 0.291667 0.429616 0.291016 0.430530 0.290365 0.430530 0.289714 0.429616 0.289062 0.428702 0.288411 0.427788 0.289062 0.426874 0.288411 0.425960 0.289062 0.425046 0.289062 0.424132 0.288411 0.423218 0.288411 0.422303 0.287760 0.421389 0.287760 0.420475 0.287760 0.419561 0.287109 0.418647 0.287109 0.417733 0.287109 0.416819 0.286458 0.415905 0.285807 0.414991 0.285807 0.414077 0.285156 0.414991 0.284505 0.414077 0.283854 0.414991 0.283203 0.414991 0.283854 0.415905 0.283203 0.416819 0.283203 0.417733 0.283203 0.418647 0.283203 0.419561 0.283854 0.420475 0.284505 0.421389 0.285156 0.422303 0.285156 0.423218 0.285807 0.424132 0.285807 0.425046 0.286458 0.425960 0.285807 0.426874 0.285156 0.427788 0.284505 0.428702 0.284505 0.429616 0.284505 0.430530 0.283854 0.431444 0.284505 0.432358 0.284505 0.433272 0.285156 0.434186 0.285156 0.435101 0.285156 0.436015 0.285807 0.436929 0.285807 0.437843 0.285807 0.438757 0.285807 0.439671 0.285807 0.440585 0.286458 0.441499 0.286458 0.442413 0.286458 0.443327 0.287109 0.443327 0.287760 0.444241 0.288411 0.445155 0.288411 0.446069 0.288411 0.446984 0.289062 0.447898 0.289062 0.448812 0.289714 0.449726 0.290365 0.450640 0.291016 0.451554 0.291016 0.452468 0.291667 0.453382 0.291016 0.454296 0.291016 0.455210 0.290365 0.456124 0.289714 0.457038 0.289714 0.457952 0.289062 0.458867 0.289062 0.459781 0.289062 0.460695 0.288411 0.461609 0.287760 0.462523 0.287109 0.462523 0.286458 0.462523 0.285807 0.461609 0.285156 0.460695 0.284505 0.459781 0.284505 0.458867 0.283854 0.457952 0.283854 0.457038 0.283854 0.456124 0.283203 0.455210 0.283203 0.454296 0.283203 0.453382 0.282552 0.452468 0.281901 0.451554 0.281901 0.450640 0.281901 0.449726 0.281901 0.448812 0.281250 0.447898 0.281250 0.446984 0.280599 0.446069 0.279948 0.445155 0.279948 0.444241 0.280599 0.443327 0.279948 0.442413 0.279297 0.441499 0.278646 0.441499 0.277995 0.440585 0.277344 0.439671 0.276693 0.439671 0.276042 0.438757 0.275391 0.438757 0.274740 0.438757 0.274089 0.439671 0.274740 0.440585 0.274740 0.441499 0.274740 0.442413 0.275391 0.443327 0.275391 0.444241 0.276042 0.445155 0.276693 0.446069 0.276693 0.446984 0.276693 0.447898 0.277344 0.448812 0.277344 0.449726 0.277995 0.450640 0.278646 0.451554 0.278646 0.452468 0.279297 0.453382 0.279297 0.454296 0.279948 0.455210 0.280599 0.456124 0.280599 0.457038 0.281250 0.457952 0.281250 0.458867 0.281250 0.459781 0.281901 0.460695 0.281901 0.461609 0.282552 0.462523 0.282552 0.463437 0.283203 0.464351 0.283854 0.465265 0.284505 0.466179 0.284505 0.467093 0.285156 0.467093 0.285807 0.468007 0.286458 0.468921 0.287109 0.468921 0.287760 0.469835 0.288411 0.470750 0.288411 0.471664 0.288411 0.472578 0.287760 0.473492 0.287109 0.474406 0.286458 0.475320 0.285807 0.476234 0.285156 0.477148 0.284505 0.478062 0.284505 0.478976 0.283854 0.479890 0.283203 0.480804 0.283854 0.481718 0.283854 0.482633 0.283854 0.483547 0.283203 0.484461 0.282552 0.485375 0.282552 0.486289 0.281901 0.487203 0.281901 0.488117 0.281901 0.489031 0.281250 0.489945 0.280599 0.490859 0.279948 0.491773 0.279297 0.491773 0.278646 0.490859 0.277995 0.489945 0.277995 0.489031 0.277344 0.488117 0.277344 0.487203 0.277344 0.486289 0.277344 0.485375 0.276693 0.484461 0.276693 0.483547 0.276693 0.482633 0.276042 0.481718 0.276693 0.480804 0.276693 0.479890 0.276042 0.478976 0.276042 0.478062 0.275391 0.477148 0.274740 0.476234 0.274089 0.475320 0.274089 0.474406 0.274089 0.473492 0.273438 0.472578 0.274089 0.471664 0.273438 0.470750 0.273438 0.469835 0.272786 0.468921 0.273438 0.468007 0.273438 0.467093 0.272786 0.466179 0.272786 0.465265 0.272786 0.464351 0.272135 0.463437 0.272135 0.462523 0.271484 0.461609 0.271484 0.460695 0.270833 0.459781 0.270833 0.458867 0.270833 0.457952 0.270833 0.457038 0.270833 0.456124 0.270833 0.455210 0.271484 0.454296 0.270833 0.453382 0.270833 0.452468 0.270833 0.451554 0.270833 0.450640 0.270833 0.449726 0.270833 0.448812 0.270833 0.447898 0.270182 0.446984 0.270182 0.446069 0.270182 0.445155 0.269531 0.445155 0.268880 0.446069 0.268229 0.446069 0.267578 0.445155 0.266927 0.444241 0.266276 0.443327 0.265625 0.443327 0.264974 0.442413 0.264323 0.441499 0.263672 0.441499 0.263021 0.442413 0.262370 0.442413 0.261719 0.442413 0.261068 0.442413 0.260417 0.442413 0.259766 0.442413 0.259115 0.441499 0.258464 0.440585 0.257812 0.440585 0.257161 0.439671 0.256510 0.439671 0.255859 0.438757 0.255208 0.437843 0.254557 0.436929 0.253906 0.436015 0.253906 0.435101 0.253255 0.434186 0.253255 0.433272 0.253255 0.432358 0.252604 0.431444 0.251953 0.430530 0.251302 0.429616 0.250651 0.428702 0.250651 0.427788 0.251302 0.426874 0.251953 0.425960 0.252604 0.426874 0.253255 0.426874 0.253906 0.427788 0.254557 0.427788 0.255208 0.427788 0.255859 0.428702 0.256510 0.428702 0.257161 0.429616 0.257812 0.430530 0.258464 0.431444 0.259115 0.432358 0.259766 0.432358 0.260417 0.431444 0.261068 0.430530 0.261719 0.429616 0.262370 0.428702 0.262370 0.427788 0.262370 0.426874 0.263021 0.425960 0.263672 0.425046 0.264323 0.424132 0.264323 0.423218 0.264974 0.422303 0.265625 0.421389 0.266276 0.420475 0.265625 0.419561 0.266276 0.418647 0.266927 0.417733 0.267578 0.416819 0.268229 0.416819 0.268229 0.415905 0.268880 0.414991 0.268229 0.414077 0.268229 0.413163 0.267578 0.412249 0.266927 0.411335 0.266276 0.410420 0.266276 0.409506 0.265625 0.408592 0.266276 0.407678 0.266927 0.406764 0.266276 0.405850 0.266276 0.404936 0.266276 0.404022 0.266276 0.403108 0.265625 0.402194 0.265625 0.401280 0.264974 0.401280 0.264323 0.400366 0.263672 0.400366 0.263021 0.400366
0 0.914714 0.398537 0.914062 0.399452 0.913411 0.399452 0.912760 0.400366 0.912109 0.400366 0.911458 0.401280 0.910807 0.402194 0.910156 0.401280 0.909505 0.402194 0.908854 0.401280 0.908203 0.401280 0.907552 0.400366 0.906901 0.400366 0.906250 0.400366 0.905599 0.401280 0.904948 0.402194 0.904948 0.403108 0.905599 0.404022 0.905599 0.404936 0.906250 0.405850 0.906250 0.406764 0.906901 0.407678 0.907552 0.408592 0.908203 0.409506 0.908203 0.410420 0.907552 0.411335 0.907552 0.412249 0.907552 0.413163 0.907552 0.414077 0.907552 0.414991 0.908203 0.415905 0.908203 0.416819 0.908854 0.417733 0.909505 0.418647 0.909505 0.419561 0.910156 0.420475 0.910807 0.420475 0.911458 0.421389 0.912109 0.421389 0.912760 0.422303 0.913411 0.423218 0.914062 0.424132 0.914714 0.425046 0.914714 0.425960 0.914714 0.426874 0.914714 0.427788 0.915365 0.428702 0.915365 0.429616 0.915365 0.430530 0.915365 0.431444 0.915365 0.432358 0.914714 0.433272 0.914714 0.434186 0.914714 0.435101 0.914062 0.436015 0.913411 0.436929 0.912760 0.437843 0.912109 0.438757 0.912109 0.439671 0.912760 0.440585 0.912760 0.441499 0.912760 0.442413 0.912760 0.443327 0.912760 0.444241 0.912109 0.445155 0.912109 0.446069 0.912109 0.446984 0.911458 0.447898 0.910807 0.448812 0.910807 0.449726 0.910807 0.450640 0.910156 0.451554 0.909505 0.452468 0.908854 0.453382 0.908203 0.454296 0.907552 0.453382 0.906901 0.453382 0.906250 0.453382 0.906250 0.454296 0.906901 0.455210 0.907552 0.456124 0.908203 0.457038 0.907552 0.457952 0.908203 0.458867 0.908203 0.459781 0.908203 0.460695 0.907552 0.461609 0.908203 0.462523 0.908203 0.463437 0.908203 0.464351 0.908854 0.465265 0.908203 0.466179 0.908203 0.467093 0.908203 0.468007 0.907552 0.468921 0.908203 0.469835 0.908203 0.470750 0.908203 0.471664 0.908854 0.472578 0.909505 0.473492 0.908854 0.474406 0.908854 0.475320 0.908854 0.476234 0.908854 0.477148 0.908854 0.478062 0.909505 0.478976 0.909505 0.479890 0.910156 0.478976 0.910807 0.478976 0.911458 0.478062 0.911458 0.477148 0.911458 0.476234 0.912109 0.475320 0.912109 0.474406 0.912760 0.473492 0.912760 0.472578 0.912760 0.471664 0.913411 0.470750 0.914062 0.469835 0.914714 0.469835 0.915365 0.469835 0.916016 0.468921 0.916667 0.468921 0.916667 0.468007 0.916016 0.467093 0.915365 0.466179 0.915365 0.465265 0.914714 0.464351 0.914714 0.463437 0.914714 0.462523 0.915365 0.461609 0.914714 0.460695 0.915365 0.459781 0.916016 0.458867 0.916667 0.457952 0.917318 0.457952 0.917969 0.457038 0.918620 0.457952 0.919271 0.457952 0.919922 0.458867 0.920573 0.458867 0.921224 0.459781 0.921875 0.458867 0.922526 0.458867 0.923177 0.459781 0.923828 0.459781 0.924479 0.459781 0.924479 0.458867 0.925130 0.457952 0.924479 0.457038 0.924479 0.456124 0.923828 0.456124 0.923177 0.455210 0.922526 0.455210 0.921875 0.454296 0.921224 0.454296 0.920573 0.454296 0.919922 0.453382 0.919271 0.454296 0.918620 0.454296 0.917969 0.453382 0.917318 0.452468 0.917318 0.451554 0.917318 0.450640 0.917969 0.449726 0.918620 0.448812 0.919271 0.448812 0.919922 0.447898 0.920573 0.446984 0.921224 0.446984 0.921875 0.446984 0.922526 0.446069 0.922526 0.445155 0.922526 0.444241 0.922526 0.443327 0.921875 0.442413 0.921224 0.442413 0.920573 0.441499 0.919922 0.440585 0.919271 0.439671 0.919922 0.438757 0.919922 0.437843 0.919922 0.436929 0.919922 0.436015 0.919922 0.435101 0.920573 0.434186 0.921224 0.433272 0.921875 0.433272 0.922526 0.433272 0.923177 0.433272 0.923828 0.433272 0.924479 0.433272 0.925130 0.433272 0.925781 0.432358 0.926432 0.432358 0.927083 0.432358 0.927734 0.431444 0.927734 0.430530 0.927083 0.429616 0.927734 0.428702 0.927083 0.428702 0.926432 0.427788 0.925781 0.426874 0.925781 0.425960 0.925781 0.425046 0.925130 0.424132 0.924479 0.424132 0.923828 0.423218 0.923177 0.422303 0.922526 0.421389 0.923177 0.420475 0.922526 0.419561 0.922526 0.418647 0.921875 0.417733 0.921224 0.417733 0.920573 0.416819 0.919922 0.416819 0.919271 0.417733 0.918620 0.417733 0.917969 0.418647 0.917318 0.419561 0.916667 0.420475 0.916016 0.420475 0.915365 0.419561 0.914714 0.418647 0.914714 0.417733 0.914714 0.416819 0.914714 0.415905 0.914714 0.414991 0.915365 0.414077 0.914714 0.413163 0.914714 0.412249 0.914062 0.411335 0.914062 0.410420 0.914062 0.409506 0.914714 0.408592 0.914714 0.407678 0.915365 0.406764 0.916016 0.405850 0.916016 0.404936 0.916016 0.404022 0.916016 0.403108 0.916016 0.402194 0.916016 0.401280 0.916667 0.400366 0.916016 0.399452 0.915365 0.399452
0 0.873047 0.394881 0.872396 0.395795 0.871745 0.395795 0.871094 0.395795 0.870443 0.396709 0.869792 0.395795 0.869141 0.395795 0.868490 0.396709 0.868490 0.397623 0.867839 0.398537 0.867188 0.399452 0.866536 0.400366 0.865885 0.400366 0.865234 0.400366 0.864583 0.400366 0.863932 0.401280 0.863281 0.401280 0.862630 0.402194 0.861979 0.403108 0.861328 0.404022 0.861328 0.404936 0.861328 0.405850 0.861979 0.406764 0.862630 0.406764 0.863281 0.407678 0.863932 0.406764 0.864583 0.406764 0.865234 0.406764 0.865885 0.407678 0.866536 0.408592 0.867188 0.409506 0.867188 0.410420 0.867839 0.410420 0.868490 0.411335 0.869141 0.411335 0.869792 0.412249 0.870443 0.412249 0.871094 0.411335 0.871745 0.411335 0.872396 0.410420 0.872396 0.409506 0.872396 0.408592 0.873047 0.407678 0.873698 0.406764 0.874349 0.405850 0.875000 0.405850 0.875651 0.404936 0.875651 0.404022 0.875651 0.403108 0.875651 0.402194 0.875651 0.401280 0.875651 0.400366 0.876302 0.399452 0.875651 0.398537 0.875651 0.397623 0.875000 0.396709 0.874349 0.395795 0.873698 0.395795
0 0.779948 0.394881 0.779297 0.395795 0.778646 0.395795 0.777995 0.395795 0.777344 0.396709 0.777995 0.397623 0.777995 0.398537 0.778646 0.399452 0.777995 0.400366 0.777344 0.401280 0.776693 0.401280 0.776042 0.402194 0.775391 0.402194 0.774740 0.403108 0.774089 0.403108 0.773438 0.404022 0.772786 0.404022 0.772135 0.404022 0.771484 0.404022 0.770833 0.404936 0.770182 0.405850 0.770182 0.406764 0.770833 0.407678 0.771484 0.408592 0.771484 0.409506 0.772135 0.410420 0.772135 0.411335 0.772135 0.412249 0.772786 0.413163 0.773438 0.412249 0.774089 0.412249 0.774740 0.412249 0.775391 0.412249 0.776042 0.413163 0.776693 0.414077 0.777344 0.414991 0.776693 0.415905 0.776693 0.416819 0.776693 0.417733 0.776693 0.418647 0.776693 0.419561 0.777344 0.420475 0.777995 0.420475 0.778646 0.420475 0.779297 0.420475 0.779948 0.421389 0.780599 0.420475 0.781250 0.420475 0.781901 0.419561 0.782552 0.419561 0.783203 0.419561 0.783854 0.419561 0.784505 0.418647 0.784505 0.417733 0.785156 0.416819 0.784505 0.415905 0.784505 0.414991 0.783854 0.414077 0.784505 0.413163 0.785156 0.412249 0.785807 0.413163 0.786458 0.414077 0.787109 0.414077 0.787760 0.414077 0.788411 0.414991 0.789062 0.414991 0.789714 0.414991 0.790365 0.414991 0.791016 0.414991 0.791667 0.414077 0.791016 0.413163 0.791016 0.412249 0.790365 0.411335 0.789714 0.410420 0.789062 0.409506 0.788411 0.408592 0.787760 0.408592 0.787109 0.407678 0.786458 0.406764 0.785807 0.406764 0.785156 0.405850 0.784505 0.405850 0.783854 0.404936 0.783203 0.404022 0.782552 0.404022 0.781901 0.403108 0.781250 0.403108 0.780599 0.403108 0.779948 0.402194 0.779297 0.401280 0.778646 0.401280 0.777995 0.400366 0.778646 0.399452 0.779297 0.399452 0.779948 0.398537 0.780599 0.399452 0.781250 0.398537 0.781901 0.399452 0.782552 0.399452 0.783203 0.400366 0.783854 0.400366 0.784505 0.400366 0.785156 0.400366 0.785807 0.401280 0.786458 0.401280 0.787109 0.401280 0.787760 0.402194 0.788411 0.402194 0.789062 0.401280 0.789714 0.402194 0.790365 0.402194 0.791016 0.401280 0.791667 0.401280 0.791667 0.400366 0.791016 0.400366 0.790365 0.399452 0.789714 0.398537 0.789062 0.397623 0.788411 0.397623 0.787760 0.397623 0.787109 0.396709 0.786458 0.396709 0.785807 0.395795 0.785156 0.394881 0.784505 0.394881 0.783854 0.395795 0.783203 0.394881 0.782552 0.394881 0.781901 0.395795 0.781250 0.394881 0.780599 0.394881
0 0.400391 0.393053 0.399740 0.393967 0.399089 0.393967 0.399089 0.394881 0.398438 0.395795 0.397786 0.396709 0.397135 0.397623 0.396484 0.398537 0.395833 0.399452 0.396484 0.400366 0.396484 0.401280 0.397135 0.402194 0.397786 0.403108 0.397786 0.404022 0.397786 0.404936 0.397786 0.405850 0.397786 0.406764 0.397786 0.407678 0.397786 0.408592 0.397786 0.409506 0.397786 0.410420 0.398438 0.411335 0.399089 0.412249 0.399089 0.413163 0.399740 0.414077 0.400391 0.414077 0.401042 0.413163 0.401042 0.412249 0.401042 0.411335 0.401042 0.410420 0.400391 0.409506 0.400391 0.408592 0.400391 0.407678 0.400391 0.406764 0.400391 0.405850 0.400391 0.404936 0.401042 0.404022 0.401693 0.403108 0.402344 0.404022 0.402995 0.403108 0.403646 0.403108 0.404297 0.402194 0.404297 0.401280 0.404948 0.400366 0.404948 0.399452 0.404948 0.398537 0.404297 0.397623 0.404948 0.396709 0.404297 0.396709 0.403646 0.395795 0.402995 0.394881 0.402344 0.395795 0.401693 0.394881 0.401042 0.393967
0 0.080078 0.387569 0.079427 0.388483 0.078776 0.388483 0.078125 0.389397 0.077474 0.389397 0.076823 0.389397 0.076823 0.390311 0.076823 0.391225 0.076172 0.392139 0.075521 0.393053 0.074870 0.393967 0.074870 0.394881 0.074219 0.395795 0.073568 0.396709 0.072917 0.397623 0.072266 0.397623 0.071615 0.397623 0.070964 0.397623 0.070312 0.397623 0.069661 0.397623 0.069010 0.397623 0.068359 0.397623 0.067708 0.398537 0.067708 0.399452 0.067708 0.400366 0.067708 0.401280 0.068359 0.402194 0.069010 0.403108 0.069010 0.404022 0.069661 0.404936 0.070312 0.405850 0.070312 0.406764 0.070964 0.407678 0.070312 0.408592 0.070312 0.409506 0.070312 0.410420 0.070312 0.411335 0.069661 0.412249 0.069661 0.413163 0.069661 0.414077 0.069661 0.414991 0.069010 0.415905 0.068359 0.416819 0.069010 0.417733 0.069010 0.418647 0.068359 0.419561 0.067708 0.420475 0.067057 0.420475 0.066406 0.420475 0.065755 0.420475 0.065104 0.420475 0.064453 0.421389 0.065104 0.422303 0.065104 0.423218 0.065104 0.424132 0.065755 0.425046 0.066406 0.425960 0.065755 0.426874 0.065755 0.427788 0.065104 0.428702 0.064453 0.429616 0.063802 0.430530 0.063151 0.431444 0.063151 0.432358 0.062500 0.433272 0.061849 0.434186 0.061849 0.435101 0.061849 0.436015 0.061198 0.436929 0.061849 0.437843 0.061849 0.438757 0.061849 0.439671 0.061849 0.440585 0.061849 0.441499 0.061198 0.442413 0.060547 0.443327 0.059896 0.443327 0.059245 0.443327 0.058594 0.442413 0.057943 0.441499 0.057292 0.440585 0.057292 0.439671 0.056641 0.438757 0.055990 0.437843 0.055339 0.436929 0.055339 0.436015 0.055990 0.435101 0.055990 0.434186 0.055990 0.433272 0.056641 0.432358 0.055990 0.431444 0.055339 0.430530 0.054688 0.430530 0.054036 0.430530 0.053385 0.429616 0.052734 0.428702 0.052734 0.427788 0.052083 0.426874 0.052734 0.425960 0.053385 0.425046 0.053385 0.424132 0.054036 0.423218 0.054036 0.422303 0.054688 0.421389 0.054036 0.422303 0.053385 0.421389 0.052734 0.420475 0.052734 0.419561 0.052083 0.420475 0.051432 0.421389 0.050781 0.421389 0.050130 0.420475 0.049479 0.419561 0.048828 0.418647 0.048177 0.417733 0.048177 0.416819 0.047526 0.415905 0.047526 0.414991 0.046875 0.414077 0.046224 0.413163 0.045573 0.412249 0.045573 0.411335 0.045573 0.410420 0.044922 0.409506 0.044271 0.408592 0.043620 0.407678 0.042969 0.406764 0.042969 0.405850 0.042318 0.405850 0.041667 0.404936 0.041016 0.405850 0.040365 0.405850 0.039714 0.405850 0.039062 0.405850 0.038411 0.404936 0.037760 0.405850 0.037109 0.404936 0.036458 0.404936 0.035807 0.404936 0.035156 0.404936 0.034505 0.404936 0.033854 0.405850 0.033203 0.406764 0.032552 0.407678 0.032552 0.408592 0.031901 0.409506 0.031250 0.410420 0.030599 0.409506 0.029948 0.409506 0.029297 0.408592 0.028646 0.409506 0.027995 0.409506 0.027344 0.409506 0.027344 0.410420 0.026693 0.411335 0.026693 0.412249 0.026693 0.413163 0.026042 0.414077 0.026693 0.414991 0.026042 0.415905 0.025391 0.416819 0.025391 0.417733 0.025391 0.418647 0.025391 0.419561 0.026042 0.420475 0.026693 0.421389 0.027344 0.422303 0.027995 0.422303 0.028646 0.422303 0.029297 0.423218 0.029948 0.423218 0.030599 0.423218 0.031250 0.423218 0.031901 0.423218 0.032552 0.423218 0.033203 0.424132 0.033854 0.424132 0.034505 0.424132 0.035156 0.424132 0.035807 0.425046 0.036458 0.425046 0.037109 0.425046 0.037760 0.425046 0.038411 0.425046 0.039062 0.425960 0.039714 0.425046 0.040365 0.425046 0.041016 0.425046 0.041667 0.425046 0.042318 0.425960 0.042969 0.426874 0.043620 0.426874 0.044271 0.427788 0.044922 0.428702 0.045573 0.428702 0.046224 0.429616 0.046875 0.428702 0.047526 0.429616 0.048177 0.430530 0.048828 0.430530 0.049479 0.431444 0.050130 0.432358 0.050130 0.433272 0.050781 0.434186 0.051432 0.435101 0.052083 0.435101 0.052734 0.435101 0.053385 0.436015 0.054036 0.436929 0.054688 0.437843 0.054688 0.438757 0.054688 0.439671 0.054036 0.440585 0.054036 0.441499 0.053385 0.442413 0.054036 0.443327 0.053385 0.444241 0.052734 0.445155 0.053385 0.446069 0.054036 0.446984 0.054036 0.447898 0.053385 0.448812 0.052734 0.449726 0.052083 0.450640 0.052083 0.451554 0.052083 0.452468 0.052734 0.453382 0.053385 0.454296 0.053385 0.455210 0.054036 0.454296 0.054688 0.455210 0.055339 0.455210 0.055990 0.456124 0.056641 0.455210 0.057292 0.455210 0.057943 0.454296 0.058594 0.454296 0.059245 0.453382 0.059896 0.454296 0.060547 0.455210 0.059896 0.456124 0.059245 0.457038 0.058594 0.457952 0.058594 0.458867 0.057943 0.459781 0.057292 0.460695 0.056641 0.461609 0.055990 0.462523 0.055339 0.462523 0.055339 0.463437 0.054688 0.464351 0.054036 0.465265 0.053385 0.466179 0.052734 0.467093 0.052734 0.468007 0.052083 0.468921 0.052083 0.469835 0.051432 0.470750 0.051432 0.471664 0.051432 0.472578 0.050781 0.473492 0.051432 0.474406 0.051432 0.475320 0.050781 0.476234 0.050130 0.477148 0.049479 0.477148 0.048828 0.476234 0.048177 0.476234 0.047526 0.476234 0.046875 0.475320 0.046224 0.475320 0.045573 0.475320 0.044922 0.475320 0.044271 0.475320 0.043620 0.474406 0.042969 0.475320 0.042318 0.474406 0.041667 0.474406 0.041667 0.475320 0.041667 0.476234 0.041667 0.477148 0.041667 0.478062 0.042318 0.478976 0.042318 0.479890 0.042969 0.480804 0.043620 0.481718 0.042969 0.482633 0.042318 0.483547 0.041667 0.483547 0.041016 0.484461 0.041016 0.485375 0.040365 0.486289 0.040365 0.487203 0.040365 0.488117 0.041016 0.489031 0.041016 0.489945 0.041667 0.489945 0.042318 0.489945 0.042969 0.490859 0.043620 0.490859 0.044271 0.491773 0.044922 0.492687 0.045573 0.492687 0.046224 0.493601 0.046875 0.494516 0.047526 0.495430 0.047526 0.496344 0.048177 0.496344 0.048828 0.496344 0.049479 0.497258 0.050130 0.498172 0.050781 0.499086 0.051432 0.500000 0.051432 0.500914 0.050781 0.501828 0.051432 0.502742 0.052083 0.503656 0.052083 0.504570 0.052734 0.504570 0.053385 0.505484 0.054036 0.505484 0.054688 0.506399 0.055339 0.507313 0.055990 0.508227 0.056641 0.509141 0.057292 0.509141 0.057943 0.510055 0.058594 0.510969 0.059245 0.511883 0.059245 0.512797 0.059245 0.513711 0.058594 0.514625 0.057943 0.515539 0.057292 0.516453 0.057292 0.517367 0.056641 0.518282 0.057292 0.519196 0.056641 0.520110 0.057292 0.521024 0.057943 0.521938 0.057943 0.522852 0.058594 0.523766 0.059245 0.524680 0.059896 0.525594 0.060547 0.525594 0.061198 0.525594 0.061849 0.525594 0.062500 0.524680 0.063151 0.525594 0.063802 0.524680 0.063802 0.523766 0.064453 0.522852 0.064453 0.521938 0.065104 0.521024 0.065104 0.520110 0.064453 0.519196 0.064453 0.518282 0.064453 0.517367 0.063802 0.516453 0.063802 0.515539 0.063151 0.514625 0.063151 0.513711 0.063151 0.512797 0.063802 0.511883 0.063802 0.510969 0.064453 0.510055 0.064453 0.509141 0.065104 0.508227 0.065104 0.507313 0.065104 0.506399 0.064453 0.505484 0.064453 0.504570 0.063802 0.505484 0.063151 0.505484 0.062500 0.504570 0.061849 0.504570 0.061198 0.503656 0.060547 0.502742 0.060547 0.501828 0.061198 0.500914 0.061849 0.500000 0.062500 0.499086 0.063151 0.498172 0.063802 0.497258 0.064453 0.497258 0.065104 0.496344 0.065755 0.496344 0.066406 0.496344 0.067057 0.496344 0.067708 0.495430 0.067708 0.494516 0.067708 0.493601 0.067708 0.492687 0.067057 0.491773 0.066406 0.491773 0.065755 0.491773 0.065104 0.491773 0.064453 0.492687 0.063802 0.491773 0.063151 0.490859 0.063151 0.489945 0.062500 0.489031 0.063151 0.488117 0.063802 0.487203 0.063802 0.486289 0.064453 0.485375 0.064453 0.484461 0.063802 0.483547 0.063802 0.482633 0.064453 0.481718 0.064453 0.480804 0.064453 0.479890 0.063802 0.478976 0.063151 0.478062 0.062500 0.477148 0.061849 0.476234 0.061198 0.475320 0.060547 0.474406 0.059896 0.473492 0.059896 0.472578 0.059896 0.471664 0.059896 0.470750 0.060547 0.469835 0.060547 0.468921 0.060547 0.468007 0.061198 0.467093 0.060547 0.466179 0.060547 0.465265 0.059896 0.464351 0.060547 0.463437 0.059896 0.462523 0.060547 0.461609 0.061198 0.460695 0.061849 0.459781 0.062500 0.459781 0.063151 0.459781 0.063151 0.458867 0.063802 0.457952 0.064453 0.457038 0.065104 0.456124 0.065104 0.455210 0.065755 0.454296 0.066406 0.453382 0.065755 0.453382 0.065104 0.452468 0.064453 0.451554 0.063802 0.451554 0.063151 0.450640 0.062500 0.449726 0.062500 0.448812 0.063151 0.447898 0.063151 0.446984 0.063151 0.446069 0.063151 0.445155 0.063802 0.444241 0.063151 0.443327 0.063802 0.442413 0.064453 0.441499 0.065104 0.441499 0.065755 0.440585 0.066406 0.439671 0.067057 0.439671 0.067708 0.439671 0.068359 0.440585 0.069010 0.439671 0.069661 0.440585 0.070312 0.441499 0.070964 0.442413 0.071615 0.443327 0.072266 0.443327 0.072917 0.442413 0.073568 0.443327 0.074219 0.443327 0.074219 0.442413 0.073568 0.441499 0.072917 0.440585 0.072917 0.439671 0.072266 0.438757 0.072266 0.437843 0.071615 0.436929 0.070964 0.436015 0.070964 0.435101 0.070964 0.434186 0.070964 0.433272 0.070312 0.432358 0.070964 0.431444 0.071615 0.430530 0.072266 0.430530 0.072266 0.429616 0.072917 0.428702 0.073568 0.427788 0.074219 0.426874 0.074870 0.426874 0.075521 0.425960 0.076172 0.426874 0.076823 0.427788 0.077474 0.427788 0.078125 0.428702 0.078776 0.428702 0.079427 0.428702 0.080078 0.429616 0.080729 0.429616 0.081380 0.428702 0.082031 0.428702 0.082682 0.428702 0.083333 0.428702 0.083984 0.427788 0.084635 0.426874 0.084635 0.425960 0.084635 0.425046 0.084635 0.424132 0.083984 0.423218 0.083333 0.423218 0.082682 0.422303 0.082031 0.423218 0.081380 0.423218 0.080729 0.423218 0.080078 0.422303 0.079427 0.423218 0.078776 0.423218 0.078125 0.422303 0.077474 0.422303 0.076823 0.421389 0.076172 0.421389 0.075521 0.421389 0.074870 0.422303 0.074219 0.423218 0.073568 0.423218 0.072917 0.424132 0.072266 0.425046 0.071615 0.425960 0.070964 0.425960 0.070312 0.426874 0.069661 0.427788 0.069010 0.427788 0.068359 0.426874 0.067708 0.425960 0.067057 0.425046 0.067057 0.424132 0.067708 0.423218 0.067057 0.422303 0.067708 0.421389 0.067708 0.420475 0.068359 0.419561 0.069010 0.419561 0.069661 0.419561 0.070312 0.418647 0.070964 0.418647 0.071615 0.417733 0.072266 0.416819 0.072917 0.415905 0.073568 0.414991 0.074219 0.414077 0.074870 0.414077 0.075521 0.414077 0.076172 0.414077 0.076823 0.413163 0.077474 0.414077 0.078125 0.413163 0.078776 0.414077 0.079427 0.414077 0.080078 0.414077 0.080729 0.414077 0.081380 0.413163 0.082031 0.412249 0.081380 0.411335 0.081380 0.410420 0.080729 0.409506 0.080729 0.408592 0.080729 0.407678 0.080729 0.406764 0.080729 0.405850 0.080729 0.404936 0.081380 0.404022 0.082031 0.403108 0.082031 0.402194 0.082682 0.401280 0.082682 0.400366 0.082682 0.399452 0.083333 0.398537 0.083984 0.397623 0.083984 0.396709 0.083984 0.395795 0.083984 0.394881 0.083984 0.393967 0.083984 0.393053 0.083333 0.392139 0.083333 0.391225 0.082682 0.390311 0.082682 0.389397 0.082031 0.389397 0.081380 0.389397 0.080729 0.388483
0 0.649740 0.382998 0.649089 0.383912 0.649089 0.384826 0.649089 0.385740 0.648438 0.386654 0.648438 0.387569 0.649089 0.388483 0.649089 0.389397 0.649089 0.390311 0.648438 0.391225 0.648438 0.392139 0.648438 0.393053 0.647786 0.393967 0.647786 0.394881 0.647786 0.395795 0.647786 0.396709 0.648438 0.397623 0.648438 0.398537 0.649089 0.399452 0.649740 0.399452 0.650391 0.399452 0.651042 0.399452 0.651693 0.398537 0.652344 0.397623 0.652995 0.397623 0.653646 0.397623 0.654297 0.398537 0.654948 0.399452 0.654948 0.400366 0.654948 0.401280 0.654948 0.402194 0.654948 0.403108 0.654948 0.404022 0.654948 0.404936 0.654948 0.405850 0.654297 0.406764 0.653646 0.407678 0.652995 0.406764 0.652344 0.406764 0.651693 0.405850 0.651042 0.404936 0.650391 0.404936 0.649740 0.404936 0.649089 0.404022 0.648438 0.404936 0.647786 0.404936 0.647135 0.404936 0.646484 0.404936 0.646484 0.405850 0.645833 0.406764 0.645833 0.407678 0.645833 0.408592 0.646484 0.409506 0.647135 0.410420 0.647786 0.411335 0.648438 0.410420 0.649089 0.411335 0.649740 0.411335 0.650391 0.410420 0.651042 0.410420 0.651693 0.411335 0.652344 0.411335 0.652995 0.412249 0.653646 0.413163 0.653646 0.414077 0.653646 0.414991 0.654297 0.414991 0.654948 0.415905 0.655599 0.416819 0.656250 0.417733 0.656250 0.418647 0.656250 0.419561 0.656250 0.420475 0.656250 0.421389 0.655599 0.422303 0.654948 0.423218 0.654297 0.422303 0.653646 0.422303 0.653646 0.423218 0.652995 0.424132 0.653646 0.425046 0.654297 0.425046 0.654948 0.425046 0.655599 0.425960 0.656250 0.426874 0.656901 0.427788 0.657552 0.428702 0.657552 0.429616 0.658203 0.430530 0.658854 0.431444 0.659505 0.432358 0.660156 0.432358 0.660156 0.431444 0.660807 0.430530 0.661458 0.429616 0.661458 0.428702 0.662109 0.427788 0.662109 0.426874 0.662109 0.425960 0.662109 0.425046 0.662109 0.424132 0.662109 0.423218 0.662109 0.422303 0.662760 0.421389 0.662109 0.420475 0.662109 0.419561 0.662109 0.418647 0.661458 0.417733 0.662109 0.416819 0.662109 0.415905 0.662109 0.414991 0.662109 0.414077 0.662760 0.413163 0.662760 0.412249 0.663411 0.411335 0.664062 0.410420 0.664062 0.409506 0.664062 0.408592 0.664062 0.407678 0.664062 0.406764 0.663411 0.405850 0.662760 0.404936 0.662109 0.404936 0.661458 0.404022 0.660807 0.403108 0.660156 0.402194 0.660156 0.401280 0.659505 0.400366 0.660156 0.399452 0.660807 0.398537 0.661458 0.398537 0.662109 0.397623 0.662760 0.397623 0.663411 0.396709 0.664062 0.395795 0.664714 0.394881 0.664062 0.393967 0.664714 0.393053 0.664714 0.392139 0.664062 0.391225 0.664062 0.390311 0.664062 0.389397 0.664062 0.388483 0.663411 0.387569 0.662760 0.386654 0.662109 0.387569 0.661458 0.386654 0.660807 0.386654 0.660156 0.386654 0.659505 0.386654 0.658854 0.386654 0.658854 0.387569 0.658203 0.388483 0.658203 0.389397 0.658203 0.390311 0.657552 0.391225 0.658203 0.392139 0.657552 0.393053 0.656901 0.393967 0.656250 0.393053 0.655599 0.393053 0.654948 0.392139 0.654297 0.392139 0.653646 0.393053 0.652995 0.392139 0.652344 0.391225 0.652995 0.390311 0.652995 0.389397 0.652995 0.388483 0.652995 0.387569 0.652995 0.386654 0.652995 0.385740 0.652995 0.384826 0.652344 0.383912 0.651693 0.383912 0.651042 0.383912 0.650391 0.382998
0 0.996094 0.382084 0.995443 0.382998 0.994792 0.382998 0.994792 0.383912 0.994792 0.384826 0.994792 0.385740 0.994792 0.386654 0.994792 0.387569 0.994792 0.388483 0.994792 0.389397 0.994141 0.390311 0.994141 0.391225 0.994141 0.392139 0.994792 0.393053 0.995443 0.393053 0.996094 0.393967 0.996745 0.394881 0.997396 0.395795 0.998047 0.396709 0.997396 0.397623 0.997396 0.398537 0.996745 0.399452 0.997396 0.400366 0.998047 0.401280 0.997396 0.402194 0.996745 0.403108 0.996094 0.404022 0.995443 0.404022 0.994792 0.403108 0.994141 0.402194 0.993490 0.401280 0.992839 0.400366 0.992188 0.400366 0.991536 0.400366 0.990885 0.400366 0.990234 0.400366 0.989583 0.400366 0.989583 0.401280 0.990234 0.402194 0.989583 0.403108 0.990234 0.404022 0.990234 0.404936 0.990234 0.405850 0.990234 0.406764 0.990885 0.407678 0.990885 0.408592 0.990885 0.409506 0.991536 0.410420 0.992188 0.410420 0.992839 0.411335 0.993490 0.412249 0.994141 0.413163 0.994141 0.414077 0.994141 0.414991 0.994792 0.415905 0.994792 0.416819 0.995443 0.417733 0.996094 0.416819 0.996745 0.416819 0.997396 0.415905 0.998047 0.414991 0.998698 0.414077 0.998698 0.413163 0.998698 0.412249 0.998698 0.411335 0.998698 0.410420 0.998698 0.409506 0.998698 0.408592 0.998698 0.407678 0.998698 0.406764 0.998698 0.405850 0.998047 0.404936 0.998698 0.404022 0.998698 0.403108 0.998698 0.402194 0.998698 0.401280 0.998698 0.400366 0.998698 0.399452 0.998698 0.398537 0.998698 0.397623 0.998698 0.396709 0.998698 0.395795 0.998698 0.394881 0.998698 0.393967 0.998698 0.393053 0.998698 0.392139 0.998698 0.391225 0.998698 0.390311 0.998698 0.389397 0.998698 0.388483 0.998698 0.387569 0.998698 0.386654 0.998698 0.385740 0.998698 0.384826 0.998698 0.383912 0.998698 0.382998 0.998047 0.382998 0.997396 0.382084 0.996745 0.382084
0 0.523438 0.382084 0.522786 0.382998 0.522135 0.383912 0.521484 0.382998 0.520833 0.383912 0.520182 0.383912 0.519531 0.384826 0.519531 0.385740 0.519531 0.386654 0.519531 0.387569 0.520182 0.388483 0.520182 0.389397 0.520182 0.390311 0.520182 0.391225 0.520182 0.392139 0.520833 0.393053 0.520182 0.393967 0.520833 0.394881 0.520833 0.395795 0.520833 0.396709 0.520833 0.397623 0.520833 0.398537 0.520182 0.399452 0.519531 0.400366 0.518880 0.399452 0.518229 0.399452 0.517578 0.399452 0.516927 0.399452 0.516927 0.400366 0.516276 0.401280 0.516276 0.402194 0.516927 0.403108 0.516927 0.404022 0.517578 0.404936 0.516927 0.405850 0.516927 0.406764 0.516927 0.407678 0.516927 0.408592 0.516276 0.409506 0.516927 0.410420 0.516927 0.411335 0.516927 0.412249 0.517578 0.413163 0.518229 0.414077 0.518229 0.414991 0.518880 0.415905 0.518880 0.416819 0.519531 0.417733 0.519531 0.418647 0.520182 0.419561 0.520833 0.418647 0.521484 0.418647 0.522135 0.418647 0.522786 0.418647 0.523438 0.417733 0.524089 0.417733 0.524740 0.417733 0.525391 0.416819 0.526042 0.416819 0.526693 0.416819 0.527344 0.416819 0.527995 0.416819 0.528646 0.415905 0.529297 0.414991 0.529297 0.414077 0.529297 0.413163 0.529297 0.412249 0.529297 0.411335 0.529948 0.410420 0.529297 0.409506 0.529297 0.408592 0.529948 0.407678 0.530599 0.406764 0.531250 0.405850 0.531901 0.406764 0.532552 0.406764 0.533203 0.406764 0.533854 0.406764 0.534505 0.406764 0.535156 0.407678 0.535807 0.406764 0.536458 0.406764 0.537109 0.406764 0.537760 0.406764 0.538411 0.406764 0.539062 0.406764 0.539714 0.405850 0.540365 0.405850 0.541016 0.404936 0.541667 0.404936 0.542318 0.404022 0.542969 0.404022 0.542969 0.403108 0.543620 0.402194 0.544271 0.401280 0.543620 0.400366 0.543620 0.399452 0.543620 0.398537 0.542969 0.398537 0.542318 0.397623 0.541667 0.397623 0.541016 0.396709 0.540365 0.396709 0.539714 0.396709 0.539062 0.395795 0.538411 0.394881 0.537760 0.394881 0.537109 0.393967 0.536458 0.393967 0.535807 0.393967 0.535156 0.394881 0.534505 0.393967 0.533854 0.393053 0.533854 0.392139 0.533854 0.391225 0.534505 0.390311 0.534505 0.389397 0.534505 0.388483 0.534505 0.387569 0.533854 0.386654 0.533203 0.385740 0.533203 0.384826 0.532552 0.383912 0.531901 0.383912 0.531250 0.382998 0.530599 0.383912 0.529948 0.383912 0.529297 0.383912 0.528646 0.384826 0.527995 0.385740 0.527995 0.386654 0.527995 0.387569 0.527344 0.388483 0.526693 0.389397 0.526042 0.388483 0.525391 0.387569 0.524740 0.386654 0.525391 0.385740 0.525391 0.384826 0.525391 0.383912 0.525391 0.382998 0.524740 0.382084 0.524089 0.382084
0 0.777344 0.381170 0.776693 0.382084 0.776042 0.382084 0.775391 0.382084 0.774740 0.382084 0.774089 0.382998 0.773438 0.382998 0.772786 0.382998 0.772135 0.383912 0.771484 0.384826 0.771484 0.385740 0.771484 0.386654 0.772135 0.386654 0.772786 0.387569 0.773438 0.387569 0.774089 0.387569 0.774740 0.386654 0.775391 0.386654 0.776042 0.385740 0.776693 0.385740 0.777344 0.384826 0.777995 0.385740 0.778646 0.385740 0.779297 0.385740 0.779948 0.385740 0.780599 0.384826 0.781250 0.384826 0.781250 0.383912 0.781250 0.382998 0.781250 0.382084 0.780599 0.382084 0.779948 0.382084 0.779297 0.381170 0.778646 0.382084 0.777995 0.381170
0 0.042969 0.381170 0.042318 0.382084 0.041667 0.382084 0.041016 0.382084 0.040365 0.382998 0.039714 0.382998 0.039062 0.382998 0.038411 0.382998 0.037760 0.382998 0.037109 0.383912 0.036458 0.383912 0.035807 0.384826 0.035156 0.384826 0.035156 0.385740 0.035156 0.386654 0.035156 0.387569 0.035156 0.388483 0.034505 0.389397 0.035156 0.390311 0.035156 0.391225 0.035807 0.392139 0.035156 0.393053 0.035807 0.393967 0.036458 0.394881 0.035807 0.395795 0.036458 0.395795 0.037109 0.396709 0.037760 0.397623 0.038411 0.398537 0.039062 0.398537 0.039714 0.398537 0.040365 0.399452 0.041016 0.400366 0.041667 0.400366 0.042318 0.401280 0.042969 0.400366 0.043620 0.400366 0.044271 0.401280 0.044922 0.401280 0.045573 0.402194 0.046224 0.403108 0.046875 0.403108 0.047526 0.404022 0.048177 0.404936 0.048828 0.405850 0.049479 0.405850 0.050130 0.404936 0.050781 0.404022 0.051432 0.403108 0.052083 0.402194 0.052734 0.402194 0.053385 0.401280 0.054036 0.401280 0.054688 0.400366 0.055339 0.400366 0.055990 0.399452 0.056641 0.399452 0.057292 0.398537 0.057943 0.399452 0.058594 0.400366 0.058594 0.401280 0.058594 0.402194 0.058594 0.403108 0.058594 0.404022 0.059245 0.404936 0.058594 0.405850 0.057943 0.406764 0.058594 0.407678 0.058594 0.408592 0.058594 0.409506 0.057943 0.410420 0.057292 0.411335 0.057292 0.412249 0.057292 0.411335 0.057943 0.410420 0.058594 0.409506 0.059245 0.409506 0.059896 0.408592 0.060547 0.407678 0.060547 0.406764 0.061198 0.405850 0.061198 0.404936 0.061198 0.404022 0.061849 0.403108 0.062500 0.402194 0.062500 0.401280 0.062500 0.400366 0.062500 0.399452 0.061849 0.398537 0.061198 0.398537 0.060547 0.398537 0.059896 0.398537 0.059245 0.397623 0.058594 0.396709 0.057943 0.395795 0.058594 0.394881 0.057943 0.393967 0.058594 0.393053 0.057943 0.392139 0.057943 0.391225 0.057943 0.390311 0.057292 0.389397 0.056641 0.388483 0.055990 0.388483 0.055339 0.389397 0.054688 0.389397 0.054036 0.390311 0.053385 0.391225 0.052734 0.391225 0.052083 0.392139 0.051432 0.392139 0.050781 0.392139 0.050130 0.391225 0.049479 0.390311 0.048828 0.390311 0.048177 0.390311 0.047526 0.389397 0.046875 0.389397 0.046224 0.388483 0.045573 0.387569 0.045573 0.386654 0.044922 0.385740 0.044922 0.384826 0.044271 0.383912 0.044271 0.382998 0.043620 0.382084
0 0.502604 0.370201 0.501953 0.371115 0.501302 0.372029 0.501953 0.372943 0.501302 0.373857 0.500651 0.374771 0.500651 0.375686 0.500651 0.376600 0.500000 0.377514 0.500000 0.378428 0.499349 0.379342 0.498698 0.380256 0.498047 0.381170 0.497396 0.380256 0.496745 0.379342 0.496094 0.378428 0.495443 0.377514 0.494792 0.376600 0.494141 0.375686 0.493490 0.376600 0.492839 0.375686 0.492188 0.375686 0.492188 0.376600 0.491536 0.377514 0.491536 0.378428 0.491536 0.379342 0.490885 0.380256 0.490234 0.381170 0.489583 0.382084 0.489583 0.382998 0.488932 0.383912 0.489583 0.384826 0.488932 0.385740 0.489583 0.386654 0.490234 0.387569 0.490234 0.388483 0.490885 0.389397 0.491536 0.390311 0.491536 0.391225 0.492188 0.392139 0.492188 0.393053 0.491536 0.393967 0.491536 0.394881 0.491536 0.395795 0.490885 0.396709 0.490885 0.397623 0.490885 0.398537 0.490885 0.399452 0.491536 0.400366 0.491536 0.401280 0.491536 0.402194 0.491536 0.403108 0.492188 0.404022 0.491536 0.404936 0.490885 0.405850 0.490234 0.406764 0.489583 0.406764 0.490234 0.407678 0.489583 0.408592 0.490234 0.408592 0.490885 0.409506 0.491536 0.410420 0.492188 0.411335 0.492839 0.412249 0.493490 0.413163 0.494141 0.414077 0.494792 0.413163 0.495443 0.413163 0.496094 0.414077 0.496745 0.414077 0.497396 0.414077 0.498047 0.414077 0.498698 0.414077 0.498047 0.413163 0.498047 0.412249 0.497396 0.411335 0.497396 0.410420 0.496745 0.409506 0.496094 0.408592 0.496094 0.407678 0.496745 0.406764 0.497396 0.405850 0.498047 0.404936 0.498698 0.404022 0.499349 0.403108 0.500000 0.403108 0.500651 0.403108 0.501302 0.402194 0.501953 0.402194 0.502604 0.402194 0.503255 0.401280 0.503906 0.402194 0.504557 0.403108 0.505208 0.404022 0.504557 0.404936 0.504557 0.405850 0.504557 0.406764 0.503906 0.407678 0.503906 0.408592 0.503906 0.409506 0.503906 0.410420 0.503906 0.411335 0.503906 0.412249 0.503255 0.413163 0.503255 0.414077 0.503255 0.414991 0.503255 0.415905 0.503906 0.416819 0.503906 0.417733 0.503906 0.418647 0.503906 0.419561 0.503906 0.420475 0.503906 0.421389 0.503255 0.422303 0.502604 0.423218 0.501953 0.424132 0.501302 0.425046 0.500651 0.425046 0.500651 0.425960 0.500000 0.426874 0.500000 0.427788 0.499349 0.428702 0.499349 0.429616 0.498698 0.430530 0.498698 0.431444 0.498698 0.432358 0.499349 0.433272 0.499349 0.434186 0.499349 0.435101 0.499349 0.436015 0.498698 0.436929 0.498047 0.437843 0.497396 0.437843 0.496745 0.437843 0.496094 0.436929 0.495443 0.436015 0.495443 0.435101 0.494792 0.435101 0.494141 0.435101 0.493490 0.434186 0.492839 0.433272 0.492188 0.433272 0.491536 0.432358 0.490885 0.432358 0.490234 0.432358 0.489583 0.431444 0.488932 0.431444 0.488281 0.431444 0.487630 0.431444 0.486979 0.432358 0.486979 0.433272 0.486979 0.434186 0.486328 0.435101 0.486979 0.436015 0.486979 0.436929 0.487630 0.436929 0.488281 0.436929 0.488932 0.437843 0.489583 0.437843 0.490234 0.437843 0.490885 0.437843 0.491536 0.437843 0.492188 0.438757 0.492839 0.438757 0.493490 0.439671 0.494141 0.439671 0.494792 0.439671 0.495443 0.440585 0.496094 0.440585 0.496745 0.441499 0.497396 0.442413 0.497396 0.443327 0.498047 0.444241 0.497396 0.445155 0.497396 0.446069 0.498047 0.446984 0.497396 0.447898 0.496745 0.448812 0.496094 0.449726 0.495443 0.449726 0.495443 0.450640 0.494792 0.451554 0.494792 0.452468 0.495443 0.453382 0.495443 0.454296 0.496094 0.454296 0.496745 0.455210 0.497396 0.456124 0.496745 0.457038 0.497396 0.457952 0.498047 0.458867 0.498047 0.459781 0.498698 0.460695 0.498698 0.461609 0.498698 0.462523 0.498047 0.463437 0.497396 0.464351 0.496745 0.465265 0.496094 0.465265 0.495443 0.465265 0.494792 0.465265 0.494141 0.464351 0.493490 0.463437 0.493490 0.462523 0.492839 0.461609 0.492839 0.460695 0.492188 0.459781 0.491536 0.458867 0.490885 0.457952 0.490885 0.457038 0.490234 0.456124 0.489583 0.455210 0.489583 0.454296 0.488932 0.453382 0.488281 0.452468 0.487630 0.451554 0.486979 0.451554 0.486328 0.450640 0.485677 0.450640 0.485677 0.451554 0.485026 0.452468 0.485026 0.453382 0.485026 0.454296 0.485026 0.455210 0.485677 0.456124 0.485026 0.457038 0.485677 0.457952 0.485677 0.458867 0.485677 0.459781 0.485677 0.460695 0.486328 0.461609 0.486979 0.462523 0.486979 0.463437 0.487630 0.464351 0.488281 0.465265 0.488932 0.466179 0.488932 0.467093 0.489583 0.468007 0.490234 0.468007 0.490885 0.468921 0.491536 0.468921 0.492188 0.468921 0.492839 0.469835 0.493490 0.468921 0.494141 0.469835 0.494792 0.470750 0.495443 0.471664 0.495443 0.472578 0.495443 0.473492 0.494792 0.474406 0.495443 0.475320 0.496094 0.475320 0.496745 0.475320 0.497396 0.475320 0.498047 0.475320 0.498698 0.475320 0.499349 0.476234 0.500000 0.477148 0.500000 0.476234 0.500000 0.475320 0.500651 0.474406 0.501302 0.473492 0.501953 0.473492 0.502604 0.473492 0.502604 0.472578 0.502604 0.471664 0.503255 0.470750 0.503906 0.470750 0.504557 0.471664 0.505208 0.470750 0.505859 0.471664 0.506510 0.470750 0.507161 0.470750 0.507812 0.470750 0.508464 0.470750 0.509115 0.470750 0.509766 0.470750 0.510417 0.469835 0.511068 0.469835 0.511719 0.469835 0.512370 0.469835 0.512370 0.468921 0.511719 0.468007 0.512370 0.467093 0.512370 0.466179 0.512370 0.465265 0.512370 0.464351 0.513021 0.463437 0.512370 0.462523 0.512370 0.461609 0.511719 0.460695 0.511719 0.459781 0.511068 0.459781 0.510417 0.459781 0.509766 0.459781 0.509115 0.459781 0.508464 0.460695 0.507812 0.461609 0.507812 0.462523 0.507161 0.463437 0.506510 0.464351 0.506510 0.465265 0.505859 0.466179 0.505208 0.467093 0.504557 0.468007 0.503906 0.468007 0.503255 0.468007 0.503255 0.468921 0.503906 0.469835 0.503255 0.470750 0.502604 0.471664 0.501953 0.471664 0.501302 0.470750 0.500651 0.469835 0.501302 0.468921 0.501953 0.468007 0.501302 0.468007 0.500651 0.467093 0.500000 0.466179 0.500651 0.465265 0.500651 0.464351 0.500651 0.463437 0.500000 0.462523 0.500000 0.461609 0.500000 0.460695 0.500000 0.459781 0.500000 0.458867 0.500651 0.457952 0.501302 0.457038 0.501953 0.456124 0.501953 0.455210 0.502604 0.454296 0.502604 0.453382 0.502604 0.452468 0.502604 0.451554 0.502604 0.450640 0.503255 0.449726 0.503255 0.448812 0.503255 0.447898 0.503255 0.446984 0.502604 0.446069 0.502604 0.445155 0.503255 0.444241 0.503255 0.443327 0.503255 0.442413 0.503255 0.441499 0.503255 0.440585 0.503255 0.439671 0.503255 0.438757 0.503906 0.437843 0.504557 0.436929 0.503906 0.436015 0.504557 0.435101 0.504557 0.434186 0.505208 0.433272 0.505859 0.432358 0.506510 0.432358 0.507161 0.431444 0.507812 0.431444 0.508464 0.430530 0.509115 0.429616 0.509115 0.428702 0.509766 0.427788 0.509115 0.426874 0.508464 0.425960 0.507812 0.425046 0.507161 0.424132 0.506510 0.423218 0.506510 0.422303 0.506510 0.421389 0.506510 0.420475 0.505859 0.419561 0.506510 0.418647 0.506510 0.417733 0.506510 0.416819 0.507161 0.415905 0.507161 0.414991 0.507812 0.414077 0.508464 0.413163 0.509115 0.412249 0.509766 0.411335 0.510417 0.410420 0.509766 0.409506 0.510417 0.408592 0.511068 0.407678 0.511068 0.406764 0.511068 0.405850 0.510417 0.404936 0.509766 0.404936 0.509115 0.404936 0.508464 0.404936 0.507812 0.404022 0.507161 0.404022 0.506510 0.403108 0.505859 0.402194 0.506510 0.401280 0.507161 0.400366 0.507161 0.399452 0.507812 0.398537 0.507812 0.397623 0.508464 0.396709 0.507812 0.395795 0.507161 0.394881 0.507161 0.393967 0.507812 0.393053 0.507812 0.392139 0.508464 0.391225 0.508464 0.390311 0.509115 0.389397 0.508464 0.388483 0.507812 0.388483 0.507161 0.387569 0.506510 0.388483 0.505859 0.389397 0.505208 0.389397 0.504557 0.389397 0.503906 0.390311 0.503255 0.390311 0.502604 0.389397 0.501953 0.388483 0.501953 0.387569 0.502604 0.386654 0.503255 0.385740 0.503906 0.384826 0.504557 0.384826 0.505208 0.383912 0.505859 0.383912 0.506510 0.383912 0.507161 0.382998 0.507812 0.382084 0.507812 0.381170 0.507812 0.380256 0.508464 0.379342 0.507812 0.378428 0.507812 0.377514 0.507812 0.376600 0.507812 0.375686 0.507161 0.374771 0.507812 0.373857 0.507161 0.373857 0.506510 0.372943 0.505859 0.372029 0.505859 0.371115 0.505208 0.370201 0.504557 0.370201 0.503906 0.370201 0.503255 0.370201
0 0.425781 0.369287 0.425130 0.370201 0.424479 0.370201 0.423828 0.371115 0.423177 0.370201 0.422526 0.371115 0.421875 0.372029 0.421224 0.372943 0.420573 0.373857 0.419922 0.374771 0.419271 0.375686 0.418620 0.376600 0.418620 0.377514 0.417969 0.378428 0.417318 0.379342 0.416667 0.380256 0.416016 0.380256 0.415365 0.380256 0.414714 0.380256 0.414062 0.381170 0.413411 0.382084 0.412760 0.382998 0.412109 0.383912 0.411458 0.384826 0.411458 0.385740 0.410807 0.386654 0.410156 0.387569 0.410156 0.388483 0.410156 0.389397 0.410156 0.390311 0.409505 0.391225 0.410156 0.392139 0.410156 0.393053 0.410807 0.393053 0.411458 0.393967 0.412109 0.393053 0.412760 0.393053 0.413411 0.393967 0.414062 0.394881 0.414714 0.395795 0.415365 0.396709 0.416016 0.396709 0.416667 0.396709 0.417318 0.396709 0.417969 0.396709 0.418620 0.396709 0.419271 0.396709 0.419922 0.396709 0.420573 0.396709 0.421224 0.396709 0.421875 0.397623 0.422526 0.397623 0.423177 0.397623 0.423828 0.398537 0.424479 0.398537 0.425130 0.398537 0.425781 0.398537 0.426432 0.398537 0.427083 0.398537 0.427734 0.398537 0.428385 0.398537 0.428385 0.397623 0.429036 0.396709 0.428385 0.395795 0.428385 0.394881 0.428385 0.393967 0.427734 0.393053 0.427083 0.392139 0.427083 0.391225 0.426432 0.390311 0.425781 0.390311 0.425130 0.390311 0.424479 0.390311 0.423828 0.390311 0.423177 0.390311 0.422526 0.390311 0.421875 0.390311 0.421224 0.390311 0.420573 0.390311 0.419922 0.389397 0.419271 0.388483 0.418620 0.389397 0.417969 0.390311 0.417318 0.390311 0.416667 0.390311 0.416016 0.389397 0.415365 0.388483 0.415365 0.387569 0.416016 0.386654 0.416667 0.385740 0.417318 0.385740 0.417969 0.386654 0.418620 0.385740 0.419271 0.386654 0.419922 0.385740 0.420573 0.385740 0.420573 0.384826 0.421224 0.383912 0.421875 0.382998 0.422526 0.382998 0.423177 0.382998 0.423828 0.382998 0.423828 0.382084 0.424479 0.381170 0.425130 0.380256 0.425781 0.379342 0.426432 0.379342 0.427083 0.379342 0.427734 0.379342 0.428385 0.379342 0.428385 0.378428 0.429036 0.377514 0.429688 0.376600 0.430339 0.375686 0.429688 0.374771 0.430339 0.373857 0.429688 0.372943 0.429688 0.372029 0.429688 0.371115 0.429688 0.370201 0.429036 0.370201 0.428385 0.369287 0.427734 0.369287 0.427083 0.370201 0.426432 0.369287
0 0.850911 0.367459 0.850260 0.368373 0.849609 0.368373 0.848958 0.368373 0.848307 0.368373 0.847656 0.369287 0.847005 0.369287 0.846354 0.369287 0.846354 0.370201 0.846354 0.371115 0.846354 0.372029 0.846354 0.372943 0.847005 0.373857 0.847656 0.374771 0.848307 0.375686 0.848958 0.376600 0.849609 0.376600 0.850260 0.377514 0.850911 0.378428 0.851562 0.379342 0.852214 0.380256 0.852865 0.381170 0.853516 0.382084 0.853516 0.382998 0.853516 0.383912 0.852865 0.384826 0.852865 0.385740 0.853516 0.386654 0.853516 0.387569 0.854167 0.387569 0.854818 0.388483 0.855469 0.388483 0.856120 0.387569 0.856771 0.386654 0.856771 0.385740 0.856771 0.384826 0.856771 0.383912 0.856771 0.382998 0.856120 0.382084 0.855469 0.381170 0.854818 0.380256 0.854818 0.379342 0.854167 0.378428 0.853516 0.377514 0.852865 0.376600 0.852214 0.375686 0.852214 0.374771 0.852214 0.373857 0.852214 0.372943 0.852214 0.372029 0.852214 0.371115 0.852865 0.370201 0.852214 0.369287 0.852214 0.368373 0.851562 0.367459
0 0.766927 0.367459 0.766276 0.368373 0.765625 0.368373 0.764974 0.369287 0.764323 0.370201 0.763672 0.370201 0.763021 0.370201 0.762370 0.370201 0.761719 0.370201 0.761719 0.371115 0.761719 0.372029 0.762370 0.372943 0.762370 0.373857 0.763021 0.374771 0.762370 0.375686 0.761719 0.376600 0.761068 0.376600 0.761068 0.377514 0.760417 0.378428 0.759766 0.379342 0.759766 0.380256 0.760417 0.381170 0.761068 0.382084 0.761719 0.382084 0.762370 0.382998 0.763021 0.382998 0.763672 0.382998 0.764323 0.383912 0.764974 0.383912 0.765625 0.382998 0.766276 0.382998 0.766927 0.382084 0.767578 0.381170 0.768229 0.380256 0.768880 0.379342 0.769531 0.379342 0.770182 0.379342 0.770833 0.378428 0.771484 0.378428 0.772135 0.377514 0.772786 0.377514 0.773438 0.376600 0.774089 0.376600 0.774740 0.375686 0.775391 0.375686 0.776042 0.375686 0.776693 0.375686 0.776693 0.374771 0.777344 0.373857 0.777344 0.372943 0.777995 0.372029 0.777344 0.372029 0.776693 0.371115 0.776042 0.371115 0.775391 0.372029 0.774740 0.371115 0.774089 0.372029 0.773438 0.372029 0.772786 0.371115 0.772135 0.371115 0.771484 0.370201 0.770833 0.369287 0.770182 0.368373 0.769531 0.368373 0.768880 0.367459 0.768229 0.367459 0.767578 0.367459
0 0.992188 0.353748 0.991536 0.354662 0.990885 0.354662 0.990234 0.354662 0.989583 0.355576 0.989583 0.356490 0.988932 0.357404 0.988932 0.358318 0.988932 0.359232 0.988281 0.360146 0.988932 0.361060 0.988932 0.361974 0.989583 0.362888 0.990234 0.363803 0.990885 0.364717 0.991536 0.365631 0.992188 0.365631 0.992839 0.366545 0.993490 0.365631 0.994141 0.366545 0.994792 0.366545 0.995443 0.366545 0.996094 0.366545 0.996745 0.366545 0.997396 0.366545 0.998047 0.366545 0.998698 0.366545 0.998698 0.365631 0.998698 0.364717 0.998698 0.363803 0.998698 0.362888 0.998698 0.361974 0.998698 0.361060 0.998698 0.360146 0.998698 0.359232 0.998698 0.358318 0.998047 0.357404 0.997396 0.356490 0.996745 0.356490 0.996094 0.355576 0.995443 0.354662 0.994792 0.354662 0.994141 0.353748 0.993490 0.353748 0.992839 0.353748
0 0.356120 0.351005 0.355469 0.351920 0.354818 0.352834 0.354167 0.353748 0.354818 0.354662 0.354167 0.355576 0.354818 0.356490 0.355469 0.357404 0.355469 0.358318 0.356120 0.359232 0.355469 0.360146 0.354818 0.361060 0.354167 0.361060 0.353516 0.361060 0.352865 0.361974 0.352865 0.362888 0.352865 0.363803 0.352865 0.364717 0.353516 0.365631 0.353516 0.366545 0.352865 0.367459 0.352865 0.368373 0.352865 0.369287 0.352865 0.370201 0.353516 0.371115 0.354167 0.371115 0.354818 0.372029 0.355469 0.372943 0.356120 0.373857 0.356771 0.374771 0.356771 0.375686 0.356771 0.376600 0.357422 0.375686 0.358073 0.374771 0.358724 0.373857 0.358724 0.372943 0.359375 0.372029 0.360026 0.371115 0.360677 0.371115 0.361328 0.372029 0.361979 0.372943 0.362630 0.373857 0.362630 0.374771 0.363281 0.375686 0.362630 0.376600 0.361979 0.377514 0.361328 0.378428 0.360677 0.378428 0.360026 0.379342 0.359375 0.379342 0.358724 0.379342 0.358073 0.380256 0.357422 0.380256 0.357422 0.381170 0.356771 0.382084 0.356771 0.382998 0.356120 0.383912 0.356771 0.383912 0.357422 0.384826 0.358073 0.385740 0.358724 0.385740 0.359375 0.385740 0.360026 0.385740 0.360677 0.384826 0.361328 0.384826 0.361979 0.383912 0.362630 0.383912 0.363281 0.382998 0.363932 0.382084 0.364583 0.382084 0.365234 0.381170 0.365885 0.380256 0.366536 0.380256 0.367188 0.380256 0.367839 0.381170 0.368490 0.380256 0.369141 0.381170 0.369792 0.382084 0.370443 0.382998 0.371094 0.382998 0.371745 0.383912 0.372396 0.384826 0.371745 0.385740 0.371094 0.386654 0.370443 0.386654 0.369792 0.385740 0.369141 0.386654 0.368490 0.386654 0.367839 0.387569 0.367188 0.388483 0.367188 0.389397 0.367188 0.390311 0.367839 0.391225 0.368490 0.391225 0.369141 0.391225 0.369792 0.391225 0.370443 0.392139 0.371094 0.392139 0.371745 0.391225 0.372396 0.390311 0.373047 0.390311 0.373047 0.389397 0.373698 0.388483 0.374349 0.387569 0.375000 0.388483 0.375651 0.388483 0.376302 0.388483 0.376953 0.389397 0.377604 0.390311 0.378255 0.391225 0.378906 0.392139 0.378906 0.393053 0.379557 0.393967 0.379557 0.394881 0.380208 0.393967 0.380859 0.394881 0.381510 0.393967 0.382161 0.394881 0.382812 0.394881 0.383464 0.394881 0.384115 0.394881 0.384766 0.394881 0.385417 0.394881 0.386068 0.394881 0.386719 0.393967 0.387370 0.394881 0.388021 0.395795 0.388672 0.396709 0.389323 0.397623 0.389974 0.398537 0.390625 0.398537 0.391276 0.399452 0.391927 0.399452 0.392578 0.399452 0.393229 0.399452 0.393880 0.398537 0.394531 0.397623 0.393880 0.396709 0.393880 0.395795 0.393880 0.394881 0.393229 0.393967 0.392578 0.393053 0.391927 0.393967 0.391276 0.393053 0.390625 0.393967 0.389974 0.393967 0.389323 0.393053 0.388672 0.392139 0.388021 0.391225 0.387370 0.390311 0.387370 0.389397 0.387370 0.388483 0.386719 0.387569 0.386068 0.386654 0.385417 0.386654 0.384766 0.385740 0.384115 0.384826 0.383464 0.384826 0.382812 0.383912 0.382161 0.382998 0.381510 0.382998 0.380859 0.382084 0.380208 0.381170 0.379557 0.382084 0.378906 0.382084 0.378255 0.381170 0.377604 0.380256 0.376953 0.380256 0.376302 0.379342 0.375651 0.378428 0.375651 0.377514 0.375000 0.376600 0.374349 0.376600 0.373698 0.375686 0.373047 0.374771 0.372396 0.373857 0.371745 0.372943 0.371094 0.372029 0.371094 0.371115 0.371745 0.370201 0.371745 0.369287 0.371094 0.368373 0.371745 0.367459 0.371094 0.366545 0.371094 0.365631 0.371094 0.364717 0.370443 0.363803 0.371094 0.362888 0.370443 0.361974 0.369792 0.361974 0.369141 0.361060 0.368490 0.361974 0.367839 0.361974 0.367188 0.361974 0.366536 0.362888 0.365885 0.363803 0.365234 0.364717 0.364583 0.365631 0.363932 0.364717 0.363281 0.363803 0.362630 0.362888 0.362630 0.361974 0.361979 0.361060 0.361328 0.360146 0.360677 0.359232 0.361328 0.358318 0.360677 0.357404 0.360677 0.356490 0.360677 0.355576 0.360677 0.354662 0.360026 0.353748 0.360026 0.352834 0.359375 0.351920 0.358724 0.351920 0.358073 0.351920 0.357422 0.351920 0.356771 0.351005
0 0.376953 0.350091 0.376302 0.351005 0.376302 0.351920 0.375651 0.352834 0.376302 0.353748 0.376302 0.354662 0.376953 0.355576 0.376953 0.356490 0.377604 0.357404 0.378255 0.358318 0.378906 0.359232 0.378906 0.360146 0.379557 0.361060 0.379557 0.361974 0.380208 0.362888 0.380859 0.363803 0.381510 0.364717 0.381510 0.365631 0.382161 0.366545 0.382812 0.367459 0.383464 0.368373 0.384115 0.368373 0.384766 0.368373 0.385417 0.368373 0.386068 0.369287 0.386719 0.370201 0.387370 0.371115 0.387370 0.372029 0.388021 0.372943 0.388672 0.373857 0.389323 0.374771 0.389974 0.375686 0.390625 0.376600 0.390625 0.377514 0.390625 0.378428 0.391276 0.379342 0.391927 0.380256 0.392578 0.379342 0.393229 0.379342 0.393880 0.378428 0.393880 0.377514 0.393229 0.376600 0.393880 0.375686 0.393229 0.374771 0.392578 0.373857 0.391927 0.372943 0.391276 0.372029 0.391276 0.371115 0.390625 0.370201 0.389974 0.369287 0.389974 0.368373 0.389323 0.367459 0.389323 0.366545 0.389974 0.365631 0.389323 0.364717 0.389974 0.363803 0.390625 0.362888 0.390625 0.361974 0.391276 0.361060 0.390625 0.360146 0.389974 0.359232 0.389323 0.359232 0.388672 0.359232 0.388021 0.359232 0.388021 0.360146 0.388672 0.361060 0.388021 0.361974 0.388672 0.362888 0.388021 0.363803 0.387370 0.364717 0.386719 0.363803 0.386068 0.362888 0.385417 0.361974 0.384766 0.361060 0.384115 0.360146 0.384115 0.359232 0.383464 0.358318 0.383464 0.357404 0.382812 0.356490 0.382812 0.355576 0.382161 0.354662 0.381510 0.353748 0.381510 0.352834 0.380859 0.351920 0.380208 0.351005 0.379557 0.351005 0.378906 0.351005 0.378255 0.350091 0.377604 0.351005
0 0.860026 0.347349 0.859375 0.348263 0.858724 0.348263 0.858073 0.348263 0.857422 0.348263 0.857422 0.349177 0.856771 0.350091 0.856771 0.351005 0.856771 0.351920 0.856771 0.352834 0.857422 0.353748 0.857422 0.354662 0.857422 0.355576 0.858073 0.356490 0.857422 0.357404 0.858073 0.358318 0.858073 0.359232 0.858724 0.360146 0.858073 0.361060 0.858724 0.361974 0.858724 0.362888 0.859375 0.363803 0.858724 0.364717 0.858724 0.365631 0.858073 0.366545 0.857422 0.367459 0.856771 0.367459 0.856771 0.368373 0.856120 0.369287 0.856771 0.370201 0.856771 0.371115 0.856771 0.372029 0.857422 0.372943 0.856771 0.373857 0.857422 0.374771 0.857422 0.375686 0.857422 0.376600 0.858073 0.377514 0.858724 0.378428 0.858724 0.379342 0.858724 0.380256 0.859375 0.381170 0.858724 0.382084 0.859375 0.381170 0.860026 0.382084 0.860677 0.381170 0.861328 0.381170 0.861979 0.381170 0.862630 0.381170 0.863281 0.381170 0.863932 0.380256 0.864583 0.380256 0.865234 0.381170 0.865885 0.382084 0.866536 0.382998 0.865885 0.383912 0.865234 0.384826 0.864583 0.384826 0.863932 0.384826 0.863281 0.385740 0.862630 0.385740 0.862630 0.386654 0.861979 0.387569 0.861328 0.388483 0.861328 0.389397 0.861328 0.390311 0.860677 0.391225 0.860026 0.392139 0.859375 0.393053 0.858724 0.393053 0.858073 0.393967 0.858073 0.394881 0.857422 0.395795 0.856771 0.396709 0.856120 0.397623 0.855469 0.397623 0.854818 0.396709 0.854167 0.396709 0.853516 0.395795 0.852865 0.394881 0.852865 0.393967 0.852865 0.393053 0.852214 0.392139 0.851562 0.391225 0.851562 0.390311 0.851562 0.389397 0.851562 0.388483 0.851562 0.387569 0.850911 0.386654 0.850260 0.386654 0.849609 0.385740 0.848958 0.385740 0.848307 0.385740 0.847656 0.385740 0.847005 0.386654 0.846354 0.386654 0.846354 0.387569 0.845703 0.388483 0.845052 0.389397 0.845703 0.390311 0.846354 0.390311 0.847005 0.391225 0.847656 0.392139 0.848307 0.392139 0.848958 0.393053 0.849609 0.393967 0.850260 0.394881 0.850260 0.395795 0.850260 0.396709 0.849609 0.397623 0.849609 0.398537 0.848958 0.399452 0.848307 0.400366 0.848958 0.401280 0.849609 0.401280 0.850260 0.402194 0.850911 0.403108 0.850911 0.404022 0.851562 0.404936 0.851562 0.405850 0.851562 0.406764 0.851562 0.407678 0.850911 0.408592 0.850260 0.409506 0.849609 0.410420 0.848958 0.410420 0.848307 0.410420 0.847656 0.409506 0.847005 0.408592 0.847005 0.407678 0.847005 0.406764 0.847656 0.405850 0.847005 0.404936 0.847005 0.404022 0.846354 0.404022 0.845703 0.403108 0.845052 0.404022 0.844401 0.404022 0.845052 0.404936 0.844401 0.405850 0.845052 0.406764 0.844401 0.407678 0.843750 0.408592 0.843099 0.408592 0.842448 0.408592 0.841797 0.408592 0.841146 0.409506 0.841146 0.410420 0.841146 0.411335 0.840495 0.412249 0.841146 0.413163 0.841146 0.414077 0.841146 0.414991 0.841146 0.415905 0.841797 0.416819 0.841146 0.417733 0.841146 0.418647 0.841797 0.419561 0.841797 0.420475 0.842448 0.421389 0.842448 0.422303 0.842448 0.423218 0.843099 0.424132 0.843750 0.425046 0.843750 0.425960 0.843750 0.426874 0.843750 0.427788 0.843099 0.428702 0.842448 0.429616 0.841797 0.430530 0.841146 0.430530 0.840495 0.430530 0.839844 0.430530 0.839193 0.429616 0.838542 0.428702 0.838542 0.427788 0.838542 0.426874 0.837891 0.425960 0.837891 0.425046 0.837891 0.424132 0.838542 0.423218 0.838542 0.422303 0.838542 0.421389 0.839193 0.420475 0.839193 0.419561 0.838542 0.418647 0.838542 0.417733 0.837891 0.416819 0.837891 0.415905 0.837891 0.414991 0.837240 0.414077 0.836589 0.413163 0.836589 0.412249 0.835938 0.411335 0.835938 0.410420 0.835286 0.410420 0.834635 0.410420 0.833984 0.411335 0.833333 0.411335 0.832682 0.411335 0.832031 0.411335 0.831380 0.410420 0.832031 0.411335 0.832031 0.412249 0.832031 0.413163 0.832031 0.414077 0.832682 0.414991 0.833333 0.415905 0.833984 0.416819 0.834635 0.417733 0.834635 0.418647 0.835286 0.419561 0.835286 0.420475 0.835286 0.421389 0.835938 0.422303 0.836589 0.423218 0.836589 0.424132 0.835938 0.425046 0.836589 0.425960 0.836589 0.426874 0.835938 0.427788 0.835938 0.428702 0.836589 0.429616 0.837240 0.430530 0.837891 0.431444 0.838542 0.432358 0.838542 0.433272 0.839193 0.434186 0.838542 0.435101 0.837891 0.436015 0.837240 0.436015 0.836589 0.436929 0.835938 0.436929 0.835286 0.437843 0.834635 0.436929 0.833984 0.437843 0.833333 0.437843 0.832682 0.437843 0.832031 0.438757 0.831380 0.438757 0.830729 0.439671 0.830078 0.439671 0.829427 0.438757 0.828776 0.437843 0.828776 0.436929 0.828776 0.436015 0.828776 0.435101 0.828776 0.434186 0.828125 0.433272 0.827474 0.433272 0.826823 0.432358 0.826172 0.431444 0.825521 0.432358 0.825521 0.433272 0.825521 0.434186 0.825521 0.435101 0.826172 0.436015 0.826172 0.436929 0.826172 0.437843 0.826172 0.438757 0.826172 0.439671 0.826823 0.440585 0.826823 0.441499 0.826172 0.442413 0.825521 0.443327 0.824870 0.442413 0.824219 0.441499 0.824219 0.440585 0.823568 0.440585 0.822917 0.440585 0.822266 0.441499 0.821615 0.441499 0.820964 0.442413 0.820312 0.442413 0.819661 0.442413 0.819661 0.443327 0.819661 0.444241 0.819010 0.445155 0.819661 0.446069 0.820312 0.446984 0.820312 0.447898 0.820312 0.448812 0.820964 0.449726 0.821615 0.450640 0.820964 0.451554 0.821615 0.452468 0.820964 0.453382 0.820312 0.454296 0.819661 0.455210 0.819010 0.456124 0.818359 0.457038 0.817708 0.457038 0.817708 0.457952 0.817057 0.458867 0.816406 0.459781 0.816406 0.460695 0.817057 0.461609 0.816406 0.462523 0.815755 0.463437 0.816406 0.464351 0.817057 0.465265 0.817057 0.466179 0.817708 0.465265 0.818359 0.465265 0.819010 0.465265 0.819661 0.465265 0.820312 0.464351 0.820964 0.465265 0.821615 0.465265 0.822266 0.464351 0.822917 0.464351 0.823568 0.464351 0.824219 0.464351 0.824870 0.464351 0.825521 0.463437 0.826172 0.463437 0.826823 0.462523 0.827474 0.462523 0.828125 0.463437 0.828776 0.462523 0.829427 0.462523 0.830078 0.461609 0.830729 0.461609 0.831380 0.460695 0.831380 0.459781 0.831380 0.458867 0.831380 0.457952 0.831380 0.457038 0.830729 0.457038 0.830078 0.456124 0.829427 0.455210 0.828776 0.454296 0.828776 0.453382 0.828776 0.452468 0.829427 0.451554 0.830078 0.450640 0.830729 0.449726 0.831380 0.448812 0.832031 0.449726 0.832682 0.448812 0.833333 0.449726 0.833984 0.449726 0.834635 0.448812 0.835286 0.447898 0.835938 0.447898 0.836589 0.447898 0.837240 0.446984 0.837891 0.446069 0.837891 0.445155 0.837891 0.444241 0.837891 0.443327 0.838542 0.442413 0.838542 0.441499 0.838542 0.440585 0.839193 0.439671 0.839844 0.438757 0.840495 0.439671 0.841146 0.440585 0.841797 0.441499 0.842448 0.441499 0.843099 0.442413 0.843750 0.443327 0.844401 0.444241 0.845052 0.443327 0.845703 0.443327 0.845703 0.442413 0.845703 0.441499 0.845052 0.440585 0.844401 0.439671 0.844401 0.438757 0.845052 0.437843 0.845703 0.436929 0.846354 0.437843 0.847005 0.437843 0.847656 0.438757 0.848307 0.438757 0.848958 0.438757 0.849609 0.438757 0.850260 0.439671 0.850260 0.438757 0.850911 0.437843 0.850260 0.436929 0.849609 0.436015 0.849609 0.435101 0.850260 0.434186 0.850911 0.433272 0.851562 0.432358 0.852214 0.431444 0.852865 0.432358 0.853516 0.432358 0.854167 0.433272 0.854818 0.433272 0.855469 0.434186 0.856120 0.434186 0.856771 0.434186 0.857422 0.434186 0.857422 0.433272 0.857422 0.432358 0.857422 0.431444 0.856771 0.430530 0.856771 0.429616 0.856120 0.429616 0.855469 0.429616 0.854818 0.428702 0.854167 0.429616 0.853516 0.428702 0.852865 0.429616 0.852214 0.429616 0.851562 0.429616 0.850911 0.429616 0.850260 0.428702 0.849609 0.428702 0.848958 0.427788 0.848307 0.426874 0.848307 0.425960 0.848307 0.425046 0.848958 0.424132 0.849609 0.423218 0.850260 0.422303 0.850911 0.423218 0.851562 0.423218 0.852214 0.423218 0.852865 0.424132 0.853516 0.424132 0.854167 0.424132 0.854818 0.424132 0.855469 0.425046 0.856120 0.425046 0.856771 0.424132 0.857422 0.424132 0.858073 0.423218 0.858073 0.422303 0.857422 0.421389 0.857422 0.420475 0.857422 0.419561 0.857422 0.418647 0.857422 0.417733 0.856771 0.417733 0.856120 0.417733 0.855469 0.417733 0.854818 0.416819 0.854167 0.417733 0.853516 0.416819 0.852865 0.415905 0.853516 0.414991 0.853516 0.414077 0.853516 0.413163 0.854167 0.412249 0.854818 0.411335 0.854167 0.410420 0.854818 0.409506 0.854818 0.408592 0.855469 0.407678 0.855469 0.406764 0.855469 0.405850 0.855469 0.404936 0.855469 0.404022 0.855469 0.403108 0.855469 0.402194 0.856120 0.401280 0.856120 0.400366 0.856771 0.399452 0.857422 0.398537 0.858073 0.397623 0.858724 0.397623 0.859375 0.397623 0.860026 0.397623 0.860677 0.396709 0.861328 0.395795 0.861979 0.395795 0.862630 0.394881 0.863281 0.393967 0.863932 0.393053 0.864583 0.392139 0.865234 0.392139 0.865885 0.391225 0.866536 0.391225 0.867188 0.391225 0.867839 0.390311 0.868490 0.389397 0.868490 0.388483 0.868490 0.387569 0.868490 0.386654 0.867839 0.385740 0.867188 0.384826 0.867188 0.383912 0.867839 0.382998 0.868490 0.382084 0.869141 0.381170 0.869792 0.381170 0.869792 0.380256 0.869792 0.379342 0.869792 0.378428 0.869141 0.377514 0.869792 0.376600 0.870443 0.375686 0.871094 0.374771 0.871745 0.373857 0.872396 0.372943 0.872396 0.372029 0.872396 0.371115 0.872396 0.370201 0.872396 0.369287 0.872396 0.368373 0.872396 0.367459 0.871745 0.366545 0.871745 0.365631 0.871094 0.365631 0.870443 0.365631 0.869792 0.365631 0.869141 0.365631 0.868490 0.365631 0.867839 0.366545 0.867188 0.367459 0.866536 0.368373 0.865885 0.368373 0.865234 0.368373 0.864583 0.367459 0.863932 0.366545 0.863281 0.365631 0.862630 0.364717 0.863281 0.363803 0.863932 0.362888 0.863932 0.361974 0.864583 0.361060 0.864583 0.360146 0.864583 0.359232 0.865234 0.358318 0.865885 0.357404 0.865885 0.356490 0.865885 0.355576 0.865885 0.354662 0.865885 0.353748 0.865885 0.352834 0.865234 0.351920 0.864583 0.351005 0.863932 0.351005 0.863281 0.350091 0.862630 0.350091 0.861979 0.349177 0.861328 0.348263 0.860677 0.348263
0 0.787109 0.341865 0.786458 0.342779 0.785807 0.342779 0.785156 0.343693 0.785156 0.344607 0.785156 0.345521 0.784505 0.346435 0.784505 0.347349 0.784505 0.348263 0.783854 0.349177 0.783854 0.350091 0.783854 0.351005 0.784505 0.351920 0.784505 0.352834 0.785156 0.353748 0.785807 0.354662 0.785807 0.355576 0.786458 0.356490 0.787109 0.357404 0.786458 0.358318 0.787109 0.359232 0.787109 0.360146 0.787760 0.361060 0.788411 0.361974 0.788411 0.362888 0.788411 0.363803 0.788411 0.364717 0.789062 0.365631 0.789062 0.366545 0.789062 0.367459 0.789062 0.368373 0.789714 0.369287 0.789714 0.370201 0.789714 0.371115 0.789714 0.372029 0.790365 0.372943 0.790365 0.373857 0.789714 0.374771 0.789714 0.375686 0.789714 0.376600 0.789714 0.377514 0.789714 0.378428 0.789714 0.379342 0.789714 0.380256 0.789714 0.381170 0.789714 0.382084 0.789062 0.382998 0.789714 0.383912 0.789714 0.384826 0.790365 0.385740 0.790365 0.386654 0.791016 0.387569 0.791016 0.388483 0.791016 0.389397 0.791667 0.390311 0.791667 0.391225 0.792318 0.392139 0.792969 0.393053 0.792969 0.393967 0.792969 0.394881 0.792969 0.395795 0.792969 0.396709 0.793620 0.397623 0.793620 0.398537 0.793620 0.399452 0.794271 0.400366 0.793620 0.401280 0.794271 0.402194 0.794922 0.403108 0.794922 0.404022 0.794922 0.404936 0.795573 0.405850 0.794922 0.406764 0.795573 0.406764 0.796224 0.407678 0.796875 0.408592 0.796224 0.409506 0.796875 0.410420 0.797526 0.411335 0.798177 0.412249 0.797526 0.413163 0.797526 0.414077 0.797526 0.414991 0.797526 0.415905 0.796875 0.416819 0.797526 0.417733 0.798177 0.418647 0.798177 0.419561 0.797526 0.420475 0.798177 0.421389 0.797526 0.422303 0.798177 0.423218 0.798177 0.424132 0.798828 0.425046 0.798828 0.425960 0.798828 0.426874 0.798828 0.427788 0.798828 0.428702 0.798828 0.429616 0.798177 0.430530 0.798177 0.431444 0.798828 0.432358 0.798177 0.433272 0.798177 0.434186 0.798177 0.435101 0.798828 0.436015 0.798177 0.436929 0.798828 0.436929 0.799479 0.437843 0.800130 0.438757 0.800781 0.439671 0.800781 0.440585 0.801432 0.441499 0.800781 0.442413 0.801432 0.443327 0.801432 0.444241 0.800781 0.445155 0.800781 0.446069 0.800130 0.446984 0.799479 0.447898 0.798828 0.447898 0.798177 0.447898 0.798177 0.448812 0.798177 0.449726 0.798828 0.449726 0.799479 0.450640 0.800130 0.451554 0.800781 0.452468 0.801432 0.453382 0.802083 0.454296 0.802083 0.455210 0.802734 0.456124 0.802734 0.457038 0.802734 0.457952 0.803385 0.458867 0.803385 0.459781 0.803385 0.460695 0.803385 0.461609 0.804036 0.462523 0.804036 0.463437 0.804688 0.464351 0.804688 0.465265 0.804688 0.466179 0.804688 0.467093 0.804688 0.468007 0.804688 0.468921 0.804036 0.469835 0.803385 0.470750 0.802734 0.469835 0.802083 0.470750 0.801432 0.470750 0.800781 0.470750 0.800130 0.470750 0.799479 0.471664 0.798828 0.471664 0.798177 0.470750 0.797526 0.469835 0.798177 0.468921 0.797526 0.468007 0.796875 0.467093 0.796875 0.466179 0.796875 0.465265 0.796875 0.464351 0.796875 0.463437 0.796224 0.462523 0.796224 0.461609 0.795573 0.461609 0.794922 0.460695 0.794271 0.459781 0.793620 0.459781 0.792969 0.458867 0.792318 0.457952 0.791667 0.457038 0.791667 0.456124 0.791016 0.455210 0.790365 0.455210 0.789714 0.455210 0.789062 0.454296 0.788411 0.454296 0.787760 0.453382 0.787109 0.453382 0.786458 0.453382 0.785807 0.453382 0.785156 0.453382 0.784505 0.454296 0.784505 0.455210 0.783854 0.456124 0.783203 0.457038 0.782552 0.457952 0.782552 0.458867 0.782552 0.459781 0.782552 0.460695 0.782552 0.461609 0.783203 0.462523 0.783203 0.463437 0.782552 0.464351 0.782552 0.465265 0.782552 0.466179 0.783203 0.467093 0.783854 0.468007 0.784505 0.468007 0.785156 0.468007 0.785807 0.468007 0.786458 0.467093 0.787109 0.467093 0.787760 0.467093 0.788411 0.468007 0.789062 0.467093 0.789714 0.467093 0.790365 0.467093 0.791016 0.467093 0.791667 0.468007 0.792318 0.468921 0.792318 0.469835 0.792318 0.470750 0.792318 0.471664 0.792318 0.472578 0.792318 0.473492 0.792969 0.474406 0.793620 0.475320 0.794271 0.475320 0.794922 0.474406 0.795573 0.473492 0.796224 0.472578 0.796875 0.471664 0.797526 0.471664 0.798177 0.470750 0.798828 0.471664 0.799479 0.472578 0.799479 0.473492 0.799479 0.474406 0.798828 0.475320 0.799479 0.476234 0.800130 0.477148 0.800130 0.478062 0.800781 0.478976 0.801432 0.479890 0.802083 0.480804 0.802734 0.481718 0.803385 0.482633 0.804036 0.483547 0.804036 0.484461 0.804688 0.485375 0.805339 0.486289 0.805990 0.487203 0.805990 0.488117 0.805990 0.489031 0.806641 0.489945 0.806641 0.490859 0.807292 0.491773 0.807292 0.492687 0.807943 0.493601 0.807943 0.494516 0.808594 0.495430 0.808594 0.496344 0.809245 0.497258 0.809245 0.498172 0.808594 0.499086 0.807943 0.500000 0.807292 0.499086 0.806641 0.500000 0.805990 0.500000 0.805339 0.499086 0.805339 0.500000 0.804688 0.500914 0.805339 0.501828 0.805339 0.502742 0.805990 0.503656 0.806641 0.504570 0.807292 0.505484 0.806641 0.506399 0.805990 0.507313 0.805339 0.507313 0.804688 0.506399 0.804036 0.506399 0.803385 0.506399 0.802734 0.506399 0.802083 0.507313 0.801432 0.507313 0.801432 0.508227 0.801432 0.509141 0.801432 0.510055 0.801432 0.510969 0.802083 0.511883 0.802734 0.512797 0.803385 0.512797 0.804036 0.512797 0.804688 0.513711 0.805339 0.512797 0.805990 0.512797 0.806641 0.511883 0.806641 0.510969 0.807292 0.510055 0.806641 0.509141 0.806641 0.508227 0.805990 0.507313 0.806641 0.506399 0.807292 0.505484 0.807943 0.504570 0.808594 0.505484 0.809245 0.506399 0.809896 0.507313 0.809896 0.508227 0.810547 0.507313 0.811198 0.507313 0.811849 0.506399 0.812500 0.506399 0.813151 0.505484 0.813802 0.504570 0.814453 0.503656 0.815104 0.503656 0.815755 0.502742 0.815755 0.501828 0.815755 0.500914 0.815755 0.500000 0.815755 0.499086 0.815755 0.498172 0.815755 0.497258 0.816406 0.496344 0.815755 0.495430 0.816406 0.494516 0.817057 0.493601 0.817057 0.492687 0.817057 0.491773 0.817057 0.490859 0.816406 0.489945 0.817057 0.489031 0.817057 0.488117 0.816406 0.487203 0.816406 0.486289 0.815755 0.485375 0.815755 0.484461 0.815755 0.483547 0.816406 0.482633 0.816406 0.481718 0.816406 0.480804 0.816406 0.479890 0.816406 0.478976 0.815755 0.478062 0.815755 0.477148 0.816406 0.476234 0.815755 0.475320 0.815104 0.474406 0.815104 0.473492 0.815104 0.472578 0.815104 0.471664 0.814453 0.470750 0.814453 0.469835 0.814453 0.468921 0.813802 0.468007 0.813802 0.467093 0.813151 0.468007 0.812500 0.468007 0.811849 0.468921 0.811198 0.468921 0.810547 0.468007 0.809896 0.468921 0.809245 0.468007 0.808594 0.467093 0.807943 0.466179 0.807943 0.465265 0.807943 0.464351 0.807943 0.463437 0.807943 0.462523 0.807943 0.461609 0.807943 0.460695 0.807943 0.459781 0.807943 0.458867 0.807943 0.457952 0.807943 0.457038 0.807943 0.456124 0.807943 0.455210 0.807943 0.454296 0.807943 0.453382 0.807943 0.452468 0.807943 0.451554 0.807943 0.450640 0.807943 0.449726 0.807943 0.448812 0.807943 0.447898 0.807943 0.446984 0.808594 0.446069 0.807943 0.445155 0.807292 0.444241 0.806641 0.443327 0.805990 0.442413 0.806641 0.441499 0.807292 0.440585 0.807943 0.439671 0.808594 0.439671 0.809245 0.439671 0.809896 0.438757 0.810547 0.438757 0.811198 0.437843 0.811849 0.437843 0.812500 0.437843 0.813151 0.437843 0.813802 0.437843 0.814453 0.436929 0.815104 0.436015 0.815755 0.435101 0.815104 0.434186 0.815755 0.433272 0.815104 0.433272 0.814453 0.432358 0.813802 0.432358 0.813151 0.432358 0.812500 0.432358 0.811849 0.432358 0.811198 0.433272 0.810547 0.434186 0.809896 0.435101 0.809245 0.435101 0.808594 0.435101 0.807943 0.435101 0.807292 0.435101 0.806641 0.435101 0.805990 0.435101 0.805339 0.435101 0.804688 0.435101 0.804036 0.434186 0.803385 0.433272 0.802734 0.432358 0.803385 0.431444 0.803385 0.430530 0.803385 0.429616 0.803385 0.428702 0.804036 0.427788 0.804688 0.426874 0.804036 0.425960 0.804688 0.425046 0.804688 0.424132 0.804036 0.423218 0.803385 0.422303 0.804036 0.421389 0.803385 0.420475 0.802734 0.419561 0.802083 0.418647 0.802083 0.417733 0.801432 0.416819 0.802083 0.415905 0.801432 0.414991 0.802083 0.414077 0.802734 0.413163 0.802734 0.412249 0.802083 0.411335 0.802083 0.410420 0.802083 0.409506 0.802083 0.408592 0.801432 0.407678 0.801432 0.406764 0.801432 0.405850 0.802083 0.404936 0.802083 0.404022 0.801432 0.403108 0.801432 0.402194 0.801432 0.401280 0.801432 0.400366 0.802083 0.399452 0.802083 0.398537 0.802734 0.397623 0.803385 0.396709 0.804036 0.396709 0.804688 0.395795 0.805339 0.395795 0.805990 0.395795 0.806641 0.395795 0.807292 0.395795 0.807943 0.396709 0.808594 0.397623 0.807943 0.398537 0.808594 0.399452 0.808594 0.400366 0.809245 0.401280 0.809896 0.400366 0.810547 0.400366 0.810547 0.399452 0.810547 0.398537 0.810547 0.397623 0.810547 0.396709 0.809896 0.395795 0.809896 0.394881 0.809896 0.393967 0.809245 0.393053 0.809245 0.392139 0.809896 0.391225 0.810547 0.390311 0.811198 0.389397 0.811849 0.388483 0.812500 0.388483 0.813151 0.387569 0.813802 0.386654 0.813802 0.385740 0.814453 0.384826 0.815104 0.383912 0.815755 0.382998 0.816406 0.382084 0.817057 0.382084 0.817708 0.382998 0.818359 0.383912 0.819010 0.384826 0.819661 0.385740 0.819661 0.386654 0.819661 0.387569 0.820312 0.387569 0.820964 0.387569 0.821615 0.388483 0.821615 0.387569 0.822266 0.386654 0.822266 0.385740 0.821615 0.384826 0.822266 0.383912 0.821615 0.383912 0.820964 0.382998 0.820312 0.382084 0.820312 0.381170 0.819661 0.380256 0.819661 0.379342 0.820312 0.378428 0.820964 0.377514 0.821615 0.376600 0.822266 0.376600 0.822917 0.376600 0.823568 0.376600 0.824219 0.376600 0.824870 0.376600 0.825521 0.375686 0.826172 0.376600 0.826172 0.375686 0.826172 0.374771 0.826172 0.373857 0.826172 0.372943 0.825521 0.372029 0.825521 0.371115 0.825521 0.370201 0.826172 0.369287 0.826823 0.368373 0.827474 0.367459 0.828125 0.367459 0.828776 0.368373 0.829427 0.368373 0.830078 0.367459 0.830729 0.367459 0.831380 0.366545 0.832031 0.365631 0.832682 0.364717 0.832682 0.363803 0.833333 0.362888 0.833333 0.361974 0.833333 0.361060 0.833333 0.360146 0.833333 0.359232 0.832682 0.358318 0.832682 0.357404 0.832031 0.356490 0.831380 0.356490 0.830729 0.355576 0.830078 0.354662 0.829427 0.353748 0.828776 0.352834 0.828125 0.351920 0.828776 0.351005 0.828125 0.350091 0.828125 0.349177 0.827474 0.348263 0.826823 0.348263 0.826172 0.348263 0.825521 0.349177 0.825521 0.350091 0.824870 0.351005 0.824870 0.351920 0.824219 0.352834 0.824219 0.353748 0.823568 0.354662 0.822917 0.355576 0.822917 0.356490 0.822917 0.357404 0.822266 0.358318 0.822266 0.359232 0.822266 0.360146 0.821615 0.361060 0.820964 0.361974 0.820312 0.362888 0.819661 0.363803 0.819661 0.364717 0.819661 0.365631 0.819661 0.366545 0.819010 0.367459 0.818359 0.368373 0.817708 0.369287 0.817708 0.370201 0.817057 0.371115 0.817057 0.372029 0.817057 0.372943 0.816406 0.373857 0.816406 0.374771 0.815755 0.375686 0.815104 0.376600 0.814453 0.375686 0.813802 0.374771 0.813802 0.373857 0.814453 0.372943 0.813802 0.372029 0.813802 0.371115 0.813802 0.370201 0.813802 0.369287 0.813802 0.368373 0.813151 0.367459 0.812500 0.367459 0.811849 0.368373 0.811198 0.367459 0.810547 0.368373 0.810547 0.369287 0.810547 0.370201 0.810547 0.371115 0.810547 0.372029 0.810547 0.372943 0.810547 0.373857 0.811198 0.374771 0.811198 0.375686 0.811198 0.376600 0.811198 0.377514 0.811198 0.378428 0.811198 0.379342 0.810547 0.380256 0.810547 0.381170 0.809896 0.382084 0.809245 0.382998 0.808594 0.383912 0.807943 0.384826 0.807943 0.385740 0.807292 0.386654 0.806641 0.387569 0.806641 0.388483 0.805990 0.389397 0.805339 0.390311 0.804688 0.391225 0.804688 0.392139 0.804688 0.393053 0.804036 0.393967 0.803385 0.394881 0.802734 0.394881 0.802083 0.393967 0.801432 0.394881 0.800781 0.393967 0.800130 0.393053 0.799479 0.392139 0.799479 0.391225 0.799479 0.390311 0.799479 0.389397 0.798828 0.388483 0.798828 0.387569 0.798177 0.386654 0.797526 0.385740 0.797526 0.384826 0.796875 0.383912 0.797526 0.382998 0.797526 0.382084 0.798177 0.381170 0.798828 0.380256 0.799479 0.380256 0.800130 0.380256 0.800781 0.380256 0.801432 0.379342 0.802083 0.378428 0.801432 0.377514 0.801432 0.376600 0.800781 0.377514 0.800130 0.377514 0.799479 0.376600 0.798828 0.375686 0.798177 0.374771 0.798177 0.373857 0.797526 0.373857 0.796875 0.372943 0.796224 0.372029 0.795573 0.371115 0.794922 0.370201 0.794922 0.369287 0.794922 0.368373 0.794922 0.367459 0.794271 0.366545 0.794271 0.365631 0.794271 0.364717 0.794271 0.363803 0.793620 0.362888 0.793620 0.361974 0.793620 0.361060 0.792969 0.360146 0.792969 0.359232 0.792969 0.358318 0.792969 0.357404 0.792969 0.356490 0.792969 0.355576 0.792969 0.354662 0.792318 0.353748 0.792318 0.352834 0.792318 0.351920 0.792318 0.351005 0.791667 0.350091 0.791667 0.349177 0.791016 0.348263 0.791016 0.347349 0.790365 0.346435 0.790365 0.345521 0.790365 0.344607 0.789714 0.343693 0.789062 0.343693 0.788411 0.342779 0.787760 0.342779
0 0.813802 0.336380 0.813151 0.337294 0.812500 0.338208 0.812500 0.339122 0.811849 0.340037 0.811198 0.340951 0.810547 0.340951 0.810547 0.341865 0.811198 0.342779 0.810547 0.343693 0.810547 0.344607 0.810547 0.345521 0.810547 0.346435 0.809896 0.347349 0.809245 0.348263 0.808594 0.349177 0.808594 0.350091 0.807943 0.351005 0.807943 0.351920 0.807292 0.352834 0.806641 0.353748 0.805990 0.353748 0.805339 0.354662 0.804688 0.353748 0.804036 0.353748 0.803385 0.353748 0.802734 0.354662 0.802083 0.354662 0.802083 0.355576 0.802083 0.356490 0.801432 0.357404 0.801432 0.358318 0.801432 0.359232 0.800781 0.360146 0.801432 0.361060 0.801432 0.361974 0.800781 0.362888 0.800781 0.363803 0.800130 0.364717 0.800130 0.365631 0.800130 0.366545 0.800781 0.367459 0.801432 0.368373 0.802083 0.367459 0.802734 0.366545 0.803385 0.366545 0.804036 0.365631 0.804036 0.364717 0.804688 0.363803 0.804688 0.362888 0.804036 0.361974 0.803385 0.361060 0.803385 0.360146 0.804036 0.359232 0.804688 0.358318 0.805339 0.357404 0.805990 0.356490 0.806641 0.356490 0.807292 0.357404 0.807943 0.357404 0.808594 0.357404 0.809245 0.357404 0.809896 0.358318 0.810547 0.358318 0.811198 0.358318 0.811849 0.358318 0.812500 0.358318 0.812500 0.357404 0.813151 0.356490 0.813151 0.355576 0.813151 0.354662 0.813151 0.353748 0.813151 0.352834 0.813151 0.351920 0.813802 0.351005 0.813802 0.350091 0.813802 0.349177 0.814453 0.348263 0.813802 0.347349 0.814453 0.346435 0.814453 0.345521 0.815104 0.344607 0.815755 0.343693 0.816406 0.343693 0.817057 0.344607 0.817708 0.344607 0.818359 0.344607 0.819010 0.344607 0.819661 0.344607 0.820312 0.343693 0.820312 0.342779 0.820964 0.341865 0.820312 0.340951 0.820964 0.340037 0.820312 0.339122 0.820312 0.338208 0.819661 0.338208 0.819010 0.337294 0.818359 0.337294 0.817708 0.337294 0.817057 0.338208 0.816406 0.337294 0.815755 0.337294 0.815104 0.336380 0.814453 0.336380
0 0.787760 0.325411 0.787109 0.326325 0.787109 0.327239 0.787109 0.328154 0.787109 0.329068 0.787760 0.329982 0.787760 0.330896 0.787760 0.331810 0.788411 0.332724 0.788411 0.333638 0.789062 0.334552 0.789714 0.335466 0.789714 0.336380 0.790365 0.336380 0.791016 0.337294 0.791667 0.338208 0.792318 0.339122 0.792969 0.339122 0.793620 0.340037 0.794271 0.340951 0.794271 0.341865 0.794922 0.342779 0.795573 0.343693 0.796224 0.343693 0.796875 0.343693 0.797526 0.344607 0.798177 0.345521 0.798828 0.346435 0.799479 0.347349 0.800130 0.346435 0.800781 0.347349 0.800781 0.346435 0.800130 0.345521 0.799479 0.345521 0.798828 0.344607 0.798177 0.343693 0.797526 0.342779 0.797526 0.341865 0.796875 0.340951 0.797526 0.340037 0.797526 0.339122 0.796875 0.338208 0.796875 0.337294 0.796875 0.336380 0.796224 0.335466 0.795573 0.334552 0.794922 0.333638 0.794271 0.332724 0.793620 0.331810 0.792969 0.330896 0.792318 0.329982 0.791667 0.329068 0.791016 0.328154 0.790365 0.327239 0.790365 0.326325 0.789714 0.325411 0.789062 0.325411 0.788411 0.325411
0 0.757812 0.319927 0.757161 0.320841 0.756510 0.321755 0.755859 0.321755 0.756510 0.322669 0.755859 0.323583 0.755208 0.324497 0.755208 0.325411 0.755859 0.326325 0.755859 0.327239 0.755859 0.328154 0.755859 0.329068 0.755208 0.329982 0.754557 0.330896 0.754557 0.331810 0.755208 0.332724 0.754557 0.333638 0.755208 0.334552 0.755208 0.335466 0.755208 0.336380 0.755859 0.337294 0.756510 0.338208 0.757161 0.339122 0.757812 0.339122 0.758464 0.340037 0.759115 0.340951 0.759766 0.341865 0.760417 0.342779 0.761068 0.343693 0.760417 0.344607 0.759766 0.345521 0.759115 0.346435 0.758464 0.345521 0.757812 0.345521 0.757161 0.346435 0.756510 0.346435 0.755859 0.346435 0.755859 0.347349 0.755859 0.348263 0.755859 0.349177 0.756510 0.350091 0.757161 0.350091 0.757812 0.350091 0.758464 0.350091 0.759115 0.349177 0.759766 0.348263 0.760417 0.347349 0.761068 0.347349 0.761719 0.347349 0.762370 0.348263 0.763021 0.349177 0.762370 0.350091 0.761719 0.351005 0.761719 0.351920 0.761068 0.352834 0.760417 0.353748 0.760417 0.354662 0.759766 0.355576 0.760417 0.356490 0.760417 0.357404 0.761068 0.357404 0.761719 0.358318 0.762370 0.357404 0.763021 0.356490 0.763672 0.356490 0.764323 0.356490 0.764974 0.355576 0.765625 0.355576 0.766276 0.355576 0.766927 0.355576 0.767578 0.355576 0.768229 0.354662 0.768880 0.354662 0.769531 0.354662 0.770182 0.353748 0.770833 0.353748 0.771484 0.354662 0.772135 0.355576 0.772786 0.356490 0.772786 0.357404 0.772135 0.358318 0.771484 0.359232 0.770833 0.360146 0.770182 0.361060 0.769531 0.361060 0.769531 0.361974 0.768880 0.362888 0.768880 0.363803 0.769531 0.364717 0.770182 0.364717 0.770833 0.363803 0.771484 0.363803 0.772135 0.363803 0.772786 0.364717 0.773438 0.363803 0.774089 0.364717 0.774740 0.365631 0.775391 0.365631 0.776042 0.366545 0.776693 0.366545 0.777344 0.365631 0.777995 0.365631 0.778646 0.365631 0.779297 0.366545 0.779948 0.367459 0.779948 0.368373 0.780599 0.369287 0.781250 0.369287 0.781901 0.369287 0.782552 0.368373 0.782552 0.367459 0.782552 0.366545 0.782552 0.365631 0.782552 0.364717 0.782552 0.363803 0.781901 0.362888 0.781250 0.361974 0.781250 0.361060 0.780599 0.361060 0.779948 0.361060 0.779297 0.361060 0.778646 0.360146 0.777995 0.359232 0.777995 0.358318 0.777995 0.357404 0.777995 0.356490 0.778646 0.355576 0.777995 0.354662 0.778646 0.353748 0.777995 0.352834 0.777995 0.351920 0.777995 0.351005 0.777344 0.350091 0.777344 0.349177 0.776693 0.349177 0.776042 0.350091 0.775391 0.350091 0.774740 0.350091 0.774089 0.350091 0.773438 0.351005 0.772786 0.351920 0.772135 0.351005 0.771484 0.350091 0.771484 0.349177 0.771484 0.348263 0.772135 0.347349 0.772786 0.346435 0.772786 0.345521 0.773438 0.344607 0.773438 0.343693 0.774089 0.342779 0.774089 0.341865 0.774089 0.340951 0.773438 0.340037 0.773438 0.339122 0.773438 0.338208 0.773438 0.337294 0.772786 0.337294 0.772135 0.336380 0.771484 0.336380 0.770833 0.336380 0.770182 0.337294 0.769531 0.336380 0.768880 0.335466 0.768880 0.334552 0.768880 0.333638 0.768880 0.332724 0.768880 0.331810 0.768229 0.330896 0.768229 0.329982 0.767578 0.329068 0.766927 0.329068 0.766276 0.328154 0.765625 0.327239 0.765625 0.326325 0.764974 0.326325 0.764323 0.325411 0.763672 0.324497 0.763021 0.323583 0.763021 0.322669 0.762370 0.322669 0.761719 0.321755 0.761068 0.320841 0.760417 0.320841 0.759766 0.319927 0.759115 0.319927 0.758464 0.319927
0 0.442708 0.319013 0.442057 0.319927 0.441406 0.320841 0.440755 0.320841 0.440755 0.321755 0.440104 0.322669 0.439453 0.323583 0.438802 0.323583 0.438802 0.324497 0.438802 0.325411 0.438151 0.326325 0.437500 0.327239 0.437500 0.328154 0.436849 0.329068 0.436198 0.329982 0.435547 0.330896 0.434896 0.330896 0.435547 0.331810 0.434896 0.332724 0.434896 0.333638 0.434245 0.334552 0.433594 0.335466 0.432943 0.335466 0.432292 0.334552 0.431641 0.333638 0.430990 0.332724 0.431641 0.331810 0.432292 0.330896 0.432292 0.329982 0.431641 0.329068 0.432292 0.328154 0.432292 0.327239 0.432292 0.326325 0.431641 0.325411 0.430990 0.325411 0.430339 0.326325 0.429688 0.326325 0.429688 0.327239 0.429688 0.328154 0.429688 0.329068 0.429688 0.329982 0.430339 0.330896 0.430339 0.331810 0.430990 0.332724 0.431641 0.333638 0.430990 0.334552 0.430339 0.335466 0.430339 0.336380 0.430339 0.337294 0.430339 0.338208 0.429688 0.339122 0.430339 0.340037 0.429688 0.340951 0.429688 0.341865 0.429688 0.342779 0.429036 0.343693 0.428385 0.344607 0.427734 0.345521 0.427083 0.345521 0.426432 0.346435 0.425781 0.347349 0.425130 0.347349 0.424479 0.347349 0.423828 0.348263 0.423177 0.347349 0.422526 0.348263 0.422526 0.349177 0.421875 0.350091 0.421224 0.351005 0.420573 0.351005 0.419922 0.351920 0.419271 0.351920 0.418620 0.351005 0.417969 0.350091 0.417318 0.349177 0.416667 0.349177 0.416016 0.349177 0.415365 0.348263 0.416016 0.349177 0.416016 0.350091 0.416016 0.351005 0.416016 0.351920 0.416667 0.352834 0.417318 0.353748 0.417318 0.354662 0.417969 0.355576 0.417969 0.356490 0.417969 0.357404 0.417318 0.358318 0.416667 0.359232 0.416016 0.360146 0.415365 0.361060 0.414714 0.360146 0.414062 0.361060 0.413411 0.361060 0.412760 0.361060 0.412109 0.361060 0.411458 0.360146 0.410807 0.359232 0.410807 0.358318 0.410807 0.357404 0.410807 0.356490 0.410807 0.355576 0.410807 0.354662 0.411458 0.353748 0.411458 0.352834 0.410807 0.351920 0.411458 0.351005 0.411458 0.350091 0.411458 0.349177 0.411458 0.348263 0.411458 0.347349 0.410807 0.346435 0.410807 0.345521 0.410156 0.344607 0.410156 0.343693 0.410156 0.342779 0.409505 0.341865 0.409505 0.340951 0.408854 0.341865 0.408203 0.341865 0.408203 0.342779 0.408203 0.343693 0.407552 0.344607 0.407552 0.345521 0.407552 0.346435 0.407552 0.347349 0.407552 0.348263 0.406901 0.349177 0.407552 0.350091 0.407552 0.351005 0.407552 0.351920 0.408203 0.352834 0.408203 0.353748 0.408203 0.354662 0.408203 0.355576 0.407552 0.356490 0.407552 0.357404 0.407552 0.358318 0.407552 0.359232 0.406901 0.360146 0.407552 0.361060 0.406901 0.361974 0.407552 0.361974 0.408203 0.362888 0.408854 0.363803 0.409505 0.362888 0.410156 0.361974 0.410807 0.362888 0.411458 0.363803 0.411458 0.364717 0.410807 0.365631 0.410807 0.366545 0.410807 0.367459 0.410807 0.368373 0.410156 0.369287 0.409505 0.370201 0.409505 0.371115 0.408854 0.372029 0.408203 0.372943 0.407552 0.373857 0.406901 0.374771 0.406250 0.374771 0.405599 0.374771 0.404948 0.375686 0.404297 0.374771 0.403646 0.374771 0.402995 0.374771 0.402344 0.374771 0.401693 0.373857 0.401042 0.372943 0.400391 0.372029 0.399740 0.371115 0.399089 0.370201 0.398438 0.370201 0.397786 0.369287 0.397786 0.368373 0.397786 0.367459 0.397786 0.366545 0.397786 0.365631 0.397135 0.364717 0.397135 0.363803 0.397135 0.362888 0.396484 0.361974 0.396484 0.361060 0.396484 0.360146 0.397135 0.359232 0.397135 0.358318 0.397135 0.357404 0.397786 0.356490 0.397786 0.355576 0.398438 0.354662 0.398438 0.353748 0.399089 0.352834 0.398438 0.351920 0.397786 0.351005 0.397135 0.351005 0.396484 0.350091 0.395833 0.349177 0.395182 0.348263 0.394531 0.347349 0.393880 0.348263 0.393229 0.347349 0.392578 0.347349 0.391927 0.348263 0.391276 0.349177 0.390625 0.349177 0.389974 0.349177 0.389323 0.348263 0.388672 0.347349 0.388021 0.346435 0.388021 0.345521 0.387370 0.344607 0.386719 0.344607 0.386068 0.343693 0.385417 0.343693 0.384766 0.343693 0.384115 0.343693 0.384115 0.344607 0.384115 0.345521 0.384115 0.346435 0.383464 0.347349 0.382812 0.348263 0.383464 0.349177 0.383464 0.350091 0.384115 0.350091 0.384766 0.350091 0.385417 0.350091 0.386068 0.350091 0.386719 0.350091 0.387370 0.350091 0.388021 0.350091 0.388672 0.349177 0.389323 0.350091 0.389974 0.351005 0.390625 0.351920 0.391276 0.352834 0.391927 0.353748 0.392578 0.354662 0.393229 0.355576 0.393880 0.356490 0.394531 0.357404 0.394531 0.358318 0.395182 0.359232 0.394531 0.360146 0.395182 0.361060 0.395182 0.361974 0.395182 0.362888 0.395182 0.363803 0.395182 0.364717 0.395182 0.365631 0.395833 0.366545 0.396484 0.367459 0.396484 0.368373 0.397135 0.368373 0.397786 0.369287 0.398438 0.370201 0.398438 0.371115 0.397786 0.372029 0.397786 0.372943 0.398438 0.373857 0.398438 0.374771 0.397786 0.375686 0.397786 0.376600 0.397135 0.377514 0.397135 0.378428 0.397135 0.379342 0.397135 0.380256 0.397786 0.381170 0.397786 0.382084 0.397786 0.382998 0.398438 0.383912 0.399089 0.384826 0.399089 0.385740 0.399740 0.385740 0.400391 0.386654 0.401042 0.386654 0.401693 0.386654 0.402344 0.385740 0.402995 0.385740 0.402995 0.384826 0.403646 0.383912 0.403646 0.382998 0.403646 0.382084 0.404297 0.381170 0.404948 0.380256 0.405599 0.379342 0.406250 0.378428 0.406901 0.377514 0.407552 0.376600 0.408203 0.375686 0.408854 0.374771 0.409505 0.373857 0.410156 0.373857 0.410807 0.373857 0.411458 0.372943 0.412109 0.372943 0.412760 0.372029 0.413411 0.371115 0.414062 0.370201 0.414714 0.369287 0.415365 0.368373 0.416016 0.368373 0.416667 0.367459 0.417318 0.367459 0.417969 0.366545 0.418620 0.366545 0.418620 0.365631 0.419271 0.364717 0.419922 0.363803 0.420573 0.363803 0.421224 0.362888 0.421875 0.362888 0.422526 0.362888 0.423177 0.361974 0.423828 0.361060 0.423828 0.360146 0.423828 0.359232 0.423828 0.358318 0.424479 0.357404 0.425130 0.356490 0.425130 0.355576 0.425781 0.354662 0.426432 0.353748 0.427083 0.353748 0.427734 0.353748 0.428385 0.354662 0.429036 0.354662 0.429688 0.354662 0.430339 0.353748 0.430990 0.353748 0.431641 0.353748 0.430990 0.352834 0.430990 0.351920 0.431641 0.351005 0.432292 0.350091 0.432943 0.351005 0.433594 0.351920 0.434245 0.351920 0.434896 0.352834 0.435547 0.351920 0.436198 0.351920 0.436849 0.352834 0.437500 0.353748 0.438151 0.354662 0.438802 0.354662 0.439453 0.354662 0.440104 0.354662 0.440755 0.355576 0.441406 0.355576 0.442057 0.355576 0.442708 0.355576 0.443359 0.355576 0.444010 0.355576 0.444661 0.354662 0.444661 0.353748 0.444661 0.352834 0.444010 0.351920 0.443359 0.351005 0.443359 0.350091 0.444010 0.349177 0.444010 0.348263 0.444661 0.347349 0.445312 0.346435 0.445964 0.345521 0.446615 0.344607 0.447266 0.344607 0.447917 0.343693 0.447917 0.342779 0.448568 0.341865 0.447917 0.340951 0.447266 0.340951 0.446615 0.340951 0.445964 0.341865 0.445312 0.340951 0.444661 0.340951 0.444010 0.340951 0.443359 0.340951 0.442708 0.341865 0.442708 0.342779 0.442057 0.343693 0.441406 0.344607 0.440755 0.344607 0.440104 0.344607 0.439453 0.344607 0.438802 0.345521 0.438151 0.344607 0.437500 0.344607 0.436849 0.344607 0.436198 0.344607 0.435547 0.344607 0.434896 0.344607 0.434245 0.344607 0.433594 0.344607 0.432943 0.343693 0.432292 0.342779 0.432943 0.341865 0.433594 0.340951 0.434245 0.340037 0.434896 0.340037 0.435547 0.340037 0.434896 0.339122 0.434896 0.338208 0.435547 0.337294 0.435547 0.336380 0.436198 0.335466 0.436849 0.334552 0.437500 0.334552 0.438151 0.334552 0.438802 0.334552 0.439453 0.334552 0.440104 0.334552 0.440755 0.333638 0.441406 0.333638 0.442057 0.333638 0.442708 0.332724 0.443359 0.332724 0.444010 0.332724 0.444661 0.331810 0.445312 0.332724 0.445964 0.333638 0.446615 0.333638 0.447266 0.334552 0.447917 0.334552 0.448568 0.334552 0.449219 0.335466 0.449870 0.334552 0.450521 0.334552 0.451172 0.334552 0.451823 0.334552 0.452474 0.333638 0.453125 0.333638 0.453125 0.332724 0.453125 0.331810 0.453125 0.330896 0.453125 0.329982 0.452474 0.329068 0.451823 0.328154 0.451172 0.329068 0.450521 0.329068 0.449870 0.329982 0.449219 0.329982 0.448568 0.329982 0.447917 0.329982 0.447266 0.329982 0.446615 0.329982 0.445964 0.329982 0.445312 0.330896 0.444661 0.329982 0.444010 0.330896 0.443359 0.329982 0.442708 0.329068 0.443359 0.328154 0.444010 0.327239 0.444661 0.326325 0.445312 0.326325 0.445964 0.327239 0.445312 0.326325 0.445964 0.325411 0.446615 0.324497 0.445964 0.323583 0.445312 0.322669 0.444661 0.321755 0.444010 0.320841 0.444010 0.319927 0.443359 0.319927
0 0.419922 0.313528 0.419271 0.314442 0.418620 0.315356 0.418620 0.316271 0.418620 0.317185 0.418620 0.318099 0.418620 0.319013 0.417969 0.319927 0.418620 0.320841 0.419271 0.321755 0.418620 0.322669 0.419271 0.323583 0.419922 0.323583 0.420573 0.324497 0.421224 0.324497 0.421875 0.324497 0.422526 0.325411 0.423177 0.326325 0.423177 0.327239 0.423828 0.328154 0.423177 0.329068 0.423828 0.329982 0.423177 0.330896 0.422526 0.331810 0.421875 0.331810 0.421224 0.331810 0.420573 0.331810 0.419922 0.331810 0.419271 0.332724 0.418620 0.332724 0.419271 0.333638 0.418620 0.334552 0.417969 0.335466 0.417969 0.336380 0.417969 0.337294 0.417318 0.338208 0.416667 0.339122 0.417318 0.340037 0.417318 0.340951 0.417969 0.340951 0.418620 0.340951 0.419271 0.340951 0.419922 0.340037 0.420573 0.340037 0.421224 0.340037 0.421875 0.340951 0.422526 0.341865 0.422526 0.342779 0.423177 0.342779 0.423828 0.341865 0.423177 0.340951 0.423828 0.340037 0.423828 0.339122 0.423828 0.338208 0.424479 0.337294 0.424479 0.336380 0.424479 0.335466 0.425130 0.334552 0.425130 0.333638 0.425781 0.332724 0.425781 0.331810 0.425781 0.330896 0.425781 0.329982 0.426432 0.329068 0.426432 0.328154 0.425781 0.328154 0.425130 0.327239 0.424479 0.326325 0.423828 0.325411 0.423177 0.324497 0.423177 0.323583 0.423828 0.322669 0.423177 0.321755 0.423828 0.320841 0.423828 0.319927 0.423828 0.319013 0.423828 0.318099 0.423828 0.317185 0.423828 0.316271 0.423828 0.315356 0.423177 0.314442 0.422526 0.313528 0.421875 0.314442 0.421224 0.313528 0.420573 0.314442
0 0.458984 0.306216 0.458333 0.307130 0.457682 0.307130 0.457031 0.307130 0.456380 0.308044 0.455729 0.308958 0.455078 0.309872 0.455078 0.310786 0.454427 0.311700 0.454427 0.312614 0.453776 0.313528 0.454427 0.314442 0.454427 0.315356 0.454427 0.316271 0.453776 0.317185 0.453125 0.318099 0.452474 0.319013 0.451823 0.319013 0.451172 0.319927 0.450521 0.319927 0.450521 0.320841 0.449870 0.321755 0.449870 0.322669 0.450521 0.322669 0.451172 0.322669 0.451823 0.323583 0.452474 0.322669 0.453125 0.322669 0.453776 0.323583 0.454427 0.323583 0.455078 0.323583 0.455729 0.323583 0.456380 0.323583 0.456380 0.322669 0.457031 0.321755 0.457682 0.320841 0.458333 0.319927 0.458984 0.319927 0.459635 0.319927 0.460286 0.319927 0.460938 0.319927 0.461589 0.319013 0.462240 0.318099 0.461589 0.317185 0.462240 0.316271 0.462240 0.315356 0.462240 0.314442 0.462240 0.313528 0.462240 0.312614 0.462240 0.311700 0.461589 0.310786 0.462240 0.309872 0.462240 0.308958 0.462240 0.308044 0.461589 0.307130 0.461589 0.306216 0.460938 0.307130 0.460286 0.306216 0.459635 0.306216
0 0.451823 0.288848 0.451172 0.289762 0.451172 0.290676 0.450521 0.291590 0.449870 0.292505 0.449219 0.293419 0.448568 0.294333 0.447917 0.294333 0.447266 0.295247 0.447266 0.296161 0.447917 0.297075 0.447266 0.297989 0.447266 0.298903 0.447917 0.299817 0.447917 0.300731 0.447266 0.301645 0.447266 0.302559 0.447917 0.303473 0.447266 0.304388 0.447266 0.305302 0.446615 0.306216 0.445964 0.307130 0.445964 0.308044 0.445312 0.308958 0.445312 0.309872 0.445312 0.310786 0.445312 0.311700 0.445312 0.312614 0.444661 0.313528 0.444661 0.314442 0.445312 0.315356 0.445312 0.316271 0.445964 0.315356 0.446615 0.315356 0.447266 0.314442 0.447917 0.314442 0.447917 0.313528 0.448568 0.312614 0.448568 0.311700 0.448568 0.310786 0.449219 0.309872 0.449870 0.308958 0.450521 0.308958 0.450521 0.308044 0.451172 0.307130 0.451823 0.306216 0.452474 0.306216 0.453125 0.306216 0.453776 0.305302 0.454427 0.304388 0.455078 0.304388 0.455729 0.303473 0.456380 0.303473 0.457031 0.302559 0.457682 0.302559 0.458333 0.302559 0.458984 0.301645 0.458984 0.300731 0.458984 0.299817 0.458984 0.298903 0.458984 0.297989 0.458333 0.297075 0.458333 0.296161 0.458333 0.295247 0.458333 0.294333 0.457682 0.293419 0.458333 0.292505 0.457682 0.291590 0.457031 0.290676 0.456380 0.290676 0.455729 0.290676 0.455078 0.289762 0.454427 0.289762 0.453776 0.289762 0.453125 0.288848 0.452474 0.288848
0 0.821615 0.287020 0.820964 0.287934 0.820312 0.288848 0.819661 0.288848 0.819010 0.289762 0.818359 0.290676 0.817708 0.291590 0.817708 0.292505 0.817057 0.293419 0.817057 0.294333 0.816406 0.295247 0.815755 0.296161 0.815104 0.297075 0.814453 0.297075 0.813802 0.297989 0.813151 0.298903 0.812500 0.298903 0.812500 0.299817 0.812500 0.300731 0.812500 0.301645 0.812500 0.302559 0.811849 0.303473 0.812500 0.304388 0.812500 0.305302 0.811849 0.306216 0.811849 0.307130 0.811198 0.308044 0.811198 0.308958 0.811198 0.309872 0.810547 0.310786 0.810547 0.311700 0.810547 0.312614 0.810547 0.313528 0.809896 0.314442 0.809896 0.315356 0.809896 0.316271 0.809896 0.317185 0.809896 0.318099 0.809896 0.319013 0.809245 0.319927 0.809245 0.320841 0.808594 0.321755 0.807943 0.322669 0.807292 0.323583 0.806641 0.323583 0.805990 0.323583 0.805339 0.323583 0.805339 0.324497 0.804688 0.325411 0.805339 0.326325 0.805339 0.327239 0.805339 0.328154 0.805990 0.329068 0.805339 0.329982 0.805990 0.330896 0.806641 0.331810 0.806641 0.332724 0.807292 0.332724 0.807943 0.333638 0.808594 0.333638 0.809245 0.333638 0.809896 0.333638 0.810547 0.333638 0.811198 0.333638 0.811849 0.333638 0.812500 0.332724 0.813151 0.331810 0.813802 0.331810 0.813802 0.330896 0.813802 0.329982 0.813151 0.329068 0.813151 0.328154 0.812500 0.328154 0.811849 0.328154 0.811198 0.328154 0.810547 0.328154 0.809896 0.328154 0.809245 0.327239 0.808594 0.326325 0.808594 0.325411 0.809245 0.324497 0.809896 0.323583 0.810547 0.323583 0.811198 0.323583 0.811849 0.323583 0.812500 0.322669 0.813151 0.322669 0.813802 0.322669 0.814453 0.323583 0.815104 0.323583 0.815755 0.323583 0.816406 0.323583 0.817057 0.323583 0.817708 0.322669 0.818359 0.322669 0.819010 0.321755 0.819010 0.320841 0.819010 0.319927 0.819010 0.319013 0.818359 0.318099 0.819010 0.317185 0.819661 0.316271 0.820312 0.316271 0.820312 0.315356 0.820312 0.314442 0.820964 0.313528 0.820312 0.312614 0.819661 0.311700 0.819661 0.310786 0.819010 0.309872 0.819661 0.308958 0.819661 0.308044 0.820312 0.307130 0.820964 0.306216 0.821615 0.306216 0.821615 0.305302 0.821615 0.304388 0.821615 0.303473 0.822266 0.302559 0.822917 0.301645 0.823568 0.300731 0.824219 0.299817 0.824870 0.298903 0.825521 0.298903 0.825521 0.297989 0.826172 0.297075 0.826172 0.296161 0.826823 0.295247 0.826823 0.294333 0.826172 0.293419 0.826823 0.292505 0.826172 0.291590 0.826172 0.290676 0.826172 0.289762 0.825521 0.288848 0.824870 0.288848 0.824219 0.287934 0.823568 0.287020 0.822917 0.287020 0.822266 0.287020
0 0.363281 0.287020 0.363281 0.287934 0.362630 0.288848 0.362630 0.289762 0.362630 0.290676 0.361979 0.291590 0.362630 0.292505 0.363281 0.293419 0.363281 0.294333 0.363932 0.295247 0.364583 0.296161 0.365234 0.297075 0.365885 0.297989 0.365234 0.298903 0.364583 0.299817 0.363932 0.299817 0.363281 0.300731 0.362630 0.299817 0.361979 0.300731 0.361979 0.301645 0.361328 0.302559 0.361979 0.303473 0.361979 0.304388 0.362630 0.305302 0.363281 0.305302 0.363932 0.306216 0.364583 0.306216 0.365234 0.306216 0.365885 0.306216 0.366536 0.306216 0.367188 0.305302 0.367839 0.306216 0.368490 0.305302 0.369141 0.306216 0.369792 0.306216 0.370443 0.307130 0.371094 0.307130 0.371745 0.308044 0.372396 0.308958 0.372396 0.309872 0.373047 0.310786 0.373698 0.311700 0.374349 0.312614 0.373698 0.313528 0.373047 0.314442 0.372396 0.314442 0.371745 0.314442 0.371094 0.313528 0.370443 0.314442 0.369792 0.314442 0.369141 0.314442 0.368490 0.314442 0.367839 0.315356 0.367188 0.315356 0.366536 0.314442 0.365885 0.313528 0.365234 0.312614 0.365234 0.311700 0.364583 0.311700 0.363932 0.311700 0.363281 0.310786 0.362630 0.310786 0.361979 0.310786 0.361328 0.310786 0.360677 0.310786 0.360026 0.310786 0.359375 0.309872 0.358724 0.310786 0.358073 0.311700 0.357422 0.311700 0.357422 0.312614 0.357422 0.313528 0.356771 0.314442 0.357422 0.315356 0.357422 0.316271 0.358073 0.317185 0.358724 0.318099 0.359375 0.319013 0.360026 0.319927 0.360026 0.320841 0.360026 0.321755 0.360677 0.320841 0.361328 0.321755 0.361979 0.322669 0.362630 0.323583 0.363281 0.324497 0.363932 0.325411 0.364583 0.325411 0.365234 0.325411 0.365885 0.325411 0.366536 0.325411 0.367188 0.324497 0.367839 0.323583 0.367188 0.322669 0.367839 0.321755 0.367839 0.320841 0.368490 0.319927 0.369141 0.319013 0.369792 0.318099 0.370443 0.319013 0.371094 0.319013 0.371745 0.319013 0.372396 0.319013 0.373047 0.319013 0.373698 0.318099 0.374349 0.319013 0.375000 0.319927 0.375651 0.320841 0.376302 0.321755 0.376953 0.322669 0.377604 0.323583 0.378255 0.324497 0.378906 0.325411 0.378906 0.326325 0.378255 0.327239 0.377604 0.328154 0.376953 0.329068 0.376302 0.329068 0.375651 0.329068 0.375000 0.329068 0.374349 0.329068 0.373698 0.329068 0.373047 0.329068 0.372396 0.329982 0.371745 0.329982 0.371094 0.329982 0.370443 0.330896 0.371094 0.331810 0.371745 0.332724 0.371745 0.333638 0.372396 0.334552 0.373047 0.335466 0.373698 0.336380 0.374349 0.335466 0.375000 0.335466 0.375651 0.334552 0.376302 0.334552 0.376953 0.335466 0.377604 0.335466 0.378255 0.335466 0.378906 0.335466 0.379557 0.336380 0.380208 0.335466 0.380859 0.335466 0.381510 0.334552 0.382161 0.333638 0.382812 0.333638 0.383464 0.333638 0.384115 0.334552 0.384766 0.334552 0.385417 0.334552 0.386068 0.335466 0.386719 0.335466 0.387370 0.336380 0.388021 0.337294 0.388672 0.337294 0.389323 0.338208 0.389974 0.338208 0.390625 0.338208 0.391276 0.338208 0.391927 0.337294 0.391927 0.336380 0.392578 0.335466 0.393229 0.334552 0.393880 0.334552 0.394531 0.334552 0.395182 0.334552 0.395833 0.334552 0.396484 0.334552 0.397135 0.334552 0.397786 0.333638 0.398438 0.334552 0.399089 0.335466 0.398438 0.336380 0.398438 0.337294 0.398438 0.338208 0.397786 0.339122 0.397135 0.340037 0.396484 0.340951 0.397135 0.341865 0.397135 0.342779 0.397786 0.342779 0.398438 0.342779 0.399089 0.342779 0.399740 0.342779 0.400391 0.342779 0.400391 0.341865 0.400391 0.340951 0.400391 0.340037 0.400391 0.339122 0.401042 0.338208 0.401042 0.337294 0.401693 0.336380 0.401693 0.335466 0.401693 0.334552 0.402344 0.333638 0.402995 0.332724 0.403646 0.331810 0.404297 0.330896 0.404948 0.329982 0.405599 0.329982 0.406250 0.329068 0.406901 0.329068 0.407552 0.329068 0.408203 0.328154 0.408854 0.327239 0.408854 0.326325 0.408854 0.325411 0.408854 0.324497 0.408203 0.323583 0.407552 0.322669 0.406901 0.322669 0.406250 0.322669 0.405599 0.322669 0.404948 0.323583 0.404297 0.322669 0.403646 0.322669 0.402995 0.323583 0.402344 0.323583 0.401693 0.322669 0.401042 0.323583 0.400391 0.323583 0.399740 0.322669 0.399089 0.321755 0.398438 0.320841 0.398438 0.319927 0.399089 0.319013 0.399089 0.318099 0.399740 0.317185 0.400391 0.316271 0.401042 0.315356 0.400391 0.314442 0.399740 0.314442 0.399089 0.313528 0.398438 0.313528 0.397786 0.314442 0.397135 0.313528 0.396484 0.314442 0.395833 0.314442 0.395182 0.314442 0.394531 0.315356 0.393880 0.315356 0.393229 0.316271 0.393229 0.317185 0.393229 0.318099 0.392578 0.319013 0.391927 0.319927 0.391276 0.320841 0.390625 0.321755 0.389974 0.322669 0.389323 0.323583 0.389974 0.324497 0.389974 0.325411 0.390625 0.326325 0.389974 0.327239 0.390625 0.328154 0.390625 0.329068 0.390625 0.329982 0.389974 0.330896 0.389323 0.331810 0.388672 0.330896 0.388021 0.330896 0.387370 0.329982 0.386719 0.329068 0.386068 0.329068 0.385417 0.328154 0.384766 0.328154 0.384115 0.327239 0.383464 0.326325 0.383464 0.325411 0.382812 0.324497 0.382161 0.323583 0.381510 0.322669 0.381510 0.321755 0.380859 0.320841 0.380208 0.319927 0.380208 0.319013 0.379557 0.318099 0.379557 0.317185 0.379557 0.316271 0.378906 0.315356 0.378906 0.314442 0.378255 0.313528 0.378255 0.312614 0.377604 0.311700 0.376953 0.310786 0.376302 0.310786 0.375651 0.309872 0.375000 0.308958 0.375000 0.308044 0.375651 0.307130 0.375000 0.306216 0.374349 0.305302 0.373698 0.304388 0.373047 0.303473 0.373047 0.302559 0.373047 0.301645 0.372396 0.300731 0.371745 0.299817 0.371745 0.298903 0.371094 0.297989 0.370443 0.297075 0.370443 0.296161 0.370443 0.295247 0.369792 0.294333 0.369792 0.293419 0.369141 0.292505 0.368490 0.291590 0.368490 0.290676 0.367839 0.289762 0.367839 0.288848 0.367188 0.288848 0.366536 0.287934 0.365885 0.287020 0.365234 0.287020 0.364583 0.287020 0.363932 0.287020
0 0.440755 0.284278 0.440104 0.285192 0.439453 0.285192 0.438802 0.285192 0.438151 0.285192 0.437500 0.286106 0.437500 0.287020 0.437500 0.287934 0.436849 0.288848 0.436849 0.289762 0.437500 0.290676 0.436849 0.291590 0.436198 0.292505 0.435547 0.293419 0.434896 0.294333 0.434245 0.294333 0.433594 0.294333 0.433594 0.295247 0.432943 0.296161 0.432943 0.297075 0.432943 0.297989 0.432943 0.298903 0.433594 0.299817 0.433594 0.300731 0.434245 0.301645 0.434245 0.302559 0.434245 0.303473 0.434896 0.304388 0.434896 0.305302 0.434896 0.306216 0.434896 0.307130 0.434245 0.308044 0.434896 0.308958 0.434896 0.309872 0.434245 0.310786 0.434896 0.311700 0.435547 0.312614 0.436198 0.313528 0.436198 0.312614 0.436849 0.311700 0.437500 0.310786 0.438151 0.309872 0.438151 0.308958 0.438802 0.308044 0.438151 0.307130 0.438802 0.306216 0.438151 0.305302 0.438802 0.304388 0.439453 0.303473 0.440104 0.304388 0.440755 0.305302 0.441406 0.306216 0.442057 0.307130 0.442708 0.306216 0.442708 0.305302 0.442708 0.304388 0.443359 0.303473 0.443359 0.302559 0.443359 0.301645 0.443359 0.300731 0.443359 0.299817 0.443359 0.298903 0.443359 0.297989 0.443359 0.297075 0.443359 0.296161 0.443359 0.295247 0.444010 0.294333 0.444010 0.293419 0.444010 0.292505 0.444010 0.291590 0.444661 0.290676 0.444010 0.289762 0.443359 0.288848 0.442708 0.287934 0.442708 0.287020 0.442057 0.286106 0.441406 0.285192 0.441406 0.284278
0 0.793620 0.276051 0.792969 0.276965 0.792318 0.277879 0.791667 0.277879 0.791667 0.278793 0.791016 0.279707 0.790365 0.280622 0.789714 0.281536 0.789714 0.282450 0.789062 0.283364 0.789062 0.284278 0.789062 0.285192 0.789062 0.286106 0.789062 0.287020 0.789714 0.287934 0.790365 0.288848 0.790365 0.289762 0.791016 0.290676 0.791667 0.291590 0.792318 0.292505 0.792969 0.293419 0.793620 0.294333 0.793620 0.295247 0.794271 0.296161 0.794922 0.297075 0.794922 0.297989 0.795573 0.298903 0.794922 0.299817 0.794271 0.300731 0.793620 0.301645 0.792969 0.302559 0.792318 0.302559 0.791667 0.302559 0.791016 0.301645 0.790365 0.300731 0.789714 0.299817 0.789062 0.298903 0.788411 0.297989 0.787760 0.297075 0.787109 0.296161 0.786458 0.295247 0.785807 0.294333 0.785156 0.293419 0.784505 0.292505 0.783854 0.292505 0.783203 0.292505 0.782552 0.292505 0.781901 0.292505 0.781250 0.293419 0.780599 0.293419 0.780599 0.294333 0.779948 0.295247 0.779948 0.296161 0.779297 0.297075 0.779297 0.297989 0.779948 0.298903 0.779297 0.299817 0.779948 0.300731 0.780599 0.301645 0.781250 0.302559 0.781901 0.302559 0.782552 0.303473 0.783203 0.303473 0.783854 0.303473 0.784505 0.304388 0.785156 0.304388 0.785807 0.304388 0.786458 0.305302 0.787109 0.305302 0.787760 0.305302 0.788411 0.306216 0.789062 0.307130 0.789714 0.308044 0.790365 0.308958 0.791016 0.309872 0.791667 0.310786 0.792318 0.311700 0.791667 0.312614 0.791667 0.313528 0.791667 0.314442 0.791667 0.315356 0.791667 0.316271 0.791016 0.317185 0.790365 0.318099 0.789714 0.318099 0.790365 0.319013 0.791016 0.319013 0.791667 0.319013 0.792318 0.319927 0.792969 0.319927 0.793620 0.319927 0.794271 0.319927 0.794922 0.320841 0.795573 0.320841 0.796224 0.320841 0.796875 0.321755 0.797526 0.322669 0.797526 0.323583 0.797526 0.324497 0.797526 0.325411 0.797526 0.326325 0.798177 0.327239 0.798828 0.328154 0.798828 0.329068 0.799479 0.329068 0.800130 0.328154 0.800781 0.328154 0.801432 0.327239 0.801432 0.326325 0.801432 0.325411 0.802083 0.324497 0.801432 0.323583 0.802083 0.322669 0.802083 0.321755 0.802083 0.320841 0.802083 0.319927 0.801432 0.319013 0.802083 0.318099 0.802083 0.317185 0.802083 0.316271 0.802083 0.315356 0.801432 0.315356 0.800781 0.316271 0.800130 0.316271 0.799479 0.316271 0.798828 0.316271 0.798177 0.315356 0.797526 0.314442 0.796875 0.313528 0.796875 0.312614 0.796875 0.311700 0.796875 0.310786 0.797526 0.309872 0.798177 0.308958 0.798828 0.308044 0.799479 0.308044 0.799479 0.307130 0.800130 0.306216 0.799479 0.305302 0.800130 0.304388 0.799479 0.303473 0.798828 0.302559 0.798828 0.301645 0.798177 0.300731 0.797526 0.299817 0.798177 0.298903 0.797526 0.297989 0.797526 0.297075 0.798177 0.296161 0.798828 0.295247 0.798828 0.294333 0.798828 0.293419 0.799479 0.292505 0.800130 0.291590 0.800130 0.290676 0.800781 0.289762 0.800781 0.288848 0.801432 0.287934 0.801432 0.287020 0.801432 0.286106 0.801432 0.285192 0.801432 0.284278 0.800781 0.283364 0.800781 0.282450 0.800130 0.281536 0.799479 0.280622 0.799479 0.279707 0.798828 0.278793 0.798177 0.277879 0.797526 0.277879 0.796875 0.276965 0.796224 0.276051 0.795573 0.276965 0.794922 0.276051 0.794271 0.276051
0 0.380208 0.272395 0.379557 0.273309 0.380208 0.274223 0.379557 0.275137 0.379557 0.276051 0.379557 0.276965 0.378906 0.277879 0.378255 0.278793 0.377604 0.278793 0.376953 0.277879 0.376302 0.277879 0.375651 0.276965 0.375000 0.276051 0.374349 0.276051 0.373698 0.275137 0.373047 0.275137 0.372396 0.275137 0.371745 0.275137 0.371094 0.275137 0.370443 0.276051 0.369792 0.276965 0.369141 0.277879 0.369792 0.278793 0.369792 0.279707 0.369141 0.280622 0.369792 0.281536 0.369792 0.282450 0.370443 0.283364 0.370443 0.284278 0.371094 0.285192 0.371094 0.286106 0.371745 0.287020 0.372396 0.287934 0.373047 0.287934 0.373698 0.288848 0.374349 0.289762 0.375000 0.290676 0.375651 0.290676 0.376302 0.291590 0.376953 0.291590 0.377604 0.291590 0.378255 0.292505 0.378906 0.293419 0.378906 0.294333 0.379557 0.295247 0.379557 0.296161 0.378906 0.297075 0.379557 0.297989 0.378906 0.298903 0.378906 0.299817 0.379557 0.300731 0.379557 0.301645 0.379557 0.302559 0.380208 0.303473 0.380208 0.304388 0.380859 0.305302 0.380859 0.306216 0.381510 0.307130 0.382161 0.308044 0.382812 0.308958 0.383464 0.309872 0.384115 0.309872 0.384766 0.309872 0.385417 0.310786 0.386068 0.310786 0.386719 0.310786 0.387370 0.309872 0.388021 0.310786 0.388021 0.309872 0.388021 0.308958 0.388672 0.308044 0.388672 0.307130 0.388672 0.306216 0.388672 0.305302 0.389323 0.304388 0.388672 0.303473 0.388021 0.302559 0.387370 0.302559 0.386719 0.302559 0.386068 0.303473 0.385417 0.304388 0.384766 0.303473 0.384115 0.302559 0.383464 0.301645 0.383464 0.300731 0.382812 0.299817 0.382812 0.298903 0.382161 0.297989 0.382812 0.297075 0.382161 0.296161 0.382812 0.295247 0.382161 0.294333 0.382161 0.293419 0.382812 0.292505 0.382161 0.291590 0.382161 0.290676 0.381510 0.289762 0.380859 0.288848 0.380859 0.287934 0.380208 0.287020 0.379557 0.286106 0.379557 0.285192 0.379557 0.284278 0.378906 0.283364 0.379557 0.282450 0.378906 0.281536 0.379557 0.280622 0.380208 0.279707 0.380859 0.279707 0.381510 0.278793 0.382161 0.278793 0.382161 0.277879 0.382812 0.276965 0.382812 0.276051 0.382812 0.275137 0.382161 0.274223 0.382161 0.273309 0.381510 0.272395 0.380859 0.272395
0 0.397135 0.268739 0.396484 0.269653 0.395833 0.269653 0.395182 0.270567 0.394531 0.271481 0.394531 0.272395 0.393880 0.273309 0.393229 0.274223 0.392578 0.274223 0.391927 0.273309 0.391276 0.273309 0.390625 0.273309 0.389974 0.273309 0.389323 0.274223 0.388672 0.274223 0.388021 0.274223 0.387370 0.275137 0.386719 0.275137 0.386068 0.276051 0.386068 0.276965 0.386068 0.277879 0.386719 0.278793 0.387370 0.279707 0.387370 0.280622 0.388021 0.281536 0.388021 0.282450 0.388672 0.283364 0.389323 0.284278 0.389323 0.285192 0.389974 0.285192 0.390625 0.286106 0.391276 0.287020 0.391276 0.287934 0.391927 0.287934 0.392578 0.287020 0.393229 0.286106 0.393229 0.285192 0.393880 0.284278 0.393229 0.283364 0.393229 0.282450 0.393229 0.281536 0.393229 0.280622 0.393229 0.279707 0.393880 0.278793 0.394531 0.277879 0.395182 0.276965 0.395833 0.277879 0.396484 0.278793 0.397135 0.279707 0.396484 0.280622 0.397135 0.280622 0.397786 0.280622 0.398438 0.280622 0.399089 0.281536 0.399740 0.282450 0.400391 0.283364 0.400391 0.284278 0.401042 0.285192 0.400391 0.286106 0.400391 0.287020 0.399740 0.287934 0.399740 0.288848 0.399089 0.289762 0.399089 0.290676 0.398438 0.291590 0.398438 0.292505 0.398438 0.293419 0.397786 0.294333 0.398438 0.295247 0.397786 0.296161 0.397786 0.297075 0.397786 0.297989 0.397786 0.298903 0.397786 0.299817 0.398438 0.299817 0.399089 0.299817 0.399740 0.300731 0.400391 0.300731 0.401042 0.301645 0.401693 0.302559 0.401042 0.303473 0.401042 0.304388 0.400391 0.305302 0.400391 0.306216 0.400391 0.307130 0.400391 0.308044 0.401042 0.308958 0.401693 0.309872 0.401693 0.310786 0.402344 0.311700 0.402344 0.312614 0.402995 0.312614 0.403646 0.312614 0.404297 0.312614 0.404948 0.311700 0.404948 0.310786 0.404948 0.309872 0.404297 0.308958 0.404297 0.308044 0.404297 0.307130 0.404297 0.306216 0.404948 0.305302 0.405599 0.304388 0.405599 0.303473 0.406250 0.302559 0.405599 0.301645 0.405599 0.300731 0.405599 0.299817 0.406250 0.298903 0.406901 0.297989 0.407552 0.297989 0.408203 0.297075 0.408854 0.296161 0.409505 0.296161 0.410156 0.295247 0.410807 0.294333 0.410807 0.293419 0.411458 0.292505 0.412109 0.291590 0.411458 0.290676 0.410807 0.289762 0.410156 0.288848 0.409505 0.288848 0.408854 0.288848 0.408203 0.287934 0.407552 0.287020 0.407552 0.286106 0.406901 0.285192 0.406250 0.284278 0.405599 0.284278 0.404948 0.284278 0.404297 0.283364 0.403646 0.282450 0.402995 0.283364 0.402344 0.282450 0.401693 0.281536 0.401693 0.280622 0.402344 0.279707 0.402995 0.278793 0.402344 0.277879 0.402995 0.276965 0.402995 0.276051 0.402995 0.275137 0.403646 0.274223 0.402995 0.273309 0.402995 0.272395 0.402344 0.271481 0.401693 0.270567 0.401693 0.269653 0.401042 0.269653 0.400391 0.269653 0.399740 0.268739 0.399089 0.268739 0.398438 0.268739 0.397786 0.268739
