0 0.885417 0.877514 0.884766 0.878428 0.884115 0.879342 0.883464 0.880256 0.882812 0.880256 0.882161 0.880256 0.881510 0.880256 0.880859 0.880256 0.880208 0.881170 0.879557 0.881170 0.878906 0.882084 0.878255 0.882084 0.877604 0.882084 0.876953 0.882084 0.876302 0.882084 0.875651 0.882084 0.875000 0.881170 0.874349 0.881170 0.873698 0.880256 0.873047 0.881170 0.873698 0.882084 0.873047 0.882998 0.872396 0.883912 0.871745 0.883912 0.872396 0.884826 0.872396 0.885740 0.872396 0.886654 0.873047 0.887569 0.872396 0.888483 0.872396 0.889397 0.873047 0.889397 0.873698 0.889397 0.874349 0.889397 0.875000 0.889397 0.875651 0.889397 0.876302 0.889397 0.876953 0.889397 0.877604 0.889397 0.878255 0.889397 0.878906 0.889397 0.879557 0.889397 0.880208 0.889397 0.880859 0.889397 0.881510 0.889397 0.882161 0.889397 0.882812 0.889397 0.883464 0.889397 0.884115 0.889397 0.884766 0.889397 0.885417 0.889397 0.886068 0.889397 0.886719 0.889397 0.887370 0.889397 0.888021 0.889397 0.888672 0.889397 0.889323 0.889397 0.889974 0.889397 0.890625 0.889397 0.891276 0.889397 0.891927 0.889397 0.892578 0.889397 0.893229 0.888483 0.893229 0.887569 0.892578 0.886654 0.893229 0.885740 0.892578 0.884826 0.892578 0.883912 0.891927 0.882998 0.891927 0.882084 0.891276 0.881170 0.890625 0.880256 0.891276 0.879342 0.890625 0.878428 0.889974 0.877514 0.889323 0.877514 0.888672 0.878428 0.888021 0.877514 0.887370 0.878428 0.886719 0.878428 0.886068 0.878428
0 0.871094 0.829068 0.870443 0.829982 0.869792 0.829982 0.870443 0.830896 0.870443 0.831810 0.870443 0.832724 0.870443 0.833638 0.869792 0.834552 0.869141 0.835466 0.868490 0.834552 0.867839 0.835466 0.867188 0.834552 0.866536 0.834552 0.865885 0.835466 0.865234 0.835466 0.864583 0.835466 0.863932 0.835466 0.863281 0.835466 0.862630 0.834552 0.861979 0.834552 0.861328 0.835466 0.860677 0.834552 0.860026 0.834552 0.859375 0.834552 0.858724 0.835466 0.858073 0.834552 0.857422 0.835466 0.856771 0.834552 0.856120 0.835466 0.855469 0.834552 0.854818 0.833638 0.854167 0.833638 0.853516 0.832724 0.852865 0.831810 0.852214 0.831810 0.851562 0.830896 0.850911 0.829982 0.851562 0.830896 0.850911 0.831810 0.850260 0.832724 0.849609 0.831810 0.848958 0.830896 0.848958 0.829982 0.848307 0.829982 0.847656 0.830896 0.847005 0.831810 0.846354 0.831810 0.845703 0.832724 0.845703 0.833638 0.845703 0.834552 0.845052 0.835466 0.844401 0.836380 0.844401 0.837294 0.845052 0.838208 0.845052 0.839122 0.845052 0.840037 0.845703 0.839122 0.846354 0.838208 0.847005 0.839122 0.847656 0.840037 0.848307 0.840951 0.848307 0.841865 0.847656 0.842779 0.848307 0.843693 0.848958 0.844607 0.848307 0.845521 0.847656 0.846435 0.847005 0.846435 0.847656 0.847349 0.848307 0.848263 0.848958 0.848263 0.849609 0.848263 0.850260 0.847349 0.850911 0.848263 0.851562 0.848263 0.852214 0.849177 0.852865 0.850091 0.853516 0.851005 0.854167 0.851005 0.854818 0.851920 0.855469 0.851005 0.856120 0.851920 0.856771 0.851005 0.857422 0.851920 0.858073 0.852834 0.858724 0.851920 0.859375 0.851920 0.860026 0.852834 0.860677 0.852834 0.861328 0.851920 0.861979 0.851005 0.862630 0.851005 0.863281 0.851005 0.863932 0.851005 0.864583 0.851005 0.865234 0.850091 0.865885 0.850091 0.866536 0.849177 0.867188 0.849177 0.867839 0.849177 0.868490 0.848263 0.869141 0.849177 0.869792 0.848263 0.870443 0.848263 0.871094 0.848263 0.870443 0.847349 0.870443 0.846435 0.870443 0.845521 0.870443 0.844607 0.871094 0.843693 0.871094 0.842779 0.870443 0.841865 0.871094 0.840951 0.871745 0.840037 0.872396 0.840037 0.872396 0.839122 0.872396 0.838208 0.873047 0.837294 0.872396 0.836380 0.871745 0.835466 0.872396 0.834552 0.872396 0.833638 0.873047 0.832724 0.873047 0.831810 0.873698 0.830896 0.873047 0.829982 0.872396 0.829068 0.871745 0.829982
0 0.893880 0.825411 0.893229 0.826325 0.892578 0.827239 0.891927 0.827239 0.891276 0.827239 0.890625 0.827239 0.889974 0.827239 0.889323 0.828154 0.888672 0.827239 0.888021 0.828154 0.887370 0.828154 0.886719 0.829068 0.886068 0.829982 0.886068 0.830896 0.886719 0.831810 0.886068 0.832724 0.885417 0.833638 0.885417 0.834552 0.884766 0.835466 0.885417 0.836380 0.884766 0.837294 0.884766 0.838208 0.884766 0.839122 0.884766 0.840037 0.885417 0.840951 0.884766 0.841865 0.885417 0.842779 0.885417 0.843693 0.886068 0.844607 0.885417 0.845521 0.886068 0.846435 0.886068 0.847349 0.886719 0.848263 0.887370 0.848263 0.888021 0.849177 0.888672 0.850091 0.889323 0.850091 0.889974 0.849177 0.890625 0.849177 0.891276 0.848263 0.891927 0.849177 0.892578 0.848263 0.893229 0.848263 0.893880 0.847349 0.894531 0.847349 0.895182 0.847349 0.895833 0.846435 0.896484 0.845521 0.897135 0.844607 0.897786 0.843693 0.897135 0.842779 0.896484 0.841865 0.897135 0.840951 0.897786 0.840037 0.897135 0.839122 0.897135 0.838208 0.897786 0.837294 0.897135 0.836380 0.897786 0.835466 0.897135 0.834552 0.897786 0.833638 0.897786 0.832724 0.897135 0.831810 0.897786 0.830896 0.897786 0.829982 0.898438 0.829068 0.897786 0.829068 0.897135 0.828154 0.896484 0.828154 0.895833 0.827239 0.895182 0.826325 0.895833 0.825411 0.895182 0.826325 0.894531 0.826325
0 0.929036 0.765082 0.928385 0.765996 0.927734 0.765996 0.927083 0.765996 0.926432 0.765996 0.925781 0.766910 0.926432 0.767824 0.925781 0.768739 0.925130 0.769653 0.924479 0.769653 0.923828 0.770567 0.923177 0.770567 0.922526 0.771481 0.921875 0.771481 0.922526 0.772395 0.921875 0.773309 0.921875 0.774223 0.922526 0.775137 0.922526 0.776051 0.923177 0.776965 0.923177 0.777879 0.923177 0.778793 0.923177 0.779707 0.923828 0.780622 0.923828 0.781536 0.923177 0.782450 0.923828 0.782450 0.924479 0.783364 0.925130 0.784278 0.925781 0.785192 0.925781 0.786106 0.926432 0.787020 0.926432 0.787934 0.927083 0.788848 0.927734 0.789762 0.927083 0.790676 0.927734 0.791590 0.927083 0.792505 0.927083 0.793419 0.927734 0.794333 0.928385 0.795247 0.928385 0.796161 0.928385 0.797075 0.928385 0.797989 0.929036 0.798903 0.928385 0.799817 0.929036 0.800731 0.929688 0.801645 0.930339 0.800731 0.930990 0.799817 0.931641 0.799817 0.932292 0.798903 0.932943 0.798903 0.933594 0.797989 0.934245 0.797075 0.934896 0.797075 0.935547 0.797989 0.936198 0.797989 0.936849 0.797075 0.937500 0.797075 0.938151 0.797075 0.938151 0.796161 0.938802 0.795247 0.939453 0.794333 0.940104 0.795247 0.940104 0.794333 0.939453 0.793419 0.940104 0.792505 0.939453 0.792505 0.938802 0.791590 0.938151 0.790676 0.937500 0.789762 0.938151 0.788848 0.937500 0.787934 0.937500 0.787020 0.936849 0.786106 0.936849 0.785192 0.936198 0.784278 0.935547 0.783364 0.936198 0.782450 0.935547 0.781536 0.936198 0.780622 0.936198 0.779707 0.935547 0.778793 0.934896 0.777879 0.934245 0.776965 0.934245 0.776051 0.934896 0.775137 0.934245 0.774223 0.934245 0.773309 0.933594 0.772395 0.933594 0.771481 0.932943 0.770567 0.932292 0.769653 0.932292 0.768739 0.932292 0.767824 0.931641 0.767824 0.930990 0.766910 0.930339 0.765996 0.929688 0.765082
0 0.888021 0.676417 0.887370 0.677331 0.886719 0.678245 0.886068 0.679159 0.885417 0.680073 0.884766 0.680073 0.884115 0.680987 0.883464 0.680073 0.882812 0.680073 0.882812 0.680987 0.882161 0.681901 0.882161 0.682815 0.882812 0.683729 0.883464 0.684644 0.884115 0.684644 0.884766 0.685558 0.885417 0.686472 0.885417 0.687386 0.885417 0.688300 0.884766 0.689214 0.884115 0.690128 0.883464 0.690128 0.882812 0.691042 0.882161 0.691042 0.881510 0.691956 0.882161 0.692870 0.881510 0.693784 0.882161 0.693784 0.882812 0.694698 0.883464 0.695612 0.883464 0.696527 0.884115 0.696527 0.884766 0.696527 0.885417 0.696527 0.886068 0.697441 0.886719 0.698355 0.887370 0.699269 0.886719 0.700183 0.887370 0.700183 0.888021 0.701097 0.888672 0.702011 0.889323 0.702011 0.889974 0.701097 0.890625 0.701097 0.891276 0.702011 0.891927 0.702011 0.892578 0.702011 0.893229 0.702011 0.893880 0.702011 0.894531 0.702011 0.895182 0.702011 0.895833 0.702011 0.896484 0.702925 0.897135 0.702011 0.897786 0.701097 0.898438 0.700183 0.899089 0.701097 0.899740 0.700183 0.900391 0.700183 0.900391 0.699269 0.901042 0.698355 0.901042 0.697441 0.901693 0.696527 0.902344 0.695612 0.902995 0.695612 0.903646 0.694698 0.904297 0.694698 0.904948 0.694698 0.905599 0.695612 0.906250 0.694698 0.906901 0.693784 0.907552 0.694698 0.908203 0.693784 0.908854 0.693784 0.909505 0.693784 0.910156 0.693784 0.910807 0.693784 0.911458 0.694698 0.912109 0.693784 0.912760 0.694698 0.913411 0.695612 0.913411 0.696527 0.914062 0.695612 0.914714 0.696527 0.915365 0.697441 0.916016 0.698355 0.916016 0.699269 0.916016 0.700183 0.916667 0.701097 0.916667 0.702011 0.916667 0.702925 0.917318 0.703839 0.917969 0.704753 0.918620 0.705667 0.918620 0.706581 0.919271 0.707495 0.919922 0.706581 0.920573 0.705667 0.921224 0.706581 0.921875 0.705667 0.922526 0.704753 0.923177 0.703839 0.923828 0.703839 0.924479 0.702925 0.925130 0.702011 0.925781 0.702925 0.926432 0.703839 0.926432 0.702925 0.927083 0.702011 0.927734 0.701097 0.928385 0.702011 0.929036 0.702925 0.929688 0.703839 0.930339 0.704753 0.929688 0.705667 0.930339 0.706581 0.930990 0.707495 0.930339 0.708410 0.930990 0.709324 0.931641 0.710238 0.932292 0.710238 0.932943 0.711152 0.933594 0.710238 0.934245 0.709324 0.934896 0.708410 0.935547 0.708410 0.936198 0.707495 0.936849 0.706581 0.937500 0.706581 0.936849 0.705667 0.937500 0.704753 0.937500 0.703839 0.938151 0.702925 0.938802 0.702011 0.939453 0.701097 0.938802 0.700183 0.938802 0.699269 0.938151 0.698355 0.938151 0.697441 0.938802 0.696527 0.938151 0.695612 0.938151 0.694698 0.937500 0.693784 0.936849 0.692870 0.936198 0.692870 0.935547 0.691956 0.934896 0.692870 0.934245 0.692870 0.933594 0.693784 0.932943 0.692870 0.932292 0.693784 0.931641 0.692870 0.930990 0.693784 0.930339 0.693784 0.929688 0.693784 0.929036 0.692870 0.928385 0.693784 0.927734 0.694698 0.927083 0.695612 0.926432 0.695612 0.925781 0.696527 0.925130 0.695612 0.924479 0.696527 0.923828 0.697441 0.923177 0.696527 0.922526 0.696527 0.921875 0.696527 0.921224 0.697441 0.920573 0.697441 0.919922 0.696527 0.919271 0.696527 0.918620 0.697441 0.917969 0.696527 0.917318 0.696527 0.916667 0.695612 0.916016 0.694698 0.916667 0.693784 0.916016 0.692870 0.915365 0.691956 0.916016 0.691042 0.915365 0.690128 0.914714 0.689214 0.915365 0.688300 0.914714 0.688300 0.914062 0.687386 0.913411 0.686472 0.912760 0.685558 0.912760 0.684644 0.912109 0.684644 0.911458 0.683729 0.910807 0.682815 0.910156 0.683729 0.909505 0.684644 0.908854 0.684644 0.908203 0.685558 0.907552 0.685558 0.906901 0.686472 0.906250 0.686472 0.905599 0.687386 0.904948 0.687386 0.904297 0.686472 0.903646 0.687386 0.902995 0.688300 0.902344 0.687386 0.901693 0.687386 0.901042 0.688300 0.900391 0.687386 0.899740 0.686472 0.899089 0.686472 0.898438 0.687386 0.897786 0.686472 0.897135 0.685558 0.897135 0.684644 0.896484 0.685558 0.895833 0.684644 0.895182 0.684644 0.894531 0.684644 0.893880 0.683729 0.893229 0.684644 0.892578 0.683729 0.891927 0.682815 0.891276 0.683729 0.890625 0.682815 0.889974 0.681901 0.889323 0.682815 0.888672 0.681901 0.888021 0.680987 0.888672 0.680073 0.889323 0.679159 0.889974 0.678245 0.889974 0.677331 0.889323 0.677331 0.888672 0.676417
0 0.977214 0.617002 0.976562 0.617916 0.975911 0.617916 0.975260 0.618830 0.974609 0.619744 0.973958 0.620658 0.974609 0.621572 0.973958 0.622486 0.973958 0.623400 0.974609 0.624314 0.974609 0.625229 0.974609 0.626143 0.973958 0.627057 0.973958 0.627971 0.973958 0.628885 0.973958 0.629799 0.973307 0.630713 0.972656 0.631627 0.972005 0.631627 0.971354 0.632541 0.970703 0.632541 0.970052 0.633455 0.969401 0.634369 0.968750 0.633455 0.968099 0.634369 0.967448 0.634369 0.966797 0.635283 0.966146 0.636197 0.965495 0.635283 0.964844 0.635283 0.964193 0.636197 0.963542 0.635283 0.963542 0.636197 0.962891 0.637112 0.962240 0.638026 0.961589 0.637112 0.962240 0.638026 0.961589 0.638940 0.960938 0.639854 0.960286 0.640768 0.960938 0.641682 0.960286 0.642596 0.960286 0.643510 0.959635 0.644424 0.959635 0.645338 0.960286 0.646252 0.960938 0.647166 0.961589 0.647166 0.962240 0.648080 0.962891 0.648080 0.963542 0.648080 0.964193 0.648995 0.964844 0.648995 0.965495 0.648080 0.966146 0.648995 0.966797 0.648080 0.967448 0.648080 0.968099 0.647166 0.968750 0.646252 0.969401 0.646252 0.970052 0.645338 0.970703 0.644424 0.971354 0.644424 0.972005 0.643510 0.972656 0.642596 0.973307 0.642596 0.973958 0.641682 0.974609 0.641682 0.975260 0.641682 0.975911 0.640768 0.976562 0.641682 0.976562 0.640768 0.977214 0.639854 0.977865 0.638940 0.978516 0.638940 0.979167 0.638940 0.979818 0.639854 0.979167 0.638940 0.979818 0.638026 0.979167 0.637112 0.979818 0.636197 0.979818 0.635283 0.979167 0.634369 0.979818 0.633455 0.979818 0.632541 0.980469 0.631627 0.979818 0.630713 0.979167 0.629799 0.979167 0.628885 0.979167 0.627971 0.979167 0.627057 0.979167 0.626143 0.979167 0.625229 0.979818 0.624314 0.979818 0.623400 0.979818 0.622486 0.980469 0.621572 0.980469 0.620658 0.980469 0.619744 0.979818 0.618830 0.979167 0.617916 0.978516 0.617916 0.977865 0.617002
0 0.962240 0.565814 0.961589 0.566728 0.960938 0.566728 0.960286 0.566728 0.959635 0.567642 0.958984 0.566728 0.958984 0.567642 0.958333 0.568556 0.957682 0.569470 0.957031 0.568556 0.957031 0.569470 0.956380 0.570384 0.955729 0.571298 0.955078 0.572212 0.954427 0.572212 0.954427 0.573126 0.953776 0.574040 0.953125 0.574954 0.953776 0.575868 0.953776 0.576782 0.954427 0.577697 0.953776 0.578611 0.953125 0.579525 0.952474 0.580439 0.953125 0.581353 0.953776 0.582267 0.953776 0.583181 0.954427 0.584095 0.955078 0.585009 0.955078 0.585923 0.955078 0.586837 0.955729 0.585923 0.956380 0.585923 0.957031 0.586837 0.957682 0.586837 0.958333 0.585923 0.958984 0.586837 0.959635 0.587751 0.959635 0.588665 0.960286 0.587751 0.960938 0.588665 0.961589 0.588665 0.962240 0.588665 0.962891 0.588665 0.963542 0.589580 0.964193 0.588665 0.964844 0.587751 0.964844 0.586837 0.964844 0.585923 0.965495 0.585009 0.966146 0.584095 0.966797 0.583181 0.967448 0.582267 0.967448 0.581353 0.968099 0.580439 0.968750 0.579525 0.968750 0.578611 0.969401 0.577697 0.969401 0.576782 0.970052 0.575868 0.970703 0.574954 0.970703 0.574040 0.970052 0.573126 0.970052 0.572212 0.969401 0.571298 0.968750 0.570384 0.969401 0.569470 0.968750 0.569470 0.968099 0.568556 0.967448 0.567642 0.968099 0.566728 0.967448 0.567642 0.966797 0.567642 0.966146 0.566728 0.965495 0.566728 0.964844 0.566728 0.964193 0.566728 0.963542 0.566728 0.962891 0.565814
0 0.996094 0.555759 0.995443 0.556673 0.994792 0.557587 0.994141 0.557587 0.993490 0.558501 0.992839 0.559415 0.992188 0.560329 0.991536 0.561243 0.990885 0.561243 0.990885 0.562157 0.991536 0.563071 0.990885 0.563985 0.991536 0.564899 0.991536 0.565814 0.991536 0.566728 0.990885 0.567642 0.990885 0.568556 0.990885 0.569470 0.990234 0.570384 0.989583 0.571298 0.988932 0.572212 0.988932 0.573126 0.988281 0.574040 0.988932 0.574954 0.988281 0.575868 0.987630 0.576782 0.986979 0.576782 0.986328 0.575868 0.985677 0.576782 0.985026 0.575868 0.984375 0.575868 0.983724 0.575868 0.983073 0.576782 0.982422 0.576782 0.982422 0.577697 0.981771 0.578611 0.981120 0.579525 0.980469 0.580439 0.979818 0.580439 0.979167 0.581353 0.978516 0.581353 0.977865 0.582267 0.977214 0.583181 0.977214 0.584095 0.976562 0.585009 0.977214 0.585923 0.977865 0.586837 0.977214 0.587751 0.976562 0.588665 0.975911 0.588665 0.975260 0.589580 0.974609 0.590494 0.973958 0.590494 0.973958 0.591408 0.973958 0.592322 0.973307 0.593236 0.973958 0.594150 0.973307 0.595064 0.972656 0.595978 0.972005 0.596892 0.971354 0.596892 0.970703 0.596892 0.970052 0.597806 0.969401 0.597806 0.970052 0.598720 0.970703 0.599634 0.970052 0.600548 0.970703 0.600548 0.971354 0.601463 0.972005 0.602377 0.972005 0.603291 0.972656 0.603291 0.973307 0.604205 0.973958 0.605119 0.974609 0.604205 0.975260 0.604205 0.975911 0.604205 0.976562 0.605119 0.977214 0.604205 0.977865 0.605119 0.978516 0.604205 0.979167 0.603291 0.979818 0.604205 0.980469 0.605119 0.981120 0.604205 0.981771 0.604205 0.982422 0.605119 0.983073 0.606033 0.983724 0.606947 0.984375 0.606033 0.985026 0.606033 0.985026 0.605119 0.985677 0.604205 0.986328 0.603291 0.986979 0.603291 0.986979 0.602377 0.986979 0.601463 0.987630 0.600548 0.987630 0.599634 0.987630 0.598720 0.988281 0.597806 0.988281 0.596892 0.988932 0.595978 0.988281 0.595064 0.988281 0.594150 0.988281 0.593236 0.988932 0.592322 0.989583 0.591408 0.989583 0.590494 0.988932 0.589580 0.989583 0.588665 0.988932 0.587751 0.988932 0.586837 0.989583 0.585923 0.990234 0.585009 0.990885 0.584095 0.991536 0.583181 0.990885 0.582267 0.991536 0.581353 0.992188 0.580439 0.992839 0.580439 0.993490 0.579525 0.994141 0.580439 0.994792 0.579525 0.995443 0.578611 0.996094 0.579525 0.996745 0.580439 0.997396 0.579525 0.998047 0.579525 0.998698 0.580439 0.998698 0.579525 0.998698 0.578611 0.998698 0.577697 0.998698 0.576782 0.998698 0.575868 0.998698 0.574954 0.998698 0.574040 0.998698 0.573126 0.998698 0.572212 0.998698 0.571298 0.998698 0.570384 0.998698 0.569470 0.998698 0.568556 0.998698 0.567642 0.998698 0.566728 0.998698 0.565814 0.998698 0.564899 0.998698 0.563985 0.998698 0.563071 0.998698 0.562157 0.998698 0.561243 0.998698 0.560329 0.998698 0.559415 0.998698 0.558501 0.998698 0.557587 0.998698 0.556673 0.998047 0.556673 0.997396 0.556673 0.996745 0.556673
0 0.933594 0.540219 0.932943 0.541133 0.932292 0.541133 0.932943 0.542048 0.932292 0.542962 0.931641 0.543876 0.930990 0.542962 0.930990 0.543876 0.930339 0.544790 0.929688 0.545704 0.929036 0.544790 0.928385 0.543876 0.927734 0.543876 0.927083 0.544790 0.926432 0.544790 0.925781 0.544790 0.925130 0.544790 0.924479 0.545704 0.923828 0.545704 0.923177 0.544790 0.923177 0.545704 0.922526 0.546618 0.921875 0.547532 0.921875 0.548446 0.921224 0.549360 0.921875 0.550274 0.921224 0.551188 0.921224 0.552102 0.921224 0.553016 0.921224 0.553931 0.921224 0.554845 0.921224 0.555759 0.920573 0.556673 0.920573 0.557587 0.920573 0.558501 0.921224 0.559415 0.921224 0.560329 0.921875 0.561243 0.922526 0.562157 0.922526 0.563071 0.922526 0.563985 0.923177 0.563985 0.923828 0.564899 0.924479 0.565814 0.925130 0.564899 0.925781 0.563985 0.926432 0.563985 0.927083 0.563071 0.927734 0.562157 0.928385 0.562157 0.929036 0.561243 0.929688 0.560329 0.930339 0.559415 0.930990 0.558501 0.931641 0.557587 0.930990 0.556673 0.931641 0.555759 0.932292 0.554845 0.932943 0.554845 0.933594 0.553931 0.934245 0.553016 0.934896 0.552102 0.935547 0.552102 0.936198 0.551188 0.936849 0.550274 0.937500 0.551188 0.937500 0.550274 0.936849 0.549360 0.937500 0.548446 0.937500 0.547532 0.938151 0.546618 0.937500 0.545704 0.937500 0.544790 0.938151 0.543876 0.938151 0.542962 0.938802 0.542048 0.938151 0.542962 0.937500 0.542048 0.936849 0.541133 0.937500 0.540219 0.936849 0.540219 0.936198 0.540219 0.935547 0.541133 0.934896 0.540219 0.934245 0.541133
0 0.763672 0.511883 0.763672 0.512797 0.763021 0.513711 0.762370 0.514625 0.761719 0.514625 0.761719 0.515539 0.761719 0.516453 0.761068 0.517367 0.761068 0.518282 0.761068 0.519196 0.761068 0.520110 0.760417 0.521024 0.761068 0.521938 0.760417 0.522852 0.761068 0.523766 0.760417 0.524680 0.759766 0.525594 0.759766 0.526508 0.759115 0.527422 0.759115 0.528336 0.758464 0.529250 0.757812 0.530165 0.757812 0.531079 0.757812 0.531993 0.757812 0.532907 0.757812 0.533821 0.757812 0.534735 0.757161 0.535649 0.757161 0.536563 0.756510 0.537477 0.757161 0.538391 0.757161 0.539305 0.756510 0.540219 0.757161 0.541133 0.756510 0.542048 0.755859 0.542962 0.755208 0.543876 0.755208 0.544790 0.754557 0.545704 0.753906 0.546618 0.753255 0.547532 0.752604 0.547532 0.751953 0.547532 0.751302 0.548446 0.750651 0.547532 0.750000 0.548446 0.749349 0.547532 0.749349 0.548446 0.748698 0.549360 0.748047 0.550274 0.747396 0.551188 0.747396 0.552102 0.747396 0.553016 0.746745 0.553931 0.746745 0.554845 0.746094 0.555759 0.745443 0.556673 0.744792 0.557587 0.744141 0.557587 0.743490 0.558501 0.742839 0.557587 0.742188 0.557587 0.741536 0.557587 0.740885 0.556673 0.740234 0.557587 0.739583 0.557587 0.738932 0.557587 0.738932 0.558501 0.738932 0.559415 0.738281 0.560329 0.737630 0.561243 0.737630 0.562157 0.736979 0.563071 0.736328 0.563985 0.735677 0.563985 0.735026 0.564899 0.734375 0.565814 0.733724 0.566728 0.733073 0.567642 0.732422 0.568556 0.731771 0.569470 0.731120 0.568556 0.730469 0.569470 0.729818 0.568556 0.729167 0.567642 0.728516 0.568556 0.727865 0.569470 0.727214 0.568556 0.726562 0.568556 0.725911 0.569470 0.725260 0.569470 0.724609 0.569470 0.723958 0.570384 0.723307 0.570384 0.723307 0.571298 0.722656 0.572212 0.722005 0.573126 0.721354 0.574040 0.720703 0.574040 0.720052 0.574040 0.719401 0.574040 0.718750 0.573126 0.718750 0.574040 0.718099 0.574954 0.718750 0.575868 0.718099 0.576782 0.717448 0.577697 0.716797 0.577697 0.716146 0.578611 0.715495 0.577697 0.714844 0.576782 0.714193 0.577697 0.713542 0.577697 0.712891 0.577697 0.712240 0.578611 0.711589 0.578611 0.710938 0.578611 0.710286 0.577697 0.709635 0.578611 0.708984 0.578611 0.708333 0.578611 0.707682 0.578611 0.707031 0.579525 0.706380 0.579525 0.705729 0.580439 0.705729 0.581353 0.705078 0.582267 0.704427 0.583181 0.704427 0.584095 0.705078 0.585009 0.705078 0.585923 0.705729 0.586837 0.705729 0.587751 0.705078 0.588665 0.705729 0.589580 0.705729 0.590494 0.705729 0.591408 0.705078 0.592322 0.705729 0.593236 0.706380 0.594150 0.706380 0.595064 0.705729 0.595978 0.706380 0.595064 0.707031 0.595978 0.707682 0.596892 0.707682 0.597806 0.708333 0.596892 0.708984 0.597806 0.709635 0.598720 0.709635 0.599634 0.710286 0.600548 0.710938 0.600548 0.711589 0.600548 0.712240 0.599634 0.712891 0.599634 0.713542 0.598720 0.714193 0.598720 0.714844 0.599634 0.714844 0.598720 0.715495 0.597806 0.716146 0.596892 0.716797 0.596892 0.717448 0.595978 0.718099 0.595064 0.717448 0.594150 0.718099 0.593236 0.718750 0.592322 0.718099 0.591408 0.718099 0.590494 0.717448 0.589580 0.718099 0.588665 0.718750 0.587751 0.719401 0.586837 0.720052 0.587751 0.720703 0.588665 0.720052 0.589580 0.720703 0.588665 0.720052 0.587751 0.720052 0.586837 0.720052 0.585923 0.720703 0.585009 0.721354 0.584095 0.722005 0.583181 0.722656 0.584095 0.723307 0.584095 0.723958 0.584095 0.724609 0.584095 0.725260 0.584095 0.725911 0.584095 0.726562 0.584095 0.727214 0.583181 0.727865 0.582267 0.728516 0.581353 0.729167 0.581353 0.729818 0.580439 0.730469 0.579525 0.731120 0.579525 0.731771 0.579525 0.732422 0.579525 0.733073 0.578611 0.733724 0.578611 0.734375 0.578611 0.735026 0.579525 0.735677 0.578611 0.735677 0.577697 0.736328 0.576782 0.736979 0.575868 0.737630 0.574954 0.738281 0.575868 0.738932 0.574954 0.739583 0.574954 0.740234 0.574040 0.740885 0.573126 0.741536 0.573126 0.742188 0.572212 0.742839 0.571298 0.743490 0.570384 0.744141 0.569470 0.744792 0.568556 0.745443 0.568556 0.746094 0.567642 0.746745 0.567642 0.747396 0.567642 0.748047 0.566728 0.748698 0.565814 0.749349 0.565814 0.750000 0.566728 0.750651 0.567642 0.751302 0.566728 0.751953 0.565814 0.752604 0.565814 0.753255 0.564899 0.753906 0.565814 0.754557 0.564899 0.755208 0.565814 0.755208 0.564899 0.754557 0.563985 0.755208 0.563071 0.755208 0.562157 0.755208 0.561243 0.755859 0.560329 0.756510 0.559415 0.757161 0.560329 0.757812 0.559415 0.758464 0.560329 0.759115 0.559415 0.758464 0.558501 0.759115 0.557587 0.759115 0.556673 0.759766 0.555759 0.760417 0.554845 0.761068 0.553931 0.761068 0.553016 0.761068 0.552102 0.761719 0.551188 0.762370 0.550274 0.762370 0.549360 0.763021 0.548446 0.763021 0.547532 0.763021 0.546618 0.762370 0.545704 0.763021 0.544790 0.763021 0.543876 0.763021 0.542962 0.763021 0.542048 0.762370 0.541133 0.763021 0.540219 0.763021 0.539305 0.763672 0.538391 0.764323 0.537477 0.764323 0.536563 0.763672 0.535649 0.764323 0.534735 0.764323 0.533821 0.764974 0.532907 0.764974 0.531993 0.764974 0.531079 0.764974 0.530165 0.764974 0.529250 0.764974 0.528336 0.764974 0.527422 0.765625 0.526508 0.766276 0.525594 0.765625 0.524680 0.766276 0.523766 0.766276 0.522852 0.766276 0.521938 0.766276 0.521024 0.766927 0.520110 0.766927 0.519196 0.766276 0.518282 0.766927 0.517367 0.766276 0.516453 0.766927 0.515539 0.767578 0.514625 0.766927 0.513711 0.766276 0.512797 0.766276 0.511883 0.765625 0.512797 0.764974 0.511883 0.764323 0.511883
0 0.998047 0.478062 0.997396 0.478976 0.996745 0.479890 0.996094 0.479890 0.996094 0.480804 0.995443 0.481718 0.996094 0.482633 0.996094 0.483547 0.996094 0.484461 0.996094 0.485375 0.996094 0.486289 0.995443 0.487203 0.996094 0.488117 0.995443 0.489031 0.994792 0.489945 0.994141 0.490859 0.993490 0.490859 0.992839 0.490859 0.992188 0.491773 0.991536 0.491773 0.990885 0.490859 0.990234 0.490859 0.989583 0.489945 0.988932 0.489945 0.988281 0.489945 0.988281 0.490859 0.988281 0.491773 0.987630 0.492687 0.986979 0.493601 0.986328 0.492687 0.985677 0.493601 0.985026 0.494516 0.984375 0.493601 0.983724 0.492687 0.983724 0.493601 0.983073 0.494516 0.982422 0.495430 0.983073 0.496344 0.982422 0.497258 0.982422 0.498172 0.982422 0.499086 0.981771 0.500000 0.981120 0.500914 0.981120 0.501828 0.981120 0.502742 0.980469 0.503656 0.979818 0.504570 0.980469 0.505484 0.981120 0.505484 0.981771 0.505484 0.982422 0.506399 0.983073 0.507313 0.983073 0.508227 0.983724 0.509141 0.984375 0.510055 0.984375 0.510969 0.984375 0.511883 0.983724 0.512797 0.984375 0.511883 0.985026 0.512797 0.985677 0.513711 0.986328 0.512797 0.986979 0.513711 0.987630 0.513711 0.988281 0.513711 0.988932 0.513711 0.989583 0.513711 0.990234 0.512797 0.990885 0.512797 0.991536 0.512797 0.992188 0.513711 0.991536 0.512797 0.992188 0.511883 0.992188 0.510969 0.992188 0.510055 0.992839 0.509141 0.992188 0.509141 0.991536 0.508227 0.990885 0.507313 0.990885 0.506399 0.990234 0.505484 0.990885 0.504570 0.991536 0.503656 0.992188 0.503656 0.992839 0.502742 0.993490 0.501828 0.994141 0.501828 0.994792 0.500914 0.995443 0.500000 0.995443 0.499086 0.995443 0.498172 0.996094 0.497258 0.996094 0.496344 0.996745 0.495430 0.996745 0.494516 0.997396 0.493601 0.997396 0.492687 0.997396 0.491773 0.998047 0.490859 0.998698 0.489945 0.998698 0.489031 0.998698 0.488117 0.998698 0.487203 0.998698 0.486289 0.998698 0.485375 0.998698 0.484461 0.998698 0.483547 0.998698 0.482633 0.998698 0.481718 0.998698 0.480804 0.998698 0.479890 0.998698 0.478976 0.998698 0.478062
0 0.574870 0.434186 0.574219 0.435101 0.573568 0.435101 0.572917 0.436015 0.572266 0.435101 0.571615 0.435101 0.571615 0.436015 0.570964 0.436929 0.570312 0.437843 0.569661 0.438757 0.569010 0.439671 0.568359 0.438757 0.567708 0.439671 0.568359 0.440585 0.567708 0.441499 0.567057 0.442413 0.567708 0.442413 0.568359 0.443327 0.569010 0.444241 0.569010 0.445155 0.569010 0.446069 0.569661 0.446069 0.570312 0.446984 0.570964 0.446984 0.571615 0.447898 0.572266 0.447898 0.572917 0.446984 0.573568 0.447898 0.574219 0.447898 0.574870 0.447898 0.575521 0.448812 0.576172 0.449726 0.575521 0.450640 0.576172 0.449726 0.576823 0.450640 0.577474 0.451554 0.577474 0.452468 0.576823 0.453382 0.577474 0.454296 0.578125 0.455210 0.578125 0.456124 0.578776 0.456124 0.579427 0.457038 0.580078 0.457952 0.580729 0.458867 0.581380 0.458867 0.582031 0.459781 0.582682 0.460695 0.582031 0.461609 0.582682 0.462523 0.582682 0.463437 0.582682 0.464351 0.582031 0.465265 0.582031 0.466179 0.582682 0.465265 0.583333 0.466179 0.583984 0.467093 0.583333 0.468007 0.582682 0.468921 0.582031 0.468007 0.581380 0.468921 0.580729 0.469835 0.580078 0.469835 0.580729 0.469835 0.581380 0.470750 0.582031 0.471664 0.582031 0.472578 0.581380 0.473492 0.582031 0.474406 0.582682 0.475320 0.583333 0.476234 0.583333 0.477148 0.583984 0.477148 0.584635 0.477148 0.585286 0.478062 0.585938 0.477148 0.586589 0.478062 0.587240 0.478976 0.587240 0.479890 0.586589 0.480804 0.585938 0.481718 0.585938 0.482633 0.585286 0.483547 0.584635 0.484461 0.583984 0.484461 0.583333 0.485375 0.583333 0.486289 0.582682 0.487203 0.582031 0.488117 0.581380 0.488117 0.581380 0.489031 0.580729 0.489945 0.580729 0.490859 0.580078 0.491773 0.579427 0.492687 0.578776 0.493601 0.579427 0.494516 0.579427 0.495430 0.579427 0.496344 0.578776 0.497258 0.579427 0.498172 0.580078 0.499086 0.580078 0.500000 0.580078 0.500914 0.579427 0.501828 0.580078 0.502742 0.580729 0.503656 0.580729 0.504570 0.581380 0.505484 0.581380 0.506399 0.581380 0.507313 0.581380 0.508227 0.580729 0.509141 0.580078 0.510055 0.580729 0.510969 0.581380 0.511883 0.581380 0.512797 0.581380 0.513711 0.580729 0.514625 0.581380 0.515539 0.582031 0.516453 0.582031 0.517367 0.581380 0.518282 0.582031 0.519196 0.581380 0.520110 0.580729 0.521024 0.580729 0.521938 0.580078 0.522852 0.579427 0.523766 0.579427 0.524680 0.579427 0.525594 0.579427 0.526508 0.579427 0.527422 0.578776 0.528336 0.578776 0.529250 0.578125 0.530165 0.578125 0.531079 0.577474 0.531993 0.577474 0.532907 0.576823 0.533821 0.576823 0.534735 0.576823 0.535649 0.576172 0.536563 0.576823 0.537477 0.576823 0.538391 0.576172 0.539305 0.576172 0.540219 0.576823 0.541133 0.576823 0.542048 0.577474 0.542962 0.577474 0.543876 0.576823 0.544790 0.577474 0.545704 0.576823 0.546618 0.576172 0.547532 0.575521 0.547532 0.574870 0.548446 0.574219 0.549360 0.573568 0.549360 0.573568 0.550274 0.573568 0.551188 0.574219 0.552102 0.574219 0.553016 0.573568 0.553931 0.573568 0.554845 0.572917 0.555759 0.572266 0.556673 0.572917 0.557587 0.572917 0.558501 0.572917 0.559415 0.573568 0.560329 0.574219 0.559415 0.574870 0.560329 0.575521 0.561243 0.575521 0.562157 0.576172 0.563071 0.576823 0.563985 0.576823 0.564899 0.577474 0.563985 0.578125 0.563071 0.578776 0.563071 0.579427 0.562157 0.580078 0.563071 0.580729 0.563071 0.581380 0.563071 0.582031 0.562157 0.582031 0.561243 0.582682 0.560329 0.582682 0.559415 0.583333 0.558501 0.583984 0.557587 0.584635 0.557587 0.585286 0.557587 0.585938 0.558501 0.585286 0.557587 0.585938 0.556673 0.585938 0.555759 0.586589 0.554845 0.586589 0.553931 0.587240 0.553016 0.587891 0.552102 0.587240 0.551188 0.587240 0.550274 0.587891 0.549360 0.588542 0.548446 0.589193 0.547532 0.589844 0.546618 0.589193 0.545704 0.588542 0.544790 0.589193 0.543876 0.588542 0.542962 0.587891 0.542048 0.588542 0.541133 0.588542 0.540219 0.589193 0.539305 0.589844 0.538391 0.590495 0.537477 0.589844 0.537477 0.589193 0.536563 0.588542 0.535649 0.587891 0.534735 0.587891 0.533821 0.587240 0.532907 0.586589 0.531993 0.585938 0.531079 0.585938 0.530165 0.585938 0.529250 0.586589 0.528336 0.585938 0.527422 0.585938 0.526508 0.585938 0.525594 0.586589 0.524680 0.585938 0.523766 0.585938 0.522852 0.586589 0.521938 0.587240 0.521024 0.587891 0.521024 0.588542 0.520110 0.589193 0.520110 0.588542 0.519196 0.588542 0.518282 0.588542 0.517367 0.589193 0.516453 0.588542 0.515539 0.588542 0.514625 0.589193 0.513711 0.589193 0.512797 0.589844 0.511883 0.589844 0.510969 0.589844 0.510055 0.590495 0.509141 0.589844 0.508227 0.589844 0.507313 0.589193 0.506399 0.588542 0.505484 0.588542 0.504570 0.588542 0.503656 0.588542 0.502742 0.588542 0.501828 0.588542 0.500914 0.587891 0.500000 0.588542 0.499086 0.589193 0.498172 0.589844 0.497258 0.590495 0.496344 0.590495 0.495430 0.590495 0.494516 0.590495 0.493601 0.590495 0.492687 0.590495 0.491773 0.590495 0.490859 0.591146 0.489945 0.590495 0.489031 0.589844 0.488117 0.590495 0.487203 0.591146 0.486289 0.591797 0.485375 0.592448 0.484461 0.592448 0.483547 0.593099 0.482633 0.593750 0.481718 0.594401 0.481718 0.594401 0.480804 0.594401 0.479890 0.595052 0.478976 0.595703 0.478062 0.596354 0.477148 0.597005 0.478062 0.597656 0.477148 0.598307 0.477148 0.598958 0.477148 0.599609 0.478062 0.600260 0.477148 0.600911 0.477148 0.601562 0.478062 0.602214 0.477148 0.602865 0.477148 0.603516 0.476234 0.604167 0.477148 0.604818 0.477148 0.605469 0.476234 0.606120 0.476234 0.606771 0.477148 0.607422 0.477148 0.608073 0.477148 0.608724 0.478062 0.609375 0.477148 0.610026 0.477148 0.610677 0.477148 0.611328 0.477148 0.611979 0.477148 0.612630 0.476234 0.612630 0.475320 0.613281 0.474406 0.613932 0.473492 0.613932 0.472578 0.614583 0.471664 0.615234 0.470750 0.614583 0.469835 0.615234 0.468921 0.615885 0.468007 0.616536 0.468007 0.617188 0.468007 0.617839 0.468007 0.618490 0.468007 0.619141 0.468921 0.619792 0.468007 0.620443 0.468007 0.621094 0.468007 0.621094 0.467093 0.621745 0.466179 0.622396 0.465265 0.623047 0.466179 0.623698 0.465265 0.624349 0.465265 0.624349 0.464351 0.625000 0.463437 0.624349 0.462523 0.623698 0.461609 0.623047 0.460695 0.622396 0.460695 0.621745 0.459781 0.621094 0.458867 0.621094 0.457952 0.621745 0.457038 0.622396 0.456124 0.623047 0.457038 0.623698 0.456124 0.624349 0.455210 0.625000 0.456124 0.625651 0.457038 0.625000 0.456124 0.625651 0.455210 0.626302 0.454296 0.626953 0.454296 0.627604 0.453382 0.628255 0.452468 0.628906 0.451554 0.629557 0.450640 0.630208 0.449726 0.629557 0.449726 0.628906 0.448812 0.628255 0.447898 0.627604 0.448812 0.626953 0.449726 0.626302 0.448812 0.625651 0.447898 0.625000 0.448812 0.624349 0.449726 0.623698 0.449726 0.623047 0.450640 0.622396 0.450640 0.621745 0.451554 0.621094 0.452468 0.620443 0.451554 0.619792 0.452468 0.619141 0.451554 0.618490 0.452468 0.617839 0.451554 0.617188 0.450640 0.616536 0.450640 0.615885 0.449726 0.615234 0.449726 0.614583 0.448812 0.613932 0.447898 0.613281 0.446984 0.613932 0.446069 0.613281 0.446984 0.612630 0.446984 0.611979 0.447898 0.611328 0.447898 0.610677 0.446984 0.610026 0.447898 0.609375 0.447898 0.608724 0.448812 0.608073 0.449726 0.608073 0.450640 0.608724 0.451554 0.608724 0.452468 0.608073 0.453382 0.607422 0.454296 0.608073 0.455210 0.607422 0.456124 0.608073 0.457038 0.608073 0.457952 0.607422 0.458867 0.606771 0.459781 0.606120 0.460695 0.605469 0.461609 0.604818 0.460695 0.604167 0.461609 0.603516 0.462523 0.602865 0.462523 0.602214 0.463437 0.601562 0.463437 0.600911 0.463437 0.600260 0.464351 0.599609 0.464351 0.598958 0.465265 0.598307 0.464351 0.597656 0.465265 0.597005 0.466179 0.596354 0.465265 0.595703 0.465265 0.595052 0.466179 0.594401 0.465265 0.593750 0.464351 0.593099 0.465265 0.592448 0.464351 0.591797 0.463437 0.591146 0.462523 0.591797 0.461609 0.592448 0.460695 0.593099 0.460695 0.593099 0.459781 0.592448 0.458867 0.593099 0.457952 0.592448 0.457038 0.591797 0.456124 0.591146 0.455210 0.590495 0.454296 0.589844 0.454296 0.589193 0.453382 0.588542 0.454296 0.587891 0.453382 0.587240 0.452468 0.587240 0.451554 0.587240 0.450640 0.587891 0.449726 0.587240 0.448812 0.587240 0.447898 0.586589 0.446984 0.586589 0.446069 0.586589 0.445155 0.585938 0.445155 0.585286 0.444241 0.584635 0.443327 0.583984 0.443327 0.583333 0.442413 0.582682 0.441499 0.582031 0.440585 0.582682 0.439671 0.582031 0.438757 0.581380 0.437843 0.581380 0.436929 0.580729 0.436015 0.580078 0.435101 0.579427 0.436015 0.578776 0.436929 0.578125 0.436015 0.577474 0.435101 0.576823 0.434186 0.576172 0.434186 0.575521 0.435101
0 0.965495 0.421389 0.964844 0.422303 0.964193 0.422303 0.963542 0.423218 0.962891 0.424132 0.962240 0.425046 0.962891 0.425960 0.962240 0.426874 0.962240 0.427788 0.962240 0.428702 0.962891 0.429616 0.962891 0.430530 0.963542 0.431444 0.964193 0.432358 0.964193 0.433272 0.964844 0.434186 0.965495 0.435101 0.966146 0.435101 0.966797 0.436015 0.967448 0.435101 0.968099 0.435101 0.968750 0.436015 0.969401 0.436929 0.970052 0.437843 0.969401 0.438757 0.970052 0.439671 0.970052 0.440585 0.970703 0.441499 0.970052 0.442413 0.970703 0.443327 0.971354 0.444241 0.971354 0.445155 0.970703 0.446069 0.970052 0.446984 0.970703 0.446984 0.971354 0.447898 0.972005 0.447898 0.972656 0.446984 0.973307 0.447898 0.973958 0.448812 0.973307 0.449726 0.973958 0.450640 0.973307 0.451554 0.973958 0.452468 0.974609 0.452468 0.975260 0.452468 0.975911 0.453382 0.976562 0.454296 0.976562 0.455210 0.976562 0.456124 0.975911 0.457038 0.976562 0.457038 0.977214 0.457952 0.977865 0.457952 0.978516 0.458867 0.979167 0.458867 0.979818 0.459781 0.980469 0.460695 0.981120 0.459781 0.981771 0.459781 0.982422 0.459781 0.983073 0.459781 0.983724 0.460695 0.984375 0.459781 0.985026 0.459781 0.985677 0.460695 0.986328 0.461609 0.986328 0.462523 0.986979 0.462523 0.987630 0.462523 0.988281 0.461609 0.988932 0.460695 0.989583 0.461609 0.990234 0.460695 0.990885 0.460695 0.991536 0.461609 0.992188 0.460695 0.992839 0.460695 0.993490 0.459781 0.994141 0.458867 0.994792 0.457952 0.995443 0.457952 0.996094 0.457952 0.996745 0.458867 0.997396 0.457952 0.998047 0.457038 0.997396 0.456124 0.996745 0.455210 0.996745 0.454296 0.996094 0.453382 0.996745 0.452468 0.996094 0.451554 0.995443 0.451554 0.994792 0.451554 0.994141 0.451554 0.993490 0.451554 0.992839 0.451554 0.992188 0.451554 0.991536 0.450640 0.990885 0.450640 0.990234 0.449726 0.989583 0.448812 0.988932 0.447898 0.989583 0.446984 0.988932 0.446069 0.988281 0.445155 0.987630 0.444241 0.986979 0.443327 0.986979 0.442413 0.986328 0.442413 0.985677 0.441499 0.985026 0.440585 0.984375 0.441499 0.983724 0.440585 0.983073 0.441499 0.982422 0.441499 0.981771 0.440585 0.981120 0.441499 0.980469 0.442413 0.979818 0.442413 0.979167 0.443327 0.978516 0.444241 0.977865 0.443327 0.977214 0.444241 0.976562 0.443327 0.975911 0.442413 0.976562 0.441499 0.975911 0.440585 0.975260 0.439671 0.974609 0.438757 0.974609 0.437843 0.973958 0.436929 0.973307 0.436015 0.973958 0.435101 0.974609 0.434186 0.975260 0.434186 0.974609 0.433272 0.975260 0.432358 0.974609 0.431444 0.975260 0.430530 0.974609 0.429616 0.973958 0.429616 0.973307 0.429616 0.972656 0.429616 0.972005 0.428702 0.971354 0.427788 0.971354 0.426874 0.971354 0.425960 0.970703 0.425046 0.971354 0.424132 0.971354 0.423218 0.970703 0.422303 0.970052 0.421389 0.969401 0.421389 0.968750 0.421389 0.968099 0.422303 0.967448 0.421389 0.966797 0.422303 0.966146 0.422303
0 0.651042 0.407678 0.650391 0.408592 0.649740 0.408592 0.649089 0.408592 0.648438 0.408592 0.647786 0.408592 0.647135 0.409506 0.646484 0.409506 0.645833 0.408592 0.645182 0.409506 0.644531 0.409506 0.643880 0.410420 0.643229 0.409506 0.642578 0.409506 0.642578 0.410420 0.641927 0.411335 0.641276 0.412249 0.640625 0.412249 0.639974 0.413163 0.639323 0.413163 0.638672 0.413163 0.638021 0.414077 0.637370 0.413163 0.637370 0.414077 0.636719 0.414991 0.636068 0.415905 0.635417 0.414991 0.634766 0.415905 0.634115 0.415905 0.633464 0.415905 0.632812 0.415905 0.632161 0.416819 0.631510 0.417733 0.630859 0.417733 0.630208 0.418647 0.629557 0.419561 0.628906 0.420475 0.628255 0.421389 0.627604 0.421389 0.626953 0.422303 0.626302 0.422303 0.626302 0.423218 0.625651 0.424132 0.625000 0.425046 0.624349 0.425960 0.623698 0.426874 0.623047 0.427788 0.623047 0.428702 0.622396 0.429616 0.622396 0.430530 0.621745 0.431444 0.621745 0.432358 0.621094 0.433272 0.621094 0.434186 0.620443 0.435101 0.620443 0.436015 0.619792 0.436929 0.619792 0.437843 0.619141 0.438757 0.618490 0.438757 0.619141 0.439671 0.619141 0.438757 0.619792 0.437843 0.620443 0.436929 0.621094 0.437843 0.621745 0.437843 0.622396 0.437843 0.623047 0.436929 0.623698 0.436929 0.624349 0.436929 0.625000 0.436015 0.625651 0.435101 0.626302 0.436015 0.626953 0.436015 0.627604 0.436929 0.628255 0.437843 0.627604 0.438757 0.626953 0.439671 0.626953 0.440585 0.626302 0.441499 0.626953 0.442413 0.627604 0.443327 0.628255 0.443327 0.628906 0.443327 0.629557 0.443327 0.630208 0.443327 0.630859 0.444241 0.631510 0.443327 0.632161 0.443327 0.632812 0.443327 0.633464 0.444241 0.634115 0.445155 0.634115 0.446069 0.633464 0.446984 0.633464 0.447898 0.632812 0.448812 0.633464 0.449726 0.634115 0.449726 0.634766 0.450640 0.635417 0.449726 0.636068 0.448812 0.636719 0.447898 0.637370 0.446984 0.638021 0.446984 0.638672 0.446984 0.639323 0.446069 0.639974 0.446984 0.640625 0.446984 0.641276 0.446069 0.641927 0.446069 0.642578 0.446984 0.643229 0.446984 0.643880 0.447898 0.644531 0.448812 0.645182 0.447898 0.645833 0.447898 0.646484 0.447898 0.647135 0.447898 0.647786 0.446984 0.648438 0.446069 0.649089 0.446984 0.649740 0.447898 0.650391 0.448812 0.651042 0.449726 0.651042 0.450640 0.650391 0.451554 0.650391 0.452468 0.649740 0.453382 0.649740 0.454296 0.650391 0.455210 0.650391 0.456124 0.651042 0.456124 0.651693 0.457038 0.652344 0.457952 0.652344 0.458867 0.652995 0.459781 0.653646 0.459781 0.654297 0.459781 0.654948 0.459781 0.655599 0.460695 0.656250 0.461609 0.656901 0.462523 0.657552 0.463437 0.657552 0.464351 0.658203 0.464351 0.658854 0.464351 0.659505 0.465265 0.660156 0.465265 0.660807 0.466179 0.661458 0.467093 0.662109 0.468007 0.662760 0.467093 0.663411 0.468007 0.664062 0.468921 0.663411 0.469835 0.664062 0.468921 0.664714 0.468921 0.665365 0.468007 0.666016 0.468921 0.666667 0.468007 0.667318 0.468921 0.667969 0.469835 0.668620 0.470750 0.669271 0.471664 0.669271 0.472578 0.669922 0.473492 0.670573 0.474406 0.671224 0.475320 0.671224 0.476234 0.671875 0.475320 0.672526 0.475320 0.673177 0.476234 0.673828 0.476234 0.674479 0.477148 0.675130 0.478062 0.674479 0.478976 0.675130 0.479890 0.675781 0.480804 0.675781 0.481718 0.676432 0.480804 0.677083 0.481718 0.677734 0.482633 0.677734 0.483547 0.678385 0.484461 0.679036 0.484461 0.679688 0.485375 0.680339 0.484461 0.680990 0.484461 0.681641 0.484461 0.682292 0.483547 0.682943 0.484461 0.683594 0.483547 0.684245 0.483547 0.684896 0.483547 0.685547 0.482633 0.686198 0.482633 0.686849 0.482633 0.687500 0.482633 0.688151 0.482633 0.688151 0.481718 0.688802 0.480804 0.689453 0.479890 0.690104 0.478976 0.690755 0.479890 0.691406 0.478976 0.692057 0.478062 0.692708 0.477148 0.693359 0.476234 0.694010 0.476234 0.694661 0.475320 0.695312 0.474406 0.695312 0.473492 0.695964 0.472578 0.696615 0.471664 0.697266 0.470750 0.697917 0.470750 0.698568 0.471664 0.698568 0.470750 0.699219 0.469835 0.699870 0.468921 0.700521 0.468921 0.701172 0.468007 0.701823 0.468007 0.702474 0.467093 0.703125 0.468007 0.703776 0.468007 0.704427 0.468921 0.705078 0.469835 0.705078 0.470750 0.705078 0.471664 0.705729 0.472578 0.706380 0.473492 0.707031 0.474406 0.706380 0.475320 0.707031 0.476234 0.707682 0.477148 0.707031 0.478062 0.707682 0.478062 0.708333 0.478976 0.708984 0.479890 0.709635 0.480804 0.710286 0.479890 0.710938 0.478976 0.711589 0.478062 0.712240 0.478976 0.712891 0.478062 0.713542 0.478062 0.714193 0.478062 0.714844 0.477148 0.715495 0.478062 0.714844 0.477148 0.715495 0.476234 0.715495 0.475320 0.715495 0.474406 0.714844 0.473492 0.715495 0.472578 0.715495 0.471664 0.716146 0.470750 0.716797 0.469835 0.717448 0.468921 0.718099 0.468007 0.718750 0.467093 0.718099 0.466179 0.718750 0.465265 0.719401 0.464351 0.720052 0.464351 0.720703 0.465265 0.721354 0.466179 0.720703 0.467093 0.721354 0.468007 0.722005 0.468921 0.722656 0.468921 0.723307 0.468921 0.723958 0.468921 0.724609 0.469835 0.725260 0.470750 0.725911 0.469835 0.726562 0.470750 0.727214 0.471664 0.727865 0.472578 0.728516 0.472578 0.729167 0.471664 0.729818 0.471664 0.730469 0.472578 0.731120 0.473492 0.731771 0.474406 0.732422 0.473492 0.733073 0.473492 0.733724 0.473492 0.734375 0.472578 0.735026 0.473492 0.735677 0.473492 0.736328 0.472578 0.736979 0.471664 0.737630 0.471664 0.738281 0.470750 0.738932 0.471664 0.739583 0.470750 0.740234 0.469835 0.740885 0.469835 0.740234 0.468921 0.739583 0.468007 0.740234 0.467093 0.740234 0.466179 0.740234 0.465265 0.740885 0.464351 0.741536 0.463437 0.742188 0.463437 0.741536 0.462523 0.740885 0.461609 0.740885 0.460695 0.740234 0.459781 0.739583 0.459781 0.738932 0.458867 0.738281 0.458867 0.737630 0.457952 0.736979 0.457952 0.736328 0.457952 0.735677 0.457952 0.735026 0.457952 0.734375 0.457038 0.733724 0.457038 0.733073 0.457038 0.732422 0.456124 0.731771 0.455210 0.731120 0.454296 0.730469 0.455210 0.729818 0.456124 0.729167 0.455210 0.728516 0.454296 0.727865 0.453382 0.727865 0.452468 0.727865 0.451554 0.727214 0.450640 0.726562 0.449726 0.725911 0.449726 0.725260 0.448812 0.724609 0.448812 0.723958 0.448812 0.723307 0.448812 0.722656 0.449726 0.722005 0.449726 0.722005 0.450640 0.722656 0.451554 0.722656 0.452468 0.722656 0.453382 0.723307 0.454296 0.723307 0.455210 0.722656 0.456124 0.722005 0.457038 0.721354 0.457038 0.722005 0.457952 0.721354 0.458867 0.720703 0.459781 0.720052 0.460695 0.719401 0.461609 0.718750 0.460695 0.718099 0.461609 0.718750 0.462523 0.718099 0.463437 0.717448 0.464351 0.717448 0.465265 0.716797 0.466179 0.716146 0.467093 0.715495 0.468007 0.714844 0.468007 0.714193 0.467093 0.713542 0.466179 0.714193 0.465265 0.713542 0.464351 0.712891 0.463437 0.712891 0.462523 0.712240 0.461609 0.712240 0.460695 0.711589 0.460695 0.710938 0.459781 0.710286 0.458867 0.710286 0.457952 0.709635 0.457038 0.709635 0.456124 0.710286 0.455210 0.710938 0.454296 0.710286 0.453382 0.710938 0.452468 0.711589 0.451554 0.712240 0.452468 0.712240 0.451554 0.712891 0.450640 0.712891 0.449726 0.712891 0.448812 0.713542 0.447898 0.713542 0.446984 0.713542 0.446069 0.713542 0.445155 0.712891 0.444241 0.712240 0.443327 0.711589 0.442413 0.710938 0.441499 0.710938 0.440585 0.710286 0.440585 0.709635 0.440585 0.708984 0.439671 0.708333 0.439671 0.707682 0.438757 0.707031 0.438757 0.706380 0.437843 0.705729 0.438757 0.705078 0.438757 0.704427 0.439671 0.703776 0.440585 0.703125 0.440585 0.702474 0.440585 0.701823 0.441499 0.701172 0.442413 0.700521 0.443327 0.699870 0.444241 0.699219 0.445155 0.699219 0.446069 0.698568 0.446984 0.697917 0.447898 0.698568 0.448812 0.697917 0.449726 0.697917 0.450640 0.698568 0.449726 0.699219 0.450640 0.699870 0.451554 0.700521 0.452468 0.700521 0.453382 0.699870 0.454296 0.700521 0.455210 0.701172 0.456124 0.700521 0.457038 0.699870 0.457952 0.699870 0.458867 0.699219 0.459781 0.699219 0.460695 0.698568 0.461609 0.697917 0.462523 0.697266 0.461609 0.697266 0.462523 0.696615 0.463437 0.695964 0.464351 0.695312 0.463437 0.694661 0.463437 0.694010 0.464351 0.693359 0.465265 0.692708 0.465265 0.692057 0.465265 0.691406 0.466179 0.690755 0.465265 0.690104 0.466179 0.689453 0.466179 0.688802 0.466179 0.688151 0.466179 0.687500 0.466179 0.686849 0.466179 0.686198 0.466179 0.685547 0.466179 0.684896 0.466179 0.684245 0.465265 0.683594 0.465265 0.682943 0.464351 0.682292 0.464351 0.681641 0.464351 0.680990 0.464351 0.680339 0.463437 0.679688 0.464351 0.679036 0.463437 0.678385 0.462523 0.678385 0.461609 0.677734 0.462523 0.677083 0.461609 0.676432 0.460695 0.675781 0.460695 0.675130 0.461609 0.674479 0.460695 0.673828 0.460695 0.673177 0.460695 0.672526 0.459781 0.671875 0.458867 0.671224 0.459781 0.670573 0.458867 0.669922 0.457952 0.669271 0.457038 0.668620 0.456124 0.668620 0.455210 0.667969 0.454296 0.667318 0.454296 0.666667 0.453382 0.666016 0.454296 0.665365 0.453382 0.664714 0.453382 0.664062 0.454296 0.663411 0.453382 0.662760 0.453382 0.662109 0.452468 0.661458 0.451554 0.660807 0.450640 0.660156 0.451554 0.659505 0.450640 0.658854 0.451554 0.658203 0.450640 0.657552 0.449726 0.656901 0.448812 0.656250 0.449726 0.655599 0.450640 0.654948 0.450640 0.654297 0.449726 0.653646 0.449726 0.652995 0.448812 0.652344 0.447898 0.652344 0.446984 0.652995 0.446069 0.652344 0.445155 0.652995 0.444241 0.652344 0.443327 0.652344 0.442413 0.652344 0.441499 0.652344 0.440585 0.651693 0.439671 0.651693 0.438757 0.651042 0.437843 0.650391 0.436929 0.649740 0.436015 0.649089 0.435101 0.648438 0.434186 0.649089 0.433272 0.649740 0.432358 0.650391 0.431444 0.651042 0.430530 0.651693 0.429616 0.652344 0.428702 0.652995 0.427788 0.653646 0.426874 0.654297 0.426874 0.654948 0.425960 0.655599 0.425960 0.656250 0.425960 0.656901 0.426874 0.656250 0.425960 0.656901 0.425046 0.657552 0.424132 0.656901 0.423218 0.656901 0.422303 0.657552 0.421389 0.656901 0.420475 0.657552 0.419561 0.657552 0.418647 0.656901 0.417733 0.656901 0.416819 0.657552 0.415905 0.656901 0.414991 0.656901 0.414077 0.656250 0.414077 0.655599 0.413163 0.654948 0.412249 0.654297 0.411335 0.653646 0.411335 0.652995 0.410420 0.652344 0.409506 0.651693 0.408592
0 0.938151 0.406764 0.938802 0.407678 0.938151 0.408592 0.937500 0.409506 0.936849 0.409506 0.936198 0.408592 0.935547 0.409506 0.934896 0.408592 0.935547 0.409506 0.934896 0.410420 0.934245 0.411335 0.933594 0.410420 0.932943 0.411335 0.932943 0.412249 0.932292 0.413163 0.932943 0.414077 0.932292 0.414991 0.932292 0.415905 0.932943 0.416819 0.932292 0.417733 0.932943 0.418647 0.932292 0.419561 0.932943 0.420475 0.932943 0.421389 0.932943 0.422303 0.933594 0.423218 0.933594 0.424132 0.933594 0.425046 0.934245 0.425960 0.933594 0.426874 0.934245 0.427788 0.934245 0.428702 0.934896 0.428702 0.935547 0.428702 0.936198 0.429616 0.936849 0.430530 0.937500 0.431444 0.938151 0.432358 0.937500 0.433272 0.938151 0.434186 0.937500 0.435101 0.936849 0.436015 0.936849 0.436929 0.936198 0.437843 0.935547 0.438757 0.935547 0.439671 0.936198 0.439671 0.936849 0.440585 0.937500 0.441499 0.936849 0.442413 0.936849 0.443327 0.936849 0.444241 0.936849 0.445155 0.936198 0.446069 0.935547 0.446984 0.934896 0.447898 0.934896 0.448812 0.934245 0.449726 0.933594 0.450640 0.932943 0.451554 0.932292 0.451554 0.931641 0.451554 0.930990 0.451554 0.930339 0.451554 0.929688 0.452468 0.929036 0.451554 0.928385 0.452468 0.927734 0.453382 0.927083 0.453382 0.926432 0.453382 0.925781 0.453382 0.925130 0.452468 0.924479 0.451554 0.923828 0.451554 0.923177 0.452468 0.922526 0.451554 0.921875 0.450640 0.921224 0.450640 0.920573 0.449726 0.919922 0.448812 0.919271 0.447898 0.918620 0.446984 0.917969 0.446069 0.917318 0.446069 0.916667 0.445155 0.916016 0.445155 0.915365 0.444241 0.914714 0.443327 0.914062 0.444241 0.913411 0.444241 0.912760 0.443327 0.912109 0.443327 0.911458 0.442413 0.910807 0.441499 0.911458 0.440585 0.910807 0.439671 0.910156 0.438757 0.910807 0.437843 0.910156 0.436929 0.910807 0.436015 0.910156 0.435101 0.909505 0.434186 0.908854 0.434186 0.908203 0.433272 0.907552 0.432358 0.906901 0.431444 0.906250 0.430530 0.906250 0.429616 0.906250 0.428702 0.905599 0.427788 0.904948 0.426874 0.904297 0.427788 0.903646 0.427788 0.902995 0.426874 0.902344 0.425960 0.901693 0.425046 0.901042 0.424132 0.900391 0.424132 0.899740 0.423218 0.899089 0.422303 0.898438 0.422303 0.897786 0.422303 0.897135 0.422303 0.896484 0.421389 0.895833 0.422303 0.895182 0.423218 0.894531 0.422303 0.893880 0.422303 0.893229 0.422303 0.892578 0.421389 0.891927 0.422303 0.891276 0.421389 0.890625 0.421389 0.889974 0.422303 0.889323 0.422303 0.888672 0.423218 0.888021 0.423218 0.888021 0.424132 0.887370 0.425046 0.886719 0.425960 0.886719 0.426874 0.886068 0.427788 0.885417 0.428702 0.884766 0.428702 0.884115 0.429616 0.883464 0.430530 0.884115 0.431444 0.884115 0.432358 0.883464 0.433272 0.884115 0.434186 0.884766 0.435101 0.884766 0.436015 0.884766 0.436929 0.885417 0.437843 0.884766 0.438757 0.884766 0.439671 0.885417 0.440585 0.885417 0.441499 0.885417 0.442413 0.886068 0.443327 0.886719 0.444241 0.887370 0.445155 0.888021 0.445155 0.888672 0.446069 0.888672 0.445155 0.889323 0.444241 0.889974 0.443327 0.890625 0.442413 0.891276 0.442413 0.891927 0.442413 0.892578 0.441499 0.893229 0.442413 0.893880 0.441499 0.894531 0.440585 0.895182 0.440585 0.895833 0.440585 0.896484 0.440585 0.897135 0.441499 0.897786 0.442413 0.898438 0.442413 0.899089 0.442413 0.899740 0.441499 0.900391 0.441499 0.901042 0.441499 0.901693 0.441499 0.902344 0.442413 0.902995 0.443327 0.903646 0.442413 0.904297 0.443327 0.904948 0.444241 0.905599 0.444241 0.906250 0.444241 0.906901 0.445155 0.907552 0.446069 0.906901 0.446984 0.906901 0.447898 0.907552 0.448812 0.906901 0.449726 0.906250 0.450640 0.905599 0.450640 0.904948 0.449726 0.904297 0.450640 0.903646 0.451554 0.902995 0.450640 0.902995 0.451554 0.902344 0.452468 0.902344 0.453382 0.902995 0.454296 0.902995 0.455210 0.903646 0.455210 0.904297 0.455210 0.904948 0.456124 0.905599 0.457038 0.905599 0.457952 0.906250 0.458867 0.906901 0.459781 0.906901 0.460695 0.907552 0.461609 0.908203 0.462523 0.908854 0.463437 0.909505 0.463437 0.910156 0.463437 0.910807 0.462523 0.911458 0.463437 0.912109 0.463437 0.912760 0.463437 0.913411 0.464351 0.914062 0.463437 0.914714 0.463437 0.915365 0.464351 0.916016 0.465265 0.916667 0.466179 0.917318 0.467093 0.917969 0.468007 0.918620 0.468921 0.919271 0.468007 0.919922 0.467093 0.920573 0.467093 0.921224 0.466179 0.921875 0.466179 0.922526 0.467093 0.923177 0.466179 0.923828 0.465265 0.924479 0.466179 0.925130 0.466179 0.925781 0.466179 0.926432 0.465265 0.927083 0.464351 0.927734 0.463437 0.928385 0.463437 0.929036 0.462523 0.929688 0.461609 0.930339 0.461609 0.930990 0.460695 0.931641 0.460695 0.932292 0.460695 0.932943 0.460695 0.933594 0.459781 0.934245 0.458867 0.934896 0.458867 0.935547 0.457952 0.936198 0.457038 0.936849 0.457952 0.937500 0.457038 0.938151 0.457038 0.938802 0.457038 0.939453 0.456124 0.940104 0.457038 0.940755 0.456124 0.941406 0.456124 0.942057 0.455210 0.942708 0.455210 0.943359 0.455210 0.944010 0.455210 0.943359 0.454296 0.944010 0.453382 0.944661 0.452468 0.945312 0.453382 0.945964 0.452468 0.946615 0.452468 0.947266 0.452468 0.947917 0.452468 0.948568 0.453382 0.949219 0.452468 0.949870 0.452468 0.950521 0.453382 0.951172 0.454296 0.950521 0.455210 0.951172 0.456124 0.951172 0.457038 0.950521 0.457952 0.951172 0.458867 0.951823 0.459781 0.952474 0.460695 0.952474 0.461609 0.953125 0.462523 0.953776 0.461609 0.954427 0.461609 0.955078 0.460695 0.955729 0.460695 0.956380 0.460695 0.956380 0.459781 0.956380 0.458867 0.957031 0.457952 0.957682 0.457038 0.958333 0.457038 0.958984 0.456124 0.959635 0.455210 0.960286 0.454296 0.960286 0.453382 0.959635 0.452468 0.959635 0.451554 0.958984 0.451554 0.958333 0.450640 0.957682 0.449726 0.958333 0.448812 0.957682 0.449726 0.957031 0.450640 0.956380 0.450640 0.955729 0.451554 0.955078 0.451554 0.954427 0.452468 0.953776 0.452468 0.953125 0.452468 0.952474 0.452468 0.951823 0.451554 0.951172 0.451554 0.950521 0.451554 0.949870 0.450640 0.949219 0.449726 0.949870 0.448812 0.949219 0.448812 0.948568 0.447898 0.947917 0.446984 0.947917 0.446069 0.947917 0.445155 0.947917 0.444241 0.947266 0.443327 0.946615 0.442413 0.946615 0.441499 0.945964 0.440585 0.945312 0.439671 0.945312 0.438757 0.945312 0.437843 0.945312 0.436929 0.945964 0.436015 0.946615 0.435101 0.945964 0.434186 0.945964 0.433272 0.945964 0.432358 0.945964 0.431444 0.945964 0.430530 0.945964 0.429616 0.946615 0.428702 0.945964 0.427788 0.945964 0.426874 0.945312 0.425960 0.945964 0.425046 0.946615 0.424132 0.947266 0.424132 0.947266 0.423218 0.946615 0.422303 0.947266 0.421389 0.947266 0.420475 0.946615 0.419561 0.945964 0.418647 0.945964 0.417733 0.945312 0.417733 0.944661 0.416819 0.944010 0.415905 0.944661 0.414991 0.944010 0.414077 0.943359 0.413163 0.943359 0.412249 0.943359 0.411335 0.942708 0.410420 0.942057 0.409506 0.941406 0.409506 0.940755 0.408592 0.940104 0.408592 0.939453 0.407678 0.938802 0.407678
0 0.981771 0.381170 0.981120 0.382084 0.980469 0.382998 0.979818 0.382998 0.979167 0.382084 0.978516 0.382084 0.977865 0.382998 0.977214 0.382998 0.976562 0.382084 0.975911 0.382084 0.975260 0.382998 0.974609 0.383912 0.973958 0.383912 0.973307 0.384826 0.972656 0.384826 0.972005 0.385740 0.971354 0.385740 0.970703 0.386654 0.970052 0.387569 0.969401 0.388483 0.970052 0.389397 0.969401 0.390311 0.969401 0.391225 0.969401 0.392139 0.968750 0.393053 0.968750 0.393967 0.968099 0.394881 0.968099 0.395795 0.968099 0.396709 0.968099 0.397623 0.967448 0.398537 0.967448 0.399452 0.968099 0.400366 0.967448 0.401280 0.967448 0.402194 0.968099 0.403108 0.968750 0.403108 0.969401 0.404022 0.970052 0.404936 0.969401 0.405850 0.970052 0.406764 0.970052 0.407678 0.970703 0.408592 0.971354 0.408592 0.972005 0.409506 0.972656 0.410420 0.972656 0.411335 0.973307 0.412249 0.973307 0.413163 0.973958 0.412249 0.974609 0.413163 0.975260 0.413163 0.975911 0.413163 0.976562 0.414077 0.977214 0.413163 0.977865 0.412249 0.978516 0.412249 0.979167 0.413163 0.979818 0.412249 0.980469 0.412249 0.981120 0.411335 0.981771 0.411335 0.982422 0.412249 0.983073 0.413163 0.983724 0.412249 0.984375 0.412249 0.985026 0.412249 0.985677 0.412249 0.986328 0.412249 0.986979 0.411335 0.987630 0.410420 0.988281 0.409506 0.988281 0.408592 0.988281 0.407678 0.988932 0.406764 0.988281 0.405850 0.988281 0.404936 0.988281 0.404022 0.988281 0.403108 0.988281 0.402194 0.988932 0.401280 0.989583 0.400366 0.990234 0.399452 0.990885 0.398537 0.990234 0.397623 0.990885 0.396709 0.990885 0.395795 0.990234 0.394881 0.990234 0.393967 0.989583 0.393053 0.989583 0.392139 0.989583 0.391225 0.989583 0.390311 0.988932 0.390311 0.988281 0.389397 0.987630 0.388483 0.986979 0.388483 0.986328 0.388483 0.985677 0.387569 0.985026 0.386654 0.984375 0.385740 0.984375 0.384826 0.985026 0.383912 0.985026 0.382998 0.984375 0.382998 0.983724 0.382998 0.983073 0.382084 0.982422 0.382084
0 0.796875 0.381170 0.796875 0.382084 0.796224 0.382998 0.795573 0.383912 0.794922 0.384826 0.794922 0.385740 0.794922 0.386654 0.794922 0.387569 0.794271 0.388483 0.794271 0.389397 0.794271 0.390311 0.794922 0.391225 0.794922 0.392139 0.794271 0.393053 0.794271 0.393967 0.793620 0.394881 0.794271 0.395795 0.794922 0.396709 0.794922 0.397623 0.795573 0.398537 0.795573 0.399452 0.794922 0.400366 0.795573 0.401280 0.794922 0.402194 0.795573 0.403108 0.796224 0.404022 0.796224 0.404936 0.796875 0.405850 0.796875 0.406764 0.796875 0.407678 0.797526 0.408592 0.797526 0.409506 0.797526 0.410420 0.797526 0.411335 0.796875 0.412249 0.796224 0.413163 0.795573 0.414077 0.794922 0.414991 0.794271 0.415905 0.794922 0.416819 0.794922 0.417733 0.794271 0.418647 0.794271 0.419561 0.793620 0.420475 0.794271 0.421389 0.794922 0.422303 0.794922 0.423218 0.795573 0.424132 0.794922 0.425046 0.795573 0.425960 0.795573 0.426874 0.795573 0.427788 0.795573 0.428702 0.796224 0.429616 0.796875 0.430530 0.796875 0.431444 0.797526 0.431444 0.798177 0.430530 0.798828 0.431444 0.798177 0.430530 0.798177 0.429616 0.798828 0.428702 0.799479 0.427788 0.800130 0.427788 0.800781 0.428702 0.801432 0.429616 0.801432 0.430530 0.800781 0.431444 0.801432 0.432358 0.802083 0.433272 0.802734 0.433272 0.803385 0.433272 0.804036 0.434186 0.804688 0.435101 0.804036 0.436015 0.804688 0.436929 0.805339 0.437843 0.804688 0.438757 0.805339 0.439671 0.805990 0.440585 0.805339 0.441499 0.805990 0.442413 0.806641 0.443327 0.805990 0.444241 0.805339 0.445155 0.804688 0.446069 0.804036 0.446984 0.804036 0.447898 0.803385 0.448812 0.802734 0.449726 0.802734 0.450640 0.802083 0.451554 0.801432 0.452468 0.800781 0.453382 0.800130 0.454296 0.799479 0.455210 0.798828 0.456124 0.798177 0.457038 0.797526 0.456124 0.796875 0.457038 0.796224 0.457038 0.795573 0.457038 0.794922 0.457952 0.794271 0.457952 0.793620 0.457038 0.792969 0.456124 0.792318 0.455210 0.792318 0.454296 0.792318 0.455210 0.791667 0.456124 0.791016 0.457038 0.790365 0.457038 0.789714 0.457952 0.789062 0.457952 0.788411 0.457038 0.787760 0.457952 0.787109 0.457952 0.787760 0.458867 0.787109 0.459781 0.786458 0.460695 0.785807 0.461609 0.785156 0.461609 0.785807 0.462523 0.785807 0.463437 0.786458 0.464351 0.787109 0.465265 0.787760 0.466179 0.787760 0.467093 0.788411 0.468007 0.787760 0.468921 0.788411 0.469835 0.789062 0.470750 0.789062 0.471664 0.789714 0.471664 0.790365 0.472578 0.791016 0.471664 0.791667 0.470750 0.792318 0.469835 0.792969 0.470750 0.793620 0.470750 0.794271 0.469835 0.794922 0.468921 0.795573 0.468921 0.795573 0.468007 0.795573 0.467093 0.796224 0.466179 0.796875 0.465265 0.797526 0.465265 0.797526 0.464351 0.798177 0.463437 0.798828 0.462523 0.799479 0.463437 0.800130 0.462523 0.800781 0.461609 0.801432 0.460695 0.802083 0.460695 0.802734 0.460695 0.802083 0.459781 0.802734 0.458867 0.803385 0.457952 0.804036 0.457952 0.804688 0.457038 0.805339 0.456124 0.805990 0.456124 0.806641 0.456124 0.807292 0.457038 0.807943 0.457952 0.808594 0.457952 0.809245 0.457952 0.809896 0.457952 0.810547 0.457952 0.811198 0.458867 0.811849 0.457952 0.812500 0.457952 0.813151 0.457952 0.813802 0.457038 0.814453 0.456124 0.815104 0.456124 0.815755 0.455210 0.816406 0.454296 0.817057 0.455210 0.817708 0.455210 0.818359 0.454296 0.819010 0.454296 0.819661 0.454296 0.820312 0.453382 0.820964 0.454296 0.821615 0.453382 0.822266 0.454296 0.822917 0.454296 0.823568 0.454296 0.824219 0.455210 0.824870 0.456124 0.825521 0.457038 0.826172 0.457038 0.826823 0.457038 0.827474 0.457952 0.828125 0.458867 0.828776 0.459781 0.828776 0.460695 0.829427 0.461609 0.830078 0.462523 0.830729 0.463437 0.831380 0.462523 0.832031 0.462523 0.832682 0.463437 0.833333 0.462523 0.833984 0.463437 0.834635 0.464351 0.835286 0.463437 0.835938 0.464351 0.836589 0.463437 0.837240 0.463437 0.837891 0.463437 0.838542 0.464351 0.839193 0.465265 0.839193 0.466179 0.839844 0.467093 0.839193 0.468007 0.839193 0.468921 0.839844 0.469835 0.839844 0.470750 0.839193 0.471664 0.839193 0.472578 0.839193 0.473492 0.839844 0.474406 0.839844 0.475320 0.839844 0.476234 0.839193 0.477148 0.839844 0.478062 0.839844 0.478976 0.839193 0.479890 0.839844 0.480804 0.840495 0.481718 0.839844 0.482633 0.840495 0.483547 0.840495 0.484461 0.840495 0.485375 0.841146 0.486289 0.840495 0.487203 0.839844 0.488117 0.839193 0.489031 0.838542 0.489945 0.837891 0.489945 0.838542 0.490859 0.838542 0.491773 0.838542 0.492687 0.838542 0.493601 0.838542 0.494516 0.838542 0.495430 0.838542 0.496344 0.838542 0.497258 0.839193 0.498172 0.839844 0.499086 0.840495 0.500000 0.841146 0.500914 0.841797 0.500914 0.842448 0.500914 0.843099 0.500914 0.843750 0.500914 0.844401 0.500914 0.845052 0.500914 0.845703 0.500000 0.846354 0.499086 0.846354 0.498172 0.846354 0.497258 0.847005 0.496344 0.847005 0.495430 0.847005 0.494516 0.847656 0.493601 0.847005 0.492687 0.847656 0.491773 0.847005 0.490859 0.847656 0.489945 0.847005 0.489031 0.846354 0.488117 0.847005 0.487203 0.847656 0.486289 0.847005 0.485375 0.847005 0.484461 0.847005 0.483547 0.847005 0.482633 0.847656 0.481718 0.847005 0.480804 0.846354 0.479890 0.846354 0.478976 0.847005 0.478062 0.847005 0.477148 0.846354 0.476234 0.846354 0.475320 0.847005 0.474406 0.846354 0.474406 0.845703 0.473492 0.845052 0.472578 0.845703 0.471664 0.845052 0.470750 0.845703 0.469835 0.845052 0.468921 0.845052 0.468007 0.845052 0.467093 0.845052 0.466179 0.845052 0.465265 0.845703 0.464351 0.846354 0.463437 0.847005 0.462523 0.847005 0.461609 0.847005 0.460695 0.847656 0.459781 0.847656 0.458867 0.847005 0.457952 0.846354 0.457038 0.847005 0.456124 0.846354 0.457038 0.845703 0.457952 0.845052 0.457038 0.844401 0.457952 0.843750 0.457038 0.843099 0.457952 0.842448 0.457952 0.841797 0.457952 0.841146 0.457952 0.840495 0.458867 0.839844 0.457952 0.839193 0.458867 0.838542 0.458867 0.837891 0.459781 0.837240 0.459781 0.836589 0.458867 0.835938 0.458867 0.835286 0.457952 0.834635 0.457038 0.834635 0.456124 0.833984 0.456124 0.833333 0.455210 0.832682 0.456124 0.832031 0.455210 0.831380 0.454296 0.830729 0.454296 0.830078 0.453382 0.829427 0.453382 0.828776 0.452468 0.828125 0.452468 0.827474 0.451554 0.826823 0.451554 0.826172 0.450640 0.825521 0.450640 0.824870 0.449726 0.824219 0.449726 0.823568 0.448812 0.822917 0.449726 0.822266 0.448812 0.821615 0.447898 0.821615 0.446984 0.820964 0.447898 0.820312 0.446984 0.819661 0.446069 0.819010 0.446069 0.818359 0.445155 0.817708 0.444241 0.817708 0.443327 0.817057 0.442413 0.817057 0.441499 0.816406 0.442413 0.815755 0.441499 0.815104 0.440585 0.815104 0.439671 0.814453 0.439671 0.813802 0.439671 0.813151 0.438757 0.812500 0.437843 0.811849 0.436929 0.812500 0.436015 0.811849 0.436929 0.811198 0.436015 0.810547 0.436015 0.809896 0.435101 0.809245 0.436015 0.808594 0.435101 0.807943 0.434186 0.807292 0.433272 0.806641 0.432358 0.807292 0.431444 0.806641 0.430530 0.806641 0.429616 0.805990 0.428702 0.806641 0.427788 0.806641 0.426874 0.805990 0.425960 0.805990 0.425046 0.805990 0.424132 0.805990 0.423218 0.805339 0.422303 0.805990 0.421389 0.805339 0.420475 0.805339 0.419561 0.805339 0.418647 0.805339 0.417733 0.805339 0.416819 0.805339 0.415905 0.805339 0.414991 0.805339 0.414077 0.804688 0.413163 0.805339 0.412249 0.804688 0.411335 0.805339 0.410420 0.805339 0.409506 0.804688 0.408592 0.804688 0.407678 0.805339 0.406764 0.805990 0.405850 0.805339 0.404936 0.804688 0.404022 0.805339 0.403108 0.805339 0.402194 0.805339 0.401280 0.805990 0.400366 0.806641 0.399452 0.806641 0.398537 0.805990 0.397623 0.805339 0.396709 0.805339 0.395795 0.805339 0.394881 0.805339 0.393967 0.805990 0.393053 0.805339 0.392139 0.805339 0.391225 0.805990 0.390311 0.806641 0.389397 0.807292 0.388483 0.806641 0.387569 0.805990 0.386654 0.806641 0.385740 0.805990 0.385740 0.805339 0.384826 0.804688 0.383912 0.804688 0.382998 0.804036 0.382084 0.804036 0.381170 0.803385 0.382084 0.802734 0.381170 0.802083 0.381170 0.801432 0.381170 0.800781 0.381170 0.800130 0.381170 0.799479 0.381170 0.798828 0.381170 0.798177 0.381170 0.797526 0.382084
0 0.556641 0.364717 0.555990 0.365631 0.555339 0.366545 0.554688 0.366545 0.554036 0.367459 0.553385 0.367459 0.552734 0.366545 0.552083 0.365631 0.552083 0.366545 0.551432 0.367459 0.550781 0.368373 0.550130 0.368373 0.550130 0.369287 0.549479 0.370201 0.548828 0.371115 0.548177 0.370201 0.547526 0.370201 0.546875 0.371115 0.546224 0.372029 0.545573 0.372943 0.544922 0.372943 0.544271 0.373857 0.544922 0.374771 0.544271 0.375686 0.543620 0.376600 0.544271 0.377514 0.544922 0.378428 0.544271 0.379342 0.543620 0.380256 0.542969 0.380256 0.542318 0.379342 0.541667 0.380256 0.541016 0.380256 0.540365 0.381170 0.540365 0.382084 0.539714 0.382998 0.540365 0.383912 0.539714 0.384826 0.539062 0.385740 0.538411 0.386654 0.538411 0.387569 0.537760 0.388483 0.537109 0.389397 0.537760 0.390311 0.537109 0.391225 0.537760 0.392139 0.538411 0.393053 0.539062 0.393967 0.539062 0.394881 0.539714 0.395795 0.540365 0.396709 0.541016 0.397623 0.541667 0.398537 0.542318 0.399452 0.542318 0.400366 0.542318 0.401280 0.541667 0.402194 0.541016 0.403108 0.541667 0.404022 0.541667 0.404936 0.541016 0.405850 0.541667 0.406764 0.542318 0.407678 0.542969 0.408592 0.542318 0.409506 0.542969 0.410420 0.542318 0.411335 0.541667 0.412249 0.542318 0.413163 0.542969 0.414077 0.543620 0.413163 0.544271 0.414077 0.544922 0.413163 0.545573 0.414077 0.546224 0.414991 0.545573 0.415905 0.545573 0.416819 0.546224 0.416819 0.546875 0.417733 0.547526 0.418647 0.548177 0.418647 0.548828 0.419561 0.549479 0.418647 0.550130 0.419561 0.550781 0.420475 0.550781 0.421389 0.551432 0.421389 0.552083 0.422303 0.552734 0.423218 0.553385 0.423218 0.554036 0.423218 0.554688 0.423218 0.555339 0.423218 0.555990 0.423218 0.556641 0.424132 0.557292 0.425046 0.557943 0.424132 0.558594 0.424132 0.559245 0.424132 0.559896 0.425046 0.560547 0.424132 0.561198 0.425046 0.561849 0.424132 0.562500 0.423218 0.563151 0.423218 0.563151 0.422303 0.563802 0.421389 0.563151 0.420475 0.563151 0.419561 0.562500 0.418647 0.563151 0.417733 0.563802 0.416819 0.564453 0.417733 0.563802 0.416819 0.564453 0.415905 0.565104 0.414991 0.565755 0.414077 0.566406 0.414991 0.565755 0.414077 0.565755 0.413163 0.565104 0.412249 0.565755 0.411335 0.565755 0.410420 0.566406 0.409506 0.567057 0.408592 0.567708 0.407678 0.568359 0.408592 0.569010 0.407678 0.569661 0.407678 0.570312 0.408592 0.570964 0.407678 0.571615 0.407678 0.572266 0.408592 0.571615 0.407678 0.571615 0.406764 0.571615 0.405850 0.570964 0.404936 0.571615 0.404022 0.570964 0.403108 0.571615 0.402194 0.572266 0.401280 0.572917 0.401280 0.572917 0.400366 0.573568 0.399452 0.573568 0.398537 0.574219 0.397623 0.573568 0.396709 0.572917 0.395795 0.572917 0.394881 0.572266 0.393967 0.572266 0.393053 0.572917 0.392139 0.572917 0.391225 0.572266 0.390311 0.572917 0.389397 0.572266 0.388483 0.572917 0.387569 0.572917 0.386654 0.572266 0.385740 0.572266 0.384826 0.571615 0.383912 0.570964 0.382998 0.570312 0.382998 0.569661 0.382084 0.569010 0.381170 0.569010 0.380256 0.568359 0.379342 0.568359 0.378428 0.567708 0.378428 0.567057 0.377514 0.566406 0.376600 0.566406 0.375686 0.565755 0.374771 0.565755 0.373857 0.565104 0.372943 0.564453 0.372029 0.563802 0.371115 0.563802 0.370201 0.563151 0.370201 0.562500 0.369287 0.561849 0.368373 0.561198 0.367459 0.560547 0.367459 0.559896 0.367459 0.559245 0.366545 0.558594 0.365631 0.557943 0.364717 0.557292 0.365631
0 0.475911 0.358318 0.475260 0.359232 0.474609 0.359232 0.473958 0.360146 0.473307 0.359232 0.472656 0.359232 0.472005 0.360146 0.471354 0.361060 0.470703 0.361060 0.470052 0.361974 0.469401 0.361974 0.468750 0.361974 0.468099 0.361060 0.468750 0.361974 0.468750 0.362888 0.468099 0.363803 0.467448 0.364717 0.466797 0.365631 0.466146 0.366545 0.465495 0.367459 0.464844 0.368373 0.464844 0.369287 0.465495 0.370201 0.464844 0.371115 0.465495 0.372029 0.466146 0.372943 0.466797 0.373857 0.466797 0.374771 0.466146 0.375686 0.466797 0.375686 0.467448 0.376600 0.468099 0.377514 0.467448 0.378428 0.468099 0.379342 0.467448 0.380256 0.466797 0.381170 0.466146 0.382084 0.466146 0.382998 0.466797 0.383912 0.466146 0.384826 0.465495 0.385740 0.466146 0.386654 0.466146 0.387569 0.465495 0.388483 0.466146 0.388483 0.466797 0.389397 0.467448 0.390311 0.468099 0.391225 0.468099 0.392139 0.468099 0.393053 0.467448 0.393967 0.468099 0.394881 0.468750 0.395795 0.468099 0.396709 0.468750 0.397623 0.468099 0.398537 0.468750 0.398537 0.469401 0.399452 0.470052 0.400366 0.469401 0.401280 0.470052 0.400366 0.470703 0.401280 0.471354 0.400366 0.472005 0.401280 0.472656 0.401280 0.473307 0.402194 0.472656 0.401280 0.473307 0.400366 0.473958 0.399452 0.474609 0.400366 0.475260 0.401280 0.474609 0.402194 0.475260 0.401280 0.475911 0.402194 0.476562 0.401280 0.477214 0.401280 0.477865 0.402194 0.478516 0.402194 0.479167 0.402194 0.479818 0.402194 0.480469 0.403108 0.481120 0.404022 0.481771 0.403108 0.482422 0.404022 0.483073 0.404022 0.483724 0.403108 0.484375 0.402194 0.485026 0.401280 0.485677 0.400366 0.485677 0.399452 0.485677 0.398537 0.485026 0.397623 0.484375 0.398537 0.483724 0.398537 0.483073 0.397623 0.482422 0.397623 0.481771 0.396709 0.481120 0.395795 0.481120 0.394881 0.480469 0.393967 0.481120 0.393053 0.480469 0.392139 0.480469 0.391225 0.481120 0.390311 0.480469 0.389397 0.479818 0.388483 0.479167 0.387569 0.479167 0.386654 0.478516 0.387569 0.477865 0.386654 0.477214 0.385740 0.477214 0.384826 0.477865 0.383912 0.478516 0.382998 0.479167 0.382998 0.479818 0.382084 0.480469 0.382084 0.481120 0.382998 0.481771 0.382084 0.482422 0.382998 0.483073 0.383912 0.483073 0.384826 0.483724 0.385740 0.484375 0.384826 0.484375 0.383912 0.485026 0.382998 0.485677 0.382084 0.486328 0.381170 0.486979 0.381170 0.487630 0.381170 0.488281 0.380256 0.488932 0.380256 0.489583 0.381170 0.490234 0.381170 0.490885 0.382084 0.491536 0.382998 0.492188 0.383912 0.492839 0.382998 0.493490 0.382998 0.494141 0.383912 0.494792 0.382998 0.495443 0.382998 0.496094 0.382998 0.496745 0.383912 0.497396 0.383912 0.498047 0.383912 0.498698 0.384826 0.499349 0.385740 0.500000 0.386654 0.499349 0.387569 0.500000 0.388483 0.500651 0.389397 0.500651 0.390311 0.500651 0.391225 0.501302 0.391225 0.501953 0.392139 0.502604 0.392139 0.503255 0.392139 0.503906 0.393053 0.504557 0.392139 0.505208 0.393053 0.505859 0.393967 0.505859 0.394881 0.506510 0.395795 0.507161 0.395795 0.507812 0.396709 0.508464 0.396709 0.509115 0.396709 0.509766 0.396709 0.510417 0.395795 0.511068 0.395795 0.511719 0.396709 0.512370 0.397623 0.513021 0.398537 0.513021 0.399452 0.513021 0.400366 0.513021 0.401280 0.512370 0.402194 0.511719 0.403108 0.511719 0.404022 0.512370 0.404936 0.512370 0.405850 0.513021 0.405850 0.513672 0.406764 0.514323 0.405850 0.514974 0.406764 0.515625 0.407678 0.515625 0.408592 0.516276 0.409506 0.515625 0.410420 0.514974 0.411335 0.514323 0.412249 0.513672 0.411335 0.513021 0.412249 0.512370 0.413163 0.511719 0.413163 0.512370 0.414077 0.511719 0.414991 0.511068 0.415905 0.510417 0.414991 0.509766 0.414991 0.509115 0.415905 0.508464 0.415905 0.507812 0.414991 0.508464 0.415905 0.508464 0.416819 0.507812 0.417733 0.507812 0.418647 0.507161 0.419561 0.506510 0.420475 0.505859 0.420475 0.506510 0.421389 0.505859 0.422303 0.506510 0.423218 0.506510 0.424132 0.507161 0.423218 0.507812 0.424132 0.508464 0.423218 0.509115 0.424132 0.509766 0.423218 0.509766 0.422303 0.510417 0.421389 0.511068 0.420475 0.511068 0.419561 0.510417 0.418647 0.511068 0.417733 0.511719 0.416819 0.512370 0.417733 0.513021 0.418647 0.512370 0.419561 0.512370 0.420475 0.512370 0.421389 0.513021 0.422303 0.513021 0.423218 0.513672 0.424132 0.513672 0.425046 0.514323 0.425960 0.514974 0.425046 0.515625 0.425960 0.516276 0.426874 0.515625 0.427788 0.516276 0.427788 0.516927 0.428702 0.517578 0.429616 0.517578 0.430530 0.518229 0.429616 0.518880 0.429616 0.519531 0.429616 0.519531 0.428702 0.519531 0.427788 0.520182 0.426874 0.520833 0.425960 0.521484 0.425960 0.522135 0.426874 0.522135 0.425960 0.522786 0.425046 0.523438 0.424132 0.524089 0.424132 0.524740 0.424132 0.525391 0.423218 0.524740 0.422303 0.524740 0.421389 0.524740 0.420475 0.524089 0.420475 0.523438 0.419561 0.522786 0.420475 0.522135 0.419561 0.521484 0.418647 0.520833 0.417733 0.521484 0.416819 0.520833 0.417733 0.520182 0.417733 0.519531 0.418647 0.518880 0.419561 0.518229 0.420475 0.517578 0.421389 0.516927 0.420475 0.516276 0.421389 0.515625 0.421389 0.514974 0.420475 0.514323 0.420475 0.513672 0.421389 0.513021 0.420475 0.512370 0.419561 0.513021 0.418647 0.513672 0.417733 0.514323 0.418647 0.514974 0.418647 0.515625 0.417733 0.516276 0.416819 0.516927 0.415905 0.517578 0.414991 0.518229 0.414991 0.518880 0.414077 0.519531 0.414077 0.520182 0.414077 0.520833 0.413163 0.521484 0.413163 0.520833 0.412249 0.521484 0.411335 0.522135 0.410420 0.521484 0.410420 0.520833 0.409506 0.520182 0.408592 0.519531 0.407678 0.518880 0.406764 0.519531 0.405850 0.518880 0.404936 0.519531 0.404022 0.520182 0.403108 0.519531 0.402194 0.520182 0.401280 0.519531 0.400366 0.518880 0.399452 0.519531 0.398537 0.518880 0.397623 0.519531 0.396709 0.520182 0.395795 0.519531 0.394881 0.519531 0.393967 0.518880 0.393053 0.519531 0.392139 0.518880 0.393053 0.518229 0.392139 0.517578 0.391225 0.516927 0.390311 0.516276 0.391225 0.515625 0.390311 0.514974 0.389397 0.514323 0.388483 0.513672 0.387569 0.513021 0.386654 0.512370 0.387569 0.511719 0.387569 0.511068 0.386654 0.510417 0.386654 0.509766 0.385740 0.509115 0.384826 0.508464 0.385740 0.507812 0.385740 0.507161 0.384826 0.506510 0.383912 0.505859 0.383912 0.505208 0.383912 0.504557 0.382998 0.503906 0.382084 0.503255 0.382084 0.502604 0.381170 0.501953 0.380256 0.501953 0.379342 0.501302 0.378428 0.500651 0.379342 0.500000 0.378428 0.499349 0.377514 0.498698 0.376600 0.498047 0.376600 0.497396 0.375686 0.496745 0.375686 0.496094 0.374771 0.495443 0.374771 0.494792 0.373857 0.494141 0.373857 0.493490 0.372943 0.492839 0.372029 0.492188 0.371115 0.491536 0.370201 0.490885 0.369287 0.490234 0.368373 0.489583 0.369287 0.488932 0.368373 0.488281 0.369287 0.487630 0.370201 0.486979 0.370201 0.486328 0.371115 0.485677 0.370201 0.485026 0.369287 0.484375 0.369287 0.483724 0.368373 0.483073 0.367459 0.483073 0.366545 0.483073 0.365631 0.482422 0.364717 0.482422 0.363803 0.481771 0.362888 0.481771 0.361974 0.481120 0.361060 0.480469 0.360146 0.480469 0.359232 0.479818 0.358318 0.479167 0.359232 0.478516 0.359232 0.477865 0.360146 0.477214 0.360146 0.476562 0.359232
0 0.366536 0.330896 0.365885 0.331810 0.365234 0.331810 0.364583 0.331810 0.363932 0.331810 0.363281 0.332724 0.362630 0.332724 0.361979 0.332724 0.361979 0.333638 0.361328 0.334552 0.360677 0.335466 0.360026 0.335466 0.359375 0.334552 0.360026 0.335466 0.360677 0.336380 0.360677 0.337294 0.360026 0.338208 0.360026 0.339122 0.359375 0.340037 0.358724 0.340951 0.358073 0.340951 0.358073 0.341865 0.357422 0.342779 0.358073 0.343693 0.358073 0.344607 0.358724 0.343693 0.359375 0.344607 0.360026 0.345521 0.360026 0.346435 0.360026 0.347349 0.360026 0.348263 0.360677 0.349177 0.360677 0.350091 0.361328 0.351005 0.361328 0.351920 0.361979 0.351920 0.362630 0.351920 0.363281 0.351920 0.363932 0.351920 0.364583 0.351920 0.365234 0.351920 0.365885 0.352834 0.366536 0.351920 0.367188 0.352834 0.367839 0.352834 0.368490 0.351920 0.369141 0.351920 0.369792 0.352834 0.370443 0.352834 0.371094 0.353748 0.371745 0.354662 0.372396 0.353748 0.373047 0.354662 0.373698 0.355576 0.374349 0.356490 0.374349 0.357404 0.375000 0.358318 0.375651 0.358318 0.376302 0.359232 0.376953 0.360146 0.376953 0.361060 0.377604 0.361060 0.378255 0.361974 0.378906 0.362888 0.378906 0.363803 0.379557 0.364717 0.380208 0.365631 0.380208 0.366545 0.380859 0.367459 0.381510 0.368373 0.382161 0.369287 0.382812 0.370201 0.382161 0.371115 0.382812 0.372029 0.382812 0.372943 0.382812 0.373857 0.383464 0.372943 0.384115 0.373857 0.384766 0.373857 0.385417 0.373857 0.386068 0.373857 0.386719 0.373857 0.387370 0.374771 0.388021 0.373857 0.388672 0.373857 0.389323 0.373857 0.389974 0.372943 0.390625 0.372943 0.391276 0.372029 0.391927 0.372943 0.392578 0.372943 0.393229 0.373857 0.393229 0.372943 0.393880 0.372029 0.394531 0.371115 0.395182 0.370201 0.395833 0.370201 0.396484 0.369287 0.397135 0.369287 0.397786 0.369287 0.398438 0.369287 0.399089 0.370201 0.399740 0.369287 0.400391 0.369287 0.401042 0.369287 0.401693 0.368373 0.402344 0.369287 0.402995 0.369287 0.403646 0.368373 0.404297 0.369287 0.404948 0.369287 0.405599 0.368373 0.406250 0.369287 0.406901 0.369287 0.406901 0.368373 0.406250 0.367459 0.406250 0.366545 0.406250 0.365631 0.406250 0.364717 0.406901 0.363803 0.407552 0.362888 0.408203 0.362888 0.408854 0.362888 0.409505 0.363803 0.410156 0.363803 0.410807 0.362888 0.411458 0.363803 0.412109 0.364717 0.412760 0.363803 0.413411 0.362888 0.414062 0.362888 0.414714 0.362888 0.415365 0.362888 0.416016 0.361974 0.416667 0.362888 0.416667 0.361974 0.417318 0.361060 0.417969 0.360146 0.418620 0.361060 0.419271 0.361974 0.419922 0.361974 0.420573 0.361974 0.421224 0.362888 0.421875 0.363803 0.421875 0.364717 0.421875 0.365631 0.421875 0.366545 0.421875 0.367459 0.421875 0.368373 0.421875 0.369287 0.421875 0.370201 0.422526 0.371115 0.423177 0.372029 0.423828 0.371115 0.424479 0.372029 0.425130 0.372943 0.425781 0.373857 0.425781 0.374771 0.425781 0.375686 0.425130 0.376600 0.424479 0.377514 0.425130 0.378428 0.424479 0.379342 0.424479 0.380256 0.425130 0.381170 0.425130 0.382084 0.425781 0.382998 0.426432 0.382084 0.427083 0.381170 0.427734 0.380256 0.428385 0.379342 0.429036 0.378428 0.429688 0.377514 0.430339 0.377514 0.430990 0.378428 0.431641 0.379342 0.430990 0.380256 0.431641 0.381170 0.430990 0.382084 0.430990 0.382998 0.430339 0.383912 0.430990 0.384826 0.430990 0.385740 0.431641 0.385740 0.432292 0.386654 0.432943 0.387569 0.433594 0.388483 0.433594 0.389397 0.432943 0.390311 0.432943 0.391225 0.433594 0.391225 0.434245 0.392139 0.434896 0.392139 0.435547 0.393053 0.436198 0.393967 0.436198 0.394881 0.436849 0.395795 0.436849 0.396709 0.436198 0.397623 0.435547 0.398537 0.434896 0.399452 0.434245 0.399452 0.433594 0.400366 0.432943 0.401280 0.432292 0.402194 0.431641 0.402194 0.430990 0.402194 0.430339 0.402194 0.429688 0.401280 0.429036 0.402194 0.428385 0.403108 0.427734 0.404022 0.427083 0.404936 0.426432 0.404022 0.425781 0.403108 0.425130 0.403108 0.424479 0.402194 0.423828 0.401280 0.423177 0.400366 0.422526 0.400366 0.421875 0.401280 0.421224 0.401280 0.420573 0.401280 0.419922 0.402194 0.419271 0.402194 0.418620 0.403108 0.417969 0.403108 0.417318 0.402194 0.416667 0.401280 0.417318 0.400366 0.416667 0.400366 0.416016 0.400366 0.415365 0.401280 0.414714 0.402194 0.414062 0.403108 0.413411 0.403108 0.414062 0.404022 0.413411 0.404936 0.412760 0.405850 0.412109 0.404936 0.411458 0.404022 0.410807 0.403108 0.410156 0.402194 0.410156 0.401280 0.409505 0.400366 0.408854 0.399452 0.409505 0.398537 0.408854 0.397623 0.408854 0.396709 0.408854 0.395795 0.409505 0.394881 0.408854 0.395795 0.408203 0.394881 0.407552 0.393967 0.407552 0.393053 0.406901 0.393967 0.406250 0.393053 0.405599 0.392139 0.404948 0.391225 0.404297 0.392139 0.403646 0.391225 0.402995 0.390311 0.402344 0.389397 0.401693 0.390311 0.401042 0.389397 0.400391 0.390311 0.399740 0.391225 0.399089 0.391225 0.398438 0.391225 0.397786 0.390311 0.397135 0.391225 0.396484 0.392139 0.395833 0.393053 0.395182 0.393967 0.394531 0.393967 0.393880 0.394881 0.394531 0.395795 0.393880 0.396709 0.393880 0.397623 0.394531 0.398537 0.393880 0.399452 0.393229 0.400366 0.393880 0.401280 0.394531 0.402194 0.395182 0.403108 0.395182 0.404022 0.395833 0.404022 0.396484 0.404936 0.397135 0.405850 0.396484 0.406764 0.395833 0.407678 0.395182 0.408592 0.394531 0.409506 0.393880 0.409506 0.393229 0.408592 0.392578 0.408592 0.391927 0.408592 0.391276 0.409506 0.390625 0.409506 0.389974 0.409506 0.389323 0.408592 0.388672 0.408592 0.388021 0.407678 0.387370 0.406764 0.388021 0.405850 0.387370 0.406764 0.386719 0.405850 0.386719 0.406764 0.386068 0.407678 0.385417 0.408592 0.385417 0.409506 0.384766 0.410420 0.384115 0.411335 0.383464 0.411335 0.382812 0.411335 0.382161 0.410420 0.381510 0.411335 0.380859 0.412249 0.380859 0.413163 0.380208 0.414077 0.380859 0.414991 0.380208 0.415905 0.380859 0.416819 0.380208 0.417733 0.380859 0.417733 0.381510 0.418647 0.382161 0.419561 0.382812 0.420475 0.383464 0.421389 0.384115 0.422303 0.384766 0.423218 0.385417 0.424132 0.384766 0.425046 0.384766 0.425960 0.384115 0.426874 0.383464 0.427788 0.382812 0.426874 0.382812 0.427788 0.382161 0.428702 0.381510 0.429616 0.380859 0.429616 0.380859 0.430530 0.381510 0.431444 0.380859 0.432358 0.380208 0.433272 0.379557 0.433272 0.378906 0.434186 0.378255 0.434186 0.377604 0.434186 0.376953 0.435101 0.376302 0.435101 0.375651 0.435101 0.375000 0.435101 0.374349 0.435101 0.373698 0.435101 0.373047 0.435101 0.372396 0.436015 0.372396 0.436929 0.371745 0.437843 0.371745 0.438757 0.371094 0.439671 0.370443 0.440585 0.369792 0.440585 0.369141 0.440585 0.368490 0.440585 0.367839 0.440585 0.367188 0.440585 0.366536 0.440585 0.366536 0.441499 0.365885 0.442413 0.365234 0.443327 0.364583 0.444241 0.363932 0.445155 0.363932 0.446069 0.363281 0.446984 0.362630 0.447898 0.363281 0.448812 0.363281 0.449726 0.363932 0.450640 0.363281 0.451554 0.363932 0.452468 0.364583 0.453382 0.363932 0.454296 0.364583 0.455210 0.365234 0.456124 0.365885 0.456124 0.366536 0.457038 0.367188 0.457038 0.367839 0.457038 0.368490 0.456124 0.369141 0.457038 0.369792 0.457038 0.370443 0.457952 0.371094 0.457952 0.371745 0.458867 0.372396 0.457952 0.373047 0.457038 0.373698 0.457038 0.374349 0.456124 0.375000 0.455210 0.375651 0.455210 0.376302 0.454296 0.376302 0.453382 0.376953 0.452468 0.376953 0.451554 0.377604 0.450640 0.378255 0.449726 0.378906 0.448812 0.379557 0.447898 0.378906 0.446984 0.379557 0.446069 0.380208 0.445155 0.380859 0.445155 0.381510 0.444241 0.382161 0.444241 0.382812 0.443327 0.383464 0.443327 0.384115 0.442413 0.384766 0.443327 0.385417 0.442413 0.386068 0.441499 0.386719 0.440585 0.387370 0.441499 0.388021 0.440585 0.388021 0.439671 0.388672 0.438757 0.389323 0.437843 0.389323 0.436929 0.389974 0.436015 0.390625 0.435101 0.391276 0.436015 0.391276 0.435101 0.391276 0.434186 0.390625 0.433272 0.391276 0.432358 0.391927 0.431444 0.392578 0.431444 0.393229 0.432358 0.393880 0.431444 0.394531 0.432358 0.395182 0.432358 0.395833 0.432358 0.396484 0.433272 0.397135 0.432358 0.397786 0.431444 0.398438 0.431444 0.399089 0.430530 0.399740 0.430530 0.400391 0.431444 0.401042 0.430530 0.401693 0.429616 0.402344 0.429616 0.402995 0.429616 0.403646 0.428702 0.404297 0.427788 0.404297 0.426874 0.404948 0.425960 0.405599 0.425046 0.406250 0.425046 0.406250 0.424132 0.405599 0.423218 0.406250 0.422303 0.406250 0.421389 0.406901 0.420475 0.406901 0.419561 0.406250 0.418647 0.406901 0.417733 0.406250 0.416819 0.406250 0.415905 0.406901 0.414991 0.406250 0.414077 0.406901 0.413163 0.407552 0.412249 0.408203 0.413163 0.408854 0.412249 0.409505 0.411335 0.410156 0.410420 0.410807 0.409506 0.411458 0.408592 0.412109 0.408592 0.412760 0.408592 0.413411 0.408592 0.414062 0.407678 0.414714 0.408592 0.415365 0.407678 0.416016 0.407678 0.416667 0.408592 0.417318 0.407678 0.417969 0.407678 0.418620 0.408592 0.419271 0.408592 0.419922 0.407678 0.420573 0.407678 0.421224 0.407678 0.421875 0.407678 0.422526 0.407678 0.423177 0.406764 0.423828 0.407678 0.424479 0.407678 0.425130 0.407678 0.425781 0.407678 0.426432 0.406764 0.427083 0.406764 0.427734 0.407678 0.428385 0.406764 0.429036 0.405850 0.429688 0.405850 0.430339 0.404936 0.430990 0.404936 0.431641 0.404936 0.432292 0.404936 0.432943 0.404936 0.433594 0.404936 0.434245 0.404936 0.434896 0.404936 0.435547 0.404936 0.436198 0.404936 0.436849 0.404022 0.437500 0.403108 0.438151 0.404022 0.438802 0.404022 0.439453 0.404022 0.440104 0.404936 0.440755 0.404936 0.441406 0.404022 0.442057 0.404936 0.442708 0.405850 0.443359 0.405850 0.444010 0.405850 0.444661 0.405850 0.445312 0.406764 0.445964 0.407678 0.446615 0.406764 0.447266 0.405850 0.447917 0.406764 0.448568 0.406764 0.449219 0.407678 0.449870 0.408592 0.450521 0.409506 0.451172 0.410420 0.450521 0.411335 0.449870 0.412249 0.449219 0.411335 0.448568 0.412249 0.447917 0.411335 0.447266 0.412249 0.447266 0.413163 0.447917 0.414077 0.447266 0.414991 0.446615 0.415905 0.447266 0.416819 0.447917 0.417733 0.447266 0.418647 0.446615 0.419561 0.445964 0.419561 0.445312 0.419561 0.444661 0.419561 0.444010 0.419561 0.443359 0.420475 0.442708 0.420475 0.442057 0.420475 0.442057 0.421389 0.441406 0.422303 0.440755 0.423218 0.440104 0.424132 0.439453 0.423218 0.438802 0.424132 0.438151 0.424132 0.437500 0.425046 0.436849 0.425960 0.436198 0.425960 0.436198 0.426874 0.436849 0.427788 0.436198 0.428702 0.435547 0.429616 0.435547 0.430530 0.435547 0.431444 0.434896 0.432358 0.435547 0.433272 0.436198 0.434186 0.436198 0.435101 0.436849 0.436015 0.436849 0.436929 0.437500 0.437843 0.438151 0.438757 0.438802 0.438757 0.439453 0.439671 0.440104 0.440585 0.440104 0.441499 0.440755 0.442413 0.440755 0.443327 0.441406 0.443327 0.442057 0.443327 0.442708 0.444241 0.443359 0.445155 0.444010 0.445155 0.444661 0.445155 0.445312 0.445155 0.445964 0.444241 0.446615 0.445155 0.447266 0.445155 0.447917 0.446069 0.448568 0.445155 0.449219 0.444241 0.449870 0.443327 0.450521 0.443327 0.451172 0.444241 0.451172 0.443327 0.451823 0.442413 0.452474 0.441499 0.453125 0.442413 0.453125 0.441499 0.453776 0.440585 0.454427 0.439671 0.454427 0.438757 0.455078 0.437843 0.455078 0.436929 0.455729 0.436015 0.456380 0.435101 0.457031 0.434186 0.457682 0.434186 0.458333 0.434186 0.458333 0.433272 0.458984 0.432358 0.458333 0.431444 0.458984 0.430530 0.459635 0.429616 0.460286 0.430530 0.460938 0.431444 0.460938 0.432358 0.461589 0.433272 0.460938 0.434186 0.461589 0.435101 0.460938 0.436015 0.460286 0.436929 0.459635 0.436015 0.459635 0.436929 0.460286 0.437843 0.459635 0.438757 0.459635 0.439671 0.460286 0.440585 0.460286 0.441499 0.460938 0.441499 0.461589 0.441499 0.462240 0.441499 0.462891 0.440585 0.463542 0.440585 0.464193 0.441499 0.464844 0.441499 0.465495 0.442413 0.466146 0.443327 0.466146 0.444241 0.466797 0.445155 0.466146 0.446069 0.465495 0.446984 0.464844 0.446069 0.464193 0.446984 0.463542 0.446984 0.462891 0.446069 0.462891 0.446984 0.462240 0.447898 0.461589 0.448812 0.460938 0.448812 0.460938 0.449726 0.460286 0.450640 0.460286 0.451554 0.459635 0.452468 0.458984 0.453382 0.458333 0.453382 0.457682 0.454296 0.457031 0.454296 0.456380 0.455210 0.456380 0.456124 0.456380 0.457038 0.456380 0.457952 0.456380 0.458867 0.455729 0.459781 0.456380 0.460695 0.456380 0.461609 0.456380 0.462523 0.455729 0.463437 0.456380 0.464351 0.457031 0.465265 0.457031 0.466179 0.457682 0.466179 0.458333 0.466179 0.458984 0.467093 0.459635 0.467093 0.460286 0.467093 0.460938 0.467093 0.461589 0.467093 0.462240 0.467093 0.462891 0.468007 0.463542 0.468007 0.464193 0.468921 0.464844 0.469835 0.465495 0.470750 0.465495 0.471664 0.466146 0.470750 0.466797 0.469835 0.467448 0.469835 0.468099 0.469835 0.468750 0.470750 0.469401 0.471664 0.470052 0.470750 0.470703 0.470750 0.471354 0.471664 0.472005 0.472578 0.471354 0.473492 0.472005 0.472578 0.472656 0.472578 0.473307 0.473492 0.473958 0.473492 0.474609 0.472578 0.475260 0.471664 0.475911 0.472578 0.476562 0.472578 0.477214 0.472578 0.477865 0.473492 0.478516 0.474406 0.479167 0.474406 0.479818 0.473492 0.480469 0.474406 0.481120 0.474406 0.481771 0.473492 0.482422 0.474406 0.483073 0.474406 0.483724 0.474406 0.484375 0.475320 0.485026 0.475320 0.485677 0.476234 0.486328 0.477148 0.486979 0.478062 0.486328 0.478976 0.486979 0.478062 0.487630 0.478976 0.488281 0.479890 0.488281 0.480804 0.488932 0.481718 0.489583 0.482633 0.488932 0.483547 0.489583 0.483547 0.490234 0.484461 0.490885 0.485375 0.491536 0.486289 0.492188 0.487203 0.492188 0.488117 0.492839 0.489031 0.493490 0.489031 0.494141 0.488117 0.494792 0.487203 0.495443 0.486289 0.496094 0.487203 0.496745 0.488117 0.496094 0.489031 0.496745 0.488117 0.497396 0.489031 0.498047 0.489945 0.498047 0.490859 0.497396 0.491773 0.497396 0.492687 0.498047 0.493601 0.498047 0.494516 0.497396 0.495430 0.498047 0.494516 0.498698 0.495430 0.499349 0.495430 0.500000 0.496344 0.500651 0.496344 0.501302 0.497258 0.501953 0.498172 0.501302 0.499086 0.501953 0.499086 0.502604 0.500000 0.503255 0.499086 0.503906 0.499086 0.504557 0.498172 0.505208 0.497258 0.505859 0.498172 0.506510 0.497258 0.507161 0.496344 0.507812 0.497258 0.507812 0.496344 0.507161 0.495430 0.507812 0.494516 0.508464 0.493601 0.509115 0.492687 0.509766 0.491773 0.509766 0.490859 0.510417 0.489945 0.511068 0.489031 0.511068 0.488117 0.511719 0.487203 0.511719 0.486289 0.512370 0.485375 0.512370 0.484461 0.513021 0.483547 0.513021 0.482633 0.513021 0.481718 0.513021 0.480804 0.513021 0.479890 0.513021 0.478976 0.513672 0.478062 0.513672 0.477148 0.514323 0.476234 0.514974 0.475320 0.515625 0.476234 0.516276 0.475320 0.516927 0.475320 0.517578 0.475320 0.518229 0.476234 0.518880 0.475320 0.519531 0.474406 0.520182 0.475320 0.520833 0.475320 0.521484 0.474406 0.520833 0.473492 0.521484 0.472578 0.520833 0.471664 0.520833 0.470750 0.521484 0.469835 0.522135 0.468921 0.522786 0.468007 0.523438 0.467093 0.524089 0.466179 0.524740 0.466179 0.525391 0.465265 0.526042 0.464351 0.526693 0.463437 0.526042 0.462523 0.526693 0.461609 0.527344 0.460695 0.527995 0.460695 0.527995 0.459781 0.528646 0.458867 0.529297 0.457952 0.529948 0.457952 0.529297 0.457038 0.529948 0.456124 0.530599 0.455210 0.531250 0.456124 0.531901 0.456124 0.531250 0.455210 0.531901 0.454296 0.532552 0.453382 0.533203 0.453382 0.533854 0.454296 0.534505 0.454296 0.535156 0.453382 0.535807 0.453382 0.536458 0.454296 0.537109 0.454296 0.537760 0.453382 0.537109 0.452468 0.537760 0.451554 0.538411 0.450640 0.539062 0.450640 0.539714 0.451554 0.539714 0.450640 0.540365 0.449726 0.541016 0.448812 0.541667 0.447898 0.542318 0.447898 0.542969 0.446984 0.543620 0.446069 0.544271 0.445155 0.544922 0.444241 0.545573 0.445155 0.545573 0.444241 0.546224 0.443327 0.546875 0.442413 0.547526 0.442413 0.548177 0.441499 0.548828 0.442413 0.549479 0.443327 0.550130 0.442413 0.550781 0.443327 0.551432 0.442413 0.552083 0.443327 0.552734 0.443327 0.553385 0.442413 0.554036 0.442413 0.554688 0.442413 0.555339 0.442413 0.555990 0.443327 0.556641 0.442413 0.557292 0.442413 0.557943 0.443327 0.558594 0.442413 0.559245 0.441499 0.559896 0.440585 0.560547 0.440585 0.561198 0.439671 0.560547 0.438757 0.560547 0.437843 0.559896 0.437843 0.559245 0.436929 0.558594 0.437843 0.557943 0.437843 0.557292 0.436929 0.556641 0.436015 0.555990 0.436929 0.555339 0.436929 0.554688 0.436015 0.554036 0.436929 0.553385 0.437843 0.552734 0.437843 0.552083 0.437843 0.551432 0.437843 0.550781 0.438757 0.550130 0.438757 0.549479 0.437843 0.548828 0.437843 0.548177 0.438757 0.547526 0.437843 0.546875 0.436929 0.546224 0.437843 0.545573 0.437843 0.544922 0.436929 0.544271 0.436929 0.543620 0.436929 0.542969 0.436929 0.542318 0.436015 0.541667 0.436015 0.541016 0.435101 0.540365 0.436015 0.539714 0.435101 0.539062 0.434186 0.538411 0.435101 0.537760 0.435101 0.537109 0.434186 0.536458 0.434186 0.535807 0.434186 0.535156 0.435101 0.534505 0.435101 0.533854 0.434186 0.533203 0.433272 0.533203 0.432358 0.532552 0.432358 0.531901 0.431444 0.531250 0.430530 0.530599 0.431444 0.529948 0.430530 0.529297 0.429616 0.528646 0.429616 0.527995 0.428702 0.527344 0.428702 0.526693 0.427788 0.526042 0.427788 0.525391 0.427788 0.524740 0.427788 0.524089 0.428702 0.524740 0.429616 0.524089 0.430530 0.524740 0.429616 0.525391 0.430530 0.526042 0.431444 0.525391 0.432358 0.524740 0.433272 0.524089 0.434186 0.523438 0.435101 0.522786 0.436015 0.522135 0.436015 0.521484 0.435101 0.520833 0.436015 0.520833 0.436929 0.521484 0.437843 0.520833 0.438757 0.521484 0.439671 0.521484 0.440585 0.520833 0.441499 0.520833 0.442413 0.521484 0.443327 0.520833 0.444241 0.520833 0.445155 0.520833 0.446069 0.521484 0.446984 0.522135 0.446984 0.522786 0.447898 0.523438 0.448812 0.524089 0.448812 0.524740 0.449726 0.525391 0.450640 0.525391 0.451554 0.524740 0.452468 0.524089 0.453382 0.523438 0.452468 0.522786 0.453382 0.522135 0.453382 0.521484 0.452468 0.520833 0.452468 0.520182 0.452468 0.519531 0.453382 0.518880 0.453382 0.518229 0.454296 0.517578 0.454296 0.516927 0.454296 0.516276 0.455210 0.515625 0.454296 0.516276 0.455210 0.515625 0.456124 0.514974 0.457038 0.515625 0.457952 0.515625 0.458867 0.515625 0.459781 0.516276 0.460695 0.515625 0.461609 0.514974 0.462523 0.514323 0.463437 0.513672 0.463437 0.513021 0.464351 0.513021 0.465265 0.512370 0.466179 0.513021 0.467093 0.512370 0.468007 0.511719 0.468921 0.511068 0.468921 0.510417 0.469835 0.509766 0.468921 0.509115 0.469835 0.509115 0.470750 0.509115 0.471664 0.509766 0.472578 0.510417 0.473492 0.509766 0.474406 0.509115 0.475320 0.509115 0.476234 0.508464 0.477148 0.507812 0.478062 0.507161 0.478976 0.507812 0.479890 0.507161 0.480804 0.506510 0.481718 0.505859 0.481718 0.505208 0.481718 0.504557 0.482633 0.503906 0.483547 0.503255 0.483547 0.502604 0.483547 0.501953 0.482633 0.501302 0.482633 0.500651 0.481718 0.500000 0.480804 0.499349 0.479890 0.499349 0.478976 0.498698 0.478062 0.498047 0.477148 0.497396 0.478062 0.496745 0.477148 0.496094 0.476234 0.496745 0.475320 0.497396 0.474406 0.496745 0.473492 0.497396 0.472578 0.497396 0.471664 0.497396 0.470750 0.497396 0.469835 0.496745 0.468921 0.496745 0.468007 0.497396 0.467093 0.496745 0.467093 0.496094 0.466179 0.495443 0.465265 0.495443 0.464351 0.494792 0.464351 0.494141 0.463437 0.493490 0.463437 0.492839 0.462523 0.492188 0.463437 0.491536 0.463437 0.490885 0.463437 0.490234 0.462523 0.489583 0.461609 0.489583 0.460695 0.488932 0.459781 0.488281 0.459781 0.487630 0.458867 0.486979 0.457952 0.486328 0.457952 0.485677 0.457038 0.485026 0.456124 0.485026 0.455210 0.484375 0.454296 0.483724 0.453382 0.483073 0.453382 0.482422 0.452468 0.481771 0.452468 0.481120 0.451554 0.480469 0.452468 0.479818 0.451554 0.479167 0.450640 0.478516 0.450640 0.477865 0.449726 0.477214 0.448812 0.476562 0.447898 0.475911 0.446984 0.475911 0.446069 0.475260 0.446069 0.474609 0.445155 0.473958 0.445155 0.473307 0.444241 0.472656 0.443327 0.472005 0.443327 0.471354 0.442413 0.470703 0.442413 0.470052 0.441499 0.469401 0.440585 0.468750 0.439671 0.468099 0.438757 0.468099 0.437843 0.468099 0.436929 0.467448 0.436929 0.466797 0.436015 0.466146 0.435101 0.466797 0.434186 0.466146 0.433272 0.466146 0.432358 0.466797 0.431444 0.466146 0.430530 0.466146 0.429616 0.465495 0.428702 0.464844 0.427788 0.464844 0.426874 0.464193 0.426874 0.463542 0.425960 0.462891 0.425046 0.463542 0.424132 0.462891 0.423218 0.462891 0.422303 0.462240 0.421389 0.461589 0.420475 0.460938 0.420475 0.460286 0.419561 0.459635 0.418647 0.458984 0.417733 0.458333 0.417733 0.457682 0.416819 0.457031 0.415905 0.456380 0.415905 0.455729 0.414991 0.455078 0.414077 0.454427 0.413163 0.453776 0.412249 0.453776 0.411335 0.453125 0.410420 0.453125 0.409506 0.452474 0.408592 0.451823 0.408592 0.451172 0.408592 0.450521 0.407678 0.449870 0.408592 0.449219 0.407678 0.448568 0.406764 0.448568 0.405850 0.447917 0.404936 0.447266 0.404022 0.446615 0.403108 0.446615 0.402194 0.445964 0.401280 0.445312 0.400366 0.444661 0.399452 0.444010 0.398537 0.444010 0.397623 0.443359 0.396709 0.443359 0.395795 0.443359 0.394881 0.443359 0.393967 0.443359 0.393053 0.443359 0.392139 0.442708 0.391225 0.442708 0.390311 0.443359 0.389397 0.443359 0.388483 0.444010 0.387569 0.443359 0.386654 0.442708 0.385740 0.442057 0.384826 0.442057 0.383912 0.441406 0.382998 0.440755 0.382084 0.440755 0.381170 0.440104 0.382084 0.439453 0.381170 0.438802 0.380256 0.438151 0.380256 0.437500 0.379342 0.436849 0.378428 0.436198 0.377514 0.435547 0.376600 0.434896 0.375686 0.434245 0.375686 0.433594 0.374771 0.432943 0.373857 0.432292 0.372943 0.432292 0.372029 0.431641 0.371115 0.431641 0.370201 0.430990 0.369287 0.430990 0.368373 0.431641 0.367459 0.430990 0.367459 0.430339 0.366545 0.429688 0.365631 0.429688 0.364717 0.429688 0.363803 0.429036 0.362888 0.428385 0.361974 0.427734 0.361974 0.427083 0.361060 0.426432 0.360146 0.425781 0.359232 0.426432 0.358318 0.425781 0.357404 0.425130 0.358318 0.424479 0.358318 0.423828 0.357404 0.423177 0.356490 0.422526 0.355576 0.421875 0.355576 0.421224 0.355576 0.420573 0.354662 0.419922 0.353748 0.419271 0.352834 0.418620 0.352834 0.417969 0.351920 0.417318 0.351005 0.417318 0.350091 0.417318 0.349177 0.417318 0.348263 0.417969 0.347349 0.417318 0.346435 0.417318 0.345521 0.416667 0.344607 0.416016 0.344607 0.415365 0.344607 0.414714 0.344607 0.414062 0.343693 0.413411 0.343693 0.412760 0.342779 0.412109 0.341865 0.411458 0.342779 0.410807 0.342779 0.410156 0.343693 0.409505 0.344607 0.408854 0.345521 0.408203 0.346435 0.407552 0.345521 0.406901 0.346435 0.406250 0.347349 0.405599 0.347349 0.406250 0.348263 0.405599 0.349177 0.405599 0.350091 0.404948 0.351005 0.404948 0.351920 0.404297 0.352834 0.403646 0.353748 0.402995 0.354662 0.402995 0.355576 0.402995 0.356490 0.402344 0.357404 0.401693 0.358318 0.401042 0.358318 0.400391 0.359232 0.399740 0.360146 0.399089 0.360146 0.398438 0.361060 0.397786 0.361974 0.398438 0.362888 0.397786 0.363803 0.397135 0.364717 0.396484 0.364717 0.395833 0.364717 0.395182 0.364717 0.394531 0.363803 0.393880 0.362888 0.393229 0.361974 0.393880 0.361060 0.393229 0.360146 0.393229 0.359232 0.393229 0.358318 0.393229 0.357404 0.392578 0.357404 0.391927 0.356490 0.391276 0.355576 0.391276 0.354662 0.390625 0.353748 0.390625 0.352834 0.391276 0.351920 0.390625 0.351005 0.390625 0.350091 0.390625 0.349177 0.390625 0.348263 0.391276 0.347349 0.390625 0.346435 0.389974 0.345521 0.390625 0.344607 0.389974 0.344607 0.389323 0.344607 0.388672 0.343693 0.388021 0.344607 0.387370 0.344607 0.386719 0.343693 0.386068 0.344607 0.385417 0.344607 0.384766 0.343693 0.384115 0.344607 0.383464 0.344607 0.382812 0.343693 0.382812 0.344607 0.382161 0.345521 0.381510 0.346435 0.380859 0.345521 0.380208 0.344607 0.379557 0.343693 0.378906 0.342779 0.378255 0.342779 0.377604 0.342779 0.376953 0.341865 0.376302 0.340951 0.375651 0.340037 0.375651 0.339122 0.375000 0.338208 0.374349 0.337294 0.375000 0.336380 0.374349 0.336380 0.373698 0.335466 0.373047 0.334552 0.372396 0.334552 0.371745 0.334552 0.371094 0.333638 0.370443 0.332724 0.369792 0.331810 0.369141 0.331810 0.368490 0.331810 0.367839 0.331810 0.367188 0.330896
0 0.475260 0.259598 0.474609 0.260512 0.474609 0.261426 0.473958 0.262340 0.473307 0.263254 0.472656 0.262340 0.472005 0.263254 0.471354 0.262340 0.472005 0.263254 0.471354 0.264168 0.471354 0.265082 0.471354 0.265996 0.471354 0.266910 0.470703 0.267824 0.471354 0.268739 0.470703 0.269653 0.470703 0.270567 0.470703 0.271481 0.470052 0.272395 0.470703 0.273309 0.470703 0.274223 0.470052 0.275137 0.470703 0.276051 0.471354 0.276051 0.472005 0.276965 0.472656 0.276051 0.473307 0.276965 0.473958 0.277879 0.474609 0.277879 0.475260 0.278793 0.475911 0.279707 0.475911 0.280622 0.476562 0.280622 0.477214 0.281536 0.477865 0.282450 0.477865 0.283364 0.478516 0.284278 0.477865 0.285192 0.477865 0.286106 0.478516 0.287020 0.477865 0.287934 0.477214 0.288848 0.476562 0.287934 0.477214 0.288848 0.477214 0.289762 0.476562 0.290676 0.476562 0.291590 0.475911 0.292505 0.475260 0.293419 0.475911 0.294333 0.475260 0.295247 0.475260 0.296161 0.475260 0.297075 0.475260 0.297989 0.475260 0.298903 0.475260 0.299817 0.475911 0.300731 0.476562 0.301645 0.477214 0.302559 0.477865 0.303473 0.478516 0.303473 0.479167 0.302559 0.479818 0.303473 0.480469 0.302559 0.481120 0.302559 0.481771 0.303473 0.482422 0.303473 0.483073 0.303473 0.483724 0.303473 0.484375 0.303473 0.485026 0.304388 0.485677 0.304388 0.486328 0.304388 0.486979 0.303473 0.486979 0.302559 0.487630 0.301645 0.488281 0.300731 0.487630 0.299817 0.488281 0.298903 0.488932 0.297989 0.488281 0.297075 0.488932 0.296161 0.489583 0.295247 0.490234 0.295247 0.489583 0.294333 0.490234 0.293419 0.490885 0.292505 0.490234 0.291590 0.489583 0.292505 0.488932 0.291590 0.488281 0.290676 0.488281 0.289762 0.487630 0.288848 0.488281 0.287934 0.488932 0.287020 0.489583 0.287020 0.490234 0.287934 0.490885 0.287934 0.490234 0.287934 0.489583 0.287020 0.489583 0.286106 0.488932 0.285192 0.488281 0.284278 0.488281 0.283364 0.488932 0.282450 0.488281 0.281536 0.488932 0.280622 0.489583 0.279707 0.490234 0.279707 0.490234 0.278793 0.490885 0.277879 0.490885 0.276965 0.490234 0.276051 0.490885 0.275137 0.490885 0.274223 0.490234 0.273309 0.490885 0.272395 0.490234 0.271481 0.490234 0.270567 0.490885 0.269653 0.490234 0.268739 0.490885 0.267824 0.490885 0.266910 0.490234 0.265996 0.490234 0.265082 0.490234 0.264168 0.489583 0.264168 0.488932 0.264168 0.488281 0.264168 0.487630 0.264168 0.486979 0.264168 0.486328 0.264168 0.485677 0.263254 0.485026 0.262340 0.484375 0.261426 0.483724 0.261426 0.483073 0.260512 0.482422 0.260512 0.481771 0.259598 0.481120 0.259598 0.480469 0.259598 0.479818 0.259598 0.479167 0.259598 0.478516 0.259598 0.477865 0.259598 0.477214 0.259598 0.476562 0.259598 0.475911 0.259598
0 0.895182 0.249543 0.894531 0.250457 0.893880 0.251371 0.893229 0.251371 0.892578 0.251371 0.891927 0.251371 0.891276 0.251371 0.890625 0.251371 0.889974 0.251371 0.889323 0.251371 0.888672 0.252285 0.888021 0.253199 0.887370 0.254113 0.886719 0.254113 0.886068 0.253199 0.885417 0.253199 0.884766 0.254113 0.884115 0.255027 0.883464 0.255941 0.882812 0.256856 0.882161 0.257770 0.881510 0.258684 0.880859 0.258684 0.880859 0.259598 0.880208 0.260512 0.879557 0.261426 0.878906 0.262340 0.878255 0.263254 0.878255 0.264168 0.877604 0.265082 0.876953 0.265996 0.876953 0.266910 0.876302 0.267824 0.875651 0.268739 0.875000 0.269653 0.874349 0.270567 0.873698 0.269653 0.873047 0.270567 0.872396 0.271481 0.871745 0.272395 0.872396 0.273309 0.871745 0.274223 0.871094 0.275137 0.871745 0.276051 0.871745 0.276965 0.871094 0.277879 0.870443 0.278793 0.869792 0.279707 0.869141 0.280622 0.868490 0.281536 0.867839 0.280622 0.867188 0.280622 0.867188 0.281536 0.866536 0.282450 0.865885 0.283364 0.865234 0.283364 0.864583 0.283364 0.863932 0.283364 0.863281 0.282450 0.862630 0.281536 0.862630 0.280622 0.862630 0.279707 0.862630 0.278793 0.863281 0.277879 0.863932 0.276965 0.864583 0.276051 0.865234 0.276051 0.865885 0.275137 0.866536 0.274223 0.866536 0.273309 0.867188 0.272395 0.867839 0.271481 0.867839 0.270567 0.867188 0.269653 0.867188 0.270567 0.866536 0.271481 0.865885 0.272395 0.865234 0.273309 0.864583 0.273309 0.863932 0.274223 0.863281 0.273309 0.863932 0.274223 0.863281 0.275137 0.862630 0.276051 0.861979 0.276051 0.861328 0.276965 0.860677 0.277879 0.860026 0.278793 0.860026 0.279707 0.859375 0.280622 0.858724 0.281536 0.858073 0.282450 0.858073 0.283364 0.857422 0.284278 0.856771 0.285192 0.856120 0.285192 0.855469 0.285192 0.855469 0.286106 0.854818 0.287020 0.854167 0.287934 0.854818 0.288848 0.854167 0.289762 0.854818 0.290676 0.854167 0.291590 0.854167 0.292505 0.854167 0.293419 0.854167 0.294333 0.853516 0.295247 0.854167 0.296161 0.854167 0.297075 0.854818 0.297989 0.854167 0.298903 0.854167 0.299817 0.854818 0.300731 0.854818 0.301645 0.854818 0.302559 0.855469 0.303473 0.855469 0.304388 0.856120 0.305302 0.856771 0.306216 0.857422 0.307130 0.858073 0.307130 0.858724 0.307130 0.859375 0.307130 0.860026 0.308044 0.860677 0.308958 0.861328 0.309872 0.861979 0.309872 0.862630 0.309872 0.863281 0.309872 0.863932 0.309872 0.864583 0.310786 0.865234 0.309872 0.865885 0.310786 0.866536 0.310786 0.867188 0.311700 0.867839 0.310786 0.868490 0.310786 0.869141 0.310786 0.869792 0.309872 0.870443 0.308958 0.871094 0.308044 0.871745 0.308044 0.871745 0.307130 0.872396 0.306216 0.873047 0.305302 0.872396 0.304388 0.873047 0.303473 0.872396 0.302559 0.873047 0.301645 0.872396 0.300731 0.872396 0.299817 0.872396 0.298903 0.873047 0.297989 0.873698 0.297075 0.874349 0.297075 0.873698 0.296161 0.874349 0.295247 0.875000 0.294333 0.875651 0.293419 0.876302 0.292505 0.876953 0.291590 0.877604 0.290676 0.878255 0.289762 0.878906 0.289762 0.878906 0.288848 0.879557 0.287934 0.879557 0.287020 0.880208 0.286106 0.880859 0.285192 0.881510 0.284278 0.882161 0.283364 0.882812 0.283364 0.883464 0.283364 0.884115 0.282450 0.884766 0.283364 0.884115 0.282450 0.884766 0.281536 0.885417 0.280622 0.886068 0.279707 0.886068 0.278793 0.886719 0.277879 0.887370 0.276965 0.888021 0.276051 0.888672 0.275137 0.889323 0.274223 0.889974 0.273309 0.890625 0.274223 0.891276 0.273309 0.891927 0.274223 0.891927 0.273309 0.892578 0.272395 0.891927 0.271481 0.892578 0.270567 0.891927 0.269653 0.892578 0.268739 0.893229 0.267824 0.893229 0.266910 0.893880 0.265996 0.894531 0.265082 0.895182 0.265996 0.895182 0.265082 0.895833 0.264168 0.896484 0.263254 0.897135 0.263254 0.897786 0.262340 0.898438 0.262340 0.897786 0.261426 0.898438 0.260512 0.899089 0.259598 0.899740 0.259598 0.899740 0.258684 0.900391 0.257770 0.901042 0.256856 0.901693 0.256856 0.902344 0.256856 0.901693 0.255941 0.902344 0.255027 0.902344 0.254113 0.901693 0.253199 0.901693 0.252285 0.901693 0.251371 0.901042 0.251371 0.900391 0.252285 0.899740 0.251371 0.899089 0.251371 0.898438 0.250457 0.897786 0.250457 0.897135 0.250457 0.896484 0.250457 0.895833 0.250457
0 0.513672 0.232176 0.513672 0.233090 0.513021 0.234004 0.513021 0.234918 0.512370 0.235832 0.512370 0.236746 0.512370 0.237660 0.511719 0.238574 0.511068 0.239488 0.510417 0.239488 0.509766 0.240402 0.509115 0.239488 0.509766 0.240402 0.509115 0.241316 0.508464 0.242230 0.509115 0.243144 0.508464 0.244059 0.508464 0.244973 0.508464 0.245887 0.507812 0.246801 0.507161 0.247715 0.506510 0.248629 0.505859 0.248629 0.505208 0.249543 0.504557 0.249543 0.503906 0.250457 0.503255 0.251371 0.502604 0.251371 0.501953 0.251371 0.501302 0.251371 0.500651 0.250457 0.500000 0.249543 0.499349 0.249543 0.498698 0.249543 0.498698 0.250457 0.498047 0.251371 0.497396 0.252285 0.496745 0.253199 0.496094 0.253199 0.495443 0.254113 0.494792 0.255027 0.495443 0.255941 0.494792 0.256856 0.494792 0.257770 0.494792 0.258684 0.495443 0.259598 0.495443 0.260512 0.496094 0.261426 0.496745 0.262340 0.497396 0.263254 0.498047 0.264168 0.498047 0.265082 0.498698 0.265996 0.499349 0.265996 0.500000 0.265996 0.500651 0.265996 0.501302 0.265996 0.501953 0.265996 0.502604 0.265996 0.503255 0.265082 0.503906 0.265996 0.504557 0.265996 0.505208 0.265082 0.505859 0.264168 0.506510 0.264168 0.507161 0.263254 0.507812 0.262340 0.508464 0.263254 0.509115 0.262340 0.509766 0.262340 0.510417 0.261426 0.511068 0.261426 0.511719 0.260512 0.512370 0.260512 0.512370 0.259598 0.513021 0.258684 0.513672 0.257770 0.514323 0.256856 0.513672 0.255941 0.514323 0.255027 0.514323 0.254113 0.514974 0.253199 0.514974 0.252285 0.514974 0.251371 0.514974 0.250457 0.514974 0.249543 0.514974 0.248629 0.514974 0.247715 0.514974 0.246801 0.515625 0.245887 0.516276 0.244973 0.516276 0.244059 0.516927 0.243144 0.516276 0.242230 0.515625 0.241316 0.516276 0.240402 0.515625 0.239488 0.514974 0.238574 0.515625 0.237660 0.514974 0.236746 0.515625 0.235832 0.514974 0.234918 0.514974 0.234004 0.515625 0.233090 0.514974 0.232176 0.514323 0.232176
0 0.840495 0.191042 0.839844 0.191956 0.839193 0.191956 0.838542 0.192870 0.837891 0.191956 0.837240 0.192870 0.837240 0.193784 0.837240 0.194698 0.837240 0.195612 0.836589 0.196527 0.835938 0.197441 0.835286 0.197441 0.834635 0.198355 0.835286 0.199269 0.834635 0.200183 0.833984 0.201097 0.833333 0.201097 0.833333 0.202011 0.833984 0.202925 0.833984 0.203839 0.834635 0.203839 0.835286 0.204753 0.835938 0.205667 0.836589 0.206581 0.836589 0.207495 0.835938 0.208410 0.835286 0.209324 0.835286 0.210238 0.835286 0.211152 0.835286 0.212066 0.835938 0.212980 0.835286 0.213894 0.835938 0.214808 0.835938 0.215722 0.836589 0.215722 0.837240 0.216636 0.837891 0.216636 0.838542 0.216636 0.839193 0.217550 0.839844 0.217550 0.840495 0.218464 0.841146 0.219378 0.841797 0.218464 0.842448 0.219378 0.843099 0.220293 0.842448 0.221207 0.843099 0.221207 0.843750 0.222121 0.844401 0.223035 0.844401 0.223949 0.845052 0.223949 0.845703 0.223949 0.846354 0.223949 0.847005 0.223949 0.847656 0.224863 0.848307 0.225777 0.848958 0.225777 0.849609 0.226691 0.850260 0.226691 0.850911 0.226691 0.851562 0.227605 0.852214 0.228519 0.852214 0.229433 0.852865 0.229433 0.853516 0.230347 0.854167 0.230347 0.854818 0.231261 0.855469 0.232176 0.856120 0.231261 0.856771 0.231261 0.857422 0.232176 0.858073 0.232176 0.858724 0.233090 0.859375 0.232176 0.860026 0.233090 0.860677 0.233090 0.861328 0.234004 0.861979 0.234918 0.862630 0.234918 0.863281 0.234918 0.863932 0.234918 0.864583 0.235832 0.865234 0.234918 0.865885 0.234918 0.866536 0.235832 0.867188 0.235832 0.867839 0.235832 0.868490 0.235832 0.869141 0.235832 0.869792 0.235832 0.870443 0.235832 0.871094 0.236746 0.871745 0.236746 0.872396 0.237660 0.873047 0.236746 0.873047 0.235832 0.872396 0.234918 0.871745 0.234004 0.871094 0.233090 0.870443 0.234004 0.869792 0.233090 0.869141 0.232176 0.868490 0.233090 0.867839 0.233090 0.867188 0.232176 0.866536 0.231261 0.865885 0.230347 0.865234 0.230347 0.864583 0.229433 0.863932 0.229433 0.863281 0.229433 0.862630 0.229433 0.861979 0.229433 0.861328 0.229433 0.860677 0.228519 0.860026 0.228519 0.859375 0.228519 0.858724 0.227605 0.858073 0.227605 0.857422 0.226691 0.856771 0.225777 0.856120 0.225777 0.855469 0.224863 0.854818 0.224863 0.854167 0.224863 0.853516 0.224863 0.852865 0.223949 0.852214 0.223035 0.851562 0.223035 0.850911 0.223035 0.850260 0.222121 0.849609 0.221207 0.848958 0.220293 0.848307 0.220293 0.847656 0.220293 0.847005 0.219378 0.846354 0.218464 0.845703 0.218464 0.845052 0.217550 0.844401 0.216636 0.844401 0.215722 0.845052 0.214808 0.845703 0.213894 0.846354 0.212980 0.847005 0.212980 0.847656 0.212980 0.848307 0.212066 0.848958 0.212980 0.849609 0.212980 0.850260 0.212980 0.850911 0.212980 0.851562 0.212980 0.852214 0.213894 0.852865 0.213894 0.853516 0.214808 0.854167 0.215722 0.854818 0.216636 0.855469 0.216636 0.856120 0.217550 0.856771 0.218464 0.857422 0.219378 0.857422 0.220293 0.858073 0.220293 0.858724 0.221207 0.859375 0.220293 0.860026 0.220293 0.860677 0.220293 0.861328 0.219378 0.861979 0.220293 0.862630 0.221207 0.863281 0.222121 0.863932 0.222121 0.864583 0.223035 0.865234 0.223949 0.865234 0.224863 0.865885 0.225777 0.866536 0.224863 0.867188 0.225777 0.867839 0.225777 0.868490 0.225777 0.869141 0.225777 0.869792 0.226691 0.870443 0.227605 0.870443 0.228519 0.869792 0.229433 0.870443 0.229433 0.871094 0.228519 0.871745 0.228519 0.872396 0.228519 0.873047 0.228519 0.873698 0.228519 0.874349 0.228519 0.875000 0.229433 0.875651 0.230347 0.875651 0.231261 0.876302 0.231261 0.876953 0.231261 0.877604 0.231261 0.878255 0.231261 0.878906 0.231261 0.879557 0.231261 0.880208 0.232176 0.880859 0.233090 0.881510 0.232176 0.882161 0.233090 0.882812 0.234004 0.883464 0.234918 0.883464 0.235832 0.884115 0.236746 0.884115 0.237660 0.884766 0.238574 0.885417 0.238574 0.886068 0.238574 0.886719 0.238574 0.887370 0.238574 0.888021 0.238574 0.888021 0.237660 0.888672 0.236746 0.888021 0.235832 0.887370 0.234918 0.887370 0.234004 0.886719 0.233090 0.886068 0.232176 0.886719 0.231261 0.886068 0.230347 0.886068 0.229433 0.885417 0.228519 0.885417 0.227605 0.885417 0.226691 0.884766 0.226691 0.884115 0.225777 0.883464 0.225777 0.882812 0.225777 0.882161 0.225777 0.881510 0.225777 0.880859 0.225777 0.880208 0.226691 0.879557 0.225777 0.878906 0.225777 0.878255 0.224863 0.877604 0.223949 0.877604 0.223035 0.878255 0.222121 0.877604 0.221207 0.878255 0.220293 0.878906 0.219378 0.878255 0.220293 0.877604 0.219378 0.876953 0.218464 0.876953 0.217550 0.876302 0.216636 0.875651 0.215722 0.875651 0.214808 0.876302 0.213894 0.875651 0.213894 0.875000 0.212980 0.874349 0.212066 0.873698 0.211152 0.873047 0.210238 0.872396 0.210238 0.871745 0.209324 0.871094 0.208410 0.871745 0.207495 0.871094 0.208410 0.870443 0.207495 0.869792 0.206581 0.869792 0.205667 0.869141 0.205667 0.868490 0.204753 0.867839 0.203839 0.867839 0.202925 0.867188 0.202925 0.866536 0.202011 0.865885 0.201097 0.865885 0.200183 0.865234 0.200183 0.864583 0.199269 0.863932 0.200183 0.863281 0.199269 0.862630 0.198355 0.862630 0.197441 0.861979 0.197441 0.861328 0.196527 0.860677 0.197441 0.860026 0.198355 0.859375 0.197441 0.858724 0.196527 0.858073 0.195612 0.857422 0.195612 0.856771 0.195612 0.856120 0.194698 0.855469 0.194698 0.854818 0.193784 0.854167 0.193784 0.853516 0.193784 0.852865 0.193784 0.852214 0.193784 0.851562 0.193784 0.850911 0.194698 0.850260 0.193784 0.849609 0.192870 0.848958 0.191956 0.848307 0.191956 0.847656 0.191042 0.847005 0.191956 0.846354 0.191956 0.845703 0.191956 0.845052 0.191956 0.844401 0.192870 0.843750 0.191956 0.843099 0.192870 0.842448 0.192870 0.841797 0.192870 0.841146 0.191956
0 0.397135 0.185558 0.396484 0.186472 0.395833 0.186472 0.395182 0.187386 0.394531 0.188300 0.393880 0.189214 0.393229 0.190128 0.392578 0.191042 0.391927 0.191956 0.391927 0.192870 0.391276 0.193784 0.391276 0.194698 0.390625 0.195612 0.389974 0.196527 0.389323 0.197441 0.389974 0.198355 0.389974 0.199269 0.389974 0.200183 0.389974 0.201097 0.389974 0.202011 0.389323 0.202925 0.389974 0.203839 0.390625 0.204753 0.390625 0.205667 0.391276 0.206581 0.391276 0.207495 0.391276 0.208410 0.391276 0.209324 0.391927 0.210238 0.391276 0.211152 0.391927 0.211152 0.392578 0.212066 0.393229 0.212980 0.393880 0.212980 0.394531 0.212980 0.395182 0.213894 0.395833 0.213894 0.396484 0.212980 0.397135 0.212980 0.397786 0.213894 0.398438 0.213894 0.399089 0.213894 0.399740 0.213894 0.400391 0.213894 0.401042 0.213894 0.401693 0.213894 0.402344 0.212980 0.402995 0.212066 0.402995 0.211152 0.403646 0.210238 0.402995 0.209324 0.402995 0.208410 0.403646 0.207495 0.404297 0.206581 0.404948 0.205667 0.405599 0.205667 0.406250 0.206581 0.406901 0.205667 0.407552 0.204753 0.408203 0.203839 0.408854 0.204753 0.409505 0.205667 0.410156 0.204753 0.410807 0.205667 0.411458 0.205667 0.412109 0.204753 0.412760 0.205667 0.413411 0.206581 0.412760 0.207495 0.413411 0.208410 0.413411 0.209324 0.412760 0.210238 0.412109 0.211152 0.411458 0.212066 0.410807 0.212066 0.410156 0.212980 0.409505 0.213894 0.410156 0.214808 0.410807 0.215722 0.411458 0.215722 0.412109 0.215722 0.412760 0.214808 0.413411 0.215722 0.414062 0.215722 0.414714 0.214808 0.415365 0.213894 0.416016 0.213894 0.416667 0.212980 0.417318 0.213894 0.417969 0.212980 0.418620 0.212066 0.419271 0.211152 0.419922 0.211152 0.420573 0.211152 0.421224 0.210238 0.421875 0.210238 0.422526 0.210238 0.423177 0.209324 0.423828 0.208410 0.424479 0.208410 0.425130 0.209324 0.425781 0.209324 0.426432 0.209324 0.427083 0.209324 0.427734 0.210238 0.428385 0.209324 0.429036 0.209324 0.429688 0.209324 0.430339 0.210238 0.430990 0.211152 0.430990 0.212066 0.431641 0.212980 0.430990 0.213894 0.430990 0.214808 0.430990 0.215722 0.430990 0.216636 0.430990 0.217550 0.430990 0.218464 0.431641 0.218464 0.432292 0.219378 0.432943 0.220293 0.432292 0.221207 0.431641 0.222121 0.432292 0.223035 0.432943 0.223035 0.433594 0.223949 0.434245 0.224863 0.433594 0.225777 0.432943 0.226691 0.432292 0.226691 0.431641 0.225777 0.430990 0.226691 0.430339 0.225777 0.429688 0.226691 0.429036 0.226691 0.428385 0.225777 0.427734 0.226691 0.427083 0.225777 0.426432 0.226691 0.425781 0.226691 0.425130 0.226691 0.424479 0.225777 0.423828 0.226691 0.423177 0.227605 0.422526 0.227605 0.421875 0.227605 0.421224 0.228519 0.420573 0.228519 0.419922 0.227605 0.419271 0.228519 0.418620 0.228519 0.417969 0.228519 0.417318 0.229433 0.416667 0.228519 0.416016 0.228519 0.415365 0.229433 0.414714 0.229433 0.414714 0.230347 0.414062 0.231261 0.414062 0.232176 0.413411 0.233090 0.414062 0.234004 0.414062 0.234918 0.413411 0.235832 0.413411 0.236746 0.412760 0.237660 0.412109 0.238574 0.412109 0.239488 0.412760 0.240402 0.413411 0.241316 0.414062 0.242230 0.414714 0.243144 0.415365 0.244059 0.415365 0.244973 0.416016 0.245887 0.416667 0.246801 0.416667 0.247715 0.417318 0.246801 0.417969 0.247715 0.418620 0.247715 0.418620 0.246801 0.419271 0.245887 0.419922 0.244973 0.420573 0.244059 0.421224 0.244973 0.421875 0.244973 0.422526 0.244059 0.423177 0.244973 0.423828 0.244973 0.424479 0.244059 0.424479 0.243144 0.425130 0.242230 0.425781 0.241316 0.426432 0.240402 0.427083 0.239488 0.427734 0.239488 0.428385 0.240402 0.429036 0.240402 0.429688 0.239488 0.430339 0.239488 0.430990 0.239488 0.431641 0.238574 0.432292 0.238574 0.432943 0.238574 0.433594 0.237660 0.434245 0.237660 0.434896 0.238574 0.435547 0.237660 0.436198 0.236746 0.436849 0.237660 0.437500 0.236746 0.436849 0.235832 0.437500 0.234918 0.438151 0.234004 0.438151 0.233090 0.438151 0.232176 0.438151 0.231261 0.438802 0.230347 0.439453 0.229433 0.440104 0.228519 0.440104 0.227605 0.440755 0.226691 0.440755 0.225777 0.441406 0.224863 0.442057 0.223949 0.442708 0.223035 0.442057 0.222121 0.442708 0.221207 0.443359 0.220293 0.442708 0.219378 0.443359 0.218464 0.443359 0.217550 0.443359 0.216636 0.444010 0.215722 0.444661 0.214808 0.445312 0.215722 0.445964 0.214808 0.446615 0.213894 0.447266 0.213894 0.447917 0.212980 0.448568 0.212066 0.447917 0.211152 0.447917 0.210238 0.447917 0.209324 0.447266 0.209324 0.446615 0.208410 0.445964 0.209324 0.445312 0.209324 0.444661 0.209324 0.444010 0.209324 0.443359 0.209324 0.442708 0.209324 0.442057 0.209324 0.442057 0.210238 0.441406 0.211152 0.440755 0.212066 0.440104 0.212066 0.439453 0.212066 0.438802 0.211152 0.438151 0.210238 0.438151 0.209324 0.437500 0.209324 0.436849 0.208410 0.436198 0.207495 0.435547 0.207495 0.434896 0.207495 0.434245 0.207495 0.433594 0.207495 0.432943 0.206581 0.432292 0.206581 0.431641 0.205667 0.430990 0.204753 0.430339 0.205667 0.429688 0.204753 0.429036 0.204753 0.428385 0.203839 0.427734 0.202925 0.427734 0.202011 0.427734 0.201097 0.427083 0.200183 0.426432 0.199269 0.427083 0.198355 0.426432 0.199269 0.425781 0.200183 0.425130 0.199269 0.424479 0.200183 0.423828 0.199269 0.423177 0.200183 0.422526 0.200183 0.421875 0.199269 0.421224 0.200183 0.420573 0.200183 0.419922 0.199269 0.419271 0.199269 0.418620 0.199269 0.417969 0.199269 0.417318 0.198355 0.416667 0.197441 0.416016 0.197441 0.415365 0.198355 0.414714 0.197441 0.414062 0.196527 0.414714 0.195612 0.414062 0.196527 0.413411 0.195612 0.412760 0.194698 0.412109 0.194698 0.411458 0.193784 0.410807 0.192870 0.410807 0.193784 0.410156 0.194698 0.409505 0.195612 0.408854 0.194698 0.408203 0.193784 0.408203 0.192870 0.407552 0.193784 0.406901 0.192870 0.406250 0.191956 0.405599 0.191042 0.404948 0.191042 0.404297 0.190128 0.403646 0.189214 0.402995 0.189214 0.402344 0.188300 0.401693 0.188300 0.401042 0.187386 0.400391 0.186472 0.399740 0.187386 0.399089 0.186472 0.398438 0.186472 0.397786 0.185558
0 0.915365 0.174589 0.914714 0.175503 0.914062 0.175503 0.913411 0.176417 0.912760 0.176417 0.912109 0.177331 0.911458 0.177331 0.910807 0.178245 0.910807 0.179159 0.910807 0.180073 0.910156 0.180987 0.910156 0.181901 0.910156 0.182815 0.910156 0.183729 0.910807 0.184644 0.911458 0.185558 0.910807 0.186472 0.910807 0.187386 0.910156 0.188300 0.910156 0.189214 0.909505 0.190128 0.910156 0.191042 0.910156 0.191956 0.910156 0.192870 0.910807 0.193784 0.910156 0.194698 0.910807 0.195612 0.911458 0.196527 0.910807 0.197441 0.911458 0.198355 0.912109 0.199269 0.912109 0.200183 0.912109 0.201097 0.912760 0.202011 0.912760 0.202925 0.913411 0.203839 0.914062 0.204753 0.914062 0.205667 0.914714 0.206581 0.915365 0.207495 0.916016 0.208410 0.916667 0.209324 0.917318 0.210238 0.917969 0.210238 0.918620 0.211152 0.919271 0.212066 0.919922 0.212066 0.920573 0.212980 0.921224 0.212066 0.921875 0.212980 0.922526 0.212980 0.923177 0.212980 0.923828 0.213894 0.924479 0.213894 0.925130 0.214808 0.925781 0.215722 0.926432 0.216636 0.927083 0.217550 0.927734 0.216636 0.928385 0.217550 0.929036 0.217550 0.929688 0.218464 0.930339 0.218464 0.930990 0.219378 0.931641 0.219378 0.932292 0.219378 0.932943 0.220293 0.933594 0.220293 0.934245 0.220293 0.934896 0.221207 0.935547 0.221207 0.936198 0.221207 0.936849 0.222121 0.937500 0.222121 0.938151 0.223035 0.938802 0.223035 0.939453 0.223035 0.940104 0.223035 0.940755 0.223035 0.941406 0.223035 0.942057 0.223949 0.942708 0.223949 0.943359 0.224863 0.944010 0.225777 0.944010 0.226691 0.944661 0.227605 0.944010 0.228519 0.944010 0.229433 0.944661 0.229433 0.945312 0.230347 0.945964 0.231261 0.945964 0.232176 0.946615 0.233090 0.946615 0.234004 0.947266 0.234004 0.947917 0.234004 0.948568 0.234004 0.949219 0.234004 0.949870 0.234004 0.950521 0.234004 0.951172 0.234918 0.951823 0.235832 0.952474 0.234918 0.953125 0.235832 0.953776 0.234918 0.954427 0.234918 0.955078 0.235832 0.955729 0.235832 0.956380 0.235832 0.957031 0.236746 0.957682 0.236746 0.958333 0.237660 0.958984 0.236746 0.959635 0.237660 0.960286 0.237660 0.960938 0.236746 0.961589 0.236746 0.962240 0.236746 0.962891 0.236746 0.963542 0.236746 0.964193 0.236746 0.964844 0.236746 0.965495 0.236746 0.966146 0.236746 0.966797 0.236746 0.967448 0.236746 0.968099 0.235832 0.968750 0.236746 0.969401 0.235832 0.970052 0.236746 0.970703 0.236746 0.971354 0.237660 0.972005 0.237660 0.972656 0.238574 0.973307 0.238574 0.973958 0.238574 0.974609 0.237660 0.975260 0.236746 0.975911 0.236746 0.976562 0.235832 0.977214 0.234918 0.977865 0.234918 0.978516 0.234918 0.979167 0.234918 0.979818 0.234918 0.980469 0.234918 0.981120 0.235832 0.981771 0.234918 0.982422 0.234004 0.983073 0.234004 0.983073 0.233090 0.983724 0.232176 0.984375 0.231261 0.985026 0.231261 0.985026 0.230347 0.985677 0.229433 0.985026 0.228519 0.984375 0.227605 0.983724 0.226691 0.983073 0.226691 0.982422 0.225777 0.981771 0.224863 0.981120 0.225777 0.980469 0.224863 0.979818 0.224863 0.979167 0.223949 0.978516 0.223949 0.977865 0.223035 0.977214 0.222121 0.977865 0.221207 0.977214 0.222121 0.976562 0.221207 0.975911 0.222121 0.975260 0.221207 0.974609 0.221207 0.973958 0.221207 0.973307 0.221207 0.972656 0.222121 0.972005 0.221207 0.971354 0.221207 0.970703 0.222121 0.970052 0.222121 0.969401 0.221207 0.968750 0.221207 0.968099 0.221207 0.967448 0.220293 0.966797 0.220293 0.966146 0.220293 0.965495 0.220293 0.964844 0.220293 0.964193 0.220293 0.963542 0.219378 0.962891 0.218464 0.962240 0.219378 0.961589 0.219378 0.960938 0.219378 0.960286 0.218464 0.959635 0.219378 0.958984 0.219378 0.958333 0.219378 0.957682 0.219378 0.957031 0.218464 0.956380 0.218464 0.955729 0.219378 0.955078 0.219378 0.954427 0.218464 0.953776 0.217550 0.953125 0.218464 0.952474 0.219378 0.951823 0.219378 0.951172 0.218464 0.950521 0.219378 0.949870 0.219378 0.949219 0.218464 0.948568 0.218464 0.947917 0.219378 0.947266 0.220293 0.946615 0.221207 0.945964 0.222121 0.945312 0.223035 0.944661 0.222121 0.944010 0.221207 0.943359 0.220293 0.944010 0.219378 0.944661 0.218464 0.945312 0.217550 0.945964 0.216636 0.945964 0.215722 0.945312 0.214808 0.945964 0.213894 0.945312 0.212980 0.945312 0.212066 0.945964 0.211152 0.945964 0.210238 0.945964 0.209324 0.945312 0.208410 0.944661 0.207495 0.945312 0.206581 0.944661 0.205667 0.944010 0.204753 0.944010 0.203839 0.943359 0.204753 0.942708 0.203839 0.942057 0.203839 0.941406 0.202925 0.940755 0.202011 0.940104 0.201097 0.940104 0.200183 0.939453 0.201097 0.938802 0.200183 0.938151 0.201097 0.937500 0.200183 0.936849 0.201097 0.936198 0.200183 0.935547 0.199269 0.935547 0.198355 0.934896 0.199269 0.934245 0.200183 0.933594 0.201097 0.932943 0.201097 0.932292 0.201097 0.931641 0.200183 0.930990 0.199269 0.930990 0.198355 0.930339 0.197441 0.929688 0.196527 0.929036 0.195612 0.928385 0.194698 0.927734 0.193784 0.927734 0.192870 0.927734 0.191956 0.927734 0.191042 0.927734 0.190128 0.928385 0.189214 0.928385 0.188300 0.928385 0.187386 0.929036 0.186472 0.929036 0.185558 0.928385 0.184644 0.927734 0.183729 0.927083 0.183729 0.926432 0.182815 0.925781 0.181901 0.926432 0.180987 0.925781 0.180073 0.925781 0.179159 0.926432 0.178245 0.925781 0.179159 0.925130 0.179159 0.924479 0.178245 0.923828 0.177331 0.923177 0.177331 0.922526 0.176417 0.921875 0.175503 0.921224 0.175503 0.920573 0.174589 0.919922 0.174589 0.919271 0.174589 0.918620 0.175503 0.917969 0.174589 0.917318 0.175503 0.916667 0.174589 0.916016 0.174589
0 0.445312 0.167276 0.444661 0.168190 0.444010 0.169104 0.443359 0.169104 0.442708 0.169104 0.442057 0.170018 0.441406 0.169104 0.440755 0.170018 0.440104 0.170932 0.439453 0.170932 0.440104 0.171846 0.439453 0.172761 0.440104 0.173675 0.440755 0.174589 0.440104 0.175503 0.440104 0.176417 0.440104 0.177331 0.440755 0.178245 0.440104 0.179159 0.440755 0.180073 0.440104 0.180987 0.440755 0.181901 0.440104 0.182815 0.440755 0.183729 0.440755 0.184644 0.440755 0.185558 0.440104 0.186472 0.440755 0.187386 0.441406 0.188300 0.440755 0.189214 0.440755 0.190128 0.441406 0.191042 0.441406 0.191956 0.442057 0.192870 0.442057 0.193784 0.442057 0.194698 0.442057 0.195612 0.442708 0.196527 0.443359 0.197441 0.444010 0.197441 0.444661 0.198355 0.445312 0.199269 0.445312 0.200183 0.445964 0.201097 0.446615 0.202011 0.446615 0.202925 0.445964 0.203839 0.446615 0.204753 0.446615 0.205667 0.447266 0.205667 0.447917 0.204753 0.448568 0.204753 0.449219 0.204753 0.449870 0.203839 0.450521 0.203839 0.450521 0.202925 0.451172 0.202011 0.451823 0.201097 0.452474 0.201097 0.453125 0.200183 0.453776 0.201097 0.454427 0.202011 0.453776 0.202925 0.453125 0.203839 0.452474 0.204753 0.453125 0.204753 0.453776 0.205667 0.454427 0.206581 0.455078 0.206581 0.455729 0.205667 0.456380 0.205667 0.457031 0.206581 0.457682 0.206581 0.458333 0.205667 0.458984 0.205667 0.459635 0.206581 0.460286 0.205667 0.460938 0.206581 0.461589 0.207495 0.462240 0.208410 0.462891 0.207495 0.463542 0.208410 0.464193 0.207495 0.464844 0.208410 0.465495 0.208410 0.466146 0.208410 0.466797 0.209324 0.467448 0.210238 0.468099 0.209324 0.468750 0.210238 0.469401 0.211152 0.470052 0.210238 0.470703 0.210238 0.471354 0.211152 0.472005 0.210238 0.472656 0.210238 0.473307 0.211152 0.473958 0.212066 0.474609 0.212980 0.475260 0.213894 0.475911 0.212980 0.476562 0.212980 0.477214 0.213894 0.477865 0.214808 0.477214 0.215722 0.477865 0.214808 0.478516 0.214808 0.479167 0.214808 0.479818 0.215722 0.480469 0.216636 0.481120 0.217550 0.481120 0.218464 0.480469 0.219378 0.481120 0.220293 0.481771 0.221207 0.482422 0.222121 0.483073 0.222121 0.482422 0.221207 0.483073 0.220293 0.483724 0.219378 0.484375 0.219378 0.484375 0.218464 0.484375 0.217550 0.485026 0.216636 0.485677 0.215722 0.486328 0.214808 0.486979 0.215722 0.487630 0.216636 0.488281 0.217550 0.488281 0.218464 0.488932 0.218464 0.489583 0.219378 0.490234 0.220293 0.490885 0.220293 0.491536 0.221207 0.492188 0.221207 0.492839 0.222121 0.493490 0.223035 0.493490 0.223949 0.494141 0.224863 0.494141 0.225777 0.494141 0.226691 0.494141 0.227605 0.493490 0.228519 0.492839 0.229433 0.492839 0.230347 0.492839 0.231261 0.492839 0.232176 0.493490 0.232176 0.494141 0.233090 0.494792 0.234004 0.494792 0.234918 0.495443 0.234004 0.496094 0.234004 0.496745 0.234004 0.497396 0.234004 0.498047 0.234004 0.498698 0.234004 0.499349 0.234918 0.500000 0.234004 0.500651 0.234004 0.501302 0.234004 0.501953 0.234918 0.502604 0.234004 0.503255 0.234004 0.503906 0.233090 0.504557 0.233090 0.505208 0.234004 0.505859 0.234004 0.506510 0.233090 0.507161 0.234004 0.507812 0.233090 0.508464 0.232176 0.509115 0.233090 0.509766 0.234004 0.509766 0.233090 0.510417 0.232176 0.511068 0.231261 0.511719 0.231261 0.511719 0.230347 0.512370 0.229433 0.511719 0.228519 0.511068 0.227605 0.510417 0.226691 0.511068 0.225777 0.510417 0.224863 0.511068 0.223949 0.511719 0.223035 0.511068 0.222121 0.510417 0.221207 0.511068 0.220293 0.510417 0.219378 0.510417 0.218464 0.509766 0.218464 0.509115 0.217550 0.508464 0.216636 0.507812 0.215722 0.508464 0.214808 0.508464 0.213894 0.507812 0.212980 0.507161 0.212066 0.506510 0.211152 0.505859 0.210238 0.505208 0.210238 0.504557 0.210238 0.503906 0.209324 0.503255 0.210238 0.502604 0.209324 0.501953 0.208410 0.501302 0.207495 0.500651 0.206581 0.500651 0.205667 0.500000 0.206581 0.499349 0.205667 0.498698 0.206581 0.498047 0.205667 0.497396 0.205667 0.496745 0.204753 0.496094 0.205667 0.495443 0.204753 0.494792 0.205667 0.494141 0.206581 0.493490 0.206581 0.492839 0.207495 0.492188 0.206581 0.491536 0.205667 0.490885 0.205667 0.490234 0.206581 0.489583 0.207495 0.488932 0.206581 0.488281 0.205667 0.487630 0.204753 0.488281 0.203839 0.487630 0.204753 0.486979 0.203839 0.486328 0.202925 0.485677 0.202925 0.485026 0.203839 0.484375 0.204753 0.483724 0.203839 0.483073 0.202925 0.483073 0.202011 0.482422 0.201097 0.481771 0.202011 0.481120 0.202011 0.480469 0.202011 0.479818 0.201097 0.479167 0.202011 0.478516 0.201097 0.477865 0.202011 0.477214 0.201097 0.476562 0.201097 0.475911 0.200183 0.475260 0.199269 0.475260 0.198355 0.474609 0.198355 0.473958 0.197441 0.473307 0.196527 0.472656 0.197441 0.472005 0.197441 0.471354 0.196527 0.470703 0.197441 0.470052 0.196527 0.469401 0.197441 0.468750 0.196527 0.468099 0.195612 0.467448 0.195612 0.466797 0.194698 0.466146 0.195612 0.465495 0.196527 0.464844 0.195612 0.464193 0.195612 0.463542 0.195612 0.462891 0.196527 0.462240 0.196527 0.461589 0.197441 0.460938 0.197441 0.460286 0.197441 0.459635 0.196527 0.458984 0.195612 0.458333 0.196527 0.457682 0.195612 0.457031 0.195612 0.456380 0.195612 0.455729 0.196527 0.455078 0.196527 0.454427 0.195612 0.453776 0.196527 0.453125 0.195612 0.452474 0.194698 0.453125 0.193784 0.452474 0.194698 0.451823 0.193784 0.451172 0.192870 0.451172 0.191956 0.451172 0.191042 0.451172 0.190128 0.451172 0.189214 0.450521 0.188300 0.451172 0.187386 0.450521 0.186472 0.450521 0.185558 0.450521 0.184644 0.449870 0.183729 0.450521 0.182815 0.450521 0.181901 0.451172 0.180987 0.450521 0.180073 0.450521 0.179159 0.451172 0.178245 0.450521 0.177331 0.449870 0.176417 0.449870 0.175503 0.449219 0.174589 0.448568 0.173675 0.449219 0.172761 0.449870 0.171846 0.449219 0.171846 0.448568 0.170932 0.447917 0.170018 0.448568 0.169104 0.447917 0.169104 0.447266 0.168190 0.446615 0.167276 0.445964 0.168190
0 0.675781 0.147166 0.675130 0.148080 0.674479 0.148995 0.673828 0.148995 0.673177 0.148080 0.672526 0.148995 0.671875 0.148080 0.671224 0.148995 0.670573 0.148995 0.669922 0.148080 0.669271 0.148080 0.668620 0.148080 0.667969 0.148995 0.667318 0.148080 0.666667 0.148995 0.666016 0.149909 0.665365 0.149909 0.665365 0.150823 0.664714 0.151737 0.664714 0.152651 0.664062 0.153565 0.663411 0.154479 0.662760 0.153565 0.662109 0.154479 0.661458 0.155393 0.660807 0.156307 0.660156 0.157221 0.659505 0.158135 0.658854 0.158135 0.658203 0.159049 0.657552 0.159049 0.656901 0.159963 0.656250 0.159049 0.655599 0.159963 0.654948 0.160878 0.654297 0.159963 0.653646 0.160878 0.652995 0.160878 0.652344 0.161792 0.651693 0.161792 0.651042 0.161792 0.650391 0.162706 0.649740 0.163620 0.649089 0.162706 0.648438 0.163620 0.647786 0.163620 0.647135 0.163620 0.647135 0.164534 0.646484 0.165448 0.646484 0.166362 0.645833 0.167276 0.645182 0.168190 0.644531 0.167276 0.644531 0.168190 0.643880 0.169104 0.643229 0.170018 0.642578 0.170932 0.641927 0.171846 0.641276 0.172761 0.640625 0.173675 0.639974 0.173675 0.639323 0.173675 0.638672 0.173675 0.638021 0.174589 0.637370 0.174589 0.638021 0.175503 0.638021 0.176417 0.638021 0.177331 0.637370 0.178245 0.638021 0.179159 0.637370 0.180073 0.637370 0.180987 0.637370 0.181901 0.638021 0.182815 0.638021 0.183729 0.638021 0.184644 0.637370 0.185558 0.638021 0.186472 0.638021 0.187386 0.638672 0.188300 0.638672 0.189214 0.638672 0.190128 0.639323 0.191042 0.639974 0.191956 0.639323 0.192870 0.639323 0.193784 0.638672 0.194698 0.639323 0.195612 0.638672 0.196527 0.639323 0.197441 0.639323 0.198355 0.638672 0.199269 0.638021 0.200183 0.638021 0.201097 0.637370 0.202011 0.636719 0.202925 0.636068 0.202925 0.635417 0.202011 0.634766 0.202925 0.634115 0.203839 0.633464 0.204753 0.634115 0.205667 0.633464 0.206581 0.632812 0.207495 0.632161 0.208410 0.631510 0.208410 0.630859 0.209324 0.630208 0.209324 0.629557 0.210238 0.628906 0.211152 0.628906 0.212066 0.628255 0.212980 0.628255 0.213894 0.628255 0.214808 0.627604 0.215722 0.628255 0.216636 0.628255 0.217550 0.628906 0.218464 0.628255 0.219378 0.628255 0.220293 0.628906 0.221207 0.628906 0.222121 0.628906 0.223035 0.629557 0.223035 0.630208 0.223035 0.630859 0.223035 0.631510 0.223949 0.632161 0.223949 0.632812 0.224863 0.633464 0.224863 0.634115 0.224863 0.634766 0.225777 0.634766 0.224863 0.634766 0.223949 0.635417 0.223035 0.636068 0.222121 0.636719 0.221207 0.637370 0.220293 0.638021 0.220293 0.638672 0.219378 0.639323 0.219378 0.639974 0.219378 0.639323 0.218464 0.638672 0.217550 0.639323 0.216636 0.638672 0.215722 0.639323 0.214808 0.639974 0.213894 0.640625 0.214808 0.641276 0.214808 0.641927 0.213894 0.641276 0.212980 0.641927 0.212066 0.641276 0.211152 0.641927 0.210238 0.642578 0.209324 0.641927 0.208410 0.641927 0.207495 0.642578 0.206581 0.641927 0.205667 0.641927 0.204753 0.642578 0.203839 0.642578 0.202925 0.641927 0.202011 0.641927 0.201097 0.641276 0.200183 0.641927 0.199269 0.641276 0.198355 0.641927 0.197441 0.642578 0.196527 0.643229 0.197441 0.642578 0.196527 0.642578 0.195612 0.643229 0.194698 0.642578 0.193784 0.641927 0.192870 0.642578 0.191956 0.641927 0.191042 0.642578 0.190128 0.642578 0.189214 0.643229 0.188300 0.643229 0.187386 0.643880 0.186472 0.644531 0.185558 0.645182 0.185558 0.644531 0.184644 0.645182 0.183729 0.644531 0.182815 0.645182 0.181901 0.645182 0.180987 0.645833 0.180073 0.646484 0.179159 0.647135 0.178245 0.647786 0.178245 0.648438 0.179159 0.647786 0.178245 0.648438 0.177331 0.649089 0.176417 0.649740 0.176417 0.649740 0.175503 0.650391 0.174589 0.651042 0.173675 0.651693 0.172761 0.652344 0.172761 0.652995 0.172761 0.653646 0.171846 0.653646 0.170932 0.654297 0.170018 0.654948 0.169104 0.655599 0.169104 0.656250 0.169104 0.656901 0.168190 0.657552 0.168190 0.658203 0.167276 0.658854 0.166362 0.659505 0.166362 0.660156 0.166362 0.660807 0.165448 0.661458 0.165448 0.662109 0.165448 0.662760 0.164534 0.663411 0.163620 0.664062 0.163620 0.664714 0.162706 0.665365 0.162706 0.666016 0.161792 0.666667 0.161792 0.666667 0.160878 0.667318 0.159963 0.667969 0.159049 0.668620 0.159049 0.669271 0.158135 0.669922 0.158135 0.669922 0.157221 0.670573 0.156307 0.671224 0.155393 0.671875 0.155393 0.672526 0.155393 0.673177 0.155393 0.673828 0.154479 0.674479 0.155393 0.675130 0.154479 0.675781 0.153565 0.676432 0.154479 0.677083 0.155393 0.677734 0.155393 0.678385 0.156307 0.679036 0.157221 0.679688 0.158135 0.680339 0.159049 0.680339 0.159963 0.680339 0.160878 0.680339 0.161792 0.680339 0.162706 0.680339 0.163620 0.680339 0.164534 0.679688 0.165448 0.679688 0.166362 0.679036 0.167276 0.678385 0.168190 0.677734 0.169104 0.677734 0.170018 0.677734 0.170932 0.677083 0.171846 0.676432 0.172761 0.675781 0.172761 0.675130 0.173675 0.674479 0.174589 0.675130 0.175503 0.674479 0.176417 0.673828 0.177331 0.673177 0.178245 0.672526 0.179159 0.672526 0.180073 0.672526 0.180987 0.673177 0.181901 0.673828 0.182815 0.673828 0.183729 0.673177 0.184644 0.673828 0.184644 0.674479 0.185558 0.675130 0.186472 0.675781 0.187386 0.676432 0.188300 0.676432 0.189214 0.677083 0.188300 0.677734 0.188300 0.678385 0.189214 0.679036 0.189214 0.679688 0.189214 0.680339 0.189214 0.680990 0.188300 0.681641 0.189214 0.680990 0.188300 0.681641 0.187386 0.682292 0.186472 0.682943 0.186472 0.683594 0.185558 0.682943 0.184644 0.683594 0.183729 0.683594 0.182815 0.683594 0.181901 0.684245 0.180987 0.684896 0.180073 0.684245 0.179159 0.683594 0.178245 0.683594 0.177331 0.683594 0.176417 0.684245 0.175503 0.683594 0.174589 0.684245 0.173675 0.683594 0.172761 0.684245 0.171846 0.683594 0.170932 0.684245 0.170018 0.683594 0.169104 0.684245 0.168190 0.684896 0.167276 0.685547 0.168190 0.686198 0.168190 0.685547 0.167276 0.686198 0.166362 0.686198 0.165448 0.686198 0.164534 0.686198 0.163620 0.686198 0.162706 0.686198 0.161792 0.686198 0.160878 0.685547 0.159963 0.684896 0.159049 0.684245 0.158135 0.683594 0.157221 0.683594 0.156307 0.682943 0.155393 0.682292 0.154479 0.681641 0.154479 0.680990 0.153565 0.680339 0.152651 0.680339 0.151737 0.679688 0.151737 0.679036 0.150823 0.678385 0.151737 0.677734 0.150823 0.677083 0.149909 0.677734 0.148995 0.677734 0.148080 0.677083 0.147166 0.676432 0.148080
0 0.866536 0.136197 0.866536 0.137112 0.865885 0.138026 0.865234 0.138940 0.864583 0.138940 0.864583 0.139854 0.863932 0.140768 0.863281 0.141682 0.863281 0.142596 0.863281 0.143510 0.862630 0.144424 0.862630 0.145338 0.862630 0.146252 0.862630 0.147166 0.861979 0.148080 0.861979 0.148995 0.861328 0.149909 0.861979 0.150823 0.861328 0.151737 0.861979 0.152651 0.861328 0.153565 0.860677 0.154479 0.860026 0.154479 0.860677 0.155393 0.861328 0.156307 0.861328 0.157221 0.861328 0.158135 0.861979 0.159049 0.861979 0.159963 0.862630 0.159049 0.863281 0.159963 0.863932 0.160878 0.864583 0.161792 0.864583 0.162706 0.863932 0.163620 0.863932 0.164534 0.863932 0.165448 0.863281 0.166362 0.863281 0.167276 0.863932 0.166362 0.864583 0.167276 0.865234 0.168190 0.865885 0.169104 0.865234 0.170018 0.865885 0.170018 0.866536 0.170932 0.867188 0.171846 0.866536 0.172761 0.866536 0.173675 0.865885 0.174589 0.866536 0.175503 0.866536 0.176417 0.867188 0.177331 0.867188 0.176417 0.867839 0.175503 0.868490 0.174589 0.869141 0.174589 0.869792 0.175503 0.870443 0.176417 0.871094 0.175503 0.871745 0.174589 0.872396 0.173675 0.873047 0.174589 0.873698 0.175503 0.873047 0.176417 0.873698 0.177331 0.873047 0.178245 0.873698 0.179159 0.874349 0.180073 0.875000 0.180987 0.875000 0.181901 0.875651 0.182815 0.875000 0.183729 0.875000 0.184644 0.875651 0.185558 0.875651 0.186472 0.876302 0.187386 0.876953 0.188300 0.877604 0.188300 0.878255 0.188300 0.878906 0.188300 0.879557 0.188300 0.880208 0.188300 0.880859 0.188300 0.881510 0.188300 0.882161 0.188300 0.882812 0.189214 0.883464 0.188300 0.884115 0.189214 0.884766 0.190128 0.885417 0.191042 0.886068 0.191956 0.886719 0.192870 0.886068 0.193784 0.886068 0.194698 0.885417 0.195612 0.886068 0.196527 0.886068 0.197441 0.885417 0.198355 0.886068 0.199269 0.886719 0.200183 0.887370 0.201097 0.887370 0.202011 0.888021 0.202925 0.887370 0.203839 0.888021 0.204753 0.888672 0.205667 0.888672 0.206581 0.889323 0.207495 0.889323 0.208410 0.889974 0.209324 0.890625 0.210238 0.890625 0.211152 0.891276 0.212066 0.891927 0.212980 0.892578 0.212980 0.893229 0.213894 0.893880 0.214808 0.894531 0.215722 0.895182 0.215722 0.895833 0.216636 0.896484 0.217550 0.897135 0.218464 0.897135 0.219378 0.897135 0.220293 0.897786 0.221207 0.898438 0.222121 0.899089 0.223035 0.899740 0.223035 0.900391 0.223949 0.901042 0.224863 0.901042 0.225777 0.900391 0.226691 0.901042 0.227605 0.900391 0.228519 0.899740 0.229433 0.899089 0.228519 0.899740 0.229433 0.899089 0.230347 0.899089 0.231261 0.898438 0.232176 0.899089 0.233090 0.898438 0.234004 0.897786 0.234918 0.897135 0.235832 0.896484 0.236746 0.895833 0.236746 0.895182 0.237660 0.894531 0.237660 0.893880 0.238574 0.893229 0.238574 0.892578 0.238574 0.891927 0.238574 0.891927 0.239488 0.891927 0.240402 0.892578 0.241316 0.893229 0.241316 0.893880 0.240402 0.894531 0.241316 0.895182 0.241316 0.895833 0.240402 0.896484 0.241316 0.897135 0.241316 0.897786 0.241316 0.898438 0.242230 0.899089 0.241316 0.899740 0.241316 0.900391 0.242230 0.901042 0.242230 0.901693 0.242230 0.902344 0.243144 0.902995 0.244059 0.903646 0.243144 0.904297 0.244059 0.904948 0.244059 0.905599 0.244973 0.906250 0.245887 0.905599 0.246801 0.905599 0.247715 0.905599 0.248629 0.905599 0.249543 0.905599 0.250457 0.905599 0.251371 0.905599 0.252285 0.905599 0.253199 0.905599 0.254113 0.905599 0.255027 0.906250 0.254113 0.906901 0.255027 0.907552 0.255027 0.908203 0.254113 0.908854 0.253199 0.909505 0.254113 0.910156 0.254113 0.910156 0.253199 0.910156 0.252285 0.910807 0.251371 0.911458 0.250457 0.910807 0.249543 0.910807 0.248629 0.910156 0.247715 0.910156 0.246801 0.909505 0.247715 0.908854 0.246801 0.908203 0.245887 0.907552 0.244973 0.907552 0.244059 0.906901 0.243144 0.907552 0.242230 0.907552 0.241316 0.907552 0.240402 0.908203 0.239488 0.907552 0.238574 0.908203 0.237660 0.907552 0.236746 0.908203 0.235832 0.907552 0.234918 0.908203 0.234004 0.907552 0.233090 0.908203 0.232176 0.908203 0.231261 0.908203 0.230347 0.908203 0.229433 0.907552 0.228519 0.908203 0.227605 0.908203 0.226691 0.908203 0.225777 0.908854 0.224863 0.908854 0.223949 0.908203 0.223035 0.908203 0.222121 0.907552 0.223035 0.906901 0.222121 0.906250 0.221207 0.906901 0.220293 0.906250 0.219378 0.906250 0.218464 0.905599 0.217550 0.904948 0.216636 0.904297 0.215722 0.903646 0.214808 0.902995 0.213894 0.902344 0.212980 0.902344 0.212066 0.901693 0.211152 0.901042 0.210238 0.900391 0.209324 0.900391 0.208410 0.900391 0.207495 0.900391 0.206581 0.900391 0.205667 0.900391 0.204753 0.900391 0.203839 0.900391 0.202925 0.900391 0.202011 0.901042 0.201097 0.900391 0.200183 0.901042 0.199269 0.901042 0.198355 0.900391 0.197441 0.900391 0.196527 0.901042 0.195612 0.900391 0.194698 0.901042 0.193784 0.900391 0.192870 0.901042 0.191956 0.900391 0.191042 0.899740 0.190128 0.900391 0.189214 0.899740 0.188300 0.899089 0.187386 0.899089 0.186472 0.898438 0.185558 0.897786 0.184644 0.897135 0.183729 0.896484 0.182815 0.897135 0.181901 0.896484 0.180987 0.896484 0.180073 0.896484 0.179159 0.897135 0.178245 0.896484 0.177331 0.895833 0.176417 0.895182 0.175503 0.894531 0.174589 0.893880 0.173675 0.894531 0.172761 0.893880 0.171846 0.893229 0.170932 0.892578 0.170932 0.891927 0.170018 0.891276 0.169104 0.891276 0.168190 0.890625 0.167276 0.889974 0.166362 0.889323 0.165448 0.888672 0.165448 0.888021 0.166362 0.887370 0.167276 0.887370 0.168190 0.886719 0.169104 0.886068 0.170018 0.885417 0.170018 0.884766 0.170932 0.884115 0.170018 0.883464 0.169104 0.883464 0.168190 0.882812 0.167276 0.882812 0.166362 0.882812 0.165448 0.882161 0.164534 0.882161 0.163620 0.881510 0.162706 0.880859 0.161792 0.880859 0.160878 0.880859 0.159963 0.880859 0.159049 0.880859 0.158135 0.881510 0.157221 0.880859 0.156307 0.880208 0.155393 0.880208 0.154479 0.880859 0.153565 0.880208 0.152651 0.879557 0.151737 0.880208 0.150823 0.880208 0.149909 0.880859 0.148995 0.880859 0.148080 0.880208 0.147166 0.880208 0.146252 0.880859 0.145338 0.880208 0.144424 0.880208 0.143510 0.880208 0.142596 0.879557 0.141682 0.879557 0.140768 0.879557 0.139854 0.878906 0.139854 0.878255 0.138940 0.877604 0.138026 0.876953 0.137112 0.876302 0.138026 0.875651 0.138026 0.875000 0.138940 0.874349 0.138940 0.873698 0.139854 0.873047 0.139854 0.872396 0.139854 0.871745 0.139854 0.871094 0.138940 0.870443 0.138026 0.869792 0.138026 0.869141 0.137112 0.868490 0.137112 0.867839 0.137112 0.867188 0.137112
0 0.545573 0.129799 0.544922 0.130713 0.544271 0.131627 0.543620 0.132541 0.542969 0.132541 0.542318 0.133455 0.541667 0.134369 0.541016 0.134369 0.540365 0.135283 0.539714 0.135283 0.539062 0.136197 0.538411 0.137112 0.539062 0.138026 0.539062 0.138940 0.538411 0.139854 0.537760 0.140768 0.537109 0.141682 0.537760 0.142596 0.537760 0.143510 0.537109 0.144424 0.537109 0.145338 0.537109 0.146252 0.537109 0.147166 0.537109 0.148080 0.536458 0.148995 0.537109 0.149909 0.537760 0.150823 0.538411 0.151737 0.538411 0.152651 0.538411 0.153565 0.539062 0.153565 0.539714 0.154479 0.540365 0.155393 0.541016 0.156307 0.541667 0.157221 0.542318 0.158135 0.542969 0.158135 0.543620 0.159049 0.544271 0.159963 0.544922 0.160878 0.544271 0.161792 0.544271 0.162706 0.543620 0.163620 0.542969 0.164534 0.542969 0.165448 0.543620 0.166362 0.544271 0.167276 0.544271 0.168190 0.544922 0.169104 0.545573 0.170018 0.546224 0.170932 0.546875 0.171846 0.546875 0.172761 0.547526 0.172761 0.548177 0.173675 0.548828 0.172761 0.549479 0.171846 0.550130 0.171846 0.550781 0.172761 0.551432 0.171846 0.552083 0.170932 0.552734 0.170018 0.553385 0.170018 0.554036 0.170018 0.554688 0.170018 0.555339 0.170018 0.555990 0.170932 0.556641 0.171846 0.557292 0.172761 0.557943 0.173675 0.558594 0.174589 0.559245 0.175503 0.559896 0.175503 0.560547 0.176417 0.561198 0.177331 0.561849 0.178245 0.562500 0.179159 0.562500 0.180073 0.562500 0.180987 0.563151 0.181901 0.563151 0.182815 0.563802 0.183729 0.563802 0.184644 0.563151 0.185558 0.563802 0.186472 0.563802 0.187386 0.564453 0.188300 0.563802 0.189214 0.563151 0.190128 0.563802 0.191042 0.563802 0.191956 0.563802 0.192870 0.563802 0.193784 0.563802 0.194698 0.563151 0.195612 0.562500 0.196527 0.561849 0.197441 0.561849 0.198355 0.561198 0.199269 0.560547 0.200183 0.559896 0.200183 0.559245 0.200183 0.558594 0.200183 0.557943 0.200183 0.557292 0.201097 0.556641 0.200183 0.555990 0.200183 0.555339 0.201097 0.554688 0.202011 0.554036 0.202011 0.553385 0.202011 0.552734 0.202011 0.552083 0.202011 0.551432 0.202011 0.550781 0.202011 0.550130 0.202011 0.549479 0.202011 0.548828 0.202011 0.548177 0.202011 0.547526 0.202925 0.546875 0.203839 0.546224 0.202925 0.545573 0.203839 0.544922 0.203839 0.544271 0.204753 0.543620 0.203839 0.542969 0.203839 0.542318 0.204753 0.541667 0.204753 0.542318 0.205667 0.541667 0.206581 0.541016 0.207495 0.540365 0.207495 0.539714 0.208410 0.540365 0.208410 0.541016 0.209324 0.541667 0.210238 0.541016 0.211152 0.540365 0.212066 0.539714 0.212980 0.539062 0.213894 0.538411 0.213894 0.537760 0.214808 0.537109 0.213894 0.536458 0.214808 0.535807 0.214808 0.535156 0.214808 0.534505 0.214808 0.533854 0.214808 0.533203 0.214808 0.532552 0.213894 0.531901 0.212980 0.531250 0.212980 0.530599 0.212980 0.529948 0.212066 0.529297 0.212066 0.528646 0.212066 0.527995 0.212980 0.527344 0.212980 0.526693 0.213894 0.526042 0.214808 0.525391 0.214808 0.524740 0.215722 0.524089 0.216636 0.524089 0.217550 0.524089 0.218464 0.524089 0.219378 0.523438 0.220293 0.524089 0.221207 0.523438 0.222121 0.523438 0.223035 0.522786 0.223949 0.522786 0.224863 0.522135 0.225777 0.521484 0.226691 0.520833 0.227605 0.520833 0.228519 0.520833 0.229433 0.521484 0.229433 0.522135 0.230347 0.522786 0.231261 0.523438 0.231261 0.524089 0.231261 0.524740 0.230347 0.525391 0.230347 0.526042 0.229433 0.526693 0.229433 0.527344 0.229433 0.527995 0.229433 0.527995 0.228519 0.528646 0.227605 0.529297 0.226691 0.529948 0.227605 0.530599 0.226691 0.531250 0.225777 0.531901 0.224863 0.532552 0.223949 0.533203 0.223035 0.533854 0.222121 0.534505 0.221207 0.535156 0.221207 0.535807 0.220293 0.536458 0.220293 0.537109 0.221207 0.537760 0.220293 0.538411 0.219378 0.539062 0.219378 0.539714 0.219378 0.540365 0.220293 0.541016 0.219378 0.541667 0.220293 0.542318 0.219378 0.542969 0.218464 0.543620 0.218464 0.544271 0.217550 0.544922 0.217550 0.545573 0.217550 0.546224 0.217550 0.546875 0.217550 0.547526 0.217550 0.548177 0.217550 0.548828 0.217550 0.549479 0.218464 0.550130 0.218464 0.550781 0.219378 0.551432 0.220293 0.552083 0.221207 0.552083 0.222121 0.552734 0.223035 0.552734 0.223949 0.553385 0.224863 0.554036 0.225777 0.554036 0.226691 0.554036 0.227605 0.554688 0.228519 0.554688 0.229433 0.554036 0.230347 0.554036 0.231261 0.553385 0.232176 0.553385 0.233090 0.553385 0.234004 0.552734 0.234918 0.552083 0.235832 0.552734 0.236746 0.552083 0.237660 0.551432 0.238574 0.551432 0.239488 0.551432 0.240402 0.550781 0.241316 0.550130 0.242230 0.550130 0.243144 0.550130 0.244059 0.549479 0.244973 0.550130 0.245887 0.550130 0.246801 0.549479 0.247715 0.549479 0.248629 0.549479 0.249543 0.549479 0.250457 0.549479 0.251371 0.550130 0.252285 0.549479 0.253199 0.549479 0.254113 0.549479 0.255027 0.548828 0.255941 0.549479 0.256856 0.548828 0.257770 0.549479 0.258684 0.548828 0.259598 0.548177 0.260512 0.547526 0.260512 0.548177 0.261426 0.548177 0.262340 0.547526 0.263254 0.547526 0.264168 0.546875 0.265082 0.546224 0.265996 0.545573 0.266910 0.544922 0.267824 0.544922 0.268739 0.545573 0.269653 0.546224 0.270567 0.546875 0.271481 0.546224 0.272395 0.546224 0.273309 0.546224 0.274223 0.546224 0.275137 0.545573 0.276051 0.544922 0.276965 0.544922 0.277879 0.544271 0.278793 0.544271 0.279707 0.544271 0.280622 0.544271 0.281536 0.544922 0.282450 0.544271 0.283364 0.543620 0.284278 0.542969 0.285192 0.542318 0.286106 0.541667 0.287020 0.541016 0.287934 0.540365 0.287934 0.540365 0.288848 0.540365 0.289762 0.539714 0.290676 0.539714 0.291590 0.539062 0.292505 0.539714 0.293419 0.539062 0.294333 0.538411 0.295247 0.537760 0.295247 0.537760 0.296161 0.537109 0.297075 0.537760 0.297989 0.537109 0.298903 0.536458 0.299817 0.535807 0.300731 0.535156 0.301645 0.534505 0.300731 0.533854 0.300731 0.533854 0.301645 0.533854 0.302559 0.533203 0.303473 0.532552 0.304388 0.531901 0.304388 0.531901 0.305302 0.531901 0.306216 0.531250 0.307130 0.531250 0.308044 0.531901 0.308958 0.531901 0.309872 0.531901 0.310786 0.531901 0.311700 0.531901 0.312614 0.531901 0.313528 0.531901 0.314442 0.531250 0.315356 0.531901 0.316271 0.532552 0.317185 0.533203 0.317185 0.533854 0.317185 0.534505 0.318099 0.535156 0.319013 0.535156 0.319927 0.535807 0.319927 0.536458 0.319927 0.537109 0.319927 0.537760 0.319013 0.538411 0.319927 0.539062 0.319927 0.539714 0.320841 0.540365 0.320841 0.541016 0.319927 0.541667 0.320841 0.542318 0.319927 0.542969 0.320841 0.543620 0.319927 0.544271 0.319013 0.544922 0.318099 0.545573 0.317185 0.546224 0.317185 0.546875 0.317185 0.546875 0.316271 0.547526 0.315356 0.548177 0.314442 0.548177 0.313528 0.547526 0.312614 0.548177 0.311700 0.548177 0.310786 0.548177 0.309872 0.548828 0.308958 0.549479 0.308044 0.548828 0.307130 0.549479 0.306216 0.550130 0.305302 0.550130 0.304388 0.550130 0.303473 0.550781 0.302559 0.550130 0.301645 0.550781 0.300731 0.551432 0.299817 0.550781 0.298903 0.550130 0.297989 0.550781 0.297075 0.550781 0.296161 0.550781 0.295247 0.551432 0.294333 0.552083 0.293419 0.552734 0.292505 0.553385 0.291590 0.553385 0.290676 0.552734 0.289762 0.552734 0.288848 0.553385 0.287934 0.552734 0.287020 0.553385 0.286106 0.554036 0.285192 0.553385 0.284278 0.552734 0.283364 0.553385 0.282450 0.552734 0.281536 0.552734 0.280622 0.553385 0.279707 0.552734 0.278793 0.553385 0.277879 0.554036 0.276965 0.554688 0.276965 0.554036 0.276051 0.554036 0.275137 0.553385 0.274223 0.554036 0.273309 0.554036 0.272395 0.554036 0.271481 0.554036 0.270567 0.554688 0.269653 0.555339 0.268739 0.555990 0.267824 0.555990 0.266910 0.556641 0.265996 0.556641 0.265082 0.557292 0.264168 0.557292 0.263254 0.556641 0.262340 0.557292 0.261426 0.556641 0.260512 0.556641 0.259598 0.556641 0.258684 0.557292 0.257770 0.557943 0.256856 0.557292 0.255941 0.557292 0.255027 0.557292 0.254113 0.557943 0.253199 0.557943 0.252285 0.558594 0.251371 0.559245 0.250457 0.558594 0.249543 0.559245 0.248629 0.558594 0.248629 0.557943 0.247715 0.557292 0.246801 0.557292 0.245887 0.557943 0.244973 0.557943 0.244059 0.558594 0.243144 0.559245 0.242230 0.558594 0.241316 0.558594 0.240402 0.557943 0.239488 0.557292 0.238574 0.556641 0.237660 0.555990 0.236746 0.555990 0.235832 0.555990 0.234918 0.555339 0.234004 0.555339 0.233090 0.555990 0.232176 0.555990 0.231261 0.556641 0.230347 0.557292 0.229433 0.557943 0.229433 0.557292 0.228519 0.557292 0.227605 0.557292 0.226691 0.557943 0.225777 0.557943 0.224863 0.558594 0.223949 0.559245 0.223035 0.559245 0.222121 0.559245 0.221207 0.559896 0.220293 0.559245 0.219378 0.559245 0.218464 0.559245 0.217550 0.559245 0.216636 0.559245 0.215722 0.559245 0.214808 0.559245 0.213894 0.559896 0.212980 0.560547 0.212066 0.561198 0.211152 0.561849 0.210238 0.562500 0.209324 0.563151 0.209324 0.562500 0.208410 0.563151 0.207495 0.563802 0.206581 0.564453 0.205667 0.564453 0.204753 0.564453 0.203839 0.565104 0.202925 0.565755 0.202011 0.566406 0.201097 0.567057 0.200183 0.567708 0.200183 0.568359 0.199269 0.569010 0.198355 0.569661 0.197441 0.570312 0.196527 0.570964 0.196527 0.571615 0.195612 0.572266 0.194698 0.572917 0.194698 0.573568 0.194698 0.574219 0.194698 0.574870 0.193784 0.575521 0.192870 0.576172 0.191956 0.576823 0.191956 0.577474 0.191042 0.578125 0.191042 0.578776 0.190128 0.579427 0.189214 0.580078 0.190128 0.580729 0.191042 0.581380 0.190128 0.582031 0.190128 0.582682 0.191042 0.583333 0.191956 0.583984 0.192870 0.583984 0.193784 0.584635 0.193784 0.585286 0.194698 0.585938 0.195612 0.586589 0.195612 0.587240 0.195612 0.587891 0.196527 0.588542 0.197441 0.589193 0.198355 0.589193 0.199269 0.589844 0.199269 0.590495 0.199269 0.591146 0.199269 0.591797 0.199269 0.592448 0.199269 0.593099 0.199269 0.593099 0.198355 0.593099 0.197441 0.593099 0.196527 0.593750 0.195612 0.593750 0.194698 0.593750 0.193784 0.594401 0.192870 0.594401 0.191956 0.594401 0.191042 0.594401 0.190128 0.594401 0.189214 0.593750 0.188300 0.593099 0.187386 0.593750 0.186472 0.593750 0.185558 0.594401 0.184644 0.595052 0.183729 0.595703 0.182815 0.596354 0.182815 0.597005 0.183729 0.597656 0.182815 0.598307 0.181901 0.598958 0.181901 0.599609 0.180987 0.600260 0.181901 0.600911 0.181901 0.601562 0.182815 0.602214 0.181901 0.602865 0.181901 0.603516 0.181901 0.604167 0.181901 0.604818 0.182815 0.605469 0.183729 0.606120 0.182815 0.606771 0.182815 0.607422 0.183729 0.608073 0.182815 0.608724 0.182815 0.609375 0.181901 0.610026 0.181901 0.610677 0.181901 0.611328 0.180987 0.611979 0.180073 0.612630 0.179159 0.612630 0.178245 0.612630 0.177331 0.613281 0.176417 0.613932 0.175503 0.614583 0.174589 0.615234 0.174589 0.615234 0.173675 0.614583 0.172761 0.614583 0.171846 0.615234 0.170932 0.615885 0.170018 0.616536 0.170932 0.617188 0.170932 0.617839 0.171846 0.618490 0.172761 0.619141 0.173675 0.619792 0.172761 0.620443 0.172761 0.621094 0.171846 0.621745 0.172761 0.622396 0.171846 0.623047 0.171846 0.623698 0.172761 0.624349 0.171846 0.625000 0.171846 0.625651 0.171846 0.626302 0.171846 0.626953 0.172761 0.627604 0.173675 0.628255 0.174589 0.628906 0.174589 0.629557 0.175503 0.628906 0.176417 0.628906 0.177331 0.628906 0.178245 0.629557 0.179159 0.630208 0.179159 0.629557 0.178245 0.630208 0.177331 0.629557 0.176417 0.629557 0.175503 0.628906 0.174589 0.628255 0.173675 0.628906 0.172761 0.628255 0.171846 0.627604 0.170932 0.626953 0.170932 0.626302 0.170018 0.625651 0.169104 0.625651 0.168190 0.625000 0.167276 0.624349 0.166362 0.625000 0.165448 0.625000 0.164534 0.625000 0.163620 0.625651 0.162706 0.626302 0.161792 0.625651 0.160878 0.625000 0.159963 0.625000 0.159049 0.624349 0.158135 0.624349 0.157221 0.623698 0.156307 0.623047 0.155393 0.623047 0.154479 0.622396 0.154479 0.621745 0.153565 0.621094 0.152651 0.621094 0.151737 0.620443 0.151737 0.619792 0.151737 0.619141 0.151737 0.618490 0.152651 0.617839 0.151737 0.617188 0.152651 0.616536 0.152651 0.615885 0.153565 0.615234 0.154479 0.614583 0.153565 0.613932 0.153565 0.613281 0.154479 0.612630 0.155393 0.611979 0.156307 0.612630 0.157221 0.612630 0.158135 0.612630 0.159049 0.611979 0.159963 0.611328 0.160878 0.611979 0.161792 0.611979 0.162706 0.611979 0.163620 0.611979 0.164534 0.612630 0.165448 0.611979 0.166362 0.612630 0.167276 0.612630 0.168190 0.612630 0.169104 0.611979 0.170018 0.611328 0.170932 0.611328 0.171846 0.610677 0.172761 0.610026 0.173675 0.609375 0.174589 0.608724 0.175503 0.608073 0.175503 0.607422 0.176417 0.606771 0.177331 0.606120 0.178245 0.605469 0.178245 0.604818 0.177331 0.604167 0.176417 0.603516 0.177331 0.602865 0.176417 0.602214 0.175503 0.602214 0.174589 0.601562 0.174589 0.600911 0.174589 0.600260 0.173675 0.599609 0.172761 0.598958 0.172761 0.598307 0.171846 0.597656 0.170932 0.597005 0.170018 0.596354 0.169104 0.597005 0.168190 0.596354 0.167276 0.595703 0.166362 0.595052 0.165448 0.594401 0.164534 0.595052 0.163620 0.595052 0.162706 0.595052 0.161792 0.594401 0.160878 0.594401 0.159963 0.594401 0.159049 0.593750 0.158135 0.593099 0.157221 0.592448 0.156307 0.591797 0.156307 0.591146 0.155393 0.590495 0.156307 0.589844 0.156307 0.589193 0.156307 0.588542 0.155393 0.587891 0.156307 0.587240 0.156307 0.586589 0.155393 0.585938 0.156307 0.585286 0.157221 0.585938 0.158135 0.585286 0.159049 0.585286 0.159963 0.584635 0.160878 0.583984 0.161792 0.583984 0.162706 0.583984 0.163620 0.584635 0.164534 0.584635 0.165448 0.585286 0.165448 0.585938 0.166362 0.586589 0.167276 0.587240 0.168190 0.586589 0.169104 0.587240 0.169104 0.587891 0.170018 0.588542 0.170018 0.589193 0.170932 0.589844 0.171846 0.589844 0.172761 0.590495 0.173675 0.591146 0.174589 0.591797 0.175503 0.592448 0.176417 0.592448 0.177331 0.593099 0.178245 0.593750 0.179159 0.593099 0.180073 0.592448 0.180987 0.591797 0.181901 0.591146 0.181901 0.590495 0.181901 0.589844 0.182815 0.589193 0.183729 0.588542 0.183729 0.587891 0.183729 0.587240 0.184644 0.586589 0.183729 0.585938 0.184644 0.585286 0.183729 0.584635 0.184644 0.583984 0.185558 0.583333 0.184644 0.582682 0.184644 0.582031 0.183729 0.581380 0.184644 0.580729 0.184644 0.580078 0.184644 0.579427 0.184644 0.578776 0.183729 0.578125 0.182815 0.577474 0.181901 0.576823 0.181901 0.576172 0.181901 0.575521 0.180987 0.574870 0.180987 0.574219 0.180073 0.573568 0.179159 0.572917 0.180073 0.572266 0.179159 0.571615 0.178245 0.570964 0.177331 0.570312 0.177331 0.569661 0.177331 0.569010 0.176417 0.568359 0.175503 0.569010 0.174589 0.568359 0.173675 0.567708 0.172761 0.568359 0.171846 0.567708 0.171846 0.567057 0.170932 0.566406 0.170018 0.565755 0.169104 0.565104 0.168190 0.564453 0.168190 0.563802 0.167276 0.563151 0.166362 0.563151 0.165448 0.562500 0.164534 0.561849 0.163620 0.562500 0.162706 0.561849 0.161792 0.561198 0.160878 0.560547 0.159963 0.559896 0.159963 0.559245 0.159049 0.558594 0.158135 0.557943 0.157221 0.557292 0.156307 0.557943 0.155393 0.557292 0.155393 0.556641 0.154479 0.555990 0.154479 0.555339 0.153565 0.554688 0.152651 0.554688 0.151737 0.554036 0.150823 0.554036 0.149909 0.554036 0.148995 0.554688 0.148080 0.554688 0.147166 0.555339 0.146252 0.555990 0.145338 0.555339 0.144424 0.555990 0.143510 0.555339 0.142596 0.554688 0.141682 0.554036 0.140768 0.554036 0.139854 0.554036 0.138940 0.553385 0.138940 0.552734 0.138026 0.552083 0.137112 0.552083 0.136197 0.552734 0.135283 0.552083 0.134369 0.551432 0.133455 0.550781 0.132541 0.550130 0.131627 0.550130 0.130713 0.549479 0.130713 0.548828 0.129799 0.548177 0.129799 0.547526 0.129799 0.546875 0.129799 0.546224 0.129799
0 0.723958 0.110603 0.723307 0.111517 0.722656 0.112431 0.722005 0.112431 0.721354 0.113346 0.720703 0.114260 0.720052 0.113346 0.719401 0.114260 0.718750 0.113346 0.718099 0.113346 0.717448 0.113346 0.716797 0.113346 0.716146 0.114260 0.715495 0.114260 0.714844 0.113346 0.714193 0.114260 0.713542 0.115174 0.712891 0.115174 0.712240 0.115174 0.711589 0.116088 0.710938 0.116088 0.710286 0.117002 0.709635 0.117002 0.708984 0.116088 0.708333 0.117002 0.707682 0.116088 0.707031 0.117002 0.706380 0.117002 0.706380 0.117916 0.705729 0.118830 0.705729 0.119744 0.706380 0.120658 0.706380 0.121572 0.705729 0.122486 0.706380 0.123400 0.706380 0.124314 0.706380 0.125229 0.705729 0.126143 0.705729 0.127057 0.705729 0.127971 0.706380 0.128885 0.706380 0.129799 0.706380 0.130713 0.707031 0.131627 0.707031 0.132541 0.707682 0.133455 0.707682 0.134369 0.707682 0.135283 0.708333 0.136197 0.708984 0.137112 0.709635 0.137112 0.710286 0.137112 0.710938 0.138026 0.711589 0.138026 0.712240 0.138940 0.712891 0.138026 0.713542 0.138026 0.714193 0.138940 0.714844 0.138026 0.715495 0.138026 0.716146 0.137112 0.716797 0.137112 0.717448 0.137112 0.718099 0.137112 0.718750 0.138026 0.718750 0.137112 0.719401 0.136197 0.720052 0.135283 0.720703 0.136197 0.721354 0.136197 0.722005 0.135283 0.722656 0.135283 0.723307 0.135283 0.723958 0.135283 0.724609 0.134369 0.725260 0.134369 0.725911 0.134369 0.726562 0.133455 0.727214 0.132541 0.727865 0.132541 0.728516 0.131627 0.729167 0.132541 0.728516 0.131627 0.729167 0.130713 0.729818 0.129799 0.730469 0.128885 0.731120 0.127971 0.731771 0.127057 0.731771 0.126143 0.731771 0.125229 0.732422 0.124314 0.733073 0.123400 0.732422 0.122486 0.732422 0.121572 0.733073 0.120658 0.732422 0.119744 0.732422 0.118830 0.732422 0.117916 0.732422 0.117002 0.732422 0.116088 0.733073 0.115174 0.732422 0.115174 0.731771 0.114260 0.731120 0.113346 0.731771 0.112431 0.731120 0.113346 0.730469 0.113346 0.729818 0.113346 0.729167 0.112431 0.728516 0.111517 0.727865 0.111517 0.727214 0.110603 0.726562 0.111517 0.725911 0.111517 0.725260 0.110603 0.724609 0.111517
0 0.860677 0.099634 0.860026 0.100548 0.859375 0.101463 0.858724 0.101463 0.858073 0.102377 0.857422 0.101463 0.856771 0.101463 0.856120 0.102377 0.856771 0.102377 0.857422 0.103291 0.858073 0.104205 0.858724 0.105119 0.859375 0.106033 0.860026 0.106947 0.860026 0.107861 0.860026 0.108775 0.859375 0.109689 0.859375 0.110603 0.859375 0.111517 0.858724 0.112431 0.858073 0.113346 0.858724 0.114260 0.859375 0.115174 0.860026 0.116088 0.860677 0.117002 0.860026 0.117916 0.859375 0.118830 0.858724 0.118830 0.858073 0.119744 0.857422 0.118830 0.856771 0.118830 0.856120 0.118830 0.855469 0.119744 0.854818 0.118830 0.854167 0.119744 0.853516 0.120658 0.852865 0.120658 0.852214 0.121572 0.851562 0.121572 0.850911 0.121572 0.850260 0.120658 0.849609 0.120658 0.848958 0.119744 0.848307 0.118830 0.847656 0.117916 0.847656 0.117002 0.847005 0.117916 0.846354 0.117916 0.845703 0.118830 0.845052 0.117916 0.844401 0.117002 0.843750 0.116088 0.843099 0.117002 0.842448 0.117002 0.842448 0.117916 0.843099 0.118830 0.843750 0.119744 0.843099 0.120658 0.843750 0.121572 0.843099 0.122486 0.842448 0.123400 0.841797 0.124314 0.841797 0.125229 0.842448 0.126143 0.842448 0.127057 0.842448 0.127971 0.842448 0.128885 0.843099 0.128885 0.843750 0.129799 0.844401 0.130713 0.845052 0.131627 0.845703 0.132541 0.846354 0.133455 0.846354 0.134369 0.847005 0.134369 0.847656 0.135283 0.848307 0.136197 0.848958 0.136197 0.849609 0.137112 0.850260 0.137112 0.850911 0.138026 0.851562 0.138940 0.851562 0.139854 0.852214 0.138940 0.852865 0.139854 0.853516 0.138940 0.854167 0.138026 0.854818 0.137112 0.855469 0.137112 0.856120 0.136197 0.856771 0.136197 0.857422 0.137112 0.858073 0.136197 0.858724 0.136197 0.858724 0.135283 0.858724 0.134369 0.859375 0.133455 0.860026 0.132541 0.860677 0.131627 0.861328 0.130713 0.861979 0.131627 0.862630 0.132541 0.863281 0.132541 0.863932 0.133455 0.864583 0.132541 0.865234 0.132541 0.865234 0.131627 0.865234 0.130713 0.865885 0.129799 0.865885 0.128885 0.866536 0.127971 0.867188 0.127057 0.867839 0.127057 0.867839 0.126143 0.868490 0.125229 0.869141 0.124314 0.869792 0.124314 0.869141 0.123400 0.869792 0.122486 0.870443 0.121572 0.870443 0.120658 0.869792 0.119744 0.869792 0.118830 0.870443 0.117916 0.871094 0.117002 0.870443 0.116088 0.871094 0.115174 0.870443 0.114260 0.869792 0.113346 0.870443 0.112431 0.870443 0.111517 0.869792 0.111517 0.869141 0.110603 0.868490 0.110603 0.867839 0.110603 0.867188 0.109689 0.866536 0.108775 0.865885 0.108775 0.865234 0.108775 0.864583 0.108775 0.863932 0.107861 0.863281 0.106947 0.862630 0.106033 0.861979 0.105119 0.862630 0.104205 0.862630 0.103291 0.862630 0.102377 0.863281 0.101463 0.863281 0.100548 0.863281 0.099634 0.862630 0.099634 0.861979 0.100548 0.861328 0.100548
0 0.641927 0.099634 0.641276 0.100548 0.640625 0.101463 0.639974 0.102377 0.639323 0.102377 0.638672 0.102377 0.638672 0.103291 0.638021 0.104205 0.637370 0.105119 0.637370 0.106033 0.637370 0.106947 0.636719 0.107861 0.636719 0.108775 0.637370 0.109689 0.636719 0.110603 0.636719 0.111517 0.636719 0.112431 0.636068 0.113346 0.635417 0.114260 0.634766 0.114260 0.634115 0.113346 0.633464 0.112431 0.633464 0.111517 0.632812 0.112431 0.632161 0.112431 0.631510 0.112431 0.630859 0.112431 0.630208 0.112431 0.629557 0.112431 0.628906 0.112431 0.628255 0.111517 0.627604 0.111517 0.626953 0.112431 0.626302 0.112431 0.626302 0.113346 0.625651 0.114260 0.625000 0.115174 0.624349 0.114260 0.625000 0.115174 0.624349 0.116088 0.624349 0.117002 0.623698 0.117916 0.623698 0.118830 0.623047 0.119744 0.623047 0.120658 0.622396 0.121572 0.621745 0.122486 0.622396 0.123400 0.622396 0.124314 0.622396 0.125229 0.622396 0.126143 0.623047 0.127057 0.623698 0.127971 0.623698 0.128885 0.623698 0.129799 0.624349 0.130713 0.625000 0.131627 0.625651 0.132541 0.626302 0.131627 0.626953 0.132541 0.627604 0.133455 0.628255 0.134369 0.628255 0.135283 0.628906 0.135283 0.629557 0.134369 0.630208 0.135283 0.630859 0.134369 0.631510 0.134369 0.632161 0.133455 0.632812 0.133455 0.633464 0.133455 0.634115 0.132541 0.634766 0.131627 0.635417 0.131627 0.636068 0.130713 0.636719 0.130713 0.637370 0.130713 0.638021 0.130713 0.638672 0.129799 0.639323 0.128885 0.639974 0.127971 0.639974 0.127057 0.640625 0.126143 0.641276 0.125229 0.641927 0.126143 0.642578 0.125229 0.643229 0.125229 0.643880 0.125229 0.644531 0.125229 0.645182 0.125229 0.645833 0.124314 0.646484 0.123400 0.647135 0.124314 0.647786 0.125229 0.648438 0.126143 0.649089 0.127057 0.649089 0.127971 0.649089 0.128885 0.649740 0.129799 0.649740 0.130713 0.649740 0.131627 0.649740 0.132541 0.650391 0.133455 0.650391 0.134369 0.651042 0.135283 0.651042 0.136197 0.651693 0.137112 0.652344 0.137112 0.652995 0.137112 0.653646 0.138026 0.654297 0.138026 0.654948 0.137112 0.655599 0.137112 0.656250 0.137112 0.656901 0.136197 0.657552 0.135283 0.658203 0.135283 0.658854 0.135283 0.659505 0.135283 0.660156 0.134369 0.660807 0.133455 0.661458 0.132541 0.661458 0.131627 0.661458 0.130713 0.662109 0.129799 0.661458 0.129799 0.660807 0.128885 0.660156 0.127971 0.659505 0.127057 0.658854 0.127057 0.658203 0.126143 0.657552 0.126143 0.656901 0.125229 0.656250 0.125229 0.655599 0.125229 0.654948 0.125229 0.654297 0.124314 0.653646 0.124314 0.652995 0.123400 0.652344 0.123400 0.651693 0.122486 0.651042 0.121572 0.650391 0.120658 0.649740 0.119744 0.649089 0.118830 0.649089 0.117916 0.649089 0.117002 0.648438 0.116088 0.648438 0.115174 0.649089 0.114260 0.648438 0.113346 0.648438 0.112431 0.647786 0.111517 0.647786 0.110603 0.648438 0.109689 0.647786 0.109689 0.647135 0.108775 0.646484 0.107861 0.645833 0.106947 0.645833 0.106033 0.645833 0.105119 0.645182 0.104205 0.645182 0.103291 0.644531 0.102377 0.643880 0.101463 0.643229 0.100548 0.642578 0.100548
0 0.957682 0.088665 0.957031 0.089580 0.956380 0.089580 0.955729 0.090494 0.955078 0.089580 0.954427 0.090494 0.953776 0.090494 0.953125 0.091408 0.952474 0.091408 0.951823 0.092322 0.951172 0.092322 0.950521 0.093236 0.949870 0.094150 0.949870 0.095064 0.949219 0.095978 0.948568 0.096892 0.947917 0.097806 0.947266 0.097806 0.947917 0.098720 0.947266 0.099634 0.947266 0.100548 0.947917 0.101463 0.947266 0.102377 0.946615 0.103291 0.947266 0.104205 0.946615 0.105119 0.945964 0.106033 0.946615 0.106947 0.947266 0.107861 0.947917 0.108775 0.948568 0.109689 0.949219 0.110603 0.949870 0.111517 0.950521 0.112431 0.950521 0.113346 0.951172 0.114260 0.951172 0.115174 0.950521 0.116088 0.951172 0.117002 0.951823 0.117916 0.952474 0.118830 0.953125 0.119744 0.953776 0.119744 0.954427 0.120658 0.955078 0.121572 0.955729 0.120658 0.956380 0.121572 0.957031 0.122486 0.957682 0.123400 0.958333 0.124314 0.958984 0.125229 0.959635 0.125229 0.960286 0.126143 0.960938 0.126143 0.961589 0.126143 0.962240 0.126143 0.962891 0.127057 0.963542 0.126143 0.964193 0.126143 0.964844 0.127057 0.965495 0.127971 0.966146 0.128885 0.966797 0.129799 0.967448 0.130713 0.967448 0.131627 0.967448 0.132541 0.967448 0.133455 0.968099 0.132541 0.968750 0.133455 0.969401 0.133455 0.970052 0.134369 0.970703 0.135283 0.971354 0.134369 0.972005 0.135283 0.972656 0.134369 0.973307 0.135283 0.973958 0.135283 0.974609 0.134369 0.975260 0.134369 0.975911 0.135283 0.976562 0.135283 0.977214 0.135283 0.977865 0.135283 0.978516 0.136197 0.979167 0.136197 0.979818 0.136197 0.980469 0.136197 0.981120 0.137112 0.981771 0.136197 0.982422 0.136197 0.983073 0.136197 0.983724 0.136197 0.984375 0.137112 0.985026 0.137112 0.985677 0.138026 0.986328 0.138940 0.986979 0.139854 0.986328 0.140768 0.986979 0.141682 0.986979 0.142596 0.986979 0.143510 0.987630 0.144424 0.987630 0.145338 0.986979 0.146252 0.986979 0.147166 0.987630 0.148080 0.987630 0.148995 0.987630 0.149909 0.987630 0.150823 0.988281 0.151737 0.988281 0.152651 0.987630 0.153565 0.987630 0.154479 0.987630 0.155393 0.988281 0.156307 0.987630 0.157221 0.986979 0.158135 0.987630 0.159049 0.987630 0.159963 0.986979 0.160878 0.986979 0.161792 0.986979 0.162706 0.987630 0.163620 0.987630 0.164534 0.987630 0.165448 0.986979 0.166362 0.986979 0.167276 0.986328 0.168190 0.985677 0.169104 0.985026 0.169104 0.984375 0.169104 0.983724 0.169104 0.983073 0.169104 0.982422 0.169104 0.981771 0.169104 0.981120 0.169104 0.980469 0.168190 0.979818 0.167276 0.979167 0.166362 0.978516 0.165448 0.977865 0.164534 0.977865 0.163620 0.977214 0.162706 0.976562 0.161792 0.976562 0.160878 0.975911 0.159963 0.975260 0.159049 0.975911 0.158135 0.975260 0.159049 0.974609 0.158135 0.973958 0.157221 0.973307 0.157221 0.972656 0.157221 0.972005 0.157221 0.971354 0.156307 0.970703 0.155393 0.970052 0.154479 0.970703 0.153565 0.970052 0.153565 0.969401 0.152651 0.968750 0.152651 0.968099 0.151737 0.967448 0.150823 0.967448 0.149909 0.966797 0.148995 0.966797 0.148080 0.966146 0.147166 0.965495 0.147166 0.964844 0.148080 0.964193 0.147166 0.963542 0.147166 0.962891 0.146252 0.962240 0.145338 0.961589 0.144424 0.960938 0.143510 0.960286 0.142596 0.959635 0.142596 0.958984 0.142596 0.958333 0.141682 0.957682 0.141682 0.957031 0.141682 0.956380 0.141682 0.955729 0.140768 0.955078 0.139854 0.954427 0.138940 0.953776 0.138940 0.953125 0.138940 0.952474 0.138940 0.951823 0.138940 0.951172 0.138940 0.950521 0.138940 0.949870 0.138940 0.949219 0.139854 0.948568 0.139854 0.948568 0.140768 0.947917 0.141682 0.947266 0.142596 0.947266 0.143510 0.947266 0.144424 0.946615 0.145338 0.946615 0.146252 0.945964 0.147166 0.945964 0.148080 0.945312 0.148995 0.945312 0.149909 0.945964 0.150823 0.945964 0.151737 0.946615 0.152651 0.946615 0.153565 0.946615 0.154479 0.946615 0.155393 0.946615 0.156307 0.947266 0.157221 0.947917 0.158135 0.947266 0.159049 0.947917 0.159049 0.948568 0.159963 0.949219 0.160878 0.949870 0.161792 0.950521 0.162706 0.950521 0.163620 0.951172 0.163620 0.951823 0.164534 0.952474 0.164534 0.953125 0.164534 0.953776 0.165448 0.954427 0.165448 0.955078 0.164534 0.955729 0.165448 0.956380 0.165448 0.957031 0.166362 0.957682 0.166362 0.958333 0.166362 0.958984 0.166362 0.959635 0.165448 0.960286 0.166362 0.960938 0.166362 0.961589 0.166362 0.962240 0.165448 0.962891 0.165448 0.963542 0.165448 0.964193 0.165448 0.964844 0.166362 0.965495 0.167276 0.966146 0.168190 0.966146 0.169104 0.966797 0.169104 0.967448 0.169104 0.968099 0.169104 0.968750 0.170018 0.969401 0.170018 0.970052 0.170932 0.970703 0.171846 0.971354 0.171846 0.972005 0.172761 0.972656 0.172761 0.973307 0.172761 0.973958 0.173675 0.974609 0.173675 0.975260 0.172761 0.975911 0.173675 0.976562 0.173675 0.977214 0.174589 0.977865 0.175503 0.978516 0.175503 0.979167 0.176417 0.979818 0.176417 0.980469 0.177331 0.981120 0.178245 0.981771 0.179159 0.982422 0.180073 0.983073 0.180073 0.983724 0.180987 0.984375 0.181901 0.984375 0.182815 0.985026 0.183729 0.985677 0.184644 0.986328 0.184644 0.986979 0.185558 0.987630 0.186472 0.987630 0.187386 0.987630 0.188300 0.988281 0.189214 0.988281 0.190128 0.988281 0.191042 0.988281 0.191956 0.987630 0.192870 0.986979 0.193784 0.986328 0.193784 0.985677 0.194698 0.986328 0.195612 0.985677 0.196527 0.985026 0.197441 0.984375 0.198355 0.983724 0.198355 0.983073 0.199269 0.982422 0.198355 0.981771 0.199269 0.981120 0.199269 0.980469 0.199269 0.979818 0.198355 0.979167 0.197441 0.979167 0.196527 0.978516 0.195612 0.977865 0.194698 0.977865 0.193784 0.977214 0.193784 0.976562 0.193784 0.975911 0.192870 0.975260 0.191956 0.974609 0.191042 0.975260 0.190128 0.974609 0.191042 0.973958 0.191042 0.973307 0.190128 0.972656 0.189214 0.972005 0.188300 0.971354 0.187386 0.970703 0.186472 0.970052 0.185558 0.969401 0.184644 0.968750 0.183729 0.968099 0.182815 0.967448 0.181901 0.966797 0.181901 0.966146 0.181901 0.965495 0.180987 0.964844 0.180987 0.964193 0.180987 0.963542 0.180987 0.962891 0.180987 0.962240 0.180987 0.961589 0.181901 0.960938 0.181901 0.960286 0.182815 0.959635 0.183729 0.959635 0.184644 0.958984 0.185558 0.958984 0.186472 0.958984 0.187386 0.958984 0.188300 0.958984 0.189214 0.959635 0.190128 0.960286 0.191042 0.960286 0.191956 0.960938 0.192870 0.961589 0.193784 0.961589 0.194698 0.962240 0.195612 0.962240 0.196527 0.962891 0.197441 0.963542 0.196527 0.964193 0.197441 0.964844 0.197441 0.965495 0.198355 0.966146 0.199269 0.966797 0.200183 0.966797 0.201097 0.967448 0.202011 0.968099 0.202925 0.968750 0.203839 0.968099 0.204753 0.968750 0.203839 0.969401 0.204753 0.970052 0.205667 0.970052 0.206581 0.970703 0.205667 0.971354 0.205667 0.972005 0.206581 0.972656 0.205667 0.973307 0.205667 0.973958 0.205667 0.974609 0.204753 0.975260 0.204753 0.975911 0.205667 0.976562 0.204753 0.977214 0.204753 0.977865 0.203839 0.978516 0.204753 0.979167 0.204753 0.979818 0.203839 0.980469 0.203839 0.981120 0.203839 0.981771 0.204753 0.982422 0.205667 0.983073 0.206581 0.982422 0.207495 0.983073 0.207495 0.983724 0.208410 0.984375 0.209324 0.985026 0.210238 0.985677 0.211152 0.986328 0.212066 0.986328 0.212980 0.986328 0.213894 0.986979 0.214808 0.987630 0.215722 0.988281 0.215722 0.988932 0.216636 0.989583 0.216636 0.990234 0.216636 0.990885 0.215722 0.991536 0.215722 0.991536 0.214808 0.992188 0.213894 0.991536 0.212980 0.990885 0.212066 0.990885 0.211152 0.991536 0.210238 0.990885 0.209324 0.990885 0.208410 0.990234 0.207495 0.990234 0.206581 0.990234 0.205667 0.990885 0.204753 0.990885 0.203839 0.991536 0.202925 0.990885 0.202011 0.990885 0.201097 0.991536 0.200183 0.991536 0.199269 0.991536 0.198355 0.992188 0.197441 0.991536 0.196527 0.992188 0.195612 0.992839 0.194698 0.992839 0.193784 0.992839 0.192870 0.992839 0.191956 0.993490 0.191042 0.992839 0.190128 0.992188 0.189214 0.992839 0.188300 0.992839 0.187386 0.992188 0.186472 0.991536 0.185558 0.992188 0.184644 0.991536 0.183729 0.990885 0.182815 0.990234 0.182815 0.989583 0.181901 0.988932 0.180987 0.989583 0.180073 0.989583 0.179159 0.990234 0.178245 0.990885 0.177331 0.991536 0.176417 0.992188 0.175503 0.992839 0.174589 0.993490 0.173675 0.993490 0.172761 0.994141 0.171846 0.994792 0.170932 0.995443 0.171846 0.995443 0.170932 0.996094 0.170018 0.995443 0.169104 0.996094 0.168190 0.996094 0.167276 0.996094 0.166362 0.995443 0.165448 0.996094 0.164534 0.995443 0.163620 0.995443 0.162706 0.995443 0.161792 0.994792 0.160878 0.994141 0.159963 0.994792 0.159049 0.994141 0.158135 0.994141 0.157221 0.993490 0.156307 0.994141 0.155393 0.994141 0.154479 0.993490 0.153565 0.992839 0.152651 0.992839 0.151737 0.992188 0.150823 0.992839 0.149909 0.993490 0.148995 0.993490 0.148080 0.994141 0.147166 0.994141 0.146252 0.994792 0.145338 0.995443 0.144424 0.996094 0.143510 0.996745 0.142596 0.997396 0.141682 0.998047 0.140768 0.998698 0.139854 0.998698 0.138940 0.998698 0.138026 0.998698 0.137112 0.998698 0.136197 0.998698 0.135283 0.998698 0.134369 0.998047 0.134369 0.997396 0.134369 0.996745 0.135283 0.996094 0.134369 0.995443 0.135283 0.994792 0.136197 0.994141 0.136197 0.993490 0.136197 0.992839 0.137112 0.992188 0.137112 0.991536 0.137112 0.990885 0.137112 0.990234 0.137112 0.989583 0.137112 0.988932 0.137112 0.988281 0.136197 0.987630 0.136197 0.986979 0.135283 0.986328 0.134369 0.986328 0.133455 0.986328 0.132541 0.986328 0.131627 0.985677 0.130713 0.985677 0.129799 0.985026 0.128885 0.985026 0.127971 0.985026 0.127057 0.985026 0.126143 0.984375 0.125229 0.983724 0.124314 0.983073 0.123400 0.983073 0.122486 0.983073 0.121572 0.982422 0.121572 0.981771 0.120658 0.981120 0.120658 0.980469 0.119744 0.979818 0.119744 0.979167 0.119744 0.978516 0.119744 0.977865 0.118830 0.977214 0.118830 0.976562 0.117916 0.975911 0.117916 0.975260 0.117916 0.974609 0.117002 0.973958 0.117916 0.973307 0.117916 0.972656 0.117002 0.972005 0.116088 0.972656 0.115174 0.972005 0.114260 0.972005 0.113346 0.972005 0.112431 0.972656 0.111517 0.972656 0.110603 0.973307 0.109689 0.973958 0.108775 0.973307 0.107861 0.972656 0.106947 0.972005 0.107861 0.971354 0.106947 0.970703 0.106033 0.971354 0.105119 0.970703 0.104205 0.970052 0.103291 0.969401 0.102377 0.969401 0.101463 0.968750 0.100548 0.968099 0.099634 0.967448 0.098720 0.967448 0.097806 0.966797 0.096892 0.966146 0.095978 0.965495 0.095064 0.964844 0.094150 0.964193 0.093236 0.963542 0.093236 0.962891 0.093236 0.962240 0.093236 0.961589 0.092322 0.960938 0.091408 0.960938 0.090494 0.960286 0.090494 0.959635 0.089580 0.958984 0.089580 0.958333 0.088665
0 0.844401 0.075868 0.843750 0.076782 0.843099 0.076782 0.842448 0.077697 0.841797 0.076782 0.841146 0.077697 0.840495 0.077697 0.839844 0.078611 0.839193 0.078611 0.838542 0.079525 0.838542 0.080439 0.837891 0.081353 0.837240 0.082267 0.836589 0.082267 0.835938 0.082267 0.835938 0.083181 0.835286 0.084095 0.834635 0.085009 0.833984 0.084095 0.833333 0.085009 0.832682 0.085923 0.832031 0.086837 0.831380 0.085923 0.831380 0.086837 0.830729 0.087751 0.830078 0.088665 0.829427 0.089580 0.829427 0.090494 0.830078 0.091408 0.829427 0.092322 0.828776 0.093236 0.828125 0.093236 0.827474 0.093236 0.826823 0.093236 0.826172 0.092322 0.825521 0.093236 0.824870 0.092322 0.824219 0.093236 0.823568 0.093236 0.822917 0.094150 0.822266 0.093236 0.821615 0.093236 0.820964 0.094150 0.820312 0.094150 0.819661 0.094150 0.819010 0.093236 0.818359 0.094150 0.817708 0.095064 0.817057 0.094150 0.816406 0.095064 0.815755 0.095064 0.815104 0.095978 0.814453 0.095064 0.813802 0.095978 0.813151 0.095978 0.813151 0.096892 0.812500 0.097806 0.811849 0.098720 0.812500 0.099634 0.812500 0.100548 0.812500 0.101463 0.811849 0.102377 0.811198 0.103291 0.810547 0.104205 0.810547 0.105119 0.810547 0.106033 0.811198 0.106947 0.811849 0.107861 0.812500 0.108775 0.812500 0.109689 0.813151 0.110603 0.813802 0.111517 0.813802 0.112431 0.814453 0.111517 0.815104 0.110603 0.815755 0.110603 0.816406 0.110603 0.817057 0.111517 0.817708 0.112431 0.817057 0.113346 0.817708 0.112431 0.818359 0.113346 0.819010 0.112431 0.819661 0.112431 0.820312 0.112431 0.820964 0.112431 0.821615 0.113346 0.822266 0.114260 0.822917 0.115174 0.822266 0.116088 0.822917 0.117002 0.823568 0.117916 0.824219 0.117916 0.824870 0.117916 0.825521 0.117916 0.826172 0.118830 0.826823 0.118830 0.826823 0.117916 0.827474 0.117002 0.828125 0.116088 0.828776 0.116088 0.829427 0.115174 0.830078 0.114260 0.830729 0.114260 0.831380 0.114260 0.832031 0.113346 0.832682 0.114260 0.833333 0.114260 0.833984 0.115174 0.834635 0.115174 0.835286 0.116088 0.835938 0.115174 0.836589 0.114260 0.837240 0.114260 0.837240 0.113346 0.837891 0.112431 0.837240 0.112431 0.836589 0.111517 0.835938 0.110603 0.836589 0.109689 0.835938 0.108775 0.835286 0.107861 0.835286 0.106947 0.834635 0.107861 0.833984 0.106947 0.833333 0.106947 0.832682 0.106947 0.832031 0.107861 0.831380 0.108775 0.830729 0.107861 0.830078 0.106947 0.829427 0.106033 0.830078 0.105119 0.830729 0.104205 0.831380 0.103291 0.832031 0.102377 0.831380 0.101463 0.832031 0.100548 0.832682 0.099634 0.833333 0.100548 0.833984 0.099634 0.833984 0.098720 0.834635 0.097806 0.835286 0.096892 0.835938 0.095978 0.836589 0.095064 0.837240 0.094150 0.837891 0.094150 0.838542 0.093236 0.839193 0.092322 0.839844 0.093236 0.840495 0.092322 0.841146 0.091408 0.841797 0.090494 0.842448 0.090494 0.843099 0.091408 0.843750 0.092322 0.844401 0.091408 0.845052 0.091408 0.845703 0.092322 0.846354 0.093236 0.847005 0.094150 0.847656 0.094150 0.848307 0.095064 0.848958 0.095978 0.849609 0.096892 0.850260 0.097806 0.850911 0.096892 0.851562 0.097806 0.852214 0.097806 0.852865 0.098720 0.853516 0.097806 0.854167 0.097806 0.854818 0.096892 0.855469 0.097806 0.856120 0.096892 0.855469 0.097806 0.854818 0.096892 0.854167 0.095978 0.854818 0.095064 0.854167 0.094150 0.854167 0.093236 0.854167 0.092322 0.853516 0.091408 0.853516 0.090494 0.852865 0.089580 0.852214 0.089580 0.851562 0.088665 0.850911 0.087751 0.851562 0.086837 0.850911 0.085923 0.850260 0.085009 0.850260 0.084095 0.849609 0.085009 0.848958 0.084095 0.848307 0.083181 0.847656 0.082267 0.847656 0.081353 0.847656 0.080439 0.847656 0.079525 0.847005 0.078611 0.847005 0.077697 0.846354 0.076782 0.845703 0.077697 0.845052 0.076782
0 0.975911 0.060329 0.975260 0.061243 0.974609 0.062157 0.973958 0.063071 0.973307 0.063071 0.972656 0.063985 0.972005 0.064899 0.971354 0.065814 0.970703 0.065814 0.971354 0.066728 0.970703 0.067642 0.971354 0.068556 0.970703 0.069470 0.970703 0.070384 0.970052 0.071298 0.970052 0.072212 0.970052 0.073126 0.970052 0.074040 0.970703 0.074954 0.970052 0.075868 0.970052 0.076782 0.970703 0.077697 0.971354 0.078611 0.972005 0.078611 0.972656 0.079525 0.973307 0.080439 0.973958 0.081353 0.973958 0.082267 0.974609 0.082267 0.975260 0.082267 0.975911 0.083181 0.976562 0.084095 0.977214 0.084095 0.977865 0.085009 0.978516 0.085009 0.979167 0.085923 0.979818 0.086837 0.980469 0.087751 0.981120 0.086837 0.981771 0.086837 0.982422 0.087751 0.983073 0.088665 0.983073 0.089580 0.983073 0.090494 0.983073 0.091408 0.983724 0.092322 0.984375 0.093236 0.984375 0.094150 0.984375 0.095064 0.984375 0.095978 0.985026 0.096892 0.985677 0.097806 0.985677 0.098720 0.986328 0.099634 0.985677 0.100548 0.986328 0.101463 0.986328 0.102377 0.986979 0.103291 0.986979 0.104205 0.987630 0.105119 0.987630 0.106033 0.988281 0.105119 0.988932 0.105119 0.988281 0.104205 0.988932 0.103291 0.989583 0.102377 0.990234 0.103291 0.990885 0.104205 0.991536 0.105119 0.990885 0.106033 0.990885 0.106947 0.991536 0.107861 0.991536 0.108775 0.991536 0.109689 0.992188 0.110603 0.992839 0.111517 0.993490 0.112431 0.993490 0.113346 0.994141 0.113346 0.994792 0.114260 0.995443 0.115174 0.996094 0.115174 0.996745 0.114260 0.997396 0.114260 0.998047 0.115174 0.998698 0.115174 0.998698 0.114260 0.998698 0.113346 0.998698 0.112431 0.998698 0.111517 0.998047 0.110603 0.997396 0.109689 0.996745 0.108775 0.996094 0.107861 0.996745 0.106947 0.996094 0.106033 0.995443 0.105119 0.995443 0.104205 0.994792 0.103291 0.995443 0.102377 0.995443 0.101463 0.994792 0.100548 0.994141 0.099634 0.993490 0.098720 0.992839 0.097806 0.993490 0.096892 0.992839 0.095978 0.992188 0.095064 0.992839 0.094150 0.993490 0.093236 0.992839 0.092322 0.992188 0.091408 0.992839 0.090494 0.992188 0.089580 0.992188 0.088665 0.991536 0.087751 0.990885 0.086837 0.990885 0.085923 0.990234 0.085009 0.990234 0.084095 0.990234 0.083181 0.990885 0.082267 0.991536 0.081353 0.992188 0.080439 0.992839 0.080439 0.993490 0.080439 0.994141 0.080439 0.994792 0.080439 0.995443 0.079525 0.996094 0.079525 0.995443 0.078611 0.996094 0.077697 0.995443 0.076782 0.994792 0.075868 0.994141 0.075868 0.993490 0.074954 0.992839 0.074040 0.992839 0.073126 0.992188 0.073126 0.991536 0.072212 0.990885 0.072212 0.990234 0.071298 0.989583 0.070384 0.988932 0.069470 0.988281 0.068556 0.987630 0.068556 0.986979 0.067642 0.986328 0.066728 0.986328 0.065814 0.985677 0.064899 0.985026 0.063985 0.984375 0.063985 0.983724 0.063071 0.983073 0.063071 0.982422 0.062157 0.981771 0.063071 0.981120 0.063071 0.980469 0.062157 0.979818 0.062157 0.979167 0.061243 0.978516 0.060329 0.977865 0.061243 0.977214 0.061243 0.976562 0.060329
0 0.803385 0.042962 0.803385 0.043876 0.802734 0.044790 0.802734 0.045704 0.802083 0.046618 0.801432 0.047532 0.800781 0.048446 0.800130 0.049360 0.799479 0.049360 0.798828 0.050274 0.798177 0.051188 0.798828 0.052102 0.798828 0.053016 0.798828 0.053931 0.799479 0.054845 0.800130 0.055759 0.800781 0.055759 0.801432 0.056673 0.802083 0.057587 0.802734 0.058501 0.803385 0.059415 0.803385 0.060329 0.804036 0.061243 0.804036 0.062157 0.803385 0.063071 0.804036 0.063985 0.804036 0.064899 0.804036 0.065814 0.804688 0.066728 0.805339 0.066728 0.805990 0.067642 0.806641 0.068556 0.807292 0.069470 0.807943 0.069470 0.808594 0.070384 0.809245 0.071298 0.809896 0.071298 0.810547 0.072212 0.811198 0.072212 0.811198 0.071298 0.811198 0.070384 0.811849 0.069470 0.812500 0.068556 0.813151 0.067642 0.813802 0.066728 0.814453 0.065814 0.814453 0.064899 0.814453 0.063985 0.814453 0.063071 0.815104 0.062157 0.814453 0.061243 0.814453 0.060329 0.814453 0.059415 0.813802 0.058501 0.813151 0.057587 0.813151 0.056673 0.813151 0.055759 0.812500 0.054845 0.812500 0.053931 0.812500 0.053016 0.812500 0.052102 0.811849 0.051188 0.811198 0.050274 0.811849 0.049360 0.811198 0.048446 0.810547 0.047532 0.809896 0.046618 0.809245 0.046618 0.808594 0.045704 0.807943 0.044790 0.807292 0.043876 0.806641 0.043876 0.805990 0.043876 0.805339 0.043876 0.804688 0.043876 0.804036 0.043876
0 0.905599 0.042048 0.904948 0.042962 0.904297 0.042962 0.903646 0.042962 0.903646 0.043876 0.903646 0.044790 0.903646 0.045704 0.904297 0.046618 0.903646 0.047532 0.902995 0.048446 0.902344 0.049360 0.901693 0.050274 0.901693 0.051188 0.901693 0.052102 0.901693 0.053016 0.902344 0.053931 0.902344 0.054845 0.902995 0.055759 0.903646 0.056673 0.902995 0.057587 0.903646 0.058501 0.904297 0.059415 0.904948 0.058501 0.905599 0.059415 0.906250 0.059415 0.906901 0.060329 0.907552 0.061243 0.907552 0.062157 0.907552 0.063071 0.908203 0.063985 0.907552 0.064899 0.908203 0.065814 0.908203 0.066728 0.908203 0.067642 0.908854 0.068556 0.908854 0.069470 0.908203 0.070384 0.908854 0.071298 0.908854 0.072212 0.908854 0.073126 0.908203 0.074040 0.908203 0.074954 0.908203 0.075868 0.907552 0.076782 0.907552 0.077697 0.907552 0.078611 0.907552 0.079525 0.906901 0.080439 0.907552 0.081353 0.907552 0.082267 0.906901 0.083181 0.907552 0.084095 0.907552 0.085009 0.908203 0.085923 0.908203 0.086837 0.908854 0.085923 0.909505 0.086837 0.910156 0.085923 0.910807 0.085009 0.911458 0.085009 0.912109 0.085009 0.912760 0.084095 0.913411 0.083181 0.914062 0.082267 0.914714 0.081353 0.914062 0.080439 0.914714 0.079525 0.915365 0.078611 0.914714 0.077697 0.914714 0.076782 0.914714 0.075868 0.914714 0.074954 0.915365 0.074040 0.916016 0.073126 0.916667 0.072212 0.916667 0.071298 0.916667 0.070384 0.917318 0.069470 0.917318 0.068556 0.917969 0.067642 0.917969 0.066728 0.917969 0.065814 0.917969 0.064899 0.918620 0.063985 0.918620 0.063071 0.918620 0.062157 0.917969 0.061243 0.918620 0.060329 0.917969 0.059415 0.918620 0.058501 0.917969 0.057587 0.917318 0.057587 0.916667 0.056673 0.916016 0.055759 0.916016 0.054845 0.915365 0.054845 0.914714 0.053931 0.914062 0.053016 0.914714 0.052102 0.914062 0.051188 0.913411 0.050274 0.913411 0.049360 0.912760 0.048446 0.912109 0.047532 0.911458 0.046618 0.910807 0.045704 0.910156 0.045704 0.909505 0.044790 0.908854 0.043876 0.908203 0.043876 0.907552 0.042962 0.906901 0.042962 0.906250 0.042962
0 0.833333 0.036563 0.832682 0.037477 0.832031 0.037477 0.831380 0.037477 0.830729 0.037477 0.830078 0.037477 0.829427 0.038391 0.828776 0.039305 0.828125 0.039305 0.827474 0.040219 0.826823 0.040219 0.826823 0.041133 0.826172 0.042048 0.825521 0.042962 0.826172 0.043876 0.826172 0.044790 0.826172 0.045704 0.826172 0.046618 0.826172 0.047532 0.826172 0.048446 0.826823 0.049360 0.826172 0.050274 0.826823 0.051188 0.827474 0.052102 0.828125 0.053016 0.828125 0.053931 0.828125 0.054845 0.828776 0.055759 0.829427 0.056673 0.830078 0.057587 0.830729 0.058501 0.830729 0.059415 0.831380 0.060329 0.832031 0.061243 0.832031 0.062157 0.832682 0.061243 0.833333 0.062157 0.833984 0.063071 0.834635 0.063985 0.835286 0.064899 0.835938 0.065814 0.836589 0.066728 0.837240 0.067642 0.837891 0.067642 0.838542 0.068556 0.839193 0.069470 0.838542 0.070384 0.839193 0.070384 0.839844 0.071298 0.840495 0.070384 0.841146 0.070384 0.841146 0.069470 0.841146 0.068556 0.841797 0.067642 0.841797 0.066728 0.842448 0.065814 0.842448 0.064899 0.841797 0.063985 0.841797 0.063071 0.841146 0.062157 0.840495 0.061243 0.841146 0.060329 0.840495 0.059415 0.840495 0.058501 0.840495 0.057587 0.841146 0.056673 0.840495 0.055759 0.839844 0.054845 0.839193 0.053931 0.839844 0.053016 0.839193 0.052102 0.838542 0.051188 0.839193 0.050274 0.838542 0.049360 0.839193 0.048446 0.839193 0.047532 0.838542 0.046618 0.839193 0.045704 0.839193 0.044790 0.838542 0.043876 0.837891 0.042962 0.837891 0.042048 0.837891 0.041133 0.837891 0.040219 0.837240 0.039305 0.836589 0.038391 0.836589 0.037477 0.835938 0.037477 0.835286 0.037477 0.834635 0.037477 0.833984 0.037477
0 0.981120 0.000914 0.980469 0.001828 0.981120 0.002742 0.980469 0.003656 0.981120 0.004570 0.981120 0.005484 0.981771 0.005484 0.982422 0.006399 0.983073 0.007313 0.983073 0.008227 0.983073 0.009141 0.983724 0.009141 0.984375 0.010055 0.985026 0.010969 0.985026 0.011883 0.985677 0.011883 0.986328 0.012797 0.986979 0.013711 0.987630 0.014625 0.988281 0.015539 0.988932 0.016453 0.989583 0.015539 0.990234 0.014625 0.990885 0.015539 0.991536 0.015539 0.992188 0.016453 0.992839 0.017367 0.993490 0.018282 0.993490 0.019196 0.994141 0.020110 0.994792 0.021024 0.995443 0.021938 0.996094 0.022852 0.996745 0.023766 0.997396 0.024680 0.997396 0.025594 0.997396 0.026508 0.997396 0.027422 0.997396 0.028336 0.997396 0.029250 0.998047 0.029250 0.998698 0.030165 0.998698 0.029250 0.998698 0.028336 0.998698 0.027422 0.998698 0.026508 0.998698 0.025594 0.998698 0.024680 0.998698 0.023766 0.998698 0.022852 0.998698 0.021938 0.998698 0.021024 0.998698 0.020110 0.998698 0.019196 0.998698 0.018282 0.998698 0.017367 0.998698 0.016453 0.998698 0.015539 0.998698 0.014625 0.998698 0.013711 0.998698 0.012797 0.998698 0.011883 0.998698 0.010969 0.998047 0.010055 0.997396 0.009141 0.996745 0.009141 0.996094 0.008227 0.995443 0.007313 0.995443 0.006399 0.994792 0.005484 0.995443 0.004570 0.995443 0.003656 0.994792 0.002742 0.994792 0.001828 0.994792 0.000914 0.994141 0.000914 0.993490 0.000914 0.992839 0.000914 0.992188 0.000914 0.991536 0.000914 0.990885 0.000914 0.990234 0.000914 0.989583 0.000914 0.988932 0.000914 0.988281 0.000914 0.987630 0.000914 0.986979 0.000914 0.986328 0.000914 0.985677 0.000914 0.985026 0.000914 0.984375 0.000914 0.983724 0.000914 0.983073 0.000914 0.982422 0.000914 0.981771 0.000914
