0 0.177083 0.714808 0.176432 0.715722 0.175781 0.715722 0.176432 0.716636 0.176432 0.717550 0.177083 0.718464 0.176432 0.719378 0.177083 0.719378 0.177734 0.720293 0.178385 0.720293 0.179036 0.721207 0.179688 0.722121 0.179688 0.723035 0.180339 0.723949 0.180339 0.724863 0.180339 0.725777 0.180990 0.725777 0.181641 0.725777 0.182292 0.725777 0.182943 0.724863 0.183594 0.723949 0.184245 0.723035 0.184896 0.722121 0.184896 0.721207 0.184245 0.720293 0.184245 0.719378 0.184245 0.718464 0.183594 0.718464 0.182943 0.717550 0.182292 0.717550 0.181641 0.717550 0.180990 0.717550 0.180339 0.716636 0.179688 0.715722 0.179036 0.714808 0.178385 0.714808 0.177734 0.714808
0 0.805339 0.710238 0.804688 0.711152 0.804036 0.712066 0.803385 0.712980 0.802734 0.712980 0.802734 0.713894 0.803385 0.714808 0.802734 0.715722 0.803385 0.716636 0.804036 0.717550 0.804036 0.718464 0.803385 0.719378 0.803385 0.720293 0.803385 0.721207 0.803385 0.722121 0.803385 0.723035 0.804036 0.723949 0.804688 0.723035 0.805339 0.723035 0.805990 0.723949 0.805990 0.723035 0.805990 0.722121 0.805990 0.721207 0.805990 0.720293 0.805990 0.719378 0.806641 0.718464 0.806641 0.717550 0.807292 0.716636 0.806641 0.715722 0.807292 0.714808 0.806641 0.713894 0.806641 0.712980 0.806641 0.712066 0.805990 0.711152
0 0.557943 0.709324 0.557292 0.710238 0.556641 0.710238 0.555990 0.711152 0.555339 0.711152 0.555339 0.712066 0.555339 0.712980 0.554688 0.713894 0.554036 0.714808 0.553385 0.714808 0.554036 0.715722 0.553385 0.716636 0.553385 0.717550 0.554036 0.718464 0.554688 0.719378 0.555339 0.719378 0.555990 0.720293 0.556641 0.720293 0.557292 0.720293 0.557943 0.719378 0.558594 0.719378 0.559245 0.718464 0.559896 0.717550 0.560547 0.716636 0.560547 0.715722 0.559896 0.714808 0.559896 0.713894 0.560547 0.712980 0.560547 0.712066 0.559896 0.711152 0.559896 0.710238 0.559245 0.710238 0.558594 0.710238
0 0.701172 0.708410 0.700521 0.709324 0.699870 0.709324 0.699219 0.709324 0.698568 0.710238 0.697917 0.710238 0.697917 0.711152 0.697266 0.712066 0.697266 0.712980 0.697917 0.713894 0.698568 0.714808 0.698568 0.715722 0.699219 0.715722 0.699870 0.715722 0.700521 0.714808 0.701172 0.714808 0.701823 0.715722 0.702474 0.716636 0.703125 0.717550 0.702474 0.718464 0.703125 0.719378 0.703125 0.720293 0.703776 0.720293 0.704427 0.720293 0.705078 0.720293 0.705078 0.719378 0.705729 0.718464 0.706380 0.717550 0.706380 0.716636 0.705729 0.715722 0.705078 0.714808 0.704427 0.713894 0.703776 0.712980 0.703125 0.712066 0.703776 0.711152 0.703776 0.710238 0.703125 0.709324 0.703125 0.708410 0.702474 0.708410 0.701823 0.708410
0 0.647135 0.706581 0.646484 0.707495 0.645833 0.708410 0.645833 0.709324 0.645182 0.710238 0.645182 0.711152 0.645182 0.712066 0.645182 0.712980 0.645182 0.713894 0.645182 0.714808 0.645833 0.715722 0.646484 0.716636 0.647135 0.717550 0.647786 0.717550 0.648438 0.716636 0.649089 0.716636 0.649740 0.716636 0.650391 0.715722 0.650391 0.714808 0.651042 0.713894 0.650391 0.712980 0.650391 0.712066 0.650391 0.711152 0.651042 0.710238 0.651042 0.709324 0.650391 0.708410 0.650391 0.707495 0.649740 0.706581 0.649089 0.706581 0.648438 0.706581 0.647786 0.706581
0 0.876302 0.705667 0.875651 0.706581 0.875000 0.707495 0.874349 0.708410 0.873698 0.709324 0.873698 0.710238 0.874349 0.711152 0.873698 0.712066 0.873698 0.712980 0.874349 0.712980 0.875000 0.713894 0.875651 0.714808 0.876302 0.715722 0.876953 0.715722 0.877604 0.715722 0.878255 0.715722 0.878906 0.714808 0.879557 0.713894 0.879557 0.712980 0.880208 0.712066 0.879557 0.711152 0.879557 0.710238 0.879557 0.709324 0.878906 0.708410 0.878906 0.707495 0.878255 0.706581 0.878906 0.705667 0.878255 0.705667 0.877604 0.705667 0.876953 0.705667
0 0.372396 0.703839 0.371745 0.704753 0.371094 0.705667 0.370443 0.705667 0.369792 0.705667 0.369141 0.705667 0.368490 0.704753 0.367839 0.704753 0.367188 0.704753 0.366536 0.705667 0.365885 0.705667 0.365234 0.706581 0.365234 0.707495 0.364583 0.708410 0.364583 0.709324 0.364583 0.710238 0.363932 0.711152 0.363932 0.712066 0.363932 0.712980 0.364583 0.713894 0.365234 0.713894 0.365885 0.713894 0.366536 0.714808 0.367188 0.713894 0.367839 0.713894 0.368490 0.712980 0.369141 0.712066 0.369792 0.712066 0.369792 0.711152 0.370443 0.710238 0.371094 0.709324 0.371745 0.709324 0.372396 0.709324 0.373047 0.709324 0.373698 0.709324 0.374349 0.708410 0.374349 0.707495 0.375000 0.706581 0.374349 0.705667 0.374349 0.704753 0.373698 0.703839 0.373047 0.703839
0 0.435547 0.702925 0.434896 0.703839 0.434245 0.703839 0.433594 0.703839 0.432943 0.703839 0.432292 0.704753 0.431641 0.705667 0.431641 0.706581 0.430990 0.707495 0.430990 0.708410 0.431641 0.709324 0.431641 0.710238 0.431641 0.711152 0.431641 0.712066 0.432292 0.712980 0.432943 0.713894 0.432943 0.714808 0.433594 0.713894 0.434245 0.713894 0.434896 0.713894 0.435547 0.713894 0.436198 0.712980 0.436849 0.712066 0.437500 0.711152 0.438151 0.710238 0.438151 0.709324 0.438802 0.708410 0.438802 0.707495 0.438802 0.706581 0.438151 0.705667 0.437500 0.704753 0.437500 0.703839 0.436849 0.703839 0.436198 0.702925
0 0.034505 0.702011 0.033854 0.702925 0.033203 0.702925 0.033203 0.703839 0.032552 0.704753 0.032552 0.705667 0.032552 0.706581 0.032552 0.707495 0.033203 0.708410 0.033203 0.709324 0.033203 0.710238 0.033854 0.710238 0.034505 0.711152 0.035156 0.711152 0.035807 0.711152 0.036458 0.711152 0.037109 0.710238 0.037760 0.709324 0.038411 0.708410 0.038411 0.707495 0.037760 0.706581 0.037760 0.705667 0.037109 0.704753 0.037109 0.703839 0.036458 0.702925 0.035807 0.702925 0.035156 0.702011
0 0.910156 0.700183 0.909505 0.701097 0.908854 0.702011 0.908203 0.702011 0.908203 0.702925 0.907552 0.703839 0.907552 0.704753 0.907552 0.705667 0.907552 0.706581 0.907552 0.707495 0.908203 0.708410 0.908203 0.709324 0.908203 0.710238 0.908854 0.710238 0.909505 0.711152 0.910156 0.712066 0.910807 0.712066 0.911458 0.711152 0.912109 0.711152 0.912760 0.710238 0.913411 0.710238 0.914062 0.709324 0.914062 0.708410 0.914714 0.707495 0.914062 0.706581 0.914062 0.705667 0.914062 0.704753 0.914062 0.703839 0.914062 0.702925 0.914062 0.702011 0.913411 0.701097 0.912760 0.700183 0.912109 0.700183 0.911458 0.700183 0.910807 0.700183
0 0.611328 0.699269 0.610677 0.700183 0.610026 0.700183 0.609375 0.700183 0.608724 0.701097 0.608073 0.701097 0.608073 0.702011 0.607422 0.702925 0.606771 0.703839 0.606120 0.703839 0.606771 0.704753 0.606120 0.705667 0.606771 0.706581 0.606120 0.707495 0.606120 0.708410 0.606120 0.709324 0.605469 0.710238 0.605469 0.711152 0.605469 0.712066 0.604818 0.712980 0.604818 0.713894 0.604818 0.714808 0.604818 0.715722 0.604167 0.716636 0.604167 0.717550 0.604167 0.718464 0.604167 0.719378 0.604818 0.720293 0.605469 0.721207 0.606120 0.722121 0.606771 0.723035 0.606771 0.723949 0.607422 0.723949 0.608073 0.724863 0.608724 0.724863 0.609375 0.724863 0.610026 0.723949 0.610026 0.723035 0.610677 0.722121 0.611328 0.721207 0.611979 0.721207 0.612630 0.720293 0.613281 0.719378 0.612630 0.718464 0.613281 0.717550 0.613932 0.716636 0.614583 0.716636 0.614583 0.715722 0.614583 0.714808 0.615234 0.713894 0.615885 0.712980 0.615234 0.712066 0.614583 0.711152 0.614583 0.710238 0.613932 0.709324 0.613281 0.708410 0.613281 0.707495 0.612630 0.706581 0.613281 0.705667 0.613281 0.704753 0.613281 0.703839 0.613281 0.702925 0.613281 0.702011 0.613281 0.701097 0.613932 0.700183 0.613281 0.699269 0.612630 0.699269 0.611979 0.699269
0 0.947917 0.698355 0.947266 0.699269 0.946615 0.700183 0.946615 0.701097 0.946615 0.702011 0.946615 0.702925 0.947266 0.703839 0.947266 0.704753 0.947917 0.705667 0.947917 0.706581 0.947917 0.707495 0.948568 0.708410 0.947917 0.709324 0.947917 0.710238 0.947917 0.711152 0.947266 0.712066 0.947266 0.712980 0.947266 0.713894 0.947266 0.714808 0.947266 0.715722 0.947266 0.716636 0.947266 0.717550 0.947917 0.717550 0.948568 0.718464 0.949219 0.718464 0.949870 0.719378 0.950521 0.719378 0.951172 0.718464 0.951823 0.718464 0.951823 0.717550 0.951823 0.716636 0.951823 0.715722 0.952474 0.714808 0.951823 0.713894 0.951823 0.712980 0.951823 0.712066 0.951823 0.711152 0.951823 0.710238 0.951172 0.709324 0.950521 0.709324 0.949870 0.708410 0.949219 0.707495 0.949870 0.706581 0.949870 0.705667 0.949870 0.704753 0.949219 0.703839 0.949870 0.702925 0.949870 0.702011 0.949870 0.701097 0.949870 0.700183 0.949870 0.699269 0.949219 0.699269 0.948568 0.698355
0 0.671224 0.698355 0.670573 0.699269 0.669922 0.699269 0.669922 0.700183 0.669922 0.701097 0.669922 0.702011 0.669922 0.702925 0.669922 0.703839 0.670573 0.704753 0.670573 0.705667 0.670573 0.706581 0.670573 0.707495 0.670573 0.708410 0.671224 0.709324 0.671875 0.710238 0.672526 0.710238 0.673177 0.710238 0.673828 0.710238 0.673828 0.709324 0.673828 0.708410 0.674479 0.707495 0.673828 0.706581 0.674479 0.705667 0.673828 0.704753 0.673177 0.703839 0.673177 0.702925 0.672526 0.702011 0.672526 0.701097 0.672526 0.700183 0.672526 0.699269 0.671875 0.698355
0 0.835286 0.694698 0.834635 0.695612 0.833984 0.696527 0.833333 0.696527 0.832682 0.696527 0.832031 0.697441 0.831380 0.697441 0.830729 0.697441 0.830078 0.698355 0.830078 0.699269 0.830078 0.700183 0.829427 0.701097 0.830078 0.702011 0.830729 0.702925 0.830729 0.703839 0.831380 0.704753 0.830729 0.705667 0.831380 0.706581 0.832031 0.707495 0.832682 0.708410 0.833333 0.708410 0.833984 0.708410 0.834635 0.709324 0.835286 0.710238 0.835938 0.711152 0.835938 0.712066 0.835938 0.712980 0.836589 0.713894 0.836589 0.714808 0.836589 0.715722 0.836589 0.716636 0.836589 0.717550 0.837240 0.717550 0.837891 0.718464 0.838542 0.719378 0.839193 0.719378 0.839844 0.719378 0.840495 0.718464 0.841146 0.718464 0.841146 0.717550 0.841797 0.716636 0.842448 0.715722 0.841797 0.714808 0.841797 0.713894 0.842448 0.712980 0.842448 0.712066 0.842448 0.711152 0.841797 0.710238 0.842448 0.709324 0.841797 0.708410 0.841146 0.707495 0.840495 0.706581 0.840495 0.705667 0.839844 0.704753 0.839844 0.703839 0.839193 0.702925 0.839193 0.702011 0.839844 0.701097 0.839193 0.700183 0.839193 0.699269 0.839193 0.698355 0.839193 0.697441 0.838542 0.696527 0.837891 0.695612 0.837240 0.694698 0.836589 0.694698 0.835938 0.695612
0 0.594401 0.693784 0.593750 0.694698 0.593099 0.694698 0.592448 0.694698 0.591797 0.695612 0.591146 0.695612 0.590495 0.696527 0.589844 0.696527 0.589193 0.697441 0.588542 0.698355 0.588542 0.699269 0.588542 0.700183 0.588542 0.701097 0.588542 0.702011 0.588542 0.702925 0.589193 0.703839 0.589844 0.704753 0.589844 0.705667 0.590495 0.706581 0.591146 0.707495 0.591797 0.708410 0.591797 0.709324 0.592448 0.710238 0.592448 0.711152 0.593099 0.712066 0.593750 0.712980 0.593750 0.713894 0.594401 0.714808 0.595052 0.715722 0.595703 0.715722 0.596354 0.715722 0.597005 0.715722 0.597656 0.715722 0.597656 0.714808 0.598307 0.713894 0.598958 0.712980 0.598958 0.712066 0.598307 0.711152 0.598958 0.710238 0.598958 0.709324 0.598307 0.708410 0.598307 0.707495 0.598307 0.706581 0.597656 0.705667 0.598307 0.704753 0.598307 0.703839 0.598958 0.702925 0.598958 0.702011 0.598958 0.701097 0.598958 0.700183 0.598307 0.699269 0.598307 0.698355 0.597656 0.697441 0.597005 0.696527 0.596354 0.695612 0.595703 0.694698 0.595052 0.693784
0 0.785156 0.692870 0.784505 0.693784 0.783854 0.693784 0.783203 0.693784 0.782552 0.693784 0.781901 0.693784 0.781250 0.693784 0.781250 0.694698 0.780599 0.695612 0.779948 0.696527 0.779297 0.697441 0.778646 0.698355 0.777995 0.699269 0.777344 0.700183 0.777344 0.701097 0.777344 0.702011 0.776693 0.702925 0.776042 0.703839 0.775391 0.703839 0.774740 0.704753 0.774089 0.703839 0.773438 0.703839 0.772786 0.703839 0.772135 0.703839 0.771484 0.703839 0.770833 0.704753 0.770182 0.704753 0.769531 0.704753 0.768880 0.705667 0.768229 0.705667 0.767578 0.705667 0.766927 0.705667 0.766276 0.704753 0.765625 0.704753 0.764974 0.705667 0.764323 0.706581 0.763672 0.706581 0.763021 0.707495 0.762370 0.708410 0.762370 0.709324 0.761719 0.710238 0.761719 0.711152 0.761068 0.712066 0.760417 0.712980 0.759766 0.712980 0.759115 0.712980 0.758464 0.712066 0.757812 0.711152 0.757812 0.710238 0.757161 0.709324 0.757161 0.708410 0.757161 0.707495 0.756510 0.706581 0.756510 0.705667 0.755859 0.706581 0.755208 0.705667 0.754557 0.705667 0.753906 0.705667 0.753255 0.704753 0.752604 0.704753 0.751953 0.704753 0.751302 0.704753 0.750651 0.705667 0.750000 0.706581 0.749349 0.707495 0.749349 0.708410 0.748698 0.709324 0.748047 0.710238 0.747396 0.711152 0.747396 0.712066 0.746745 0.712980 0.747396 0.713894 0.747396 0.714808 0.747396 0.715722 0.748047 0.716636 0.748698 0.717550 0.748698 0.718464 0.749349 0.719378 0.749349 0.720293 0.749349 0.721207 0.750000 0.722121 0.750000 0.723035 0.750651 0.723949 0.751302 0.724863 0.751302 0.725777 0.751302 0.726691 0.751953 0.725777 0.752604 0.726691 0.753255 0.726691 0.753906 0.726691 0.754557 0.725777 0.755208 0.725777 0.755859 0.724863 0.756510 0.723949 0.757161 0.723949 0.757161 0.723035 0.757812 0.722121 0.758464 0.721207 0.759115 0.720293 0.759766 0.719378 0.760417 0.718464 0.761068 0.717550 0.761719 0.716636 0.762370 0.716636 0.763021 0.717550 0.763672 0.717550 0.764323 0.717550 0.764974 0.717550 0.765625 0.718464 0.766276 0.717550 0.766927 0.716636 0.767578 0.715722 0.768229 0.715722 0.768880 0.714808 0.769531 0.713894 0.770182 0.713894 0.770833 0.712980 0.771484 0.712980 0.772135 0.713894 0.772786 0.713894 0.773438 0.712980 0.774089 0.712066 0.774740 0.712066 0.775391 0.712066 0.776042 0.711152 0.776693 0.711152 0.777344 0.712066 0.777995 0.712980 0.778646 0.713894 0.778646 0.714808 0.779297 0.715722 0.779948 0.716636 0.780599 0.717550 0.781250 0.717550 0.781901 0.718464 0.782552 0.718464 0.783203 0.718464 0.783854 0.718464 0.784505 0.718464 0.785156 0.718464 0.785807 0.718464 0.786458 0.718464 0.787109 0.718464 0.787760 0.717550 0.788411 0.717550 0.789062 0.717550 0.789714 0.716636 0.790365 0.715722 0.791016 0.714808 0.791667 0.714808 0.791667 0.713894 0.792318 0.712980 0.792318 0.712066 0.792969 0.711152 0.793620 0.710238 0.794271 0.711152 0.794922 0.712066 0.794271 0.712980 0.794922 0.713894 0.794922 0.714808 0.794922 0.715722 0.795573 0.716636 0.796224 0.716636 0.796875 0.717550 0.797526 0.717550 0.798177 0.716636 0.798828 0.717550 0.799479 0.716636 0.800130 0.715722 0.800781 0.715722 0.800130 0.714808 0.800130 0.713894 0.800781 0.712980 0.800130 0.712980 0.799479 0.712066 0.798828 0.711152 0.798177 0.711152 0.797526 0.710238 0.796875 0.710238 0.796224 0.710238 0.795573 0.711152 0.794922 0.711152 0.794271 0.711152 0.793620 0.710238 0.792969 0.709324 0.792969 0.708410 0.792969 0.707495 0.792969 0.706581 0.792969 0.705667 0.792969 0.704753 0.792969 0.703839 0.792969 0.702925 0.793620 0.702011 0.793620 0.701097 0.793620 0.700183 0.794271 0.699269 0.794922 0.698355 0.795573 0.697441 0.795573 0.696527 0.795573 0.695612 0.794922 0.694698 0.794271 0.694698 0.793620 0.693784 0.792969 0.693784 0.792318 0.692870 0.791667 0.693784 0.791016 0.693784 0.790365 0.692870 0.789714 0.693784 0.789062 0.693784 0.788411 0.693784 0.787760 0.693784 0.787109 0.694698 0.786458 0.693784 0.785807 0.693784
0 0.994792 0.691956 0.994141 0.692870 0.993490 0.692870 0.992839 0.692870 0.992188 0.693784 0.991536 0.693784 0.990885 0.693784 0.990234 0.693784 0.989583 0.694698 0.988932 0.694698 0.988281 0.695612 0.988281 0.696527 0.987630 0.697441 0.986979 0.698355 0.986979 0.699269 0.986328 0.700183 0.986328 0.701097 0.986328 0.702011 0.985677 0.702925 0.985677 0.703839 0.985026 0.704753 0.985026 0.705667 0.985026 0.706581 0.985026 0.707495 0.985026 0.708410 0.985026 0.709324 0.985026 0.710238 0.985677 0.711152 0.985677 0.712066 0.986328 0.712980 0.986328 0.713894 0.986979 0.714808 0.987630 0.715722 0.987630 0.716636 0.988281 0.716636 0.988932 0.717550 0.989583 0.718464 0.990234 0.719378 0.990234 0.720293 0.990885 0.720293 0.991536 0.721207 0.992188 0.722121 0.992839 0.722121 0.993490 0.723035 0.994141 0.722121 0.994792 0.722121 0.995443 0.722121 0.996094 0.723035 0.996745 0.722121 0.997396 0.721207 0.998047 0.721207 0.998698 0.720293 0.998698 0.719378 0.998698 0.718464 0.998698 0.717550 0.998698 0.716636 0.998698 0.715722 0.998698 0.714808 0.998698 0.713894 0.998698 0.712980 0.998698 0.712066 0.998698 0.711152 0.998698 0.710238 0.998698 0.709324 0.998698 0.708410 0.998698 0.707495 0.998698 0.706581 0.998698 0.705667 0.998698 0.704753 0.998698 0.703839 0.998698 0.702925 0.998698 0.702011 0.998698 0.701097 0.998698 0.700183 0.998698 0.699269 0.998698 0.698355 0.998698 0.697441 0.998698 0.696527 0.998698 0.695612 0.998698 0.694698 0.998698 0.693784 0.998047 0.693784 0.997396 0.693784 0.996745 0.692870 0.996094 0.692870 0.995443 0.692870
0 0.826823 0.688300 0.826172 0.689214 0.825521 0.690128 0.824870 0.690128 0.824870 0.691042 0.824870 0.691956 0.824219 0.692870 0.824870 0.693784 0.824870 0.694698 0.824219 0.695612 0.824219 0.696527 0.824219 0.697441 0.823568 0.698355 0.822917 0.699269 0.822266 0.700183 0.821615 0.701097 0.820964 0.701097 0.820964 0.702011 0.820312 0.702925 0.819661 0.703839 0.819010 0.704753 0.818359 0.704753 0.818359 0.705667 0.817708 0.706581 0.817057 0.707495 0.817057 0.708410 0.816406 0.709324 0.815755 0.710238 0.815755 0.711152 0.816406 0.711152 0.817057 0.712066 0.817708 0.711152 0.818359 0.711152 0.819010 0.710238 0.819661 0.709324 0.820312 0.709324 0.820964 0.708410 0.821615 0.707495 0.822266 0.707495 0.822917 0.708410 0.823568 0.707495 0.824219 0.707495 0.824870 0.707495 0.824870 0.706581 0.825521 0.705667 0.826172 0.704753 0.826172 0.703839 0.826172 0.702925 0.826172 0.702011 0.825521 0.701097 0.825521 0.700183 0.826172 0.699269 0.826172 0.698355 0.826823 0.697441 0.827474 0.696527 0.826823 0.695612 0.827474 0.694698 0.827474 0.693784 0.828125 0.692870 0.828125 0.691956 0.828125 0.691042 0.828125 0.690128 0.828125 0.689214 0.827474 0.689214
0 0.846354 0.687386 0.845703 0.688300 0.845052 0.689214 0.845052 0.690128 0.844401 0.691042 0.844401 0.691956 0.844401 0.692870 0.844401 0.693784 0.844401 0.694698 0.844401 0.695612 0.844401 0.696527 0.845052 0.697441 0.845052 0.698355 0.844401 0.699269 0.845052 0.698355 0.845703 0.698355 0.846354 0.699269 0.847005 0.699269 0.847656 0.698355 0.848307 0.697441 0.848958 0.696527 0.848958 0.695612 0.848958 0.694698 0.848958 0.693784 0.849609 0.692870 0.848958 0.691956 0.849609 0.691042 0.849609 0.690128 0.848958 0.689214 0.848307 0.688300 0.848307 0.687386 0.847656 0.687386 0.847005 0.688300
0 0.488932 0.687386 0.488281 0.688300 0.487630 0.688300 0.486979 0.689214 0.486328 0.690128 0.485677 0.690128 0.485677 0.691042 0.485677 0.691956 0.485026 0.692870 0.484375 0.693784 0.483724 0.694698 0.483073 0.695612 0.482422 0.694698 0.481771 0.693784 0.481120 0.693784 0.480469 0.693784 0.479818 0.692870 0.479167 0.693784 0.478516 0.692870 0.477865 0.692870 0.477214 0.692870 0.476562 0.693784 0.475911 0.693784 0.475260 0.694698 0.474609 0.693784 0.473958 0.694698 0.473307 0.695612 0.472656 0.696527 0.472005 0.696527 0.471354 0.696527 0.470703 0.697441 0.470703 0.698355 0.470703 0.699269 0.470052 0.700183 0.469401 0.701097 0.469401 0.702011 0.469401 0.702925 0.469401 0.703839 0.469401 0.704753 0.469401 0.705667 0.469401 0.706581 0.469401 0.707495 0.470052 0.708410 0.470052 0.709324 0.470052 0.710238 0.470703 0.710238 0.471354 0.710238 0.472005 0.710238 0.472656 0.711152 0.473307 0.712066 0.473958 0.712066 0.474609 0.712980 0.475260 0.712980 0.475911 0.713894 0.476562 0.713894 0.477214 0.713894 0.477865 0.714808 0.478516 0.713894 0.479167 0.713894 0.479818 0.712980 0.480469 0.712066 0.481120 0.711152 0.481771 0.711152 0.482422 0.710238 0.483073 0.711152 0.483724 0.712066 0.484375 0.712980 0.484375 0.713894 0.485026 0.713894 0.485677 0.714808 0.486328 0.714808 0.486979 0.714808 0.487630 0.713894 0.488281 0.713894 0.488932 0.714808 0.488932 0.713894 0.489583 0.712980 0.490234 0.712066 0.489583 0.711152 0.490234 0.710238 0.490234 0.709324 0.489583 0.708410 0.489583 0.707495 0.488932 0.706581 0.488281 0.706581 0.487630 0.705667 0.486979 0.704753 0.486328 0.704753 0.485677 0.703839 0.485026 0.702925 0.485026 0.702011 0.485026 0.701097 0.485677 0.700183 0.486328 0.699269 0.486979 0.699269 0.487630 0.699269 0.488281 0.699269 0.488932 0.698355 0.489583 0.697441 0.490234 0.697441 0.490885 0.696527 0.490234 0.695612 0.490885 0.694698 0.490885 0.693784 0.490885 0.692870 0.490885 0.691956 0.490885 0.691042 0.491536 0.690128 0.490885 0.689214 0.490885 0.688300 0.490234 0.688300 0.489583 0.687386
0 0.576172 0.683729 0.575521 0.684644 0.574870 0.684644 0.574219 0.685558 0.573568 0.686472 0.572917 0.686472 0.572266 0.687386 0.571615 0.688300 0.570964 0.689214 0.570312 0.689214 0.569661 0.688300 0.569010 0.688300 0.568359 0.688300 0.567708 0.689214 0.567057 0.689214 0.566406 0.689214 0.565755 0.689214 0.565104 0.689214 0.564453 0.689214 0.563802 0.690128 0.563151 0.689214 0.562500 0.690128 0.561849 0.691042 0.561198 0.691042 0.560547 0.691956 0.559896 0.692870 0.559245 0.692870 0.559245 0.693784 0.558594 0.694698 0.558594 0.695612 0.558594 0.696527 0.557943 0.697441 0.557943 0.698355 0.557943 0.699269 0.557943 0.700183 0.557943 0.701097 0.558594 0.702011 0.559245 0.702925 0.559896 0.703839 0.560547 0.704753 0.561198 0.704753 0.561849 0.704753 0.562500 0.705667 0.563151 0.705667 0.563802 0.705667 0.564453 0.705667 0.565104 0.705667 0.565755 0.705667 0.566406 0.705667 0.567057 0.705667 0.567708 0.705667 0.568359 0.705667 0.569010 0.706581 0.569661 0.707495 0.569661 0.708410 0.569661 0.709324 0.569661 0.710238 0.569661 0.711152 0.569661 0.712066 0.569661 0.712980 0.569010 0.713894 0.569010 0.714808 0.569010 0.715722 0.569010 0.716636 0.569010 0.717550 0.569661 0.718464 0.569010 0.719378 0.569661 0.719378 0.570312 0.720293 0.570964 0.721207 0.571615 0.721207 0.572266 0.721207 0.572917 0.722121 0.573568 0.722121 0.574219 0.721207 0.574870 0.722121 0.575521 0.722121 0.576172 0.722121 0.576172 0.721207 0.576823 0.720293 0.576823 0.719378 0.576823 0.718464 0.576823 0.717550 0.576823 0.716636 0.576823 0.715722 0.577474 0.714808 0.578125 0.713894 0.577474 0.712980 0.577474 0.712066 0.577474 0.711152 0.576823 0.710238 0.576823 0.709324 0.576823 0.708410 0.576823 0.707495 0.576172 0.707495 0.575521 0.707495 0.574870 0.706581 0.574219 0.705667 0.573568 0.704753 0.573568 0.703839 0.573568 0.702925 0.573568 0.702011 0.574219 0.701097 0.574219 0.700183 0.574219 0.699269 0.574219 0.698355 0.574870 0.697441 0.575521 0.696527 0.576172 0.695612 0.576823 0.694698 0.577474 0.695612 0.578125 0.696527 0.578125 0.697441 0.578776 0.698355 0.579427 0.698355 0.580078 0.697441 0.580729 0.697441 0.581380 0.696527 0.582031 0.695612 0.582031 0.694698 0.582031 0.693784 0.582682 0.692870 0.583333 0.691956 0.582682 0.691042 0.582031 0.691042 0.581380 0.691956 0.580729 0.691956 0.580078 0.691956 0.579427 0.691042 0.578776 0.690128 0.578125 0.689214 0.578776 0.688300 0.578776 0.687386 0.578776 0.686472 0.578125 0.685558 0.578125 0.684644 0.577474 0.684644 0.576823 0.683729
0 0.898438 0.681901 0.897786 0.682815 0.897135 0.682815 0.896484 0.682815 0.895833 0.683729 0.895182 0.684644 0.894531 0.685558 0.893880 0.686472 0.893229 0.687386 0.892578 0.688300 0.891927 0.689214 0.891927 0.690128 0.891276 0.691042 0.891276 0.691956 0.891276 0.692870 0.890625 0.693784 0.890625 0.694698 0.890625 0.695612 0.890625 0.696527 0.890625 0.697441 0.891276 0.698355 0.891276 0.699269 0.891276 0.700183 0.890625 0.701097 0.889974 0.702011 0.889323 0.702011 0.888672 0.702011 0.888021 0.701097 0.887370 0.702011 0.886719 0.701097 0.886068 0.701097 0.885417 0.700183 0.884766 0.699269 0.884115 0.698355 0.884115 0.697441 0.884115 0.696527 0.883464 0.696527 0.882812 0.696527 0.882161 0.696527 0.881510 0.696527 0.880859 0.697441 0.880859 0.698355 0.880208 0.699269 0.880208 0.700183 0.879557 0.701097 0.880208 0.702011 0.879557 0.702925 0.880208 0.703839 0.880859 0.703839 0.881510 0.703839 0.882161 0.704753 0.882812 0.705667 0.883464 0.706581 0.883464 0.707495 0.882812 0.708410 0.882812 0.709324 0.882812 0.710238 0.882161 0.711152 0.881510 0.712066 0.882161 0.712980 0.882812 0.713894 0.882812 0.714808 0.882812 0.715722 0.883464 0.716636 0.884115 0.717550 0.884766 0.718464 0.885417 0.719378 0.885417 0.720293 0.886068 0.720293 0.886719 0.720293 0.887370 0.721207 0.888021 0.720293 0.888672 0.720293 0.889323 0.720293 0.889974 0.719378 0.890625 0.719378 0.891276 0.718464 0.891927 0.717550 0.892578 0.716636 0.892578 0.715722 0.893229 0.714808 0.893229 0.713894 0.893880 0.712980 0.894531 0.712066 0.895182 0.712066 0.895833 0.712066 0.896484 0.712066 0.897135 0.711152 0.897786 0.711152 0.898438 0.712066 0.899089 0.711152 0.899740 0.710238 0.900391 0.709324 0.901042 0.708410 0.901042 0.707495 0.901693 0.706581 0.902344 0.705667 0.902995 0.704753 0.902995 0.703839 0.902995 0.702925 0.902995 0.702011 0.903646 0.701097 0.903646 0.700183 0.904297 0.699269 0.904297 0.698355 0.904948 0.697441 0.904948 0.696527 0.904948 0.695612 0.905599 0.694698 0.905599 0.693784 0.906250 0.692870 0.906250 0.691956 0.905599 0.691042 0.906250 0.690128 0.905599 0.689214 0.904948 0.688300 0.904948 0.687386 0.904297 0.686472 0.904297 0.685558 0.904297 0.684644 0.903646 0.683729 0.903646 0.682815 0.902995 0.682815 0.902344 0.681901 0.901693 0.681901 0.901042 0.681901 0.900391 0.681901 0.899740 0.681901 0.899089 0.681901
0 0.859375 0.681901 0.858724 0.682815 0.858073 0.682815 0.857422 0.683729 0.856771 0.684644 0.856120 0.684644 0.855469 0.685558 0.854818 0.686472 0.854167 0.687386 0.854167 0.688300 0.853516 0.689214 0.853516 0.690128 0.853516 0.691042 0.853516 0.691956 0.853516 0.692870 0.852865 0.693784 0.852865 0.694698 0.852865 0.695612 0.852865 0.696527 0.852214 0.697441 0.852865 0.698355 0.852865 0.699269 0.852865 0.700183 0.852865 0.701097 0.853516 0.702011 0.854167 0.702925 0.854167 0.703839 0.854818 0.704753 0.854818 0.705667 0.855469 0.706581 0.856120 0.707495 0.855469 0.708410 0.855469 0.709324 0.854818 0.710238 0.855469 0.711152 0.854818 0.712066 0.854818 0.712980 0.854818 0.713894 0.854818 0.714808 0.854167 0.715722 0.853516 0.716636 0.852865 0.716636 0.852214 0.716636 0.851562 0.716636 0.850911 0.717550 0.850260 0.717550 0.849609 0.717550 0.849609 0.718464 0.848958 0.719378 0.848958 0.720293 0.848958 0.721207 0.848307 0.722121 0.848307 0.723035 0.848958 0.723949 0.849609 0.724863 0.850260 0.724863 0.850911 0.725777 0.851562 0.726691 0.851562 0.725777 0.852214 0.724863 0.852865 0.723949 0.853516 0.723949 0.854167 0.724863 0.853516 0.723949 0.854167 0.723035 0.854818 0.722121 0.854167 0.721207 0.854167 0.720293 0.854167 0.719378 0.854167 0.718464 0.854167 0.717550 0.854167 0.716636 0.854167 0.715722 0.854818 0.714808 0.855469 0.713894 0.856120 0.714808 0.856771 0.714808 0.857422 0.715722 0.858073 0.715722 0.858724 0.715722 0.859375 0.715722 0.860026 0.716636 0.860677 0.715722 0.861328 0.716636 0.861979 0.716636 0.862630 0.716636 0.863281 0.715722 0.863281 0.714808 0.863932 0.713894 0.864583 0.712980 0.864583 0.712066 0.864583 0.711152 0.864583 0.710238 0.864583 0.709324 0.864583 0.708410 0.863932 0.707495 0.863932 0.706581 0.863281 0.706581 0.862630 0.705667 0.861979 0.706581 0.861328 0.705667 0.860677 0.704753 0.860677 0.703839 0.860677 0.702925 0.860677 0.702011 0.860677 0.701097 0.861328 0.700183 0.861328 0.699269 0.861328 0.698355 0.861328 0.697441 0.861328 0.696527 0.861979 0.695612 0.862630 0.694698 0.863281 0.693784 0.863932 0.694698 0.864583 0.695612 0.864583 0.696527 0.865234 0.696527 0.865885 0.696527 0.866536 0.696527 0.867188 0.696527 0.867839 0.697441 0.868490 0.697441 0.869141 0.697441 0.869792 0.698355 0.870443 0.698355 0.871094 0.697441 0.871745 0.697441 0.872396 0.696527 0.873047 0.695612 0.873698 0.694698 0.874349 0.694698 0.874349 0.693784 0.875000 0.692870 0.875651 0.691956 0.875000 0.691042 0.875651 0.690128 0.875651 0.689214 0.875651 0.688300 0.876302 0.687386 0.875651 0.686472 0.876302 0.685558 0.875651 0.684644 0.875000 0.683729 0.875000 0.682815 0.874349 0.681901 0.873698 0.681901 0.873047 0.681901 0.872396 0.681901 0.871745 0.682815 0.871094 0.682815 0.870443 0.682815 0.869792 0.682815 0.869141 0.683729 0.868490 0.683729 0.867839 0.683729 0.867188 0.683729 0.866536 0.684644 0.865885 0.683729 0.865234 0.683729 0.864583 0.684644 0.863932 0.685558 0.863281 0.686472 0.862630 0.687386 0.861979 0.687386 0.861328 0.686472 0.860677 0.685558 0.860677 0.684644 0.860026 0.684644 0.859375 0.683729 0.858724 0.682815
0 0.811849 0.681901 0.811198 0.682815 0.810547 0.683729 0.809896 0.683729 0.809896 0.684644 0.809896 0.685558 0.809245 0.686472 0.809245 0.687386 0.809245 0.688300 0.809245 0.689214 0.809245 0.690128 0.809896 0.691042 0.810547 0.691042 0.811198 0.691956 0.811849 0.691956 0.812500 0.691042 0.813151 0.690128 0.813802 0.690128 0.813802 0.689214 0.814453 0.688300 0.814453 0.687386 0.814453 0.686472 0.814453 0.685558 0.814453 0.684644 0.814453 0.683729 0.813802 0.682815 0.813151 0.681901 0.812500 0.682815
0 0.302734 0.678245 0.302083 0.679159 0.301432 0.680073 0.300781 0.680987 0.300130 0.681901 0.300130 0.682815 0.300130 0.683729 0.300130 0.684644 0.300130 0.685558 0.300130 0.686472 0.299479 0.687386 0.300130 0.688300 0.300781 0.689214 0.300781 0.690128 0.301432 0.691042 0.302083 0.691956 0.302083 0.692870 0.301432 0.693784 0.300781 0.694698 0.300130 0.695612 0.299479 0.695612 0.298828 0.695612 0.298177 0.695612 0.297526 0.694698 0.296875 0.695612 0.296224 0.695612 0.295573 0.695612 0.294922 0.695612 0.294271 0.695612 0.293620 0.696527 0.292969 0.695612 0.292318 0.695612 0.291667 0.696527 0.291016 0.697441 0.290365 0.697441 0.290365 0.698355 0.289714 0.699269 0.289062 0.700183 0.289062 0.701097 0.289062 0.702011 0.289062 0.702925 0.288411 0.703839 0.288411 0.704753 0.289062 0.705667 0.289062 0.706581 0.289062 0.707495 0.289714 0.708410 0.290365 0.709324 0.291016 0.710238 0.291667 0.711152 0.292318 0.712066 0.292969 0.711152 0.293620 0.712066 0.294271 0.712066 0.294922 0.712066 0.295573 0.711152 0.296224 0.710238 0.296875 0.710238 0.296875 0.709324 0.297526 0.708410 0.298177 0.707495 0.297526 0.706581 0.297526 0.705667 0.297526 0.704753 0.298177 0.703839 0.298177 0.702925 0.298828 0.702011 0.298828 0.701097 0.299479 0.700183 0.300130 0.699269 0.300781 0.698355 0.301432 0.697441 0.302083 0.698355 0.302734 0.699269 0.302734 0.700183 0.303385 0.701097 0.304036 0.701097 0.304688 0.702011 0.305339 0.702011 0.305990 0.701097 0.306641 0.700183 0.307292 0.699269 0.307943 0.698355 0.308594 0.698355 0.309245 0.699269 0.309896 0.698355 0.310547 0.699269 0.311198 0.699269 0.311849 0.700183 0.312500 0.701097 0.313151 0.702011 0.313151 0.702925 0.312500 0.703839 0.311849 0.704753 0.311198 0.705667 0.311198 0.706581 0.311198 0.707495 0.310547 0.708410 0.310547 0.709324 0.310547 0.710238 0.311198 0.711152 0.311198 0.712066 0.311849 0.712980 0.312500 0.713894 0.313151 0.713894 0.313802 0.714808 0.314453 0.715722 0.315104 0.714808 0.315755 0.714808 0.316406 0.713894 0.317057 0.713894 0.317708 0.712980 0.317708 0.712066 0.317708 0.711152 0.318359 0.710238 0.318359 0.709324 0.318359 0.708410 0.319010 0.707495 0.319010 0.706581 0.319010 0.705667 0.319010 0.704753 0.318359 0.703839 0.317708 0.702925 0.317057 0.702925 0.316406 0.702011 0.315755 0.701097 0.315104 0.700183 0.314453 0.699269 0.315104 0.698355 0.315104 0.697441 0.315104 0.696527 0.315104 0.695612 0.314453 0.694698 0.313802 0.693784 0.313151 0.693784 0.312500 0.692870 0.311849 0.691956 0.311198 0.691956 0.310547 0.691956 0.309896 0.691042 0.309245 0.690128 0.308594 0.690128 0.307943 0.690128 0.307292 0.689214 0.306641 0.688300 0.305990 0.687386 0.305990 0.686472 0.305990 0.685558 0.305990 0.684644 0.305990 0.683729 0.306641 0.682815 0.306641 0.681901 0.305990 0.680987 0.305990 0.680073 0.305990 0.679159 0.305339 0.678245 0.304688 0.678245 0.304036 0.678245 0.303385 0.678245
0 0.725911 0.677331 0.725260 0.678245 0.725260 0.679159 0.725260 0.680073 0.725260 0.680987 0.725260 0.681901 0.725260 0.682815 0.724609 0.683729 0.723958 0.684644 0.723307 0.684644 0.722656 0.683729 0.722005 0.682815 0.721354 0.681901 0.720703 0.680987 0.720052 0.680073 0.719401 0.679159 0.718750 0.678245 0.718099 0.678245 0.717448 0.678245 0.716797 0.678245 0.716146 0.678245 0.715495 0.678245 0.714844 0.679159 0.714193 0.679159 0.713542 0.679159 0.712891 0.680073 0.712240 0.679159 0.711589 0.680073 0.710938 0.680987 0.710286 0.680987 0.709635 0.681901 0.708984 0.682815 0.708333 0.682815 0.707682 0.683729 0.707031 0.683729 0.706380 0.683729 0.705729 0.683729 0.705078 0.684644 0.704427 0.684644 0.703776 0.684644 0.703125 0.684644 0.702474 0.685558 0.701823 0.684644 0.701172 0.683729 0.700521 0.682815 0.699870 0.681901 0.699870 0.680987 0.699219 0.680073 0.698568 0.679159 0.697917 0.679159 0.697266 0.679159 0.696615 0.679159 0.695964 0.680073 0.695312 0.680073 0.694661 0.680987 0.694010 0.681901 0.694010 0.682815 0.693359 0.683729 0.693359 0.684644 0.692708 0.685558 0.692708 0.686472 0.692708 0.687386 0.692708 0.688300 0.692057 0.689214 0.692057 0.690128 0.692057 0.691042 0.692057 0.691956 0.691406 0.692870 0.691406 0.693784 0.691406 0.694698 0.691406 0.695612 0.690755 0.696527 0.690104 0.697441 0.690104 0.698355 0.690104 0.699269 0.690755 0.700183 0.691406 0.701097 0.691406 0.702011 0.692057 0.702925 0.692708 0.703839 0.692057 0.704753 0.692057 0.705667 0.692057 0.706581 0.691406 0.707495 0.691406 0.708410 0.690755 0.709324 0.690104 0.710238 0.690755 0.711152 0.690755 0.712066 0.690755 0.712980 0.690755 0.713894 0.691406 0.714808 0.692057 0.715722 0.692708 0.715722 0.693359 0.714808 0.694010 0.714808 0.694010 0.713894 0.694661 0.712980 0.694661 0.712066 0.695312 0.711152 0.695964 0.710238 0.695312 0.709324 0.695964 0.708410 0.695312 0.707495 0.695964 0.706581 0.695964 0.705667 0.695312 0.704753 0.695964 0.703839 0.695964 0.702925 0.695964 0.702011 0.696615 0.701097 0.696615 0.700183 0.696615 0.699269 0.696615 0.698355 0.697266 0.697441 0.697917 0.696527 0.697917 0.695612 0.697917 0.694698 0.698568 0.693784 0.699219 0.692870 0.699870 0.691956 0.700521 0.691956 0.701172 0.692870 0.701823 0.693784 0.701823 0.694698 0.701823 0.695612 0.701823 0.696527 0.701823 0.697441 0.701823 0.698355 0.701823 0.699269 0.701823 0.700183 0.701823 0.701097 0.702474 0.702011 0.702474 0.702925 0.703125 0.703839 0.703125 0.704753 0.703776 0.705667 0.704427 0.705667 0.705078 0.705667 0.705729 0.705667 0.706380 0.705667 0.707031 0.705667 0.707682 0.704753 0.708333 0.705667 0.708984 0.705667 0.709635 0.706581 0.710286 0.707495 0.710938 0.708410 0.711589 0.709324 0.712240 0.710238 0.711589 0.711152 0.712240 0.712066 0.711589 0.712980 0.711589 0.713894 0.711589 0.714808 0.711589 0.715722 0.710938 0.716636 0.711589 0.716636 0.712240 0.717550 0.712891 0.717550 0.713542 0.717550 0.714193 0.717550 0.714844 0.717550 0.715495 0.716636 0.715495 0.715722 0.716146 0.714808 0.716797 0.713894 0.717448 0.712980 0.718099 0.712066 0.718750 0.711152 0.719401 0.710238 0.720052 0.710238 0.720052 0.709324 0.720052 0.708410 0.720703 0.707495 0.720703 0.706581 0.721354 0.705667 0.721354 0.704753 0.721354 0.703839 0.721354 0.702925 0.721354 0.702011 0.722005 0.701097 0.722005 0.700183 0.722005 0.699269 0.722005 0.698355 0.722005 0.697441 0.722005 0.696527 0.722005 0.695612 0.722005 0.694698 0.722005 0.693784 0.722656 0.692870 0.723307 0.691956 0.723958 0.691042 0.724609 0.690128 0.725260 0.689214 0.725911 0.689214 0.726562 0.689214 0.727214 0.689214 0.727865 0.688300 0.727865 0.687386 0.728516 0.686472 0.729167 0.685558 0.729167 0.684644 0.729167 0.683729 0.729167 0.682815 0.729167 0.681901 0.728516 0.680987 0.728516 0.680073 0.727865 0.679159 0.727214 0.678245 0.726562 0.677331
0 0.499349 0.677331 0.498698 0.678245 0.498047 0.679159 0.497396 0.680073 0.496745 0.680987 0.496094 0.681901 0.496094 0.682815 0.496094 0.683729 0.496094 0.684644 0.495443 0.685558 0.495443 0.686472 0.494792 0.687386 0.494792 0.688300 0.494792 0.689214 0.494792 0.690128 0.494792 0.691042 0.494792 0.691956 0.494792 0.692870 0.495443 0.693784 0.495443 0.694698 0.496094 0.695612 0.496745 0.696527 0.497396 0.697441 0.498047 0.697441 0.498698 0.698355 0.499349 0.699269 0.500000 0.700183 0.500651 0.701097 0.501302 0.702011 0.501953 0.702925 0.502604 0.703839 0.501953 0.704753 0.501302 0.705667 0.500651 0.706581 0.500000 0.707495 0.499349 0.707495 0.498698 0.708410 0.498047 0.708410 0.497396 0.708410 0.496745 0.709324 0.496094 0.709324 0.495443 0.709324 0.494792 0.710238 0.494792 0.711152 0.494141 0.712066 0.494141 0.712980 0.494141 0.713894 0.494141 0.714808 0.494141 0.715722 0.494792 0.716636 0.494792 0.717550 0.495443 0.717550 0.496094 0.718464 0.496745 0.719378 0.497396 0.719378 0.498047 0.719378 0.498698 0.719378 0.499349 0.718464 0.500000 0.718464 0.500651 0.718464 0.501302 0.717550 0.501953 0.717550 0.502604 0.716636 0.503255 0.715722 0.503906 0.715722 0.504557 0.715722 0.505208 0.714808 0.505859 0.713894 0.506510 0.712980 0.506510 0.712066 0.507161 0.711152 0.507161 0.710238 0.507161 0.709324 0.507161 0.708410 0.507812 0.707495 0.507812 0.706581 0.508464 0.705667 0.509115 0.704753 0.509766 0.703839 0.510417 0.702925 0.511068 0.702925 0.511719 0.702925 0.512370 0.703839 0.513021 0.704753 0.513021 0.705667 0.513672 0.705667 0.514323 0.705667 0.514974 0.706581 0.515625 0.706581 0.516276 0.707495 0.516927 0.707495 0.517578 0.707495 0.518229 0.707495 0.518880 0.707495 0.519531 0.707495 0.520182 0.707495 0.520833 0.707495 0.521484 0.706581 0.522135 0.706581 0.522135 0.705667 0.522786 0.704753 0.523438 0.703839 0.524089 0.703839 0.524740 0.702925 0.525391 0.702011 0.526042 0.702925 0.526693 0.703839 0.527344 0.703839 0.527995 0.703839 0.528646 0.703839 0.528646 0.702925 0.529297 0.702011 0.529948 0.701097 0.529948 0.700183 0.529948 0.699269 0.529297 0.698355 0.529297 0.697441 0.529297 0.696527 0.529297 0.695612 0.528646 0.694698 0.527995 0.693784 0.527344 0.692870 0.526693 0.692870 0.526042 0.692870 0.525391 0.692870 0.524740 0.691956 0.524089 0.691042 0.523438 0.690128 0.522786 0.689214 0.522135 0.690128 0.521484 0.689214 0.520833 0.688300 0.520182 0.689214 0.519531 0.689214 0.518880 0.689214 0.518229 0.689214 0.517578 0.689214 0.516927 0.690128 0.516276 0.690128 0.515625 0.691042 0.514974 0.691042 0.514323 0.691956 0.513672 0.691956 0.513021 0.691956 0.512370 0.691042 0.511719 0.690128 0.511068 0.689214 0.510417 0.688300 0.509766 0.688300 0.509115 0.687386 0.508464 0.686472 0.507812 0.685558 0.507812 0.684644 0.507161 0.684644 0.506510 0.683729 0.505859 0.682815 0.506510 0.681901 0.505859 0.680987 0.505208 0.681901 0.504557 0.680987 0.503906 0.680987 0.503255 0.680073 0.502604 0.680073 0.501953 0.679159 0.501302 0.678245 0.501302 0.677331 0.500651 0.678245 0.500000 0.677331
0 0.195312 0.677331 0.194661 0.678245 0.194010 0.678245 0.193359 0.678245 0.193359 0.679159 0.192708 0.680073 0.192708 0.680987 0.192708 0.681901 0.192708 0.682815 0.192057 0.683729 0.192057 0.684644 0.192057 0.685558 0.192057 0.686472 0.192057 0.687386 0.191406 0.688300 0.190755 0.689214 0.190104 0.690128 0.189453 0.690128 0.188802 0.689214 0.188151 0.688300 0.187500 0.688300 0.186849 0.688300 0.186198 0.688300 0.185547 0.689214 0.184896 0.690128 0.184896 0.691042 0.184245 0.691956 0.184245 0.692870 0.184245 0.693784 0.183594 0.694698 0.184245 0.695612 0.183594 0.696527 0.183594 0.697441 0.183594 0.698355 0.183594 0.699269 0.182943 0.700183 0.182292 0.701097 0.181641 0.702011 0.181641 0.702925 0.181641 0.703839 0.181641 0.704753 0.182292 0.705667 0.182292 0.706581 0.182292 0.707495 0.182943 0.707495 0.183594 0.708410 0.184245 0.708410 0.184896 0.708410 0.185547 0.708410 0.186198 0.707495 0.186849 0.707495 0.187500 0.707495 0.187500 0.706581 0.188151 0.705667 0.187500 0.704753 0.188151 0.703839 0.188151 0.702925 0.188151 0.702011 0.188151 0.701097 0.188802 0.700183 0.188802 0.699269 0.188802 0.698355 0.189453 0.697441 0.189453 0.696527 0.190104 0.695612 0.190755 0.694698 0.191406 0.694698 0.192057 0.695612 0.192708 0.694698 0.193359 0.694698 0.194010 0.694698 0.194661 0.694698 0.195312 0.693784 0.195964 0.692870 0.195964 0.691956 0.195964 0.691042 0.196615 0.690128 0.197266 0.689214 0.197266 0.688300 0.197266 0.687386 0.197917 0.686472 0.197917 0.685558 0.197917 0.684644 0.197917 0.683729 0.198568 0.682815 0.198568 0.681901 0.198568 0.680987 0.197917 0.680073 0.197917 0.679159 0.197266 0.678245 0.196615 0.677331 0.195964 0.677331
0 0.009115 0.677331 0.008464 0.678245 0.007812 0.679159 0.007161 0.679159 0.006510 0.680073 0.006510 0.680987 0.005859 0.681901 0.005208 0.682815 0.005208 0.683729 0.004557 0.684644 0.004557 0.685558 0.004557 0.686472 0.003906 0.687386 0.004557 0.688300 0.004557 0.689214 0.003906 0.690128 0.003255 0.691042 0.002604 0.691956 0.001953 0.691956 0.001302 0.691956 0.000651 0.691956 0.000651 0.692870 0.000651 0.693784 0.000651 0.694698 0.000651 0.695612 0.000651 0.696527 0.000651 0.697441 0.000651 0.698355 0.000651 0.699269 0.000651 0.700183 0.000651 0.701097 0.000651 0.702011 0.000651 0.702925 0.000651 0.703839 0.000651 0.704753 0.000651 0.705667 0.001302 0.705667 0.001953 0.705667 0.002604 0.705667 0.003255 0.706581 0.003906 0.705667 0.004557 0.705667 0.005208 0.704753 0.005859 0.703839 0.006510 0.702925 0.007161 0.702011 0.007812 0.702011 0.008464 0.701097 0.009115 0.700183 0.009766 0.699269 0.010417 0.699269 0.010417 0.698355 0.011068 0.697441 0.011719 0.696527 0.012370 0.697441 0.013021 0.697441 0.013672 0.697441 0.014323 0.697441 0.014974 0.696527 0.014974 0.695612 0.014974 0.694698 0.014974 0.693784 0.014974 0.692870 0.015625 0.691956 0.015625 0.691042 0.016276 0.690128 0.016927 0.689214 0.016927 0.688300 0.017578 0.687386 0.017578 0.686472 0.017578 0.685558 0.017578 0.684644 0.017578 0.683729 0.017578 0.682815 0.017578 0.681901 0.016927 0.680987 0.016276 0.680073 0.015625 0.679159 0.014974 0.678245 0.014323 0.678245 0.013672 0.677331 0.013021 0.677331 0.012370 0.677331 0.011719 0.677331 0.011068 0.677331 0.010417 0.678245 0.009766 0.677331
0 0.632812 0.676417 0.632161 0.677331 0.631510 0.678245 0.631510 0.679159 0.630859 0.680073 0.630859 0.680987 0.630208 0.681901 0.630859 0.682815 0.630859 0.683729 0.630859 0.684644 0.630208 0.685558 0.630859 0.686472 0.630859 0.687386 0.631510 0.688300 0.631510 0.689214 0.631510 0.690128 0.632161 0.690128 0.632812 0.691042 0.633464 0.691956 0.633464 0.692870 0.634115 0.693784 0.634115 0.694698 0.634766 0.695612 0.634115 0.696527 0.633464 0.697441 0.632812 0.697441 0.632161 0.696527 0.631510 0.696527 0.630859 0.695612 0.630208 0.695612 0.629557 0.695612 0.628906 0.695612 0.628255 0.695612 0.627604 0.696527 0.626953 0.696527 0.626302 0.696527 0.626302 0.697441 0.625651 0.698355 0.625651 0.699269 0.625000 0.700183 0.625000 0.701097 0.625000 0.702011 0.625000 0.702925 0.625000 0.703839 0.625000 0.704753 0.625000 0.705667 0.625000 0.706581 0.625000 0.707495 0.625000 0.708410 0.625000 0.709324 0.625000 0.710238 0.625000 0.711152 0.624349 0.712066 0.624349 0.712980 0.624349 0.713894 0.624349 0.714808 0.623698 0.715722 0.624349 0.716636 0.624349 0.717550 0.624349 0.718464 0.625000 0.719378 0.625000 0.720293 0.625651 0.720293 0.626302 0.720293 0.626953 0.721207 0.627604 0.722121 0.628255 0.722121 0.628906 0.721207 0.629557 0.721207 0.630208 0.721207 0.630859 0.721207 0.630859 0.720293 0.631510 0.719378 0.632161 0.718464 0.632812 0.717550 0.632812 0.716636 0.633464 0.715722 0.634115 0.714808 0.634766 0.713894 0.635417 0.712980 0.636068 0.712066 0.636719 0.712066 0.637370 0.712980 0.638021 0.713894 0.638021 0.714808 0.638672 0.715722 0.639323 0.715722 0.639974 0.715722 0.640625 0.715722 0.640625 0.714808 0.641276 0.713894 0.641276 0.712980 0.641276 0.712066 0.641276 0.711152 0.641276 0.710238 0.640625 0.709324 0.639974 0.708410 0.639974 0.707495 0.639323 0.706581 0.638672 0.705667 0.638672 0.704753 0.638672 0.703839 0.638021 0.702925 0.638672 0.702011 0.639323 0.701097 0.639974 0.701097 0.640625 0.701097 0.641276 0.701097 0.641927 0.700183 0.642578 0.700183 0.643229 0.700183 0.643880 0.700183 0.644531 0.699269 0.644531 0.698355 0.645182 0.697441 0.645182 0.696527 0.644531 0.695612 0.644531 0.694698 0.643880 0.693784 0.643880 0.692870 0.643880 0.691956 0.643229 0.691042 0.643229 0.690128 0.642578 0.689214 0.641927 0.688300 0.641927 0.687386 0.641276 0.686472 0.640625 0.685558 0.640625 0.684644 0.639974 0.683729 0.639323 0.682815 0.638672 0.681901 0.638021 0.680987 0.638021 0.680073 0.637370 0.680073 0.636719 0.679159 0.636068 0.678245 0.636068 0.677331 0.635417 0.678245 0.634766 0.677331 0.634115 0.676417 0.633464 0.676417
0 0.968099 0.670018 0.967448 0.670932 0.967448 0.671846 0.967448 0.672761 0.966797 0.673675 0.966797 0.674589 0.966797 0.675503 0.966146 0.676417 0.966146 0.677331 0.965495 0.678245 0.965495 0.679159 0.965495 0.680073 0.964844 0.680987 0.964844 0.681901 0.964844 0.682815 0.964193 0.683729 0.964844 0.684644 0.964193 0.685558 0.964193 0.686472 0.964193 0.687386 0.964193 0.688300 0.964844 0.689214 0.964193 0.690128 0.964193 0.691042 0.964193 0.691956 0.964193 0.692870 0.964844 0.693784 0.964844 0.694698 0.964844 0.695612 0.965495 0.696527 0.965495 0.697441 0.966146 0.698355 0.966797 0.699269 0.966797 0.700183 0.967448 0.701097 0.966797 0.702011 0.966146 0.702925 0.965495 0.703839 0.964844 0.702925 0.964193 0.703839 0.963542 0.702925 0.962891 0.702925 0.962240 0.702925 0.961589 0.702925 0.960938 0.703839 0.960286 0.703839 0.959635 0.704753 0.958984 0.705667 0.958333 0.706581 0.957682 0.707495 0.957031 0.708410 0.956380 0.709324 0.956380 0.710238 0.956380 0.711152 0.956380 0.712066 0.956380 0.712980 0.956380 0.713894 0.956380 0.714808 0.957031 0.715722 0.957031 0.716636 0.957682 0.717550 0.958333 0.718464 0.958984 0.719378 0.959635 0.720293 0.960286 0.720293 0.960938 0.720293 0.961589 0.720293 0.962240 0.720293 0.962891 0.720293 0.963542 0.719378 0.964193 0.719378 0.964844 0.719378 0.965495 0.719378 0.966146 0.718464 0.966797 0.719378 0.967448 0.718464 0.967448 0.717550 0.967448 0.716636 0.968099 0.715722 0.968099 0.714808 0.968750 0.713894 0.968750 0.712980 0.969401 0.712066 0.969401 0.711152 0.969401 0.710238 0.970052 0.709324 0.970703 0.708410 0.971354 0.708410 0.972005 0.708410 0.972656 0.708410 0.973307 0.708410 0.973958 0.707495 0.974609 0.707495 0.975260 0.707495 0.975911 0.707495 0.976562 0.706581 0.977214 0.707495 0.977865 0.706581 0.978516 0.706581 0.979167 0.706581 0.979167 0.705667 0.979167 0.704753 0.979818 0.703839 0.979818 0.702925 0.979818 0.702011 0.979818 0.701097 0.979818 0.700183 0.979818 0.699269 0.979818 0.698355 0.979818 0.697441 0.979818 0.696527 0.979818 0.695612 0.979818 0.694698 0.979818 0.693784 0.979818 0.692870 0.979818 0.691956 0.979818 0.691042 0.979167 0.690128 0.979167 0.689214 0.978516 0.688300 0.978516 0.687386 0.978516 0.686472 0.977865 0.685558 0.977865 0.684644 0.977214 0.683729 0.977865 0.682815 0.977214 0.681901 0.977214 0.680987 0.977214 0.680073 0.976562 0.679159 0.976562 0.678245 0.976562 0.677331 0.976562 0.676417 0.975911 0.675503 0.975911 0.674589 0.975911 0.673675 0.975260 0.673675 0.974609 0.672761 0.973958 0.672761 0.973307 0.671846 0.972656 0.670932 0.972005 0.671846 0.971354 0.670932 0.970703 0.670018 0.970052 0.670018 0.969401 0.670018 0.968750 0.670018
0 0.358724 0.667276 0.358073 0.668190 0.357422 0.668190 0.356771 0.669104 0.356120 0.670018 0.356120 0.670932 0.355469 0.671846 0.355469 0.672761 0.355469 0.673675 0.354818 0.674589 0.354818 0.675503 0.354818 0.676417 0.354818 0.677331 0.354818 0.678245 0.355469 0.679159 0.354818 0.680073 0.354818 0.680987 0.355469 0.681901 0.355469 0.682815 0.354818 0.683729 0.355469 0.684644 0.355469 0.685558 0.355469 0.686472 0.355469 0.687386 0.355469 0.688300 0.354818 0.689214 0.354167 0.690128 0.353516 0.689214 0.352865 0.688300 0.352214 0.687386 0.351562 0.687386 0.350911 0.686472 0.350260 0.685558 0.349609 0.685558 0.348958 0.685558 0.348307 0.686472 0.347656 0.687386 0.347005 0.687386 0.346354 0.688300 0.345703 0.689214 0.345052 0.688300 0.344401 0.687386 0.344401 0.686472 0.343750 0.685558 0.343750 0.684644 0.343750 0.683729 0.343099 0.682815 0.343099 0.681901 0.343099 0.680987 0.342448 0.680987 0.341797 0.680987 0.341146 0.680987 0.340495 0.680987 0.339844 0.680987 0.339193 0.681901 0.339193 0.682815 0.338542 0.683729 0.337891 0.684644 0.337891 0.685558 0.337240 0.686472 0.336589 0.687386 0.336589 0.688300 0.336589 0.689214 0.335938 0.690128 0.335938 0.691042 0.335938 0.691956 0.335286 0.692870 0.334635 0.693784 0.333984 0.694698 0.333984 0.695612 0.333984 0.696527 0.333984 0.697441 0.334635 0.698355 0.335286 0.699269 0.335286 0.700183 0.335938 0.701097 0.335938 0.702011 0.336589 0.702925 0.337240 0.703839 0.337891 0.704753 0.337891 0.705667 0.338542 0.706581 0.339193 0.707495 0.339844 0.708410 0.339844 0.709324 0.339193 0.710238 0.339193 0.711152 0.339193 0.712066 0.339193 0.712980 0.339193 0.713894 0.338542 0.714808 0.339193 0.715722 0.338542 0.716636 0.339193 0.717550 0.338542 0.718464 0.339193 0.719378 0.339844 0.720293 0.339844 0.721207 0.340495 0.721207 0.341146 0.722121 0.341797 0.722121 0.342448 0.721207 0.343099 0.721207 0.343750 0.720293 0.344401 0.720293 0.345052 0.719378 0.345703 0.718464 0.346354 0.717550 0.346354 0.716636 0.346354 0.715722 0.346354 0.714808 0.346354 0.713894 0.347005 0.712980 0.346354 0.712066 0.346354 0.711152 0.346354 0.710238 0.346354 0.709324 0.345703 0.708410 0.345052 0.707495 0.344401 0.706581 0.343750 0.705667 0.343750 0.704753 0.343750 0.703839 0.344401 0.702925 0.344401 0.702011 0.344401 0.701097 0.345052 0.700183 0.345052 0.699269 0.345703 0.698355 0.346354 0.697441 0.347005 0.697441 0.347656 0.697441 0.348307 0.697441 0.348958 0.697441 0.349609 0.698355 0.350260 0.698355 0.350911 0.698355 0.351562 0.697441 0.352214 0.698355 0.352865 0.698355 0.353516 0.699269 0.354167 0.700183 0.353516 0.701097 0.353516 0.702011 0.353516 0.702925 0.353516 0.703839 0.354167 0.704753 0.354818 0.705667 0.355469 0.706581 0.355469 0.707495 0.355469 0.708410 0.354818 0.709324 0.354167 0.710238 0.353516 0.711152 0.353516 0.712066 0.352865 0.712980 0.353516 0.713894 0.353516 0.714808 0.353516 0.715722 0.354167 0.716636 0.354818 0.717550 0.355469 0.718464 0.356120 0.717550 0.356771 0.717550 0.357422 0.716636 0.357422 0.715722 0.357422 0.714808 0.358073 0.713894 0.357422 0.712980 0.358073 0.712066 0.358724 0.711152 0.358724 0.710238 0.358724 0.709324 0.358724 0.708410 0.358724 0.707495 0.358073 0.706581 0.357422 0.705667 0.357422 0.704753 0.357422 0.703839 0.358073 0.702925 0.358073 0.702011 0.358724 0.701097 0.358724 0.700183 0.359375 0.699269 0.360026 0.698355 0.360677 0.698355 0.361328 0.698355 0.361979 0.698355 0.362630 0.699269 0.363281 0.698355 0.363932 0.698355 0.364583 0.698355 0.365234 0.698355 0.365885 0.698355 0.366536 0.697441 0.367188 0.697441 0.367839 0.697441 0.368490 0.697441 0.369141 0.698355 0.369792 0.699269 0.370443 0.699269 0.371094 0.700183 0.371745 0.701097 0.372396 0.700183 0.372396 0.699269 0.373047 0.698355 0.373047 0.697441 0.373047 0.696527 0.373698 0.695612 0.373047 0.694698 0.373047 0.693784 0.372396 0.692870 0.372396 0.691956 0.371745 0.691956 0.371094 0.691042 0.370443 0.690128 0.369792 0.689214 0.369141 0.688300 0.368490 0.687386 0.368490 0.686472 0.368490 0.685558 0.368490 0.684644 0.367839 0.683729 0.368490 0.682815 0.368490 0.681901 0.367839 0.680987 0.367839 0.680073 0.367839 0.679159 0.367839 0.678245 0.367188 0.677331 0.367188 0.676417 0.367188 0.675503 0.367188 0.674589 0.366536 0.673675 0.366536 0.672761 0.366536 0.671846 0.365885 0.670932 0.365885 0.670018 0.365234 0.670018 0.364583 0.669104 0.363932 0.668190 0.363281 0.667276 0.362630 0.667276 0.361979 0.667276 0.361328 0.667276 0.360677 0.667276 0.360026 0.667276 0.359375 0.667276
0 0.175781 0.667276 0.175130 0.668190 0.174479 0.668190 0.173828 0.668190 0.173177 0.668190 0.172526 0.669104 0.171875 0.669104 0.171224 0.669104 0.170573 0.670018 0.169922 0.670932 0.169922 0.671846 0.169271 0.672761 0.168620 0.673675 0.167969 0.674589 0.167318 0.675503 0.166667 0.676417 0.166667 0.677331 0.166667 0.678245 0.166016 0.679159 0.166016 0.680073 0.166016 0.680987 0.166016 0.681901 0.166016 0.682815 0.166016 0.683729 0.166667 0.684644 0.166667 0.685558 0.167318 0.686472 0.166667 0.687386 0.167318 0.688300 0.167969 0.689214 0.168620 0.690128 0.168620 0.691042 0.169271 0.691956 0.169271 0.692870 0.169271 0.693784 0.169922 0.693784 0.170573 0.694698 0.171224 0.694698 0.171875 0.694698 0.172526 0.694698 0.173177 0.694698 0.173828 0.695612 0.174479 0.696527 0.173828 0.697441 0.173177 0.698355 0.172526 0.698355 0.171875 0.699269 0.171224 0.700183 0.171224 0.701097 0.170573 0.702011 0.170573 0.702925 0.171224 0.703839 0.171224 0.704753 0.171224 0.705667 0.171875 0.705667 0.172526 0.706581 0.173177 0.707495 0.173828 0.707495 0.174479 0.706581 0.175130 0.706581 0.175781 0.706581 0.176432 0.705667 0.177083 0.704753 0.177083 0.703839 0.177083 0.702925 0.177083 0.702011 0.177734 0.701097 0.177734 0.700183 0.177083 0.699269 0.177734 0.698355 0.177734 0.697441 0.178385 0.696527 0.179036 0.695612 0.179688 0.695612 0.179688 0.694698 0.179036 0.693784 0.179688 0.692870 0.179688 0.691956 0.179688 0.691042 0.179688 0.690128 0.179688 0.689214 0.180339 0.688300 0.180990 0.687386 0.180990 0.686472 0.181641 0.685558 0.182292 0.684644 0.182292 0.683729 0.182292 0.682815 0.182292 0.681901 0.182943 0.680987 0.182943 0.680073 0.182943 0.679159 0.182943 0.678245 0.182292 0.677331 0.182292 0.676417 0.182292 0.675503 0.182292 0.674589 0.181641 0.673675 0.180990 0.672761 0.181641 0.671846 0.180990 0.670932 0.180339 0.670018 0.179688 0.669104 0.179036 0.668190 0.178385 0.668190 0.177734 0.668190 0.177083 0.667276 0.176432 0.667276
0 0.917969 0.665448 0.917318 0.666362 0.916667 0.666362 0.916016 0.666362 0.915365 0.666362 0.914714 0.666362 0.914062 0.667276 0.913411 0.667276 0.912760 0.668190 0.912109 0.669104 0.911458 0.669104 0.911458 0.670018 0.910807 0.670932 0.910807 0.671846 0.910156 0.672761 0.910156 0.673675 0.910156 0.674589 0.910156 0.675503 0.910156 0.676417 0.910807 0.677331 0.910807 0.678245 0.910807 0.679159 0.911458 0.680073 0.911458 0.680987 0.912109 0.681901 0.912109 0.682815 0.912109 0.683729 0.912109 0.684644 0.912109 0.685558 0.911458 0.686472 0.912109 0.687386 0.912109 0.688300 0.912760 0.689214 0.912760 0.690128 0.912760 0.691042 0.913411 0.691956 0.913411 0.692870 0.914062 0.692870 0.914714 0.693784 0.915365 0.694698 0.916016 0.694698 0.916667 0.694698 0.917318 0.694698 0.917969 0.695612 0.918620 0.695612 0.919271 0.695612 0.919922 0.695612 0.920573 0.695612 0.921224 0.694698 0.921875 0.694698 0.922526 0.693784 0.923177 0.693784 0.923828 0.692870 0.924479 0.692870 0.925130 0.691956 0.925781 0.692870 0.926432 0.693784 0.925781 0.694698 0.925781 0.695612 0.925781 0.696527 0.925781 0.697441 0.925781 0.698355 0.925781 0.699269 0.925130 0.700183 0.924479 0.701097 0.924479 0.702011 0.923828 0.702925 0.923177 0.703839 0.922526 0.703839 0.921875 0.704753 0.921224 0.705667 0.921224 0.706581 0.920573 0.707495 0.920573 0.708410 0.920573 0.709324 0.920573 0.710238 0.919922 0.711152 0.920573 0.712066 0.920573 0.712980 0.921224 0.713894 0.921875 0.714808 0.922526 0.715722 0.923177 0.716636 0.923828 0.717550 0.924479 0.718464 0.924479 0.719378 0.924479 0.720293 0.924479 0.721207 0.925130 0.722121 0.925130 0.723035 0.925781 0.723949 0.925781 0.724863 0.926432 0.725777 0.926432 0.726691 0.927083 0.727605 0.927734 0.728519 0.928385 0.728519 0.929036 0.728519 0.929688 0.728519 0.930339 0.729433 0.930990 0.728519 0.931641 0.729433 0.932292 0.728519 0.932943 0.728519 0.932943 0.727605 0.933594 0.726691 0.934245 0.725777 0.934245 0.724863 0.934896 0.723949 0.934245 0.723035 0.934896 0.722121 0.934896 0.721207 0.934245 0.721207 0.933594 0.720293 0.932943 0.719378 0.932292 0.719378 0.931641 0.718464 0.930990 0.719378 0.930339 0.718464 0.929688 0.718464 0.929036 0.718464 0.928385 0.717550 0.927734 0.716636 0.927734 0.715722 0.928385 0.714808 0.929036 0.713894 0.929688 0.713894 0.930339 0.713894 0.930990 0.713894 0.931641 0.714808 0.932292 0.714808 0.932943 0.714808 0.933594 0.714808 0.934245 0.714808 0.934896 0.714808 0.935547 0.715722 0.936198 0.715722 0.936849 0.715722 0.937500 0.714808 0.938151 0.714808 0.938802 0.713894 0.939453 0.712980 0.940104 0.712066 0.940755 0.711152 0.940755 0.710238 0.941406 0.709324 0.942057 0.708410 0.942057 0.707495 0.942708 0.706581 0.942708 0.705667 0.942708 0.704753 0.943359 0.703839 0.943359 0.702925 0.943359 0.702011 0.943359 0.701097 0.944010 0.700183 0.944010 0.699269 0.944010 0.698355 0.944010 0.697441 0.944010 0.696527 0.944010 0.695612 0.943359 0.694698 0.943359 0.693784 0.943359 0.692870 0.942708 0.691956 0.943359 0.691042 0.944010 0.690128 0.943359 0.689214 0.944010 0.688300 0.943359 0.687386 0.944010 0.686472 0.944661 0.685558 0.944010 0.684644 0.944010 0.683729 0.944010 0.682815 0.944010 0.681901 0.944010 0.680987 0.943359 0.680073 0.944010 0.679159 0.943359 0.678245 0.942708 0.677331 0.942057 0.676417 0.941406 0.675503 0.940755 0.674589 0.940104 0.674589 0.939453 0.674589 0.938802 0.674589 0.938151 0.674589 0.937500 0.673675 0.936849 0.674589 0.936198 0.674589 0.935547 0.674589 0.934896 0.675503 0.934245 0.676417 0.933594 0.677331 0.932943 0.678245 0.932292 0.679159 0.932292 0.680073 0.932292 0.680987 0.931641 0.681901 0.930990 0.682815 0.930990 0.683729 0.930339 0.684644 0.929688 0.685558 0.929688 0.686472 0.929036 0.687386 0.928385 0.688300 0.927734 0.689214 0.927083 0.690128 0.926432 0.690128 0.925781 0.689214 0.925130 0.688300 0.925130 0.687386 0.925130 0.686472 0.925130 0.685558 0.925781 0.684644 0.925781 0.683729 0.925130 0.682815 0.925781 0.681901 0.925781 0.680987 0.925781 0.680073 0.925130 0.679159 0.925130 0.678245 0.925130 0.677331 0.924479 0.676417 0.924479 0.675503 0.924479 0.674589 0.923828 0.673675 0.923177 0.672761 0.923177 0.671846 0.922526 0.670932 0.921875 0.670018 0.921875 0.669104 0.921224 0.668190 0.920573 0.667276 0.919922 0.666362 0.919271 0.667276 0.918620 0.666362
0 0.587240 0.663620 0.586589 0.664534 0.585938 0.664534 0.585286 0.664534 0.584635 0.665448 0.583984 0.666362 0.583333 0.667276 0.583333 0.668190 0.583333 0.669104 0.582682 0.670018 0.582682 0.670932 0.582031 0.671846 0.582682 0.672761 0.582682 0.673675 0.582682 0.674589 0.582682 0.675503 0.582682 0.676417 0.582682 0.677331 0.583333 0.678245 0.583333 0.679159 0.583984 0.680073 0.584635 0.680987 0.585286 0.681901 0.585286 0.682815 0.585938 0.682815 0.586589 0.683729 0.587240 0.684644 0.587891 0.683729 0.588542 0.683729 0.589193 0.683729 0.589844 0.683729 0.590495 0.683729 0.591146 0.684644 0.591797 0.684644 0.592448 0.684644 0.593099 0.684644 0.593750 0.684644 0.594401 0.684644 0.595052 0.685558 0.595703 0.686472 0.596354 0.685558 0.597005 0.686472 0.597656 0.686472 0.598307 0.686472 0.598958 0.686472 0.599609 0.685558 0.600260 0.685558 0.600911 0.684644 0.601562 0.684644 0.602214 0.684644 0.602865 0.684644 0.603516 0.684644 0.604167 0.683729 0.604818 0.684644 0.605469 0.683729 0.606120 0.682815 0.606771 0.681901 0.607422 0.681901 0.606771 0.680987 0.606771 0.680073 0.606771 0.679159 0.606771 0.678245 0.606120 0.677331 0.606120 0.676417 0.605469 0.675503 0.604818 0.674589 0.604167 0.673675 0.603516 0.674589 0.602865 0.674589 0.602214 0.673675 0.601562 0.674589 0.600911 0.674589 0.600260 0.674589 0.599609 0.674589 0.598958 0.674589 0.598307 0.674589 0.597656 0.674589 0.597005 0.674589 0.596354 0.673675 0.595703 0.674589 0.595052 0.673675 0.594401 0.673675 0.593750 0.673675 0.593099 0.673675 0.592448 0.674589 0.591797 0.673675 0.591146 0.672761 0.590495 0.671846 0.589844 0.670932 0.589844 0.670018 0.589844 0.669104 0.589844 0.668190 0.589193 0.667276 0.589193 0.666362 0.588542 0.665448 0.589193 0.664534 0.588542 0.664534 0.587891 0.663620
0 0.025391 0.660878 0.024740 0.661792 0.024089 0.661792 0.024089 0.662706 0.023438 0.663620 0.022786 0.664534 0.022135 0.665448 0.022135 0.666362 0.022786 0.667276 0.022135 0.668190 0.022786 0.669104 0.022786 0.670018 0.022786 0.670932 0.022786 0.671846 0.023438 0.672761 0.023438 0.673675 0.023438 0.674589 0.023438 0.675503 0.023438 0.676417 0.023438 0.677331 0.023438 0.678245 0.024089 0.679159 0.024089 0.680073 0.024089 0.680987 0.024740 0.681901 0.024740 0.682815 0.024089 0.683729 0.024089 0.684644 0.023438 0.685558 0.022786 0.686472 0.022135 0.685558 0.021484 0.685558 0.020833 0.686472 0.020182 0.687386 0.019531 0.687386 0.019531 0.688300 0.019531 0.689214 0.020182 0.690128 0.019531 0.691042 0.020182 0.691956 0.020182 0.692870 0.020833 0.693784 0.021484 0.694698 0.021484 0.695612 0.021484 0.696527 0.020833 0.697441 0.021484 0.698355 0.020833 0.699269 0.020833 0.700183 0.020182 0.701097 0.019531 0.702011 0.020182 0.702925 0.020833 0.703839 0.021484 0.704753 0.022135 0.705667 0.022786 0.706581 0.023438 0.705667 0.024089 0.706581 0.024740 0.706581 0.025391 0.705667 0.026042 0.706581 0.026042 0.705667 0.026693 0.704753 0.027344 0.703839 0.027344 0.702925 0.027995 0.702011 0.027995 0.701097 0.027344 0.700183 0.027344 0.699269 0.027995 0.698355 0.027995 0.697441 0.027995 0.696527 0.027995 0.695612 0.027344 0.695612 0.026693 0.694698 0.026042 0.693784 0.026042 0.692870 0.025391 0.691956 0.025391 0.691042 0.025391 0.690128 0.024740 0.689214 0.024740 0.688300 0.025391 0.687386 0.026042 0.686472 0.026693 0.686472 0.027344 0.686472 0.027995 0.686472 0.028646 0.686472 0.029297 0.685558 0.029297 0.684644 0.029297 0.683729 0.029948 0.682815 0.029948 0.681901 0.029948 0.680987 0.029948 0.680073 0.029948 0.679159 0.029948 0.678245 0.029948 0.677331 0.029948 0.676417 0.029948 0.675503 0.029948 0.674589 0.029948 0.673675 0.029948 0.672761 0.029948 0.671846 0.029948 0.670932 0.029297 0.670018 0.029297 0.669104 0.029297 0.668190 0.028646 0.667276 0.028646 0.666362 0.028646 0.665448 0.027995 0.664534 0.027995 0.663620 0.027995 0.662706 0.027344 0.661792 0.026693 0.661792 0.026042 0.660878
0 0.957682 0.659963 0.957031 0.660878 0.956380 0.661792 0.955729 0.661792 0.955078 0.662706 0.954427 0.662706 0.953776 0.662706 0.953125 0.663620 0.952474 0.662706 0.952474 0.663620 0.951823 0.664534 0.951172 0.665448 0.950521 0.666362 0.949870 0.666362 0.950521 0.667276 0.949870 0.668190 0.950521 0.669104 0.949870 0.670018 0.950521 0.670932 0.950521 0.671846 0.951172 0.672761 0.951823 0.673675 0.951823 0.674589 0.952474 0.675503 0.951823 0.676417 0.952474 0.676417 0.953125 0.677331 0.953776 0.678245 0.953776 0.679159 0.954427 0.680073 0.954427 0.680987 0.955078 0.680987 0.955729 0.680987 0.956380 0.680987 0.957031 0.680987 0.957682 0.680987 0.958333 0.680073 0.958984 0.679159 0.959635 0.678245 0.960286 0.677331 0.960938 0.676417 0.960938 0.675503 0.960938 0.674589 0.960938 0.673675 0.961589 0.672761 0.962240 0.671846 0.962891 0.670932 0.963542 0.670018 0.964193 0.669104 0.964844 0.668190 0.965495 0.667276 0.966146 0.666362 0.965495 0.665448 0.965495 0.664534 0.965495 0.663620 0.965495 0.662706 0.964844 0.662706 0.964193 0.661792 0.963542 0.661792 0.962891 0.662706 0.962240 0.661792 0.961589 0.661792 0.960938 0.660878 0.960286 0.661792 0.959635 0.660878 0.958984 0.660878 0.958333 0.660878
0 0.733073 0.659963 0.732422 0.660878 0.732422 0.661792 0.731771 0.662706 0.731120 0.663620 0.731120 0.664534 0.731120 0.665448 0.730469 0.666362 0.731120 0.667276 0.731120 0.668190 0.731120 0.669104 0.731771 0.670018 0.732422 0.670932 0.733073 0.670932 0.733724 0.671846 0.734375 0.672761 0.733724 0.673675 0.733724 0.674589 0.733724 0.675503 0.733724 0.676417 0.733724 0.677331 0.733724 0.678245 0.733724 0.679159 0.733724 0.680073 0.733724 0.680987 0.733073 0.681901 0.733073 0.682815 0.732422 0.683729 0.731771 0.684644 0.731771 0.685558 0.731771 0.686472 0.731771 0.687386 0.731771 0.688300 0.731771 0.689214 0.732422 0.690128 0.732422 0.691042 0.732422 0.691956 0.733073 0.692870 0.732422 0.693784 0.733073 0.693784 0.733724 0.694698 0.734375 0.694698 0.735026 0.694698 0.735677 0.695612 0.736328 0.695612 0.736979 0.694698 0.737630 0.694698 0.738281 0.694698 0.738932 0.694698 0.739583 0.695612 0.740234 0.696527 0.740885 0.696527 0.741536 0.696527 0.742188 0.696527 0.742839 0.695612 0.743490 0.694698 0.744141 0.694698 0.744792 0.695612 0.745443 0.696527 0.746094 0.697441 0.746745 0.698355 0.747396 0.698355 0.748047 0.699269 0.748698 0.699269 0.749349 0.700183 0.750000 0.700183 0.750651 0.699269 0.750651 0.698355 0.750651 0.697441 0.750651 0.696527 0.750651 0.695612 0.750651 0.694698 0.750651 0.693784 0.750651 0.692870 0.750651 0.691956 0.751302 0.691042 0.751953 0.690128 0.752604 0.691042 0.753255 0.691956 0.753906 0.692870 0.753906 0.693784 0.753906 0.694698 0.754557 0.695612 0.755208 0.695612 0.755859 0.696527 0.756510 0.695612 0.757161 0.695612 0.757812 0.694698 0.758464 0.694698 0.759115 0.693784 0.759766 0.693784 0.760417 0.692870 0.761068 0.693784 0.761719 0.694698 0.761719 0.695612 0.761719 0.696527 0.761719 0.697441 0.761719 0.698355 0.762370 0.699269 0.763021 0.700183 0.763672 0.700183 0.764323 0.701097 0.764974 0.701097 0.765625 0.701097 0.766276 0.700183 0.766927 0.701097 0.767578 0.701097 0.768229 0.700183 0.768880 0.699269 0.769531 0.699269 0.769531 0.698355 0.769531 0.697441 0.769531 0.696527 0.769531 0.695612 0.769531 0.694698 0.769531 0.693784 0.768880 0.692870 0.768880 0.691956 0.768880 0.691042 0.768880 0.690128 0.768229 0.690128 0.767578 0.690128 0.766927 0.689214 0.766276 0.689214 0.765625 0.690128 0.764974 0.690128 0.764323 0.690128 0.763672 0.689214 0.763021 0.688300 0.763021 0.687386 0.762370 0.686472 0.762370 0.685558 0.761719 0.685558 0.761068 0.685558 0.760417 0.684644 0.759766 0.683729 0.759115 0.682815 0.758464 0.681901 0.759115 0.680987 0.759115 0.680073 0.759115 0.679159 0.759115 0.678245 0.759115 0.677331 0.759766 0.676417 0.759115 0.675503 0.759115 0.674589 0.759115 0.673675 0.759766 0.672761 0.759115 0.671846 0.758464 0.670932 0.758464 0.670018 0.758464 0.669104 0.758464 0.668190 0.757812 0.667276 0.757161 0.666362 0.756510 0.666362 0.755859 0.666362 0.755208 0.666362 0.754557 0.665448 0.753906 0.665448 0.753255 0.666362 0.752604 0.666362 0.752604 0.667276 0.751953 0.668190 0.751302 0.669104 0.751953 0.670018 0.751953 0.670932 0.751953 0.671846 0.751302 0.672761 0.751302 0.673675 0.751302 0.674589 0.750651 0.675503 0.750651 0.676417 0.750000 0.677331 0.750000 0.678245 0.750000 0.679159 0.749349 0.680073 0.748698 0.680987 0.748698 0.681901 0.749349 0.682815 0.748698 0.683729 0.748698 0.684644 0.748047 0.685558 0.747396 0.686472 0.746745 0.686472 0.746094 0.687386 0.745443 0.687386 0.744792 0.688300 0.744792 0.689214 0.744141 0.690128 0.743490 0.691042 0.742839 0.691956 0.742188 0.691956 0.741536 0.691042 0.740885 0.690128 0.740885 0.689214 0.740885 0.688300 0.740885 0.687386 0.740885 0.686472 0.741536 0.685558 0.742188 0.684644 0.742188 0.683729 0.742188 0.682815 0.741536 0.681901 0.742188 0.680987 0.742188 0.680073 0.742188 0.679159 0.742839 0.678245 0.742839 0.677331 0.742839 0.676417 0.743490 0.675503 0.743490 0.674589 0.743490 0.673675 0.743490 0.672761 0.744141 0.671846 0.744792 0.670932 0.744141 0.670018 0.744141 0.669104 0.744141 0.668190 0.743490 0.668190 0.742839 0.667276 0.742188 0.666362 0.741536 0.667276 0.740885 0.667276 0.740234 0.668190 0.739583 0.669104 0.738932 0.670018 0.738281 0.670018 0.737630 0.670018 0.736979 0.670932 0.736328 0.670932 0.735677 0.671846 0.735026 0.670932 0.734375 0.670018 0.734375 0.669104 0.734375 0.668190 0.735026 0.667276 0.735026 0.666362 0.735026 0.665448 0.735677 0.664534 0.735677 0.663620 0.735677 0.662706 0.735677 0.661792 0.735677 0.660878 0.735677 0.659963 0.735026 0.659963 0.734375 0.659963 0.733724 0.659963
0 0.559896 0.659963 0.559245 0.660878 0.558594 0.661792 0.558594 0.662706 0.558594 0.663620 0.558594 0.664534 0.557943 0.665448 0.557943 0.666362 0.557943 0.667276 0.557943 0.668190 0.557292 0.669104 0.557943 0.670018 0.558594 0.670932 0.558594 0.671846 0.559245 0.670932 0.559896 0.670932 0.560547 0.670018 0.561198 0.669104 0.561849 0.668190 0.562500 0.667276 0.563151 0.667276 0.563151 0.666362 0.563151 0.665448 0.563151 0.664534 0.563802 0.663620 0.563802 0.662706 0.563802 0.661792 0.563151 0.660878 0.562500 0.659963 0.561849 0.659963 0.561198 0.660878 0.560547 0.659963
0 0.681641 0.659049 0.680990 0.659963 0.680339 0.659963 0.679688 0.660878 0.679036 0.661792 0.678385 0.662706 0.677734 0.663620 0.677083 0.664534 0.676432 0.664534 0.676432 0.665448 0.675781 0.666362 0.675781 0.667276 0.675130 0.668190 0.674479 0.669104 0.674479 0.670018 0.673828 0.670932 0.673828 0.671846 0.673828 0.672761 0.673828 0.673675 0.673828 0.674589 0.673828 0.675503 0.673828 0.676417 0.673828 0.677331 0.673828 0.678245 0.674479 0.679159 0.674479 0.680073 0.674479 0.680987 0.674479 0.681901 0.675130 0.682815 0.675130 0.683729 0.675130 0.684644 0.675781 0.685558 0.676432 0.686472 0.677083 0.686472 0.677734 0.687386 0.678385 0.687386 0.679036 0.686472 0.679688 0.686472 0.680339 0.686472 0.680990 0.686472 0.681641 0.686472 0.682292 0.687386 0.682943 0.688300 0.682943 0.689214 0.682943 0.690128 0.682943 0.691042 0.682943 0.691956 0.682943 0.692870 0.682943 0.693784 0.683594 0.694698 0.683594 0.695612 0.683594 0.696527 0.683594 0.697441 0.682943 0.698355 0.682292 0.699269 0.681641 0.699269 0.681641 0.700183 0.680990 0.701097 0.680990 0.702011 0.681641 0.702925 0.681641 0.703839 0.682292 0.704753 0.682943 0.704753 0.683594 0.705667 0.684245 0.705667 0.684896 0.704753 0.685547 0.704753 0.686198 0.704753 0.686849 0.703839 0.687500 0.702925 0.687500 0.702011 0.688151 0.701097 0.688151 0.700183 0.688802 0.699269 0.688802 0.698355 0.688802 0.697441 0.688151 0.696527 0.687500 0.695612 0.686849 0.694698 0.686198 0.693784 0.686198 0.692870 0.686198 0.691956 0.686198 0.691042 0.686198 0.690128 0.685547 0.689214 0.685547 0.688300 0.685547 0.687386 0.685547 0.686472 0.685547 0.685558 0.686198 0.684644 0.686198 0.683729 0.686849 0.682815 0.687500 0.681901 0.688151 0.680987 0.688151 0.680073 0.688802 0.679159 0.689453 0.678245 0.689453 0.677331 0.690104 0.676417 0.690104 0.675503 0.690104 0.674589 0.690755 0.673675 0.690755 0.672761 0.690755 0.671846 0.690755 0.670932 0.690755 0.670018 0.691406 0.669104 0.690755 0.668190 0.690755 0.667276 0.690104 0.666362 0.689453 0.665448 0.690104 0.664534 0.689453 0.663620 0.688802 0.662706 0.688802 0.661792 0.688151 0.661792 0.687500 0.660878 0.686849 0.659963 0.686198 0.659049 0.685547 0.659049 0.684896 0.659049 0.684245 0.659049 0.683594 0.659049 0.682943 0.659049 0.682292 0.659049
0 0.045573 0.659049 0.044922 0.659963 0.044271 0.660878 0.043620 0.660878 0.042969 0.660878 0.042318 0.660878 0.041667 0.659963 0.041016 0.660878 0.040365 0.660878 0.039714 0.661792 0.039062 0.661792 0.038411 0.662706 0.037760 0.663620 0.037109 0.664534 0.037109 0.665448 0.037109 0.666362 0.036458 0.667276 0.036458 0.668190 0.035807 0.669104 0.035807 0.670018 0.035807 0.670932 0.035156 0.671846 0.035807 0.672761 0.035807 0.673675 0.035156 0.674589 0.035156 0.675503 0.035156 0.676417 0.034505 0.677331 0.034505 0.678245 0.035156 0.679159 0.034505 0.680073 0.034505 0.680987 0.034505 0.681901 0.034505 0.682815 0.034505 0.683729 0.035156 0.684644 0.034505 0.685558 0.035156 0.686472 0.035156 0.687386 0.035156 0.688300 0.035807 0.689214 0.036458 0.690128 0.037109 0.691042 0.037760 0.691042 0.038411 0.690128 0.039062 0.691042 0.039714 0.691956 0.040365 0.692870 0.041016 0.693784 0.041016 0.694698 0.041016 0.695612 0.041016 0.696527 0.041016 0.697441 0.041016 0.698355 0.041667 0.699269 0.041016 0.700183 0.041667 0.701097 0.041667 0.702011 0.042318 0.702925 0.042969 0.703839 0.043620 0.704753 0.044271 0.704753 0.044922 0.705667 0.045573 0.705667 0.046224 0.705667 0.046875 0.706581 0.047526 0.706581 0.048177 0.705667 0.048828 0.705667 0.049479 0.706581 0.050130 0.705667 0.050781 0.706581 0.051432 0.707495 0.052083 0.707495 0.052734 0.708410 0.053385 0.708410 0.054036 0.708410 0.054688 0.708410 0.055339 0.709324 0.055990 0.709324 0.056641 0.710238 0.057292 0.709324 0.057943 0.710238 0.058594 0.711152 0.059245 0.710238 0.059896 0.710238 0.060547 0.710238 0.061198 0.709324 0.061849 0.710238 0.062500 0.710238 0.063151 0.710238 0.063802 0.711152 0.064453 0.712066 0.065104 0.712066 0.065755 0.712066 0.066406 0.711152 0.067057 0.711152 0.067708 0.710238 0.068359 0.709324 0.069010 0.709324 0.069661 0.709324 0.070312 0.710238 0.070964 0.711152 0.070964 0.712066 0.071615 0.712980 0.072266 0.712980 0.072917 0.713894 0.073568 0.714808 0.074219 0.714808 0.074870 0.713894 0.075521 0.713894 0.076172 0.713894 0.076823 0.713894 0.077474 0.713894 0.078125 0.712980 0.078776 0.712066 0.079427 0.711152 0.079427 0.710238 0.080078 0.709324 0.080078 0.708410 0.080078 0.707495 0.080729 0.706581 0.080729 0.705667 0.080078 0.704753 0.080078 0.703839 0.079427 0.702925 0.079427 0.702011 0.078776 0.701097 0.078125 0.701097 0.077474 0.700183 0.076823 0.700183 0.076172 0.699269 0.075521 0.699269 0.074870 0.699269 0.074219 0.699269 0.073568 0.699269 0.072917 0.700183 0.072266 0.700183 0.071615 0.701097 0.070964 0.702011 0.070312 0.702011 0.069661 0.702925 0.069010 0.703839 0.068359 0.703839 0.067708 0.702925 0.067057 0.702011 0.066406 0.702011 0.065755 0.701097 0.065104 0.701097 0.064453 0.700183 0.063802 0.700183 0.063151 0.699269 0.062500 0.700183 0.061849 0.699269 0.061198 0.699269 0.060547 0.699269 0.059896 0.698355 0.059245 0.698355 0.058594 0.698355 0.057943 0.699269 0.057292 0.699269 0.056641 0.700183 0.055990 0.701097 0.055339 0.702011 0.054688 0.702011 0.054036 0.702925 0.053385 0.702925 0.052734 0.702011 0.052083 0.701097 0.052083 0.700183 0.052083 0.699269 0.052734 0.698355 0.053385 0.697441 0.054036 0.696527 0.054036 0.695612 0.054688 0.694698 0.055339 0.693784 0.055990 0.694698 0.056641 0.693784 0.057292 0.692870 0.057943 0.692870 0.057943 0.691956 0.057943 0.691042 0.057292 0.690128 0.056641 0.689214 0.055990 0.688300 0.055990 0.687386 0.055339 0.686472 0.055339 0.685558 0.055339 0.684644 0.055339 0.683729 0.055339 0.682815 0.055339 0.681901 0.055339 0.680987 0.055339 0.680073 0.055339 0.679159 0.054688 0.678245 0.054688 0.677331 0.054688 0.676417 0.054688 0.675503 0.054688 0.674589 0.054688 0.673675 0.054688 0.672761 0.054688 0.671846 0.054036 0.670932 0.054036 0.670018 0.053385 0.669104 0.053385 0.668190 0.052734 0.667276 0.052083 0.667276 0.051432 0.666362 0.050781 0.666362 0.050130 0.665448 0.049479 0.665448 0.048828 0.664534 0.048177 0.663620 0.047526 0.662706 0.047526 0.661792 0.047526 0.660878 0.047526 0.659963 0.046875 0.659049 0.046224 0.659963
0 0.984375 0.655393 0.983724 0.656307 0.983724 0.657221 0.983073 0.658135 0.983073 0.659049 0.983073 0.659963 0.983073 0.660878 0.983724 0.661792 0.983724 0.662706 0.983724 0.663620 0.983724 0.664534 0.983073 0.665448 0.983073 0.666362 0.983073 0.667276 0.982422 0.668190 0.981771 0.669104 0.981771 0.670018 0.981120 0.670932 0.981120 0.671846 0.981120 0.672761 0.981771 0.673675 0.981120 0.674589 0.981120 0.675503 0.981120 0.676417 0.981771 0.677331 0.981771 0.678245 0.981771 0.679159 0.981771 0.680073 0.982422 0.680987 0.982422 0.681901 0.982422 0.682815 0.983073 0.683729 0.983073 0.684644 0.983724 0.685558 0.984375 0.685558 0.985026 0.685558 0.985677 0.686472 0.986328 0.686472 0.986979 0.687386 0.987630 0.687386 0.988281 0.686472 0.988932 0.686472 0.989583 0.686472 0.990234 0.685558 0.990885 0.685558 0.991536 0.684644 0.992188 0.683729 0.992839 0.683729 0.993490 0.682815 0.994141 0.681901 0.994792 0.680987 0.995443 0.680073 0.995443 0.679159 0.996094 0.678245 0.996094 0.677331 0.996745 0.676417 0.996745 0.675503 0.996745 0.674589 0.997396 0.673675 0.996745 0.672761 0.996745 0.671846 0.997396 0.670932 0.997396 0.670018 0.997396 0.669104 0.998047 0.668190 0.998698 0.667276 0.998698 0.666362 0.998698 0.665448 0.998698 0.664534 0.998698 0.663620 0.998698 0.662706 0.998698 0.661792 0.998698 0.660878 0.998698 0.659963 0.998698 0.659049 0.998698 0.658135 0.998047 0.658135 0.997396 0.658135 0.996745 0.657221 0.996094 0.657221 0.995443 0.657221 0.994792 0.657221 0.994141 0.658135 0.993490 0.658135 0.992839 0.659049 0.992188 0.659963 0.992188 0.660878 0.991536 0.661792 0.991536 0.662706 0.990885 0.663620 0.990234 0.664534 0.989583 0.665448 0.988932 0.666362 0.988281 0.665448 0.987630 0.664534 0.986979 0.663620 0.986979 0.662706 0.986328 0.661792 0.986328 0.660878 0.986328 0.659963 0.985677 0.659049 0.985677 0.658135 0.985677 0.657221 0.985026 0.656307
0 0.792318 0.652651 0.791667 0.653565 0.791016 0.654479 0.790365 0.655393 0.789714 0.655393 0.789062 0.656307 0.789062 0.657221 0.788411 0.658135 0.787760 0.659049 0.787760 0.659963 0.787109 0.660878 0.787109 0.661792 0.787109 0.662706 0.787109 0.663620 0.787109 0.664534 0.787109 0.665448 0.787109 0.666362 0.787109 0.667276 0.787109 0.668190 0.787109 0.669104 0.787109 0.670018 0.787109 0.670932 0.787760 0.671846 0.787109 0.672761 0.787109 0.673675 0.787109 0.674589 0.786458 0.675503 0.787109 0.676417 0.787109 0.677331 0.786458 0.678245 0.786458 0.679159 0.786458 0.680073 0.787109 0.680987 0.787109 0.681901 0.787760 0.682815 0.787760 0.683729 0.788411 0.684644 0.789062 0.685558 0.789714 0.685558 0.790365 0.686472 0.791016 0.687386 0.791667 0.688300 0.792318 0.689214 0.792969 0.689214 0.793620 0.689214 0.794271 0.689214 0.794922 0.689214 0.795573 0.689214 0.796224 0.689214 0.796875 0.689214 0.797526 0.688300 0.798177 0.688300 0.798828 0.689214 0.799479 0.690128 0.799479 0.691042 0.799479 0.691956 0.798828 0.692870 0.798177 0.693784 0.797526 0.694698 0.796875 0.695612 0.796875 0.696527 0.796875 0.697441 0.797526 0.698355 0.798177 0.699269 0.798828 0.700183 0.799479 0.701097 0.800130 0.701097 0.800781 0.702011 0.801432 0.702011 0.802083 0.702011 0.802734 0.702925 0.803385 0.702011 0.804036 0.701097 0.804036 0.700183 0.804036 0.699269 0.804688 0.698355 0.804688 0.697441 0.804688 0.696527 0.804688 0.695612 0.804688 0.694698 0.804688 0.693784 0.804036 0.692870 0.804036 0.691956 0.804036 0.691042 0.804036 0.690128 0.804036 0.689214 0.803385 0.688300 0.804036 0.687386 0.803385 0.686472 0.804036 0.685558 0.804036 0.684644 0.804688 0.683729 0.805339 0.682815 0.805339 0.681901 0.805990 0.680987 0.805990 0.680073 0.805990 0.679159 0.806641 0.678245 0.806641 0.677331 0.806641 0.676417 0.807292 0.675503 0.807292 0.674589 0.807943 0.673675 0.808594 0.672761 0.809245 0.672761 0.809896 0.673675 0.810547 0.673675 0.811198 0.672761 0.811849 0.672761 0.812500 0.671846 0.813151 0.670932 0.813802 0.670932 0.813151 0.670018 0.813151 0.669104 0.812500 0.668190 0.811849 0.667276 0.811198 0.667276 0.810547 0.668190 0.809896 0.668190 0.809245 0.669104 0.808594 0.670018 0.807943 0.670932 0.807292 0.670932 0.806641 0.670018 0.805990 0.669104 0.805339 0.668190 0.805339 0.667276 0.804688 0.666362 0.804688 0.665448 0.804688 0.664534 0.804036 0.663620 0.803385 0.662706 0.803385 0.661792 0.802734 0.661792 0.802083 0.660878 0.801432 0.659963 0.801432 0.659049 0.800781 0.658135 0.800130 0.657221 0.799479 0.656307 0.799479 0.655393 0.798828 0.655393 0.798177 0.654479 0.797526 0.653565 0.796875 0.653565 0.796224 0.652651 0.795573 0.652651 0.794922 0.652651 0.794271 0.652651 0.793620 0.652651 0.792969 0.652651
0 0.292969 0.650823 0.292318 0.651737 0.291667 0.651737 0.291016 0.651737 0.291016 0.652651 0.291016 0.653565 0.290365 0.654479 0.290365 0.655393 0.291016 0.656307 0.291016 0.657221 0.291667 0.658135 0.291667 0.659049 0.292318 0.659963 0.291667 0.660878 0.292318 0.661792 0.291667 0.662706 0.291667 0.663620 0.291667 0.664534 0.291667 0.665448 0.291667 0.666362 0.291667 0.667276 0.291667 0.668190 0.291667 0.669104 0.291667 0.670018 0.291667 0.670932 0.291016 0.671846 0.290365 0.672761 0.289714 0.671846 0.289062 0.671846 0.288411 0.671846 0.287760 0.671846 0.287109 0.671846 0.286458 0.671846 0.285807 0.672761 0.285807 0.673675 0.286458 0.674589 0.285807 0.675503 0.285807 0.676417 0.285807 0.677331 0.286458 0.678245 0.285807 0.679159 0.285807 0.680073 0.285156 0.680987 0.285156 0.681901 0.285156 0.682815 0.285156 0.683729 0.285156 0.684644 0.285807 0.685558 0.285807 0.686472 0.286458 0.687386 0.287109 0.687386 0.287760 0.687386 0.288411 0.687386 0.289062 0.688300 0.289714 0.687386 0.290365 0.687386 0.291016 0.686472 0.291667 0.685558 0.291667 0.684644 0.291667 0.683729 0.291667 0.682815 0.291667 0.681901 0.291667 0.680987 0.292318 0.680073 0.292969 0.679159 0.293620 0.679159 0.294271 0.679159 0.294922 0.679159 0.295573 0.679159 0.296224 0.678245 0.296875 0.677331 0.297526 0.677331 0.298177 0.676417 0.298177 0.675503 0.298177 0.674589 0.298828 0.673675 0.299479 0.672761 0.299479 0.671846 0.299479 0.670932 0.299479 0.670018 0.299479 0.669104 0.299479 0.668190 0.298828 0.667276 0.299479 0.666362 0.300130 0.665448 0.300781 0.664534 0.300781 0.663620 0.301432 0.662706 0.302083 0.661792 0.301432 0.660878 0.301432 0.659963 0.301432 0.659049 0.300781 0.658135 0.300130 0.658135 0.299479 0.659049 0.298828 0.659049 0.298177 0.658135 0.297526 0.657221 0.296875 0.656307 0.296875 0.655393 0.296224 0.654479 0.296224 0.653565 0.295573 0.652651 0.295573 0.651737 0.294922 0.651737 0.294271 0.651737 0.293620 0.651737
0 0.387370 0.642596 0.386719 0.643510 0.386068 0.643510 0.385417 0.643510 0.384766 0.644424 0.384115 0.644424 0.383464 0.645338 0.382812 0.645338 0.382161 0.646252 0.381510 0.647166 0.381510 0.648080 0.381510 0.648995 0.380859 0.649909 0.380859 0.650823 0.380859 0.651737 0.380859 0.652651 0.380859 0.653565 0.380859 0.654479 0.380859 0.655393 0.380859 0.656307 0.380859 0.657221 0.381510 0.658135 0.380859 0.659049 0.381510 0.659963 0.381510 0.660878 0.380859 0.661792 0.380859 0.662706 0.380859 0.663620 0.380859 0.664534 0.381510 0.665448 0.381510 0.666362 0.382161 0.667276 0.382812 0.668190 0.383464 0.669104 0.384115 0.670018 0.384766 0.670932 0.385417 0.671846 0.386068 0.672761 0.386068 0.673675 0.386719 0.674589 0.386068 0.675503 0.386068 0.676417 0.385417 0.677331 0.384766 0.678245 0.384115 0.678245 0.383464 0.678245 0.382812 0.678245 0.382161 0.678245 0.381510 0.678245 0.380859 0.679159 0.380208 0.679159 0.379557 0.679159 0.378906 0.680073 0.378255 0.680987 0.377604 0.681901 0.377604 0.682815 0.376953 0.683729 0.376953 0.684644 0.376302 0.685558 0.376302 0.686472 0.376953 0.687386 0.376953 0.688300 0.376953 0.689214 0.376953 0.690128 0.376953 0.691042 0.376302 0.691956 0.376953 0.692870 0.376302 0.693784 0.376953 0.694698 0.376953 0.695612 0.377604 0.696527 0.377604 0.697441 0.378255 0.696527 0.378906 0.697441 0.379557 0.696527 0.380208 0.695612 0.380859 0.695612 0.381510 0.695612 0.382161 0.695612 0.382812 0.695612 0.383464 0.695612 0.384115 0.696527 0.384766 0.697441 0.385417 0.698355 0.385417 0.699269 0.385417 0.700183 0.384766 0.701097 0.384115 0.702011 0.383464 0.702925 0.382812 0.702925 0.382161 0.702925 0.381510 0.702925 0.380859 0.703839 0.380208 0.704753 0.379557 0.704753 0.379557 0.705667 0.378906 0.706581 0.378906 0.707495 0.378906 0.708410 0.378906 0.709324 0.378255 0.710238 0.378906 0.711152 0.378906 0.712066 0.378906 0.712980 0.379557 0.713894 0.380208 0.714808 0.380859 0.715722 0.381510 0.715722 0.382161 0.715722 0.382812 0.715722 0.383464 0.715722 0.384115 0.714808 0.384766 0.714808 0.385417 0.714808 0.386068 0.713894 0.386068 0.712980 0.386068 0.712066 0.386068 0.711152 0.386719 0.710238 0.386719 0.709324 0.386719 0.708410 0.387370 0.707495 0.387370 0.706581 0.388021 0.705667 0.388021 0.704753 0.388672 0.703839 0.389323 0.702925 0.389323 0.702011 0.389323 0.701097 0.389323 0.700183 0.389974 0.699269 0.390625 0.698355 0.391276 0.697441 0.391927 0.697441 0.392578 0.698355 0.393229 0.699269 0.393880 0.700183 0.393880 0.701097 0.393880 0.702011 0.393880 0.702925 0.394531 0.703839 0.395182 0.704753 0.395182 0.705667 0.395833 0.705667 0.396484 0.706581 0.397135 0.707495 0.397135 0.708410 0.397786 0.707495 0.398438 0.707495 0.398438 0.706581 0.399089 0.705667 0.399740 0.704753 0.400391 0.704753 0.401042 0.705667 0.401693 0.706581 0.401693 0.707495 0.402344 0.708410 0.402995 0.708410 0.403646 0.709324 0.404297 0.709324 0.404948 0.710238 0.405599 0.709324 0.406250 0.709324 0.406901 0.709324 0.407552 0.708410 0.408203 0.707495 0.408854 0.707495 0.409505 0.706581 0.410156 0.705667 0.410807 0.706581 0.411458 0.705667 0.412109 0.705667 0.412760 0.706581 0.413411 0.706581 0.414062 0.706581 0.414714 0.706581 0.415365 0.705667 0.416016 0.706581 0.416667 0.705667 0.417318 0.706581 0.417969 0.705667 0.418620 0.706581 0.419271 0.707495 0.419922 0.708410 0.420573 0.709324 0.421224 0.709324 0.421875 0.710238 0.422526 0.709324 0.423177 0.709324 0.423828 0.708410 0.424479 0.708410 0.425130 0.708410 0.425130 0.707495 0.425781 0.706581 0.425781 0.705667 0.425781 0.704753 0.426432 0.703839 0.427083 0.702925 0.426432 0.702011 0.427083 0.701097 0.427083 0.700183 0.427734 0.699269 0.427734 0.698355 0.427734 0.697441 0.427734 0.696527 0.428385 0.695612 0.428385 0.694698 0.428385 0.693784 0.428385 0.692870 0.428385 0.691956 0.428385 0.691042 0.428385 0.690128 0.428385 0.689214 0.428385 0.688300 0.428385 0.687386 0.428385 0.686472 0.427734 0.685558 0.427734 0.684644 0.427734 0.683729 0.427734 0.682815 0.427734 0.681901 0.427083 0.680987 0.427083 0.680073 0.427083 0.679159 0.427083 0.678245 0.426432 0.677331 0.426432 0.676417 0.425781 0.675503 0.425781 0.674589 0.425781 0.673675 0.426432 0.672761 0.425781 0.671846 0.425130 0.670932 0.425781 0.670018 0.425130 0.669104 0.425130 0.668190 0.424479 0.667276 0.423828 0.666362 0.423177 0.665448 0.422526 0.664534 0.421875 0.664534 0.421224 0.664534 0.420573 0.664534 0.419922 0.664534 0.419271 0.665448 0.418620 0.665448 0.417969 0.666362 0.417318 0.665448 0.416667 0.665448 0.416016 0.665448 0.415365 0.665448 0.414714 0.665448 0.414062 0.665448 0.413411 0.665448 0.412760 0.666362 0.412109 0.666362 0.411458 0.666362 0.410807 0.667276 0.410156 0.668190 0.409505 0.668190 0.408854 0.669104 0.408203 0.669104 0.408854 0.670018 0.408854 0.670932 0.408854 0.671846 0.408854 0.672761 0.408203 0.673675 0.408203 0.674589 0.408854 0.675503 0.408203 0.676417 0.408203 0.677331 0.408203 0.678245 0.408854 0.679159 0.408203 0.680073 0.408854 0.680987 0.408854 0.681901 0.408854 0.682815 0.408203 0.683729 0.408854 0.684644 0.408854 0.685558 0.408203 0.686472 0.408203 0.687386 0.408854 0.688300 0.408854 0.689214 0.408854 0.690128 0.408854 0.691042 0.408854 0.691956 0.408854 0.692870 0.408854 0.693784 0.408854 0.694698 0.408203 0.695612 0.407552 0.696527 0.406901 0.696527 0.406250 0.697441 0.405599 0.697441 0.404948 0.697441 0.404297 0.698355 0.403646 0.699269 0.402995 0.700183 0.402344 0.701097 0.401693 0.700183 0.401042 0.699269 0.401042 0.698355 0.400391 0.697441 0.401042 0.696527 0.401042 0.695612 0.400391 0.695612 0.399740 0.694698 0.399089 0.694698 0.398438 0.694698 0.397786 0.694698 0.397135 0.693784 0.396484 0.694698 0.395833 0.693784 0.395182 0.692870 0.394531 0.691956 0.395182 0.691042 0.395182 0.690128 0.395182 0.689214 0.395833 0.688300 0.395833 0.687386 0.395833 0.686472 0.395833 0.685558 0.395833 0.684644 0.396484 0.683729 0.396484 0.682815 0.395833 0.681901 0.396484 0.680987 0.395833 0.680073 0.396484 0.679159 0.396484 0.678245 0.396484 0.677331 0.396484 0.676417 0.396484 0.675503 0.396484 0.674589 0.396484 0.673675 0.396484 0.672761 0.395833 0.671846 0.395182 0.670932 0.395182 0.670018 0.394531 0.670018 0.393880 0.670018 0.393229 0.670018 0.392578 0.670018 0.391927 0.670018 0.391276 0.669104 0.390625 0.668190 0.389974 0.667276 0.389974 0.666362 0.389974 0.665448 0.389974 0.664534 0.389974 0.663620 0.390625 0.662706 0.390625 0.661792 0.390625 0.660878 0.390625 0.659963 0.390625 0.659049 0.390625 0.658135 0.391276 0.657221 0.391276 0.656307 0.390625 0.655393 0.390625 0.654479 0.390625 0.653565 0.390625 0.652651 0.390625 0.651737 0.390625 0.650823 0.391276 0.649909 0.390625 0.648995 0.389974 0.648080 0.389974 0.647166 0.389974 0.646252 0.389323 0.645338 0.389323 0.644424 0.388672 0.643510 0.388672 0.642596 0.388021 0.643510
0 0.065104 0.642596 0.064453 0.643510 0.063802 0.644424 0.063151 0.645338 0.062500 0.645338 0.061849 0.646252 0.061849 0.647166 0.061849 0.648080 0.061849 0.648995 0.061198 0.649909 0.061198 0.650823 0.061198 0.651737 0.061198 0.652651 0.061198 0.653565 0.061849 0.654479 0.061849 0.655393 0.062500 0.655393 0.063151 0.656307 0.063802 0.657221 0.064453 0.658135 0.065104 0.659049 0.065104 0.659963 0.065104 0.660878 0.065755 0.661792 0.066406 0.661792 0.067057 0.662706 0.067708 0.661792 0.068359 0.662706 0.069010 0.662706 0.069661 0.662706 0.070312 0.663620 0.070964 0.664534 0.071615 0.665448 0.070964 0.666362 0.070312 0.667276 0.069661 0.668190 0.069010 0.669104 0.069010 0.670018 0.068359 0.670932 0.068359 0.671846 0.069010 0.672761 0.069010 0.673675 0.069661 0.674589 0.070312 0.675503 0.070312 0.676417 0.070312 0.677331 0.070312 0.678245 0.070312 0.679159 0.069661 0.680073 0.069010 0.680987 0.068359 0.680987 0.067708 0.680987 0.067057 0.681901 0.066406 0.682815 0.065755 0.683729 0.065104 0.684644 0.064453 0.684644 0.064453 0.685558 0.063802 0.686472 0.063802 0.687386 0.063802 0.688300 0.063802 0.689214 0.063802 0.690128 0.064453 0.691042 0.064453 0.691956 0.064453 0.692870 0.065104 0.693784 0.065104 0.694698 0.065755 0.695612 0.066406 0.695612 0.067057 0.695612 0.067708 0.695612 0.068359 0.695612 0.069010 0.694698 0.069661 0.694698 0.070312 0.693784 0.070964 0.692870 0.071615 0.692870 0.072266 0.691956 0.072917 0.691042 0.073568 0.691042 0.074219 0.690128 0.074870 0.689214 0.075521 0.689214 0.076172 0.688300 0.076172 0.687386 0.076172 0.686472 0.076823 0.685558 0.076823 0.684644 0.076823 0.683729 0.076823 0.682815 0.076823 0.681901 0.076823 0.680987 0.076823 0.680073 0.076823 0.679159 0.076172 0.679159 0.075521 0.679159 0.074870 0.679159 0.074219 0.678245 0.073568 0.677331 0.072917 0.676417 0.072917 0.675503 0.073568 0.674589 0.073568 0.673675 0.073568 0.672761 0.074219 0.671846 0.074219 0.670932 0.074219 0.670018 0.074219 0.669104 0.074870 0.668190 0.074219 0.667276 0.074219 0.666362 0.074219 0.665448 0.073568 0.665448 0.072917 0.664534 0.072266 0.663620 0.072917 0.662706 0.072266 0.661792 0.072266 0.660878 0.071615 0.659963 0.071615 0.659049 0.071615 0.658135 0.071615 0.657221 0.071615 0.656307 0.071615 0.655393 0.071615 0.654479 0.070964 0.653565 0.070964 0.652651 0.070312 0.651737 0.070312 0.650823 0.069661 0.649909 0.069010 0.648995 0.069010 0.648080 0.069010 0.647166 0.069010 0.646252 0.069010 0.645338 0.068359 0.644424 0.068359 0.643510 0.067708 0.643510 0.067057 0.642596 0.066406 0.642596 0.065755 0.643510
0 0.609375 0.639854 0.608724 0.640768 0.608073 0.640768 0.607422 0.640768 0.606771 0.641682 0.606120 0.640768 0.605469 0.641682 0.604818 0.642596 0.604167 0.643510 0.604167 0.644424 0.603516 0.645338 0.602865 0.646252 0.602865 0.647166 0.602214 0.648080 0.602865 0.648995 0.602214 0.649909 0.602214 0.650823 0.602214 0.651737 0.602865 0.652651 0.602865 0.653565 0.602865 0.654479 0.603516 0.655393 0.604167 0.656307 0.604167 0.657221 0.604818 0.658135 0.604818 0.659049 0.605469 0.659963 0.605469 0.660878 0.606120 0.661792 0.606771 0.662706 0.607422 0.663620 0.606771 0.664534 0.607422 0.665448 0.607422 0.666362 0.607422 0.667276 0.608073 0.668190 0.608724 0.668190 0.609375 0.669104 0.610026 0.670018 0.610677 0.670932 0.610677 0.671846 0.610677 0.672761 0.611328 0.673675 0.610677 0.674589 0.610677 0.675503 0.610677 0.676417 0.610677 0.677331 0.610677 0.678245 0.610026 0.679159 0.610026 0.680073 0.609375 0.680987 0.610026 0.681901 0.610026 0.682815 0.610026 0.683729 0.610026 0.684644 0.610026 0.685558 0.610026 0.686472 0.610026 0.687386 0.610677 0.688300 0.610026 0.689214 0.610026 0.690128 0.610677 0.691042 0.610677 0.691956 0.611328 0.692870 0.611979 0.692870 0.612630 0.693784 0.613281 0.693784 0.613932 0.693784 0.614583 0.694698 0.615234 0.694698 0.615885 0.694698 0.616536 0.693784 0.617188 0.694698 0.617839 0.693784 0.618490 0.693784 0.619141 0.692870 0.619792 0.691956 0.620443 0.691956 0.621094 0.691042 0.621094 0.690128 0.621745 0.689214 0.621745 0.688300 0.622396 0.687386 0.622396 0.686472 0.622396 0.685558 0.623047 0.684644 0.622396 0.683729 0.622396 0.682815 0.623047 0.681901 0.623047 0.680987 0.622396 0.680073 0.622396 0.679159 0.622396 0.678245 0.622396 0.677331 0.622396 0.676417 0.621745 0.675503 0.621094 0.675503 0.620443 0.674589 0.619792 0.673675 0.619141 0.672761 0.619141 0.671846 0.619792 0.670932 0.619792 0.670018 0.620443 0.669104 0.620443 0.668190 0.620443 0.667276 0.621094 0.666362 0.621745 0.665448 0.621745 0.664534 0.622396 0.663620 0.623047 0.662706 0.623047 0.661792 0.623698 0.660878 0.623047 0.659963 0.623698 0.659049 0.623698 0.658135 0.624349 0.657221 0.624349 0.656307 0.623698 0.655393 0.624349 0.654479 0.623698 0.653565 0.623047 0.652651 0.622396 0.652651 0.621745 0.652651 0.621094 0.653565 0.620443 0.654479 0.619792 0.654479 0.619792 0.655393 0.619141 0.656307 0.618490 0.657221 0.618490 0.658135 0.618490 0.659049 0.617839 0.659963 0.617188 0.660878 0.616536 0.661792 0.615885 0.661792 0.615234 0.660878 0.614583 0.659963 0.613932 0.659049 0.613932 0.658135 0.613932 0.657221 0.614583 0.656307 0.613932 0.655393 0.614583 0.654479 0.613932 0.653565 0.613932 0.652651 0.614583 0.651737 0.613932 0.650823 0.613281 0.649909 0.613932 0.648995 0.613281 0.648080 0.613281 0.647166 0.613281 0.646252 0.612630 0.645338 0.612630 0.644424 0.613281 0.643510 0.612630 0.642596 0.611979 0.641682 0.611328 0.641682 0.610677 0.640768 0.610026 0.640768
0 0.468750 0.638026 0.468099 0.638940 0.467448 0.639854 0.467448 0.640768 0.466797 0.641682 0.466146 0.642596 0.465495 0.643510 0.464844 0.643510 0.464193 0.643510 0.463542 0.642596 0.462891 0.641682 0.462240 0.640768 0.461589 0.640768 0.460938 0.640768 0.460286 0.640768 0.459635 0.640768 0.458984 0.640768 0.458333 0.640768 0.457682 0.640768 0.457682 0.641682 0.457031 0.642596 0.456380 0.643510 0.455729 0.643510 0.455078 0.644424 0.455729 0.645338 0.455078 0.646252 0.455078 0.647166 0.455078 0.648080 0.455729 0.648995 0.455729 0.649909 0.455729 0.650823 0.455729 0.651737 0.456380 0.652651 0.455729 0.653565 0.456380 0.654479 0.456380 0.655393 0.457031 0.655393 0.457682 0.656307 0.458333 0.655393 0.458984 0.656307 0.459635 0.656307 0.460286 0.657221 0.460938 0.658135 0.461589 0.658135 0.462240 0.659049 0.462891 0.659963 0.462891 0.660878 0.462240 0.661792 0.462891 0.662706 0.462240 0.663620 0.461589 0.664534 0.460938 0.665448 0.460286 0.666362 0.459635 0.667276 0.459635 0.668190 0.458984 0.669104 0.458984 0.670018 0.458984 0.670932 0.458984 0.671846 0.458333 0.672761 0.458333 0.673675 0.458333 0.674589 0.458333 0.675503 0.458333 0.676417 0.458333 0.677331 0.457682 0.678245 0.457682 0.679159 0.457682 0.680073 0.457031 0.680987 0.456380 0.681901 0.455729 0.682815 0.455078 0.683729 0.454427 0.683729 0.453776 0.684644 0.453125 0.684644 0.452474 0.684644 0.451823 0.684644 0.451172 0.683729 0.450521 0.682815 0.450521 0.681901 0.449870 0.680987 0.449870 0.680073 0.449219 0.679159 0.449219 0.678245 0.448568 0.677331 0.448568 0.676417 0.448568 0.675503 0.447917 0.674589 0.447917 0.673675 0.447266 0.672761 0.447266 0.671846 0.446615 0.670932 0.446615 0.670018 0.445964 0.669104 0.445964 0.668190 0.445964 0.667276 0.445312 0.666362 0.444661 0.666362 0.444010 0.666362 0.443359 0.666362 0.442708 0.667276 0.442057 0.667276 0.441406 0.667276 0.440755 0.667276 0.440104 0.667276 0.439453 0.668190 0.438802 0.668190 0.438151 0.668190 0.437500 0.669104 0.437500 0.670018 0.437500 0.670932 0.436849 0.671846 0.436849 0.672761 0.436198 0.673675 0.436198 0.674589 0.435547 0.675503 0.435547 0.676417 0.435547 0.677331 0.434896 0.678245 0.434245 0.679159 0.434245 0.680073 0.433594 0.680987 0.433594 0.681901 0.433594 0.682815 0.433594 0.683729 0.433594 0.684644 0.433594 0.685558 0.433594 0.686472 0.433594 0.687386 0.433594 0.688300 0.433594 0.689214 0.433594 0.690128 0.433594 0.691042 0.434245 0.691956 0.434245 0.692870 0.434896 0.693784 0.434896 0.694698 0.435547 0.695612 0.436198 0.696527 0.436849 0.697441 0.436849 0.698355 0.437500 0.698355 0.438151 0.699269 0.438802 0.699269 0.439453 0.699269 0.440104 0.700183 0.440755 0.700183 0.441406 0.700183 0.442057 0.700183 0.442708 0.701097 0.443359 0.700183 0.444010 0.700183 0.444661 0.701097 0.445312 0.700183 0.445964 0.700183 0.446615 0.700183 0.447266 0.699269 0.447266 0.698355 0.447917 0.697441 0.448568 0.696527 0.449219 0.695612 0.449870 0.694698 0.450521 0.693784 0.451172 0.693784 0.451823 0.692870 0.452474 0.692870 0.453125 0.693784 0.453776 0.694698 0.453776 0.695612 0.453776 0.696527 0.453125 0.697441 0.452474 0.698355 0.452474 0.699269 0.451823 0.700183 0.451172 0.701097 0.451172 0.702011 0.451172 0.702925 0.451823 0.703839 0.451172 0.704753 0.451823 0.704753 0.452474 0.705667 0.453125 0.705667 0.453776 0.705667 0.454427 0.704753 0.455078 0.705667 0.455729 0.704753 0.456380 0.703839 0.457031 0.702925 0.457031 0.702011 0.457031 0.701097 0.457682 0.700183 0.457682 0.699269 0.457031 0.698355 0.457031 0.697441 0.457682 0.696527 0.457031 0.695612 0.457031 0.694698 0.456380 0.693784 0.457031 0.692870 0.457031 0.691956 0.457682 0.691042 0.458333 0.690128 0.458984 0.689214 0.459635 0.688300 0.460286 0.688300 0.460938 0.687386 0.461589 0.686472 0.462240 0.685558 0.462891 0.685558 0.463542 0.684644 0.464193 0.683729 0.464844 0.683729 0.465495 0.684644 0.466146 0.684644 0.466797 0.683729 0.467448 0.684644 0.468099 0.683729 0.468750 0.683729 0.469401 0.683729 0.470052 0.683729 0.470703 0.683729 0.471354 0.682815 0.472005 0.682815 0.472656 0.681901 0.473307 0.681901 0.473958 0.681901 0.474609 0.680987 0.475260 0.680987 0.475911 0.680073 0.476562 0.679159 0.477214 0.679159 0.477865 0.679159 0.477865 0.678245 0.478516 0.677331 0.479167 0.676417 0.479818 0.675503 0.479818 0.674589 0.479818 0.673675 0.479818 0.672761 0.479818 0.671846 0.479818 0.670932 0.479818 0.670018 0.479818 0.669104 0.480469 0.668190 0.480469 0.667276 0.479818 0.666362 0.479167 0.665448 0.478516 0.664534 0.477865 0.664534 0.477214 0.663620 0.476562 0.663620 0.475911 0.663620 0.475260 0.663620 0.474609 0.662706 0.473958 0.663620 0.473307 0.663620 0.472656 0.663620 0.472005 0.663620 0.471354 0.664534 0.470703 0.663620 0.470052 0.663620 0.469401 0.663620 0.468750 0.662706 0.468099 0.662706 0.467448 0.662706 0.466797 0.661792 0.466146 0.661792 0.465495 0.660878 0.464844 0.659963 0.464844 0.659049 0.464844 0.658135 0.464844 0.657221 0.464193 0.656307 0.464844 0.655393 0.464844 0.654479 0.464844 0.653565 0.465495 0.652651 0.466146 0.651737 0.466797 0.650823 0.467448 0.649909 0.468099 0.649909 0.468750 0.648995 0.469401 0.648995 0.470052 0.648995 0.470703 0.648080 0.471354 0.647166 0.471354 0.646252 0.471354 0.645338 0.472005 0.644424 0.472005 0.643510 0.472005 0.642596 0.471354 0.641682 0.471354 0.640768 0.470703 0.639854 0.470703 0.638940 0.470052 0.638940 0.469401 0.638026
0 0.727214 0.635283 0.726562 0.636197 0.725911 0.636197 0.725260 0.637112 0.724609 0.638026 0.723958 0.638940 0.723958 0.639854 0.723958 0.640768 0.723958 0.641682 0.723958 0.642596 0.723958 0.643510 0.723307 0.644424 0.723958 0.645338 0.723958 0.646252 0.723307 0.647166 0.722656 0.648080 0.722005 0.648080 0.721354 0.648995 0.720703 0.648995 0.720052 0.648080 0.719401 0.648080 0.718750 0.648080 0.718099 0.648995 0.717448 0.649909 0.716797 0.650823 0.716146 0.650823 0.716146 0.651737 0.715495 0.652651 0.715495 0.653565 0.715495 0.654479 0.714844 0.655393 0.714844 0.656307 0.714844 0.657221 0.714844 0.658135 0.714844 0.659049 0.714844 0.659963 0.714844 0.660878 0.714844 0.661792 0.715495 0.662706 0.715495 0.663620 0.716146 0.663620 0.716797 0.664534 0.717448 0.664534 0.718099 0.665448 0.718750 0.666362 0.719401 0.667276 0.720052 0.668190 0.720703 0.669104 0.721354 0.670018 0.722005 0.670932 0.722656 0.670932 0.723307 0.671846 0.723958 0.671846 0.723958 0.670932 0.724609 0.670018 0.724609 0.669104 0.724609 0.668190 0.725260 0.667276 0.725911 0.666362 0.726562 0.665448 0.726562 0.664534 0.726562 0.663620 0.726562 0.662706 0.726562 0.661792 0.726562 0.660878 0.726562 0.659963 0.726562 0.659049 0.726562 0.658135 0.726562 0.657221 0.726562 0.656307 0.726562 0.655393 0.726562 0.654479 0.726562 0.653565 0.726562 0.652651 0.726562 0.651737 0.727214 0.650823 0.727865 0.649909 0.727865 0.648995 0.728516 0.648080 0.729167 0.647166 0.728516 0.646252 0.729167 0.645338 0.729167 0.644424 0.729167 0.643510 0.729167 0.642596 0.729167 0.641682 0.729167 0.640768 0.729167 0.639854 0.729167 0.638940 0.729167 0.638026 0.729167 0.637112 0.729167 0.636197 0.728516 0.636197 0.727865 0.636197
0 0.205078 0.632541 0.204427 0.633455 0.203776 0.634369 0.203125 0.635283 0.203125 0.636197 0.203125 0.637112 0.203125 0.638026 0.203125 0.638940 0.203776 0.639854 0.203776 0.640768 0.204427 0.641682 0.205078 0.642596 0.205078 0.643510 0.205729 0.643510 0.206380 0.644424 0.207031 0.645338 0.207682 0.645338 0.208333 0.645338 0.208984 0.646252 0.209635 0.647166 0.210286 0.648080 0.210938 0.648995 0.210938 0.649909 0.210938 0.650823 0.210938 0.651737 0.210938 0.652651 0.210938 0.653565 0.210286 0.654479 0.209635 0.655393 0.208984 0.655393 0.208333 0.655393 0.207682 0.655393 0.207031 0.656307 0.206380 0.657221 0.205729 0.658135 0.205078 0.658135 0.205078 0.659049 0.204427 0.659963 0.203776 0.660878 0.203125 0.660878 0.203125 0.661792 0.203125 0.662706 0.203125 0.663620 0.202474 0.664534 0.203125 0.665448 0.203776 0.666362 0.204427 0.666362 0.205078 0.667276 0.205729 0.667276 0.206380 0.668190 0.207031 0.669104 0.207682 0.670018 0.207682 0.670932 0.207682 0.671846 0.207682 0.672761 0.208333 0.673675 0.208333 0.674589 0.208333 0.675503 0.208984 0.676417 0.208984 0.677331 0.209635 0.678245 0.209635 0.679159 0.210286 0.679159 0.210938 0.680073 0.211589 0.680987 0.212240 0.680987 0.212891 0.681901 0.213542 0.680987 0.214193 0.680073 0.214844 0.680073 0.215495 0.679159 0.216146 0.679159 0.216797 0.679159 0.217448 0.680073 0.218099 0.680987 0.218750 0.681901 0.218099 0.682815 0.218750 0.683729 0.218750 0.684644 0.218750 0.685558 0.219401 0.686472 0.220052 0.687386 0.220703 0.687386 0.221354 0.687386 0.222005 0.687386 0.222656 0.688300 0.223307 0.689214 0.222656 0.690128 0.222656 0.691042 0.222005 0.691956 0.221354 0.692870 0.220703 0.692870 0.220052 0.692870 0.219401 0.692870 0.218750 0.691956 0.218099 0.691042 0.217448 0.690128 0.216797 0.690128 0.216146 0.689214 0.215495 0.689214 0.214844 0.688300 0.214193 0.688300 0.213542 0.688300 0.212891 0.687386 0.212240 0.687386 0.211589 0.687386 0.210938 0.688300 0.210938 0.689214 0.210286 0.690128 0.210286 0.691042 0.210286 0.691956 0.210286 0.692870 0.210286 0.693784 0.210286 0.694698 0.210286 0.695612 0.209635 0.696527 0.208984 0.697441 0.208333 0.697441 0.207682 0.696527 0.207031 0.696527 0.206380 0.695612 0.205729 0.695612 0.205078 0.695612 0.204427 0.695612 0.203776 0.696527 0.203125 0.697441 0.202474 0.697441 0.202474 0.698355 0.201823 0.699269 0.201172 0.700183 0.200521 0.701097 0.199870 0.701097 0.199219 0.701097 0.198568 0.701097 0.197917 0.702011 0.197266 0.702011 0.196615 0.702925 0.195964 0.702925 0.195312 0.703839 0.194661 0.703839 0.194010 0.703839 0.193359 0.704753 0.192708 0.705667 0.192057 0.706581 0.192057 0.707495 0.192708 0.708410 0.192057 0.709324 0.192057 0.710238 0.192057 0.711152 0.192708 0.712066 0.192708 0.712980 0.193359 0.713894 0.194010 0.714808 0.194661 0.714808 0.195312 0.715722 0.195964 0.714808 0.196615 0.715722 0.197266 0.714808 0.197917 0.714808 0.197917 0.713894 0.198568 0.712980 0.198568 0.712066 0.199219 0.711152 0.199219 0.710238 0.199870 0.709324 0.200521 0.708410 0.201172 0.709324 0.201823 0.710238 0.201823 0.711152 0.202474 0.710238 0.203125 0.711152 0.203776 0.711152 0.204427 0.712066 0.205078 0.711152 0.205729 0.711152 0.206380 0.711152 0.207031 0.710238 0.207682 0.709324 0.207682 0.708410 0.208333 0.707495 0.208333 0.706581 0.208984 0.705667 0.209635 0.704753 0.210286 0.705667 0.210938 0.706581 0.211589 0.707495 0.211589 0.708410 0.212240 0.709324 0.212891 0.708410 0.213542 0.709324 0.214193 0.709324 0.214844 0.709324 0.215495 0.710238 0.216146 0.709324 0.216797 0.708410 0.217448 0.707495 0.218099 0.706581 0.218750 0.706581 0.219401 0.705667 0.220052 0.704753 0.220052 0.703839 0.220703 0.702925 0.220703 0.702011 0.221354 0.701097 0.222005 0.700183 0.222656 0.699269 0.223307 0.699269 0.223958 0.699269 0.224609 0.699269 0.225260 0.700183 0.225911 0.699269 0.226562 0.699269 0.227214 0.699269 0.227214 0.698355 0.227865 0.697441 0.227865 0.696527 0.228516 0.695612 0.228516 0.694698 0.227865 0.693784 0.228516 0.692870 0.227865 0.691956 0.227865 0.691042 0.227214 0.690128 0.226562 0.690128 0.225911 0.689214 0.225260 0.689214 0.224609 0.688300 0.223958 0.687386 0.223307 0.686472 0.223307 0.685558 0.223307 0.684644 0.223307 0.683729 0.223958 0.682815 0.223307 0.681901 0.223307 0.680987 0.223307 0.680073 0.222656 0.679159 0.222656 0.678245 0.222005 0.677331 0.221354 0.677331 0.220703 0.677331 0.220052 0.677331 0.219401 0.676417 0.218750 0.675503 0.218099 0.674589 0.218099 0.673675 0.218099 0.672761 0.218099 0.671846 0.218750 0.670932 0.218099 0.670018 0.218099 0.669104 0.218750 0.668190 0.218750 0.667276 0.218099 0.666362 0.217448 0.665448 0.217448 0.664534 0.216797 0.663620 0.216797 0.662706 0.216146 0.661792 0.216797 0.660878 0.216797 0.659963 0.217448 0.659049 0.216797 0.658135 0.217448 0.657221 0.218099 0.656307 0.218750 0.656307 0.218750 0.655393 0.219401 0.654479 0.219401 0.653565 0.218750 0.652651 0.219401 0.651737 0.218750 0.650823 0.218750 0.649909 0.218750 0.648995 0.218099 0.648080 0.218099 0.647166 0.217448 0.646252 0.217448 0.645338 0.217448 0.644424 0.217448 0.643510 0.218099 0.642596 0.217448 0.641682 0.218099 0.640768 0.217448 0.639854 0.217448 0.638940 0.217448 0.638026 0.216797 0.637112 0.216146 0.637112 0.215495 0.637112 0.214844 0.637112 0.214193 0.638026 0.213542 0.637112 0.212891 0.637112 0.212240 0.636197 0.211589 0.636197 0.210938 0.636197 0.210286 0.637112 0.209635 0.636197 0.208984 0.636197 0.208333 0.635283 0.207682 0.634369 0.207031 0.633455 0.206380 0.633455 0.205729 0.633455
0 0.535807 0.627971 0.535156 0.628885 0.534505 0.628885 0.533854 0.629799 0.533203 0.629799 0.533203 0.630713 0.532552 0.631627 0.531901 0.632541 0.531250 0.633455 0.531901 0.634369 0.531250 0.635283 0.530599 0.636197 0.530599 0.637112 0.529948 0.638026 0.530599 0.638940 0.529948 0.639854 0.529948 0.640768 0.529297 0.641682 0.529297 0.642596 0.528646 0.643510 0.528646 0.644424 0.528646 0.645338 0.528646 0.646252 0.528646 0.647166 0.529297 0.648080 0.529297 0.648995 0.529948 0.649909 0.529948 0.650823 0.529948 0.651737 0.530599 0.652651 0.530599 0.653565 0.531250 0.653565 0.531901 0.654479 0.532552 0.655393 0.533203 0.656307 0.533203 0.657221 0.533203 0.658135 0.532552 0.659049 0.531901 0.659963 0.531250 0.660878 0.531901 0.660878 0.532552 0.661792 0.533203 0.662706 0.533854 0.662706 0.534505 0.663620 0.535156 0.663620 0.535807 0.664534 0.536458 0.664534 0.537109 0.664534 0.537760 0.663620 0.538411 0.662706 0.539062 0.662706 0.539062 0.661792 0.539714 0.660878 0.539714 0.659963 0.539714 0.659049 0.540365 0.658135 0.539714 0.657221 0.540365 0.656307 0.540365 0.655393 0.540365 0.654479 0.540365 0.653565 0.541016 0.652651 0.541667 0.651737 0.541667 0.650823 0.541667 0.649909 0.542318 0.648995 0.542318 0.648080 0.542318 0.647166 0.542318 0.646252 0.542969 0.645338 0.542969 0.644424 0.542318 0.643510 0.541667 0.642596 0.541016 0.642596 0.540365 0.641682 0.539714 0.642596 0.539062 0.643510 0.538411 0.643510 0.537760 0.644424 0.537109 0.644424 0.536458 0.643510 0.535807 0.642596 0.535807 0.641682 0.535807 0.640768 0.535807 0.639854 0.535807 0.638940 0.535807 0.638026 0.536458 0.637112 0.537109 0.636197 0.537109 0.635283 0.537109 0.634369 0.537109 0.633455 0.537109 0.632541 0.537109 0.631627 0.537760 0.630713 0.537760 0.629799 0.537109 0.629799 0.536458 0.628885
0 0.413411 0.627971 0.412760 0.628885 0.412109 0.628885 0.411458 0.629799 0.410807 0.630713 0.410156 0.631627 0.410156 0.632541 0.410807 0.633455 0.410156 0.634369 0.410807 0.635283 0.411458 0.636197 0.410807 0.637112 0.410807 0.638026 0.411458 0.638940 0.410807 0.639854 0.410156 0.640768 0.409505 0.640768 0.408854 0.641682 0.408854 0.642596 0.409505 0.643510 0.409505 0.644424 0.410156 0.645338 0.410807 0.646252 0.411458 0.647166 0.411458 0.648080 0.411458 0.648995 0.411458 0.649909 0.412109 0.650823 0.412109 0.651737 0.412109 0.652651 0.412760 0.653565 0.412109 0.654479 0.412760 0.655393 0.412760 0.656307 0.412760 0.657221 0.413411 0.658135 0.414062 0.659049 0.414062 0.659963 0.414714 0.659963 0.415365 0.659963 0.416016 0.659963 0.416667 0.659963 0.417318 0.659049 0.417318 0.658135 0.417969 0.657221 0.417969 0.656307 0.418620 0.655393 0.419271 0.654479 0.419271 0.653565 0.419271 0.652651 0.419271 0.651737 0.419922 0.650823 0.419922 0.649909 0.419922 0.648995 0.419922 0.648080 0.420573 0.647166 0.419922 0.646252 0.419922 0.645338 0.420573 0.644424 0.420573 0.643510 0.420573 0.642596 0.420573 0.641682 0.420573 0.640768 0.420573 0.639854 0.421224 0.638940 0.421224 0.638026 0.420573 0.637112 0.420573 0.636197 0.419922 0.635283 0.419271 0.635283 0.418620 0.634369 0.417969 0.634369 0.417318 0.633455 0.416667 0.632541 0.416016 0.631627 0.415365 0.630713 0.415365 0.629799 0.414714 0.628885 0.414062 0.627971
0 0.464844 0.612431 0.464193 0.613346 0.463542 0.613346 0.462891 0.613346 0.462240 0.613346 0.461589 0.613346 0.460938 0.614260 0.460286 0.614260 0.459635 0.615174 0.458984 0.616088 0.458984 0.617002 0.458984 0.617916 0.458984 0.618830 0.458984 0.619744 0.458984 0.620658 0.459635 0.621572 0.460286 0.622486 0.460938 0.623400 0.460938 0.624314 0.461589 0.625229 0.461589 0.626143 0.461589 0.627057 0.462240 0.627971 0.462891 0.628885 0.462891 0.629799 0.462891 0.630713 0.463542 0.631627 0.464193 0.632541 0.464844 0.632541 0.465495 0.633455 0.466146 0.634369 0.466797 0.633455 0.467448 0.634369 0.468099 0.634369 0.468750 0.634369 0.469401 0.633455 0.470052 0.633455 0.470703 0.632541 0.470703 0.631627 0.471354 0.630713 0.471354 0.629799 0.471354 0.628885 0.472005 0.627971 0.472005 0.627057 0.472005 0.626143 0.472005 0.625229 0.472005 0.624314 0.472005 0.623400 0.471354 0.622486 0.471354 0.621572 0.471354 0.620658 0.471354 0.619744 0.470703 0.618830 0.470052 0.617916 0.469401 0.617002 0.468750 0.617002 0.468099 0.616088 0.467448 0.615174 0.466797 0.614260 0.466146 0.614260 0.465495 0.613346
0 0.863932 0.610603 0.863281 0.611517 0.862630 0.611517 0.861979 0.611517 0.861328 0.612431 0.860677 0.613346 0.860677 0.614260 0.860677 0.615174 0.860677 0.616088 0.861328 0.617002 0.861328 0.617916 0.861328 0.618830 0.861979 0.617916 0.862630 0.618830 0.863281 0.619744 0.863932 0.619744 0.864583 0.619744 0.865234 0.619744 0.865885 0.619744 0.866536 0.619744 0.867188 0.618830 0.867839 0.617916 0.867839 0.617002 0.867839 0.616088 0.867839 0.615174 0.867839 0.614260 0.867188 0.613346 0.867188 0.612431 0.867188 0.611517 0.866536 0.611517 0.865885 0.611517 0.865234 0.610603 0.864583 0.611517
0 0.339193 0.609689 0.338542 0.610603 0.337891 0.610603 0.337891 0.611517 0.337240 0.612431 0.336589 0.613346 0.335938 0.614260 0.335286 0.615174 0.334635 0.615174 0.333984 0.615174 0.333333 0.616088 0.332682 0.616088 0.332031 0.616088 0.331380 0.616088 0.331380 0.617002 0.330729 0.617916 0.330729 0.618830 0.330078 0.619744 0.330078 0.620658 0.330078 0.621572 0.330729 0.622486 0.330078 0.623400 0.330078 0.624314 0.329427 0.625229 0.328776 0.626143 0.328125 0.627057 0.327474 0.626143 0.326823 0.626143 0.326172 0.625229 0.325521 0.624314 0.324870 0.623400 0.324219 0.623400 0.323568 0.623400 0.322917 0.624314 0.322266 0.625229 0.321615 0.625229 0.320964 0.626143 0.320312 0.627057 0.319661 0.626143 0.319010 0.625229 0.318359 0.624314 0.318359 0.623400 0.318359 0.622486 0.317708 0.621572 0.317057 0.620658 0.317057 0.619744 0.317057 0.618830 0.316406 0.618830 0.315755 0.618830 0.315104 0.618830 0.314453 0.618830 0.313802 0.619744 0.313151 0.619744 0.312500 0.620658 0.312500 0.621572 0.312500 0.622486 0.311849 0.623400 0.311198 0.624314 0.310547 0.624314 0.310547 0.625229 0.311198 0.626143 0.310547 0.627057 0.310547 0.627971 0.310547 0.628885 0.311198 0.629799 0.311849 0.630713 0.312500 0.630713 0.313151 0.631627 0.313802 0.631627 0.314453 0.631627 0.315104 0.631627 0.315755 0.631627 0.316406 0.630713 0.317057 0.629799 0.317708 0.629799 0.318359 0.629799 0.319010 0.630713 0.319661 0.631627 0.319661 0.632541 0.319661 0.633455 0.319010 0.634369 0.319010 0.635283 0.319010 0.636197 0.319010 0.637112 0.319010 0.638026 0.319010 0.638940 0.319010 0.639854 0.319010 0.640768 0.318359 0.641682 0.319010 0.642596 0.319010 0.643510 0.319010 0.644424 0.318359 0.645338 0.317708 0.646252 0.317057 0.647166 0.316406 0.648080 0.315755 0.648080 0.315104 0.648995 0.314453 0.648995 0.313802 0.648995 0.313151 0.648995 0.312500 0.649909 0.311849 0.650823 0.311849 0.651737 0.311198 0.652651 0.310547 0.653565 0.311198 0.654479 0.311198 0.655393 0.311198 0.656307 0.310547 0.657221 0.310547 0.658135 0.310547 0.659049 0.310547 0.659963 0.310547 0.660878 0.311198 0.661792 0.311198 0.662706 0.311849 0.663620 0.311849 0.664534 0.312500 0.665448 0.312500 0.666362 0.312500 0.667276 0.313151 0.668190 0.313802 0.669104 0.313802 0.670018 0.314453 0.670932 0.315104 0.671846 0.315104 0.672761 0.315755 0.673675 0.316406 0.674589 0.317057 0.675503 0.317708 0.676417 0.318359 0.677331 0.319010 0.678245 0.319661 0.679159 0.319661 0.680073 0.319661 0.680987 0.320312 0.681901 0.320312 0.682815 0.320964 0.683729 0.321615 0.684644 0.322266 0.685558 0.322917 0.685558 0.323568 0.686472 0.324219 0.687386 0.324870 0.688300 0.325521 0.689214 0.326172 0.690128 0.325521 0.691042 0.326172 0.691956 0.325521 0.692870 0.326172 0.693784 0.325521 0.694698 0.325521 0.695612 0.324870 0.696527 0.324870 0.697441 0.324870 0.698355 0.324870 0.699269 0.325521 0.700183 0.325521 0.701097 0.326172 0.702011 0.326172 0.702925 0.326823 0.703839 0.327474 0.703839 0.328125 0.703839 0.328776 0.703839 0.329427 0.702925 0.330078 0.702925 0.330729 0.702011 0.331380 0.701097 0.331380 0.700183 0.331380 0.699269 0.332031 0.698355 0.332682 0.697441 0.332682 0.696527 0.332682 0.695612 0.332682 0.694698 0.332031 0.693784 0.332031 0.692870 0.332031 0.691956 0.332031 0.691042 0.331380 0.690128 0.331380 0.689214 0.332031 0.688300 0.332031 0.687386 0.332031 0.686472 0.332682 0.685558 0.332682 0.684644 0.333333 0.683729 0.333333 0.682815 0.333984 0.681901 0.333984 0.680987 0.334635 0.680073 0.334635 0.679159 0.335286 0.678245 0.335286 0.677331 0.335938 0.676417 0.335938 0.675503 0.335938 0.674589 0.336589 0.673675 0.336589 0.672761 0.336589 0.671846 0.337240 0.670932 0.337240 0.670018 0.337240 0.669104 0.337240 0.668190 0.337891 0.667276 0.337891 0.666362 0.338542 0.665448 0.337891 0.664534 0.337891 0.663620 0.337891 0.662706 0.337240 0.661792 0.337240 0.660878 0.336589 0.660878 0.335938 0.659963 0.335286 0.659049 0.334635 0.659049 0.333984 0.658135 0.333333 0.657221 0.333984 0.656307 0.333333 0.655393 0.333333 0.654479 0.333333 0.653565 0.332682 0.652651 0.332031 0.652651 0.331380 0.651737 0.330729 0.650823 0.330078 0.649909 0.329427 0.648995 0.328776 0.648995 0.328125 0.648080 0.327474 0.648080 0.326823 0.648080 0.326172 0.648080 0.325521 0.648080 0.324870 0.648080 0.324219 0.648995 0.323568 0.648080 0.322917 0.648995 0.322266 0.648080 0.321615 0.647166 0.320964 0.646252 0.320312 0.645338 0.320312 0.644424 0.320964 0.643510 0.321615 0.642596 0.322266 0.641682 0.322917 0.641682 0.323568 0.640768 0.324219 0.639854 0.324870 0.639854 0.324870 0.638940 0.325521 0.638026 0.325521 0.637112 0.325521 0.636197 0.326172 0.635283 0.326172 0.634369 0.326823 0.633455 0.327474 0.632541 0.328125 0.631627 0.328776 0.631627 0.329427 0.632541 0.330078 0.632541 0.330729 0.632541 0.331380 0.632541 0.332031 0.632541 0.332682 0.631627 0.333333 0.631627 0.333333 0.630713 0.333984 0.629799 0.334635 0.628885 0.335286 0.627971 0.335938 0.627057 0.336589 0.627057 0.337240 0.627057 0.337891 0.627057 0.338542 0.626143 0.339193 0.625229 0.339193 0.624314 0.339193 0.623400 0.339844 0.622486 0.339844 0.621572 0.339844 0.620658 0.340495 0.619744 0.339844 0.618830 0.339844 0.617916 0.339844 0.617002 0.339193 0.616088 0.339844 0.615174 0.340495 0.614260 0.341146 0.613346 0.341146 0.612431 0.341146 0.611517 0.340495 0.610603 0.340495 0.609689 0.339844 0.609689
0 0.792318 0.607861 0.791667 0.608775 0.791016 0.609689 0.790365 0.610603 0.790365 0.611517 0.789714 0.612431 0.789714 0.613346 0.789062 0.614260 0.789062 0.615174 0.788411 0.616088 0.789062 0.617002 0.788411 0.617916 0.789062 0.618830 0.788411 0.619744 0.789062 0.620658 0.789062 0.621572 0.789062 0.622486 0.789062 0.623400 0.789714 0.623400 0.790365 0.623400 0.791016 0.623400 0.791667 0.623400 0.792318 0.623400 0.792969 0.623400 0.793620 0.623400 0.794271 0.624314 0.794922 0.623400 0.795573 0.622486 0.796224 0.623400 0.796224 0.622486 0.796875 0.621572 0.797526 0.620658 0.797526 0.619744 0.797526 0.618830 0.798177 0.617916 0.798177 0.617002 0.798177 0.616088 0.798828 0.615174 0.798828 0.614260 0.798177 0.613346 0.798177 0.612431 0.798177 0.611517 0.797526 0.610603 0.796875 0.609689 0.796224 0.608775 0.796224 0.607861 0.795573 0.608775 0.794922 0.608775 0.794271 0.607861 0.793620 0.607861 0.792969 0.608775
0 0.440755 0.606947 0.440104 0.607861 0.440104 0.608775 0.439453 0.609689 0.438802 0.610603 0.438802 0.611517 0.438802 0.612431 0.439453 0.613346 0.438802 0.614260 0.439453 0.615174 0.440104 0.616088 0.439453 0.617002 0.440104 0.617916 0.440104 0.618830 0.440104 0.619744 0.440755 0.620658 0.440755 0.621572 0.441406 0.622486 0.441406 0.623400 0.441406 0.624314 0.442057 0.625229 0.442708 0.626143 0.442057 0.627057 0.442708 0.627971 0.442708 0.628885 0.442057 0.629799 0.442057 0.630713 0.441406 0.631627 0.441406 0.632541 0.440755 0.633455 0.440755 0.634369 0.440755 0.635283 0.440755 0.636197 0.440755 0.637112 0.440755 0.638026 0.440755 0.638940 0.441406 0.639854 0.442057 0.639854 0.442708 0.640768 0.443359 0.639854 0.444010 0.640768 0.444661 0.640768 0.445312 0.641682 0.445964 0.642596 0.446615 0.643510 0.447266 0.643510 0.447917 0.643510 0.448568 0.643510 0.449219 0.643510 0.449870 0.643510 0.450521 0.642596 0.451172 0.642596 0.451823 0.642596 0.452474 0.641682 0.453125 0.640768 0.453776 0.639854 0.454427 0.638940 0.455078 0.638026 0.455078 0.637112 0.455078 0.636197 0.455078 0.635283 0.455729 0.634369 0.455729 0.633455 0.455729 0.632541 0.455729 0.631627 0.455729 0.630713 0.455729 0.629799 0.455729 0.628885 0.455078 0.627971 0.454427 0.627057 0.453776 0.627057 0.453125 0.627057 0.452474 0.627057 0.451823 0.627057 0.451172 0.627057 0.450521 0.627057 0.449870 0.627971 0.449219 0.627057 0.448568 0.626143 0.447917 0.625229 0.447266 0.624314 0.447266 0.623400 0.446615 0.622486 0.446615 0.621572 0.446615 0.620658 0.446615 0.619744 0.446615 0.618830 0.445964 0.617916 0.445964 0.617002 0.445964 0.616088 0.445312 0.615174 0.445964 0.614260 0.445312 0.613346 0.444661 0.612431 0.444661 0.611517 0.444661 0.610603 0.444661 0.609689 0.444010 0.608775 0.443359 0.607861 0.442708 0.606947 0.442057 0.606947 0.441406 0.606947
0 0.640625 0.606033 0.640625 0.606947 0.639974 0.607861 0.639323 0.608775 0.638672 0.608775 0.639323 0.609689 0.638672 0.610603 0.639323 0.611517 0.639323 0.612431 0.638672 0.613346 0.639323 0.614260 0.639974 0.615174 0.639974 0.616088 0.639974 0.617002 0.639974 0.617916 0.640625 0.618830 0.639974 0.619744 0.640625 0.619744 0.641276 0.620658 0.641927 0.621572 0.642578 0.622486 0.642578 0.623400 0.642578 0.624314 0.642578 0.625229 0.642578 0.626143 0.643229 0.627057 0.643229 0.627971 0.643880 0.627057 0.644531 0.626143 0.645182 0.626143 0.645833 0.626143 0.646484 0.625229 0.647135 0.626143 0.647135 0.625229 0.647786 0.624314 0.647786 0.623400 0.647135 0.622486 0.647135 0.621572 0.646484 0.620658 0.646484 0.619744 0.645833 0.618830 0.645833 0.617916 0.645182 0.617002 0.644531 0.616088 0.645182 0.615174 0.644531 0.614260 0.644531 0.613346 0.644531 0.612431 0.643880 0.611517 0.643880 0.610603 0.643229 0.609689 0.643229 0.608775 0.643229 0.607861 0.642578 0.606947 0.641927 0.606033 0.641276 0.606947
0 0.660156 0.599634 0.659505 0.600548 0.658854 0.600548 0.658203 0.601463 0.658203 0.602377 0.657552 0.603291 0.657552 0.604205 0.657552 0.605119 0.657552 0.606033 0.656901 0.606947 0.656250 0.607861 0.656250 0.608775 0.656901 0.609689 0.656901 0.610603 0.656250 0.611517 0.656250 0.612431 0.655599 0.613346 0.654948 0.614260 0.654297 0.613346 0.653646 0.614260 0.652995 0.614260 0.652344 0.614260 0.651693 0.615174 0.651693 0.616088 0.651042 0.617002 0.651693 0.617916 0.651693 0.618830 0.652344 0.619744 0.652995 0.620658 0.653646 0.621572 0.654297 0.622486 0.653646 0.623400 0.652995 0.624314 0.652344 0.625229 0.651693 0.625229 0.651042 0.625229 0.650391 0.626143 0.651042 0.627057 0.651042 0.627971 0.651693 0.628885 0.652344 0.629799 0.652995 0.630713 0.653646 0.631627 0.653646 0.632541 0.654297 0.633455 0.654297 0.634369 0.654297 0.635283 0.654297 0.636197 0.654297 0.637112 0.653646 0.638026 0.653646 0.638940 0.652995 0.639854 0.652995 0.640768 0.652344 0.641682 0.651693 0.642596 0.651042 0.642596 0.650391 0.641682 0.649740 0.640768 0.649089 0.639854 0.648438 0.639854 0.647786 0.638940 0.647135 0.638940 0.646484 0.638940 0.646484 0.639854 0.645833 0.640768 0.646484 0.641682 0.645833 0.642596 0.646484 0.643510 0.645833 0.644424 0.645182 0.645338 0.644531 0.645338 0.643880 0.646252 0.643229 0.646252 0.643229 0.647166 0.643229 0.648080 0.643880 0.648995 0.644531 0.648995 0.645182 0.648995 0.645833 0.649909 0.645833 0.648995 0.646484 0.648080 0.645833 0.647166 0.646484 0.646252 0.647135 0.645338 0.647786 0.644424 0.648438 0.644424 0.649089 0.644424 0.649740 0.644424 0.650391 0.644424 0.651042 0.644424 0.651693 0.645338 0.652344 0.646252 0.652995 0.647166 0.652344 0.648080 0.652995 0.648995 0.652995 0.649909 0.652995 0.650823 0.652995 0.651737 0.652995 0.652651 0.652344 0.653565 0.652995 0.654479 0.652344 0.655393 0.652344 0.656307 0.652344 0.657221 0.651693 0.658135 0.651042 0.659049 0.650391 0.659963 0.649740 0.659963 0.649089 0.659963 0.648438 0.659049 0.647786 0.658135 0.647135 0.658135 0.646484 0.658135 0.645833 0.658135 0.645182 0.657221 0.644531 0.657221 0.643880 0.658135 0.643229 0.658135 0.643229 0.659049 0.642578 0.659963 0.643229 0.660878 0.643229 0.661792 0.643880 0.662706 0.644531 0.663620 0.644531 0.664534 0.645182 0.665448 0.644531 0.666362 0.644531 0.667276 0.644531 0.668190 0.644531 0.669104 0.644531 0.670018 0.644531 0.670932 0.644531 0.671846 0.644531 0.672761 0.644531 0.673675 0.645182 0.674589 0.644531 0.675503 0.645182 0.676417 0.645182 0.677331 0.645182 0.678245 0.645182 0.679159 0.645182 0.680073 0.645833 0.680987 0.645833 0.681901 0.645833 0.682815 0.645833 0.683729 0.646484 0.684644 0.646484 0.685558 0.647135 0.686472 0.647135 0.687386 0.647786 0.688300 0.647786 0.689214 0.647786 0.690128 0.648438 0.691042 0.648438 0.691956 0.648438 0.692870 0.649089 0.693784 0.649089 0.694698 0.649089 0.695612 0.649740 0.696527 0.650391 0.697441 0.651042 0.698355 0.651042 0.699269 0.651693 0.700183 0.652344 0.701097 0.652995 0.702011 0.653646 0.702925 0.653646 0.703839 0.654297 0.704753 0.654297 0.705667 0.654297 0.706581 0.654297 0.707495 0.654297 0.708410 0.654297 0.709324 0.654948 0.710238 0.654948 0.711152 0.655599 0.712066 0.656250 0.712980 0.656250 0.713894 0.656250 0.714808 0.656901 0.715722 0.657552 0.716636 0.656901 0.717550 0.657552 0.718464 0.658203 0.719378 0.658854 0.720293 0.659505 0.721207 0.660156 0.720293 0.660807 0.720293 0.661458 0.720293 0.662109 0.720293 0.662760 0.719378 0.663411 0.718464 0.663411 0.717550 0.663411 0.716636 0.664062 0.715722 0.664062 0.714808 0.664062 0.713894 0.664062 0.712980 0.663411 0.712066 0.663411 0.711152 0.662760 0.711152 0.662109 0.710238 0.661458 0.709324 0.660807 0.708410 0.660156 0.707495 0.660156 0.706581 0.659505 0.705667 0.659505 0.704753 0.660156 0.703839 0.660156 0.702925 0.660807 0.702011 0.661458 0.701097 0.661458 0.700183 0.662109 0.699269 0.662760 0.698355 0.663411 0.697441 0.664062 0.697441 0.664714 0.696527 0.665365 0.695612 0.666016 0.694698 0.666667 0.693784 0.666667 0.692870 0.667318 0.691956 0.667318 0.691042 0.667969 0.690128 0.667969 0.689214 0.667969 0.688300 0.668620 0.687386 0.668620 0.686472 0.668620 0.685558 0.669271 0.684644 0.669271 0.683729 0.669271 0.682815 0.669271 0.681901 0.669271 0.680987 0.669271 0.680073 0.669271 0.679159 0.669271 0.678245 0.669271 0.677331 0.669271 0.676417 0.669271 0.675503 0.669271 0.674589 0.669271 0.673675 0.668620 0.672761 0.669271 0.671846 0.669271 0.670932 0.669271 0.670018 0.669922 0.669104 0.669922 0.668190 0.670573 0.667276 0.670573 0.666362 0.670573 0.665448 0.669922 0.664534 0.670573 0.663620 0.670573 0.662706 0.670573 0.661792 0.670573 0.660878 0.669922 0.659963 0.669922 0.659049 0.669922 0.658135 0.670573 0.657221 0.670573 0.656307 0.671224 0.655393 0.671224 0.654479 0.671224 0.653565 0.671224 0.652651 0.671224 0.651737 0.671224 0.650823 0.670573 0.649909 0.671224 0.648995 0.671224 0.648080 0.670573 0.647166 0.669922 0.647166 0.669271 0.648080 0.668620 0.647166 0.667969 0.647166 0.667318 0.648080 0.666667 0.648080 0.666016 0.648995 0.665365 0.649909 0.665365 0.650823 0.665365 0.651737 0.664714 0.652651 0.665365 0.653565 0.664714 0.654479 0.664714 0.655393 0.664714 0.656307 0.664062 0.657221 0.664714 0.658135 0.664062 0.659049 0.663411 0.659963 0.663411 0.660878 0.662760 0.661792 0.662109 0.662706 0.661458 0.662706 0.660807 0.663620 0.660156 0.663620 0.659505 0.662706 0.658854 0.661792 0.658203 0.660878 0.657552 0.659963 0.657552 0.659049 0.657552 0.658135 0.657552 0.657221 0.657552 0.656307 0.657552 0.655393 0.658203 0.654479 0.658203 0.653565 0.658203 0.652651 0.658203 0.651737 0.658203 0.650823 0.658854 0.649909 0.658854 0.648995 0.659505 0.648080 0.660156 0.647166 0.660156 0.646252 0.660807 0.645338 0.660807 0.644424 0.661458 0.643510 0.661458 0.642596 0.661458 0.641682 0.661458 0.640768 0.662109 0.639854 0.662109 0.638940 0.662109 0.638026 0.662109 0.637112 0.662760 0.636197 0.662760 0.635283 0.663411 0.634369 0.664062 0.633455 0.664714 0.632541 0.664714 0.631627 0.665365 0.630713 0.665365 0.629799 0.666016 0.628885 0.666016 0.627971 0.666667 0.627057 0.667318 0.626143 0.667318 0.625229 0.667318 0.624314 0.667318 0.623400 0.667318 0.622486 0.667318 0.621572 0.667318 0.620658 0.667318 0.619744 0.667318 0.618830 0.666667 0.617916 0.666016 0.617002 0.665365 0.616088 0.665365 0.615174 0.664714 0.614260 0.664714 0.613346 0.664714 0.612431 0.664714 0.611517 0.665365 0.610603 0.665365 0.609689 0.666016 0.608775 0.665365 0.607861 0.666016 0.606947 0.666016 0.606033 0.666016 0.605119 0.666016 0.604205 0.665365 0.603291 0.664714 0.602377 0.664714 0.601463 0.664062 0.600548 0.663411 0.600548 0.662760 0.599634 0.662109 0.599634 0.661458 0.599634 0.660807 0.599634
0 0.162760 0.599634 0.162109 0.600548 0.161458 0.601463 0.160807 0.602377 0.160156 0.603291 0.159505 0.604205 0.159505 0.605119 0.159505 0.606033 0.159505 0.606947 0.158854 0.607861 0.158854 0.608775 0.158854 0.609689 0.158854 0.610603 0.158854 0.611517 0.158854 0.612431 0.158854 0.613346 0.158203 0.614260 0.157552 0.615174 0.157552 0.616088 0.156901 0.617002 0.156250 0.617916 0.155599 0.618830 0.154948 0.618830 0.154297 0.619744 0.153646 0.620658 0.152995 0.621572 0.152344 0.622486 0.152344 0.623400 0.151693 0.624314 0.151693 0.625229 0.151042 0.626143 0.151042 0.627057 0.150391 0.627971 0.150391 0.628885 0.150391 0.629799 0.150391 0.630713 0.149740 0.631627 0.149740 0.632541 0.149740 0.633455 0.149740 0.634369 0.149740 0.635283 0.150391 0.636197 0.150391 0.637112 0.150391 0.638026 0.151042 0.638940 0.151693 0.638940 0.152344 0.638940 0.152995 0.639854 0.153646 0.638940 0.154297 0.638940 0.154948 0.638940 0.155599 0.638026 0.156250 0.637112 0.156901 0.636197 0.157552 0.635283 0.158203 0.635283 0.158854 0.634369 0.159505 0.633455 0.160156 0.632541 0.160807 0.631627 0.161458 0.630713 0.162109 0.629799 0.162760 0.628885 0.162760 0.627971 0.163411 0.627057 0.164062 0.626143 0.164714 0.625229 0.165365 0.624314 0.166016 0.623400 0.166667 0.622486 0.167318 0.622486 0.167969 0.622486 0.167969 0.621572 0.168620 0.620658 0.168620 0.619744 0.168620 0.618830 0.169271 0.617916 0.168620 0.617002 0.168620 0.616088 0.168620 0.615174 0.167969 0.614260 0.167318 0.614260 0.166667 0.613346 0.166016 0.612431 0.165365 0.611517 0.165365 0.610603 0.164714 0.609689 0.165365 0.608775 0.165365 0.607861 0.165365 0.606947 0.165365 0.606033 0.165365 0.605119 0.164714 0.604205 0.164714 0.603291 0.165365 0.602377 0.164714 0.601463 0.164714 0.600548 0.164062 0.600548 0.163411 0.599634
0 0.975911 0.597806 0.975260 0.598720 0.974609 0.598720 0.973958 0.599634 0.973958 0.600548 0.973958 0.601463 0.973958 0.602377 0.973958 0.603291 0.973958 0.604205 0.973307 0.605119 0.973958 0.606033 0.973307 0.606947 0.973307 0.607861 0.973307 0.608775 0.973307 0.609689 0.973307 0.610603 0.973958 0.611517 0.974609 0.611517 0.975260 0.611517 0.975911 0.610603 0.976562 0.610603 0.977214 0.610603 0.977865 0.610603 0.978516 0.610603 0.979167 0.610603 0.979818 0.609689 0.979818 0.608775 0.979818 0.607861 0.980469 0.606947 0.979818 0.606033 0.979818 0.605119 0.979818 0.604205 0.979167 0.603291 0.979167 0.602377 0.978516 0.601463 0.977865 0.600548 0.977214 0.599634 0.977214 0.598720 0.976562 0.597806
0 0.507161 0.597806 0.506510 0.598720 0.505859 0.598720 0.505208 0.598720 0.504557 0.598720 0.503906 0.599634 0.503255 0.600548 0.502604 0.600548 0.501953 0.601463 0.501302 0.601463 0.501953 0.602377 0.501302 0.603291 0.500651 0.604205 0.500651 0.605119 0.500000 0.606033 0.500651 0.606947 0.501302 0.606947 0.501953 0.607861 0.502604 0.607861 0.503255 0.607861 0.503906 0.607861 0.504557 0.607861 0.505208 0.606947 0.505859 0.607861 0.506510 0.608775 0.505859 0.609689 0.505208 0.610603 0.504557 0.611517 0.504557 0.612431 0.503906 0.613346 0.503255 0.614260 0.502604 0.614260 0.501953 0.615174 0.501953 0.616088 0.501302 0.617002 0.500651 0.617916 0.500000 0.618830 0.499349 0.619744 0.499349 0.620658 0.499349 0.621572 0.498698 0.622486 0.498047 0.623400 0.498047 0.624314 0.497396 0.625229 0.498047 0.626143 0.497396 0.627057 0.497396 0.627971 0.498047 0.628885 0.498698 0.628885 0.499349 0.628885 0.500000 0.627971 0.500651 0.627971 0.501302 0.627971 0.501953 0.627057 0.502604 0.626143 0.503255 0.626143 0.503906 0.625229 0.504557 0.624314 0.505208 0.623400 0.505208 0.622486 0.505208 0.621572 0.505859 0.620658 0.506510 0.619744 0.507161 0.618830 0.507812 0.618830 0.507812 0.617916 0.508464 0.617002 0.508464 0.616088 0.509115 0.615174 0.509115 0.614260 0.509766 0.613346 0.510417 0.612431 0.509766 0.611517 0.509115 0.610603 0.509115 0.609689 0.508464 0.608775 0.508464 0.607861 0.507812 0.606947 0.508464 0.606033 0.508464 0.605119 0.509115 0.604205 0.509115 0.603291 0.509115 0.602377 0.509766 0.601463 0.509115 0.600548 0.509766 0.599634 0.509115 0.598720 0.508464 0.598720 0.507812 0.597806
0 0.565755 0.596892 0.565104 0.597806 0.564453 0.598720 0.563802 0.599634 0.563151 0.599634 0.563802 0.600548 0.563151 0.601463 0.562500 0.602377 0.561849 0.603291 0.561198 0.604205 0.561849 0.605119 0.561198 0.606033 0.560547 0.606947 0.559896 0.606033 0.559245 0.606947 0.559245 0.607861 0.558594 0.608775 0.559245 0.609689 0.559245 0.610603 0.559896 0.610603 0.560547 0.611517 0.561198 0.612431 0.561849 0.613346 0.561849 0.614260 0.561849 0.615174 0.562500 0.616088 0.562500 0.617002 0.561849 0.617916 0.562500 0.618830 0.561849 0.619744 0.562500 0.620658 0.563151 0.621572 0.562500 0.622486 0.561849 0.623400 0.561198 0.623400 0.560547 0.624314 0.559896 0.624314 0.559245 0.623400 0.558594 0.622486 0.557943 0.622486 0.557292 0.621572 0.556641 0.621572 0.555990 0.621572 0.555339 0.621572 0.555339 0.622486 0.554688 0.623400 0.555339 0.624314 0.554688 0.625229 0.555339 0.626143 0.554688 0.627057 0.554688 0.627971 0.554036 0.628885 0.553385 0.629799 0.553385 0.630713 0.552734 0.631627 0.552734 0.632541 0.552734 0.633455 0.552734 0.634369 0.552734 0.635283 0.552734 0.636197 0.552734 0.637112 0.552083 0.638026 0.551432 0.638940 0.550781 0.639854 0.550130 0.640768 0.549479 0.641682 0.548828 0.642596 0.548828 0.643510 0.549479 0.644424 0.549479 0.645338 0.549479 0.646252 0.549479 0.647166 0.549479 0.648080 0.549479 0.648995 0.549479 0.649909 0.549479 0.650823 0.549479 0.651737 0.549479 0.652651 0.548828 0.653565 0.548828 0.654479 0.548828 0.655393 0.549479 0.656307 0.548828 0.657221 0.548177 0.658135 0.548177 0.659049 0.548177 0.659963 0.547526 0.660878 0.546875 0.661792 0.546875 0.662706 0.546875 0.663620 0.546224 0.664534 0.545573 0.665448 0.544922 0.666362 0.544271 0.667276 0.543620 0.667276 0.542969 0.667276 0.542318 0.667276 0.541667 0.668190 0.541016 0.668190 0.540365 0.668190 0.539714 0.668190 0.539062 0.669104 0.538411 0.669104 0.538411 0.670018 0.537760 0.670932 0.537109 0.671846 0.537109 0.672761 0.536458 0.673675 0.535807 0.674589 0.535807 0.675503 0.535156 0.676417 0.534505 0.677331 0.533854 0.678245 0.533203 0.679159 0.533854 0.680073 0.533203 0.680987 0.533203 0.681901 0.533203 0.682815 0.533203 0.683729 0.532552 0.684644 0.532552 0.685558 0.533203 0.686472 0.533854 0.687386 0.533854 0.688300 0.533854 0.689214 0.533854 0.690128 0.533854 0.691042 0.534505 0.691956 0.535156 0.692870 0.534505 0.693784 0.535156 0.694698 0.535807 0.695612 0.535807 0.696527 0.536458 0.697441 0.536458 0.698355 0.537109 0.699269 0.537760 0.700183 0.538411 0.701097 0.538411 0.702011 0.539062 0.702925 0.538411 0.703839 0.537760 0.704753 0.537109 0.705667 0.536458 0.706581 0.535807 0.706581 0.535156 0.706581 0.534505 0.706581 0.533854 0.706581 0.533203 0.707495 0.532552 0.707495 0.531901 0.707495 0.531250 0.708410 0.530599 0.708410 0.529948 0.709324 0.529297 0.708410 0.528646 0.707495 0.528646 0.706581 0.528646 0.705667 0.527995 0.705667 0.527344 0.705667 0.526693 0.705667 0.526042 0.706581 0.526042 0.707495 0.526693 0.708410 0.526693 0.709324 0.527344 0.709324 0.527995 0.709324 0.528646 0.709324 0.529297 0.710238 0.529948 0.711152 0.529948 0.712066 0.530599 0.712980 0.531250 0.713894 0.531901 0.714808 0.531901 0.715722 0.532552 0.716636 0.532552 0.717550 0.531901 0.718464 0.531250 0.719378 0.531250 0.720293 0.530599 0.721207 0.530599 0.722121 0.531250 0.723035 0.530599 0.723949 0.531250 0.723949 0.531901 0.724863 0.532552 0.723949 0.533203 0.723949 0.533854 0.723949 0.534505 0.723035 0.535156 0.722121 0.535807 0.721207 0.536458 0.720293 0.537109 0.720293 0.537760 0.721207 0.538411 0.722121 0.539062 0.723035 0.539062 0.723949 0.539714 0.723035 0.540365 0.722121 0.541016 0.722121 0.541016 0.721207 0.541667 0.720293 0.541667 0.719378 0.541667 0.718464 0.541667 0.717550 0.541667 0.716636 0.542318 0.715722 0.542318 0.714808 0.542969 0.713894 0.542969 0.712980 0.542969 0.712066 0.542969 0.711152 0.542969 0.710238 0.542318 0.709324 0.542318 0.708410 0.542318 0.707495 0.541667 0.706581 0.541667 0.705667 0.541016 0.704753 0.541016 0.703839 0.541667 0.702925 0.542318 0.702011 0.542969 0.701097 0.543620 0.701097 0.544271 0.700183 0.544922 0.700183 0.545573 0.700183 0.546224 0.700183 0.546875 0.699269 0.547526 0.699269 0.548177 0.699269 0.548828 0.698355 0.549479 0.697441 0.550130 0.696527 0.550781 0.696527 0.550781 0.695612 0.551432 0.694698 0.552083 0.693784 0.552083 0.692870 0.552734 0.691956 0.553385 0.691042 0.553385 0.690128 0.553385 0.689214 0.554036 0.688300 0.554036 0.687386 0.554688 0.686472 0.554036 0.685558 0.554688 0.684644 0.554036 0.683729 0.554036 0.682815 0.554036 0.681901 0.554688 0.680987 0.554688 0.680073 0.554688 0.679159 0.554688 0.678245 0.554688 0.677331 0.554688 0.676417 0.554036 0.675503 0.554036 0.674589 0.553385 0.673675 0.553385 0.672761 0.553385 0.671846 0.552734 0.670932 0.552734 0.670018 0.553385 0.669104 0.552734 0.668190 0.552734 0.667276 0.552734 0.666362 0.553385 0.665448 0.553385 0.664534 0.553385 0.663620 0.553385 0.662706 0.554036 0.661792 0.554688 0.660878 0.554688 0.659963 0.554688 0.659049 0.555339 0.658135 0.555339 0.657221 0.555990 0.656307 0.555990 0.655393 0.556641 0.654479 0.557292 0.653565 0.557943 0.652651 0.558594 0.651737 0.559245 0.650823 0.559896 0.649909 0.560547 0.649909 0.561198 0.648995 0.561849 0.648080 0.562500 0.648080 0.563151 0.648080 0.563802 0.647166 0.564453 0.646252 0.565104 0.647166 0.565755 0.647166 0.566406 0.647166 0.567057 0.648080 0.567708 0.648080 0.568359 0.648080 0.569010 0.648080 0.569661 0.647166 0.570312 0.647166 0.570964 0.646252 0.571615 0.645338 0.570964 0.644424 0.571615 0.643510 0.570964 0.642596 0.570964 0.641682 0.570312 0.640768 0.569661 0.640768 0.569010 0.640768 0.568359 0.641682 0.567708 0.641682 0.567057 0.642596 0.566406 0.642596 0.565755 0.643510 0.565104 0.644424 0.564453 0.645338 0.564453 0.646252 0.563802 0.647166 0.563151 0.646252 0.562500 0.645338 0.561849 0.645338 0.561198 0.645338 0.560547 0.644424 0.559896 0.643510 0.559896 0.642596 0.559245 0.641682 0.559896 0.640768 0.560547 0.639854 0.560547 0.638940 0.561198 0.638026 0.561198 0.637112 0.561198 0.636197 0.561849 0.635283 0.562500 0.634369 0.563151 0.633455 0.563151 0.632541 0.563151 0.631627 0.563802 0.630713 0.563802 0.629799 0.564453 0.628885 0.563802 0.627971 0.564453 0.627057 0.564453 0.626143 0.563802 0.625229 0.563151 0.624314 0.563802 0.623400 0.564453 0.622486 0.565104 0.622486 0.565755 0.622486 0.566406 0.621572 0.567057 0.621572 0.567708 0.620658 0.568359 0.620658 0.569010 0.619744 0.569661 0.618830 0.570312 0.617916 0.570312 0.617002 0.570964 0.616088 0.571615 0.615174 0.571615 0.614260 0.571615 0.613346 0.571615 0.612431 0.572266 0.611517 0.572266 0.610603 0.572266 0.609689 0.572917 0.608775 0.572266 0.607861 0.572266 0.606947 0.571615 0.606947 0.570964 0.606947 0.570312 0.607861 0.569661 0.608775 0.569010 0.609689 0.568359 0.610603 0.567708 0.611517 0.567057 0.610603 0.566406 0.609689 0.565755 0.608775 0.565755 0.607861 0.566406 0.606947 0.567057 0.606033 0.567057 0.605119 0.567057 0.604205 0.567057 0.603291 0.567708 0.602377 0.567708 0.601463 0.567708 0.600548 0.567708 0.599634 0.567708 0.598720 0.567057 0.598720 0.566406 0.597806
0 0.998047 0.593236 0.998047 0.594150 0.998047 0.595064 0.997396 0.595978 0.997396 0.596892 0.997396 0.597806 0.996745 0.598720 0.996094 0.599634 0.996094 0.600548 0.995443 0.601463 0.995443 0.602377 0.994792 0.603291 0.994792 0.604205 0.994141 0.605119 0.993490 0.606033 0.994141 0.606947 0.993490 0.607861 0.992839 0.608775 0.992839 0.609689 0.992188 0.610603 0.991536 0.611517 0.991536 0.612431 0.991536 0.613346 0.991536 0.614260 0.990885 0.615174 0.990885 0.616088 0.990885 0.617002 0.990885 0.617916 0.990234 0.618830 0.989583 0.619744 0.989583 0.620658 0.988932 0.621572 0.988281 0.622486 0.987630 0.622486 0.987630 0.623400 0.986979 0.624314 0.986979 0.625229 0.986979 0.626143 0.986328 0.627057 0.985677 0.627971 0.985026 0.627057 0.984375 0.626143 0.983724 0.625229 0.983724 0.624314 0.983073 0.623400 0.982422 0.622486 0.982422 0.621572 0.982422 0.620658 0.981771 0.619744 0.982422 0.618830 0.981771 0.617916 0.981771 0.617002 0.981120 0.616088 0.980469 0.617002 0.980469 0.617916 0.979818 0.618830 0.979818 0.619744 0.979818 0.620658 0.979818 0.621572 0.979818 0.622486 0.979818 0.623400 0.979818 0.624314 0.979167 0.625229 0.979167 0.626143 0.978516 0.627057 0.979167 0.627971 0.979167 0.628885 0.978516 0.629799 0.979167 0.630713 0.979167 0.631627 0.979167 0.632541 0.979818 0.633455 0.980469 0.634369 0.980469 0.635283 0.981120 0.636197 0.981771 0.637112 0.982422 0.636197 0.983073 0.637112 0.983724 0.636197 0.984375 0.636197 0.985026 0.637112 0.985677 0.637112 0.986328 0.637112 0.986979 0.638026 0.987630 0.638026 0.988281 0.638940 0.988932 0.638940 0.989583 0.638940 0.990234 0.638940 0.990885 0.638940 0.991536 0.639854 0.992188 0.640768 0.991536 0.641682 0.991536 0.642596 0.990885 0.643510 0.990885 0.644424 0.990885 0.645338 0.990885 0.646252 0.990234 0.647166 0.990885 0.648080 0.990234 0.648995 0.990234 0.649909 0.989583 0.650823 0.990234 0.651737 0.990885 0.652651 0.991536 0.651737 0.992188 0.650823 0.992839 0.649909 0.992839 0.648995 0.993490 0.648080 0.994141 0.647166 0.994141 0.646252 0.994792 0.645338 0.994792 0.644424 0.995443 0.643510 0.995443 0.642596 0.995443 0.641682 0.995443 0.640768 0.994792 0.639854 0.994792 0.638940 0.994141 0.638026 0.993490 0.637112 0.993490 0.636197 0.992839 0.635283 0.993490 0.634369 0.994141 0.633455 0.994792 0.632541 0.994792 0.631627 0.994792 0.630713 0.994792 0.629799 0.994792 0.628885 0.994792 0.627971 0.994792 0.627057 0.994792 0.626143 0.994792 0.625229 0.994792 0.624314 0.994792 0.623400 0.994792 0.622486 0.995443 0.621572 0.994792 0.620658 0.994792 0.619744 0.994141 0.618830 0.994792 0.617916 0.994792 0.617002 0.995443 0.616088 0.996094 0.615174 0.996094 0.614260 0.996094 0.613346 0.996745 0.612431 0.996745 0.611517 0.996745 0.610603 0.997396 0.609689 0.997396 0.608775 0.998047 0.607861 0.998698 0.606947 0.998698 0.606033 0.998698 0.605119 0.998698 0.604205 0.998698 0.603291 0.998698 0.602377 0.998698 0.601463 0.998698 0.600548 0.998698 0.599634 0.998698 0.598720 0.998698 0.597806 0.998698 0.596892 0.998698 0.595978 0.998698 0.595064 0.998698 0.594150 0.998698 0.593236
0 0.309245 0.588665 0.308594 0.589580 0.307943 0.589580 0.307292 0.589580 0.306641 0.589580 0.305990 0.590494 0.305339 0.591408 0.304688 0.592322 0.304688 0.593236 0.304036 0.594150 0.304036 0.595064 0.303385 0.595978 0.303385 0.596892 0.304036 0.597806 0.304688 0.598720 0.305339 0.598720 0.305990 0.599634 0.306641 0.599634 0.307292 0.599634 0.307943 0.599634 0.308594 0.600548 0.309245 0.601463 0.309896 0.601463 0.310547 0.602377 0.311198 0.602377 0.311849 0.603291 0.312500 0.603291 0.313151 0.604205 0.313802 0.605119 0.314453 0.605119 0.315104 0.606033 0.315755 0.606947 0.316406 0.606947 0.317057 0.606947 0.317708 0.606947 0.318359 0.607861 0.319010 0.606947 0.319661 0.607861 0.320312 0.607861 0.320964 0.607861 0.321615 0.607861 0.322266 0.607861 0.322917 0.607861 0.323568 0.608775 0.324219 0.608775 0.324870 0.608775 0.325521 0.608775 0.326172 0.609689 0.326823 0.609689 0.327474 0.609689 0.328125 0.608775 0.328776 0.608775 0.329427 0.608775 0.330078 0.609689 0.330729 0.609689 0.331380 0.609689 0.332031 0.608775 0.332682 0.608775 0.333333 0.607861 0.333984 0.607861 0.334635 0.606947 0.335286 0.606947 0.335938 0.606033 0.335938 0.605119 0.336589 0.604205 0.337240 0.603291 0.337240 0.602377 0.337891 0.601463 0.337891 0.600548 0.338542 0.599634 0.339193 0.598720 0.339844 0.597806 0.340495 0.597806 0.341146 0.597806 0.341797 0.597806 0.342448 0.597806 0.343099 0.598720 0.343750 0.597806 0.344401 0.597806 0.345052 0.597806 0.345703 0.596892 0.346354 0.596892 0.346354 0.595978 0.346354 0.595064 0.346354 0.594150 0.345703 0.594150 0.345052 0.593236 0.344401 0.593236 0.343750 0.592322 0.343099 0.591408 0.342448 0.591408 0.341797 0.590494 0.341146 0.590494 0.340495 0.590494 0.339844 0.589580 0.339193 0.589580 0.338542 0.589580 0.337891 0.589580 0.337240 0.590494 0.336589 0.590494 0.335938 0.590494 0.335286 0.590494 0.334635 0.589580 0.333984 0.590494 0.333333 0.589580 0.332682 0.590494 0.332031 0.590494 0.331380 0.590494 0.330729 0.591408 0.330078 0.591408 0.329427 0.592322 0.328776 0.592322 0.328125 0.592322 0.327474 0.592322 0.326823 0.592322 0.326172 0.593236 0.325521 0.593236 0.324870 0.593236 0.324219 0.594150 0.323568 0.595064 0.322917 0.595978 0.322917 0.596892 0.322917 0.597806 0.322266 0.598720 0.322266 0.599634 0.322266 0.600548 0.321615 0.601463 0.320964 0.602377 0.320312 0.601463 0.319661 0.600548 0.319010 0.599634 0.319010 0.598720 0.319010 0.597806 0.318359 0.596892 0.317708 0.595978 0.317057 0.595064 0.316406 0.594150 0.316406 0.593236 0.315755 0.593236 0.315104 0.592322 0.314453 0.592322 0.313802 0.592322 0.313151 0.591408 0.312500 0.590494 0.311849 0.590494 0.311198 0.589580 0.310547 0.589580 0.309896 0.588665
0 0.223307 0.587751 0.222656 0.588665 0.222005 0.588665 0.221354 0.589580 0.220703 0.590494 0.220052 0.591408 0.220052 0.592322 0.220052 0.593236 0.220052 0.594150 0.220052 0.595064 0.220052 0.595978 0.220052 0.596892 0.220052 0.597806 0.220052 0.598720 0.220052 0.599634 0.220052 0.600548 0.220703 0.601463 0.221354 0.602377 0.222005 0.602377 0.222656 0.602377 0.223307 0.602377 0.223958 0.603291 0.224609 0.604205 0.225260 0.605119 0.225911 0.605119 0.226562 0.605119 0.227214 0.606033 0.227865 0.605119 0.228516 0.605119 0.229167 0.606033 0.229818 0.606033 0.230469 0.606033 0.231120 0.606947 0.231771 0.606033 0.232422 0.605119 0.232422 0.604205 0.231771 0.603291 0.231771 0.602377 0.231120 0.601463 0.230469 0.600548 0.229818 0.600548 0.229167 0.599634 0.228516 0.598720 0.228516 0.597806 0.227865 0.596892 0.227214 0.595978 0.227214 0.595064 0.227214 0.594150 0.226562 0.593236 0.226562 0.592322 0.227214 0.591408 0.226562 0.590494 0.226562 0.589580 0.225911 0.588665 0.225260 0.588665 0.224609 0.588665 0.223958 0.587751
0 0.956380 0.585923 0.955729 0.586837 0.955078 0.586837 0.954427 0.586837 0.953776 0.586837 0.953125 0.587751 0.952474 0.587751 0.951823 0.588665 0.951172 0.589580 0.951172 0.590494 0.951172 0.591408 0.951172 0.592322 0.950521 0.593236 0.951172 0.594150 0.950521 0.595064 0.951172 0.595978 0.951172 0.596892 0.951172 0.597806 0.951823 0.598720 0.952474 0.599634 0.953125 0.600548 0.953125 0.601463 0.953125 0.602377 0.953776 0.603291 0.953776 0.604205 0.953776 0.605119 0.953776 0.606033 0.954427 0.606947 0.954427 0.607861 0.953776 0.608775 0.953776 0.609689 0.953125 0.610603 0.952474 0.611517 0.951823 0.611517 0.951172 0.612431 0.950521 0.612431 0.950521 0.613346 0.949870 0.614260 0.950521 0.615174 0.950521 0.616088 0.950521 0.617002 0.950521 0.617916 0.951172 0.618830 0.951172 0.619744 0.950521 0.620658 0.951172 0.621572 0.950521 0.622486 0.950521 0.623400 0.951172 0.624314 0.951823 0.625229 0.952474 0.625229 0.953125 0.625229 0.953776 0.626143 0.954427 0.625229 0.955078 0.625229 0.955729 0.624314 0.956380 0.624314 0.957031 0.624314 0.957682 0.625229 0.958333 0.626143 0.958333 0.627057 0.958333 0.627971 0.958333 0.628885 0.958984 0.629799 0.959635 0.630713 0.960286 0.631627 0.960286 0.632541 0.960938 0.633455 0.961589 0.634369 0.961589 0.635283 0.961589 0.636197 0.962240 0.637112 0.962240 0.638026 0.962240 0.638940 0.962891 0.638940 0.963542 0.639854 0.964193 0.639854 0.964844 0.639854 0.965495 0.639854 0.966146 0.639854 0.966797 0.639854 0.967448 0.638940 0.968099 0.639854 0.968750 0.640768 0.969401 0.641682 0.970052 0.642596 0.970703 0.641682 0.971354 0.641682 0.972005 0.641682 0.972656 0.642596 0.973307 0.643510 0.973958 0.644424 0.974609 0.645338 0.975260 0.646252 0.975911 0.647166 0.976562 0.648080 0.977214 0.648995 0.977865 0.649909 0.978516 0.648995 0.978516 0.648080 0.977865 0.647166 0.978516 0.646252 0.977865 0.645338 0.978516 0.644424 0.978516 0.643510 0.978516 0.642596 0.978516 0.641682 0.977865 0.640768 0.977214 0.639854 0.976562 0.638940 0.975911 0.638026 0.976562 0.637112 0.975911 0.636197 0.975911 0.635283 0.975911 0.634369 0.975911 0.633455 0.975911 0.632541 0.975911 0.631627 0.975911 0.630713 0.975911 0.629799 0.975260 0.628885 0.974609 0.628885 0.973958 0.627971 0.973307 0.628885 0.972656 0.629799 0.972005 0.630713 0.971354 0.629799 0.970703 0.630713 0.970052 0.629799 0.969401 0.628885 0.970052 0.627971 0.969401 0.627057 0.968750 0.626143 0.968099 0.626143 0.967448 0.625229 0.966797 0.624314 0.966146 0.623400 0.965495 0.622486 0.965495 0.621572 0.966146 0.620658 0.965495 0.619744 0.965495 0.618830 0.964844 0.617916 0.964193 0.617916 0.963542 0.617002 0.962891 0.617916 0.962240 0.618830 0.962891 0.619744 0.962240 0.620658 0.961589 0.621572 0.960938 0.622486 0.960286 0.623400 0.959635 0.624314 0.958984 0.624314 0.958333 0.625229 0.957682 0.625229 0.957031 0.624314 0.957031 0.623400 0.957031 0.622486 0.957682 0.621572 0.957031 0.620658 0.957031 0.619744 0.957031 0.618830 0.957031 0.617916 0.957682 0.617002 0.957031 0.616088 0.957682 0.615174 0.958333 0.614260 0.958984 0.613346 0.959635 0.613346 0.960286 0.613346 0.960938 0.613346 0.961589 0.613346 0.962240 0.613346 0.962891 0.613346 0.962891 0.612431 0.963542 0.611517 0.963542 0.610603 0.963542 0.609689 0.962891 0.608775 0.962891 0.607861 0.962240 0.606947 0.962240 0.606033 0.962240 0.605119 0.962240 0.604205 0.962240 0.603291 0.962891 0.602377 0.962240 0.601463 0.962891 0.600548 0.962891 0.599634 0.962891 0.598720 0.962891 0.597806 0.962240 0.596892 0.962891 0.595978 0.962240 0.595064 0.962240 0.594150 0.961589 0.593236 0.961589 0.592322 0.960938 0.591408 0.960938 0.590494 0.960286 0.589580 0.959635 0.588665 0.960286 0.587751 0.959635 0.587751 0.958984 0.586837 0.958333 0.585923 0.957682 0.586837 0.957031 0.585923
0 0.132812 0.583181 0.132161 0.584095 0.131510 0.584095 0.130859 0.584095 0.130208 0.585009 0.129557 0.585923 0.128906 0.586837 0.128255 0.586837 0.127604 0.587751 0.128255 0.587751 0.128906 0.588665 0.129557 0.589580 0.130208 0.589580 0.130859 0.590494 0.131510 0.589580 0.132161 0.589580 0.132812 0.589580 0.133464 0.590494 0.134115 0.589580 0.134766 0.588665 0.135417 0.587751 0.135417 0.586837 0.135417 0.585923 0.135417 0.585009 0.135417 0.584095 0.134766 0.583181 0.134115 0.583181 0.133464 0.583181
0 0.640625 0.574040 0.639974 0.574954 0.639323 0.574954 0.638672 0.575868 0.638021 0.576782 0.638021 0.577697 0.638672 0.578611 0.638672 0.579525 0.639323 0.580439 0.639974 0.581353 0.640625 0.582267 0.640625 0.583181 0.641276 0.584095 0.641927 0.585009 0.642578 0.585923 0.643229 0.585009 0.643880 0.585009 0.644531 0.585009 0.645182 0.584095 0.645833 0.584095 0.646484 0.584095 0.647135 0.584095 0.647786 0.584095 0.648438 0.585009 0.649089 0.585009 0.649740 0.585009 0.650391 0.585009 0.651042 0.584095 0.651693 0.583181 0.651042 0.582267 0.650391 0.581353 0.650391 0.580439 0.650391 0.579525 0.649740 0.579525 0.649089 0.578611 0.648438 0.577697 0.647786 0.577697 0.647135 0.576782 0.646484 0.576782 0.645833 0.575868 0.645182 0.574954 0.644531 0.574954 0.643880 0.574040 0.643229 0.574954 0.642578 0.574040 0.641927 0.574040 0.641276 0.574040
0 0.685547 0.572212 0.684896 0.573126 0.684245 0.573126 0.683594 0.573126 0.682943 0.574040 0.682292 0.574040 0.681641 0.574040 0.680990 0.574040 0.680339 0.574954 0.679688 0.575868 0.679036 0.576782 0.678385 0.577697 0.677734 0.578611 0.677083 0.579525 0.677083 0.580439 0.676432 0.581353 0.676432 0.582267 0.676432 0.583181 0.675781 0.584095 0.675781 0.585009 0.675781 0.585923 0.675130 0.586837 0.674479 0.587751 0.674479 0.588665 0.673828 0.589580 0.673177 0.590494 0.672526 0.590494 0.671875 0.591408 0.671224 0.591408 0.671224 0.592322 0.670573 0.593236 0.669922 0.594150 0.669922 0.595064 0.669271 0.595978 0.669271 0.596892 0.669271 0.597806 0.668620 0.598720 0.668620 0.599634 0.668620 0.600548 0.668620 0.601463 0.668620 0.602377 0.668620 0.603291 0.669271 0.603291 0.669922 0.603291 0.670573 0.603291 0.671224 0.603291 0.671875 0.602377 0.672526 0.602377 0.672526 0.601463 0.672526 0.600548 0.673177 0.599634 0.672526 0.598720 0.673177 0.597806 0.673828 0.596892 0.673828 0.595978 0.674479 0.595064 0.675130 0.594150 0.675781 0.593236 0.676432 0.592322 0.677083 0.593236 0.677734 0.593236 0.678385 0.592322 0.679036 0.592322 0.679688 0.593236 0.680339 0.593236 0.680990 0.594150 0.681641 0.594150 0.682292 0.594150 0.682943 0.595064 0.683594 0.595064 0.684245 0.595064 0.684896 0.595064 0.685547 0.595978 0.686198 0.595978 0.686849 0.595064 0.687500 0.595064 0.688151 0.594150 0.688802 0.593236 0.688802 0.592322 0.688802 0.591408 0.689453 0.590494 0.688802 0.589580 0.688802 0.588665 0.688802 0.587751 0.688802 0.586837 0.688802 0.585923 0.688802 0.585009 0.688802 0.584095 0.689453 0.583181 0.690104 0.582267 0.690104 0.581353 0.690755 0.580439 0.690104 0.579525 0.690104 0.578611 0.690104 0.577697 0.690104 0.576782 0.690104 0.575868 0.689453 0.574954 0.689453 0.574040 0.688802 0.574040 0.688151 0.573126 0.687500 0.572212 0.686849 0.573126 0.686198 0.573126
0 0.671224 0.572212 0.670573 0.573126 0.669922 0.574040 0.669271 0.574954 0.668620 0.575868 0.667969 0.576782 0.667318 0.577697 0.666667 0.577697 0.666016 0.577697 0.665365 0.578611 0.664714 0.579525 0.664714 0.580439 0.664062 0.581353 0.664062 0.582267 0.663411 0.583181 0.663411 0.584095 0.664062 0.585009 0.664714 0.585009 0.665365 0.585009 0.665365 0.584095 0.666016 0.583181 0.666667 0.582267 0.667318 0.582267 0.667969 0.581353 0.668620 0.580439 0.669271 0.579525 0.669922 0.578611 0.670573 0.578611 0.671224 0.577697 0.671875 0.577697 0.671875 0.576782 0.672526 0.575868 0.673177 0.574954 0.673177 0.574040 0.673177 0.573126 0.672526 0.572212 0.671875 0.573126
0 0.308594 0.569470 0.307943 0.570384 0.307292 0.570384 0.307292 0.571298 0.306641 0.572212 0.306641 0.573126 0.307292 0.574040 0.306641 0.574954 0.307292 0.575868 0.307943 0.576782 0.308594 0.577697 0.308594 0.578611 0.309245 0.579525 0.309896 0.580439 0.310547 0.580439 0.311198 0.580439 0.311849 0.580439 0.312500 0.581353 0.313151 0.581353 0.313802 0.582267 0.314453 0.582267 0.315104 0.581353 0.315755 0.580439 0.315755 0.579525 0.315755 0.578611 0.316406 0.577697 0.315755 0.576782 0.315104 0.575868 0.314453 0.574954 0.313802 0.574040 0.313151 0.573126 0.312500 0.573126 0.311849 0.572212 0.311198 0.571298 0.310547 0.570384 0.310547 0.569470 0.309896 0.569470 0.309245 0.570384
0 0.227214 0.559415 0.226562 0.560329 0.225911 0.561243 0.225260 0.562157 0.224609 0.563071 0.224609 0.563985 0.223958 0.564899 0.223958 0.565814 0.223958 0.566728 0.223958 0.567642 0.223958 0.568556 0.223958 0.569470 0.224609 0.570384 0.224609 0.571298 0.225260 0.572212 0.225260 0.573126 0.225260 0.574040 0.225911 0.574954 0.226562 0.575868 0.227214 0.575868 0.227865 0.576782 0.228516 0.577697 0.229167 0.577697 0.229818 0.578611 0.230469 0.579525 0.231120 0.580439 0.231771 0.581353 0.232422 0.581353 0.233073 0.581353 0.233724 0.580439 0.233724 0.579525 0.234375 0.578611 0.234375 0.577697 0.234375 0.576782 0.234375 0.575868 0.234375 0.574954 0.234375 0.574040 0.233724 0.573126 0.233724 0.572212 0.233073 0.572212 0.232422 0.571298 0.231771 0.571298 0.231120 0.570384 0.230469 0.569470 0.230469 0.568556 0.229818 0.567642 0.229818 0.566728 0.229818 0.565814 0.229167 0.564899 0.229167 0.563985 0.229167 0.563071 0.229167 0.562157 0.229167 0.561243 0.228516 0.560329 0.227865 0.559415
0 0.518229 0.558501 0.517578 0.559415 0.516927 0.559415 0.516276 0.559415 0.515625 0.560329 0.514974 0.561243 0.514323 0.562157 0.513672 0.562157 0.513021 0.562157 0.512370 0.563071 0.511719 0.563985 0.511719 0.564899 0.511068 0.565814 0.510417 0.566728 0.511068 0.567642 0.510417 0.568556 0.511068 0.569470 0.511068 0.570384 0.511719 0.570384 0.512370 0.570384 0.513021 0.570384 0.513672 0.569470 0.514323 0.568556 0.514974 0.568556 0.515625 0.568556 0.516276 0.568556 0.516927 0.568556 0.517578 0.567642 0.518229 0.568556 0.518880 0.568556 0.519531 0.567642 0.520182 0.566728 0.520833 0.566728 0.521484 0.566728 0.521484 0.565814 0.522135 0.564899 0.522786 0.563985 0.522786 0.563071 0.523438 0.562157 0.522786 0.561243 0.522786 0.560329 0.522786 0.559415 0.522135 0.558501 0.521484 0.558501 0.520833 0.558501 0.520182 0.558501 0.519531 0.558501 0.518880 0.558501
0 0.243490 0.557587 0.242839 0.558501 0.242188 0.558501 0.241536 0.558501 0.240885 0.559415 0.240234 0.560329 0.239583 0.561243 0.238932 0.562157 0.238281 0.563071 0.238281 0.563985 0.238281 0.564899 0.237630 0.565814 0.238281 0.566728 0.237630 0.567642 0.238281 0.568556 0.237630 0.569470 0.238281 0.570384 0.237630 0.571298 0.237630 0.572212 0.238281 0.573126 0.237630 0.574040 0.238281 0.574954 0.237630 0.575868 0.238281 0.576782 0.237630 0.577697 0.238281 0.578611 0.238281 0.579525 0.238281 0.580439 0.238281 0.581353 0.238281 0.582267 0.237630 0.583181 0.237630 0.584095 0.236979 0.585009 0.236979 0.585923 0.237630 0.586837 0.236979 0.587751 0.237630 0.588665 0.238281 0.589580 0.238932 0.590494 0.239583 0.591408 0.239583 0.592322 0.239583 0.593236 0.239583 0.594150 0.240234 0.595064 0.239583 0.595978 0.239583 0.596892 0.238932 0.597806 0.238281 0.598720 0.237630 0.599634 0.236979 0.600548 0.236328 0.601463 0.235677 0.601463 0.235026 0.602377 0.235677 0.603291 0.235677 0.604205 0.236328 0.605119 0.236979 0.605119 0.237630 0.605119 0.238281 0.606033 0.238932 0.606947 0.239583 0.607861 0.239583 0.608775 0.239583 0.609689 0.239583 0.610603 0.238932 0.611517 0.239583 0.612431 0.239583 0.613346 0.238932 0.614260 0.238281 0.615174 0.237630 0.615174 0.236979 0.616088 0.236328 0.617002 0.235677 0.617002 0.236328 0.617916 0.236328 0.618830 0.236979 0.619744 0.236979 0.620658 0.237630 0.621572 0.238281 0.622486 0.237630 0.623400 0.238281 0.624314 0.237630 0.625229 0.236979 0.626143 0.236328 0.627057 0.235677 0.626143 0.235026 0.627057 0.234375 0.626143 0.233724 0.627057 0.233073 0.627971 0.232422 0.628885 0.231771 0.629799 0.232422 0.630713 0.232422 0.631627 0.233073 0.632541 0.233724 0.633455 0.234375 0.633455 0.235026 0.633455 0.235677 0.633455 0.236328 0.634369 0.236979 0.634369 0.237630 0.634369 0.238281 0.634369 0.238932 0.633455 0.239583 0.633455 0.240234 0.633455 0.240885 0.634369 0.241536 0.635283 0.242188 0.635283 0.242839 0.636197 0.243490 0.637112 0.244141 0.638026 0.244141 0.638940 0.244141 0.639854 0.244141 0.640768 0.244141 0.641682 0.244792 0.642596 0.245443 0.642596 0.246094 0.643510 0.246745 0.644424 0.247396 0.645338 0.247396 0.646252 0.246745 0.647166 0.246094 0.648080 0.245443 0.648995 0.244792 0.648995 0.244141 0.649909 0.244141 0.650823 0.243490 0.651737 0.243490 0.652651 0.242839 0.653565 0.242188 0.654479 0.241536 0.654479 0.240885 0.655393 0.240234 0.655393 0.239583 0.656307 0.238932 0.656307 0.238281 0.656307 0.237630 0.657221 0.236979 0.656307 0.236328 0.655393 0.236979 0.654479 0.236979 0.653565 0.236328 0.652651 0.236328 0.651737 0.236979 0.650823 0.236328 0.649909 0.236328 0.648995 0.236328 0.648080 0.236328 0.647166 0.235677 0.646252 0.235026 0.645338 0.234375 0.645338 0.233724 0.645338 0.233073 0.645338 0.232422 0.644424 0.231771 0.645338 0.231771 0.646252 0.231120 0.647166 0.231120 0.648080 0.231771 0.648995 0.232422 0.649909 0.233073 0.650823 0.233724 0.650823 0.234375 0.651737 0.235026 0.652651 0.234375 0.653565 0.235026 0.654479 0.235677 0.655393 0.236328 0.656307 0.236979 0.656307 0.237630 0.657221 0.238281 0.658135 0.237630 0.659049 0.238281 0.659963 0.238281 0.660878 0.238281 0.661792 0.238281 0.662706 0.237630 0.663620 0.236979 0.664534 0.236328 0.665448 0.235677 0.665448 0.235026 0.665448 0.234375 0.666362 0.233724 0.667276 0.233724 0.668190 0.234375 0.669104 0.235026 0.670018 0.235677 0.670018 0.236328 0.670932 0.236979 0.671846 0.236328 0.672761 0.235677 0.673675 0.235677 0.674589 0.235026 0.675503 0.235026 0.676417 0.234375 0.677331 0.233724 0.678245 0.233724 0.679159 0.233724 0.680073 0.233073 0.680987 0.233073 0.681901 0.233073 0.682815 0.233073 0.683729 0.233073 0.684644 0.233073 0.685558 0.233073 0.686472 0.233073 0.687386 0.233073 0.688300 0.233073 0.689214 0.233073 0.690128 0.233073 0.691042 0.233073 0.691956 0.233073 0.692870 0.232422 0.693784 0.233073 0.694698 0.233073 0.695612 0.233073 0.696527 0.233073 0.697441 0.233724 0.698355 0.233073 0.699269 0.233724 0.699269 0.234375 0.700183 0.235026 0.701097 0.235026 0.702011 0.235677 0.702011 0.236328 0.702011 0.236979 0.702925 0.237630 0.702925 0.238281 0.702925 0.238932 0.702925 0.239583 0.702011 0.240234 0.702011 0.240885 0.702011 0.241536 0.702011 0.242188 0.701097 0.242839 0.701097 0.243490 0.701097 0.244141 0.700183 0.244792 0.700183 0.245443 0.701097 0.246094 0.702011 0.246094 0.702925 0.245443 0.703839 0.246094 0.704753 0.245443 0.705667 0.245443 0.706581 0.245443 0.707495 0.246094 0.708410 0.246745 0.709324 0.247396 0.710238 0.247396 0.711152 0.248047 0.711152 0.248698 0.711152 0.249349 0.711152 0.250000 0.712066 0.250651 0.712066 0.251302 0.712066 0.251953 0.712066 0.252604 0.711152 0.253255 0.711152 0.253906 0.712066 0.254557 0.712066 0.255208 0.712066 0.255859 0.711152 0.256510 0.710238 0.257161 0.709324 0.257812 0.708410 0.257812 0.707495 0.257812 0.706581 0.257812 0.705667 0.257161 0.704753 0.257161 0.703839 0.256510 0.702925 0.256510 0.702011 0.256510 0.701097 0.257161 0.700183 0.257812 0.699269 0.258464 0.700183 0.259115 0.700183 0.259766 0.701097 0.260417 0.700183 0.261068 0.701097 0.261719 0.702011 0.262370 0.701097 0.263021 0.702011 0.263672 0.702011 0.264323 0.702011 0.264974 0.702011 0.265625 0.702925 0.266276 0.702925 0.266927 0.702011 0.267578 0.702011 0.268229 0.702011 0.268880 0.702925 0.269531 0.703839 0.269531 0.704753 0.269531 0.705667 0.268880 0.706581 0.268880 0.707495 0.269531 0.708410 0.270182 0.708410 0.270833 0.708410 0.271484 0.708410 0.272135 0.708410 0.272786 0.707495 0.272786 0.706581 0.272786 0.705667 0.273438 0.704753 0.272786 0.703839 0.272786 0.702925 0.272786 0.702011 0.272135 0.701097 0.271484 0.700183 0.272135 0.699269 0.272135 0.698355 0.272786 0.697441 0.272786 0.696527 0.273438 0.695612 0.274089 0.694698 0.274740 0.693784 0.274740 0.692870 0.274740 0.691956 0.275391 0.691042 0.275391 0.690128 0.276042 0.689214 0.276042 0.688300 0.276042 0.687386 0.276693 0.686472 0.276042 0.685558 0.276693 0.684644 0.276693 0.683729 0.276042 0.682815 0.276042 0.681901 0.276693 0.680987 0.276042 0.680073 0.275391 0.679159 0.275391 0.678245 0.275391 0.677331 0.274740 0.676417 0.274740 0.675503 0.274740 0.674589 0.274740 0.673675 0.274089 0.673675 0.273438 0.672761 0.272786 0.671846 0.272786 0.670932 0.272135 0.670932 0.271484 0.670018 0.270833 0.670018 0.270182 0.669104 0.269531 0.669104 0.268880 0.668190 0.268229 0.669104 0.267578 0.669104 0.266927 0.669104 0.266276 0.670018 0.265625 0.669104 0.264974 0.670018 0.264323 0.670018 0.263672 0.670932 0.263021 0.670932 0.262370 0.670018 0.261719 0.670932 0.261068 0.670932 0.260417 0.671846 0.259766 0.672761 0.259766 0.673675 0.259115 0.674589 0.258464 0.675503 0.258464 0.676417 0.258464 0.677331 0.257812 0.678245 0.258464 0.679159 0.258464 0.680073 0.258464 0.680987 0.258464 0.681901 0.259115 0.682815 0.258464 0.683729 0.258464 0.684644 0.258464 0.685558 0.258464 0.686472 0.257812 0.687386 0.257161 0.688300 0.256510 0.689214 0.255859 0.690128 0.255208 0.691042 0.255208 0.691956 0.255208 0.692870 0.255208 0.693784 0.255208 0.694698 0.255859 0.695612 0.255859 0.696527 0.256510 0.697441 0.257161 0.698355 0.257161 0.699269 0.257161 0.700183 0.256510 0.701097 0.255859 0.702011 0.255208 0.701097 0.254557 0.701097 0.253906 0.701097 0.253255 0.702011 0.252604 0.702011 0.251953 0.701097 0.251302 0.701097 0.250651 0.701097 0.250000 0.701097 0.249349 0.701097 0.248698 0.701097 0.248047 0.701097 0.247396 0.700183 0.246745 0.699269 0.247396 0.698355 0.246745 0.697441 0.247396 0.696527 0.247396 0.695612 0.247396 0.694698 0.248047 0.693784 0.248047 0.692870 0.248047 0.691956 0.248047 0.691042 0.248047 0.690128 0.248047 0.689214 0.248047 0.688300 0.248698 0.687386 0.248047 0.686472 0.248047 0.685558 0.248047 0.684644 0.248047 0.683729 0.248047 0.682815 0.248047 0.681901 0.248047 0.680987 0.248047 0.680073 0.248047 0.679159 0.248047 0.678245 0.248047 0.677331 0.247396 0.676417 0.248047 0.675503 0.247396 0.674589 0.246745 0.673675 0.246094 0.672761 0.245443 0.672761 0.244792 0.671846 0.244141 0.671846 0.243490 0.670932 0.242839 0.670018 0.242188 0.670018 0.241536 0.670018 0.240885 0.669104 0.240234 0.668190 0.240234 0.667276 0.239583 0.666362 0.240234 0.665448 0.240885 0.664534 0.241536 0.664534 0.241536 0.663620 0.242188 0.662706 0.242839 0.661792 0.242839 0.660878 0.243490 0.659963 0.243490 0.659049 0.243490 0.658135 0.244141 0.657221 0.244792 0.656307 0.245443 0.655393 0.246094 0.654479 0.246745 0.653565 0.247396 0.653565 0.248047 0.652651 0.248698 0.651737 0.249349 0.650823 0.250000 0.649909 0.250651 0.648995 0.251302 0.648080 0.251953 0.647166 0.252604 0.647166 0.252604 0.646252 0.253255 0.645338 0.253255 0.644424 0.253255 0.643510 0.253255 0.642596 0.253906 0.641682 0.254557 0.640768 0.255208 0.639854 0.255208 0.638940 0.255859 0.638026 0.255859 0.637112 0.255859 0.636197 0.255859 0.635283 0.256510 0.634369 0.257161 0.633455 0.257812 0.633455 0.257161 0.632541 0.257812 0.631627 0.258464 0.630713 0.258464 0.629799 0.258464 0.628885 0.259115 0.627971 0.259766 0.627057 0.260417 0.626143 0.261068 0.626143 0.261719 0.626143 0.262370 0.625229 0.263021 0.625229 0.263672 0.625229 0.264323 0.625229 0.264323 0.624314 0.264974 0.623400 0.265625 0.622486 0.265625 0.621572 0.266276 0.620658 0.265625 0.619744 0.266276 0.618830 0.265625 0.617916 0.265625 0.617002 0.265625 0.616088 0.266276 0.615174 0.266276 0.614260 0.266927 0.613346 0.267578 0.612431 0.267578 0.611517 0.268229 0.610603 0.268229 0.609689 0.268229 0.608775 0.268229 0.607861 0.268880 0.606947 0.268880 0.606033 0.268880 0.605119 0.268229 0.605119 0.267578 0.606033 0.266927 0.605119 0.266276 0.605119 0.265625 0.605119 0.264974 0.606033 0.264323 0.606033 0.263672 0.606947 0.263021 0.607861 0.262370 0.608775 0.261719 0.608775 0.261068 0.609689 0.260417 0.610603 0.260417 0.611517 0.259766 0.612431 0.259115 0.613346 0.258464 0.614260 0.257812 0.614260 0.257161 0.613346 0.256510 0.612431 0.255859 0.612431 0.255208 0.613346 0.254557 0.614260 0.254557 0.615174 0.253906 0.616088 0.253906 0.617002 0.253906 0.617916 0.253906 0.618830 0.253255 0.619744 0.253906 0.620658 0.253255 0.621572 0.253255 0.622486 0.253255 0.623400 0.252604 0.624314 0.251953 0.625229 0.251953 0.626143 0.251302 0.627057 0.251302 0.627971 0.250651 0.628885 0.250651 0.629799 0.250651 0.630713 0.250000 0.631627 0.249349 0.632541 0.248698 0.633455 0.248047 0.634369 0.247396 0.633455 0.246745 0.632541 0.246094 0.631627 0.246094 0.630713 0.246094 0.629799 0.246094 0.628885 0.246094 0.627971 0.246094 0.627057 0.246745 0.626143 0.246745 0.625229 0.246745 0.624314 0.247396 0.623400 0.248047 0.622486 0.248047 0.621572 0.248047 0.620658 0.248047 0.619744 0.248047 0.618830 0.247396 0.617916 0.247396 0.617002 0.247396 0.616088 0.246745 0.615174 0.246745 0.614260 0.246094 0.613346 0.246094 0.612431 0.245443 0.611517 0.246094 0.610603 0.246094 0.609689 0.246094 0.608775 0.246094 0.607861 0.246745 0.606947 0.246745 0.606033 0.246745 0.605119 0.246745 0.604205 0.246745 0.603291 0.246745 0.602377 0.246745 0.601463 0.246094 0.600548 0.246094 0.599634 0.246745 0.598720 0.246745 0.597806 0.247396 0.596892 0.248047 0.595978 0.248698 0.595064 0.249349 0.595064 0.250000 0.594150 0.250651 0.594150 0.251302 0.593236 0.251953 0.593236 0.252604 0.593236 0.253255 0.592322 0.253906 0.591408 0.254557 0.591408 0.253906 0.590494 0.253906 0.589580 0.253255 0.589580 0.252604 0.588665 0.251953 0.588665 0.251302 0.587751 0.250651 0.586837 0.250000 0.585923 0.249349 0.585009 0.249349 0.584095 0.248698 0.583181 0.248047 0.583181 0.247396 0.582267 0.246745 0.581353 0.246745 0.580439 0.246745 0.579525 0.247396 0.578611 0.247396 0.577697 0.247396 0.576782 0.248047 0.575868 0.247396 0.574954 0.247396 0.574040 0.247396 0.573126 0.248047 0.572212 0.248047 0.571298 0.248047 0.570384 0.248047 0.569470 0.248047 0.568556 0.248047 0.567642 0.248047 0.566728 0.248047 0.565814 0.248047 0.564899 0.247396 0.563985 0.247396 0.563071 0.247396 0.562157 0.247396 0.561243 0.246745 0.560329 0.246745 0.559415 0.246094 0.559415 0.245443 0.558501 0.244792 0.558501 0.244141 0.558501
0 0.766927 0.552102 0.766276 0.553016 0.765625 0.553016 0.764974 0.553016 0.764323 0.553931 0.764323 0.554845 0.764323 0.555759 0.763672 0.556673 0.764323 0.557587 0.764323 0.558501 0.764323 0.559415 0.763672 0.560329 0.764323 0.561243 0.763672 0.562157 0.763021 0.563071 0.762370 0.563985 0.761719 0.563985 0.761068 0.563985 0.761068 0.564899 0.761719 0.565814 0.761719 0.566728 0.761719 0.567642 0.761068 0.568556 0.761719 0.569470 0.761068 0.570384 0.760417 0.571298 0.759766 0.571298 0.759115 0.570384 0.758464 0.571298 0.757812 0.572212 0.757161 0.572212 0.756510 0.573126 0.755859 0.574040 0.755859 0.574954 0.755859 0.575868 0.756510 0.576782 0.756510 0.577697 0.757161 0.578611 0.757812 0.578611 0.758464 0.578611 0.759115 0.579525 0.759766 0.579525 0.760417 0.580439 0.761068 0.580439 0.761719 0.581353 0.762370 0.582267 0.763021 0.582267 0.763672 0.582267 0.764323 0.582267 0.764974 0.582267 0.765625 0.581353 0.765625 0.580439 0.765625 0.579525 0.765625 0.578611 0.764974 0.577697 0.764974 0.576782 0.764323 0.575868 0.764974 0.574954 0.765625 0.574040 0.766276 0.574040 0.766927 0.574954 0.767578 0.574040 0.768229 0.574954 0.768880 0.574954 0.769531 0.574040 0.770182 0.574954 0.770833 0.574040 0.771484 0.573126 0.772135 0.572212 0.772786 0.572212 0.772786 0.571298 0.772786 0.570384 0.772786 0.569470 0.772786 0.568556 0.772786 0.567642 0.772786 0.566728 0.772786 0.565814 0.772786 0.564899 0.772135 0.563985 0.772135 0.563071 0.771484 0.562157 0.771484 0.561243 0.770833 0.560329 0.770833 0.559415 0.770833 0.558501 0.770182 0.557587 0.769531 0.556673 0.769531 0.555759 0.770182 0.554845 0.769531 0.553931 0.768880 0.553016 0.768229 0.553016 0.767578 0.552102
0 0.777344 0.550274 0.776693 0.551188 0.776042 0.551188 0.775391 0.552102 0.774740 0.553016 0.774740 0.553931 0.774740 0.554845 0.775391 0.555759 0.774740 0.556673 0.774740 0.557587 0.775391 0.557587 0.776042 0.558501 0.776693 0.559415 0.777344 0.560329 0.777344 0.561243 0.777995 0.561243 0.778646 0.562157 0.779297 0.563071 0.779948 0.562157 0.780599 0.563071 0.781250 0.563071 0.781901 0.562157 0.781901 0.561243 0.781901 0.560329 0.781901 0.559415 0.781901 0.558501 0.781901 0.557587 0.781901 0.556673 0.781250 0.555759 0.780599 0.554845 0.780599 0.553931 0.779948 0.553016 0.779948 0.552102 0.779297 0.551188 0.778646 0.551188 0.777995 0.551188
0 0.473958 0.550274 0.473307 0.551188 0.472656 0.551188 0.472005 0.551188 0.472005 0.552102 0.471354 0.553016 0.472005 0.553931 0.472656 0.554845 0.472656 0.555759 0.473307 0.555759 0.473958 0.556673 0.474609 0.556673 0.475260 0.557587 0.475911 0.557587 0.476562 0.558501 0.477214 0.558501 0.477865 0.559415 0.478516 0.559415 0.479167 0.558501 0.479818 0.557587 0.479167 0.556673 0.479167 0.555759 0.478516 0.555759 0.477865 0.554845 0.477214 0.553931 0.477214 0.553016 0.476562 0.552102 0.475911 0.552102 0.475260 0.551188 0.474609 0.551188
0 0.789062 0.549360 0.788411 0.550274 0.787760 0.550274 0.787109 0.550274 0.786458 0.551188 0.785807 0.552102 0.786458 0.553016 0.785807 0.553931 0.785807 0.554845 0.786458 0.555759 0.785807 0.556673 0.786458 0.557587 0.785807 0.558501 0.785807 0.559415 0.786458 0.560329 0.786458 0.561243 0.785807 0.562157 0.785156 0.563071 0.784505 0.563985 0.783854 0.563985 0.783854 0.564899 0.783203 0.565814 0.782552 0.566728 0.782552 0.567642 0.781901 0.568556 0.781250 0.569470 0.781901 0.570384 0.781250 0.571298 0.781250 0.572212 0.780599 0.573126 0.781250 0.574040 0.780599 0.574954 0.780599 0.575868 0.780599 0.576782 0.780599 0.577697 0.779948 0.578611 0.780599 0.579525 0.779948 0.580439 0.780599 0.581353 0.779948 0.582267 0.779297 0.583181 0.779297 0.584095 0.778646 0.585009 0.778646 0.585923 0.777995 0.586837 0.777995 0.587751 0.777344 0.588665 0.776693 0.589580 0.776042 0.590494 0.775391 0.591408 0.774740 0.591408 0.774089 0.592322 0.773438 0.592322 0.772786 0.591408 0.772135 0.591408 0.771484 0.591408 0.770833 0.592322 0.770182 0.592322 0.770182 0.593236 0.770182 0.594150 0.770182 0.595064 0.770182 0.595978 0.770833 0.595978 0.771484 0.596892 0.772135 0.595978 0.772786 0.596892 0.773438 0.597806 0.773438 0.598720 0.774089 0.599634 0.774740 0.600548 0.774740 0.601463 0.775391 0.602377 0.776042 0.603291 0.776693 0.604205 0.776693 0.605119 0.776693 0.606033 0.777344 0.606947 0.777995 0.607861 0.777995 0.608775 0.777995 0.609689 0.778646 0.610603 0.778646 0.611517 0.777995 0.612431 0.777995 0.613346 0.777995 0.614260 0.777995 0.615174 0.777995 0.616088 0.777344 0.617002 0.777995 0.617916 0.777344 0.618830 0.777995 0.619744 0.777995 0.620658 0.777995 0.621572 0.778646 0.622486 0.778646 0.623400 0.778646 0.624314 0.778646 0.625229 0.778646 0.626143 0.778646 0.627057 0.777995 0.627971 0.777344 0.628885 0.776693 0.628885 0.776042 0.628885 0.775391 0.627971 0.774740 0.627057 0.774740 0.626143 0.774740 0.625229 0.774740 0.624314 0.774740 0.623400 0.774740 0.622486 0.774740 0.621572 0.774740 0.620658 0.774740 0.619744 0.774740 0.618830 0.774089 0.617916 0.774089 0.617002 0.774089 0.616088 0.774089 0.615174 0.773438 0.614260 0.772786 0.613346 0.772135 0.612431 0.771484 0.611517 0.771484 0.610603 0.770833 0.609689 0.770182 0.608775 0.769531 0.607861 0.768880 0.607861 0.768229 0.606947 0.767578 0.606947 0.766927 0.606033 0.766276 0.605119 0.765625 0.604205 0.764974 0.603291 0.764323 0.602377 0.763672 0.602377 0.763021 0.602377 0.762370 0.601463 0.761719 0.600548 0.761068 0.599634 0.760417 0.598720 0.759766 0.599634 0.759115 0.599634 0.758464 0.600548 0.758464 0.601463 0.758464 0.602377 0.757812 0.603291 0.758464 0.603291 0.759115 0.604205 0.759766 0.605119 0.760417 0.605119 0.761068 0.606033 0.761719 0.606033 0.762370 0.606947 0.763021 0.606947 0.763672 0.607861 0.764323 0.608775 0.764323 0.609689 0.764323 0.610603 0.763672 0.611517 0.763672 0.612431 0.763021 0.613346 0.763021 0.614260 0.763021 0.615174 0.763672 0.616088 0.764323 0.617002 0.764323 0.617916 0.764974 0.618830 0.765625 0.618830 0.766276 0.619744 0.766927 0.620658 0.767578 0.621572 0.767578 0.622486 0.768229 0.623400 0.768880 0.624314 0.769531 0.625229 0.770182 0.626143 0.770182 0.627057 0.770833 0.627971 0.770833 0.628885 0.771484 0.629799 0.771484 0.630713 0.772135 0.631627 0.772786 0.632541 0.772786 0.633455 0.773438 0.634369 0.774089 0.634369 0.774740 0.635283 0.775391 0.636197 0.776042 0.637112 0.776042 0.638026 0.776693 0.638940 0.777344 0.638940 0.777995 0.639854 0.778646 0.640768 0.779297 0.641682 0.779948 0.642596 0.780599 0.642596 0.781250 0.643510 0.781901 0.643510 0.782552 0.644424 0.783203 0.645338 0.783203 0.646252 0.783854 0.646252 0.784505 0.646252 0.785156 0.646252 0.785807 0.646252 0.786458 0.646252 0.787109 0.646252 0.787760 0.646252 0.788411 0.646252 0.789062 0.646252 0.789714 0.646252 0.790365 0.645338 0.791016 0.645338 0.791667 0.645338 0.792318 0.645338 0.792969 0.645338 0.793620 0.645338 0.794271 0.646252 0.794922 0.646252 0.795573 0.647166 0.796224 0.648080 0.796875 0.648080 0.797526 0.648080 0.798177 0.648080 0.798828 0.648080 0.799479 0.648995 0.800130 0.648080 0.800781 0.648080 0.801432 0.648080 0.802083 0.648080 0.802734 0.648080 0.803385 0.648080 0.804036 0.648080 0.804688 0.647166 0.805339 0.646252 0.805990 0.646252 0.805990 0.645338 0.806641 0.644424 0.807292 0.643510 0.807292 0.642596 0.807292 0.641682 0.807292 0.640768 0.807292 0.639854 0.807292 0.638940 0.806641 0.638940 0.805990 0.638940 0.805339 0.638026 0.804688 0.638026 0.804036 0.638940 0.803385 0.638940 0.802734 0.639854 0.802083 0.639854 0.801432 0.639854 0.800781 0.640768 0.800130 0.640768 0.799479 0.639854 0.798828 0.639854 0.798177 0.638940 0.797526 0.638940 0.796875 0.638940 0.796224 0.638026 0.795573 0.638026 0.794922 0.638940 0.794271 0.639854 0.793620 0.638940 0.792969 0.638026 0.792318 0.638026 0.791667 0.637112 0.791016 0.636197 0.790365 0.635283 0.789714 0.634369 0.789714 0.633455 0.789062 0.632541 0.788411 0.631627 0.787760 0.630713 0.787760 0.629799 0.787109 0.628885 0.786458 0.628885 0.785807 0.628885 0.785156 0.627971 0.784505 0.627057 0.783854 0.626143 0.783203 0.625229 0.783203 0.624314 0.783203 0.623400 0.783854 0.622486 0.783854 0.621572 0.784505 0.620658 0.784505 0.619744 0.785156 0.618830 0.784505 0.617916 0.785156 0.617002 0.785156 0.616088 0.785156 0.615174 0.785156 0.614260 0.785807 0.613346 0.785807 0.612431 0.785156 0.611517 0.785156 0.610603 0.785807 0.609689 0.785807 0.608775 0.785807 0.607861 0.786458 0.606947 0.785807 0.606033 0.786458 0.605119 0.785807 0.604205 0.785156 0.603291 0.785807 0.602377 0.785156 0.601463 0.785156 0.600548 0.785156 0.599634 0.784505 0.599634 0.783854 0.598720 0.783203 0.598720 0.782552 0.599634 0.781901 0.598720 0.781250 0.598720 0.780599 0.598720 0.779948 0.598720 0.779297 0.597806 0.778646 0.596892 0.778646 0.595978 0.778646 0.595064 0.779297 0.594150 0.778646 0.593236 0.779297 0.592322 0.779948 0.591408 0.780599 0.591408 0.781250 0.590494 0.781901 0.590494 0.782552 0.589580 0.783203 0.589580 0.783203 0.588665 0.783203 0.587751 0.783854 0.586837 0.784505 0.585923 0.783854 0.585009 0.784505 0.584095 0.784505 0.583181 0.785156 0.582267 0.785156 0.581353 0.785807 0.580439 0.785807 0.579525 0.786458 0.578611 0.787109 0.577697 0.787109 0.576782 0.786458 0.575868 0.786458 0.574954 0.785807 0.574040 0.786458 0.573126 0.786458 0.572212 0.787109 0.571298 0.787760 0.570384 0.788411 0.569470 0.789062 0.569470 0.789062 0.568556 0.789714 0.567642 0.790365 0.566728 0.791016 0.566728 0.791667 0.566728 0.792318 0.567642 0.792969 0.566728 0.793620 0.565814 0.794271 0.565814 0.794922 0.564899 0.794922 0.563985 0.794922 0.563071 0.794922 0.562157 0.794922 0.561243 0.794271 0.560329 0.794271 0.559415 0.793620 0.558501 0.794271 0.557587 0.794271 0.556673 0.793620 0.555759 0.792969 0.554845 0.793620 0.553931 0.792969 0.553016 0.792969 0.552102 0.792318 0.551188 0.791667 0.550274 0.791016 0.550274 0.790365 0.550274 0.789714 0.550274
0 0.352865 0.549360 0.352214 0.550274 0.351562 0.550274 0.350911 0.550274 0.350260 0.550274 0.349609 0.550274 0.349609 0.551188 0.348958 0.552102 0.348958 0.553016 0.348307 0.553931 0.348307 0.554845 0.347656 0.555759 0.347005 0.556673 0.347005 0.557587 0.346354 0.558501 0.345703 0.559415 0.345052 0.559415 0.344401 0.560329 0.343750 0.561243 0.343099 0.561243 0.342448 0.561243 0.341797 0.562157 0.341797 0.563071 0.341146 0.563985 0.340495 0.564899 0.339844 0.565814 0.339193 0.565814 0.338542 0.566728 0.337891 0.565814 0.337240 0.565814 0.337240 0.566728 0.337240 0.567642 0.336589 0.568556 0.336589 0.569470 0.335938 0.570384 0.335938 0.571298 0.336589 0.572212 0.336589 0.573126 0.337240 0.574040 0.337891 0.574040 0.338542 0.574954 0.339193 0.574954 0.339844 0.575868 0.340495 0.575868 0.341146 0.576782 0.341797 0.576782 0.342448 0.576782 0.343099 0.576782 0.343750 0.575868 0.344401 0.575868 0.344401 0.574954 0.343750 0.574040 0.344401 0.573126 0.343750 0.573126 0.343099 0.572212 0.342448 0.571298 0.343099 0.570384 0.343750 0.569470 0.344401 0.569470 0.345052 0.568556 0.345703 0.568556 0.346354 0.568556 0.347005 0.567642 0.347656 0.566728 0.348307 0.566728 0.348958 0.566728 0.349609 0.565814 0.350260 0.564899 0.350911 0.565814 0.351562 0.565814 0.352214 0.565814 0.352865 0.564899 0.353516 0.565814 0.354167 0.565814 0.354818 0.564899 0.355469 0.565814 0.356120 0.565814 0.356771 0.566728 0.357422 0.566728 0.358073 0.566728 0.358724 0.566728 0.359375 0.566728 0.360026 0.566728 0.360677 0.565814 0.361328 0.566728 0.361328 0.565814 0.361979 0.564899 0.362630 0.563985 0.363281 0.563071 0.362630 0.562157 0.362630 0.561243 0.361979 0.560329 0.362630 0.559415 0.362630 0.558501 0.361979 0.557587 0.361328 0.556673 0.361328 0.555759 0.361979 0.554845 0.361979 0.553931 0.361328 0.553016 0.360677 0.552102 0.360677 0.551188 0.360026 0.551188 0.359375 0.552102 0.358724 0.552102 0.358073 0.552102 0.357422 0.552102 0.356771 0.552102 0.356120 0.552102 0.355469 0.551188 0.354818 0.550274 0.354167 0.550274 0.353516 0.550274
0 0.485677 0.546618 0.485026 0.547532 0.484375 0.547532 0.483724 0.548446 0.483073 0.549360 0.482422 0.549360 0.481771 0.550274 0.482422 0.551188 0.482422 0.552102 0.482422 0.553016 0.483073 0.553931 0.483724 0.554845 0.484375 0.555759 0.485026 0.556673 0.485026 0.557587 0.485677 0.558501 0.486328 0.559415 0.486979 0.558501 0.487630 0.558501 0.488281 0.559415 0.488932 0.560329 0.488932 0.559415 0.488932 0.558501 0.488932 0.557587 0.488281 0.556673 0.488281 0.555759 0.487630 0.554845 0.487630 0.553931 0.487630 0.553016 0.486979 0.552102 0.486979 0.551188 0.487630 0.550274 0.486979 0.549360 0.486979 0.548446 0.486979 0.547532 0.486328 0.546618
0 0.854167 0.544790 0.853516 0.545704 0.852865 0.546618 0.853516 0.547532 0.853516 0.548446 0.853516 0.549360 0.853516 0.550274 0.853516 0.551188 0.853516 0.552102 0.852865 0.553016 0.852214 0.553931 0.851562 0.554845 0.850911 0.554845 0.850260 0.555759 0.849609 0.556673 0.848958 0.556673 0.848958 0.557587 0.848958 0.558501 0.848958 0.559415 0.848958 0.560329 0.849609 0.561243 0.850260 0.561243 0.850911 0.562157 0.851562 0.563071 0.852214 0.563071 0.852865 0.562157 0.853516 0.563071 0.854167 0.563071 0.854818 0.563071 0.855469 0.563071 0.856120 0.563071 0.856771 0.563071 0.857422 0.563071 0.858073 0.563071 0.858724 0.562157 0.859375 0.561243 0.858724 0.560329 0.858724 0.559415 0.858073 0.558501 0.858073 0.557587 0.858073 0.556673 0.858073 0.555759 0.858073 0.554845 0.858724 0.553931 0.859375 0.553016 0.859375 0.552102 0.859375 0.551188 0.858724 0.550274 0.858724 0.549360 0.858073 0.548446 0.857422 0.547532 0.857422 0.546618 0.856771 0.546618 0.856120 0.545704 0.855469 0.545704 0.854818 0.544790
0 0.687500 0.544790 0.686849 0.545704 0.686198 0.545704 0.685547 0.546618 0.684896 0.546618 0.684245 0.546618 0.683594 0.547532 0.682943 0.547532 0.682292 0.547532 0.681641 0.547532 0.680990 0.547532 0.680339 0.547532 0.679688 0.547532 0.679036 0.548446 0.678385 0.549360 0.677734 0.549360 0.677083 0.549360 0.676432 0.549360 0.675781 0.549360 0.675130 0.550274 0.674479 0.550274 0.673828 0.550274 0.673177 0.551188 0.672526 0.552102 0.671875 0.553016 0.671224 0.553931 0.671224 0.554845 0.671875 0.555759 0.672526 0.556673 0.673177 0.556673 0.673828 0.556673 0.674479 0.555759 0.675130 0.555759 0.675781 0.555759 0.676432 0.555759 0.677083 0.555759 0.677734 0.555759 0.678385 0.555759 0.679036 0.555759 0.679688 0.555759 0.680339 0.555759 0.680990 0.555759 0.681641 0.555759 0.682292 0.555759 0.682943 0.554845 0.683594 0.554845 0.684245 0.554845 0.684896 0.553931 0.685547 0.553931 0.686198 0.553931 0.686849 0.554845 0.687500 0.553931 0.688151 0.553016 0.688802 0.552102 0.689453 0.551188 0.690104 0.551188 0.690755 0.550274 0.690755 0.549360 0.691406 0.548446 0.690755 0.547532 0.690755 0.546618 0.690755 0.545704 0.690104 0.544790 0.689453 0.544790 0.688802 0.544790 0.688151 0.544790
0 0.069010 0.539305 0.068359 0.540219 0.067708 0.541133 0.067057 0.542048 0.067057 0.542962 0.066406 0.543876 0.065755 0.544790 0.065755 0.545704 0.065755 0.546618 0.065755 0.547532 0.065755 0.548446 0.066406 0.549360 0.066406 0.550274 0.067057 0.551188 0.067708 0.552102 0.068359 0.553016 0.069010 0.553931 0.069661 0.554845 0.070312 0.555759 0.070964 0.556673 0.071615 0.557587 0.072266 0.558501 0.072266 0.559415 0.072266 0.560329 0.072917 0.561243 0.072266 0.562157 0.072266 0.563071 0.072266 0.563985 0.072266 0.564899 0.072266 0.565814 0.072917 0.566728 0.073568 0.567642 0.074219 0.567642 0.074870 0.568556 0.075521 0.567642 0.076172 0.568556 0.076823 0.569470 0.076823 0.570384 0.077474 0.571298 0.078125 0.572212 0.078125 0.573126 0.078776 0.574040 0.078776 0.574954 0.079427 0.574954 0.080078 0.575868 0.080729 0.575868 0.081380 0.576782 0.082031 0.576782 0.082682 0.576782 0.083333 0.576782 0.083984 0.577697 0.084635 0.578611 0.085286 0.579525 0.084635 0.580439 0.083984 0.581353 0.083333 0.581353 0.082682 0.581353 0.082031 0.581353 0.081380 0.580439 0.080729 0.580439 0.080078 0.580439 0.079427 0.580439 0.078776 0.581353 0.078125 0.581353 0.077474 0.582267 0.077474 0.583181 0.078125 0.584095 0.078776 0.585009 0.079427 0.585009 0.080078 0.585009 0.080729 0.585923 0.081380 0.585923 0.082031 0.586837 0.082682 0.586837 0.083333 0.587751 0.083984 0.587751 0.084635 0.587751 0.085286 0.587751 0.085938 0.587751 0.086589 0.587751 0.087240 0.587751 0.087891 0.588665 0.088542 0.588665 0.089193 0.589580 0.089844 0.590494 0.089844 0.591408 0.089844 0.592322 0.090495 0.593236 0.091146 0.594150 0.091797 0.595064 0.091797 0.595978 0.092448 0.596892 0.091797 0.597806 0.092448 0.598720 0.093099 0.599634 0.092448 0.600548 0.093099 0.601463 0.092448 0.602377 0.091797 0.603291 0.091146 0.604205 0.090495 0.603291 0.089844 0.603291 0.089193 0.602377 0.088542 0.602377 0.087891 0.601463 0.087240 0.601463 0.086589 0.600548 0.085938 0.599634 0.085286 0.598720 0.084635 0.597806 0.083984 0.596892 0.083333 0.595978 0.082682 0.595064 0.082031 0.595064 0.081380 0.595064 0.080729 0.595064 0.080078 0.595064 0.079427 0.595978 0.080078 0.596892 0.080078 0.597806 0.080078 0.598720 0.079427 0.599634 0.080078 0.600548 0.080729 0.601463 0.080078 0.602377 0.080729 0.603291 0.081380 0.603291 0.082031 0.603291 0.082682 0.602377 0.083333 0.603291 0.083984 0.603291 0.084635 0.604205 0.085286 0.605119 0.085286 0.606033 0.084635 0.606947 0.084635 0.607861 0.083984 0.608775 0.083333 0.609689 0.082682 0.609689 0.082031 0.610603 0.082682 0.611517 0.083333 0.612431 0.083984 0.613346 0.084635 0.613346 0.085286 0.613346 0.085938 0.614260 0.086589 0.614260 0.087240 0.614260 0.087891 0.614260 0.088542 0.614260 0.089193 0.614260 0.089844 0.614260 0.090495 0.614260 0.091146 0.614260 0.091797 0.613346 0.092448 0.613346 0.093099 0.614260 0.093750 0.615174 0.094401 0.616088 0.093750 0.617002 0.093099 0.617916 0.093099 0.618830 0.093099 0.619744 0.092448 0.620658 0.091797 0.621572 0.091146 0.621572 0.090495 0.622486 0.090495 0.623400 0.089844 0.624314 0.089844 0.625229 0.089844 0.626143 0.090495 0.627057 0.091146 0.627971 0.091797 0.627971 0.092448 0.628885 0.093099 0.627971 0.093750 0.628885 0.094401 0.628885 0.095052 0.627971 0.095703 0.627971 0.096354 0.628885 0.097005 0.628885 0.097656 0.628885 0.098307 0.629799 0.098958 0.630713 0.099609 0.631627 0.100260 0.632541 0.100911 0.632541 0.101562 0.633455 0.102214 0.634369 0.102865 0.634369 0.103516 0.634369 0.104167 0.635283 0.104818 0.635283 0.105469 0.635283 0.106120 0.636197 0.106771 0.636197 0.107422 0.636197 0.108073 0.636197 0.108724 0.636197 0.109375 0.637112 0.110026 0.636197 0.110677 0.636197 0.111328 0.636197 0.111979 0.635283 0.112630 0.634369 0.113281 0.634369 0.113932 0.633455 0.114583 0.633455 0.115234 0.632541 0.115885 0.633455 0.116536 0.634369 0.115885 0.635283 0.115885 0.636197 0.115885 0.637112 0.115885 0.638026 0.115234 0.638940 0.115885 0.639854 0.115885 0.640768 0.116536 0.641682 0.117188 0.642596 0.117839 0.643510 0.118490 0.642596 0.119141 0.642596 0.119792 0.641682 0.120443 0.641682 0.121094 0.642596 0.121745 0.643510 0.122396 0.644424 0.122396 0.645338 0.123047 0.646252 0.123698 0.646252 0.124349 0.646252 0.125000 0.647166 0.125651 0.647166 0.126302 0.647166 0.126953 0.648080 0.127604 0.648995 0.126953 0.649909 0.126302 0.650823 0.125651 0.651737 0.125000 0.651737 0.124349 0.652651 0.123698 0.652651 0.123698 0.653565 0.123047 0.654479 0.123047 0.655393 0.123047 0.656307 0.123047 0.657221 0.123698 0.658135 0.124349 0.659049 0.124349 0.659963 0.125000 0.659963 0.125651 0.659963 0.126302 0.659963 0.126953 0.659963 0.127604 0.659963 0.128255 0.659963 0.128906 0.660878 0.129557 0.661792 0.129557 0.662706 0.129557 0.663620 0.129557 0.664534 0.128906 0.665448 0.128906 0.666362 0.128255 0.667276 0.127604 0.668190 0.126953 0.669104 0.126302 0.670018 0.125651 0.670018 0.125000 0.670932 0.124349 0.670932 0.123698 0.670932 0.123047 0.670932 0.122396 0.670932 0.121745 0.670932 0.121094 0.670932 0.120443 0.671846 0.119792 0.671846 0.119141 0.672761 0.118490 0.672761 0.117839 0.673675 0.117188 0.673675 0.116536 0.674589 0.116536 0.675503 0.116536 0.676417 0.116536 0.677331 0.116536 0.678245 0.116536 0.679159 0.115885 0.680073 0.115885 0.680987 0.116536 0.681901 0.117188 0.682815 0.117188 0.683729 0.117839 0.684644 0.118490 0.685558 0.118490 0.686472 0.119141 0.687386 0.119141 0.688300 0.119792 0.689214 0.119141 0.690128 0.119141 0.691042 0.119141 0.691956 0.118490 0.692870 0.117839 0.693784 0.117188 0.693784 0.116536 0.693784 0.115885 0.693784 0.115234 0.693784 0.114583 0.693784 0.113932 0.694698 0.113281 0.694698 0.112630 0.695612 0.111979 0.696527 0.111328 0.695612 0.110677 0.696527 0.110026 0.697441 0.109375 0.698355 0.108724 0.699269 0.108073 0.700183 0.107422 0.701097 0.106771 0.700183 0.106120 0.701097 0.105469 0.701097 0.104818 0.700183 0.104167 0.699269 0.103516 0.698355 0.103516 0.697441 0.103516 0.696527 0.104167 0.695612 0.104167 0.694698 0.104167 0.693784 0.104818 0.692870 0.104818 0.691956 0.104818 0.691042 0.104167 0.690128 0.103516 0.689214 0.104167 0.688300 0.103516 0.688300 0.102865 0.687386 0.102214 0.686472 0.102214 0.685558 0.101562 0.685558 0.100911 0.684644 0.100260 0.684644 0.099609 0.684644 0.098958 0.684644 0.098307 0.685558 0.097656 0.685558 0.097005 0.685558 0.096354 0.686472 0.095703 0.685558 0.095052 0.684644 0.095052 0.683729 0.094401 0.682815 0.095052 0.681901 0.094401 0.681901 0.093750 0.680987 0.093099 0.680987 0.092448 0.680987 0.091797 0.680073 0.091146 0.680987 0.090495 0.680073 0.089844 0.679159 0.090495 0.678245 0.091146 0.677331 0.091146 0.676417 0.091146 0.675503 0.091146 0.674589 0.091146 0.673675 0.091146 0.672761 0.091146 0.671846 0.090495 0.670932 0.090495 0.670018 0.089844 0.669104 0.089193 0.668190 0.089193 0.667276 0.088542 0.667276 0.087891 0.667276 0.087240 0.666362 0.086589 0.667276 0.085938 0.668190 0.085286 0.668190 0.084635 0.669104 0.083984 0.668190 0.083333 0.669104 0.082682 0.668190 0.082031 0.669104 0.081380 0.668190 0.082031 0.669104 0.082031 0.670018 0.082682 0.670932 0.082682 0.671846 0.082682 0.672761 0.082682 0.673675 0.082682 0.674589 0.082031 0.675503 0.082682 0.676417 0.082682 0.677331 0.082682 0.678245 0.082682 0.679159 0.082682 0.680073 0.083333 0.680987 0.083333 0.681901 0.083333 0.682815 0.083333 0.683729 0.083333 0.684644 0.083984 0.685558 0.083984 0.686472 0.084635 0.687386 0.085286 0.688300 0.085286 0.689214 0.085286 0.690128 0.084635 0.691042 0.083984 0.691956 0.083333 0.692870 0.082682 0.693784 0.082031 0.693784 0.082031 0.694698 0.082031 0.695612 0.082682 0.696527 0.083333 0.696527 0.083984 0.696527 0.084635 0.696527 0.085286 0.695612 0.085938 0.695612 0.086589 0.695612 0.087240 0.694698 0.087891 0.693784 0.087891 0.692870 0.088542 0.691956 0.089193 0.691042 0.089844 0.690128 0.090495 0.690128 0.091146 0.690128 0.091797 0.691042 0.092448 0.691956 0.093099 0.692870 0.093099 0.693784 0.092448 0.694698 0.093099 0.695612 0.092448 0.696527 0.092448 0.697441 0.091797 0.698355 0.091146 0.699269 0.090495 0.700183 0.089844 0.701097 0.090495 0.702011 0.091146 0.701097 0.091797 0.702011 0.092448 0.701097 0.093099 0.701097 0.093750 0.701097 0.094401 0.702011 0.095052 0.702011 0.095703 0.702011 0.096354 0.702011 0.097005 0.702925 0.097656 0.702011 0.098307 0.702011 0.098958 0.702011 0.099609 0.702011 0.100260 0.702925 0.100911 0.703839 0.100911 0.704753 0.100911 0.705667 0.100911 0.706581 0.100260 0.707495 0.100260 0.708410 0.099609 0.709324 0.099609 0.710238 0.099609 0.711152 0.099609 0.712066 0.099609 0.712980 0.100260 0.713894 0.100260 0.714808 0.100911 0.715722 0.101562 0.716636 0.102214 0.715722 0.102865 0.716636 0.103516 0.717550 0.104167 0.717550 0.104818 0.717550 0.105469 0.717550 0.106120 0.718464 0.106771 0.717550 0.107422 0.716636 0.108073 0.716636 0.108724 0.715722 0.109375 0.715722 0.110026 0.714808 0.110677 0.713894 0.111328 0.712980 0.111328 0.712066 0.111979 0.711152 0.111979 0.710238 0.112630 0.709324 0.113281 0.708410 0.113932 0.707495 0.114583 0.706581 0.115234 0.706581 0.115885 0.705667 0.116536 0.705667 0.117188 0.704753 0.117839 0.705667 0.118490 0.705667 0.119141 0.704753 0.119792 0.703839 0.120443 0.702925 0.121094 0.702925 0.121745 0.702011 0.121745 0.701097 0.121745 0.700183 0.122396 0.699269 0.123047 0.698355 0.123698 0.697441 0.124349 0.696527 0.125000 0.695612 0.125651 0.695612 0.126302 0.694698 0.126953 0.693784 0.127604 0.694698 0.128255 0.694698 0.128906 0.695612 0.129557 0.696527 0.130208 0.696527 0.130859 0.696527 0.131510 0.696527 0.132161 0.695612 0.132161 0.694698 0.132161 0.693784 0.132812 0.692870 0.133464 0.691956 0.134115 0.691956 0.134766 0.691956 0.135417 0.692870 0.136068 0.691956 0.136719 0.691956 0.137370 0.691956 0.138021 0.691956 0.138672 0.691042 0.139323 0.691042 0.139974 0.690128 0.140625 0.690128 0.141276 0.689214 0.141927 0.688300 0.142578 0.688300 0.143229 0.688300 0.143880 0.688300 0.144531 0.687386 0.145182 0.688300 0.145833 0.688300 0.146484 0.688300 0.147135 0.688300 0.147786 0.688300 0.148438 0.689214 0.149089 0.690128 0.149740 0.691042 0.149740 0.691956 0.149740 0.692870 0.149089 0.693784 0.148438 0.694698 0.147786 0.694698 0.147135 0.695612 0.146484 0.696527 0.145833 0.697441 0.145833 0.698355 0.145182 0.699269 0.144531 0.700183 0.143880 0.701097 0.143880 0.702011 0.143880 0.702925 0.143880 0.703839 0.143229 0.704753 0.143229 0.705667 0.142578 0.706581 0.141927 0.707495 0.141276 0.707495 0.140625 0.706581 0.139974 0.705667 0.139323 0.704753 0.138672 0.703839 0.138021 0.703839 0.137370 0.702925 0.136719 0.702925 0.136068 0.703839 0.135417 0.703839 0.134766 0.704753 0.134115 0.705667 0.133464 0.706581 0.132812 0.707495 0.132161 0.707495 0.131510 0.707495 0.130859 0.706581 0.130208 0.706581 0.129557 0.705667 0.128906 0.706581 0.128255 0.707495 0.128255 0.708410 0.128906 0.709324 0.128255 0.710238 0.128906 0.711152 0.129557 0.712066 0.130208 0.712980 0.130859 0.712980 0.131510 0.712066 0.132161 0.712066 0.132812 0.712980 0.133464 0.713894 0.134115 0.714808 0.134766 0.715722 0.135417 0.716636 0.136068 0.716636 0.136719 0.716636 0.137370 0.717550 0.138021 0.716636 0.138672 0.717550 0.139323 0.716636 0.139974 0.715722 0.140625 0.715722 0.140625 0.714808 0.141276 0.713894 0.141276 0.712980 0.141927 0.712066 0.142578 0.711152 0.143229 0.710238 0.143880 0.709324 0.144531 0.710238 0.145182 0.711152 0.145833 0.711152 0.146484 0.711152 0.147135 0.712066 0.147786 0.712066 0.148438 0.712980 0.149089 0.712066 0.149740 0.712066 0.150391 0.712066 0.151042 0.712066 0.151693 0.712066 0.152344 0.712066 0.152995 0.711152 0.153646 0.711152 0.154297 0.711152 0.154948 0.711152 0.155599 0.710238 0.156250 0.711152 0.155599 0.710238 0.156250 0.709324 0.156901 0.708410 0.156901 0.707495 0.157552 0.706581 0.157552 0.705667 0.158203 0.704753 0.158854 0.703839 0.158854 0.702925 0.159505 0.702011 0.159505 0.701097 0.159505 0.700183 0.160156 0.699269 0.160156 0.698355 0.160156 0.697441 0.160156 0.696527 0.159505 0.695612 0.158854 0.694698 0.158203 0.694698 0.157552 0.693784 0.156901 0.693784 0.156250 0.693784 0.155599 0.692870 0.154948 0.691956 0.154297 0.691042 0.153646 0.690128 0.153646 0.689214 0.153646 0.688300 0.154297 0.687386 0.154297 0.686472 0.154948 0.685558 0.154948 0.684644 0.155599 0.683729 0.155599 0.682815 0.155599 0.681901 0.156250 0.680987 0.156250 0.680073 0.156901 0.679159 0.157552 0.678245 0.158203 0.677331 0.158854 0.677331 0.159505 0.676417 0.160156 0.676417 0.160807 0.675503 0.161458 0.676417 0.162109 0.676417 0.162760 0.675503 0.163411 0.674589 0.163411 0.673675 0.164062 0.672761 0.164062 0.671846 0.164714 0.670932 0.164714 0.670018 0.164714 0.669104 0.165365 0.668190 0.166016 0.667276 0.166667 0.667276 0.166016 0.666362 0.166667 0.665448 0.166667 0.664534 0.167318 0.663620 0.167318 0.662706 0.167318 0.661792 0.167318 0.660878 0.167318 0.659963 0.167318 0.659049 0.167318 0.658135 0.167318 0.657221 0.167318 0.656307 0.167318 0.655393 0.167969 0.654479 0.168620 0.653565 0.169271 0.652651 0.169922 0.652651 0.170573 0.651737 0.171224 0.650823 0.171875 0.649909 0.171875 0.648995 0.172526 0.648080 0.173177 0.647166 0.173828 0.646252 0.174479 0.645338 0.174479 0.644424 0.175130 0.643510 0.175130 0.642596 0.175130 0.641682 0.175130 0.640768 0.175130 0.639854 0.175130 0.638940 0.174479 0.638026 0.173828 0.637112 0.173177 0.637112 0.172526 0.637112 0.171875 0.638026 0.171224 0.638026 0.170573 0.638026 0.169922 0.638940 0.169271 0.639854 0.168620 0.640768 0.167969 0.641682 0.167318 0.642596 0.166667 0.643510 0.166016 0.643510 0.165365 0.644424 0.164714 0.643510 0.164062 0.643510 0.163411 0.643510 0.162760 0.643510 0.162109 0.643510 0.161458 0.643510 0.160807 0.644424 0.160156 0.644424 0.159505 0.645338 0.158854 0.646252 0.158203 0.647166 0.157552 0.648080 0.157552 0.648995 0.156901 0.649909 0.156250 0.650823 0.155599 0.651737 0.154948 0.652651 0.154297 0.653565 0.153646 0.653565 0.153646 0.654479 0.152995 0.655393 0.152344 0.656307 0.152344 0.657221 0.152344 0.658135 0.151693 0.659049 0.151693 0.659963 0.151042 0.660878 0.151042 0.661792 0.150391 0.662706 0.151042 0.663620 0.151042 0.664534 0.151042 0.665448 0.150391 0.666362 0.149740 0.667276 0.149740 0.668190 0.149089 0.669104 0.148438 0.670018 0.147786 0.670932 0.147135 0.670932 0.146484 0.671846 0.145833 0.672761 0.145182 0.673675 0.144531 0.674589 0.143880 0.675503 0.143229 0.675503 0.142578 0.676417 0.141927 0.677331 0.141276 0.677331 0.140625 0.678245 0.139974 0.679159 0.139323 0.679159 0.138672 0.679159 0.138021 0.679159 0.137370 0.680073 0.136719 0.680073 0.136068 0.680987 0.135417 0.680987 0.134766 0.681901 0.134115 0.682815 0.134115 0.683729 0.133464 0.684644 0.133464 0.685558 0.133464 0.686472 0.132812 0.687386 0.132812 0.688300 0.132812 0.689214 0.132812 0.690128 0.132812 0.691042 0.132161 0.691956 0.131510 0.692870 0.130859 0.692870 0.130208 0.692870 0.129557 0.693784 0.128906 0.693784 0.128255 0.692870 0.127604 0.691956 0.127604 0.691042 0.127604 0.690128 0.127604 0.689214 0.127604 0.688300 0.127604 0.687386 0.127604 0.686472 0.127604 0.685558 0.127604 0.684644 0.127604 0.683729 0.127604 0.682815 0.128255 0.681901 0.128255 0.680987 0.128255 0.680073 0.128255 0.679159 0.128255 0.678245 0.128906 0.677331 0.128255 0.676417 0.128906 0.675503 0.128906 0.674589 0.129557 0.673675 0.130208 0.672761 0.130859 0.672761 0.131510 0.672761 0.132161 0.672761 0.132812 0.673675 0.133464 0.673675 0.134115 0.673675 0.134766 0.673675 0.135417 0.673675 0.136068 0.674589 0.136719 0.674589 0.137370 0.674589 0.138021 0.674589 0.138672 0.673675 0.139323 0.673675 0.139974 0.672761 0.140625 0.671846 0.141276 0.670932 0.141927 0.670018 0.141927 0.669104 0.142578 0.668190 0.141927 0.667276 0.142578 0.666362 0.142578 0.665448 0.141927 0.664534 0.141927 0.663620 0.141927 0.662706 0.141276 0.661792 0.141276 0.660878 0.140625 0.659963 0.139974 0.660878 0.139323 0.661792 0.138672 0.661792 0.138021 0.662706 0.137370 0.662706 0.136719 0.662706 0.136068 0.662706 0.135417 0.661792 0.134766 0.660878 0.134766 0.659963 0.135417 0.659049 0.135417 0.658135 0.135417 0.657221 0.136068 0.656307 0.136068 0.655393 0.135417 0.654479 0.134766 0.653565 0.134766 0.652651 0.134115 0.651737 0.133464 0.652651 0.132812 0.652651 0.132161 0.652651 0.131510 0.652651 0.130859 0.651737 0.130208 0.650823 0.130208 0.649909 0.130859 0.648995 0.131510 0.648080 0.132161 0.647166 0.132812 0.646252 0.133464 0.646252 0.134115 0.645338 0.134766 0.644424 0.135417 0.643510 0.136068 0.642596 0.136068 0.641682 0.136719 0.640768 0.136719 0.639854 0.137370 0.638940 0.138021 0.638026 0.138672 0.637112 0.139323 0.637112 0.139974 0.636197 0.140625 0.635283 0.139974 0.634369 0.139974 0.633455 0.139323 0.632541 0.139323 0.631627 0.138672 0.630713 0.139323 0.629799 0.138672 0.628885 0.138672 0.627971 0.138672 0.627057 0.138021 0.626143 0.137370 0.625229 0.137370 0.624314 0.137370 0.623400 0.136719 0.623400 0.136068 0.622486 0.135417 0.622486 0.134766 0.622486 0.134115 0.622486 0.133464 0.622486 0.132812 0.622486 0.132161 0.622486 0.131510 0.622486 0.130859 0.622486 0.130208 0.623400 0.129557 0.624314 0.129557 0.625229 0.128906 0.626143 0.128255 0.627057 0.127604 0.627971 0.126953 0.627971 0.126302 0.628885 0.125651 0.629799 0.125000 0.630713 0.124349 0.631627 0.123698 0.632541 0.123047 0.632541 0.122396 0.633455 0.121745 0.634369 0.121094 0.634369 0.120443 0.633455 0.119792 0.633455 0.119141 0.633455 0.118490 0.633455 0.117839 0.633455 0.117188 0.633455 0.116536 0.632541 0.115885 0.631627 0.115885 0.630713 0.115885 0.629799 0.116536 0.628885 0.117188 0.627971 0.117188 0.627057 0.117839 0.626143 0.117839 0.625229 0.117839 0.624314 0.117839 0.623400 0.117839 0.622486 0.117839 0.621572 0.117188 0.620658 0.117188 0.619744 0.117188 0.618830 0.117188 0.617916 0.117839 0.617002 0.118490 0.616088 0.119141 0.615174 0.119792 0.615174 0.120443 0.615174 0.121094 0.615174 0.121745 0.614260 0.122396 0.614260 0.123047 0.614260 0.123698 0.613346 0.124349 0.612431 0.125000 0.611517 0.125651 0.610603 0.125651 0.609689 0.125651 0.608775 0.126302 0.607861 0.125651 0.606947 0.125000 0.606033 0.124349 0.605119 0.123698 0.605119 0.123047 0.605119 0.122396 0.605119 0.121745 0.606033 0.121094 0.606033 0.120443 0.606947 0.119792 0.606947 0.119141 0.606947 0.118490 0.606947 0.118490 0.607861 0.117839 0.608775 0.117188 0.609689 0.116536 0.609689 0.116536 0.610603 0.115885 0.611517 0.115234 0.612431 0.114583 0.613346 0.113932 0.613346 0.113281 0.613346 0.112630 0.613346 0.111979 0.614260 0.111328 0.613346 0.110677 0.614260 0.110026 0.614260 0.109375 0.615174 0.108724 0.616088 0.108073 0.617002 0.107422 0.617916 0.106771 0.618830 0.106120 0.619744 0.105469 0.620658 0.104818 0.620658 0.104167 0.620658 0.103516 0.619744 0.102865 0.618830 0.102865 0.617916 0.102214 0.617002 0.101562 0.616088 0.101562 0.615174 0.100911 0.614260 0.100260 0.613346 0.100260 0.612431 0.100260 0.611517 0.100260 0.610603 0.099609 0.609689 0.100260 0.608775 0.100260 0.607861 0.099609 0.606947 0.100260 0.606033 0.100260 0.605119 0.100260 0.604205 0.099609 0.603291 0.099609 0.602377 0.100260 0.601463 0.099609 0.600548 0.098958 0.599634 0.098958 0.598720 0.098307 0.597806 0.097656 0.596892 0.097005 0.595978 0.096354 0.595978 0.095703 0.595064 0.095052 0.594150 0.094401 0.593236 0.093750 0.592322 0.093099 0.591408 0.093099 0.590494 0.092448 0.589580 0.091797 0.588665 0.091797 0.587751 0.091146 0.586837 0.091146 0.585923 0.091146 0.585009 0.091146 0.584095 0.090495 0.583181 0.090495 0.582267 0.090495 0.581353 0.089844 0.580439 0.089844 0.579525 0.089844 0.578611 0.089844 0.577697 0.090495 0.576782 0.089844 0.575868 0.090495 0.574954 0.090495 0.574040 0.090495 0.573126 0.090495 0.572212 0.089844 0.571298 0.089844 0.570384 0.089844 0.569470 0.089193 0.568556 0.089193 0.567642 0.088542 0.567642 0.087891 0.567642 0.087240 0.567642 0.086589 0.566728 0.085938 0.566728 0.085286 0.565814 0.084635 0.564899 0.084635 0.563985 0.084635 0.563071 0.084635 0.562157 0.083984 0.562157 0.083333 0.561243 0.082682 0.560329 0.082682 0.559415 0.082031 0.558501 0.081380 0.557587 0.081380 0.556673 0.080729 0.555759 0.080078 0.555759 0.079427 0.555759 0.078776 0.555759 0.078125 0.554845 0.077474 0.553931 0.076823 0.553016 0.076172 0.552102 0.076172 0.551188 0.075521 0.550274 0.075521 0.549360 0.074870 0.548446 0.074219 0.547532 0.074219 0.546618 0.073568 0.545704 0.074219 0.544790 0.073568 0.543876 0.073568 0.542962 0.072917 0.542048 0.072266 0.541133 0.071615 0.540219 0.070964 0.540219 0.070312 0.540219 0.069661 0.540219
0 0.028646 0.539305 0.027995 0.540219 0.027344 0.540219 0.026693 0.540219 0.026042 0.540219 0.025391 0.541133 0.024740 0.541133 0.024089 0.540219 0.023438 0.541133 0.022786 0.541133 0.022135 0.542048 0.021484 0.542962 0.020833 0.543876 0.020182 0.543876 0.020182 0.544790 0.020182 0.545704 0.019531 0.546618 0.019531 0.547532 0.018880 0.548446 0.018229 0.549360 0.018880 0.550274 0.018229 0.551188 0.018229 0.552102 0.018229 0.553016 0.017578 0.553931 0.017578 0.554845 0.016927 0.555759 0.016276 0.556673 0.015625 0.557587 0.014974 0.558501 0.014323 0.559415 0.014323 0.560329 0.014323 0.561243 0.013672 0.562157 0.013021 0.563071 0.013021 0.563985 0.012370 0.564899 0.011719 0.565814 0.011068 0.566728 0.010417 0.567642 0.009766 0.568556 0.009766 0.569470 0.009115 0.570384 0.009115 0.571298 0.008464 0.572212 0.008464 0.573126 0.008464 0.574040 0.008464 0.574954 0.007812 0.575868 0.007161 0.576782 0.007161 0.577697 0.007161 0.578611 0.006510 0.579525 0.006510 0.580439 0.005859 0.581353 0.006510 0.582267 0.005859 0.583181 0.005859 0.584095 0.005859 0.585009 0.006510 0.585923 0.005859 0.586837 0.006510 0.587751 0.006510 0.588665 0.005859 0.589580 0.005859 0.590494 0.005208 0.591408 0.004557 0.592322 0.003906 0.593236 0.003255 0.593236 0.002604 0.594150 0.001953 0.595064 0.001302 0.595064 0.000651 0.595064 0.000651 0.595978 0.000651 0.596892 0.000651 0.597806 0.000651 0.598720 0.000651 0.599634 0.000651 0.600548 0.000651 0.601463 0.000651 0.602377 0.000651 0.603291 0.000651 0.604205 0.000651 0.605119 0.000651 0.606033 0.000651 0.606947 0.000651 0.607861 0.000651 0.608775 0.000651 0.609689 0.000651 0.610603 0.000651 0.611517 0.000651 0.612431 0.000651 0.613346 0.000651 0.614260 0.000651 0.615174 0.000651 0.616088 0.000651 0.617002 0.000651 0.617916 0.000651 0.618830 0.000651 0.619744 0.000651 0.620658 0.000651 0.621572 0.000651 0.622486 0.000651 0.623400 0.000651 0.624314 0.000651 0.625229 0.000651 0.626143 0.000651 0.627057 0.000651 0.627971 0.000651 0.628885 0.000651 0.629799 0.000651 0.630713 0.000651 0.631627 0.000651 0.632541 0.000651 0.633455 0.000651 0.634369 0.000651 0.635283 0.000651 0.636197 0.000651 0.637112 0.001302 0.637112 0.001302 0.636197 0.001953 0.635283 0.001953 0.634369 0.002604 0.633455 0.003255 0.632541 0.003255 0.631627 0.003255 0.630713 0.003255 0.629799 0.003255 0.628885 0.003906 0.627971 0.003255 0.627057 0.003255 0.626143 0.003906 0.625229 0.003255 0.624314 0.003255 0.623400 0.003255 0.622486 0.003906 0.621572 0.003906 0.620658 0.003255 0.619744 0.003906 0.618830 0.003906 0.617916 0.004557 0.617002 0.005208 0.616088 0.005859 0.615174 0.006510 0.615174 0.007161 0.614260 0.007812 0.614260 0.008464 0.613346 0.009115 0.613346 0.009766 0.613346 0.010417 0.612431 0.011068 0.612431 0.011068 0.611517 0.011068 0.610603 0.011719 0.609689 0.011068 0.608775 0.011068 0.607861 0.011068 0.606947 0.010417 0.606033 0.009766 0.605119 0.009115 0.606033 0.008464 0.605119 0.007812 0.606033 0.007161 0.606033 0.006510 0.605119 0.005859 0.604205 0.005208 0.603291 0.005208 0.602377 0.004557 0.601463 0.005208 0.600548 0.005208 0.599634 0.005859 0.598720 0.005859 0.597806 0.006510 0.596892 0.007161 0.595978 0.007812 0.595064 0.008464 0.594150 0.009115 0.593236 0.009766 0.592322 0.010417 0.591408 0.011068 0.590494 0.011719 0.589580 0.012370 0.589580 0.013021 0.589580 0.013672 0.589580 0.014323 0.589580 0.014974 0.588665 0.015625 0.587751 0.016276 0.586837 0.016927 0.585923 0.017578 0.585009 0.018229 0.584095 0.018880 0.584095 0.018229 0.583181 0.018880 0.582267 0.018229 0.581353 0.017578 0.580439 0.016927 0.580439 0.016276 0.579525 0.015625 0.580439 0.014974 0.580439 0.014323 0.579525 0.013672 0.578611 0.013672 0.577697 0.014323 0.576782 0.014974 0.575868 0.015625 0.574954 0.016276 0.574040 0.016927 0.574040 0.016927 0.573126 0.017578 0.572212 0.018229 0.571298 0.018880 0.571298 0.019531 0.572212 0.020182 0.571298 0.020833 0.571298 0.020833 0.570384 0.020833 0.569470 0.021484 0.568556 0.022135 0.567642 0.022786 0.567642 0.023438 0.566728 0.024089 0.566728 0.024740 0.566728 0.025391 0.566728 0.026042 0.566728 0.026693 0.565814 0.027344 0.565814 0.026693 0.564899 0.027344 0.563985 0.026693 0.563071 0.026042 0.562157 0.026042 0.561243 0.025391 0.560329 0.025391 0.559415 0.025391 0.558501 0.026042 0.557587 0.026693 0.556673 0.027344 0.556673 0.027995 0.555759 0.028646 0.554845 0.029297 0.554845 0.029948 0.554845 0.030599 0.553931 0.031250 0.553016 0.031250 0.552102 0.031250 0.551188 0.031250 0.550274 0.031250 0.549360 0.031250 0.548446 0.031250 0.547532 0.031250 0.546618 0.031901 0.545704 0.032552 0.544790 0.033203 0.543876 0.032552 0.542962 0.033203 0.542048 0.032552 0.541133 0.031901 0.540219 0.031250 0.540219 0.030599 0.540219 0.029948 0.540219 0.029297 0.540219
0 0.972005 0.532907 0.971354 0.533821 0.970703 0.533821 0.970052 0.533821 0.969401 0.533821 0.968750 0.534735 0.968099 0.535649 0.968750 0.536563 0.968750 0.537477 0.968099 0.538391 0.968099 0.539305 0.968099 0.540219 0.967448 0.541133 0.966797 0.542048 0.966146 0.542048 0.965495 0.541133 0.964844 0.540219 0.964193 0.539305 0.964193 0.538391 0.963542 0.537477 0.963542 0.536563 0.962891 0.536563 0.962240 0.536563 0.961589 0.536563 0.960938 0.535649 0.960286 0.535649 0.959635 0.536563 0.958984 0.535649 0.958333 0.535649 0.957682 0.536563 0.957031 0.537477 0.957031 0.538391 0.957031 0.539305 0.957031 0.540219 0.957031 0.541133 0.957682 0.542048 0.957031 0.542962 0.957682 0.543876 0.958333 0.544790 0.958333 0.545704 0.958984 0.546618 0.958984 0.547532 0.959635 0.548446 0.960286 0.549360 0.960938 0.550274 0.961589 0.551188 0.961589 0.552102 0.962240 0.553016 0.961589 0.553931 0.961589 0.554845 0.961589 0.555759 0.961589 0.556673 0.962240 0.556673 0.962891 0.557587 0.963542 0.557587 0.964193 0.557587 0.964844 0.557587 0.965495 0.557587 0.966146 0.556673 0.966797 0.557587 0.967448 0.557587 0.968099 0.557587 0.968750 0.558501 0.969401 0.558501 0.970052 0.559415 0.970703 0.560329 0.971354 0.561243 0.971354 0.562157 0.970703 0.563071 0.971354 0.563985 0.972005 0.564899 0.972005 0.565814 0.972656 0.566728 0.973307 0.567642 0.973307 0.568556 0.973958 0.569470 0.974609 0.569470 0.975260 0.569470 0.975911 0.570384 0.976562 0.571298 0.977214 0.572212 0.977865 0.573126 0.978516 0.574040 0.979167 0.574040 0.979818 0.574954 0.980469 0.575868 0.981120 0.575868 0.981771 0.576782 0.982422 0.576782 0.983073 0.577697 0.983724 0.577697 0.984375 0.578611 0.985026 0.579525 0.985677 0.580439 0.985677 0.581353 0.985677 0.582267 0.986328 0.581353 0.986979 0.582267 0.987630 0.583181 0.988281 0.584095 0.988932 0.585009 0.989583 0.585923 0.990234 0.586837 0.990885 0.587751 0.991536 0.588665 0.991536 0.589580 0.990885 0.590494 0.990234 0.591408 0.989583 0.590494 0.989583 0.591408 0.988932 0.592322 0.988932 0.593236 0.988281 0.594150 0.988281 0.595064 0.987630 0.595978 0.986979 0.596892 0.986328 0.597806 0.986328 0.598720 0.986328 0.599634 0.986979 0.599634 0.987630 0.600548 0.988281 0.601463 0.988932 0.600548 0.989583 0.599634 0.990234 0.599634 0.990234 0.598720 0.990885 0.597806 0.991536 0.596892 0.991536 0.595978 0.991536 0.595064 0.991536 0.594150 0.990885 0.593236 0.990885 0.592322 0.991536 0.591408 0.992188 0.590494 0.992839 0.589580 0.993490 0.589580 0.994141 0.588665 0.994141 0.587751 0.994141 0.586837 0.994141 0.585923 0.994141 0.585009 0.994141 0.584095 0.993490 0.583181 0.993490 0.582267 0.993490 0.581353 0.992839 0.580439 0.992839 0.579525 0.992188 0.578611 0.991536 0.578611 0.990885 0.577697 0.990234 0.576782 0.989583 0.575868 0.989583 0.574954 0.989583 0.574040 0.989583 0.573126 0.989583 0.572212 0.989583 0.571298 0.989583 0.570384 0.990234 0.569470 0.990885 0.568556 0.990234 0.567642 0.990885 0.566728 0.990234 0.565814 0.990885 0.564899 0.990885 0.563985 0.990885 0.563071 0.990885 0.562157 0.990234 0.561243 0.990234 0.560329 0.989583 0.559415 0.989583 0.560329 0.988932 0.561243 0.989583 0.562157 0.988932 0.563071 0.988281 0.563985 0.988281 0.564899 0.988281 0.565814 0.987630 0.566728 0.986979 0.567642 0.986328 0.568556 0.986328 0.569470 0.985677 0.570384 0.985026 0.571298 0.984375 0.570384 0.983724 0.569470 0.983724 0.568556 0.983724 0.567642 0.983724 0.566728 0.983724 0.565814 0.983724 0.564899 0.983724 0.563985 0.983073 0.563071 0.983073 0.562157 0.983073 0.561243 0.982422 0.560329 0.983073 0.559415 0.983073 0.558501 0.982422 0.557587 0.983073 0.556673 0.983073 0.555759 0.983073 0.554845 0.983073 0.553931 0.983073 0.553016 0.983073 0.552102 0.983073 0.551188 0.983073 0.550274 0.982422 0.550274 0.981771 0.550274 0.981120 0.551188 0.980469 0.552102 0.979818 0.553016 0.979167 0.553931 0.978516 0.554845 0.977865 0.555759 0.977214 0.554845 0.976562 0.553931 0.975911 0.553016 0.976562 0.552102 0.977214 0.551188 0.977214 0.550274 0.977214 0.549360 0.977214 0.548446 0.977865 0.547532 0.977865 0.546618 0.978516 0.545704 0.979167 0.544790 0.978516 0.543876 0.978516 0.542962 0.977865 0.542048 0.977214 0.541133 0.977865 0.540219 0.977214 0.539305 0.976562 0.538391 0.975911 0.537477 0.975260 0.537477 0.974609 0.537477 0.973958 0.536563 0.973307 0.535649 0.972656 0.534735 0.972005 0.533821
0 0.635417 0.531079 0.634766 0.531993 0.634115 0.531993 0.634115 0.532907 0.634115 0.533821 0.634115 0.534735 0.634115 0.535649 0.633464 0.536563 0.633464 0.537477 0.633464 0.538391 0.632812 0.539305 0.632812 0.540219 0.632812 0.541133 0.632161 0.542048 0.631510 0.542962 0.630859 0.542048 0.630208 0.542962 0.629557 0.543876 0.628906 0.543876 0.628255 0.543876 0.627604 0.544790 0.626953 0.544790 0.626302 0.544790 0.625651 0.544790 0.625000 0.544790 0.624349 0.544790 0.623698 0.544790 0.623047 0.544790 0.623047 0.545704 0.622396 0.546618 0.621745 0.547532 0.621745 0.548446 0.621094 0.549360 0.621745 0.550274 0.621094 0.551188 0.621094 0.552102 0.621094 0.553016 0.621745 0.553931 0.622396 0.554845 0.622396 0.555759 0.623047 0.555759 0.623698 0.555759 0.624349 0.555759 0.625000 0.554845 0.625651 0.553931 0.626302 0.553931 0.626953 0.553931 0.627604 0.553931 0.628255 0.553931 0.628906 0.553931 0.629557 0.554845 0.630208 0.555759 0.629557 0.556673 0.628906 0.557587 0.628906 0.558501 0.628255 0.559415 0.628906 0.560329 0.629557 0.560329 0.630208 0.560329 0.630859 0.560329 0.631510 0.559415 0.632161 0.558501 0.632812 0.559415 0.633464 0.558501 0.634115 0.558501 0.634766 0.558501 0.635417 0.558501 0.636068 0.557587 0.636719 0.557587 0.637370 0.556673 0.638021 0.556673 0.638672 0.556673 0.639323 0.557587 0.639974 0.558501 0.640625 0.559415 0.641276 0.560329 0.641927 0.560329 0.642578 0.561243 0.643229 0.561243 0.643880 0.562157 0.644531 0.563071 0.644531 0.563985 0.645182 0.563985 0.645833 0.564899 0.646484 0.565814 0.647135 0.565814 0.647786 0.566728 0.648438 0.566728 0.649089 0.566728 0.649740 0.567642 0.650391 0.568556 0.650391 0.569470 0.651042 0.569470 0.651693 0.570384 0.652344 0.571298 0.652995 0.572212 0.653646 0.573126 0.652995 0.574040 0.653646 0.574954 0.653646 0.575868 0.653646 0.576782 0.653646 0.577697 0.654297 0.578611 0.654297 0.579525 0.654297 0.580439 0.654297 0.581353 0.654297 0.582267 0.653646 0.583181 0.653646 0.584095 0.652995 0.585009 0.653646 0.585923 0.654297 0.586837 0.654297 0.587751 0.653646 0.588665 0.654297 0.589580 0.654948 0.590494 0.655599 0.591408 0.655599 0.592322 0.656250 0.593236 0.656250 0.594150 0.656901 0.594150 0.657552 0.594150 0.658203 0.594150 0.658854 0.593236 0.659505 0.592322 0.659505 0.591408 0.658854 0.590494 0.659505 0.589580 0.658854 0.588665 0.658854 0.587751 0.658854 0.586837 0.658854 0.585923 0.658854 0.585009 0.658854 0.584095 0.658854 0.583181 0.658854 0.582267 0.658854 0.581353 0.659505 0.580439 0.658854 0.579525 0.658854 0.578611 0.659505 0.577697 0.660156 0.576782 0.660807 0.575868 0.661458 0.574954 0.662109 0.574040 0.662760 0.573126 0.663411 0.572212 0.663411 0.571298 0.664062 0.570384 0.664062 0.569470 0.664714 0.568556 0.665365 0.567642 0.665365 0.566728 0.665365 0.565814 0.665365 0.564899 0.666016 0.563985 0.666016 0.563071 0.666016 0.562157 0.666016 0.561243 0.665365 0.560329 0.664714 0.560329 0.664062 0.560329 0.663411 0.561243 0.662760 0.562157 0.662109 0.561243 0.661458 0.562157 0.660807 0.563071 0.660156 0.563985 0.659505 0.564899 0.658854 0.565814 0.658203 0.566728 0.657552 0.567642 0.656901 0.568556 0.656250 0.568556 0.655599 0.567642 0.654948 0.566728 0.654948 0.565814 0.654948 0.564899 0.654297 0.563985 0.654297 0.563071 0.653646 0.563071 0.652995 0.562157 0.652344 0.561243 0.651693 0.560329 0.651042 0.559415 0.651693 0.558501 0.651042 0.557587 0.651693 0.556673 0.651042 0.555759 0.651042 0.554845 0.651042 0.553931 0.651042 0.553016 0.651042 0.552102 0.651042 0.551188 0.650391 0.550274 0.650391 0.549360 0.650391 0.548446 0.649740 0.547532 0.649089 0.546618 0.649089 0.545704 0.648438 0.545704 0.647786 0.545704 0.647135 0.545704 0.646484 0.545704 0.645833 0.545704 0.645833 0.546618 0.645182 0.547532 0.645182 0.548446 0.645182 0.549360 0.644531 0.550274 0.643880 0.551188 0.643229 0.552102 0.642578 0.552102 0.641927 0.553016 0.641276 0.553016 0.640625 0.553016 0.639974 0.553931 0.639323 0.553016 0.638672 0.552102 0.638021 0.551188 0.637370 0.550274 0.638021 0.549360 0.637370 0.548446 0.636719 0.547532 0.636719 0.546618 0.637370 0.545704 0.636719 0.544790 0.637370 0.543876 0.637370 0.542962 0.637370 0.542048 0.638021 0.541133 0.638672 0.540219 0.638021 0.539305 0.638672 0.538391 0.639323 0.537477 0.639974 0.538391 0.640625 0.539305 0.639974 0.540219 0.640625 0.541133 0.640625 0.542048 0.640625 0.542962 0.641276 0.543876 0.641927 0.544790 0.642578 0.545704 0.643229 0.544790 0.643880 0.544790 0.643880 0.543876 0.643880 0.542962 0.644531 0.542048 0.644531 0.541133 0.644531 0.540219 0.643880 0.539305 0.644531 0.538391 0.643880 0.537477 0.643880 0.536563 0.643880 0.535649 0.643229 0.535649 0.642578 0.535649 0.641927 0.534735 0.641276 0.534735 0.640625 0.535649 0.639974 0.536563 0.639323 0.535649 0.638672 0.534735 0.639323 0.533821 0.639323 0.532907 0.638672 0.532907 0.638021 0.531993 0.637370 0.531079 0.636719 0.531079 0.636068 0.531079
0 0.852865 0.530165 0.852214 0.531079 0.851562 0.531079 0.850911 0.531993 0.850260 0.531993 0.850911 0.532907 0.850260 0.533821 0.849609 0.534735 0.848958 0.534735 0.848307 0.533821 0.847656 0.533821 0.847005 0.532907 0.846354 0.533821 0.845703 0.533821 0.845052 0.533821 0.844401 0.534735 0.843750 0.533821 0.843750 0.534735 0.843099 0.535649 0.843099 0.536563 0.842448 0.537477 0.843099 0.538391 0.843099 0.539305 0.843750 0.540219 0.844401 0.541133 0.845052 0.542048 0.845052 0.542962 0.845703 0.543876 0.845703 0.544790 0.846354 0.544790 0.847005 0.544790 0.847656 0.544790 0.848307 0.545704 0.848958 0.544790 0.849609 0.544790 0.850260 0.544790 0.850911 0.544790 0.850911 0.543876 0.851562 0.542962 0.850911 0.542048 0.850911 0.541133 0.850911 0.540219 0.850260 0.539305 0.850911 0.538391 0.851562 0.537477 0.852214 0.536563 0.852865 0.535649 0.853516 0.535649 0.854167 0.535649 0.854818 0.535649 0.855469 0.535649 0.855469 0.534735 0.856120 0.533821 0.855469 0.532907 0.854818 0.531993 0.854167 0.531079 0.853516 0.530165
0 0.660156 0.522852 0.660156 0.523766 0.659505 0.524680 0.659505 0.525594 0.658854 0.526508 0.659505 0.527422 0.659505 0.528336 0.660156 0.529250 0.660807 0.529250 0.661458 0.530165 0.662109 0.531079 0.661458 0.531993 0.660807 0.532907 0.660156 0.531993 0.659505 0.531993 0.658854 0.531993 0.658203 0.531993 0.657552 0.531993 0.656901 0.531993 0.656250 0.531079 0.655599 0.530165 0.654948 0.530165 0.654297 0.529250 0.653646 0.530165 0.652995 0.529250 0.652344 0.529250 0.651693 0.530165 0.651042 0.531079 0.650391 0.530165 0.649740 0.530165 0.649089 0.530165 0.648438 0.531079 0.647786 0.530165 0.647135 0.531079 0.646484 0.531079 0.646484 0.531993 0.645833 0.532907 0.645833 0.533821 0.645833 0.534735 0.645833 0.535649 0.646484 0.534735 0.647135 0.534735 0.647786 0.535649 0.648438 0.535649 0.649089 0.535649 0.649740 0.535649 0.650391 0.535649 0.651042 0.536563 0.651693 0.537477 0.652344 0.538391 0.652344 0.539305 0.652995 0.540219 0.653646 0.541133 0.653646 0.542048 0.654297 0.542048 0.654948 0.542962 0.655599 0.543876 0.654948 0.544790 0.655599 0.545704 0.656250 0.546618 0.656901 0.547532 0.656901 0.548446 0.657552 0.549360 0.657552 0.550274 0.658203 0.550274 0.658854 0.551188 0.659505 0.552102 0.660156 0.551188 0.660807 0.550274 0.660807 0.549360 0.660807 0.548446 0.660807 0.547532 0.661458 0.546618 0.661458 0.545704 0.661458 0.544790 0.661458 0.543876 0.660807 0.542962 0.660807 0.542048 0.660807 0.541133 0.661458 0.540219 0.661458 0.539305 0.662109 0.538391 0.662760 0.537477 0.663411 0.536563 0.664062 0.537477 0.664062 0.536563 0.664714 0.535649 0.665365 0.534735 0.666016 0.533821 0.666016 0.532907 0.666016 0.531993 0.666016 0.531079 0.666667 0.530165 0.666016 0.529250 0.666016 0.528336 0.665365 0.528336 0.664714 0.527422 0.664062 0.526508 0.664062 0.525594 0.664062 0.524680 0.663411 0.524680 0.662760 0.523766 0.662109 0.523766 0.661458 0.522852 0.660807 0.522852
0 0.686849 0.521024 0.686198 0.521938 0.685547 0.522852 0.684896 0.523766 0.684245 0.523766 0.684245 0.524680 0.683594 0.525594 0.682943 0.526508 0.682943 0.527422 0.682292 0.528336 0.681641 0.529250 0.682292 0.530165 0.681641 0.531079 0.680990 0.531993 0.680339 0.532907 0.680990 0.533821 0.680339 0.534735 0.680339 0.535649 0.680990 0.536563 0.680990 0.537477 0.681641 0.537477 0.682292 0.537477 0.682943 0.538391 0.683594 0.537477 0.684245 0.537477 0.684896 0.537477 0.685547 0.536563 0.686198 0.536563 0.686849 0.536563 0.687500 0.535649 0.688151 0.535649 0.688802 0.535649 0.689453 0.535649 0.690104 0.534735 0.690104 0.533821 0.690755 0.532907 0.691406 0.531993 0.692057 0.531993 0.692708 0.531079 0.693359 0.531079 0.694010 0.531079 0.694661 0.530165 0.695312 0.529250 0.695312 0.528336 0.695964 0.527422 0.695312 0.526508 0.695964 0.525594 0.695312 0.524680 0.695312 0.523766 0.694661 0.522852 0.694661 0.521938 0.694010 0.521938 0.693359 0.521938 0.692708 0.521938 0.692057 0.521024 0.691406 0.521938 0.690755 0.521024 0.690104 0.521024 0.689453 0.521024 0.688802 0.521024 0.688151 0.521024 0.687500 0.521024
0 0.911458 0.517367 0.910807 0.518282 0.910156 0.518282 0.909505 0.519196 0.908854 0.520110 0.908854 0.521024 0.908854 0.521938 0.908203 0.522852 0.908203 0.523766 0.907552 0.524680 0.906901 0.525594 0.906250 0.526508 0.905599 0.527422 0.905599 0.528336 0.904948 0.529250 0.904297 0.530165 0.904297 0.531079 0.904297 0.531993 0.903646 0.532907 0.903646 0.533821 0.902995 0.534735 0.902995 0.535649 0.902995 0.536563 0.902344 0.537477 0.901693 0.538391 0.901693 0.539305 0.902344 0.540219 0.901693 0.541133 0.901693 0.542048 0.901042 0.542962 0.900391 0.543876 0.899740 0.543876 0.899089 0.543876 0.898438 0.543876 0.897786 0.542962 0.897135 0.542048 0.896484 0.541133 0.895833 0.540219 0.895833 0.539305 0.895182 0.539305 0.894531 0.539305 0.893880 0.539305 0.893229 0.539305 0.892578 0.539305 0.891927 0.540219 0.891276 0.541133 0.890625 0.542048 0.889974 0.542962 0.889323 0.542962 0.888672 0.543876 0.888021 0.544790 0.887370 0.543876 0.886719 0.543876 0.886068 0.542962 0.885417 0.542048 0.885417 0.541133 0.884766 0.540219 0.884766 0.539305 0.885417 0.538391 0.884766 0.537477 0.884115 0.536563 0.883464 0.535649 0.882812 0.534735 0.882812 0.535649 0.882161 0.536563 0.881510 0.537477 0.880859 0.538391 0.880208 0.539305 0.879557 0.539305 0.878906 0.538391 0.879557 0.539305 0.880208 0.540219 0.880859 0.541133 0.880859 0.542048 0.880859 0.542962 0.880859 0.543876 0.880859 0.544790 0.881510 0.545704 0.881510 0.546618 0.880859 0.547532 0.881510 0.548446 0.882161 0.548446 0.882812 0.548446 0.883464 0.548446 0.884115 0.549360 0.884766 0.548446 0.885417 0.548446 0.886068 0.549360 0.886719 0.549360 0.887370 0.548446 0.888021 0.548446 0.888672 0.549360 0.889323 0.548446 0.889974 0.549360 0.890625 0.549360 0.891276 0.549360 0.891927 0.549360 0.892578 0.550274 0.893229 0.550274 0.893880 0.549360 0.894531 0.549360 0.895182 0.549360 0.895833 0.549360 0.896484 0.549360 0.897135 0.549360 0.897786 0.549360 0.898438 0.549360 0.899089 0.549360 0.899740 0.548446 0.900391 0.549360 0.901042 0.549360 0.901693 0.549360 0.902344 0.550274 0.902995 0.549360 0.903646 0.550274 0.904297 0.549360 0.904948 0.549360 0.905599 0.548446 0.905599 0.547532 0.906250 0.546618 0.906901 0.545704 0.907552 0.544790 0.908203 0.544790 0.908854 0.543876 0.909505 0.544790 0.910156 0.545704 0.910807 0.545704 0.911458 0.545704 0.912109 0.545704 0.912760 0.545704 0.913411 0.544790 0.914062 0.544790 0.914714 0.544790 0.915365 0.543876 0.916016 0.543876 0.916667 0.543876 0.917318 0.542962 0.917969 0.542962 0.918620 0.542962 0.919271 0.542048 0.919922 0.542048 0.919922 0.541133 0.920573 0.540219 0.920573 0.539305 0.920573 0.538391 0.920573 0.537477 0.919922 0.536563 0.919922 0.535649 0.919271 0.535649 0.918620 0.534735 0.917969 0.533821 0.917318 0.534735 0.916667 0.535649 0.916016 0.534735 0.915365 0.533821 0.916016 0.532907 0.916667 0.531993 0.917318 0.531079 0.917318 0.530165 0.917969 0.529250 0.918620 0.528336 0.919271 0.527422 0.919271 0.526508 0.919922 0.525594 0.919271 0.524680 0.919922 0.523766 0.919271 0.522852 0.919922 0.521938 0.919271 0.521024 0.919271 0.520110 0.919271 0.519196 0.918620 0.519196 0.917969 0.520110 0.917318 0.519196 0.916667 0.518282 0.917318 0.517367 0.916667 0.518282 0.916016 0.518282 0.915365 0.518282 0.914714 0.517367 0.914062 0.517367 0.913411 0.518282 0.912760 0.518282 0.912109 0.518282
0 0.473307 0.516453 0.472656 0.517367 0.472005 0.517367 0.471354 0.518282 0.471354 0.519196 0.470703 0.520110 0.471354 0.521024 0.472005 0.521938 0.472005 0.522852 0.472656 0.522852 0.473307 0.523766 0.473958 0.524680 0.474609 0.525594 0.473958 0.526508 0.473307 0.527422 0.472656 0.527422 0.472656 0.528336 0.472005 0.529250 0.472005 0.530165 0.471354 0.531079 0.472005 0.531993 0.472005 0.532907 0.472656 0.532907 0.473307 0.533821 0.473958 0.534735 0.474609 0.534735 0.475260 0.534735 0.475911 0.535649 0.476562 0.535649 0.477214 0.536563 0.477865 0.537477 0.477865 0.538391 0.478516 0.539305 0.479167 0.540219 0.479818 0.541133 0.480469 0.542048 0.480469 0.542962 0.481120 0.542048 0.481771 0.542048 0.482422 0.542962 0.483073 0.542962 0.483724 0.542048 0.484375 0.542048 0.485026 0.542048 0.485677 0.542048 0.486328 0.542048 0.486979 0.542048 0.487630 0.542048 0.488281 0.542048 0.488932 0.541133 0.488932 0.540219 0.488932 0.539305 0.488932 0.538391 0.488281 0.537477 0.488281 0.536563 0.488281 0.535649 0.487630 0.534735 0.486979 0.534735 0.486328 0.534735 0.485677 0.534735 0.485026 0.534735 0.484375 0.533821 0.483724 0.533821 0.483073 0.533821 0.482422 0.532907 0.481771 0.532907 0.481120 0.531993 0.480469 0.531079 0.479818 0.530165 0.479167 0.529250 0.478516 0.529250 0.477865 0.528336 0.477214 0.527422 0.476562 0.526508 0.475911 0.525594 0.476562 0.524680 0.477214 0.523766 0.477865 0.522852 0.478516 0.521938 0.479167 0.522852 0.479818 0.522852 0.480469 0.522852 0.481120 0.523766 0.481771 0.524680 0.482422 0.525594 0.483073 0.525594 0.483724 0.526508 0.484375 0.525594 0.485026 0.524680 0.485677 0.525594 0.486328 0.525594 0.486979 0.524680 0.487630 0.525594 0.488281 0.525594 0.488932 0.524680 0.489583 0.524680 0.490234 0.523766 0.490885 0.522852 0.491536 0.521938 0.492188 0.521024 0.492839 0.520110 0.492839 0.519196 0.492839 0.518282 0.492188 0.517367 0.491536 0.517367 0.490885 0.517367 0.490234 0.518282 0.489583 0.519196 0.488932 0.520110 0.488281 0.521024 0.487630 0.521938 0.486979 0.521938 0.486328 0.521938 0.485677 0.521938 0.485026 0.521938 0.484375 0.521938 0.483724 0.521024 0.483073 0.521938 0.482422 0.521024 0.481771 0.520110 0.482422 0.519196 0.482422 0.518282 0.481771 0.517367 0.481120 0.517367 0.480469 0.516453 0.479818 0.516453 0.479167 0.516453 0.478516 0.516453 0.477865 0.516453 0.477214 0.517367 0.476562 0.516453 0.475911 0.516453 0.475260 0.516453 0.474609 0.516453 0.473958 0.516453
0 0.998698 0.513711 0.998047 0.514625 0.997396 0.514625 0.997396 0.515539 0.996745 0.516453 0.996094 0.517367 0.995443 0.517367 0.995443 0.518282 0.994792 0.519196 0.994141 0.520110 0.993490 0.521024 0.992839 0.521938 0.992188 0.521024 0.992188 0.521938 0.991536 0.522852 0.992188 0.523766 0.992188 0.524680 0.992188 0.525594 0.991536 0.526508 0.991536 0.527422 0.991536 0.528336 0.991536 0.529250 0.992188 0.530165 0.991536 0.531079 0.990885 0.531993 0.990234 0.531993 0.990234 0.532907 0.989583 0.533821 0.988932 0.534735 0.988281 0.535649 0.987630 0.536563 0.986979 0.537477 0.986328 0.538391 0.986328 0.539305 0.986328 0.540219 0.985677 0.541133 0.986328 0.542048 0.986328 0.542962 0.986979 0.543876 0.986979 0.544790 0.987630 0.544790 0.988281 0.545704 0.988932 0.546618 0.989583 0.547532 0.990234 0.547532 0.990885 0.548446 0.991536 0.547532 0.992188 0.547532 0.992839 0.548446 0.993490 0.547532 0.994141 0.546618 0.993490 0.545704 0.993490 0.544790 0.993490 0.543876 0.992839 0.542962 0.993490 0.542048 0.992839 0.541133 0.993490 0.540219 0.994141 0.539305 0.994792 0.538391 0.995443 0.538391 0.996094 0.539305 0.996745 0.539305 0.996745 0.538391 0.997396 0.537477 0.997396 0.536563 0.997396 0.535649 0.998047 0.534735 0.998698 0.533821 0.998698 0.532907 0.998698 0.531993 0.998698 0.531079 0.998698 0.530165 0.998698 0.529250 0.998698 0.528336 0.998698 0.527422 0.998698 0.526508 0.998698 0.525594 0.998698 0.524680 0.998698 0.523766 0.998698 0.522852 0.998698 0.521938 0.998698 0.521024 0.998698 0.520110 0.998698 0.519196 0.998698 0.518282 0.998698 0.517367 0.998698 0.516453 0.998698 0.515539 0.998698 0.514625
0 0.523438 0.513711 0.523438 0.514625 0.522786 0.515539 0.522135 0.516453 0.521484 0.517367 0.520833 0.518282 0.520182 0.519196 0.519531 0.519196 0.518880 0.520110 0.518229 0.521024 0.517578 0.521024 0.516927 0.521938 0.516276 0.521938 0.515625 0.522852 0.514974 0.523766 0.515625 0.524680 0.514974 0.525594 0.514323 0.526508 0.513672 0.527422 0.513021 0.528336 0.512370 0.528336 0.512370 0.529250 0.511719 0.530165 0.511068 0.531079 0.511068 0.531993 0.510417 0.532907 0.510417 0.533821 0.509766 0.534735 0.509766 0.535649 0.509115 0.536563 0.508464 0.537477 0.508464 0.538391 0.508464 0.539305 0.508464 0.540219 0.509115 0.541133 0.509766 0.541133 0.510417 0.542048 0.511068 0.542962 0.511068 0.543876 0.510417 0.544790 0.509766 0.545704 0.509115 0.545704 0.508464 0.546618 0.507812 0.546618 0.507161 0.547532 0.506510 0.547532 0.505859 0.548446 0.505208 0.548446 0.504557 0.549360 0.503906 0.549360 0.503906 0.550274 0.503906 0.551188 0.504557 0.552102 0.505208 0.552102 0.505859 0.551188 0.506510 0.552102 0.507161 0.552102 0.507812 0.552102 0.508464 0.553016 0.509115 0.553931 0.509766 0.553931 0.510417 0.553931 0.511068 0.553931 0.511719 0.554845 0.512370 0.554845 0.513021 0.553931 0.513672 0.553931 0.513672 0.553016 0.514323 0.552102 0.513672 0.551188 0.513672 0.550274 0.513672 0.549360 0.513021 0.548446 0.513672 0.547532 0.513021 0.546618 0.513021 0.545704 0.513021 0.544790 0.512370 0.543876 0.513021 0.542962 0.513672 0.542048 0.514323 0.542048 0.514974 0.541133 0.515625 0.541133 0.516276 0.542048 0.516927 0.542048 0.517578 0.542048 0.517578 0.541133 0.518229 0.540219 0.518880 0.539305 0.519531 0.539305 0.520182 0.538391 0.520833 0.537477 0.520833 0.536563 0.520833 0.535649 0.520182 0.534735 0.520833 0.533821 0.520182 0.532907 0.520182 0.531993 0.519531 0.531079 0.519531 0.530165 0.519531 0.529250 0.520182 0.528336 0.520833 0.527422 0.521484 0.527422 0.522135 0.527422 0.522786 0.527422 0.523438 0.526508 0.524089 0.527422 0.524740 0.527422 0.525391 0.527422 0.525391 0.526508 0.526042 0.525594 0.526693 0.524680 0.527344 0.523766 0.527995 0.522852 0.528646 0.521938 0.528646 0.521024 0.529297 0.520110 0.528646 0.519196 0.528646 0.518282 0.528646 0.517367 0.528646 0.516453 0.528646 0.515539 0.527995 0.515539 0.527344 0.514625 0.526693 0.514625 0.526042 0.513711 0.525391 0.513711 0.524740 0.513711 0.524089 0.513711
0 0.287760 0.513711 0.287109 0.514625 0.286458 0.514625 0.285807 0.514625 0.285807 0.515539 0.285156 0.516453 0.285156 0.517367 0.284505 0.518282 0.285156 0.519196 0.285156 0.520110 0.285807 0.521024 0.285156 0.521938 0.285807 0.522852 0.286458 0.523766 0.285807 0.524680 0.285807 0.525594 0.285807 0.526508 0.285807 0.527422 0.286458 0.528336 0.287109 0.529250 0.287760 0.529250 0.288411 0.528336 0.289062 0.528336 0.289714 0.527422 0.290365 0.527422 0.291016 0.527422 0.291667 0.526508 0.292318 0.527422 0.292969 0.527422 0.293620 0.526508 0.294271 0.526508 0.294922 0.525594 0.295573 0.525594 0.296224 0.525594 0.296875 0.526508 0.297526 0.527422 0.297526 0.528336 0.297526 0.529250 0.297526 0.530165 0.297526 0.531079 0.297526 0.531993 0.297526 0.532907 0.296875 0.533821 0.296224 0.534735 0.295573 0.534735 0.294922 0.534735 0.294271 0.533821 0.293620 0.533821 0.292969 0.533821 0.292318 0.533821 0.291667 0.532907 0.291016 0.533821 0.290365 0.534735 0.289714 0.535649 0.289062 0.536563 0.289714 0.537477 0.289714 0.538391 0.289714 0.539305 0.290365 0.539305 0.291016 0.540219 0.291667 0.540219 0.292318 0.539305 0.292969 0.539305 0.293620 0.540219 0.294271 0.541133 0.294922 0.542048 0.294922 0.542962 0.294271 0.543876 0.294271 0.544790 0.293620 0.545704 0.293620 0.546618 0.292969 0.547532 0.293620 0.548446 0.293620 0.549360 0.294271 0.550274 0.294271 0.551188 0.294922 0.551188 0.295573 0.551188 0.296224 0.551188 0.296875 0.550274 0.297526 0.550274 0.298177 0.549360 0.298828 0.550274 0.299479 0.549360 0.300130 0.548446 0.300781 0.548446 0.301432 0.547532 0.302083 0.546618 0.302734 0.545704 0.303385 0.544790 0.304036 0.545704 0.304688 0.546618 0.304688 0.547532 0.305339 0.547532 0.305990 0.546618 0.306641 0.545704 0.307292 0.545704 0.307943 0.544790 0.307292 0.543876 0.307292 0.542962 0.307292 0.542048 0.306641 0.541133 0.306641 0.540219 0.305990 0.539305 0.305339 0.538391 0.305990 0.537477 0.305990 0.536563 0.305990 0.535649 0.305990 0.534735 0.305990 0.533821 0.305339 0.532907 0.305990 0.531993 0.305990 0.531079 0.305339 0.530165 0.304688 0.529250 0.304036 0.528336 0.303385 0.527422 0.303385 0.526508 0.303385 0.525594 0.302734 0.525594 0.302083 0.524680 0.301432 0.524680 0.300781 0.523766 0.300130 0.522852 0.299479 0.522852 0.298828 0.522852 0.298177 0.521938 0.297526 0.521024 0.297526 0.520110 0.296875 0.520110 0.296224 0.519196 0.295573 0.518282 0.294922 0.519196 0.294271 0.518282 0.293620 0.517367 0.292969 0.516453 0.292318 0.516453 0.291667 0.515539 0.291016 0.514625 0.290365 0.515539 0.289714 0.515539 0.289062 0.515539 0.288411 0.514625
0 0.784505 0.506399 0.783854 0.507313 0.783203 0.508227 0.782552 0.509141 0.781901 0.510055 0.781250 0.510055 0.780599 0.510969 0.781250 0.511883 0.780599 0.512797 0.781250 0.513711 0.781250 0.514625 0.781250 0.515539 0.781901 0.516453 0.781901 0.517367 0.782552 0.518282 0.782552 0.519196 0.783203 0.520110 0.783203 0.521024 0.782552 0.521938 0.781901 0.522852 0.781250 0.522852 0.780599 0.522852 0.779948 0.522852 0.779297 0.523766 0.778646 0.524680 0.777995 0.524680 0.777344 0.524680 0.776693 0.523766 0.776042 0.523766 0.775391 0.522852 0.774740 0.523766 0.774089 0.523766 0.773438 0.524680 0.772786 0.525594 0.773438 0.526508 0.773438 0.527422 0.773438 0.528336 0.774089 0.529250 0.774089 0.530165 0.774740 0.531079 0.775391 0.531993 0.776042 0.532907 0.776693 0.532907 0.777344 0.533821 0.777995 0.534735 0.777995 0.535649 0.778646 0.535649 0.779297 0.536563 0.779948 0.537477 0.779948 0.538391 0.779297 0.539305 0.779297 0.540219 0.779297 0.541133 0.778646 0.542048 0.779297 0.542962 0.778646 0.543876 0.779297 0.544790 0.779948 0.544790 0.780599 0.545704 0.781250 0.545704 0.781250 0.544790 0.781901 0.543876 0.782552 0.542962 0.782552 0.542048 0.783203 0.541133 0.783854 0.540219 0.784505 0.539305 0.784505 0.538391 0.785156 0.537477 0.785807 0.536563 0.786458 0.536563 0.787109 0.537477 0.787760 0.538391 0.788411 0.539305 0.789062 0.540219 0.788411 0.541133 0.789062 0.542048 0.789062 0.542962 0.789714 0.543876 0.790365 0.544790 0.791016 0.544790 0.791667 0.544790 0.792318 0.545704 0.792969 0.544790 0.793620 0.544790 0.794271 0.544790 0.794922 0.544790 0.795573 0.544790 0.796224 0.545704 0.796875 0.544790 0.797526 0.545704 0.798177 0.544790 0.798828 0.543876 0.799479 0.544790 0.800130 0.543876 0.800781 0.542962 0.801432 0.542048 0.800781 0.541133 0.801432 0.540219 0.800781 0.539305 0.800781 0.538391 0.800781 0.537477 0.800130 0.536563 0.800130 0.535649 0.799479 0.534735 0.799479 0.533821 0.798828 0.534735 0.798177 0.533821 0.797526 0.532907 0.796875 0.532907 0.796224 0.531993 0.795573 0.531993 0.794922 0.531079 0.794271 0.530165 0.794922 0.529250 0.794922 0.528336 0.794922 0.527422 0.795573 0.526508 0.795573 0.525594 0.795573 0.524680 0.796224 0.523766 0.796224 0.522852 0.796224 0.521938 0.795573 0.521024 0.796224 0.520110 0.795573 0.520110 0.794922 0.519196 0.794271 0.520110 0.793620 0.519196 0.792969 0.518282 0.792318 0.517367 0.792318 0.516453 0.792318 0.515539 0.792318 0.514625 0.791667 0.513711 0.791016 0.512797 0.790365 0.512797 0.789714 0.511883 0.789062 0.510969 0.788411 0.510055 0.787760 0.509141 0.788411 0.508227 0.787760 0.508227 0.787109 0.507313 0.786458 0.507313 0.785807 0.506399 0.785156 0.506399
0 0.896484 0.504570 0.895833 0.505484 0.895182 0.506399 0.894531 0.506399 0.893880 0.507313 0.893229 0.507313 0.892578 0.508227 0.891927 0.509141 0.891276 0.509141 0.890625 0.510055 0.889974 0.510969 0.889323 0.511883 0.889974 0.512797 0.889323 0.513711 0.889323 0.514625 0.888672 0.515539 0.888672 0.516453 0.888021 0.517367 0.888021 0.518282 0.888021 0.519196 0.888021 0.520110 0.888021 0.521024 0.888672 0.521938 0.888672 0.522852 0.888672 0.523766 0.889323 0.524680 0.889974 0.525594 0.889323 0.526508 0.889323 0.527422 0.889323 0.528336 0.889974 0.528336 0.890625 0.529250 0.891276 0.529250 0.891927 0.528336 0.892578 0.529250 0.893229 0.528336 0.893880 0.528336 0.894531 0.528336 0.895182 0.527422 0.895833 0.527422 0.896484 0.527422 0.897135 0.526508 0.897786 0.525594 0.898438 0.524680 0.899089 0.523766 0.899740 0.523766 0.900391 0.523766 0.901042 0.522852 0.901693 0.522852 0.902344 0.521938 0.902995 0.521024 0.903646 0.520110 0.904297 0.519196 0.904948 0.518282 0.904948 0.517367 0.905599 0.516453 0.906250 0.515539 0.905599 0.514625 0.905599 0.513711 0.905599 0.512797 0.904948 0.511883 0.904297 0.510969 0.903646 0.510969 0.902995 0.510055 0.902344 0.509141 0.901693 0.509141 0.901042 0.510055 0.900391 0.510055 0.899740 0.510055 0.899089 0.509141 0.898438 0.508227 0.898438 0.507313 0.897786 0.506399 0.897135 0.505484
0 0.312500 0.501828 0.311849 0.502742 0.311198 0.502742 0.310547 0.502742 0.309896 0.503656 0.309245 0.503656 0.308594 0.503656 0.307943 0.504570 0.307292 0.505484 0.307292 0.506399 0.307292 0.507313 0.307292 0.508227 0.306641 0.509141 0.305990 0.510055 0.306641 0.510969 0.307292 0.511883 0.307292 0.512797 0.307943 0.513711 0.308594 0.513711 0.309245 0.514625 0.309896 0.514625 0.310547 0.515539 0.311198 0.516453 0.311849 0.515539 0.312500 0.515539 0.313151 0.514625 0.313802 0.513711 0.314453 0.513711 0.314453 0.512797 0.314453 0.511883 0.315104 0.510969 0.315755 0.510055 0.316406 0.510055 0.315755 0.509141 0.315755 0.508227 0.315755 0.507313 0.315104 0.506399 0.315104 0.505484 0.315104 0.504570 0.314453 0.503656 0.313802 0.502742 0.313802 0.501828 0.313151 0.501828
0 0.863932 0.499086 0.863281 0.500000 0.862630 0.500000 0.861979 0.500914 0.861328 0.500914 0.861328 0.501828 0.860677 0.502742 0.860677 0.503656 0.861328 0.504570 0.861328 0.505484 0.860677 0.506399 0.860677 0.507313 0.861328 0.508227 0.861328 0.509141 0.861979 0.509141 0.862630 0.510055 0.863281 0.509141 0.863932 0.508227 0.863932 0.507313 0.864583 0.506399 0.865234 0.505484 0.865234 0.504570 0.865234 0.503656 0.865885 0.502742 0.865885 0.501828 0.865234 0.500914 0.865234 0.500000 0.864583 0.499086
0 0.607422 0.495430 0.607422 0.496344 0.606771 0.497258 0.606120 0.498172 0.605469 0.499086 0.604818 0.500000 0.604167 0.500914 0.603516 0.501828 0.604167 0.502742 0.604167 0.503656 0.604818 0.504570 0.604818 0.505484 0.604167 0.506399 0.603516 0.507313 0.602865 0.508227 0.602865 0.509141 0.602865 0.510055 0.602214 0.510969 0.602865 0.511883 0.602214 0.512797 0.601562 0.513711 0.601562 0.514625 0.601562 0.515539 0.602214 0.516453 0.601562 0.517367 0.601562 0.518282 0.600911 0.519196 0.600260 0.520110 0.600911 0.521024 0.601562 0.520110 0.602214 0.520110 0.602865 0.521024 0.603516 0.521938 0.604167 0.521024 0.604818 0.521024 0.605469 0.521938 0.606120 0.522852 0.606771 0.523766 0.606771 0.524680 0.607422 0.525594 0.608073 0.526508 0.608724 0.526508 0.609375 0.527422 0.610026 0.528336 0.610677 0.529250 0.611328 0.530165 0.611328 0.531079 0.611979 0.531079 0.612630 0.531993 0.613281 0.532907 0.613932 0.533821 0.614583 0.533821 0.615234 0.534735 0.615885 0.535649 0.616536 0.535649 0.617188 0.535649 0.617839 0.535649 0.618490 0.535649 0.619141 0.534735 0.619792 0.535649 0.620443 0.535649 0.621094 0.535649 0.621745 0.534735 0.622396 0.534735 0.623047 0.535649 0.623698 0.535649 0.624349 0.535649 0.625000 0.534735 0.625000 0.533821 0.625000 0.532907 0.625000 0.531993 0.624349 0.531079 0.624349 0.530165 0.624349 0.529250 0.624349 0.528336 0.625000 0.527422 0.625000 0.526508 0.625000 0.525594 0.625000 0.524680 0.625000 0.523766 0.625651 0.522852 0.625000 0.521938 0.625000 0.521024 0.625651 0.520110 0.625000 0.519196 0.625000 0.518282 0.625000 0.517367 0.624349 0.516453 0.625000 0.515539 0.625000 0.514625 0.625000 0.513711 0.624349 0.513711 0.623698 0.512797 0.623047 0.511883 0.622396 0.512797 0.621745 0.512797 0.621745 0.513711 0.621094 0.514625 0.620443 0.515539 0.620443 0.516453 0.621094 0.517367 0.620443 0.518282 0.621094 0.519196 0.621094 0.520110 0.621094 0.521024 0.620443 0.521938 0.619792 0.522852 0.619141 0.522852 0.618490 0.521938 0.617839 0.521024 0.617188 0.520110 0.617188 0.519196 0.616536 0.518282 0.615885 0.518282 0.615234 0.517367 0.614583 0.516453 0.614583 0.515539 0.613932 0.514625 0.613281 0.513711 0.613281 0.512797 0.613281 0.511883 0.612630 0.510969 0.612630 0.510055 0.612630 0.509141 0.612630 0.508227 0.612630 0.507313 0.613281 0.506399 0.613281 0.505484 0.613281 0.504570 0.613281 0.503656 0.613281 0.502742 0.613281 0.501828 0.613932 0.500914 0.613281 0.500000 0.613281 0.499086 0.612630 0.498172 0.612630 0.497258 0.611979 0.496344 0.611328 0.495430 0.610677 0.495430 0.610026 0.495430 0.609375 0.495430 0.608724 0.495430 0.608073 0.495430
0 0.016276 0.495430 0.015625 0.496344 0.014974 0.496344 0.014323 0.496344 0.013672 0.497258 0.013021 0.498172 0.012370 0.498172 0.012370 0.499086 0.012370 0.500000 0.011719 0.500914 0.011068 0.501828 0.011068 0.502742 0.010417 0.503656 0.009766 0.504570 0.009766 0.505484 0.009115 0.506399 0.008464 0.507313 0.008464 0.508227 0.008464 0.509141 0.007812 0.510055 0.007161 0.510969 0.007161 0.511883 0.006510 0.512797 0.005859 0.513711 0.005208 0.513711 0.004557 0.514625 0.003906 0.515539 0.003255 0.516453 0.002604 0.517367 0.001953 0.517367 0.001302 0.516453 0.000651 0.517367 0.000651 0.518282 0.000651 0.519196 0.000651 0.520110 0.000651 0.521024 0.000651 0.521938 0.001302 0.522852 0.001302 0.523766 0.001953 0.524680 0.001302 0.525594 0.001302 0.526508 0.000651 0.527422 0.001302 0.528336 0.001302 0.529250 0.000651 0.530165 0.000651 0.531079 0.000651 0.531993 0.000651 0.532907 0.000651 0.533821 0.000651 0.534735 0.000651 0.535649 0.000651 0.536563 0.000651 0.537477 0.001302 0.538391 0.001953 0.539305 0.001953 0.540219 0.002604 0.539305 0.003255 0.540219 0.003906 0.541133 0.004557 0.541133 0.005208 0.541133 0.005859 0.540219 0.006510 0.539305 0.007161 0.539305 0.007812 0.539305 0.007812 0.538391 0.008464 0.537477 0.009115 0.536563 0.009766 0.536563 0.010417 0.535649 0.011068 0.534735 0.011719 0.534735 0.012370 0.533821 0.013021 0.532907 0.013672 0.532907 0.014323 0.532907 0.014323 0.531993 0.014323 0.531079 0.014323 0.530165 0.014323 0.529250 0.013672 0.529250 0.013021 0.528336 0.012370 0.529250 0.011719 0.530165 0.011068 0.531079 0.010417 0.531993 0.009766 0.531993 0.009115 0.532907 0.008464 0.533821 0.007812 0.532907 0.007161 0.531993 0.006510 0.531079 0.006510 0.530165 0.006510 0.529250 0.005859 0.528336 0.006510 0.527422 0.005859 0.526508 0.006510 0.525594 0.005859 0.524680 0.005859 0.523766 0.005859 0.522852 0.005859 0.521938 0.006510 0.521024 0.006510 0.520110 0.007161 0.519196 0.007812 0.518282 0.008464 0.517367 0.008464 0.516453 0.008464 0.515539 0.008464 0.514625 0.009115 0.513711 0.009766 0.512797 0.010417 0.512797 0.010417 0.511883 0.011068 0.510969 0.011719 0.510055 0.012370 0.509141 0.012370 0.508227 0.013021 0.507313 0.013672 0.506399 0.014323 0.506399 0.014974 0.506399 0.015625 0.505484 0.016276 0.505484 0.016927 0.504570 0.017578 0.503656 0.018229 0.502742 0.018880 0.501828 0.019531 0.500914 0.019531 0.500000 0.019531 0.499086 0.019531 0.498172 0.019531 0.497258 0.020182 0.496344 0.019531 0.495430 0.018880 0.495430 0.018229 0.495430 0.017578 0.495430 0.016927 0.495430
0 0.841146 0.494516 0.840495 0.495430 0.839844 0.495430 0.839193 0.495430 0.838542 0.496344 0.837891 0.496344 0.837240 0.497258 0.837240 0.498172 0.837240 0.499086 0.836589 0.500000 0.835938 0.500914 0.835286 0.501828 0.835938 0.502742 0.835938 0.503656 0.835286 0.504570 0.835938 0.505484 0.835286 0.506399 0.835286 0.507313 0.835938 0.508227 0.836589 0.509141 0.836589 0.510055 0.837240 0.510969 0.837891 0.511883 0.838542 0.512797 0.839193 0.512797 0.839844 0.513711 0.840495 0.514625 0.841146 0.515539 0.841797 0.516453 0.842448 0.517367 0.842448 0.518282 0.843099 0.519196 0.843099 0.520110 0.843750 0.520110 0.844401 0.521024 0.845052 0.521024 0.845703 0.521024 0.846354 0.520110 0.847005 0.519196 0.847005 0.518282 0.847656 0.517367 0.848307 0.516453 0.848958 0.515539 0.849609 0.514625 0.850260 0.513711 0.850911 0.513711 0.851562 0.512797 0.852214 0.512797 0.852214 0.511883 0.852865 0.510969 0.852865 0.510055 0.852214 0.510055 0.851562 0.510055 0.850911 0.509141 0.850260 0.508227 0.849609 0.508227 0.848958 0.509141 0.848307 0.508227 0.847656 0.509141 0.847005 0.509141 0.846354 0.509141 0.845703 0.508227 0.845052 0.507313 0.844401 0.506399 0.844401 0.505484 0.844401 0.504570 0.845052 0.503656 0.845052 0.502742 0.845703 0.501828 0.845703 0.500914 0.845703 0.500000 0.845703 0.499086 0.845052 0.498172 0.844401 0.497258 0.843750 0.496344 0.843099 0.496344 0.842448 0.495430 0.841797 0.495430
0 0.872396 0.493601 0.871745 0.494516 0.871094 0.495430 0.871094 0.496344 0.870443 0.497258 0.870443 0.498172 0.869792 0.499086 0.869792 0.500000 0.869141 0.500914 0.869141 0.501828 0.869141 0.502742 0.869792 0.503656 0.870443 0.503656 0.871094 0.503656 0.871745 0.502742 0.872396 0.502742 0.873047 0.502742 0.873047 0.501828 0.873698 0.500914 0.874349 0.500000 0.875000 0.499086 0.875651 0.498172 0.876302 0.499086 0.876953 0.500000 0.876953 0.500914 0.876302 0.501828 0.876953 0.502742 0.876953 0.503656 0.877604 0.504570 0.877604 0.505484 0.876953 0.506399 0.876953 0.507313 0.876302 0.508227 0.875651 0.509141 0.875000 0.510055 0.874349 0.510969 0.873698 0.510969 0.873047 0.510969 0.872396 0.511883 0.871745 0.511883 0.871094 0.511883 0.870443 0.511883 0.869792 0.511883 0.869141 0.511883 0.868490 0.512797 0.867839 0.511883 0.867188 0.512797 0.867188 0.513711 0.866536 0.514625 0.866536 0.515539 0.867188 0.516453 0.866536 0.517367 0.865885 0.518282 0.865234 0.519196 0.864583 0.519196 0.863932 0.518282 0.863281 0.517367 0.862630 0.516453 0.861979 0.516453 0.861328 0.516453 0.860677 0.516453 0.860677 0.517367 0.860026 0.518282 0.859375 0.519196 0.858724 0.520110 0.858073 0.520110 0.857422 0.519196 0.856771 0.520110 0.856120 0.520110 0.855469 0.521024 0.854818 0.520110 0.854167 0.521024 0.853516 0.521938 0.853516 0.522852 0.853516 0.523766 0.852865 0.524680 0.853516 0.525594 0.854167 0.526508 0.854818 0.527422 0.855469 0.528336 0.856120 0.527422 0.856771 0.527422 0.857422 0.526508 0.858073 0.526508 0.858724 0.526508 0.859375 0.527422 0.860026 0.527422 0.860677 0.528336 0.861328 0.529250 0.861979 0.530165 0.861979 0.531079 0.861979 0.531993 0.861328 0.532907 0.861328 0.533821 0.861328 0.534735 0.861328 0.535649 0.861979 0.536563 0.861328 0.537477 0.861979 0.538391 0.861979 0.539305 0.862630 0.540219 0.862630 0.541133 0.863281 0.542048 0.863281 0.542962 0.863932 0.543876 0.864583 0.544790 0.864583 0.545704 0.865234 0.546618 0.865234 0.547532 0.865234 0.548446 0.865234 0.549360 0.865885 0.550274 0.865885 0.551188 0.865885 0.552102 0.866536 0.553016 0.866536 0.553931 0.865885 0.554845 0.866536 0.555759 0.865885 0.556673 0.866536 0.557587 0.866536 0.558501 0.867188 0.559415 0.866536 0.560329 0.867188 0.561243 0.867188 0.562157 0.867188 0.563071 0.867188 0.563985 0.867839 0.564899 0.867839 0.565814 0.867839 0.566728 0.867839 0.567642 0.868490 0.568556 0.867839 0.569470 0.867839 0.570384 0.867188 0.571298 0.866536 0.572212 0.865885 0.573126 0.865234 0.573126 0.864583 0.573126 0.863932 0.573126 0.863281 0.574040 0.862630 0.574040 0.861979 0.574954 0.861979 0.575868 0.861328 0.576782 0.860677 0.577697 0.860677 0.578611 0.860677 0.579525 0.861328 0.580439 0.861979 0.580439 0.862630 0.580439 0.863281 0.580439 0.863932 0.580439 0.864583 0.580439 0.865234 0.580439 0.865885 0.580439 0.866536 0.580439 0.867188 0.581353 0.867839 0.582267 0.868490 0.583181 0.867839 0.584095 0.867188 0.585009 0.866536 0.585923 0.865885 0.586837 0.865234 0.587751 0.864583 0.586837 0.863932 0.587751 0.863281 0.587751 0.862630 0.588665 0.861979 0.588665 0.861328 0.588665 0.860677 0.588665 0.860026 0.588665 0.859375 0.588665 0.858724 0.588665 0.858073 0.589580 0.857422 0.590494 0.856771 0.591408 0.856120 0.591408 0.856120 0.592322 0.855469 0.593236 0.855469 0.594150 0.855469 0.595064 0.856120 0.595978 0.856120 0.596892 0.856771 0.596892 0.857422 0.597806 0.858073 0.597806 0.858724 0.597806 0.859375 0.598720 0.860026 0.597806 0.860677 0.596892 0.861328 0.596892 0.861979 0.597806 0.862630 0.598720 0.863281 0.598720 0.863932 0.598720 0.864583 0.599634 0.865234 0.600548 0.865885 0.601463 0.865885 0.602377 0.866536 0.603291 0.867188 0.604205 0.867188 0.605119 0.867188 0.606033 0.867839 0.606947 0.868490 0.607861 0.869141 0.607861 0.869792 0.608775 0.870443 0.609689 0.871094 0.610603 0.871745 0.611517 0.872396 0.612431 0.873047 0.612431 0.873698 0.613346 0.874349 0.614260 0.873698 0.615174 0.874349 0.616088 0.874349 0.617002 0.873698 0.617916 0.873698 0.618830 0.874349 0.619744 0.873698 0.620658 0.873047 0.621572 0.872396 0.621572 0.872396 0.622486 0.871745 0.623400 0.871094 0.624314 0.870443 0.625229 0.870443 0.626143 0.869792 0.627057 0.869792 0.627971 0.869141 0.628885 0.868490 0.629799 0.867839 0.630713 0.867188 0.630713 0.866536 0.630713 0.865885 0.631627 0.865234 0.631627 0.864583 0.632541 0.863932 0.632541 0.863281 0.633455 0.863281 0.634369 0.862630 0.635283 0.862630 0.636197 0.861979 0.637112 0.861979 0.638026 0.861328 0.638940 0.860677 0.639854 0.860026 0.640768 0.859375 0.640768 0.858724 0.641682 0.858073 0.641682 0.857422 0.641682 0.856771 0.641682 0.856120 0.640768 0.855469 0.639854 0.854818 0.638940 0.854167 0.638940 0.853516 0.638940 0.852865 0.638940 0.852214 0.638940 0.852214 0.639854 0.852214 0.640768 0.852865 0.641682 0.852214 0.642596 0.851562 0.643510 0.850911 0.644424 0.850911 0.645338 0.850260 0.646252 0.850260 0.647166 0.849609 0.648080 0.848958 0.648995 0.848307 0.648995 0.847656 0.648995 0.847005 0.648080 0.846354 0.648080 0.845703 0.648080 0.845052 0.648080 0.844401 0.647166 0.843750 0.647166 0.843099 0.647166 0.842448 0.647166 0.841797 0.647166 0.841146 0.646252 0.840495 0.645338 0.840495 0.644424 0.840495 0.643510 0.840495 0.642596 0.841146 0.641682 0.840495 0.640768 0.840495 0.639854 0.840495 0.638940 0.840495 0.638026 0.840495 0.637112 0.839844 0.636197 0.839193 0.635283 0.838542 0.634369 0.838542 0.633455 0.838542 0.632541 0.838542 0.631627 0.838542 0.630713 0.838542 0.629799 0.838542 0.628885 0.838542 0.627971 0.838542 0.627057 0.838542 0.626143 0.838542 0.625229 0.837891 0.624314 0.837891 0.623400 0.837240 0.624314 0.836589 0.624314 0.835938 0.623400 0.835286 0.624314 0.834635 0.625229 0.834635 0.626143 0.834635 0.627057 0.833984 0.627971 0.834635 0.628885 0.833984 0.629799 0.833984 0.630713 0.833333 0.631627 0.833333 0.632541 0.833333 0.633455 0.833333 0.634369 0.833333 0.635283 0.833333 0.636197 0.832682 0.637112 0.832031 0.638026 0.832682 0.638940 0.832682 0.639854 0.833333 0.639854 0.833984 0.640768 0.834635 0.641682 0.835286 0.642596 0.835286 0.643510 0.835938 0.644424 0.835938 0.645338 0.836589 0.646252 0.835938 0.647166 0.835938 0.648080 0.835938 0.648995 0.835938 0.649909 0.835938 0.650823 0.835286 0.651737 0.834635 0.652651 0.833984 0.652651 0.833333 0.652651 0.832682 0.652651 0.832031 0.651737 0.831380 0.651737 0.830729 0.651737 0.830078 0.651737 0.829427 0.651737 0.828776 0.650823 0.828125 0.650823 0.827474 0.650823 0.826823 0.650823 0.826172 0.651737 0.825521 0.651737 0.824870 0.650823 0.824219 0.651737 0.823568 0.651737 0.822917 0.652651 0.822266 0.652651 0.821615 0.653565 0.820964 0.653565 0.820312 0.654479 0.819661 0.655393 0.819010 0.654479 0.818359 0.653565 0.817708 0.652651 0.817708 0.651737 0.817057 0.650823 0.816406 0.649909 0.816406 0.648995 0.815755 0.648080 0.815104 0.648080 0.814453 0.648080 0.813802 0.647166 0.813151 0.647166 0.812500 0.646252 0.811849 0.647166 0.811198 0.648080 0.811198 0.648995 0.810547 0.649909 0.809896 0.650823 0.809896 0.651737 0.809896 0.652651 0.810547 0.653565 0.811198 0.653565 0.811849 0.654479 0.812500 0.654479 0.813151 0.655393 0.813802 0.656307 0.813802 0.657221 0.813802 0.658135 0.814453 0.659049 0.815104 0.659963 0.815755 0.659963 0.816406 0.660878 0.817057 0.660878 0.817708 0.661792 0.818359 0.661792 0.819010 0.661792 0.819661 0.661792 0.820312 0.661792 0.820964 0.661792 0.821615 0.660878 0.822266 0.660878 0.822917 0.660878 0.823568 0.659963 0.824219 0.659963 0.824870 0.659963 0.825521 0.659963 0.826172 0.659963 0.826823 0.659963 0.827474 0.660878 0.828125 0.661792 0.827474 0.662706 0.827474 0.663620 0.826823 0.664534 0.826172 0.665448 0.825521 0.666362 0.825521 0.667276 0.824870 0.668190 0.824870 0.669104 0.824870 0.670018 0.824219 0.670932 0.824219 0.671846 0.824219 0.672761 0.823568 0.673675 0.822917 0.674589 0.822266 0.675503 0.821615 0.676417 0.820964 0.676417 0.820312 0.677331 0.819661 0.678245 0.820312 0.679159 0.819661 0.680073 0.819661 0.680987 0.819661 0.681901 0.819010 0.682815 0.819661 0.683729 0.819010 0.684644 0.819010 0.685558 0.819010 0.686472 0.818359 0.687386 0.819010 0.688300 0.819010 0.689214 0.819661 0.690128 0.819661 0.691042 0.820312 0.691042 0.820964 0.691042 0.821615 0.690128 0.822266 0.690128 0.822266 0.689214 0.822917 0.688300 0.823568 0.687386 0.823568 0.686472 0.824219 0.685558 0.824219 0.684644 0.824870 0.683729 0.824870 0.682815 0.824870 0.681901 0.825521 0.680987 0.825521 0.680073 0.824870 0.679159 0.824870 0.678245 0.825521 0.677331 0.825521 0.676417 0.825521 0.675503 0.826172 0.674589 0.826823 0.673675 0.827474 0.673675 0.828125 0.673675 0.828776 0.673675 0.829427 0.673675 0.830078 0.672761 0.830729 0.672761 0.831380 0.672761 0.832031 0.672761 0.832682 0.672761 0.833333 0.672761 0.833984 0.673675 0.834635 0.674589 0.835286 0.675503 0.835938 0.675503 0.836589 0.676417 0.837240 0.676417 0.837891 0.675503 0.838542 0.675503 0.839193 0.675503 0.839844 0.675503 0.840495 0.675503 0.841146 0.675503 0.841797 0.675503 0.842448 0.674589 0.843099 0.673675 0.842448 0.672761 0.843099 0.671846 0.843099 0.670932 0.842448 0.670018 0.842448 0.669104 0.842448 0.668190 0.841797 0.668190 0.841146 0.667276 0.840495 0.667276 0.839844 0.667276 0.839193 0.667276 0.838542 0.668190 0.837891 0.668190 0.837240 0.669104 0.836589 0.669104 0.835938 0.668190 0.835286 0.667276 0.835286 0.666362 0.834635 0.665448 0.834635 0.664534 0.834635 0.663620 0.834635 0.662706 0.833984 0.662706 0.833333 0.661792 0.832682 0.660878 0.832031 0.659963 0.832031 0.659049 0.832682 0.658135 0.832682 0.657221 0.833333 0.656307 0.833984 0.655393 0.834635 0.654479 0.835286 0.654479 0.835938 0.653565 0.836589 0.653565 0.837240 0.654479 0.837891 0.653565 0.838542 0.654479 0.839193 0.655393 0.839844 0.655393 0.840495 0.655393 0.841146 0.656307 0.841797 0.656307 0.842448 0.657221 0.843099 0.657221 0.843750 0.657221 0.844401 0.657221 0.845052 0.656307 0.845703 0.655393 0.846354 0.656307 0.847005 0.655393 0.847656 0.655393 0.847656 0.654479 0.848307 0.653565 0.848958 0.652651 0.849609 0.651737 0.850260 0.651737 0.850911 0.651737 0.851562 0.652651 0.852214 0.653565 0.852865 0.653565 0.853516 0.653565 0.854167 0.654479 0.854818 0.654479 0.855469 0.654479 0.856120 0.654479 0.856771 0.654479 0.857422 0.654479 0.858073 0.654479 0.858724 0.653565 0.859375 0.653565 0.860026 0.653565 0.860677 0.653565 0.861328 0.653565 0.861979 0.652651 0.862630 0.653565 0.863281 0.653565 0.863932 0.653565 0.864583 0.653565 0.865234 0.653565 0.865885 0.652651 0.866536 0.652651 0.867188 0.652651 0.867839 0.651737 0.868490 0.651737 0.869141 0.651737 0.869792 0.651737 0.870443 0.651737 0.871094 0.650823 0.871745 0.649909 0.872396 0.649909 0.873047 0.648995 0.873698 0.648080 0.874349 0.647166 0.875000 0.647166 0.875000 0.646252 0.875651 0.645338 0.875651 0.644424 0.876302 0.643510 0.876953 0.642596 0.876953 0.641682 0.877604 0.640768 0.877604 0.639854 0.878255 0.638940 0.878906 0.638026 0.879557 0.637112 0.880208 0.636197 0.880859 0.636197 0.881510 0.635283 0.882161 0.635283 0.882812 0.635283 0.883464 0.634369 0.884115 0.634369 0.884766 0.634369 0.885417 0.633455 0.886068 0.633455 0.886719 0.632541 0.887370 0.632541 0.888021 0.631627 0.888672 0.630713 0.889323 0.629799 0.889323 0.628885 0.889974 0.627971 0.889974 0.627057 0.889323 0.626143 0.889323 0.625229 0.889323 0.624314 0.889323 0.623400 0.888672 0.622486 0.888021 0.621572 0.887370 0.622486 0.886719 0.621572 0.886068 0.620658 0.886719 0.619744 0.886719 0.618830 0.886719 0.617916 0.887370 0.617002 0.887370 0.616088 0.887370 0.615174 0.888021 0.614260 0.887370 0.613346 0.888021 0.612431 0.887370 0.611517 0.886719 0.611517 0.886068 0.610603 0.885417 0.611517 0.884766 0.611517 0.884115 0.611517 0.883464 0.611517 0.882812 0.611517 0.882161 0.611517 0.881510 0.612431 0.880859 0.613346 0.880208 0.613346 0.879557 0.613346 0.878906 0.614260 0.878255 0.614260 0.877604 0.615174 0.876953 0.614260 0.876302 0.614260 0.875651 0.614260 0.875000 0.613346 0.874349 0.612431 0.875000 0.611517 0.875651 0.610603 0.875000 0.609689 0.875651 0.608775 0.876302 0.607861 0.876953 0.607861 0.876953 0.606947 0.877604 0.606033 0.877604 0.605119 0.878255 0.604205 0.878255 0.603291 0.878255 0.602377 0.878255 0.601463 0.878255 0.600548 0.878906 0.599634 0.878906 0.598720 0.879557 0.597806 0.879557 0.596892 0.879557 0.595978 0.879557 0.595064 0.879557 0.594150 0.879557 0.593236 0.879557 0.592322 0.880208 0.591408 0.880208 0.590494 0.880859 0.589580 0.881510 0.588665 0.882161 0.588665 0.882812 0.587751 0.883464 0.588665 0.884115 0.587751 0.884766 0.587751 0.885417 0.586837 0.886068 0.586837 0.886719 0.585923 0.887370 0.585923 0.887370 0.585009 0.888021 0.584095 0.888021 0.583181 0.888021 0.582267 0.888672 0.581353 0.889323 0.580439 0.889974 0.580439 0.890625 0.580439 0.891276 0.580439 0.891927 0.581353 0.892578 0.580439 0.893229 0.581353 0.893880 0.582267 0.894531 0.582267 0.895182 0.583181 0.895833 0.584095 0.896484 0.584095 0.897135 0.583181 0.897786 0.582267 0.898438 0.581353 0.899089 0.580439 0.899740 0.580439 0.900391 0.579525 0.901042 0.578611 0.901042 0.577697 0.901693 0.576782 0.901693 0.575868 0.902344 0.574954 0.902344 0.574040 0.901693 0.573126 0.901693 0.572212 0.901693 0.571298 0.901693 0.570384 0.902344 0.569470 0.901693 0.568556 0.901693 0.567642 0.902344 0.566728 0.901693 0.565814 0.901693 0.564899 0.901042 0.564899 0.900391 0.563985 0.899740 0.563985 0.899089 0.563985 0.898438 0.563985 0.897786 0.564899 0.897135 0.564899 0.896484 0.564899 0.895833 0.565814 0.895182 0.565814 0.894531 0.565814 0.893880 0.565814 0.893229 0.566728 0.892578 0.565814 0.891927 0.566728 0.891276 0.567642 0.890625 0.567642 0.889974 0.568556 0.889323 0.568556 0.888672 0.568556 0.888021 0.569470 0.887370 0.570384 0.886719 0.570384 0.886068 0.571298 0.885417 0.571298 0.884766 0.571298 0.884115 0.572212 0.883464 0.571298 0.882812 0.571298 0.882161 0.571298 0.881510 0.571298 0.881510 0.572212 0.880859 0.573126 0.880859 0.574040 0.880208 0.574954 0.880208 0.575868 0.879557 0.576782 0.878906 0.577697 0.878906 0.578611 0.878906 0.579525 0.879557 0.580439 0.880208 0.580439 0.880859 0.580439 0.881510 0.580439 0.882161 0.579525 0.882812 0.579525 0.883464 0.578611 0.884115 0.577697 0.884766 0.578611 0.885417 0.579525 0.884766 0.580439 0.884115 0.581353 0.883464 0.582267 0.882812 0.583181 0.882161 0.584095 0.881510 0.584095 0.880859 0.585009 0.880208 0.585923 0.879557 0.585923 0.878906 0.586837 0.878255 0.587751 0.877604 0.586837 0.876953 0.586837 0.876302 0.586837 0.875651 0.585923 0.875000 0.585923 0.874349 0.585923 0.873698 0.585009 0.873047 0.584095 0.872396 0.583181 0.872396 0.582267 0.872396 0.581353 0.871745 0.580439 0.871745 0.579525 0.871745 0.578611 0.871094 0.577697 0.871745 0.576782 0.871745 0.575868 0.871745 0.574954 0.872396 0.574040 0.872396 0.573126 0.872396 0.572212 0.872396 0.571298 0.872396 0.570384 0.872396 0.569470 0.873047 0.568556 0.873698 0.567642 0.873698 0.566728 0.873047 0.565814 0.873047 0.564899 0.873698 0.563985 0.873047 0.563071 0.872396 0.562157 0.871745 0.561243 0.871745 0.560329 0.872396 0.559415 0.872396 0.558501 0.873047 0.557587 0.872396 0.556673 0.872396 0.555759 0.873047 0.554845 0.873698 0.553931 0.874349 0.553931 0.875000 0.553016 0.875651 0.552102 0.875651 0.551188 0.875651 0.550274 0.875000 0.549360 0.874349 0.549360 0.873698 0.549360 0.873047 0.549360 0.872396 0.549360 0.871745 0.550274 0.871094 0.550274 0.870443 0.549360 0.869792 0.548446 0.869141 0.547532 0.868490 0.546618 0.868490 0.545704 0.869141 0.544790 0.868490 0.543876 0.868490 0.542962 0.868490 0.542048 0.868490 0.541133 0.867839 0.540219 0.868490 0.539305 0.869141 0.538391 0.868490 0.537477 0.869141 0.536563 0.869792 0.535649 0.870443 0.534735 0.871094 0.533821 0.871745 0.532907 0.872396 0.531993 0.873047 0.531993 0.873698 0.531079 0.874349 0.530165 0.875000 0.529250 0.874349 0.528336 0.874349 0.527422 0.873698 0.527422 0.873047 0.527422 0.872396 0.527422 0.871745 0.528336 0.871094 0.529250 0.870443 0.529250 0.870443 0.530165 0.870443 0.531079 0.869792 0.531993 0.869141 0.532907 0.868490 0.533821 0.867839 0.533821 0.867188 0.532907 0.866536 0.531993 0.866536 0.531079 0.866536 0.530165 0.866536 0.529250 0.867188 0.528336 0.866536 0.527422 0.867188 0.526508 0.867839 0.525594 0.868490 0.524680 0.869141 0.523766 0.869792 0.522852 0.870443 0.521938 0.871094 0.521024 0.871745 0.521938 0.871094 0.521024 0.871094 0.520110 0.871745 0.519196 0.872396 0.518282 0.873047 0.518282 0.873698 0.518282 0.874349 0.518282 0.875000 0.518282 0.875651 0.518282 0.876302 0.517367 0.876953 0.518282 0.877604 0.517367 0.878255 0.516453 0.878906 0.516453 0.878906 0.515539 0.879557 0.514625 0.880208 0.513711 0.880859 0.512797 0.881510 0.511883 0.882161 0.511883 0.882812 0.510969 0.883464 0.510055 0.884115 0.510055 0.884766 0.509141 0.885417 0.508227 0.885417 0.507313 0.885417 0.506399 0.886068 0.505484 0.886068 0.504570 0.886068 0.503656 0.886068 0.502742 0.885417 0.501828 0.885417 0.500914 0.884766 0.500000 0.884766 0.499086 0.884766 0.498172 0.884115 0.497258 0.883464 0.496344 0.883464 0.495430 0.882812 0.495430 0.882161 0.494516 0.881510 0.494516 0.880859 0.494516 0.880208 0.494516 0.879557 0.494516 0.878906 0.495430 0.878255 0.495430 0.877604 0.496344 0.876953 0.497258 0.876953 0.498172 0.876302 0.499086 0.875651 0.498172 0.875651 0.497258 0.875000 0.496344 0.875000 0.495430 0.874349 0.494516 0.873698 0.493601 0.873047 0.493601
0 0.517578 0.489031 0.516927 0.489945 0.516276 0.489945 0.515625 0.489945 0.514974 0.490859 0.514974 0.491773 0.514974 0.492687 0.514323 0.493601 0.514974 0.494516 0.515625 0.495430 0.516276 0.496344 0.516927 0.496344 0.517578 0.497258 0.518229 0.496344 0.518880 0.496344 0.519531 0.497258 0.520182 0.496344 0.520833 0.496344 0.521484 0.496344 0.522135 0.495430 0.522786 0.494516 0.523438 0.493601 0.523438 0.492687 0.523438 0.491773 0.523438 0.490859 0.522786 0.490859 0.522135 0.489945 0.521484 0.489031 0.520833 0.489031 0.520182 0.489031 0.519531 0.489031 0.518880 0.489031 0.518229 0.489031
0 0.123047 0.489031 0.122396 0.489945 0.121745 0.489945 0.121094 0.490859 0.120443 0.491773 0.119792 0.491773 0.119792 0.492687 0.119141 0.493601 0.119141 0.494516 0.118490 0.495430 0.118490 0.496344 0.118490 0.497258 0.117839 0.498172 0.117839 0.499086 0.117839 0.500000 0.117839 0.500914 0.117839 0.501828 0.117188 0.502742 0.117188 0.503656 0.117839 0.504570 0.118490 0.505484 0.119141 0.506399 0.119141 0.507313 0.119141 0.508227 0.119141 0.509141 0.119141 0.510055 0.119141 0.510969 0.119141 0.511883 0.119141 0.512797 0.119141 0.513711 0.119141 0.514625 0.119792 0.515539 0.120443 0.516453 0.120443 0.517367 0.120443 0.518282 0.119792 0.519196 0.119792 0.520110 0.119792 0.521024 0.119141 0.521938 0.119141 0.522852 0.119141 0.523766 0.119141 0.524680 0.119141 0.525594 0.118490 0.526508 0.117839 0.527422 0.117188 0.528336 0.116536 0.529250 0.115885 0.529250 0.115234 0.529250 0.114583 0.529250 0.113932 0.529250 0.113281 0.528336 0.112630 0.528336 0.111979 0.527422 0.111328 0.527422 0.110677 0.528336 0.110026 0.528336 0.110026 0.529250 0.110677 0.530165 0.110026 0.531079 0.110677 0.531993 0.111328 0.532907 0.111979 0.533821 0.111979 0.534735 0.112630 0.535649 0.113281 0.536563 0.113932 0.537477 0.113932 0.538391 0.114583 0.539305 0.115234 0.540219 0.115234 0.541133 0.115234 0.542048 0.115234 0.542962 0.115234 0.543876 0.115234 0.544790 0.114583 0.545704 0.113932 0.546618 0.113281 0.547532 0.113932 0.548446 0.113932 0.549360 0.113281 0.550274 0.113932 0.551188 0.113932 0.552102 0.113932 0.553016 0.113932 0.553931 0.113932 0.554845 0.114583 0.555759 0.114583 0.556673 0.114583 0.557587 0.114583 0.558501 0.114583 0.559415 0.115234 0.560329 0.115885 0.561243 0.115885 0.562157 0.116536 0.563071 0.117188 0.563071 0.117839 0.562157 0.118490 0.562157 0.119141 0.561243 0.119792 0.560329 0.120443 0.561243 0.119792 0.560329 0.120443 0.559415 0.120443 0.558501 0.119792 0.557587 0.119792 0.556673 0.120443 0.555759 0.120443 0.554845 0.120443 0.553931 0.120443 0.553016 0.121094 0.552102 0.121094 0.551188 0.121745 0.550274 0.121745 0.549360 0.121745 0.548446 0.122396 0.547532 0.123047 0.546618 0.122396 0.545704 0.123047 0.544790 0.123047 0.543876 0.123698 0.542962 0.123047 0.542048 0.122396 0.541133 0.122396 0.540219 0.121745 0.540219 0.121094 0.539305 0.120443 0.538391 0.120443 0.537477 0.121094 0.536563 0.121094 0.535649 0.121745 0.534735 0.122396 0.533821 0.123047 0.532907 0.123047 0.531993 0.123047 0.531079 0.123047 0.530165 0.123047 0.529250 0.123047 0.528336 0.123047 0.527422 0.123047 0.526508 0.123047 0.525594 0.123047 0.524680 0.123047 0.523766 0.123047 0.522852 0.123698 0.521938 0.123047 0.521024 0.123698 0.520110 0.123698 0.519196 0.123698 0.518282 0.124349 0.517367 0.124349 0.516453 0.123698 0.515539 0.123698 0.514625 0.123698 0.513711 0.124349 0.512797 0.124349 0.511883 0.124349 0.510969 0.124349 0.510055 0.124349 0.509141 0.124349 0.508227 0.123698 0.507313 0.123047 0.506399 0.123698 0.505484 0.123698 0.504570 0.123698 0.503656 0.123698 0.502742 0.124349 0.501828 0.124349 0.500914 0.125000 0.500000 0.125000 0.499086 0.125000 0.498172 0.125000 0.497258 0.125651 0.496344 0.125651 0.495430 0.125651 0.494516 0.125000 0.493601 0.125651 0.492687 0.125651 0.491773 0.125000 0.490859 0.125000 0.489945 0.124349 0.489945 0.123698 0.489945
0 0.996745 0.488117 0.996094 0.489031 0.995443 0.489945 0.994792 0.489945 0.994792 0.490859 0.994141 0.491773 0.993490 0.492687 0.994141 0.493601 0.994792 0.494516 0.994141 0.495430 0.994141 0.496344 0.994792 0.497258 0.995443 0.498172 0.996094 0.499086 0.996094 0.500000 0.996094 0.500914 0.996745 0.501828 0.996745 0.502742 0.996745 0.503656 0.996745 0.504570 0.997396 0.505484 0.998047 0.506399 0.998698 0.506399 0.998698 0.505484 0.998698 0.504570 0.998698 0.503656 0.998698 0.502742 0.998698 0.501828 0.998698 0.500914 0.998698 0.500000 0.998698 0.499086 0.998698 0.498172 0.998698 0.497258 0.998698 0.496344 0.998698 0.495430 0.998698 0.494516 0.998698 0.493601 0.998698 0.492687 0.998698 0.491773 0.998698 0.490859 0.998698 0.489945 0.998698 0.489031 0.998698 0.488117 0.998047 0.488117 0.997396 0.488117
0 0.292318 0.483547 0.291667 0.484461 0.291016 0.484461 0.290365 0.485375 0.289714 0.485375 0.289062 0.486289 0.288411 0.485375 0.287760 0.486289 0.287109 0.487203 0.287760 0.488117 0.287760 0.489031 0.287760 0.489945 0.287760 0.490859 0.287760 0.491773 0.288411 0.492687 0.289062 0.492687 0.289714 0.493601 0.290365 0.493601 0.291016 0.492687 0.291667 0.493601 0.292318 0.493601 0.292969 0.494516 0.293620 0.495430 0.294271 0.494516 0.294922 0.493601 0.295573 0.494516 0.296224 0.494516 0.296875 0.494516 0.297526 0.494516 0.298177 0.494516 0.298828 0.494516 0.299479 0.494516 0.300130 0.494516 0.300781 0.493601 0.301432 0.494516 0.302083 0.493601 0.302734 0.492687 0.303385 0.491773 0.304036 0.490859 0.304688 0.490859 0.304688 0.489945 0.304688 0.489031 0.304036 0.488117 0.304036 0.487203 0.303385 0.487203 0.302734 0.487203 0.302083 0.486289 0.301432 0.487203 0.300781 0.486289 0.300130 0.485375 0.299479 0.485375 0.298828 0.485375 0.298177 0.484461 0.297526 0.485375 0.296875 0.484461 0.296224 0.484461 0.295573 0.483547 0.294922 0.483547 0.294271 0.483547 0.293620 0.483547 0.292969 0.483547
0 0.689453 0.478976 0.688802 0.479890 0.688151 0.479890 0.687500 0.480804 0.686849 0.481718 0.686849 0.482633 0.687500 0.483547 0.688151 0.484461 0.688802 0.483547 0.689453 0.484461 0.690104 0.484461 0.690755 0.485375 0.691406 0.485375 0.692057 0.486289 0.692708 0.487203 0.693359 0.488117 0.693359 0.489031 0.692708 0.489945 0.692057 0.490859 0.691406 0.490859 0.691406 0.491773 0.690755 0.492687 0.690104 0.493601 0.689453 0.494516 0.689453 0.495430 0.689453 0.496344 0.689453 0.497258 0.690104 0.498172 0.690755 0.499086 0.691406 0.500000 0.690755 0.500914 0.690104 0.501828 0.689453 0.502742 0.688802 0.501828 0.688151 0.502742 0.687500 0.502742 0.686849 0.503656 0.686198 0.504570 0.685547 0.505484 0.684896 0.505484 0.684245 0.506399 0.683594 0.505484 0.682943 0.506399 0.682292 0.507313 0.681641 0.506399 0.680990 0.506399 0.680339 0.506399 0.679688 0.506399 0.679036 0.507313 0.678385 0.508227 0.677734 0.508227 0.677083 0.509141 0.676432 0.509141 0.675781 0.509141 0.675130 0.508227 0.674479 0.507313 0.674479 0.506399 0.674479 0.505484 0.675130 0.504570 0.675781 0.503656 0.676432 0.503656 0.676432 0.502742 0.677083 0.501828 0.677083 0.500914 0.677734 0.500000 0.678385 0.499086 0.678385 0.498172 0.679036 0.497258 0.679036 0.496344 0.678385 0.495430 0.677734 0.494516 0.677083 0.494516 0.676432 0.494516 0.675781 0.495430 0.675130 0.495430 0.675130 0.496344 0.674479 0.497258 0.674479 0.498172 0.674479 0.499086 0.674479 0.500000 0.673828 0.500914 0.673828 0.501828 0.673177 0.502742 0.672526 0.503656 0.671875 0.504570 0.671224 0.504570 0.670573 0.505484 0.669922 0.504570 0.669271 0.503656 0.668620 0.502742 0.667969 0.501828 0.667318 0.500914 0.667969 0.500000 0.667969 0.499086 0.667318 0.498172 0.666667 0.498172 0.666016 0.497258 0.665365 0.496344 0.664714 0.497258 0.664062 0.496344 0.663411 0.495430 0.663411 0.494516 0.662760 0.493601 0.662109 0.492687 0.662109 0.491773 0.662109 0.490859 0.662109 0.489945 0.662760 0.489031 0.662760 0.488117 0.662760 0.487203 0.662760 0.486289 0.662109 0.485375 0.661458 0.484461 0.661458 0.483547 0.660807 0.483547 0.660156 0.482633 0.660807 0.481718 0.661458 0.481718 0.660807 0.480804 0.660807 0.479890 0.660156 0.480804 0.659505 0.481718 0.660156 0.482633 0.660807 0.483547 0.660156 0.484461 0.659505 0.485375 0.660156 0.486289 0.659505 0.487203 0.660156 0.488117 0.660156 0.489031 0.660807 0.489945 0.660156 0.490859 0.660807 0.491773 0.660807 0.492687 0.660807 0.493601 0.660156 0.494516 0.659505 0.495430 0.658854 0.496344 0.658203 0.497258 0.657552 0.497258 0.656901 0.496344 0.656901 0.495430 0.656901 0.494516 0.656901 0.493601 0.656250 0.492687 0.655599 0.491773 0.654948 0.491773 0.654297 0.490859 0.653646 0.490859 0.652995 0.491773 0.652344 0.491773 0.651693 0.492687 0.651042 0.492687 0.650391 0.492687 0.649740 0.492687 0.649089 0.493601 0.648438 0.494516 0.647786 0.494516 0.648438 0.495430 0.648438 0.496344 0.648438 0.497258 0.649089 0.498172 0.649740 0.498172 0.650391 0.499086 0.651042 0.499086 0.651693 0.500000 0.652344 0.499086 0.652995 0.499086 0.653646 0.500000 0.654297 0.499086 0.654948 0.498172 0.655599 0.497258 0.656250 0.496344 0.656901 0.496344 0.657552 0.497258 0.658203 0.498172 0.658203 0.499086 0.658854 0.500000 0.659505 0.500914 0.658854 0.501828 0.659505 0.502742 0.658854 0.503656 0.658854 0.504570 0.659505 0.505484 0.660156 0.506399 0.660156 0.507313 0.660156 0.508227 0.659505 0.509141 0.658854 0.510055 0.658203 0.510969 0.657552 0.511883 0.656901 0.512797 0.657552 0.513711 0.658203 0.514625 0.658203 0.515539 0.658854 0.516453 0.659505 0.516453 0.660156 0.516453 0.660807 0.517367 0.661458 0.517367 0.662109 0.518282 0.662760 0.519196 0.663411 0.518282 0.664062 0.519196 0.664714 0.518282 0.664714 0.517367 0.664714 0.516453 0.664714 0.515539 0.664714 0.514625 0.664062 0.513711 0.664062 0.512797 0.663411 0.511883 0.662760 0.510969 0.663411 0.510055 0.663411 0.509141 0.663411 0.508227 0.664062 0.507313 0.664062 0.506399 0.664714 0.505484 0.665365 0.504570 0.666016 0.505484 0.666667 0.506399 0.667318 0.507313 0.667969 0.508227 0.667318 0.509141 0.667969 0.509141 0.668620 0.510055 0.669271 0.510969 0.669271 0.511883 0.669922 0.511883 0.670573 0.512797 0.671224 0.513711 0.671224 0.514625 0.671875 0.514625 0.672526 0.514625 0.673177 0.514625 0.673828 0.513711 0.674479 0.512797 0.675130 0.512797 0.675781 0.511883 0.676432 0.511883 0.677083 0.510969 0.677734 0.510969 0.678385 0.511883 0.679036 0.510969 0.679688 0.510969 0.680339 0.510055 0.680990 0.509141 0.681641 0.509141 0.682292 0.509141 0.682943 0.509141 0.683594 0.509141 0.684245 0.509141 0.684896 0.510055 0.685547 0.510969 0.686198 0.510969 0.686849 0.510969 0.687500 0.510969 0.688151 0.510969 0.688802 0.510969 0.689453 0.510969 0.690104 0.510055 0.690755 0.510055 0.691406 0.509141 0.692057 0.508227 0.692708 0.508227 0.692708 0.507313 0.692708 0.506399 0.693359 0.505484 0.692708 0.504570 0.693359 0.503656 0.693359 0.502742 0.693359 0.501828 0.694010 0.500914 0.694661 0.500000 0.695312 0.499086 0.695964 0.499086 0.696615 0.499086 0.697266 0.500000 0.697917 0.499086 0.698568 0.499086 0.699219 0.499086 0.699870 0.498172 0.700521 0.498172 0.700521 0.497258 0.701172 0.496344 0.701823 0.495430 0.701172 0.494516 0.701172 0.493601 0.700521 0.492687 0.700521 0.491773 0.699870 0.491773 0.699219 0.490859 0.698568 0.490859 0.697917 0.489945 0.697266 0.489945 0.696615 0.489031 0.695964 0.488117 0.695312 0.487203 0.694661 0.486289 0.694661 0.485375 0.694661 0.484461 0.694661 0.483547 0.694661 0.482633 0.695312 0.481718 0.695312 0.480804 0.694661 0.479890 0.694661 0.478976 0.694010 0.478976 0.693359 0.478976 0.692708 0.478976 0.692057 0.478976 0.691406 0.478976 0.690755 0.479890 0.690104 0.478976
0 0.000651 0.471664 0.000651 0.472578 0.000651 0.473492 0.000651 0.474406 0.000651 0.475320 0.000651 0.476234 0.000651 0.477148 0.000651 0.478062 0.000651 0.478976 0.000651 0.479890 0.000651 0.480804 0.000651 0.481718 0.000651 0.482633 0.000651 0.483547 0.000651 0.484461 0.000651 0.485375 0.000651 0.486289 0.000651 0.487203 0.000651 0.488117 0.001302 0.489031 0.001953 0.489945 0.001953 0.490859 0.001953 0.491773 0.001302 0.492687 0.000651 0.493601 0.000651 0.494516 0.000651 0.495430 0.000651 0.496344 0.000651 0.497258 0.001302 0.498172 0.000651 0.499086 0.001302 0.500000 0.001302 0.500914 0.001953 0.501828 0.001302 0.502742 0.001953 0.502742 0.002604 0.503656 0.003255 0.502742 0.003906 0.501828 0.004557 0.500914 0.005208 0.500000 0.005859 0.499086 0.005859 0.498172 0.006510 0.497258 0.007161 0.496344 0.007812 0.496344 0.008464 0.495430 0.009115 0.494516 0.009766 0.493601 0.009766 0.492687 0.010417 0.491773 0.011068 0.490859 0.011068 0.489945 0.011719 0.489031 0.012370 0.488117 0.012370 0.487203 0.011719 0.486289 0.011719 0.485375 0.011719 0.484461 0.011068 0.483547 0.011068 0.482633 0.010417 0.483547 0.009766 0.482633 0.009115 0.482633 0.008464 0.482633 0.007812 0.482633 0.007161 0.481718 0.006510 0.480804 0.005859 0.479890 0.005859 0.478976 0.006510 0.478062 0.006510 0.477148 0.006510 0.476234 0.006510 0.475320 0.005859 0.474406 0.006510 0.473492 0.005859 0.472578 0.005208 0.473492 0.004557 0.472578 0.003906 0.471664 0.003255 0.471664 0.002604 0.471664 0.001953 0.471664 0.001302 0.471664
0 0.869141 0.466179 0.869141 0.467093 0.869141 0.468007 0.868490 0.468921 0.868490 0.469835 0.867839 0.470750 0.867839 0.471664 0.867188 0.472578 0.867188 0.473492 0.867188 0.474406 0.867188 0.475320 0.867188 0.476234 0.866536 0.477148 0.867188 0.478062 0.867839 0.478976 0.868490 0.479890 0.869141 0.480804 0.869792 0.481718 0.870443 0.480804 0.871094 0.480804 0.871745 0.480804 0.872396 0.481718 0.873047 0.482633 0.873698 0.482633 0.874349 0.482633 0.875000 0.483547 0.875651 0.483547 0.876302 0.484461 0.876953 0.484461 0.877604 0.484461 0.878255 0.484461 0.878906 0.484461 0.879557 0.484461 0.880208 0.484461 0.880859 0.484461 0.881510 0.484461 0.882161 0.483547 0.882812 0.482633 0.883464 0.482633 0.884115 0.482633 0.884766 0.481718 0.885417 0.481718 0.886068 0.481718 0.886719 0.480804 0.887370 0.480804 0.888021 0.480804 0.888672 0.479890 0.889323 0.478976 0.889974 0.478976 0.890625 0.478062 0.890625 0.477148 0.890625 0.476234 0.890625 0.475320 0.891276 0.474406 0.891276 0.473492 0.891927 0.472578 0.891276 0.471664 0.891276 0.470750 0.890625 0.469835 0.889974 0.468921 0.889323 0.469835 0.888672 0.469835 0.888021 0.470750 0.887370 0.470750 0.886719 0.470750 0.886068 0.471664 0.885417 0.472578 0.884766 0.472578 0.884115 0.473492 0.883464 0.473492 0.882812 0.473492 0.882161 0.473492 0.881510 0.474406 0.880859 0.474406 0.880208 0.475320 0.879557 0.475320 0.878906 0.476234 0.878255 0.476234 0.877604 0.476234 0.876953 0.475320 0.876302 0.474406 0.876302 0.473492 0.875651 0.472578 0.876302 0.471664 0.876302 0.470750 0.876302 0.469835 0.875651 0.469835 0.875000 0.469835 0.874349 0.470750 0.873698 0.469835 0.873047 0.469835 0.872396 0.468921 0.871745 0.468007 0.871094 0.467093 0.871094 0.466179 0.870443 0.466179 0.869792 0.466179
0 0.516276 0.466179 0.515625 0.467093 0.514974 0.467093 0.514323 0.468007 0.513672 0.468921 0.514323 0.469835 0.513672 0.470750 0.513021 0.471664 0.512370 0.470750 0.513021 0.471664 0.513672 0.472578 0.514323 0.473492 0.513672 0.474406 0.513021 0.474406 0.512370 0.475320 0.512370 0.476234 0.511719 0.477148 0.511068 0.478062 0.510417 0.478976 0.509766 0.478976 0.509766 0.479890 0.509115 0.480804 0.508464 0.481718 0.507812 0.482633 0.507812 0.483547 0.507161 0.484461 0.507812 0.485375 0.508464 0.484461 0.509115 0.484461 0.509766 0.484461 0.510417 0.483547 0.511068 0.483547 0.511719 0.483547 0.512370 0.484461 0.513021 0.483547 0.513672 0.483547 0.514323 0.483547 0.514974 0.482633 0.515625 0.481718 0.516276 0.480804 0.516927 0.480804 0.517578 0.481718 0.518229 0.480804 0.518880 0.481718 0.519531 0.482633 0.520182 0.483547 0.520833 0.484461 0.521484 0.485375 0.522135 0.486289 0.522786 0.486289 0.523438 0.486289 0.524089 0.486289 0.524740 0.486289 0.525391 0.487203 0.526042 0.486289 0.526693 0.486289 0.527344 0.486289 0.527995 0.486289 0.528646 0.485375 0.529297 0.484461 0.528646 0.483547 0.528646 0.482633 0.529297 0.481718 0.529297 0.480804 0.529297 0.479890 0.529297 0.478976 0.529297 0.478062 0.528646 0.477148 0.527995 0.476234 0.527995 0.475320 0.527344 0.474406 0.527344 0.473492 0.526693 0.472578 0.526042 0.471664 0.525391 0.471664 0.524740 0.471664 0.524089 0.470750 0.523438 0.471664 0.522786 0.471664 0.522135 0.472578 0.521484 0.472578 0.520833 0.473492 0.520182 0.474406 0.520182 0.475320 0.519531 0.476234 0.518880 0.477148 0.518229 0.476234 0.517578 0.477148 0.516927 0.477148 0.516276 0.476234 0.515625 0.475320 0.515625 0.474406 0.514974 0.473492 0.514323 0.473492 0.513672 0.472578 0.514323 0.471664 0.514974 0.470750 0.515625 0.469835 0.516276 0.469835 0.516927 0.468921 0.516927 0.468007 0.517578 0.467093 0.517578 0.466179 0.516927 0.466179
0 0.075521 0.463437 0.074870 0.464351 0.074219 0.465265 0.074219 0.466179 0.074219 0.467093 0.074870 0.468007 0.074219 0.468921 0.074219 0.469835 0.073568 0.470750 0.074219 0.471664 0.073568 0.472578 0.073568 0.473492 0.074219 0.474406 0.074219 0.475320 0.074870 0.475320 0.075521 0.476234 0.076172 0.475320 0.076823 0.476234 0.077474 0.475320 0.078125 0.475320 0.078776 0.475320 0.079427 0.476234 0.080078 0.475320 0.080729 0.476234 0.081380 0.477148 0.080729 0.478062 0.081380 0.478976 0.080729 0.479890 0.080729 0.480804 0.080729 0.481718 0.081380 0.482633 0.082031 0.483547 0.082682 0.482633 0.083333 0.483547 0.083984 0.482633 0.084635 0.481718 0.085286 0.480804 0.085286 0.479890 0.084635 0.478976 0.084635 0.478062 0.084635 0.477148 0.083984 0.476234 0.083333 0.475320 0.082682 0.474406 0.082031 0.473492 0.082031 0.472578 0.081380 0.471664 0.080729 0.470750 0.080078 0.469835 0.080078 0.468921 0.079427 0.468007 0.078776 0.467093 0.078776 0.466179 0.078776 0.465265 0.078125 0.464351 0.078125 0.463437 0.077474 0.463437 0.076823 0.463437 0.076172 0.463437
0 0.623047 0.456124 0.622396 0.457038 0.622396 0.457952 0.621745 0.458867 0.621745 0.459781 0.621094 0.460695 0.621094 0.461609 0.621094 0.462523 0.621745 0.463437 0.622396 0.464351 0.622396 0.465265 0.623047 0.465265 0.623698 0.465265 0.624349 0.466179 0.625000 0.467093 0.625651 0.468007 0.625651 0.468921 0.626302 0.469835 0.626953 0.470750 0.627604 0.471664 0.628255 0.471664 0.628906 0.471664 0.629557 0.470750 0.630208 0.471664 0.630859 0.470750 0.631510 0.470750 0.632161 0.471664 0.632812 0.472578 0.633464 0.473492 0.632812 0.474406 0.633464 0.475320 0.633464 0.476234 0.632812 0.477148 0.633464 0.477148 0.634115 0.478062 0.634766 0.477148 0.635417 0.477148 0.636068 0.476234 0.636719 0.475320 0.637370 0.476234 0.638021 0.477148 0.638672 0.478062 0.639323 0.478976 0.639323 0.479890 0.639974 0.480804 0.640625 0.481718 0.641276 0.482633 0.641927 0.483547 0.642578 0.483547 0.643229 0.483547 0.643880 0.483547 0.644531 0.482633 0.645182 0.483547 0.645833 0.482633 0.646484 0.483547 0.647135 0.484461 0.647786 0.485375 0.648438 0.485375 0.649089 0.486289 0.649740 0.487203 0.650391 0.487203 0.651042 0.487203 0.651693 0.487203 0.652344 0.487203 0.652995 0.487203 0.653646 0.487203 0.653646 0.486289 0.654297 0.485375 0.654297 0.484461 0.653646 0.483547 0.653646 0.482633 0.653646 0.481718 0.652995 0.480804 0.652995 0.479890 0.653646 0.478976 0.654297 0.478062 0.654948 0.477148 0.654948 0.476234 0.655599 0.475320 0.655599 0.474406 0.655599 0.473492 0.655599 0.472578 0.654948 0.471664 0.654948 0.470750 0.654297 0.469835 0.654297 0.468921 0.653646 0.468007 0.652995 0.468007 0.652995 0.468921 0.652995 0.469835 0.652995 0.470750 0.652995 0.471664 0.652995 0.472578 0.652344 0.473492 0.652344 0.474406 0.651693 0.475320 0.651042 0.476234 0.650391 0.475320 0.649740 0.475320 0.649089 0.474406 0.648438 0.473492 0.647786 0.472578 0.648438 0.471664 0.648438 0.470750 0.648438 0.469835 0.647786 0.468921 0.648438 0.468007 0.648438 0.467093 0.647786 0.466179 0.647786 0.465265 0.647786 0.464351 0.647135 0.463437 0.647135 0.462523 0.646484 0.461609 0.646484 0.460695 0.645833 0.459781 0.645833 0.458867 0.645182 0.458867 0.644531 0.458867 0.643880 0.458867 0.643229 0.457952 0.642578 0.457038 0.641927 0.456124 0.641276 0.457038 0.640625 0.456124 0.639974 0.457038 0.639323 0.457038 0.639323 0.457952 0.638672 0.458867 0.639323 0.459781 0.639323 0.460695 0.639323 0.461609 0.639974 0.462523 0.639323 0.463437 0.639974 0.464351 0.639323 0.465265 0.639974 0.466179 0.639323 0.467093 0.638672 0.468007 0.638021 0.468007 0.637370 0.468007 0.636719 0.468007 0.636068 0.467093 0.635417 0.466179 0.635417 0.465265 0.635417 0.464351 0.636068 0.463437 0.635417 0.462523 0.635417 0.461609 0.636068 0.460695 0.636068 0.459781 0.636068 0.458867 0.636068 0.457952 0.635417 0.457038 0.635417 0.456124 0.634766 0.456124 0.634115 0.456124 0.633464 0.456124 0.632812 0.456124 0.632161 0.457038 0.631510 0.457952 0.630859 0.457952 0.630208 0.458867 0.629557 0.459781 0.628906 0.458867 0.628255 0.457952 0.627604 0.457952 0.626953 0.457038 0.626302 0.457038 0.625651 0.457038 0.625000 0.457038 0.624349 0.457038 0.623698 0.456124
0 0.500000 0.455210 0.500000 0.456124 0.499349 0.457038 0.498698 0.457952 0.498047 0.457952 0.497396 0.457952 0.497396 0.458867 0.496745 0.459781 0.497396 0.460695 0.497396 0.461609 0.497396 0.462523 0.498047 0.463437 0.498698 0.464351 0.498047 0.465265 0.498047 0.466179 0.497396 0.467093 0.496745 0.468007 0.496094 0.468007 0.496745 0.468921 0.497396 0.469835 0.497396 0.470750 0.496745 0.471664 0.496745 0.472578 0.496094 0.473492 0.496745 0.474406 0.496745 0.475320 0.496745 0.476234 0.496094 0.477148 0.496094 0.478062 0.496094 0.478976 0.495443 0.479890 0.495443 0.480804 0.495443 0.481718 0.495443 0.482633 0.495443 0.483547 0.495443 0.484461 0.495443 0.485375 0.495443 0.486289 0.495443 0.487203 0.495443 0.488117 0.494792 0.489031 0.495443 0.489945 0.496094 0.489945 0.496745 0.490859 0.497396 0.491773 0.497396 0.492687 0.497396 0.493601 0.497396 0.494516 0.497396 0.495430 0.497396 0.496344 0.497396 0.497258 0.497396 0.498172 0.496745 0.499086 0.496745 0.500000 0.496094 0.500914 0.496094 0.501828 0.496094 0.502742 0.496745 0.503656 0.496745 0.504570 0.496745 0.505484 0.496745 0.506399 0.496094 0.507313 0.495443 0.508227 0.494792 0.509141 0.494141 0.509141 0.493490 0.509141 0.492839 0.508227 0.492188 0.509141 0.491536 0.509141 0.490885 0.509141 0.490234 0.510055 0.489583 0.509141 0.488932 0.508227 0.489583 0.507313 0.488932 0.506399 0.488281 0.505484 0.487630 0.505484 0.486979 0.504570 0.486328 0.503656 0.485677 0.503656 0.485026 0.502742 0.484375 0.501828 0.483724 0.501828 0.483073 0.501828 0.482422 0.500914 0.481771 0.500000 0.481120 0.499086 0.480469 0.498172 0.480469 0.497258 0.481120 0.496344 0.481771 0.495430 0.482422 0.495430 0.483073 0.495430 0.483724 0.496344 0.484375 0.497258 0.485026 0.497258 0.485677 0.498172 0.486328 0.498172 0.486979 0.499086 0.487630 0.500000 0.488281 0.499086 0.488932 0.499086 0.488932 0.498172 0.489583 0.497258 0.488932 0.496344 0.488932 0.495430 0.488932 0.494516 0.489583 0.493601 0.490234 0.492687 0.489583 0.491773 0.488932 0.490859 0.488281 0.491773 0.487630 0.491773 0.486979 0.492687 0.486328 0.492687 0.485677 0.492687 0.485026 0.492687 0.484375 0.492687 0.483724 0.492687 0.483073 0.491773 0.482422 0.491773 0.481771 0.491773 0.481120 0.491773 0.480469 0.491773 0.479818 0.491773 0.479818 0.492687 0.479818 0.493601 0.479167 0.494516 0.478516 0.495430 0.477865 0.496344 0.477214 0.496344 0.476562 0.496344 0.475911 0.496344 0.475260 0.495430 0.474609 0.495430 0.473958 0.495430 0.473307 0.495430 0.472656 0.495430 0.472005 0.495430 0.471354 0.495430 0.470703 0.496344 0.470703 0.497258 0.470703 0.498172 0.470703 0.499086 0.470703 0.500000 0.471354 0.500914 0.472005 0.500914 0.472656 0.501828 0.473307 0.501828 0.473958 0.502742 0.474609 0.503656 0.474609 0.504570 0.474609 0.505484 0.475260 0.506399 0.474609 0.507313 0.475260 0.506399 0.475911 0.506399 0.476562 0.506399 0.477214 0.506399 0.477865 0.506399 0.478516 0.505484 0.479167 0.505484 0.479818 0.504570 0.480469 0.504570 0.481120 0.503656 0.481771 0.504570 0.482422 0.504570 0.483073 0.504570 0.483724 0.505484 0.484375 0.506399 0.485026 0.505484 0.485677 0.506399 0.486328 0.507313 0.486979 0.507313 0.487630 0.508227 0.488281 0.509141 0.488932 0.508227 0.489583 0.509141 0.490234 0.510055 0.490234 0.510969 0.490885 0.510969 0.491536 0.511883 0.492188 0.512797 0.492839 0.513711 0.493490 0.514625 0.494141 0.513711 0.494792 0.512797 0.495443 0.513711 0.496094 0.514625 0.496745 0.515539 0.497396 0.516453 0.497396 0.517367 0.496745 0.518282 0.497396 0.519196 0.496745 0.520110 0.497396 0.521024 0.496745 0.521938 0.496745 0.522852 0.496745 0.523766 0.496745 0.524680 0.496745 0.525594 0.496745 0.526508 0.496745 0.527422 0.496094 0.528336 0.496745 0.529250 0.496094 0.530165 0.496745 0.531079 0.496094 0.531993 0.496094 0.532907 0.496094 0.533821 0.495443 0.534735 0.494792 0.535649 0.494792 0.536563 0.494792 0.537477 0.494792 0.538391 0.494141 0.539305 0.494792 0.540219 0.494792 0.541133 0.495443 0.542048 0.496094 0.542962 0.496094 0.543876 0.495443 0.544790 0.496094 0.545704 0.496094 0.546618 0.495443 0.547532 0.496094 0.548446 0.495443 0.549360 0.496094 0.550274 0.496745 0.551188 0.496094 0.552102 0.496094 0.553016 0.496745 0.553931 0.496745 0.554845 0.496094 0.555759 0.496094 0.556673 0.496745 0.557587 0.496745 0.558501 0.496094 0.559415 0.496094 0.560329 0.496094 0.561243 0.495443 0.562157 0.495443 0.563071 0.495443 0.563985 0.494792 0.564899 0.494792 0.565814 0.494792 0.566728 0.494141 0.567642 0.494141 0.568556 0.494141 0.569470 0.494141 0.570384 0.494141 0.571298 0.494141 0.572212 0.493490 0.573126 0.492839 0.574040 0.492188 0.574954 0.491536 0.574954 0.490885 0.575868 0.490234 0.576782 0.489583 0.576782 0.489583 0.577697 0.488932 0.578611 0.488281 0.579525 0.487630 0.580439 0.486979 0.580439 0.486328 0.579525 0.485677 0.579525 0.485026 0.579525 0.484375 0.578611 0.483724 0.578611 0.483073 0.578611 0.482422 0.578611 0.481771 0.577697 0.481120 0.576782 0.480469 0.575868 0.479818 0.574954 0.479818 0.574040 0.479167 0.573126 0.478516 0.572212 0.478516 0.571298 0.477865 0.571298 0.477214 0.570384 0.476562 0.569470 0.475911 0.568556 0.475260 0.567642 0.474609 0.567642 0.473958 0.566728 0.473307 0.566728 0.472656 0.565814 0.472005 0.564899 0.471354 0.563985 0.470703 0.563071 0.470052 0.562157 0.469401 0.562157 0.468750 0.562157 0.468099 0.561243 0.467448 0.560329 0.466797 0.559415 0.466146 0.558501 0.465495 0.557587 0.464844 0.557587 0.464193 0.556673 0.463542 0.556673 0.462891 0.555759 0.462240 0.556673 0.461589 0.556673 0.460938 0.555759 0.460286 0.554845 0.459635 0.553931 0.458984 0.553931 0.458333 0.553016 0.457682 0.552102 0.457031 0.552102 0.456380 0.552102 0.455729 0.552102 0.455078 0.552102 0.454427 0.551188 0.453776 0.551188 0.453125 0.551188 0.452474 0.550274 0.451823 0.551188 0.451172 0.551188 0.450521 0.552102 0.450521 0.553016 0.449870 0.553931 0.449219 0.554845 0.449870 0.555759 0.450521 0.556673 0.450521 0.557587 0.451172 0.558501 0.451823 0.559415 0.451823 0.560329 0.452474 0.561243 0.453125 0.561243 0.453776 0.561243 0.454427 0.561243 0.455078 0.561243 0.455729 0.561243 0.456380 0.562157 0.457031 0.563071 0.457682 0.563985 0.458333 0.563985 0.458984 0.564899 0.459635 0.564899 0.460286 0.565814 0.460938 0.565814 0.461589 0.566728 0.462240 0.567642 0.462240 0.568556 0.462240 0.569470 0.462240 0.570384 0.462240 0.571298 0.462240 0.572212 0.462891 0.572212 0.463542 0.573126 0.464193 0.573126 0.464844 0.572212 0.465495 0.571298 0.466146 0.571298 0.466797 0.571298 0.467448 0.571298 0.468099 0.571298 0.468750 0.571298 0.469401 0.572212 0.470052 0.573126 0.470703 0.574040 0.471354 0.574954 0.470703 0.575868 0.471354 0.576782 0.472005 0.577697 0.472005 0.578611 0.472656 0.578611 0.473307 0.578611 0.473958 0.577697 0.474609 0.577697 0.475260 0.577697 0.475911 0.576782 0.476562 0.576782 0.477214 0.577697 0.477865 0.578611 0.478516 0.578611 0.479167 0.579525 0.479818 0.580439 0.479818 0.581353 0.480469 0.581353 0.481120 0.582267 0.481771 0.583181 0.482422 0.584095 0.483073 0.585009 0.483724 0.585923 0.484375 0.586837 0.485026 0.587751 0.485026 0.588665 0.485026 0.589580 0.485677 0.590494 0.485677 0.591408 0.486328 0.592322 0.486328 0.593236 0.486979 0.594150 0.486979 0.595064 0.486979 0.595978 0.486979 0.596892 0.487630 0.597806 0.487630 0.598720 0.487630 0.599634 0.488281 0.600548 0.487630 0.601463 0.487630 0.602377 0.488281 0.603291 0.488281 0.604205 0.488281 0.605119 0.488281 0.606033 0.488932 0.606947 0.488932 0.607861 0.488932 0.608775 0.489583 0.609689 0.489583 0.610603 0.490234 0.611517 0.490234 0.612431 0.490885 0.613346 0.491536 0.614260 0.492188 0.615174 0.492188 0.616088 0.492188 0.617002 0.491536 0.617916 0.492188 0.618830 0.491536 0.619744 0.491536 0.620658 0.490885 0.621572 0.490234 0.622486 0.489583 0.623400 0.488932 0.624314 0.488281 0.625229 0.487630 0.625229 0.486979 0.624314 0.486328 0.623400 0.485677 0.622486 0.485677 0.621572 0.485026 0.620658 0.485026 0.619744 0.485026 0.618830 0.484375 0.617916 0.485026 0.617002 0.484375 0.616088 0.483724 0.615174 0.483073 0.614260 0.483073 0.613346 0.482422 0.612431 0.481771 0.611517 0.481771 0.610603 0.481771 0.609689 0.481771 0.608775 0.481120 0.607861 0.481120 0.606947 0.481120 0.606033 0.480469 0.605119 0.480469 0.604205 0.479818 0.603291 0.479818 0.602377 0.479167 0.601463 0.478516 0.600548 0.477865 0.599634 0.477214 0.598720 0.476562 0.598720 0.475911 0.598720 0.475260 0.597806 0.474609 0.597806 0.473958 0.596892 0.473307 0.596892 0.472656 0.595978 0.472005 0.595978 0.471354 0.596892 0.470703 0.597806 0.470703 0.598720 0.471354 0.599634 0.471354 0.600548 0.471354 0.601463 0.472005 0.602377 0.471354 0.603291 0.471354 0.604205 0.471354 0.605119 0.471354 0.606033 0.472005 0.606947 0.472005 0.607861 0.472005 0.608775 0.472656 0.608775 0.473307 0.609689 0.473958 0.610603 0.474609 0.611517 0.475260 0.611517 0.475911 0.612431 0.476562 0.613346 0.477214 0.613346 0.477865 0.613346 0.478516 0.614260 0.479167 0.615174 0.479167 0.616088 0.479818 0.617002 0.479818 0.617916 0.479818 0.618830 0.480469 0.619744 0.481120 0.620658 0.481120 0.621572 0.481771 0.622486 0.482422 0.623400 0.483073 0.624314 0.483724 0.625229 0.483724 0.626143 0.484375 0.625229 0.485026 0.626143 0.485677 0.627057 0.485026 0.627971 0.485677 0.627971 0.486328 0.628885 0.486979 0.629799 0.487630 0.630713 0.488281 0.631627 0.488281 0.632541 0.488281 0.633455 0.488932 0.634369 0.488281 0.635283 0.488281 0.636197 0.488281 0.637112 0.488932 0.638026 0.488281 0.638940 0.488932 0.639854 0.488932 0.640768 0.488932 0.641682 0.488932 0.642596 0.488281 0.643510 0.488281 0.644424 0.487630 0.645338 0.486979 0.646252 0.486328 0.647166 0.485677 0.647166 0.485026 0.648080 0.484375 0.648995 0.483724 0.649909 0.483724 0.650823 0.483073 0.651737 0.483073 0.652651 0.482422 0.653565 0.482422 0.654479 0.481771 0.655393 0.482422 0.656307 0.482422 0.657221 0.482422 0.658135 0.481771 0.659049 0.482422 0.659963 0.482422 0.660878 0.482422 0.661792 0.482422 0.662706 0.483073 0.663620 0.483073 0.664534 0.483073 0.665448 0.483724 0.666362 0.484375 0.666362 0.485026 0.666362 0.485677 0.666362 0.486328 0.666362 0.486979 0.666362 0.487630 0.665448 0.488281 0.665448 0.488932 0.665448 0.489583 0.665448 0.490234 0.665448 0.490885 0.665448 0.491536 0.664534 0.492188 0.663620 0.492839 0.664534 0.493490 0.663620 0.494141 0.663620 0.494141 0.662706 0.494792 0.661792 0.495443 0.660878 0.496094 0.659963 0.496745 0.659049 0.496745 0.658135 0.497396 0.657221 0.498047 0.656307 0.498047 0.655393 0.498698 0.654479 0.498698 0.653565 0.499349 0.652651 0.499349 0.651737 0.500000 0.650823 0.500000 0.649909 0.500651 0.648995 0.501302 0.648080 0.501953 0.647166 0.502604 0.647166 0.503255 0.646252 0.503906 0.645338 0.504557 0.645338 0.505208 0.644424 0.505859 0.643510 0.505208 0.642596 0.505859 0.641682 0.506510 0.640768 0.507161 0.639854 0.507812 0.639854 0.508464 0.638940 0.509115 0.638026 0.509766 0.638026 0.510417 0.638026 0.511068 0.637112 0.511068 0.636197 0.511719 0.635283 0.511719 0.634369 0.511068 0.633455 0.510417 0.632541 0.510417 0.631627 0.509766 0.632541 0.509115 0.631627 0.508464 0.631627 0.507812 0.632541 0.507161 0.632541 0.506510 0.633455 0.505859 0.633455 0.505859 0.634369 0.505208 0.635283 0.504557 0.636197 0.503906 0.637112 0.503255 0.637112 0.502604 0.638026 0.501953 0.638940 0.501302 0.639854 0.500651 0.639854 0.500000 0.640768 0.499349 0.640768 0.498698 0.640768 0.498047 0.640768 0.497396 0.640768 0.496745 0.640768 0.496094 0.640768 0.495443 0.639854 0.494792 0.638940 0.495443 0.638026 0.495443 0.637112 0.495443 0.636197 0.495443 0.635283 0.495443 0.634369 0.496094 0.633455 0.496094 0.632541 0.495443 0.631627 0.495443 0.630713 0.494792 0.630713 0.494141 0.629799 0.493490 0.628885 0.493490 0.627971 0.492839 0.627057 0.493490 0.626143 0.494141 0.625229 0.494141 0.624314 0.493490 0.623400 0.494141 0.622486 0.494792 0.621572 0.494792 0.620658 0.494792 0.619744 0.494141 0.618830 0.494792 0.617916 0.494792 0.617002 0.494792 0.616088 0.494792 0.615174 0.495443 0.614260 0.495443 0.613346 0.495443 0.612431 0.496094 0.611517 0.496094 0.610603 0.495443 0.609689 0.495443 0.608775 0.495443 0.607861 0.495443 0.606947 0.495443 0.606033 0.495443 0.605119 0.496094 0.604205 0.496094 0.603291 0.495443 0.602377 0.496094 0.601463 0.496094 0.600548 0.496745 0.599634 0.496745 0.598720 0.497396 0.597806 0.498047 0.596892 0.498698 0.596892 0.498698 0.595978 0.499349 0.595064 0.499349 0.594150 0.500000 0.593236 0.500651 0.592322 0.501302 0.591408 0.501953 0.591408 0.501953 0.590494 0.502604 0.589580 0.503255 0.588665 0.503906 0.587751 0.504557 0.586837 0.505208 0.586837 0.505859 0.585923 0.506510 0.585009 0.507161 0.585009 0.507812 0.584095 0.508464 0.585009 0.509115 0.585923 0.509766 0.586837 0.510417 0.587751 0.509766 0.588665 0.510417 0.589580 0.511068 0.589580 0.511719 0.590494 0.512370 0.591408 0.513021 0.590494 0.513672 0.591408 0.514323 0.590494 0.514323 0.589580 0.514974 0.588665 0.514323 0.587751 0.514323 0.586837 0.514974 0.585923 0.514974 0.585009 0.514974 0.584095 0.514974 0.583181 0.515625 0.582267 0.514974 0.583181 0.514323 0.582267 0.513672 0.581353 0.513021 0.581353 0.512370 0.581353 0.511719 0.581353 0.511068 0.582267 0.510417 0.583181 0.509766 0.582267 0.509115 0.581353 0.509115 0.580439 0.508464 0.579525 0.507812 0.580439 0.507161 0.580439 0.506510 0.581353 0.505859 0.580439 0.505208 0.581353 0.504557 0.581353 0.503906 0.581353 0.503255 0.581353 0.502604 0.581353 0.501953 0.581353 0.501302 0.581353 0.500651 0.581353 0.500000 0.580439 0.499349 0.579525 0.499349 0.578611 0.498698 0.577697 0.498047 0.576782 0.498698 0.575868 0.499349 0.574954 0.499349 0.574040 0.499349 0.573126 0.500000 0.572212 0.500651 0.571298 0.501302 0.570384 0.501953 0.569470 0.501953 0.568556 0.502604 0.567642 0.501953 0.567642 0.501302 0.566728 0.500651 0.567642 0.500000 0.566728 0.499349 0.566728 0.498698 0.565814 0.498047 0.564899 0.498047 0.563985 0.498047 0.563071 0.498047 0.562157 0.498698 0.561243 0.498047 0.560329 0.498047 0.559415 0.498698 0.558501 0.498698 0.557587 0.498047 0.556673 0.498047 0.555759 0.498698 0.554845 0.499349 0.553931 0.500000 0.553016 0.500651 0.552102 0.501302 0.552102 0.501953 0.552102 0.502604 0.551188 0.502604 0.550274 0.502604 0.549360 0.501953 0.550274 0.501302 0.549360 0.500651 0.548446 0.500000 0.547532 0.500000 0.546618 0.500651 0.545704 0.500651 0.544790 0.501302 0.543876 0.501953 0.542962 0.502604 0.542048 0.503255 0.542048 0.503255 0.541133 0.503906 0.540219 0.504557 0.539305 0.503906 0.538391 0.503906 0.537477 0.504557 0.536563 0.503906 0.535649 0.503906 0.534735 0.503255 0.534735 0.502604 0.534735 0.501953 0.534735 0.501302 0.534735 0.500651 0.534735 0.500000 0.535649 0.499349 0.534735 0.498698 0.533821 0.498698 0.532907 0.499349 0.531993 0.498698 0.531079 0.498698 0.530165 0.498698 0.529250 0.499349 0.528336 0.499349 0.527422 0.499349 0.526508 0.499349 0.525594 0.499349 0.524680 0.500000 0.523766 0.500000 0.522852 0.500651 0.521938 0.500000 0.521024 0.500651 0.520110 0.501302 0.519196 0.500651 0.518282 0.501302 0.517367 0.501953 0.516453 0.502604 0.516453 0.503255 0.515539 0.503906 0.514625 0.504557 0.515539 0.505208 0.515539 0.505859 0.514625 0.506510 0.514625 0.507161 0.514625 0.507812 0.514625 0.508464 0.514625 0.509115 0.513711 0.509766 0.513711 0.510417 0.513711 0.511068 0.513711 0.511719 0.513711 0.512370 0.513711 0.513021 0.512797 0.513672 0.512797 0.514323 0.512797 0.514974 0.512797 0.515625 0.512797 0.515625 0.511883 0.516276 0.510969 0.516276 0.510055 0.516276 0.509141 0.516276 0.508227 0.515625 0.507313 0.516276 0.506399 0.516276 0.505484 0.515625 0.504570 0.515625 0.503656 0.515625 0.502742 0.516276 0.501828 0.515625 0.500914 0.515625 0.500000 0.514974 0.500000 0.514323 0.500000 0.513672 0.500000 0.513672 0.500914 0.513021 0.501828 0.513021 0.502742 0.512370 0.503656 0.511719 0.504570 0.511068 0.505484 0.510417 0.505484 0.509766 0.506399 0.509115 0.507313 0.508464 0.508227 0.507812 0.508227 0.507161 0.509141 0.506510 0.510055 0.505859 0.509141 0.505208 0.510055 0.504557 0.510969 0.503906 0.511883 0.503255 0.511883 0.502604 0.512797 0.501953 0.512797 0.501302 0.511883 0.500651 0.510969 0.500651 0.510055 0.500651 0.509141 0.500651 0.508227 0.500651 0.507313 0.500651 0.506399 0.500651 0.505484 0.500651 0.504570 0.500651 0.503656 0.501302 0.502742 0.501302 0.501828 0.501953 0.500914 0.501953 0.500000 0.501953 0.499086 0.502604 0.498172 0.502604 0.497258 0.502604 0.496344 0.502604 0.495430 0.502604 0.494516 0.502604 0.493601 0.503255 0.492687 0.503255 0.491773 0.502604 0.490859 0.502604 0.489945 0.501953 0.489031 0.501953 0.488117 0.501302 0.487203 0.501302 0.486289 0.501953 0.485375 0.501953 0.484461 0.502604 0.483547 0.503255 0.482633 0.502604 0.481718 0.503255 0.480804 0.502604 0.479890 0.502604 0.478976 0.502604 0.478062 0.501953 0.477148 0.501953 0.476234 0.501953 0.475320 0.501302 0.474406 0.500651 0.473492 0.500000 0.472578 0.500000 0.471664 0.500651 0.470750 0.500651 0.469835 0.501302 0.468921 0.501953 0.468007 0.502604 0.468007 0.503255 0.468007 0.502604 0.468007 0.501953 0.468007 0.501302 0.467093 0.500651 0.466179 0.501302 0.465265 0.501302 0.464351 0.501302 0.463437 0.500651 0.462523 0.501302 0.461609 0.501953 0.460695 0.501302 0.459781 0.501302 0.458867 0.501953 0.457952 0.501302 0.457952 0.500651 0.457038 0.500000 0.456124
0 0.841797 0.454296 0.841146 0.455210 0.840495 0.456124 0.839844 0.457038 0.839193 0.457038 0.838542 0.457952 0.838542 0.458867 0.837891 0.459781 0.837240 0.460695 0.836589 0.461609 0.835938 0.462523 0.835286 0.463437 0.834635 0.463437 0.833984 0.463437 0.833333 0.463437 0.832682 0.464351 0.832031 0.465265 0.831380 0.466179 0.831380 0.467093 0.830729 0.468007 0.831380 0.468921 0.830729 0.469835 0.831380 0.470750 0.830729 0.471664 0.830729 0.472578 0.830078 0.473492 0.829427 0.474406 0.829427 0.475320 0.829427 0.476234 0.829427 0.477148 0.830078 0.478062 0.830729 0.478976 0.830729 0.479890 0.831380 0.479890 0.832031 0.480804 0.832682 0.481718 0.833333 0.481718 0.833984 0.482633 0.834635 0.483547 0.834635 0.484461 0.835286 0.485375 0.835938 0.486289 0.835938 0.487203 0.836589 0.488117 0.836589 0.489031 0.836589 0.489945 0.837240 0.489031 0.837891 0.489031 0.838542 0.488117 0.839193 0.487203 0.839844 0.487203 0.840495 0.486289 0.841146 0.486289 0.841797 0.487203 0.842448 0.487203 0.843099 0.487203 0.843750 0.487203 0.844401 0.488117 0.845052 0.487203 0.845703 0.487203 0.846354 0.486289 0.847005 0.487203 0.847656 0.488117 0.847656 0.489031 0.847656 0.489945 0.848307 0.489945 0.848958 0.490859 0.849609 0.491773 0.848958 0.492687 0.849609 0.492687 0.850260 0.493601 0.850911 0.494516 0.851562 0.495430 0.852214 0.496344 0.852865 0.497258 0.853516 0.498172 0.854167 0.497258 0.854818 0.497258 0.855469 0.497258 0.856120 0.497258 0.856771 0.497258 0.857422 0.497258 0.858073 0.497258 0.858724 0.497258 0.859375 0.496344 0.860026 0.495430 0.860026 0.494516 0.860677 0.493601 0.860677 0.492687 0.861328 0.491773 0.861328 0.490859 0.861328 0.489945 0.861979 0.489031 0.861979 0.488117 0.861328 0.487203 0.860677 0.486289 0.860677 0.485375 0.860026 0.485375 0.859375 0.484461 0.858724 0.485375 0.858073 0.484461 0.857422 0.485375 0.856771 0.485375 0.857422 0.486289 0.857422 0.487203 0.856771 0.488117 0.856771 0.489031 0.857422 0.489945 0.857422 0.490859 0.858073 0.491773 0.858073 0.492687 0.857422 0.493601 0.856771 0.494516 0.856120 0.495430 0.855469 0.494516 0.854818 0.493601 0.854167 0.492687 0.854167 0.491773 0.853516 0.490859 0.853516 0.489945 0.853516 0.489031 0.853516 0.488117 0.852865 0.487203 0.853516 0.486289 0.852865 0.485375 0.852214 0.484461 0.851562 0.484461 0.850911 0.485375 0.850260 0.485375 0.849609 0.486289 0.848958 0.486289 0.848307 0.486289 0.847656 0.487203 0.847005 0.487203 0.846354 0.486289 0.845703 0.485375 0.846354 0.484461 0.845703 0.483547 0.846354 0.482633 0.847005 0.481718 0.847656 0.480804 0.848307 0.480804 0.848307 0.479890 0.848307 0.478976 0.848958 0.478062 0.849609 0.477148 0.850260 0.476234 0.850260 0.475320 0.850260 0.474406 0.850911 0.473492 0.850260 0.472578 0.849609 0.471664 0.850260 0.470750 0.849609 0.469835 0.849609 0.468921 0.848958 0.468007 0.848958 0.467093 0.849609 0.466179 0.849609 0.465265 0.848958 0.464351 0.848958 0.463437 0.848958 0.462523 0.848958 0.461609 0.848307 0.460695 0.848307 0.459781 0.848307 0.458867 0.847656 0.457952 0.847005 0.457038 0.846354 0.456124 0.845703 0.455210 0.845052 0.456124 0.844401 0.455210 0.843750 0.455210 0.843099 0.455210 0.842448 0.454296
0 0.460938 0.452468 0.461589 0.453382 0.461589 0.454296 0.460938 0.455210 0.460286 0.456124 0.460286 0.457038 0.460938 0.457952 0.460938 0.458867 0.460938 0.459781 0.460938 0.460695 0.460938 0.461609 0.460938 0.462523 0.461589 0.463437 0.461589 0.464351 0.461589 0.465265 0.461589 0.466179 0.460938 0.467093 0.460286 0.468007 0.460286 0.468921 0.460286 0.469835 0.459635 0.470750 0.459635 0.471664 0.459635 0.472578 0.458984 0.473492 0.458333 0.474406 0.457682 0.474406 0.457031 0.475320 0.456380 0.476234 0.457031 0.477148 0.456380 0.478062 0.457031 0.478976 0.457031 0.479890 0.457031 0.480804 0.457682 0.480804 0.458333 0.480804 0.458984 0.481718 0.459635 0.481718 0.460286 0.481718 0.460938 0.481718 0.461589 0.480804 0.462240 0.480804 0.462891 0.480804 0.463542 0.479890 0.464193 0.479890 0.464844 0.479890 0.465495 0.479890 0.466146 0.479890 0.466797 0.478976 0.467448 0.478062 0.468099 0.478062 0.468750 0.478062 0.469401 0.477148 0.470052 0.478062 0.470703 0.478976 0.471354 0.478976 0.472005 0.479890 0.472656 0.480804 0.472656 0.481718 0.472005 0.482633 0.471354 0.483547 0.470703 0.484461 0.470052 0.485375 0.469401 0.485375 0.469401 0.486289 0.468750 0.487203 0.468099 0.488117 0.468750 0.489031 0.469401 0.489945 0.470052 0.489945 0.470703 0.490859 0.471354 0.490859 0.472005 0.489945 0.472656 0.489945 0.473307 0.489945 0.473958 0.489031 0.474609 0.488117 0.475260 0.488117 0.475911 0.488117 0.476562 0.487203 0.477214 0.486289 0.477865 0.485375 0.478516 0.485375 0.479167 0.484461 0.479818 0.484461 0.480469 0.483547 0.481120 0.483547 0.481771 0.483547 0.481771 0.482633 0.482422 0.481718 0.482422 0.480804 0.482422 0.479890 0.482422 0.478976 0.482422 0.478062 0.481771 0.477148 0.482422 0.476234 0.481771 0.475320 0.481771 0.474406 0.481120 0.474406 0.480469 0.475320 0.479818 0.475320 0.479167 0.474406 0.478516 0.474406 0.477865 0.474406 0.477214 0.473492 0.476562 0.472578 0.475911 0.472578 0.475260 0.472578 0.474609 0.472578 0.473958 0.471664 0.473307 0.470750 0.472656 0.469835 0.472656 0.468921 0.472005 0.468007 0.472005 0.467093 0.471354 0.466179 0.470703 0.465265 0.470703 0.464351 0.470052 0.463437 0.469401 0.462523 0.468750 0.461609 0.468099 0.460695 0.468099 0.459781 0.467448 0.459781 0.466797 0.458867 0.466146 0.457952 0.466146 0.457038 0.466146 0.456124 0.465495 0.455210 0.465495 0.454296 0.464844 0.454296 0.464193 0.453382 0.463542 0.454296 0.462891 0.453382 0.462240 0.453382 0.461589 0.453382
0 0.489583 0.448812 0.488932 0.449726 0.488281 0.449726 0.488932 0.450640 0.488281 0.451554 0.487630 0.452468 0.486979 0.453382 0.486328 0.453382 0.485677 0.454296 0.485026 0.455210 0.485677 0.456124 0.486328 0.457038 0.486979 0.457038 0.487630 0.456124 0.488281 0.457038 0.488932 0.456124 0.489583 0.457038 0.490234 0.457038 0.490885 0.457038 0.491536 0.457038 0.492188 0.457038 0.492839 0.456124 0.493490 0.456124 0.492839 0.455210 0.492839 0.454296 0.492839 0.453382 0.492839 0.452468 0.492188 0.451554 0.491536 0.450640 0.490885 0.449726 0.490234 0.448812
0 0.886068 0.445155 0.885417 0.446069 0.884766 0.446984 0.884766 0.447898 0.884115 0.448812 0.883464 0.449726 0.883464 0.450640 0.882812 0.451554 0.882161 0.452468 0.882161 0.453382 0.881510 0.454296 0.880859 0.455210 0.880208 0.455210 0.879557 0.456124 0.880208 0.457038 0.879557 0.457952 0.880208 0.457038 0.880859 0.457952 0.881510 0.457038 0.882161 0.456124 0.882812 0.456124 0.883464 0.455210 0.884115 0.455210 0.884766 0.456124 0.885417 0.457038 0.884766 0.457952 0.884766 0.458867 0.884115 0.459781 0.883464 0.460695 0.882812 0.461609 0.882161 0.462523 0.882161 0.463437 0.882161 0.464351 0.882161 0.465265 0.882161 0.466179 0.882161 0.467093 0.882812 0.467093 0.883464 0.467093 0.884115 0.467093 0.884766 0.466179 0.885417 0.466179 0.886068 0.466179 0.886719 0.466179 0.887370 0.465265 0.888021 0.464351 0.888672 0.464351 0.888672 0.463437 0.889323 0.462523 0.889974 0.461609 0.889974 0.460695 0.889974 0.459781 0.889974 0.458867 0.889974 0.457952 0.889323 0.457038 0.889974 0.456124 0.889323 0.455210 0.888672 0.454296 0.889323 0.453382 0.889974 0.452468 0.889323 0.451554 0.889974 0.450640 0.889974 0.449726 0.889974 0.448812 0.889323 0.447898 0.889974 0.446984 0.889323 0.446069 0.888672 0.445155 0.888021 0.445155 0.887370 0.445155 0.886719 0.445155
0 0.854818 0.445155 0.854167 0.446069 0.853516 0.446984 0.853516 0.447898 0.853516 0.448812 0.853516 0.449726 0.852865 0.450640 0.853516 0.451554 0.853516 0.452468 0.854167 0.453382 0.854818 0.453382 0.855469 0.454296 0.856120 0.455210 0.856120 0.456124 0.856120 0.457038 0.856120 0.457952 0.856120 0.458867 0.856771 0.459781 0.856771 0.460695 0.857422 0.461609 0.858073 0.462523 0.858073 0.463437 0.858724 0.464351 0.858724 0.465265 0.858073 0.466179 0.858073 0.467093 0.858073 0.468007 0.858073 0.468921 0.857422 0.469835 0.858073 0.470750 0.858724 0.471664 0.858724 0.472578 0.858724 0.473492 0.859375 0.474406 0.859375 0.475320 0.860026 0.474406 0.860677 0.474406 0.861328 0.474406 0.861979 0.473492 0.862630 0.472578 0.862630 0.471664 0.862630 0.470750 0.862630 0.469835 0.862630 0.468921 0.862630 0.468007 0.862630 0.467093 0.863281 0.466179 0.863932 0.465265 0.864583 0.464351 0.863932 0.463437 0.863932 0.462523 0.864583 0.461609 0.864583 0.460695 0.864583 0.459781 0.864583 0.458867 0.864583 0.457952 0.864583 0.457038 0.864583 0.456124 0.864583 0.455210 0.863932 0.454296 0.863932 0.453382 0.863281 0.452468 0.862630 0.451554 0.861979 0.451554 0.861328 0.451554 0.860677 0.451554 0.860026 0.451554 0.859375 0.451554 0.858724 0.450640 0.858073 0.449726 0.858073 0.448812 0.857422 0.447898 0.856771 0.446984 0.856771 0.446069 0.856120 0.446069 0.855469 0.445155
0 0.469401 0.443327 0.468750 0.444241 0.468099 0.444241 0.468099 0.445155 0.468099 0.446069 0.468099 0.446984 0.468750 0.447898 0.468750 0.448812 0.469401 0.449726 0.469401 0.450640 0.470052 0.451554 0.470052 0.452468 0.470703 0.453382 0.471354 0.453382 0.472005 0.453382 0.472656 0.454296 0.473307 0.454296 0.473958 0.454296 0.474609 0.453382 0.475260 0.454296 0.475911 0.454296 0.476562 0.453382 0.477214 0.453382 0.477865 0.453382 0.477214 0.452468 0.477214 0.451554 0.476562 0.450640 0.475911 0.449726 0.475911 0.448812 0.475260 0.448812 0.474609 0.447898 0.473958 0.446984 0.473307 0.446069 0.472656 0.445155 0.472005 0.444241 0.472005 0.443327 0.471354 0.443327 0.470703 0.443327 0.470052 0.443327
0 0.322266 0.443327 0.321615 0.444241 0.320964 0.445155 0.320964 0.446069 0.320964 0.446984 0.320964 0.447898 0.320964 0.448812 0.320964 0.449726 0.320312 0.450640 0.320964 0.451554 0.321615 0.452468 0.321615 0.453382 0.321615 0.454296 0.322266 0.455210 0.322917 0.456124 0.323568 0.457038 0.324219 0.457952 0.324870 0.458867 0.325521 0.458867 0.326172 0.458867 0.326823 0.458867 0.326823 0.457952 0.327474 0.457038 0.327474 0.456124 0.328125 0.455210 0.328125 0.454296 0.328125 0.453382 0.328125 0.452468 0.327474 0.451554 0.328125 0.450640 0.327474 0.450640 0.326823 0.449726 0.326172 0.448812 0.326172 0.447898 0.326172 0.446984 0.326172 0.446069 0.325521 0.445155 0.324870 0.444241 0.324219 0.444241 0.323568 0.443327 0.322917 0.443327
0 0.156250 0.438757 0.155599 0.439671 0.154948 0.439671 0.154297 0.439671 0.153646 0.439671 0.152995 0.440585 0.152344 0.440585 0.151693 0.441499 0.151042 0.442413 0.150391 0.443327 0.149740 0.444241 0.149740 0.445155 0.149089 0.446069 0.148438 0.446984 0.148438 0.447898 0.148438 0.448812 0.148438 0.449726 0.148438 0.450640 0.147786 0.451554 0.147786 0.452468 0.147786 0.453382 0.148438 0.454296 0.148438 0.455210 0.148438 0.456124 0.149089 0.457038 0.149089 0.457952 0.149089 0.458867 0.149740 0.458867 0.150391 0.459781 0.151042 0.460695 0.150391 0.461609 0.151042 0.462523 0.151693 0.463437 0.152344 0.464351 0.152344 0.465265 0.152995 0.466179 0.153646 0.467093 0.154297 0.467093 0.154948 0.468007 0.155599 0.468921 0.156250 0.469835 0.156901 0.470750 0.157552 0.471664 0.157552 0.472578 0.156901 0.473492 0.156901 0.474406 0.156901 0.475320 0.156901 0.476234 0.156901 0.477148 0.157552 0.478062 0.156901 0.478976 0.157552 0.479890 0.156901 0.480804 0.156250 0.481718 0.155599 0.482633 0.154948 0.482633 0.154297 0.483547 0.153646 0.484461 0.152995 0.485375 0.152344 0.486289 0.152344 0.487203 0.152344 0.488117 0.151693 0.489031 0.151042 0.489945 0.151042 0.490859 0.150391 0.491773 0.150391 0.492687 0.150391 0.493601 0.150391 0.494516 0.150391 0.495430 0.150391 0.496344 0.150391 0.497258 0.149740 0.498172 0.149740 0.499086 0.149740 0.500000 0.149740 0.500914 0.149740 0.501828 0.149089 0.502742 0.149089 0.503656 0.148438 0.504570 0.148438 0.505484 0.148438 0.506399 0.147786 0.507313 0.147135 0.508227 0.146484 0.509141 0.145833 0.509141 0.145182 0.509141 0.144531 0.508227 0.143880 0.507313 0.143229 0.506399 0.143880 0.505484 0.143880 0.504570 0.143880 0.503656 0.143880 0.502742 0.143229 0.501828 0.143880 0.500914 0.143229 0.500000 0.143880 0.499086 0.143880 0.498172 0.143880 0.497258 0.143880 0.496344 0.143880 0.495430 0.143880 0.494516 0.144531 0.493601 0.145182 0.492687 0.145182 0.491773 0.145182 0.490859 0.145182 0.489945 0.145833 0.489031 0.145833 0.488117 0.145833 0.487203 0.146484 0.486289 0.146484 0.485375 0.147135 0.484461 0.147786 0.483547 0.147786 0.482633 0.147786 0.481718 0.147786 0.480804 0.147786 0.479890 0.148438 0.478976 0.148438 0.478062 0.148438 0.477148 0.148438 0.476234 0.149089 0.475320 0.149089 0.474406 0.148438 0.473492 0.148438 0.472578 0.147786 0.471664 0.147786 0.470750 0.147786 0.469835 0.147135 0.469835 0.146484 0.468921 0.145833 0.468921 0.145182 0.468921 0.144531 0.468921 0.143880 0.469835 0.143229 0.469835 0.142578 0.470750 0.141927 0.471664 0.141276 0.471664 0.140625 0.472578 0.139974 0.473492 0.139323 0.473492 0.138672 0.474406 0.138021 0.474406 0.137370 0.474406 0.136719 0.474406 0.136068 0.475320 0.136068 0.476234 0.135417 0.477148 0.136068 0.478062 0.135417 0.478976 0.134766 0.479890 0.134115 0.480804 0.133464 0.481718 0.134115 0.482633 0.133464 0.483547 0.133464 0.484461 0.133464 0.485375 0.134115 0.486289 0.134766 0.487203 0.135417 0.488117 0.136068 0.489031 0.135417 0.489945 0.136068 0.489945 0.136719 0.490859 0.137370 0.491773 0.138021 0.492687 0.138672 0.493601 0.139323 0.494516 0.139974 0.495430 0.140625 0.496344 0.141276 0.497258 0.141927 0.498172 0.141927 0.499086 0.142578 0.500000 0.143229 0.500000 0.143880 0.500914 0.143229 0.501828 0.142578 0.501828 0.141927 0.502742 0.141276 0.503656 0.140625 0.503656 0.139974 0.504570 0.140625 0.505484 0.139974 0.506399 0.139974 0.507313 0.140625 0.508227 0.141276 0.509141 0.141276 0.510055 0.141927 0.510969 0.141276 0.511883 0.141927 0.512797 0.141276 0.513711 0.141927 0.514625 0.141276 0.515539 0.141927 0.516453 0.141276 0.517367 0.141276 0.518282 0.140625 0.519196 0.140625 0.520110 0.141276 0.521024 0.141276 0.521938 0.141276 0.522852 0.141276 0.523766 0.140625 0.524680 0.139974 0.525594 0.139323 0.526508 0.138672 0.527422 0.138021 0.527422 0.137370 0.526508 0.136719 0.527422 0.136068 0.528336 0.136068 0.529250 0.136068 0.530165 0.136068 0.531079 0.136068 0.531993 0.135417 0.532907 0.134766 0.533821 0.134115 0.533821 0.133464 0.533821 0.132812 0.533821 0.132161 0.534735 0.131510 0.535649 0.131510 0.536563 0.132161 0.537477 0.132161 0.538391 0.132812 0.539305 0.132812 0.540219 0.132812 0.541133 0.132161 0.542048 0.131510 0.542962 0.130859 0.543876 0.130208 0.543876 0.130859 0.544790 0.130859 0.545704 0.130208 0.546618 0.130859 0.547532 0.130859 0.548446 0.130208 0.549360 0.130208 0.550274 0.130208 0.551188 0.129557 0.552102 0.129557 0.553016 0.128906 0.553931 0.129557 0.554845 0.128906 0.555759 0.128906 0.556673 0.128906 0.557587 0.128255 0.558501 0.128255 0.559415 0.128255 0.560329 0.128255 0.561243 0.128255 0.562157 0.128906 0.563071 0.128906 0.563985 0.128906 0.564899 0.129557 0.565814 0.130208 0.566728 0.130859 0.566728 0.131510 0.566728 0.132161 0.565814 0.132812 0.565814 0.133464 0.566728 0.134115 0.566728 0.134766 0.566728 0.135417 0.565814 0.136068 0.565814 0.136719 0.564899 0.137370 0.563985 0.138021 0.563985 0.138672 0.563071 0.139323 0.563071 0.139974 0.563985 0.140625 0.563985 0.141276 0.563985 0.141927 0.563071 0.142578 0.563071 0.143229 0.562157 0.143880 0.562157 0.144531 0.562157 0.145182 0.562157 0.145833 0.562157 0.146484 0.563071 0.147135 0.563071 0.147786 0.563071 0.147786 0.562157 0.148438 0.561243 0.149089 0.560329 0.149740 0.559415 0.149089 0.558501 0.149089 0.557587 0.149089 0.556673 0.149740 0.555759 0.149740 0.554845 0.150391 0.553931 0.149740 0.553016 0.149089 0.552102 0.148438 0.551188 0.148438 0.550274 0.147786 0.550274 0.147135 0.551188 0.146484 0.551188 0.145833 0.551188 0.145182 0.551188 0.144531 0.552102 0.143880 0.552102 0.143229 0.552102 0.142578 0.552102 0.141927 0.552102 0.141276 0.553016 0.140625 0.553931 0.139974 0.553931 0.139323 0.554845 0.138672 0.555759 0.138021 0.556673 0.137370 0.557587 0.136719 0.557587 0.136068 0.558501 0.135417 0.559415 0.134766 0.558501 0.134115 0.557587 0.133464 0.556673 0.133464 0.555759 0.133464 0.554845 0.133464 0.553931 0.134115 0.553016 0.134115 0.552102 0.134115 0.551188 0.134766 0.550274 0.135417 0.549360 0.136068 0.548446 0.136719 0.547532 0.136719 0.546618 0.137370 0.545704 0.138021 0.544790 0.138672 0.544790 0.138672 0.543876 0.139323 0.542962 0.139974 0.542048 0.139974 0.541133 0.140625 0.540219 0.139974 0.539305 0.140625 0.538391 0.141276 0.537477 0.140625 0.536563 0.141276 0.535649 0.141927 0.534735 0.142578 0.533821 0.143229 0.533821 0.143880 0.533821 0.144531 0.533821 0.145182 0.532907 0.145833 0.533821 0.146484 0.534735 0.147135 0.535649 0.147786 0.535649 0.148438 0.536563 0.149089 0.537477 0.149740 0.537477 0.150391 0.538391 0.151042 0.537477 0.151693 0.537477 0.152344 0.536563 0.152995 0.535649 0.153646 0.534735 0.154297 0.533821 0.154297 0.532907 0.154948 0.531993 0.154948 0.531079 0.154948 0.530165 0.155599 0.529250 0.154948 0.529250 0.154297 0.528336 0.153646 0.527422 0.152995 0.527422 0.152344 0.528336 0.151693 0.528336 0.151042 0.528336 0.150391 0.529250 0.149740 0.528336 0.149089 0.529250 0.148438 0.529250 0.147786 0.529250 0.147135 0.529250 0.146484 0.529250 0.145833 0.528336 0.145182 0.527422 0.144531 0.526508 0.145182 0.525594 0.145833 0.524680 0.146484 0.523766 0.147135 0.523766 0.147786 0.522852 0.148438 0.522852 0.149089 0.522852 0.149740 0.521938 0.150391 0.521938 0.151042 0.521938 0.151693 0.521024 0.151042 0.520110 0.151042 0.519196 0.150391 0.518282 0.149740 0.518282 0.149089 0.518282 0.148438 0.518282 0.147786 0.517367 0.147135 0.516453 0.146484 0.515539 0.146484 0.514625 0.147135 0.513711 0.147786 0.512797 0.148438 0.511883 0.149089 0.511883 0.149740 0.510969 0.150391 0.511883 0.151042 0.511883 0.151693 0.510969 0.152344 0.510969 0.152995 0.510969 0.153646 0.510969 0.154297 0.510969 0.154948 0.510055 0.155599 0.510969 0.156250 0.510055 0.156901 0.509141 0.157552 0.510055 0.158203 0.510055 0.158854 0.510969 0.159505 0.511883 0.160156 0.512797 0.160807 0.513711 0.161458 0.513711 0.162109 0.513711 0.162760 0.513711 0.163411 0.512797 0.163411 0.511883 0.162760 0.510969 0.163411 0.510055 0.164062 0.509141 0.163411 0.508227 0.163411 0.507313 0.164062 0.506399 0.164714 0.505484 0.165365 0.505484 0.166016 0.505484 0.166667 0.504570 0.167318 0.503656 0.167318 0.502742 0.166667 0.501828 0.167318 0.500914 0.167318 0.500000 0.167318 0.499086 0.167969 0.498172 0.167318 0.497258 0.166667 0.496344 0.166016 0.495430 0.165365 0.494516 0.166016 0.493601 0.166667 0.492687 0.167318 0.491773 0.167969 0.491773 0.167969 0.490859 0.168620 0.489945 0.168620 0.489031 0.167969 0.488117 0.167969 0.487203 0.167969 0.486289 0.167318 0.485375 0.167318 0.484461 0.166667 0.483547 0.167318 0.482633 0.167318 0.481718 0.167318 0.480804 0.167318 0.479890 0.167969 0.478976 0.167969 0.478062 0.167969 0.477148 0.168620 0.476234 0.169271 0.475320 0.169922 0.474406 0.170573 0.473492 0.171224 0.472578 0.171875 0.471664 0.172526 0.471664 0.173177 0.470750 0.173828 0.469835 0.174479 0.468921 0.174479 0.468007 0.175130 0.467093 0.175781 0.466179 0.175781 0.465265 0.175781 0.464351 0.176432 0.463437 0.176432 0.462523 0.176432 0.461609 0.176432 0.460695 0.176432 0.459781 0.175781 0.458867 0.176432 0.457952 0.175781 0.457038 0.175781 0.456124 0.175130 0.456124 0.174479 0.456124 0.173828 0.455210 0.173177 0.455210 0.172526 0.456124 0.171875 0.455210 0.171224 0.456124 0.170573 0.456124 0.169922 0.455210 0.169271 0.455210 0.168620 0.456124 0.167969 0.456124 0.167318 0.456124 0.166667 0.456124 0.166016 0.456124 0.165365 0.456124 0.164714 0.456124 0.164062 0.457038 0.163411 0.457038 0.162760 0.457038 0.162109 0.456124 0.161458 0.455210 0.162109 0.454296 0.161458 0.453382 0.161458 0.452468 0.161458 0.451554 0.161458 0.450640 0.160807 0.449726 0.160807 0.448812 0.160807 0.447898 0.160156 0.446984 0.160156 0.446069 0.160156 0.445155 0.160156 0.444241 0.159505 0.443327 0.160156 0.442413 0.159505 0.442413 0.158854 0.441499 0.158203 0.441499 0.157552 0.440585 0.156901 0.439671
0 0.701172 0.436929 0.700521 0.437843 0.699870 0.437843 0.699219 0.437843 0.699219 0.438757 0.698568 0.439671 0.697917 0.440585 0.697266 0.441499 0.696615 0.442413 0.695964 0.443327 0.695312 0.444241 0.694661 0.445155 0.694661 0.446069 0.694010 0.446984 0.694010 0.447898 0.694010 0.448812 0.693359 0.449726 0.692708 0.450640 0.692057 0.450640 0.692708 0.450640 0.693359 0.449726 0.694010 0.449726 0.694661 0.449726 0.695312 0.450640 0.695964 0.449726 0.696615 0.448812 0.697266 0.448812 0.697917 0.448812 0.698568 0.447898 0.699219 0.446984 0.699870 0.446069 0.700521 0.446069 0.701172 0.446069 0.701823 0.445155 0.702474 0.444241 0.703125 0.443327 0.703776 0.442413 0.704427 0.441499 0.704427 0.440585 0.704427 0.439671 0.705078 0.438757 0.705729 0.437843 0.705729 0.436929 0.705078 0.436929 0.704427 0.437843 0.703776 0.436929 0.703125 0.437843 0.702474 0.437843 0.701823 0.436929
0 0.682943 0.436929 0.682292 0.437843 0.681641 0.438757 0.680990 0.439671 0.680339 0.440585 0.679688 0.439671 0.679036 0.440585 0.678385 0.440585 0.678385 0.441499 0.677734 0.442413 0.678385 0.443327 0.677734 0.444241 0.678385 0.445155 0.679036 0.446069 0.679688 0.446984 0.679688 0.447898 0.679036 0.448812 0.679688 0.449726 0.679036 0.450640 0.678385 0.451554 0.677734 0.451554 0.677083 0.452468 0.676432 0.453382 0.675781 0.453382 0.675130 0.453382 0.674479 0.454296 0.673828 0.453382 0.673177 0.454296 0.672526 0.453382 0.671875 0.452468 0.671224 0.451554 0.671224 0.450640 0.671224 0.449726 0.670573 0.448812 0.671224 0.447898 0.670573 0.446984 0.669922 0.446984 0.669271 0.446984 0.668620 0.447898 0.669271 0.448812 0.669271 0.449726 0.669271 0.450640 0.668620 0.451554 0.668620 0.452468 0.668620 0.453382 0.668620 0.454296 0.667969 0.455210 0.667318 0.456124 0.666667 0.456124 0.666016 0.455210 0.665365 0.454296 0.664714 0.453382 0.664062 0.452468 0.663411 0.452468 0.662760 0.451554 0.662109 0.450640 0.661458 0.449726 0.660807 0.448812 0.660156 0.447898 0.659505 0.447898 0.658854 0.447898 0.658203 0.446984 0.657552 0.446069 0.656901 0.446984 0.656250 0.446069 0.655599 0.446984 0.654948 0.446984 0.655599 0.447898 0.654948 0.448812 0.655599 0.449726 0.655599 0.450640 0.656250 0.451554 0.656901 0.452468 0.657552 0.453382 0.657552 0.454296 0.658203 0.455210 0.658854 0.456124 0.658854 0.457038 0.658203 0.457952 0.657552 0.458867 0.658203 0.459781 0.658203 0.460695 0.658203 0.461609 0.658203 0.462523 0.658854 0.463437 0.658854 0.464351 0.659505 0.464351 0.660156 0.465265 0.660807 0.465265 0.661458 0.465265 0.662109 0.466179 0.662760 0.466179 0.663411 0.465265 0.664062 0.464351 0.664714 0.464351 0.665365 0.464351 0.666016 0.464351 0.666667 0.464351 0.667318 0.463437 0.667969 0.463437 0.668620 0.464351 0.669271 0.464351 0.669922 0.465265 0.670573 0.465265 0.671224 0.466179 0.671875 0.467093 0.672526 0.467093 0.673177 0.467093 0.673828 0.467093 0.673828 0.466179 0.673828 0.465265 0.674479 0.464351 0.673828 0.463437 0.674479 0.462523 0.673828 0.461609 0.674479 0.460695 0.675130 0.459781 0.675781 0.458867 0.676432 0.457952 0.677083 0.457038 0.677734 0.457038 0.678385 0.457038 0.679036 0.457952 0.679688 0.458867 0.679688 0.457952 0.680339 0.457038 0.680990 0.456124 0.680990 0.455210 0.681641 0.454296 0.682292 0.453382 0.682943 0.452468 0.683594 0.453382 0.684245 0.454296 0.684896 0.454296 0.684896 0.453382 0.685547 0.452468 0.685547 0.451554 0.685547 0.450640 0.686198 0.449726 0.685547 0.450640 0.684896 0.450640 0.684245 0.450640 0.683594 0.450640 0.682943 0.449726 0.682292 0.448812 0.682292 0.447898 0.682292 0.446984 0.682292 0.446069 0.682292 0.445155 0.682292 0.444241 0.682292 0.443327 0.682943 0.442413 0.683594 0.441499 0.684245 0.442413 0.684896 0.441499 0.685547 0.442413 0.686198 0.442413 0.686849 0.442413 0.687500 0.442413 0.687500 0.441499 0.687500 0.440585 0.686849 0.439671 0.686198 0.439671 0.685547 0.439671 0.684896 0.438757 0.684245 0.437843 0.683594 0.436929
0 0.311849 0.436015 0.311198 0.436929 0.310547 0.436929 0.309896 0.436929 0.309245 0.437843 0.308594 0.437843 0.307943 0.438757 0.307943 0.439671 0.307943 0.440585 0.307943 0.441499 0.307292 0.442413 0.307943 0.443327 0.307943 0.444241 0.308594 0.445155 0.308594 0.446069 0.309245 0.446984 0.309245 0.447898 0.309896 0.448812 0.310547 0.449726 0.310547 0.450640 0.311198 0.451554 0.311198 0.452468 0.311849 0.453382 0.312500 0.454296 0.311849 0.455210 0.312500 0.456124 0.312500 0.457038 0.312500 0.457952 0.312500 0.458867 0.312500 0.459781 0.313151 0.460695 0.313151 0.461609 0.313802 0.462523 0.314453 0.462523 0.315104 0.463437 0.315755 0.464351 0.316406 0.465265 0.317057 0.466179 0.317708 0.467093 0.317708 0.468007 0.318359 0.468921 0.319010 0.469835 0.319661 0.470750 0.320312 0.469835 0.320964 0.470750 0.321615 0.471664 0.321615 0.472578 0.322266 0.473492 0.321615 0.474406 0.321615 0.475320 0.322266 0.476234 0.321615 0.477148 0.321615 0.478062 0.321615 0.478976 0.320964 0.479890 0.321615 0.480804 0.321615 0.481718 0.322266 0.482633 0.322917 0.483547 0.323568 0.484461 0.323568 0.485375 0.324219 0.485375 0.324870 0.485375 0.325521 0.485375 0.326172 0.485375 0.326823 0.485375 0.327474 0.485375 0.328125 0.486289 0.328776 0.487203 0.328776 0.488117 0.328776 0.489031 0.329427 0.489945 0.329427 0.490859 0.329427 0.491773 0.330078 0.491773 0.330729 0.492687 0.331380 0.491773 0.332031 0.491773 0.332682 0.491773 0.333333 0.491773 0.333984 0.492687 0.334635 0.493601 0.334635 0.494516 0.335286 0.494516 0.335938 0.495430 0.336589 0.496344 0.337240 0.496344 0.337891 0.496344 0.338542 0.496344 0.339193 0.496344 0.339844 0.495430 0.340495 0.494516 0.341146 0.493601 0.341797 0.493601 0.342448 0.492687 0.343099 0.493601 0.343750 0.493601 0.344401 0.494516 0.345052 0.494516 0.345703 0.495430 0.346354 0.494516 0.347005 0.494516 0.347005 0.493601 0.347656 0.492687 0.348307 0.491773 0.348958 0.490859 0.348958 0.489945 0.349609 0.489031 0.350260 0.488117 0.350911 0.487203 0.351562 0.486289 0.352214 0.485375 0.352865 0.484461 0.353516 0.485375 0.354167 0.484461 0.354818 0.483547 0.355469 0.483547 0.356120 0.483547 0.356771 0.482633 0.357422 0.481718 0.358073 0.481718 0.358073 0.480804 0.358073 0.479890 0.358073 0.478976 0.358724 0.478062 0.358724 0.477148 0.358724 0.476234 0.358073 0.475320 0.358724 0.474406 0.358073 0.474406 0.357422 0.473492 0.356771 0.473492 0.356120 0.474406 0.355469 0.474406 0.354818 0.474406 0.354167 0.475320 0.353516 0.475320 0.352865 0.475320 0.352214 0.475320 0.351562 0.475320 0.350911 0.475320 0.350260 0.476234 0.349609 0.476234 0.348958 0.477148 0.348307 0.478062 0.347656 0.478976 0.347005 0.478976 0.346354 0.478976 0.346354 0.479890 0.345703 0.480804 0.345052 0.481718 0.344401 0.482633 0.343750 0.482633 0.343099 0.483547 0.342448 0.483547 0.341797 0.483547 0.341146 0.483547 0.341146 0.484461 0.340495 0.485375 0.339844 0.486289 0.339193 0.487203 0.338542 0.487203 0.337891 0.487203 0.337240 0.486289 0.336589 0.485375 0.336589 0.484461 0.336589 0.483547 0.335938 0.482633 0.335938 0.481718 0.335286 0.481718 0.334635 0.482633 0.333984 0.483547 0.333333 0.483547 0.332682 0.483547 0.332031 0.483547 0.331380 0.483547 0.330729 0.482633 0.330078 0.481718 0.330078 0.480804 0.329427 0.479890 0.330078 0.478976 0.330729 0.478062 0.330729 0.477148 0.331380 0.476234 0.332031 0.475320 0.332682 0.475320 0.332682 0.474406 0.332682 0.473492 0.333333 0.472578 0.333984 0.471664 0.334635 0.470750 0.335286 0.469835 0.335938 0.468921 0.336589 0.468921 0.337240 0.468921 0.337891 0.468921 0.338542 0.468921 0.339193 0.469835 0.339844 0.469835 0.340495 0.469835 0.341146 0.470750 0.341797 0.470750 0.342448 0.469835 0.343099 0.469835 0.343750 0.468921 0.343099 0.468007 0.342448 0.467093 0.343099 0.466179 0.342448 0.465265 0.342448 0.464351 0.342448 0.463437 0.341797 0.462523 0.341797 0.461609 0.341797 0.460695 0.342448 0.459781 0.342448 0.458867 0.343099 0.457952 0.343750 0.457038 0.344401 0.457038 0.345052 0.456124 0.345703 0.457038 0.346354 0.456124 0.347005 0.457038 0.347656 0.457038 0.348307 0.456124 0.348958 0.455210 0.349609 0.454296 0.350260 0.453382 0.350911 0.453382 0.351562 0.453382 0.352214 0.452468 0.352214 0.451554 0.352865 0.450640 0.352865 0.449726 0.352865 0.448812 0.352865 0.447898 0.352214 0.446984 0.352214 0.446069 0.351562 0.446069 0.350911 0.446069 0.350260 0.446069 0.349609 0.445155 0.348958 0.445155 0.348307 0.445155 0.347656 0.445155 0.347005 0.445155 0.346354 0.446069 0.345703 0.446069 0.345052 0.446984 0.344401 0.446984 0.343750 0.446984 0.343099 0.446984 0.342448 0.447898 0.341797 0.447898 0.341146 0.448812 0.340495 0.449726 0.339844 0.449726 0.339193 0.450640 0.338542 0.451554 0.338542 0.452468 0.337891 0.453382 0.337240 0.454296 0.336589 0.455210 0.335938 0.455210 0.335938 0.456124 0.335286 0.457038 0.334635 0.457952 0.333984 0.458867 0.333333 0.459781 0.332682 0.460695 0.332031 0.461609 0.332031 0.462523 0.331380 0.463437 0.331380 0.464351 0.331380 0.465265 0.330729 0.466179 0.330729 0.467093 0.330729 0.468007 0.330078 0.468921 0.330078 0.469835 0.330078 0.470750 0.329427 0.471664 0.329427 0.472578 0.328776 0.473492 0.328125 0.474406 0.327474 0.475320 0.326823 0.476234 0.326172 0.475320 0.325521 0.474406 0.324870 0.473492 0.324219 0.472578 0.323568 0.472578 0.322917 0.471664 0.322266 0.470750 0.322266 0.469835 0.322266 0.468921 0.322266 0.468007 0.321615 0.467093 0.321615 0.466179 0.320964 0.466179 0.320312 0.465265 0.319661 0.465265 0.319010 0.464351 0.318359 0.463437 0.317708 0.462523 0.317708 0.461609 0.317708 0.460695 0.317708 0.459781 0.317057 0.458867 0.317057 0.457952 0.317057 0.457038 0.316406 0.456124 0.316406 0.455210 0.316406 0.454296 0.316406 0.453382 0.315755 0.452468 0.315755 0.451554 0.315755 0.450640 0.315104 0.449726 0.315755 0.448812 0.315755 0.447898 0.315104 0.446984 0.315104 0.446069 0.315104 0.445155 0.315104 0.444241 0.315104 0.443327 0.315104 0.442413 0.314453 0.441499 0.315104 0.440585 0.314453 0.439671 0.313802 0.438757 0.313802 0.437843 0.313151 0.437843 0.312500 0.436929
0 0.722656 0.433272 0.722005 0.434186 0.721354 0.434186 0.721354 0.435101 0.720703 0.436015 0.720052 0.436929 0.719401 0.436015 0.718750 0.436015 0.718099 0.436929 0.717448 0.436015 0.716797 0.436929 0.716146 0.437843 0.715495 0.438757 0.716146 0.439671 0.715495 0.440585 0.715495 0.441499 0.716146 0.442413 0.715495 0.443327 0.716146 0.444241 0.715495 0.445155 0.715495 0.446069 0.714844 0.446984 0.714844 0.447898 0.714193 0.448812 0.713542 0.449726 0.713542 0.450640 0.712891 0.451554 0.712240 0.452468 0.711589 0.452468 0.710938 0.453382 0.710286 0.453382 0.709635 0.452468 0.708984 0.451554 0.708984 0.450640 0.708984 0.449726 0.708333 0.448812 0.707682 0.447898 0.707682 0.446984 0.707031 0.447898 0.707031 0.448812 0.706380 0.449726 0.705729 0.450640 0.705729 0.451554 0.705078 0.452468 0.705078 0.453382 0.704427 0.454296 0.703776 0.455210 0.703125 0.456124 0.702474 0.456124 0.701823 0.455210 0.701172 0.454296 0.700521 0.454296 0.699870 0.454296 0.699219 0.455210 0.698568 0.455210 0.699219 0.456124 0.698568 0.457038 0.697917 0.457952 0.697266 0.458867 0.696615 0.459781 0.697266 0.460695 0.696615 0.461609 0.695964 0.462523 0.695312 0.462523 0.694661 0.463437 0.694010 0.463437 0.693359 0.464351 0.692708 0.463437 0.692057 0.464351 0.691406 0.463437 0.690755 0.464351 0.690104 0.464351 0.689453 0.463437 0.690104 0.464351 0.689453 0.465265 0.688802 0.466179 0.688802 0.467093 0.688151 0.468007 0.688151 0.468921 0.688802 0.469835 0.688802 0.470750 0.689453 0.471664 0.690104 0.472578 0.690104 0.473492 0.690755 0.472578 0.691406 0.471664 0.692057 0.471664 0.692708 0.471664 0.693359 0.471664 0.694010 0.471664 0.694661 0.470750 0.694661 0.469835 0.694661 0.468921 0.695312 0.468007 0.694661 0.467093 0.695312 0.466179 0.695964 0.465265 0.696615 0.465265 0.697266 0.465265 0.697917 0.464351 0.698568 0.464351 0.699219 0.465265 0.699870 0.465265 0.700521 0.466179 0.701172 0.467093 0.701172 0.468007 0.701823 0.468007 0.702474 0.468007 0.703125 0.468921 0.703776 0.469835 0.704427 0.469835 0.705078 0.470750 0.705729 0.471664 0.706380 0.471664 0.707031 0.472578 0.707682 0.471664 0.708333 0.470750 0.708333 0.469835 0.708333 0.468921 0.708333 0.468007 0.708984 0.467093 0.708333 0.466179 0.708333 0.465265 0.708984 0.464351 0.709635 0.463437 0.710286 0.464351 0.710938 0.463437 0.711589 0.463437 0.712240 0.462523 0.712891 0.461609 0.713542 0.461609 0.714193 0.460695 0.714844 0.460695 0.715495 0.460695 0.716146 0.459781 0.716797 0.459781 0.717448 0.459781 0.718099 0.459781 0.718750 0.459781 0.719401 0.459781 0.720052 0.459781 0.720703 0.460695 0.721354 0.461609 0.720703 0.462523 0.721354 0.463437 0.722005 0.463437 0.722656 0.464351 0.723307 0.463437 0.723958 0.462523 0.724609 0.461609 0.725260 0.460695 0.725911 0.459781 0.726562 0.458867 0.727214 0.458867 0.727865 0.457952 0.727865 0.457038 0.728516 0.456124 0.728516 0.455210 0.728516 0.454296 0.728516 0.453382 0.728516 0.452468 0.727865 0.451554 0.727865 0.450640 0.727214 0.450640 0.726562 0.449726 0.725911 0.448812 0.725911 0.447898 0.725260 0.446984 0.725260 0.446069 0.724609 0.445155 0.725260 0.444241 0.725911 0.443327 0.726562 0.442413 0.727214 0.441499 0.727214 0.440585 0.727865 0.439671 0.727865 0.438757 0.727865 0.437843 0.727865 0.436929 0.727865 0.436015 0.727214 0.435101 0.726562 0.434186 0.725911 0.434186 0.725260 0.433272 0.724609 0.433272 0.723958 0.433272 0.723307 0.433272
0 0.531250 0.433272 0.530599 0.434186 0.529948 0.435101 0.529297 0.436015 0.529297 0.436929 0.528646 0.437843 0.527995 0.438757 0.527344 0.439671 0.526693 0.440585 0.526042 0.440585 0.525391 0.441499 0.525391 0.442413 0.524740 0.443327 0.524089 0.444241 0.523438 0.445155 0.522786 0.445155 0.522135 0.445155 0.521484 0.446069 0.520833 0.446069 0.520182 0.446984 0.519531 0.447898 0.518880 0.448812 0.518229 0.449726 0.517578 0.450640 0.516927 0.451554 0.516276 0.452468 0.515625 0.453382 0.514974 0.454296 0.514323 0.454296 0.513672 0.455210 0.513021 0.456124 0.512370 0.457038 0.511719 0.457952 0.511719 0.458867 0.511719 0.459781 0.512370 0.460695 0.513021 0.459781 0.513672 0.460695 0.514323 0.459781 0.514974 0.460695 0.515625 0.460695 0.516276 0.459781 0.516927 0.460695 0.517578 0.460695 0.518229 0.461609 0.518880 0.461609 0.519531 0.461609 0.520182 0.461609 0.520833 0.462523 0.521484 0.461609 0.521484 0.460695 0.521484 0.459781 0.522135 0.458867 0.522786 0.457952 0.523438 0.458867 0.524089 0.458867 0.524740 0.458867 0.525391 0.459781 0.526042 0.459781 0.526693 0.460695 0.527344 0.460695 0.527995 0.460695 0.528646 0.459781 0.529297 0.458867 0.529948 0.457952 0.530599 0.457038 0.531250 0.456124 0.531250 0.455210 0.531901 0.454296 0.532552 0.453382 0.532552 0.452468 0.531901 0.451554 0.531250 0.451554 0.530599 0.450640 0.529948 0.451554 0.529297 0.451554 0.528646 0.452468 0.527995 0.452468 0.527344 0.453382 0.526693 0.454296 0.526042 0.454296 0.525391 0.454296 0.524740 0.453382 0.524089 0.452468 0.524740 0.451554 0.525391 0.450640 0.526042 0.449726 0.526693 0.449726 0.526042 0.448812 0.526693 0.447898 0.527344 0.446984 0.527995 0.446069 0.528646 0.445155 0.529297 0.444241 0.529948 0.444241 0.530599 0.445155 0.531250 0.445155 0.531901 0.446069 0.532552 0.446069 0.533203 0.446984 0.533854 0.446984 0.534505 0.446984 0.535156 0.446984 0.535807 0.446069 0.536458 0.446069 0.537109 0.446069 0.537109 0.445155 0.537760 0.444241 0.538411 0.443327 0.539062 0.443327 0.539062 0.442413 0.539714 0.441499 0.539062 0.440585 0.539714 0.439671 0.539714 0.438757 0.539714 0.437843 0.539714 0.436929 0.539714 0.436015 0.539062 0.435101 0.538411 0.435101 0.537760 0.434186 0.537109 0.435101 0.536458 0.435101 0.535807 0.435101 0.535156 0.435101 0.534505 0.435101 0.533854 0.434186 0.533203 0.433272 0.532552 0.434186 0.531901 0.434186
0 0.473958 0.428702 0.473307 0.429616 0.472656 0.429616 0.472005 0.429616 0.472005 0.430530 0.471354 0.431444 0.470703 0.432358 0.470703 0.433272 0.470703 0.434186 0.470052 0.435101 0.470703 0.436015 0.471354 0.436929 0.471354 0.437843 0.472005 0.437843 0.472656 0.438757 0.473307 0.439671 0.473958 0.439671 0.474609 0.440585 0.475260 0.441499 0.475911 0.441499 0.476562 0.442413 0.477214 0.443327 0.477865 0.444241 0.478516 0.444241 0.479167 0.445155 0.479818 0.445155 0.480469 0.445155 0.481120 0.445155 0.481771 0.445155 0.482422 0.445155 0.483073 0.444241 0.483724 0.444241 0.483073 0.443327 0.483724 0.442413 0.483073 0.441499 0.482422 0.440585 0.483073 0.439671 0.482422 0.438757 0.482422 0.437843 0.481771 0.437843 0.481120 0.436929 0.480469 0.436015 0.479818 0.436015 0.479167 0.436015 0.478516 0.435101 0.477865 0.434186 0.477865 0.433272 0.477865 0.432358 0.477214 0.431444 0.476562 0.430530 0.475911 0.429616 0.475260 0.429616 0.474609 0.428702
0 0.296224 0.428702 0.295573 0.429616 0.294922 0.429616 0.294271 0.430530 0.293620 0.431444 0.292969 0.431444 0.292318 0.432358 0.291667 0.432358 0.291016 0.433272 0.290365 0.433272 0.289714 0.433272 0.289062 0.432358 0.288411 0.431444 0.287760 0.431444 0.287109 0.431444 0.286458 0.430530 0.285807 0.430530 0.285156 0.431444 0.284505 0.431444 0.283854 0.432358 0.283203 0.433272 0.283203 0.434186 0.282552 0.435101 0.281901 0.436015 0.281901 0.436929 0.281901 0.437843 0.281901 0.438757 0.281901 0.439671 0.281901 0.440585 0.281901 0.441499 0.281901 0.442413 0.281901 0.443327 0.282552 0.444241 0.282552 0.445155 0.281901 0.446069 0.281901 0.446984 0.281250 0.447898 0.281901 0.448812 0.281250 0.449726 0.281901 0.450640 0.282552 0.451554 0.283203 0.452468 0.283854 0.452468 0.284505 0.452468 0.285156 0.452468 0.285807 0.452468 0.286458 0.451554 0.287109 0.451554 0.287760 0.451554 0.288411 0.452468 0.289062 0.453382 0.289714 0.454296 0.289714 0.455210 0.289714 0.456124 0.289714 0.457038 0.289714 0.457952 0.289062 0.458867 0.288411 0.459781 0.287760 0.459781 0.287109 0.459781 0.286458 0.459781 0.285807 0.460695 0.285156 0.460695 0.284505 0.461609 0.284505 0.462523 0.283854 0.463437 0.283854 0.464351 0.283854 0.465265 0.283854 0.466179 0.284505 0.466179 0.285156 0.467093 0.285807 0.467093 0.286458 0.467093 0.287109 0.468007 0.287760 0.468007 0.288411 0.468007 0.289062 0.467093 0.289714 0.467093 0.290365 0.468007 0.291016 0.467093 0.291667 0.467093 0.292318 0.467093 0.292969 0.467093 0.293620 0.466179 0.294271 0.466179 0.294922 0.466179 0.295573 0.466179 0.296224 0.466179 0.296875 0.466179 0.297526 0.466179 0.298177 0.467093 0.298828 0.466179 0.299479 0.466179 0.300130 0.467093 0.300781 0.468007 0.300781 0.468921 0.300781 0.469835 0.300781 0.470750 0.301432 0.471664 0.301432 0.472578 0.301432 0.473492 0.300781 0.474406 0.300781 0.475320 0.301432 0.476234 0.301432 0.477148 0.302083 0.478062 0.302734 0.478976 0.303385 0.479890 0.304036 0.480804 0.304688 0.481718 0.305339 0.482633 0.305990 0.483547 0.306641 0.482633 0.307292 0.483547 0.307943 0.484461 0.308594 0.485375 0.309245 0.486289 0.308594 0.487203 0.309245 0.488117 0.309245 0.489031 0.309896 0.489945 0.309245 0.490859 0.309245 0.491773 0.309245 0.492687 0.309896 0.493601 0.309896 0.494516 0.310547 0.495430 0.311198 0.495430 0.311849 0.495430 0.312500 0.496344 0.313151 0.496344 0.313802 0.496344 0.314453 0.497258 0.315104 0.498172 0.315755 0.497258 0.316406 0.498172 0.317057 0.499086 0.317708 0.499086 0.318359 0.500000 0.319010 0.500914 0.319661 0.501828 0.320312 0.502742 0.320964 0.503656 0.320964 0.504570 0.321615 0.505484 0.322266 0.506399 0.322266 0.507313 0.322917 0.508227 0.322266 0.509141 0.322917 0.510055 0.322917 0.510969 0.322266 0.511883 0.322917 0.512797 0.322266 0.513711 0.321615 0.514625 0.320964 0.515539 0.320312 0.515539 0.320312 0.516453 0.319661 0.517367 0.320312 0.518282 0.319661 0.519196 0.319010 0.520110 0.319010 0.521024 0.318359 0.521938 0.319010 0.522852 0.319010 0.523766 0.318359 0.524680 0.319010 0.525594 0.319661 0.526508 0.320312 0.527422 0.320964 0.528336 0.321615 0.529250 0.320964 0.530165 0.320964 0.531079 0.320964 0.531993 0.321615 0.532907 0.320964 0.533821 0.320964 0.534735 0.321615 0.535649 0.322266 0.536563 0.322266 0.537477 0.322266 0.538391 0.322266 0.539305 0.322266 0.540219 0.322266 0.541133 0.322917 0.542048 0.322917 0.542962 0.322917 0.543876 0.322917 0.544790 0.322917 0.545704 0.322266 0.546618 0.321615 0.547532 0.320964 0.547532 0.320312 0.546618 0.319661 0.546618 0.319010 0.547532 0.318359 0.548446 0.317708 0.548446 0.317057 0.549360 0.316406 0.549360 0.316406 0.550274 0.315755 0.551188 0.315104 0.552102 0.314453 0.552102 0.313802 0.552102 0.313151 0.551188 0.312500 0.551188 0.311849 0.551188 0.311198 0.550274 0.310547 0.550274 0.309896 0.550274 0.309245 0.551188 0.308594 0.552102 0.307943 0.552102 0.307943 0.553016 0.307292 0.553931 0.307943 0.554845 0.307292 0.555759 0.307943 0.556673 0.307943 0.557587 0.308594 0.558501 0.309245 0.558501 0.309896 0.558501 0.310547 0.559415 0.311198 0.559415 0.311849 0.558501 0.312500 0.559415 0.313151 0.560329 0.313802 0.561243 0.314453 0.562157 0.314453 0.563071 0.314453 0.563985 0.315104 0.563985 0.315755 0.564899 0.316406 0.563985 0.317057 0.563985 0.317708 0.563071 0.318359 0.563071 0.319010 0.562157 0.319661 0.561243 0.320312 0.561243 0.320312 0.560329 0.320964 0.559415 0.320964 0.558501 0.321615 0.557587 0.321615 0.556673 0.320964 0.555759 0.321615 0.554845 0.321615 0.553931 0.321615 0.553016 0.322266 0.552102 0.322917 0.551188 0.323568 0.551188 0.324219 0.552102 0.324870 0.553016 0.325521 0.553931 0.326172 0.554845 0.326172 0.555759 0.326172 0.556673 0.325521 0.557587 0.326172 0.558501 0.326172 0.559415 0.326172 0.560329 0.326172 0.561243 0.326823 0.562157 0.326823 0.563071 0.326172 0.563985 0.326823 0.564899 0.326823 0.565814 0.326823 0.566728 0.326823 0.567642 0.326823 0.568556 0.326823 0.569470 0.326823 0.570384 0.326823 0.571298 0.326172 0.572212 0.325521 0.573126 0.326172 0.574040 0.326172 0.574954 0.325521 0.575868 0.324870 0.576782 0.325521 0.577697 0.324870 0.578611 0.324870 0.579525 0.325521 0.580439 0.326172 0.580439 0.326823 0.581353 0.327474 0.582267 0.328125 0.582267 0.328776 0.582267 0.329427 0.582267 0.330078 0.582267 0.330729 0.582267 0.331380 0.581353 0.331380 0.580439 0.332031 0.579525 0.332031 0.578611 0.332031 0.577697 0.331380 0.576782 0.331380 0.575868 0.331380 0.574954 0.330729 0.574040 0.330729 0.573126 0.330078 0.572212 0.330078 0.571298 0.329427 0.570384 0.329427 0.569470 0.330078 0.568556 0.330729 0.567642 0.331380 0.566728 0.332031 0.565814 0.332682 0.564899 0.333333 0.563985 0.333984 0.563071 0.334635 0.563071 0.335286 0.563071 0.335938 0.563071 0.336589 0.563071 0.337240 0.563985 0.337240 0.563071 0.337240 0.562157 0.337891 0.561243 0.337891 0.560329 0.338542 0.559415 0.338542 0.558501 0.339193 0.557587 0.339844 0.556673 0.340495 0.555759 0.340495 0.554845 0.341146 0.553931 0.341146 0.553016 0.341146 0.552102 0.341146 0.551188 0.340495 0.550274 0.339844 0.550274 0.339193 0.550274 0.338542 0.551188 0.337891 0.552102 0.337891 0.553016 0.337240 0.553931 0.336589 0.554845 0.335938 0.555759 0.335286 0.556673 0.335286 0.557587 0.334635 0.558501 0.333984 0.559415 0.333333 0.560329 0.332682 0.561243 0.332031 0.561243 0.331380 0.562157 0.330729 0.563071 0.330078 0.563071 0.329427 0.563071 0.328776 0.562157 0.328125 0.561243 0.328125 0.560329 0.327474 0.559415 0.327474 0.558501 0.328125 0.557587 0.328125 0.556673 0.328125 0.555759 0.328125 0.554845 0.328125 0.553931 0.328125 0.553016 0.328776 0.552102 0.328776 0.551188 0.329427 0.550274 0.330078 0.549360 0.330729 0.548446 0.331380 0.547532 0.332031 0.548446 0.332682 0.547532 0.333333 0.547532 0.333984 0.546618 0.334635 0.545704 0.335286 0.544790 0.335286 0.543876 0.335938 0.542962 0.336589 0.542048 0.337240 0.541133 0.337891 0.540219 0.338542 0.540219 0.339193 0.541133 0.339844 0.540219 0.340495 0.540219 0.341146 0.541133 0.341797 0.541133 0.342448 0.541133 0.343099 0.541133 0.343099 0.540219 0.343750 0.539305 0.344401 0.538391 0.345052 0.538391 0.345703 0.538391 0.346354 0.538391 0.347005 0.538391 0.347656 0.538391 0.348307 0.538391 0.348958 0.537477 0.349609 0.536563 0.350260 0.535649 0.350911 0.534735 0.350911 0.533821 0.350260 0.532907 0.350911 0.531993 0.351562 0.531079 0.352214 0.530165 0.352865 0.530165 0.353516 0.529250 0.354167 0.528336 0.354818 0.527422 0.355469 0.526508 0.356120 0.525594 0.356120 0.524680 0.356120 0.523766 0.356120 0.522852 0.355469 0.521938 0.355469 0.521024 0.355469 0.520110 0.355469 0.519196 0.355469 0.518282 0.355469 0.517367 0.356120 0.516453 0.355469 0.515539 0.355469 0.514625 0.355469 0.513711 0.354818 0.513711 0.354167 0.513711 0.353516 0.513711 0.352865 0.513711 0.352214 0.514625 0.351562 0.515539 0.350911 0.515539 0.350260 0.516453 0.349609 0.517367 0.348958 0.517367 0.348958 0.518282 0.348307 0.519196 0.347656 0.520110 0.347005 0.519196 0.346354 0.520110 0.345703 0.520110 0.345052 0.519196 0.344401 0.518282 0.343750 0.517367 0.343099 0.517367 0.342448 0.516453 0.341797 0.516453 0.341146 0.516453 0.340495 0.517367 0.339844 0.517367 0.339844 0.518282 0.339844 0.519196 0.339193 0.520110 0.339193 0.521024 0.339844 0.521938 0.339844 0.522852 0.339844 0.523766 0.340495 0.524680 0.340495 0.525594 0.339844 0.526508 0.339193 0.527422 0.338542 0.527422 0.337891 0.527422 0.337240 0.527422 0.336589 0.527422 0.336589 0.528336 0.335938 0.529250 0.335286 0.530165 0.335286 0.531079 0.334635 0.531993 0.335286 0.532907 0.334635 0.533821 0.333984 0.534735 0.333333 0.535649 0.333333 0.536563 0.333333 0.537477 0.332682 0.538391 0.332682 0.539305 0.332682 0.540219 0.332031 0.541133 0.332031 0.542048 0.331380 0.542962 0.330729 0.543876 0.330078 0.543876 0.329427 0.544790 0.328776 0.545704 0.328125 0.544790 0.327474 0.543876 0.326823 0.542962 0.326823 0.542048 0.326172 0.541133 0.326172 0.540219 0.326823 0.539305 0.326172 0.538391 0.325521 0.537477 0.326172 0.536563 0.326172 0.535649 0.326172 0.534735 0.326823 0.533821 0.326172 0.532907 0.325521 0.531993 0.326172 0.531079 0.325521 0.530165 0.324870 0.529250 0.324870 0.528336 0.324870 0.527422 0.324219 0.526508 0.324870 0.525594 0.325521 0.524680 0.324870 0.523766 0.325521 0.522852 0.325521 0.521938 0.324870 0.521024 0.324870 0.520110 0.324870 0.519196 0.325521 0.518282 0.325521 0.517367 0.326172 0.516453 0.326172 0.515539 0.326823 0.514625 0.327474 0.513711 0.328125 0.514625 0.328776 0.513711 0.329427 0.512797 0.329427 0.511883 0.330078 0.510969 0.330078 0.510055 0.330078 0.509141 0.330729 0.508227 0.331380 0.507313 0.332031 0.506399 0.332682 0.506399 0.333333 0.505484 0.333984 0.505484 0.334635 0.505484 0.335286 0.504570 0.334635 0.503656 0.335286 0.502742 0.335286 0.501828 0.334635 0.501828 0.333984 0.501828 0.333333 0.502742 0.332682 0.502742 0.332031 0.501828 0.331380 0.502742 0.330729 0.503656 0.330078 0.502742 0.329427 0.503656 0.328776 0.503656 0.328125 0.503656 0.327474 0.504570 0.326823 0.504570 0.326172 0.503656 0.325521 0.503656 0.324870 0.502742 0.324219 0.502742 0.323568 0.502742 0.322917 0.501828 0.322266 0.501828 0.321615 0.501828 0.320964 0.500914 0.320312 0.500000 0.320312 0.499086 0.320312 0.498172 0.320312 0.497258 0.320312 0.496344 0.320312 0.495430 0.320312 0.494516 0.319661 0.494516 0.319010 0.495430 0.318359 0.494516 0.317708 0.494516 0.317057 0.493601 0.316406 0.492687 0.316406 0.491773 0.316406 0.490859 0.316406 0.489945 0.317057 0.489031 0.316406 0.488117 0.317057 0.487203 0.317057 0.486289 0.316406 0.485375 0.316406 0.484461 0.315755 0.485375 0.315104 0.485375 0.314453 0.485375 0.313802 0.485375 0.313151 0.485375 0.312500 0.484461 0.311849 0.483547 0.311198 0.482633 0.311198 0.481718 0.311198 0.480804 0.311198 0.479890 0.311198 0.478976 0.311198 0.478062 0.310547 0.477148 0.311198 0.476234 0.310547 0.476234 0.309896 0.475320 0.309245 0.474406 0.309245 0.473492 0.309245 0.472578 0.309245 0.471664 0.308594 0.470750 0.308594 0.469835 0.308594 0.468921 0.307943 0.468007 0.307943 0.467093 0.307943 0.466179 0.307292 0.465265 0.306641 0.464351 0.306641 0.463437 0.305990 0.462523 0.305339 0.461609 0.304688 0.460695 0.304036 0.459781 0.304036 0.458867 0.304036 0.457952 0.304036 0.457038 0.304036 0.456124 0.304036 0.455210 0.303385 0.455210 0.302734 0.455210 0.302083 0.455210 0.301432 0.455210 0.300781 0.454296 0.300130 0.453382 0.299479 0.452468 0.298828 0.451554 0.298828 0.450640 0.299479 0.449726 0.299479 0.448812 0.298828 0.447898 0.299479 0.446984 0.298828 0.446069 0.298828 0.445155 0.298828 0.444241 0.299479 0.443327 0.298828 0.442413 0.298828 0.441499 0.298828 0.440585 0.298828 0.439671 0.299479 0.438757 0.299479 0.437843 0.298828 0.436929 0.299479 0.436015 0.299479 0.435101 0.299479 0.434186 0.300130 0.433272 0.299479 0.432358 0.300130 0.431444 0.299479 0.430530 0.298828 0.429616 0.298177 0.428702 0.297526 0.429616 0.296875 0.429616
0 0.853516 0.425960 0.852865 0.426874 0.852214 0.427788 0.852214 0.428702 0.851562 0.429616 0.850911 0.430530 0.850911 0.431444 0.850260 0.432358 0.849609 0.433272 0.850260 0.434186 0.850911 0.435101 0.851562 0.436015 0.851562 0.436929 0.852214 0.436929 0.852865 0.437843 0.853516 0.437843 0.854167 0.438757 0.854818 0.439671 0.855469 0.440585 0.856120 0.440585 0.856771 0.441499 0.857422 0.442413 0.858073 0.441499 0.858724 0.441499 0.859375 0.441499 0.860026 0.441499 0.860026 0.440585 0.860026 0.439671 0.860026 0.438757 0.860026 0.437843 0.860026 0.436929 0.860026 0.436015 0.860677 0.435101 0.860026 0.434186 0.860026 0.433272 0.860026 0.432358 0.859375 0.431444 0.860026 0.430530 0.859375 0.429616 0.858724 0.428702 0.858073 0.427788 0.857422 0.426874 0.856771 0.425960 0.856120 0.425960 0.855469 0.425960 0.854818 0.425960 0.854167 0.425960
0 0.508464 0.417733 0.507812 0.418647 0.507161 0.419561 0.507161 0.420475 0.506510 0.421389 0.506510 0.422303 0.506510 0.423218 0.505859 0.424132 0.505859 0.425046 0.505859 0.425960 0.505208 0.426874 0.505208 0.427788 0.505208 0.428702 0.505859 0.429616 0.505859 0.430530 0.505208 0.431444 0.505859 0.432358 0.505859 0.433272 0.505208 0.434186 0.504557 0.435101 0.503906 0.435101 0.503906 0.436015 0.503906 0.436929 0.503255 0.437843 0.503255 0.438757 0.503255 0.439671 0.503906 0.440585 0.503906 0.441499 0.503906 0.442413 0.504557 0.443327 0.504557 0.444241 0.505208 0.445155 0.504557 0.446069 0.504557 0.446984 0.504557 0.447898 0.503906 0.448812 0.503906 0.449726 0.503255 0.450640 0.502604 0.451554 0.502604 0.452468 0.502604 0.453382 0.503255 0.453382 0.503906 0.452468 0.504557 0.452468 0.505208 0.452468 0.505208 0.451554 0.505208 0.450640 0.505859 0.449726 0.506510 0.448812 0.506510 0.447898 0.507161 0.446984 0.507812 0.446069 0.508464 0.445155 0.509115 0.445155 0.509766 0.444241 0.509766 0.443327 0.510417 0.442413 0.510417 0.441499 0.511068 0.440585 0.511068 0.439671 0.511068 0.438757 0.510417 0.437843 0.509766 0.436929 0.510417 0.436015 0.509766 0.435101 0.509766 0.434186 0.509766 0.433272 0.510417 0.432358 0.511068 0.431444 0.510417 0.430530 0.510417 0.429616 0.511068 0.428702 0.511068 0.427788 0.511068 0.426874 0.511719 0.425960 0.512370 0.425046 0.512370 0.424132 0.513021 0.423218 0.513021 0.422303 0.513021 0.421389 0.513021 0.420475 0.513021 0.419561 0.512370 0.418647 0.511719 0.417733 0.511068 0.417733 0.510417 0.418647 0.509766 0.417733 0.509115 0.417733
0 0.491536 0.414991 0.491536 0.415905 0.492188 0.416819 0.491536 0.417733 0.492188 0.418647 0.491536 0.419561 0.492188 0.420475 0.492839 0.421389 0.492188 0.422303 0.491536 0.423218 0.490885 0.424132 0.490234 0.423218 0.489583 0.422303 0.488932 0.421389 0.488281 0.420475 0.488281 0.419561 0.487630 0.418647 0.486979 0.417733 0.486979 0.416819 0.486328 0.415905 0.485677 0.416819 0.485026 0.416819 0.484375 0.417733 0.483724 0.418647 0.483073 0.419561 0.482422 0.419561 0.481771 0.418647 0.481120 0.418647 0.480469 0.418647 0.479818 0.418647 0.479167 0.418647 0.478516 0.417733 0.477865 0.418647 0.477865 0.419561 0.478516 0.420475 0.479167 0.421389 0.479818 0.421389 0.480469 0.422303 0.481120 0.423218 0.481771 0.424132 0.482422 0.425046 0.483073 0.425046 0.483724 0.425046 0.484375 0.425046 0.485026 0.425046 0.485677 0.425960 0.486328 0.426874 0.486328 0.427788 0.486979 0.428702 0.487630 0.429616 0.487630 0.430530 0.488281 0.431444 0.488932 0.432358 0.488932 0.433272 0.489583 0.433272 0.490234 0.432358 0.490885 0.433272 0.491536 0.433272 0.492188 0.433272 0.492839 0.432358 0.493490 0.431444 0.494141 0.431444 0.494792 0.432358 0.495443 0.433272 0.495443 0.434186 0.495443 0.435101 0.495443 0.436015 0.494792 0.436929 0.494141 0.437843 0.494141 0.438757 0.494792 0.439671 0.494141 0.440585 0.494141 0.441499 0.494792 0.442413 0.494792 0.443327 0.494792 0.444241 0.495443 0.445155 0.495443 0.446069 0.496094 0.446984 0.496745 0.446984 0.497396 0.447898 0.498047 0.447898 0.498698 0.446984 0.498047 0.446069 0.498698 0.445155 0.498698 0.444241 0.498698 0.443327 0.498047 0.442413 0.498047 0.441499 0.498047 0.440585 0.497396 0.439671 0.498047 0.438757 0.498047 0.437843 0.498047 0.436929 0.498698 0.436015 0.498698 0.435101 0.498698 0.434186 0.498698 0.433272 0.498698 0.432358 0.498698 0.431444 0.498698 0.430530 0.498698 0.429616 0.498047 0.428702 0.497396 0.428702 0.496745 0.427788 0.496094 0.427788 0.495443 0.426874 0.494792 0.425960 0.494792 0.425046 0.495443 0.424132 0.494792 0.423218 0.494792 0.422303 0.495443 0.421389 0.496094 0.420475 0.495443 0.419561 0.496094 0.418647 0.496094 0.417733 0.496094 0.416819 0.496094 0.415905 0.495443 0.414991 0.494792 0.414991 0.494141 0.414991 0.493490 0.414991 0.492839 0.414991 0.492188 0.414991
0 0.884766 0.414077 0.884766 0.414991 0.884766 0.415905 0.884766 0.416819 0.884766 0.417733 0.884115 0.418647 0.884766 0.419561 0.884766 0.420475 0.884766 0.421389 0.885417 0.422303 0.886068 0.423218 0.886719 0.424132 0.886719 0.425046 0.886719 0.425960 0.886719 0.426874 0.886719 0.427788 0.886068 0.428702 0.885417 0.429616 0.884766 0.429616 0.884115 0.430530 0.883464 0.430530 0.882812 0.429616 0.882161 0.430530 0.881510 0.429616 0.880859 0.429616 0.880208 0.429616 0.879557 0.429616 0.878906 0.429616 0.878255 0.430530 0.877604 0.430530 0.876953 0.430530 0.876302 0.431444 0.875651 0.431444 0.875000 0.432358 0.874349 0.433272 0.873698 0.434186 0.873047 0.435101 0.872396 0.436015 0.871745 0.436929 0.871745 0.437843 0.871745 0.438757 0.871745 0.439671 0.871745 0.440585 0.871745 0.441499 0.871745 0.442413 0.871745 0.443327 0.871094 0.444241 0.871094 0.445155 0.870443 0.446069 0.870443 0.446984 0.869792 0.447898 0.869792 0.448812 0.870443 0.449726 0.869792 0.450640 0.870443 0.451554 0.870443 0.452468 0.870443 0.453382 0.870443 0.454296 0.871094 0.455210 0.870443 0.456124 0.870443 0.457038 0.870443 0.457952 0.870443 0.458867 0.869792 0.459781 0.870443 0.460695 0.869792 0.461609 0.870443 0.462523 0.869792 0.463437 0.869141 0.464351 0.869792 0.464351 0.870443 0.464351 0.871094 0.464351 0.870443 0.464351 0.869792 0.463437 0.870443 0.462523 0.871094 0.462523 0.871745 0.461609 0.872396 0.460695 0.873047 0.459781 0.873698 0.458867 0.874349 0.457952 0.875000 0.457038 0.875651 0.456124 0.876302 0.456124 0.876302 0.455210 0.876953 0.454296 0.876953 0.453382 0.876953 0.452468 0.877604 0.451554 0.876953 0.450640 0.877604 0.449726 0.877604 0.448812 0.877604 0.447898 0.877604 0.446984 0.877604 0.446069 0.877604 0.445155 0.877604 0.444241 0.877604 0.443327 0.877604 0.442413 0.876953 0.441499 0.877604 0.440585 0.878255 0.439671 0.878906 0.440585 0.879557 0.439671 0.880208 0.439671 0.880859 0.439671 0.881510 0.439671 0.882161 0.438757 0.882812 0.438757 0.883464 0.437843 0.884115 0.437843 0.884766 0.437843 0.885417 0.437843 0.886068 0.437843 0.886719 0.436929 0.887370 0.436929 0.888021 0.436015 0.888672 0.435101 0.889323 0.435101 0.889974 0.434186 0.890625 0.433272 0.891276 0.432358 0.891927 0.431444 0.892578 0.430530 0.893229 0.429616 0.893229 0.428702 0.893229 0.427788 0.893229 0.426874 0.893229 0.425960 0.892578 0.425046 0.892578 0.424132 0.891927 0.423218 0.891276 0.422303 0.891276 0.421389 0.890625 0.420475 0.889974 0.419561 0.889974 0.418647 0.889323 0.417733 0.889974 0.416819 0.889323 0.415905 0.888672 0.414991 0.888021 0.414077 0.887370 0.414077 0.886719 0.414077 0.886068 0.414077 0.885417 0.414077
0 0.648438 0.413163 0.647786 0.414077 0.647135 0.414991 0.646484 0.414991 0.645833 0.415905 0.645182 0.415905 0.644531 0.416819 0.643880 0.416819 0.643229 0.417733 0.642578 0.418647 0.641927 0.419561 0.641927 0.420475 0.641927 0.421389 0.641276 0.422303 0.640625 0.423218 0.639974 0.424132 0.639974 0.425046 0.639323 0.425960 0.639974 0.426874 0.639974 0.427788 0.640625 0.428702 0.640625 0.429616 0.640625 0.430530 0.640625 0.431444 0.640625 0.432358 0.640625 0.433272 0.639974 0.434186 0.639974 0.435101 0.640625 0.436015 0.641276 0.436015 0.641927 0.436015 0.642578 0.436015 0.643229 0.436929 0.643880 0.436929 0.644531 0.436929 0.645182 0.436929 0.645833 0.437843 0.646484 0.437843 0.647135 0.438757 0.647786 0.439671 0.648438 0.439671 0.649089 0.439671 0.649740 0.440585 0.650391 0.440585 0.651042 0.440585 0.651693 0.440585 0.652344 0.440585 0.652995 0.441499 0.653646 0.441499 0.654297 0.441499 0.654948 0.442413 0.655599 0.441499 0.656250 0.440585 0.656250 0.439671 0.656901 0.438757 0.656250 0.437843 0.656250 0.436929 0.655599 0.436015 0.655599 0.435101 0.654948 0.434186 0.654297 0.433272 0.654297 0.432358 0.653646 0.431444 0.654297 0.430530 0.654948 0.429616 0.655599 0.428702 0.656250 0.429616 0.656901 0.429616 0.657552 0.429616 0.658203 0.429616 0.658854 0.430530 0.658854 0.429616 0.658854 0.428702 0.658854 0.427788 0.658854 0.426874 0.658854 0.425960 0.658854 0.425046 0.658203 0.424132 0.657552 0.423218 0.656901 0.424132 0.656250 0.424132 0.655599 0.424132 0.654948 0.423218 0.654297 0.422303 0.653646 0.421389 0.652995 0.420475 0.652995 0.419561 0.652995 0.418647 0.652995 0.417733 0.652344 0.416819 0.652344 0.415905 0.651693 0.414991 0.651042 0.414077 0.650391 0.414077 0.649740 0.414077 0.649089 0.413163
0 0.098307 0.413163 0.097656 0.414077 0.097005 0.414077 0.096354 0.414991 0.095703 0.414077 0.095052 0.414991 0.094401 0.415905 0.093750 0.416819 0.093099 0.417733 0.093099 0.418647 0.092448 0.419561 0.092448 0.420475 0.092448 0.421389 0.091797 0.422303 0.091797 0.423218 0.091797 0.424132 0.091797 0.425046 0.092448 0.425960 0.092448 0.426874 0.092448 0.427788 0.092448 0.428702 0.093099 0.429616 0.092448 0.430530 0.093099 0.431444 0.093099 0.432358 0.092448 0.433272 0.092448 0.434186 0.091797 0.435101 0.091146 0.436015 0.090495 0.436015 0.089844 0.435101 0.089193 0.435101 0.088542 0.435101 0.087891 0.434186 0.087240 0.433272 0.087240 0.432358 0.086589 0.431444 0.085938 0.430530 0.085286 0.429616 0.084635 0.428702 0.083984 0.428702 0.083333 0.427788 0.082682 0.426874 0.082031 0.425960 0.081380 0.425960 0.080729 0.425046 0.080078 0.424132 0.079427 0.424132 0.078776 0.424132 0.078125 0.424132 0.077474 0.424132 0.076823 0.425046 0.076172 0.425046 0.075521 0.425960 0.074870 0.425960 0.074219 0.426874 0.073568 0.426874 0.072917 0.427788 0.072266 0.427788 0.071615 0.428702 0.070964 0.429616 0.070312 0.430530 0.070312 0.431444 0.069661 0.432358 0.069661 0.433272 0.069661 0.434186 0.070312 0.435101 0.070312 0.436015 0.069661 0.436929 0.070312 0.437843 0.070964 0.438757 0.071615 0.438757 0.072266 0.438757 0.072917 0.439671 0.073568 0.438757 0.074219 0.439671 0.074870 0.439671 0.075521 0.439671 0.076172 0.438757 0.076823 0.438757 0.077474 0.438757 0.078125 0.439671 0.078776 0.440585 0.079427 0.441499 0.080078 0.441499 0.080729 0.442413 0.081380 0.442413 0.082031 0.442413 0.082682 0.443327 0.083333 0.444241 0.083984 0.445155 0.083984 0.446069 0.083333 0.446984 0.083984 0.447898 0.083984 0.448812 0.083984 0.449726 0.084635 0.450640 0.084635 0.451554 0.084635 0.452468 0.085286 0.453382 0.085286 0.454296 0.085938 0.455210 0.086589 0.456124 0.086589 0.457038 0.086589 0.457952 0.087240 0.458867 0.087240 0.459781 0.087240 0.460695 0.087891 0.461609 0.087240 0.462523 0.086589 0.463437 0.085938 0.463437 0.085286 0.463437 0.084635 0.462523 0.083984 0.462523 0.083333 0.461609 0.082682 0.461609 0.082031 0.462523 0.081380 0.463437 0.081380 0.464351 0.081380 0.465265 0.082031 0.466179 0.082682 0.467093 0.083333 0.468007 0.083984 0.468921 0.084635 0.468921 0.085286 0.468921 0.085938 0.468921 0.086589 0.468921 0.087240 0.469835 0.087891 0.470750 0.088542 0.471664 0.089193 0.472578 0.089193 0.473492 0.089844 0.474406 0.090495 0.475320 0.090495 0.476234 0.090495 0.477148 0.090495 0.478062 0.089844 0.478976 0.089193 0.479890 0.088542 0.480804 0.087891 0.481718 0.088542 0.482633 0.087891 0.483547 0.088542 0.484461 0.089193 0.485375 0.089193 0.486289 0.089193 0.487203 0.089844 0.488117 0.089193 0.489031 0.089844 0.489031 0.090495 0.489945 0.091146 0.490859 0.091146 0.491773 0.091797 0.492687 0.091797 0.493601 0.092448 0.494516 0.091797 0.495430 0.091797 0.496344 0.091146 0.497258 0.090495 0.498172 0.089844 0.499086 0.089193 0.499086 0.088542 0.499086 0.087891 0.498172 0.087240 0.497258 0.087240 0.496344 0.086589 0.495430 0.085938 0.494516 0.085286 0.493601 0.084635 0.492687 0.083984 0.491773 0.083333 0.491773 0.082682 0.490859 0.082031 0.490859 0.081380 0.490859 0.080729 0.489945 0.080078 0.490859 0.079427 0.491773 0.078776 0.491773 0.078776 0.492687 0.078125 0.493601 0.078125 0.494516 0.078125 0.495430 0.078125 0.496344 0.078776 0.497258 0.079427 0.498172 0.080078 0.499086 0.080729 0.499086 0.081380 0.499086 0.082031 0.499086 0.082682 0.500000 0.083333 0.500000 0.083984 0.500000 0.084635 0.500000 0.085286 0.500914 0.085938 0.501828 0.086589 0.500914 0.087240 0.500914 0.087891 0.501828 0.088542 0.502742 0.089193 0.502742 0.089844 0.503656 0.090495 0.504570 0.089844 0.505484 0.089193 0.506399 0.089193 0.507313 0.089193 0.508227 0.089844 0.507313 0.090495 0.507313 0.091146 0.508227 0.091797 0.508227 0.092448 0.509141 0.093099 0.510055 0.093099 0.510969 0.093750 0.511883 0.093750 0.512797 0.094401 0.513711 0.094401 0.514625 0.094401 0.515539 0.095052 0.516453 0.095052 0.517367 0.095052 0.518282 0.094401 0.519196 0.094401 0.520110 0.094401 0.521024 0.093750 0.521938 0.093099 0.522852 0.092448 0.523766 0.091797 0.524680 0.091146 0.525594 0.091146 0.526508 0.091146 0.527422 0.091797 0.528336 0.092448 0.528336 0.093099 0.529250 0.093750 0.530165 0.093750 0.531079 0.093750 0.531993 0.093099 0.532907 0.093750 0.533821 0.093750 0.534735 0.093099 0.535649 0.092448 0.536563 0.091797 0.536563 0.091146 0.536563 0.090495 0.536563 0.089844 0.536563 0.089193 0.536563 0.088542 0.536563 0.087891 0.536563 0.087240 0.536563 0.086589 0.536563 0.085938 0.536563 0.085938 0.537477 0.085938 0.538391 0.086589 0.538391 0.087240 0.539305 0.087891 0.540219 0.088542 0.539305 0.089193 0.540219 0.089844 0.541133 0.090495 0.541133 0.091146 0.540219 0.091797 0.540219 0.092448 0.539305 0.093099 0.539305 0.093750 0.538391 0.094401 0.537477 0.095052 0.537477 0.095703 0.538391 0.096354 0.539305 0.097005 0.540219 0.097656 0.541133 0.097656 0.542048 0.098307 0.542962 0.098307 0.543876 0.098307 0.544790 0.098307 0.545704 0.097656 0.546618 0.097656 0.547532 0.097005 0.548446 0.096354 0.549360 0.095703 0.550274 0.095052 0.550274 0.094401 0.550274 0.093750 0.550274 0.093750 0.551188 0.093750 0.552102 0.093750 0.553016 0.094401 0.553016 0.095052 0.553931 0.095703 0.554845 0.096354 0.555759 0.097005 0.556673 0.097656 0.557587 0.097656 0.558501 0.098307 0.559415 0.097656 0.560329 0.098307 0.561243 0.098307 0.562157 0.098958 0.562157 0.099609 0.562157 0.100260 0.562157 0.100911 0.562157 0.101562 0.563071 0.102214 0.563071 0.102865 0.563985 0.103516 0.564899 0.103516 0.565814 0.104167 0.566728 0.103516 0.567642 0.103516 0.568556 0.102865 0.569470 0.102214 0.570384 0.101562 0.571298 0.100911 0.572212 0.100260 0.573126 0.100260 0.574040 0.100260 0.574954 0.100911 0.575868 0.100911 0.576782 0.101562 0.576782 0.102214 0.577697 0.102865 0.577697 0.103516 0.578611 0.104167 0.579525 0.104818 0.580439 0.104818 0.581353 0.105469 0.582267 0.105469 0.583181 0.104818 0.584095 0.104167 0.585009 0.103516 0.585923 0.103516 0.586837 0.102865 0.587751 0.102865 0.588665 0.102865 0.589580 0.102865 0.590494 0.102865 0.591408 0.102865 0.592322 0.102865 0.593236 0.102865 0.594150 0.103516 0.595064 0.103516 0.595978 0.102865 0.596892 0.103516 0.597806 0.104167 0.598720 0.104167 0.599634 0.104818 0.600548 0.105469 0.601463 0.106120 0.602377 0.106771 0.602377 0.107422 0.603291 0.108073 0.602377 0.108724 0.602377 0.109375 0.602377 0.110026 0.603291 0.110677 0.604205 0.111328 0.604205 0.111979 0.604205 0.112630 0.604205 0.113281 0.604205 0.113932 0.603291 0.114583 0.603291 0.115234 0.603291 0.115885 0.603291 0.116536 0.602377 0.117188 0.601463 0.117839 0.601463 0.118490 0.600548 0.119141 0.599634 0.119792 0.599634 0.120443 0.599634 0.120443 0.598720 0.121094 0.597806 0.121094 0.596892 0.121745 0.595978 0.121745 0.595064 0.122396 0.594150 0.123047 0.593236 0.123698 0.592322 0.123698 0.591408 0.124349 0.590494 0.125000 0.589580 0.125000 0.588665 0.125000 0.587751 0.125651 0.586837 0.126302 0.585923 0.126302 0.585009 0.126302 0.584095 0.126953 0.583181 0.127604 0.582267 0.128255 0.581353 0.128906 0.580439 0.129557 0.579525 0.130208 0.579525 0.130859 0.578611 0.131510 0.577697 0.131510 0.576782 0.131510 0.575868 0.131510 0.574954 0.131510 0.574040 0.130859 0.573126 0.130208 0.573126 0.129557 0.573126 0.128906 0.574040 0.128255 0.574040 0.127604 0.574954 0.126953 0.575868 0.126302 0.576782 0.125651 0.577697 0.125000 0.578611 0.125000 0.579525 0.124349 0.580439 0.123698 0.581353 0.123047 0.580439 0.122396 0.581353 0.121745 0.582267 0.121094 0.583181 0.120443 0.583181 0.119792 0.584095 0.119141 0.584095 0.118490 0.585009 0.117839 0.585009 0.117188 0.585923 0.116536 0.585009 0.115885 0.584095 0.115234 0.585009 0.114583 0.585009 0.113932 0.585923 0.113932 0.586837 0.113281 0.587751 0.113281 0.588665 0.112630 0.589580 0.111979 0.590494 0.111328 0.590494 0.110677 0.589580 0.110026 0.588665 0.109375 0.587751 0.108724 0.586837 0.108724 0.585923 0.108724 0.585009 0.108073 0.584095 0.108073 0.583181 0.108724 0.582267 0.108073 0.581353 0.108073 0.580439 0.108073 0.579525 0.108073 0.578611 0.108073 0.577697 0.108073 0.576782 0.108073 0.575868 0.108073 0.574954 0.108073 0.574040 0.108073 0.573126 0.108073 0.572212 0.108073 0.571298 0.107422 0.570384 0.107422 0.569470 0.107422 0.568556 0.107422 0.567642 0.107422 0.566728 0.107422 0.565814 0.107422 0.564899 0.107422 0.563985 0.106771 0.563071 0.107422 0.562157 0.107422 0.561243 0.106771 0.560329 0.106120 0.559415 0.105469 0.559415 0.104818 0.558501 0.104167 0.557587 0.103516 0.556673 0.103516 0.555759 0.104167 0.554845 0.104167 0.553931 0.104818 0.553016 0.104167 0.552102 0.104167 0.551188 0.104167 0.550274 0.104167 0.549360 0.104167 0.548446 0.104167 0.547532 0.104167 0.546618 0.103516 0.545704 0.104167 0.544790 0.104167 0.543876 0.103516 0.542962 0.103516 0.542048 0.104167 0.541133 0.103516 0.540219 0.104167 0.539305 0.104167 0.538391 0.103516 0.537477 0.103516 0.536563 0.104167 0.535649 0.104167 0.534735 0.103516 0.533821 0.102865 0.532907 0.102214 0.531993 0.101562 0.531079 0.101562 0.530165 0.101562 0.529250 0.100911 0.528336 0.100911 0.527422 0.100911 0.526508 0.100260 0.525594 0.100260 0.524680 0.100260 0.523766 0.100260 0.522852 0.100260 0.521938 0.100911 0.521024 0.100260 0.520110 0.100260 0.519196 0.100911 0.518282 0.100911 0.517367 0.100911 0.516453 0.101562 0.515539 0.100911 0.514625 0.101562 0.513711 0.100911 0.512797 0.100260 0.511883 0.099609 0.510969 0.099609 0.510055 0.098958 0.509141 0.098958 0.508227 0.098958 0.507313 0.098958 0.506399 0.099609 0.505484 0.100260 0.504570 0.100911 0.504570 0.101562 0.504570 0.102214 0.503656 0.102865 0.503656 0.103516 0.502742 0.103516 0.501828 0.104167 0.500914 0.103516 0.500000 0.103516 0.499086 0.102865 0.499086 0.102214 0.499086 0.101562 0.500000 0.100911 0.499086 0.100260 0.500000 0.099609 0.499086 0.098958 0.498172 0.098307 0.497258 0.098307 0.496344 0.098307 0.495430 0.098958 0.494516 0.099609 0.493601 0.099609 0.492687 0.098958 0.491773 0.098307 0.490859 0.097656 0.489945 0.097005 0.489031 0.097005 0.488117 0.096354 0.487203 0.097005 0.486289 0.097656 0.485375 0.098307 0.485375 0.098958 0.484461 0.099609 0.483547 0.100260 0.482633 0.100911 0.481718 0.101562 0.480804 0.102214 0.480804 0.102865 0.479890 0.103516 0.479890 0.104167 0.479890 0.104818 0.478976 0.105469 0.478976 0.106120 0.478976 0.106771 0.478976 0.107422 0.478976 0.108073 0.478062 0.108073 0.477148 0.108724 0.476234 0.108073 0.475320 0.108073 0.474406 0.107422 0.473492 0.106771 0.473492 0.106120 0.472578 0.105469 0.473492 0.104818 0.473492 0.104167 0.473492 0.103516 0.474406 0.102865 0.475320 0.102214 0.474406 0.102214 0.475320 0.101562 0.476234 0.100911 0.477148 0.100260 0.477148 0.099609 0.477148 0.098958 0.478062 0.098307 0.478062 0.097656 0.478062 0.097005 0.477148 0.096354 0.476234 0.096354 0.475320 0.097005 0.474406 0.097656 0.473492 0.098307 0.472578 0.098958 0.471664 0.099609 0.470750 0.100260 0.469835 0.100911 0.468921 0.101562 0.468921 0.102214 0.468007 0.102865 0.467093 0.103516 0.466179 0.104167 0.465265 0.104167 0.464351 0.104818 0.463437 0.104818 0.462523 0.105469 0.461609 0.105469 0.460695 0.105469 0.459781 0.105469 0.458867 0.104818 0.457952 0.104167 0.457952 0.103516 0.457952 0.102865 0.457952 0.102214 0.458867 0.101562 0.458867 0.100911 0.459781 0.100911 0.460695 0.100260 0.461609 0.100260 0.462523 0.099609 0.463437 0.098958 0.464351 0.098307 0.464351 0.097656 0.464351 0.097005 0.464351 0.096354 0.463437 0.095703 0.462523 0.095703 0.461609 0.095052 0.460695 0.095703 0.459781 0.096354 0.458867 0.096354 0.457952 0.097005 0.457038 0.097656 0.456124 0.098307 0.455210 0.098307 0.454296 0.098307 0.453382 0.097656 0.452468 0.097656 0.451554 0.097005 0.451554 0.096354 0.450640 0.095703 0.449726 0.095052 0.448812 0.095052 0.447898 0.095703 0.446984 0.096354 0.446069 0.097005 0.445155 0.097656 0.444241 0.098307 0.443327 0.098958 0.442413 0.099609 0.441499 0.100260 0.440585 0.100911 0.439671 0.101562 0.439671 0.102214 0.439671 0.102865 0.440585 0.103516 0.439671 0.104167 0.440585 0.104818 0.440585 0.105469 0.440585 0.106120 0.439671 0.106771 0.439671 0.107422 0.439671 0.108073 0.438757 0.108073 0.437843 0.108724 0.436929 0.109375 0.436015 0.110026 0.435101 0.109375 0.434186 0.109375 0.433272 0.110026 0.432358 0.109375 0.431444 0.109375 0.430530 0.108724 0.429616 0.108073 0.429616 0.107422 0.428702 0.106771 0.428702 0.106120 0.427788 0.105469 0.427788 0.104818 0.427788 0.104167 0.427788 0.103516 0.427788 0.102865 0.426874 0.102214 0.425960 0.102214 0.425046 0.102214 0.424132 0.102865 0.423218 0.102865 0.422303 0.102865 0.421389 0.102865 0.420475 0.102865 0.419561 0.102865 0.418647 0.102865 0.417733 0.102214 0.416819 0.102214 0.415905 0.101562 0.414991 0.100911 0.414077 0.100260 0.414077 0.099609 0.414077 0.098958 0.413163
0 0.524089 0.408592 0.523438 0.409506 0.522786 0.409506 0.522135 0.410420 0.521484 0.411335 0.520833 0.412249 0.520182 0.413163 0.519531 0.414077 0.518880 0.414077 0.518880 0.414991 0.518229 0.415905 0.518229 0.416819 0.517578 0.417733 0.517578 0.418647 0.516927 0.419561 0.517578 0.420475 0.517578 0.421389 0.518229 0.421389 0.518880 0.422303 0.519531 0.423218 0.520182 0.423218 0.520833 0.423218 0.521484 0.422303 0.522135 0.422303 0.522786 0.421389 0.523438 0.420475 0.524089 0.420475 0.524740 0.419561 0.525391 0.419561 0.526042 0.418647 0.526693 0.417733 0.526693 0.416819 0.526693 0.415905 0.527344 0.414991 0.527344 0.414077 0.527995 0.413163 0.527344 0.412249 0.527344 0.411335 0.526693 0.410420 0.526042 0.410420 0.525391 0.409506 0.524740 0.409506
0 0.329427 0.408592 0.328776 0.409506 0.328125 0.409506 0.327474 0.409506 0.326823 0.409506 0.326172 0.410420 0.325521 0.411335 0.324870 0.411335 0.324870 0.412249 0.324219 0.413163 0.324219 0.414077 0.323568 0.414991 0.323568 0.415905 0.323568 0.416819 0.323568 0.417733 0.323568 0.418647 0.324219 0.419561 0.324219 0.420475 0.324219 0.421389 0.324870 0.422303 0.325521 0.423218 0.325521 0.424132 0.326172 0.425046 0.326823 0.425960 0.327474 0.426874 0.327474 0.427788 0.326823 0.428702 0.327474 0.429616 0.328125 0.429616 0.328776 0.430530 0.329427 0.431444 0.330078 0.432358 0.330729 0.433272 0.331380 0.434186 0.332031 0.435101 0.332682 0.436015 0.333333 0.436929 0.333984 0.436929 0.333984 0.436015 0.334635 0.435101 0.333984 0.434186 0.334635 0.433272 0.333984 0.432358 0.334635 0.431444 0.333984 0.430530 0.334635 0.429616 0.334635 0.428702 0.334635 0.427788 0.334635 0.426874 0.334635 0.425960 0.335286 0.425046 0.335286 0.424132 0.335286 0.423218 0.335286 0.422303 0.335286 0.421389 0.334635 0.420475 0.335286 0.419561 0.334635 0.418647 0.334635 0.417733 0.333984 0.416819 0.333984 0.415905 0.333333 0.414991 0.333333 0.414077 0.332682 0.413163 0.332682 0.412249 0.332682 0.411335 0.332031 0.410420 0.331380 0.409506 0.330729 0.408592 0.330078 0.408592
0 0.352214 0.406764 0.351562 0.407678 0.350911 0.407678 0.350260 0.407678 0.349609 0.408592 0.348958 0.409506 0.348307 0.409506 0.347656 0.410420 0.347005 0.411335 0.346354 0.411335 0.345703 0.412249 0.345052 0.413163 0.344401 0.413163 0.343750 0.413163 0.343099 0.413163 0.342448 0.413163 0.341797 0.412249 0.341146 0.413163 0.340495 0.413163 0.339844 0.414077 0.339193 0.414077 0.339193 0.414991 0.339193 0.415905 0.339193 0.416819 0.339193 0.417733 0.339193 0.418647 0.339844 0.419561 0.339193 0.420475 0.339844 0.421389 0.339844 0.422303 0.339193 0.423218 0.339844 0.424132 0.340495 0.425046 0.339844 0.425960 0.339844 0.426874 0.339844 0.427788 0.340495 0.428702 0.339844 0.429616 0.339844 0.430530 0.339193 0.431444 0.339193 0.432358 0.339193 0.433272 0.338542 0.434186 0.338542 0.435101 0.338542 0.436015 0.338542 0.436929 0.338542 0.437843 0.338542 0.438757 0.337891 0.439671 0.338542 0.440585 0.338542 0.441499 0.339193 0.442413 0.339844 0.443327 0.340495 0.443327 0.341146 0.443327 0.341797 0.442413 0.342448 0.441499 0.343099 0.440585 0.343099 0.439671 0.343750 0.438757 0.344401 0.437843 0.345052 0.436929 0.345703 0.436929 0.346354 0.436929 0.346354 0.436015 0.347005 0.435101 0.347656 0.434186 0.348307 0.433272 0.348958 0.433272 0.349609 0.433272 0.350260 0.433272 0.350911 0.433272 0.351562 0.433272 0.352214 0.433272 0.352865 0.434186 0.353516 0.434186 0.354167 0.434186 0.354818 0.434186 0.354818 0.433272 0.355469 0.432358 0.356120 0.431444 0.356120 0.430530 0.356120 0.429616 0.356120 0.428702 0.356120 0.427788 0.355469 0.427788 0.354818 0.427788 0.354167 0.426874 0.353516 0.426874 0.352865 0.426874 0.352214 0.426874 0.351562 0.426874 0.350911 0.425960 0.350260 0.425046 0.350911 0.424132 0.351562 0.423218 0.352214 0.422303 0.352865 0.421389 0.353516 0.420475 0.354167 0.420475 0.354818 0.419561 0.355469 0.418647 0.356120 0.418647 0.356120 0.417733 0.356771 0.416819 0.356771 0.415905 0.357422 0.414991 0.357422 0.414077 0.357422 0.413163 0.357422 0.412249 0.357422 0.411335 0.357422 0.410420 0.356771 0.409506 0.356771 0.408592 0.356771 0.407678 0.356120 0.407678 0.355469 0.406764 0.354818 0.406764 0.354167 0.406764 0.353516 0.406764 0.352865 0.406764
0 0.692057 0.400366 0.691406 0.401280 0.690755 0.402194 0.690104 0.403108 0.690104 0.404022 0.689453 0.404936 0.689453 0.405850 0.689453 0.406764 0.688802 0.407678 0.688802 0.408592 0.689453 0.409506 0.689453 0.410420 0.689453 0.411335 0.688802 0.412249 0.688151 0.413163 0.687500 0.414077 0.686849 0.414991 0.686849 0.415905 0.686198 0.416819 0.686849 0.416819 0.687500 0.417733 0.688151 0.418647 0.688802 0.419561 0.689453 0.420475 0.688802 0.421389 0.688802 0.422303 0.689453 0.423218 0.688802 0.424132 0.688802 0.425046 0.688802 0.425960 0.688802 0.426874 0.688802 0.427788 0.688802 0.428702 0.688802 0.429616 0.689453 0.430530 0.690104 0.430530 0.690755 0.429616 0.691406 0.428702 0.692057 0.427788 0.692708 0.426874 0.692708 0.425960 0.692708 0.425046 0.693359 0.424132 0.693359 0.423218 0.694010 0.422303 0.694010 0.421389 0.694661 0.420475 0.694661 0.419561 0.694661 0.418647 0.694661 0.417733 0.695312 0.416819 0.695964 0.415905 0.695312 0.415905 0.694661 0.414991 0.694010 0.414077 0.694010 0.413163 0.694010 0.412249 0.694661 0.411335 0.694661 0.410420 0.694661 0.409506 0.694010 0.408592 0.694661 0.407678 0.694661 0.406764 0.694661 0.405850 0.694661 0.404936 0.694661 0.404022 0.695312 0.403108 0.695312 0.402194 0.694661 0.402194 0.694010 0.401280 0.693359 0.400366 0.692708 0.400366
0 0.661458 0.393967 0.660807 0.394881 0.660156 0.395795 0.659505 0.396709 0.658854 0.396709 0.658203 0.397623 0.657552 0.397623 0.656901 0.397623 0.656901 0.398537 0.656901 0.399452 0.656250 0.400366 0.655599 0.401280 0.654948 0.402194 0.654297 0.402194 0.653646 0.403108 0.652995 0.404022 0.652344 0.404022 0.652344 0.404936 0.651693 0.405850 0.652344 0.406764 0.651693 0.407678 0.652344 0.408592 0.652344 0.409506 0.652995 0.409506 0.653646 0.410420 0.654297 0.410420 0.654948 0.410420 0.655599 0.410420 0.656250 0.410420 0.656901 0.409506 0.657552 0.409506 0.657552 0.408592 0.657552 0.407678 0.658203 0.406764 0.658203 0.405850 0.658854 0.404936 0.659505 0.404022 0.660156 0.404022 0.660807 0.404936 0.661458 0.405850 0.662109 0.406764 0.661458 0.407678 0.660807 0.408592 0.661458 0.409506 0.661458 0.410420 0.661458 0.411335 0.661458 0.412249 0.662109 0.413163 0.662760 0.413163 0.663411 0.414077 0.664062 0.414991 0.664714 0.415905 0.664714 0.414991 0.664714 0.414077 0.665365 0.413163 0.664714 0.412249 0.664714 0.411335 0.664714 0.410420 0.665365 0.409506 0.666016 0.408592 0.666667 0.409506 0.667318 0.408592 0.667969 0.407678 0.668620 0.408592 0.668620 0.409506 0.669271 0.410420 0.669922 0.411335 0.669271 0.412249 0.669922 0.413163 0.669922 0.414077 0.669271 0.414991 0.668620 0.415905 0.668620 0.416819 0.668620 0.417733 0.669271 0.418647 0.668620 0.419561 0.667969 0.420475 0.667318 0.420475 0.666667 0.421389 0.666016 0.421389 0.665365 0.421389 0.665365 0.422303 0.664714 0.423218 0.664714 0.424132 0.664714 0.425046 0.664714 0.425960 0.664714 0.426874 0.665365 0.427788 0.666016 0.428702 0.666667 0.429616 0.666667 0.430530 0.666016 0.431444 0.666667 0.432358 0.666016 0.433272 0.666667 0.434186 0.667318 0.435101 0.666667 0.436015 0.666667 0.436929 0.667318 0.437843 0.667969 0.438757 0.668620 0.439671 0.668620 0.440585 0.668620 0.441499 0.669271 0.442413 0.669271 0.443327 0.668620 0.444241 0.669271 0.445155 0.669922 0.445155 0.670573 0.445155 0.670573 0.444241 0.670573 0.443327 0.671224 0.442413 0.671875 0.441499 0.672526 0.440585 0.673177 0.439671 0.673828 0.438757 0.674479 0.438757 0.674479 0.437843 0.674479 0.436929 0.673828 0.436015 0.673828 0.435101 0.673177 0.434186 0.673828 0.433272 0.673828 0.432358 0.673177 0.431444 0.673177 0.430530 0.673177 0.429616 0.673177 0.428702 0.672526 0.427788 0.671875 0.426874 0.671224 0.425960 0.671224 0.425046 0.670573 0.424132 0.670573 0.423218 0.669922 0.422303 0.669922 0.421389 0.670573 0.420475 0.671224 0.419561 0.671875 0.418647 0.672526 0.418647 0.672526 0.417733 0.672526 0.416819 0.673177 0.415905 0.673177 0.414991 0.673177 0.414077 0.673828 0.413163 0.673828 0.412249 0.673828 0.411335 0.674479 0.410420 0.675130 0.409506 0.675781 0.408592 0.676432 0.408592 0.677083 0.407678 0.677734 0.406764 0.678385 0.405850 0.679036 0.404936 0.679688 0.404022 0.680339 0.404022 0.680339 0.403108 0.680990 0.402194 0.680990 0.401280 0.680990 0.400366 0.680339 0.399452 0.679688 0.399452 0.679036 0.400366 0.678385 0.400366 0.677734 0.401280 0.677083 0.401280 0.676432 0.401280 0.675781 0.402194 0.675130 0.402194 0.674479 0.402194 0.673828 0.402194 0.673177 0.403108 0.672526 0.403108 0.672526 0.404022 0.671875 0.404936 0.671224 0.405850 0.670573 0.406764 0.669922 0.406764 0.669271 0.407678 0.668620 0.408592 0.667969 0.407678 0.667318 0.406764 0.666667 0.405850 0.666667 0.404936 0.667318 0.404022 0.667318 0.403108 0.667318 0.402194 0.667318 0.401280 0.667318 0.400366 0.667318 0.399452 0.666667 0.398537 0.666016 0.397623 0.665365 0.396709 0.664714 0.395795 0.664062 0.394881 0.663411 0.394881 0.662760 0.394881 0.662109 0.394881
0 0.703125 0.384826 0.703125 0.385740 0.702474 0.386654 0.702474 0.387569 0.701823 0.388483 0.702474 0.389397 0.702474 0.390311 0.702474 0.391225 0.703125 0.392139 0.703125 0.393053 0.703776 0.393053 0.704427 0.393967 0.705078 0.394881 0.705729 0.395795 0.705729 0.396709 0.705729 0.397623 0.705729 0.398537 0.705729 0.399452 0.706380 0.400366 0.706380 0.401280 0.707031 0.402194 0.707031 0.403108 0.707682 0.404022 0.707682 0.404936 0.707031 0.405850 0.707031 0.406764 0.707031 0.407678 0.706380 0.408592 0.705729 0.409506 0.705078 0.409506 0.704427 0.410420 0.703776 0.410420 0.703125 0.410420 0.702474 0.411335 0.703125 0.411335 0.703776 0.412249 0.704427 0.413163 0.703776 0.414077 0.704427 0.414991 0.704427 0.415905 0.704427 0.416819 0.704427 0.417733 0.704427 0.418647 0.703776 0.419561 0.703125 0.420475 0.702474 0.421389 0.701823 0.421389 0.701823 0.422303 0.701172 0.423218 0.700521 0.424132 0.699870 0.424132 0.699870 0.425046 0.699870 0.425960 0.699219 0.426874 0.699219 0.427788 0.699219 0.428702 0.698568 0.429616 0.698568 0.430530 0.697917 0.431444 0.697266 0.432358 0.697917 0.433272 0.697917 0.434186 0.698568 0.434186 0.699219 0.433272 0.699870 0.432358 0.700521 0.431444 0.701172 0.430530 0.701823 0.430530 0.702474 0.429616 0.703125 0.428702 0.703776 0.428702 0.703776 0.427788 0.704427 0.426874 0.705078 0.425960 0.705078 0.425046 0.705729 0.424132 0.706380 0.423218 0.707031 0.422303 0.707682 0.422303 0.708333 0.422303 0.708984 0.422303 0.709635 0.422303 0.710286 0.423218 0.710938 0.422303 0.711589 0.422303 0.712240 0.422303 0.712891 0.422303 0.713542 0.421389 0.714193 0.420475 0.714844 0.420475 0.715495 0.420475 0.716146 0.421389 0.716797 0.422303 0.717448 0.423218 0.716797 0.424132 0.717448 0.423218 0.718099 0.424132 0.718750 0.425046 0.718750 0.425960 0.719401 0.425960 0.720052 0.425960 0.720703 0.426874 0.721354 0.425960 0.722005 0.425960 0.722656 0.425046 0.723307 0.425046 0.723958 0.425046 0.724609 0.424132 0.723958 0.423218 0.724609 0.422303 0.724609 0.421389 0.724609 0.420475 0.724609 0.419561 0.724609 0.418647 0.725260 0.417733 0.725260 0.416819 0.725260 0.415905 0.725260 0.414991 0.725911 0.414077 0.725911 0.413163 0.726562 0.412249 0.725911 0.411335 0.725911 0.410420 0.725911 0.409506 0.726562 0.408592 0.726562 0.407678 0.727214 0.406764 0.727865 0.405850 0.727865 0.404936 0.727865 0.404022 0.727214 0.403108 0.727214 0.402194 0.726562 0.402194 0.725911 0.402194 0.725260 0.402194 0.725260 0.403108 0.724609 0.404022 0.724609 0.404936 0.724609 0.405850 0.724609 0.406764 0.725260 0.407678 0.724609 0.408592 0.723958 0.409506 0.723307 0.410420 0.722656 0.411335 0.722005 0.411335 0.721354 0.411335 0.720703 0.411335 0.720052 0.412249 0.719401 0.413163 0.718750 0.413163 0.718099 0.414077 0.717448 0.414991 0.716797 0.415905 0.716146 0.416819 0.715495 0.417733 0.714844 0.417733 0.714193 0.417733 0.713542 0.418647 0.712891 0.418647 0.712240 0.418647 0.711589 0.419561 0.710938 0.419561 0.710286 0.418647 0.709635 0.418647 0.708984 0.417733 0.708333 0.416819 0.708333 0.415905 0.708333 0.414991 0.708333 0.414077 0.708984 0.413163 0.709635 0.412249 0.710286 0.411335 0.710938 0.410420 0.711589 0.409506 0.712240 0.408592 0.711589 0.407678 0.711589 0.406764 0.712240 0.405850 0.712891 0.404936 0.713542 0.404936 0.712891 0.404022 0.712891 0.403108 0.712891 0.402194 0.712891 0.401280 0.712891 0.400366 0.713542 0.399452 0.713542 0.398537 0.713542 0.397623 0.713542 0.396709 0.714193 0.395795 0.714844 0.394881 0.715495 0.394881 0.714844 0.393967 0.714844 0.393053 0.714193 0.392139 0.714193 0.391225 0.714193 0.390311 0.713542 0.389397 0.713542 0.388483 0.712891 0.388483 0.712240 0.388483 0.711589 0.388483 0.710938 0.389397 0.710286 0.390311 0.709635 0.391225 0.708984 0.391225 0.708333 0.390311 0.707682 0.389397 0.707031 0.388483 0.707031 0.387569 0.706380 0.386654 0.705729 0.385740 0.705078 0.384826 0.704427 0.384826 0.703776 0.384826
0 0.492839 0.380256 0.492188 0.381170 0.491536 0.381170 0.490885 0.381170 0.490885 0.382084 0.490234 0.382998 0.490234 0.383912 0.490885 0.384826 0.490234 0.385740 0.490234 0.386654 0.490885 0.387569 0.490885 0.388483 0.490234 0.389397 0.490885 0.390311 0.491536 0.391225 0.491536 0.392139 0.491536 0.393053 0.491536 0.393967 0.492188 0.394881 0.492839 0.395795 0.493490 0.396709 0.494141 0.397623 0.494792 0.398537 0.495443 0.398537 0.496094 0.399452 0.496745 0.399452 0.497396 0.400366 0.498047 0.401280 0.497396 0.402194 0.498047 0.403108 0.498698 0.404022 0.499349 0.404936 0.499349 0.405850 0.500000 0.406764 0.500651 0.407678 0.501302 0.408592 0.501302 0.409506 0.501953 0.410420 0.502604 0.411335 0.502604 0.412249 0.503255 0.412249 0.503906 0.412249 0.504557 0.412249 0.505208 0.412249 0.505859 0.412249 0.506510 0.412249 0.507161 0.412249 0.507812 0.411335 0.508464 0.410420 0.509115 0.410420 0.509766 0.409506 0.510417 0.408592 0.511068 0.407678 0.511719 0.407678 0.512370 0.406764 0.513021 0.405850 0.513672 0.406764 0.514323 0.407678 0.514974 0.408592 0.514974 0.409506 0.514323 0.410420 0.514974 0.411335 0.515625 0.411335 0.516276 0.412249 0.516927 0.411335 0.517578 0.410420 0.518229 0.410420 0.518229 0.409506 0.518880 0.408592 0.519531 0.407678 0.520182 0.406764 0.520833 0.405850 0.520182 0.404936 0.519531 0.404022 0.520182 0.403108 0.519531 0.402194 0.519531 0.401280 0.519531 0.400366 0.518880 0.399452 0.518880 0.398537 0.518229 0.398537 0.517578 0.398537 0.516927 0.398537 0.516276 0.397623 0.515625 0.397623 0.514974 0.396709 0.514323 0.397623 0.513672 0.397623 0.513021 0.396709 0.512370 0.396709 0.511719 0.397623 0.511068 0.398537 0.510417 0.399452 0.509766 0.400366 0.509115 0.399452 0.508464 0.400366 0.507812 0.399452 0.507161 0.398537 0.506510 0.397623 0.505859 0.397623 0.505208 0.396709 0.504557 0.397623 0.503906 0.397623 0.503255 0.397623 0.502604 0.397623 0.501953 0.397623 0.501302 0.397623 0.500651 0.396709 0.500000 0.395795 0.499349 0.394881 0.498698 0.393967 0.498698 0.393053 0.498698 0.392139 0.498698 0.391225 0.498698 0.390311 0.498698 0.389397 0.498047 0.388483 0.498047 0.387569 0.497396 0.386654 0.497396 0.385740 0.497396 0.384826 0.497396 0.383912 0.496745 0.382998 0.496094 0.382084 0.495443 0.381170 0.494792 0.381170 0.494141 0.381170 0.493490 0.381170
0 0.720052 0.370201 0.719401 0.371115 0.718750 0.372029 0.718099 0.372029 0.717448 0.372943 0.716797 0.373857 0.716146 0.374771 0.715495 0.374771 0.714844 0.375686 0.714193 0.376600 0.713542 0.377514 0.712891 0.376600 0.712240 0.377514 0.711589 0.377514 0.710938 0.376600 0.710286 0.376600 0.709635 0.376600 0.708984 0.376600 0.708333 0.375686 0.707682 0.375686 0.707682 0.376600 0.707682 0.377514 0.707682 0.378428 0.707682 0.379342 0.707682 0.380256 0.707031 0.381170 0.707682 0.382084 0.708333 0.382998 0.708984 0.383912 0.709635 0.383912 0.710286 0.382998 0.710938 0.382998 0.711589 0.382084 0.712240 0.381170 0.712891 0.380256 0.713542 0.379342 0.714193 0.378428 0.714844 0.377514 0.715495 0.378428 0.716146 0.377514 0.716797 0.377514 0.717448 0.376600 0.718099 0.375686 0.718750 0.374771 0.719401 0.373857 0.720052 0.373857 0.720052 0.372943 0.720703 0.372029 0.720703 0.371115
0 0.888021 0.369287 0.887370 0.370201 0.886719 0.371115 0.886068 0.370201 0.885417 0.371115 0.884766 0.372029 0.884115 0.372029 0.883464 0.372943 0.882812 0.373857 0.882161 0.374771 0.882161 0.375686 0.882161 0.376600 0.881510 0.377514 0.881510 0.378428 0.881510 0.379342 0.880859 0.380256 0.880208 0.381170 0.879557 0.382084 0.878906 0.382998 0.878255 0.382084 0.877604 0.381170 0.877604 0.380256 0.877604 0.379342 0.876953 0.378428 0.876953 0.377514 0.876953 0.376600 0.876953 0.375686 0.876953 0.374771 0.876953 0.373857 0.876302 0.372943 0.875651 0.372029 0.875000 0.372029 0.874349 0.372029 0.873698 0.372029 0.873047 0.372943 0.872396 0.373857 0.871745 0.372943 0.871094 0.373857 0.870443 0.374771 0.869792 0.375686 0.869141 0.376600 0.868490 0.376600 0.867839 0.375686 0.867188 0.375686 0.866536 0.375686 0.865885 0.376600 0.865234 0.375686 0.865234 0.376600 0.864583 0.377514 0.863932 0.378428 0.863281 0.378428 0.863281 0.379342 0.862630 0.380256 0.862630 0.381170 0.862630 0.382084 0.862630 0.382998 0.862630 0.383912 0.862630 0.384826 0.863281 0.385740 0.863932 0.386654 0.863932 0.387569 0.863932 0.388483 0.864583 0.389397 0.864583 0.390311 0.863932 0.391225 0.863281 0.392139 0.862630 0.393053 0.861979 0.393053 0.861328 0.393967 0.861328 0.394881 0.861328 0.395795 0.860677 0.396709 0.860677 0.397623 0.860677 0.398537 0.861328 0.399452 0.861328 0.400366 0.861979 0.400366 0.862630 0.401280 0.863281 0.402194 0.863932 0.402194 0.864583 0.403108 0.865234 0.403108 0.865885 0.404022 0.866536 0.404936 0.866536 0.405850 0.865885 0.406764 0.865234 0.407678 0.864583 0.408592 0.863932 0.408592 0.863281 0.409506 0.863281 0.410420 0.862630 0.411335 0.861979 0.412249 0.862630 0.413163 0.861979 0.414077 0.861979 0.414991 0.861979 0.415905 0.862630 0.415905 0.863281 0.416819 0.863932 0.416819 0.864583 0.416819 0.865234 0.415905 0.865885 0.415905 0.866536 0.415905 0.867188 0.416819 0.867839 0.415905 0.868490 0.416819 0.869141 0.416819 0.869792 0.416819 0.869792 0.415905 0.870443 0.414991 0.870443 0.414077 0.870443 0.413163 0.870443 0.412249 0.871094 0.411335 0.871094 0.410420 0.870443 0.409506 0.870443 0.408592 0.869792 0.407678 0.869141 0.406764 0.869141 0.405850 0.868490 0.404936 0.868490 0.404022 0.868490 0.403108 0.868490 0.402194 0.868490 0.401280 0.867839 0.400366 0.867839 0.399452 0.867839 0.398537 0.867839 0.397623 0.867188 0.396709 0.867188 0.395795 0.867188 0.394881 0.867188 0.393967 0.867839 0.393053 0.868490 0.392139 0.869141 0.393053 0.869792 0.393967 0.870443 0.394881 0.871094 0.395795 0.871745 0.395795 0.872396 0.396709 0.873047 0.396709 0.872396 0.395795 0.873047 0.394881 0.873047 0.393967 0.873047 0.393053 0.873047 0.392139 0.873698 0.391225 0.873698 0.390311 0.874349 0.389397 0.875000 0.388483 0.875651 0.387569 0.876302 0.386654 0.876953 0.385740 0.877604 0.385740 0.878255 0.385740 0.878906 0.385740 0.879557 0.386654 0.880208 0.387569 0.880859 0.388483 0.881510 0.388483 0.882161 0.389397 0.882812 0.390311 0.883464 0.390311 0.884115 0.391225 0.884766 0.391225 0.885417 0.390311 0.886068 0.389397 0.886719 0.388483 0.886719 0.387569 0.887370 0.386654 0.888021 0.385740 0.888672 0.384826 0.889323 0.383912 0.889974 0.382998 0.890625 0.383912 0.891276 0.384826 0.891276 0.385740 0.891276 0.386654 0.891276 0.387569 0.891276 0.388483 0.890625 0.389397 0.890625 0.390311 0.890625 0.391225 0.890625 0.392139 0.891276 0.393053 0.890625 0.393967 0.891276 0.394881 0.891276 0.395795 0.890625 0.396709 0.890625 0.397623 0.890625 0.398537 0.889974 0.399452 0.889974 0.400366 0.889323 0.401280 0.888672 0.402194 0.888021 0.403108 0.887370 0.404022 0.888021 0.404936 0.887370 0.405850 0.887370 0.406764 0.888021 0.406764 0.888672 0.407678 0.889323 0.407678 0.889974 0.407678 0.890625 0.407678 0.891276 0.407678 0.891927 0.406764 0.892578 0.406764 0.893229 0.405850 0.893880 0.405850 0.894531 0.405850 0.895182 0.404936 0.895833 0.404022 0.896484 0.404022 0.897135 0.404022 0.897786 0.403108 0.897786 0.402194 0.898438 0.401280 0.898438 0.400366 0.897786 0.399452 0.897786 0.398537 0.897135 0.397623 0.897135 0.396709 0.896484 0.395795 0.895833 0.394881 0.895833 0.393967 0.896484 0.393053 0.897135 0.392139 0.897786 0.391225 0.898438 0.391225 0.899089 0.390311 0.899740 0.390311 0.900391 0.389397 0.901042 0.388483 0.901042 0.387569 0.901693 0.386654 0.901693 0.385740 0.901693 0.384826 0.901693 0.383912 0.901042 0.382998 0.901693 0.382084 0.901693 0.381170 0.901042 0.380256 0.900391 0.380256 0.899740 0.380256 0.899089 0.380256 0.898438 0.380256 0.897786 0.380256 0.897135 0.380256 0.896484 0.381170 0.895833 0.382084 0.895182 0.382084 0.894531 0.382084 0.893880 0.381170 0.893229 0.380256 0.893229 0.379342 0.892578 0.378428 0.893229 0.377514 0.893229 0.376600 0.893229 0.375686 0.893229 0.374771 0.893229 0.373857 0.892578 0.372943 0.891927 0.372029 0.892578 0.371115 0.891927 0.370201 0.891276 0.370201 0.890625 0.369287 0.889974 0.369287 0.889323 0.369287 0.888672 0.369287
0 0.466797 0.359232 0.466146 0.360146 0.465495 0.360146 0.464844 0.360146 0.464193 0.361060 0.463542 0.361060 0.462891 0.361974 0.462240 0.362888 0.461589 0.363803 0.460938 0.363803 0.460286 0.364717 0.459635 0.365631 0.458984 0.365631 0.458333 0.366545 0.457682 0.367459 0.457031 0.368373 0.456380 0.369287 0.456380 0.370201 0.456380 0.371115 0.456380 0.372029 0.456380 0.372943 0.456380 0.373857 0.456380 0.374771 0.456380 0.375686 0.456380 0.376600 0.456380 0.377514 0.456380 0.378428 0.457031 0.379342 0.457031 0.380256 0.457682 0.381170 0.458333 0.381170 0.458984 0.382084 0.459635 0.382998 0.460286 0.383912 0.460938 0.384826 0.460286 0.385740 0.460938 0.386654 0.461589 0.387569 0.462240 0.388483 0.462240 0.389397 0.462240 0.390311 0.462240 0.391225 0.461589 0.392139 0.460938 0.393053 0.460286 0.393967 0.459635 0.393967 0.458984 0.394881 0.459635 0.395795 0.459635 0.396709 0.458984 0.397623 0.459635 0.398537 0.460286 0.399452 0.460286 0.400366 0.460938 0.401280 0.460286 0.402194 0.460938 0.403108 0.460286 0.404022 0.460286 0.404936 0.460286 0.405850 0.460938 0.406764 0.461589 0.407678 0.462240 0.407678 0.462891 0.406764 0.463542 0.406764 0.464193 0.405850 0.464844 0.405850 0.465495 0.404936 0.466146 0.404022 0.466797 0.404936 0.467448 0.404936 0.468099 0.405850 0.468750 0.406764 0.468750 0.407678 0.468750 0.408592 0.468750 0.409506 0.468750 0.410420 0.468750 0.411335 0.469401 0.412249 0.469401 0.413163 0.469401 0.414077 0.470052 0.414991 0.470052 0.415905 0.470703 0.416819 0.471354 0.415905 0.472005 0.415905 0.472656 0.414991 0.473307 0.414077 0.473958 0.413163 0.474609 0.412249 0.475260 0.412249 0.475911 0.411335 0.476562 0.411335 0.477214 0.411335 0.477865 0.411335 0.478516 0.411335 0.479167 0.410420 0.479818 0.411335 0.480469 0.410420 0.481120 0.410420 0.481771 0.410420 0.482422 0.409506 0.483073 0.410420 0.483724 0.410420 0.484375 0.409506 0.485026 0.409506 0.485677 0.408592 0.486328 0.407678 0.486979 0.407678 0.487630 0.406764 0.488281 0.406764 0.488932 0.405850 0.489583 0.405850 0.488932 0.404936 0.488281 0.404936 0.487630 0.404022 0.486979 0.403108 0.486979 0.402194 0.487630 0.401280 0.488281 0.400366 0.488281 0.399452 0.488281 0.398537 0.488281 0.397623 0.487630 0.396709 0.486979 0.395795 0.486979 0.394881 0.486328 0.394881 0.485677 0.393967 0.485026 0.393053 0.484375 0.392139 0.483724 0.391225 0.483073 0.391225 0.482422 0.392139 0.482422 0.393053 0.483073 0.393967 0.483073 0.394881 0.483073 0.395795 0.483073 0.396709 0.483073 0.397623 0.483073 0.398537 0.483724 0.399452 0.483724 0.400366 0.483724 0.401280 0.483724 0.402194 0.483724 0.403108 0.483724 0.404022 0.483724 0.404936 0.483073 0.405850 0.482422 0.406764 0.481771 0.405850 0.481120 0.405850 0.480469 0.404936 0.479818 0.404022 0.479818 0.403108 0.479167 0.402194 0.478516 0.402194 0.477865 0.401280 0.477214 0.401280 0.476562 0.401280 0.475911 0.402194 0.475260 0.403108 0.474609 0.403108 0.473958 0.402194 0.473307 0.402194 0.472656 0.401280 0.472005 0.400366 0.471354 0.399452 0.470703 0.398537 0.470052 0.397623 0.469401 0.396709 0.468750 0.396709 0.468099 0.395795 0.467448 0.394881 0.466797 0.394881 0.466146 0.394881 0.465495 0.394881 0.464844 0.393967 0.464193 0.393053 0.463542 0.392139 0.463542 0.391225 0.464193 0.390311 0.464844 0.389397 0.465495 0.388483 0.466146 0.387569 0.466797 0.387569 0.466146 0.386654 0.466797 0.385740 0.466146 0.384826 0.466146 0.383912 0.466146 0.382998 0.466146 0.382084 0.466797 0.381170 0.467448 0.380256 0.468099 0.379342 0.468750 0.380256 0.469401 0.381170 0.470052 0.382084 0.470703 0.382998 0.470703 0.383912 0.471354 0.384826 0.471354 0.385740 0.471354 0.386654 0.472005 0.387569 0.472656 0.388483 0.473307 0.389397 0.473958 0.389397 0.474609 0.390311 0.475260 0.391225 0.475260 0.392139 0.475911 0.391225 0.476562 0.391225 0.477214 0.390311 0.477214 0.389397 0.477865 0.388483 0.478516 0.387569 0.479167 0.386654 0.479818 0.385740 0.479818 0.384826 0.479818 0.383912 0.480469 0.382998 0.480469 0.382084 0.480469 0.381170 0.480469 0.380256 0.480469 0.379342 0.479818 0.378428 0.479167 0.378428 0.478516 0.378428 0.477865 0.378428 0.477214 0.377514 0.476562 0.377514 0.475911 0.376600 0.475260 0.375686 0.475260 0.374771 0.474609 0.373857 0.474609 0.372943 0.473958 0.372029 0.473958 0.371115 0.474609 0.370201 0.473958 0.369287 0.473307 0.368373 0.473307 0.367459 0.472656 0.366545 0.472656 0.365631 0.472656 0.364717 0.472656 0.363803 0.472005 0.362888 0.472005 0.361974 0.471354 0.361060 0.470703 0.361060 0.470052 0.361060 0.469401 0.361060 0.468750 0.360146 0.468099 0.359232 0.467448 0.359232
0 0.739583 0.357404 0.738932 0.358318 0.738281 0.358318 0.737630 0.358318 0.736979 0.359232 0.736328 0.360146 0.735677 0.360146 0.735026 0.361060 0.734375 0.361060 0.733724 0.361974 0.733724 0.362888 0.733073 0.363803 0.733073 0.364717 0.733073 0.365631 0.733073 0.366545 0.732422 0.367459 0.731771 0.368373 0.731771 0.369287 0.731771 0.370201 0.731771 0.371115 0.731771 0.372029 0.731120 0.372943 0.730469 0.373857 0.729818 0.374771 0.729167 0.375686 0.728516 0.375686 0.727865 0.376600 0.727214 0.377514 0.726562 0.377514 0.725911 0.378428 0.725260 0.379342 0.724609 0.379342 0.725260 0.380256 0.725260 0.381170 0.724609 0.382084 0.724609 0.382998 0.724609 0.383912 0.724609 0.384826 0.723958 0.385740 0.723958 0.386654 0.723307 0.387569 0.723307 0.388483 0.722656 0.389397 0.722005 0.390311 0.722005 0.391225 0.721354 0.392139 0.720703 0.391225 0.720052 0.390311 0.719401 0.391225 0.718750 0.391225 0.718099 0.391225 0.717448 0.392139 0.716797 0.392139 0.717448 0.393053 0.717448 0.393967 0.718099 0.393967 0.718750 0.393967 0.719401 0.393967 0.720052 0.393053 0.720052 0.392139 0.720703 0.391225 0.721354 0.392139 0.721354 0.393053 0.722005 0.393967 0.722656 0.393967 0.723307 0.393967 0.723958 0.394881 0.724609 0.393967 0.725260 0.394881 0.725911 0.395795 0.726562 0.395795 0.727214 0.396709 0.727865 0.395795 0.728516 0.395795 0.729167 0.396709 0.729818 0.395795 0.730469 0.395795 0.731120 0.396709 0.731771 0.396709 0.732422 0.396709 0.733073 0.396709 0.733724 0.397623 0.734375 0.396709 0.735026 0.396709 0.735677 0.396709 0.736328 0.395795 0.736328 0.394881 0.736328 0.393967 0.736979 0.393053 0.736328 0.392139 0.735677 0.391225 0.735677 0.390311 0.735026 0.389397 0.734375 0.388483 0.733724 0.387569 0.733724 0.386654 0.734375 0.385740 0.735026 0.384826 0.735677 0.383912 0.736328 0.382998 0.736979 0.382998 0.736979 0.382084 0.737630 0.381170 0.738281 0.380256 0.738932 0.380256 0.739583 0.380256 0.740234 0.379342 0.740885 0.378428 0.741536 0.377514 0.741536 0.376600 0.742188 0.375686 0.742188 0.374771 0.742188 0.373857 0.742188 0.372943 0.742188 0.372029 0.742188 0.371115 0.742188 0.370201 0.742188 0.369287 0.742839 0.368373 0.742188 0.367459 0.742839 0.366545 0.742188 0.365631 0.742188 0.364717 0.742188 0.363803 0.741536 0.362888 0.742188 0.361974 0.741536 0.361060 0.740885 0.360146 0.741536 0.359232 0.740885 0.358318 0.740234 0.358318
0 0.539714 0.355576 0.539062 0.356490 0.538411 0.356490 0.537760 0.356490 0.537109 0.357404 0.536458 0.358318 0.535807 0.359232 0.535807 0.360146 0.535156 0.361060 0.535156 0.361974 0.535156 0.362888 0.534505 0.363803 0.534505 0.364717 0.534505 0.365631 0.533854 0.366545 0.533203 0.367459 0.532552 0.368373 0.531901 0.369287 0.531250 0.368373 0.530599 0.367459 0.529948 0.367459 0.529297 0.366545 0.528646 0.366545 0.527995 0.367459 0.527344 0.367459 0.526693 0.366545 0.527344 0.367459 0.526693 0.368373 0.526693 0.369287 0.526693 0.370201 0.526042 0.371115 0.526693 0.372029 0.526693 0.372943 0.526693 0.373857 0.527344 0.374771 0.527344 0.375686 0.527995 0.376600 0.527344 0.377514 0.527344 0.378428 0.527344 0.379342 0.526693 0.380256 0.527344 0.381170 0.526693 0.382084 0.526693 0.382998 0.526042 0.383912 0.525391 0.384826 0.525391 0.385740 0.524740 0.386654 0.524740 0.387569 0.524089 0.388483 0.523438 0.389397 0.522786 0.390311 0.522135 0.390311 0.521484 0.391225 0.520833 0.390311 0.520182 0.389397 0.519531 0.388483 0.518880 0.387569 0.518229 0.386654 0.517578 0.386654 0.516927 0.385740 0.516276 0.384826 0.515625 0.383912 0.515625 0.382998 0.514974 0.383912 0.514323 0.384826 0.514974 0.385740 0.514323 0.386654 0.513672 0.387569 0.514323 0.388483 0.514323 0.389397 0.514323 0.390311 0.514974 0.391225 0.515625 0.392139 0.516276 0.392139 0.516927 0.392139 0.517578 0.393053 0.518229 0.393053 0.518880 0.393967 0.519531 0.394881 0.520182 0.395795 0.520182 0.396709 0.520833 0.395795 0.521484 0.396709 0.522135 0.396709 0.522786 0.396709 0.523438 0.396709 0.524089 0.395795 0.524740 0.395795 0.525391 0.394881 0.526042 0.394881 0.526693 0.394881 0.527344 0.394881 0.527995 0.395795 0.528646 0.396709 0.529297 0.395795 0.529948 0.395795 0.530599 0.396709 0.531250 0.396709 0.531901 0.396709 0.532552 0.397623 0.533203 0.398537 0.533854 0.398537 0.534505 0.397623 0.535156 0.397623 0.535807 0.396709 0.536458 0.396709 0.537109 0.395795 0.537760 0.395795 0.538411 0.394881 0.539062 0.394881 0.539714 0.394881 0.540365 0.394881 0.541016 0.394881 0.541667 0.393967 0.542318 0.393053 0.542318 0.392139 0.542969 0.391225 0.542318 0.390311 0.542318 0.389397 0.542318 0.388483 0.541667 0.388483 0.541016 0.387569 0.540365 0.388483 0.539714 0.387569 0.539062 0.387569 0.538411 0.387569 0.537760 0.387569 0.537109 0.387569 0.536458 0.386654 0.535807 0.386654 0.535156 0.386654 0.534505 0.387569 0.533854 0.388483 0.533203 0.388483 0.532552 0.389397 0.531901 0.390311 0.531250 0.390311 0.530599 0.390311 0.529948 0.390311 0.529297 0.389397 0.528646 0.390311 0.527995 0.389397 0.527344 0.388483 0.527995 0.387569 0.528646 0.386654 0.529297 0.385740 0.529948 0.384826 0.530599 0.383912 0.531250 0.382998 0.531901 0.382084 0.532552 0.382084 0.533203 0.381170 0.533854 0.380256 0.534505 0.379342 0.535156 0.378428 0.535807 0.377514 0.536458 0.377514 0.537109 0.376600 0.537760 0.375686 0.538411 0.375686 0.539062 0.375686 0.539714 0.375686 0.540365 0.375686 0.541016 0.374771 0.541667 0.374771 0.542318 0.374771 0.542969 0.373857 0.543620 0.374771 0.544271 0.373857 0.544922 0.373857 0.545573 0.372943 0.545573 0.372029 0.546224 0.371115 0.546875 0.370201 0.546875 0.369287 0.546875 0.368373 0.547526 0.367459 0.547526 0.366545 0.547526 0.365631 0.548177 0.364717 0.548177 0.363803 0.548828 0.362888 0.549479 0.361974 0.549479 0.361060 0.548828 0.360146 0.548828 0.359232 0.548177 0.358318 0.547526 0.357404 0.547526 0.356490 0.546875 0.356490 0.546224 0.356490 0.545573 0.355576 0.544922 0.356490 0.544271 0.356490 0.543620 0.357404 0.542969 0.357404 0.542318 0.357404 0.541667 0.357404 0.541016 0.356490 0.540365 0.356490
0 0.705729 0.352834 0.705078 0.353748 0.704427 0.353748 0.704427 0.354662 0.703776 0.355576 0.703125 0.356490 0.703776 0.357404 0.703125 0.358318 0.703125 0.359232 0.703125 0.360146 0.703776 0.361060 0.703776 0.361974 0.703776 0.362888 0.703776 0.363803 0.704427 0.364717 0.703776 0.365631 0.703776 0.366545 0.703125 0.367459 0.703125 0.368373 0.702474 0.369287 0.702474 0.370201 0.703125 0.371115 0.703776 0.371115 0.704427 0.372029 0.705078 0.371115 0.705729 0.371115 0.706380 0.370201 0.707031 0.369287 0.707682 0.368373 0.707682 0.367459 0.708333 0.366545 0.708984 0.365631 0.709635 0.364717 0.710286 0.363803 0.709635 0.362888 0.708984 0.361974 0.709635 0.361060 0.708984 0.360146 0.708333 0.359232 0.708984 0.358318 0.708984 0.357404 0.708333 0.356490 0.708333 0.355576 0.708333 0.354662 0.707682 0.353748 0.707031 0.353748 0.706380 0.353748
0 0.688802 0.350091 0.688151 0.351005 0.687500 0.351920 0.686849 0.352834 0.686198 0.353748 0.685547 0.354662 0.684896 0.355576 0.684896 0.356490 0.684896 0.357404 0.684245 0.358318 0.683594 0.359232 0.684245 0.360146 0.683594 0.361060 0.683594 0.361974 0.682943 0.362888 0.682292 0.363803 0.681641 0.363803 0.681641 0.364717 0.680990 0.365631 0.680990 0.366545 0.680990 0.367459 0.680339 0.368373 0.680339 0.369287 0.680339 0.370201 0.680339 0.371115 0.679688 0.372029 0.679036 0.372943 0.678385 0.373857 0.677734 0.374771 0.677734 0.375686 0.677083 0.376600 0.676432 0.377514 0.677083 0.378428 0.676432 0.379342 0.675781 0.380256 0.675781 0.381170 0.675781 0.382084 0.675130 0.382998 0.674479 0.383912 0.675130 0.384826 0.675130 0.385740 0.674479 0.386654 0.673828 0.386654 0.673177 0.385740 0.672526 0.385740 0.671875 0.386654 0.671224 0.386654 0.670573 0.385740 0.669922 0.385740 0.669271 0.384826 0.668620 0.384826 0.667969 0.383912 0.667318 0.382998 0.667318 0.382084 0.667318 0.381170 0.667318 0.380256 0.667318 0.379342 0.667318 0.378428 0.667969 0.377514 0.667969 0.376600 0.667969 0.375686 0.667318 0.374771 0.667318 0.373857 0.666667 0.373857 0.666016 0.372943 0.665365 0.372029 0.664714 0.371115 0.664062 0.370201 0.663411 0.369287 0.662760 0.368373 0.662109 0.367459 0.661458 0.366545 0.662109 0.365631 0.662109 0.364717 0.662109 0.363803 0.661458 0.362888 0.661458 0.361974 0.661458 0.361060 0.660807 0.360146 0.660807 0.359232 0.660156 0.359232 0.659505 0.358318 0.658854 0.357404 0.658203 0.358318 0.657552 0.357404 0.656901 0.358318 0.656250 0.358318 0.655599 0.358318 0.654948 0.359232 0.654297 0.359232 0.653646 0.358318 0.652995 0.358318 0.652344 0.358318 0.651693 0.358318 0.651042 0.357404 0.650391 0.357404 0.649740 0.357404 0.649089 0.356490 0.648438 0.356490 0.647786 0.356490 0.647135 0.357404 0.646484 0.358318 0.645833 0.358318 0.645182 0.359232 0.645182 0.360146 0.645182 0.361060 0.644531 0.361974 0.644531 0.362888 0.644531 0.363803 0.645182 0.364717 0.645182 0.365631 0.645182 0.366545 0.645833 0.367459 0.645833 0.368373 0.645833 0.369287 0.645833 0.370201 0.645833 0.371115 0.646484 0.372029 0.646484 0.372943 0.647135 0.372943 0.647786 0.373857 0.648438 0.373857 0.649089 0.373857 0.649740 0.373857 0.650391 0.373857 0.651042 0.373857 0.651693 0.372943 0.652344 0.372943 0.652995 0.372943 0.653646 0.372943 0.654297 0.373857 0.654948 0.374771 0.654948 0.375686 0.655599 0.376600 0.656250 0.377514 0.656901 0.377514 0.657552 0.377514 0.658203 0.376600 0.658854 0.376600 0.659505 0.375686 0.660156 0.375686 0.660807 0.376600 0.661458 0.377514 0.662109 0.378428 0.662760 0.379342 0.662109 0.380256 0.662109 0.381170 0.661458 0.382084 0.660807 0.382998 0.660156 0.383912 0.659505 0.384826 0.659505 0.385740 0.658854 0.386654 0.658203 0.387569 0.658854 0.388483 0.659505 0.389397 0.660156 0.389397 0.660807 0.390311 0.661458 0.390311 0.662109 0.390311 0.662760 0.389397 0.663411 0.389397 0.664062 0.389397 0.664714 0.389397 0.665365 0.388483 0.666016 0.388483 0.666667 0.388483 0.667318 0.388483 0.667969 0.388483 0.668620 0.389397 0.669271 0.390311 0.668620 0.391225 0.669271 0.392139 0.669922 0.393053 0.670573 0.393967 0.670573 0.394881 0.671224 0.394881 0.671875 0.395795 0.672526 0.395795 0.673177 0.395795 0.673177 0.394881 0.673828 0.393967 0.673828 0.393053 0.673828 0.392139 0.673828 0.391225 0.673828 0.390311 0.673828 0.389397 0.674479 0.388483 0.674479 0.387569 0.674479 0.386654 0.675130 0.385740 0.675781 0.384826 0.676432 0.384826 0.677083 0.383912 0.677734 0.384826 0.678385 0.383912 0.679036 0.383912 0.679036 0.382998 0.679688 0.382084 0.680339 0.381170 0.680990 0.380256 0.681641 0.379342 0.682292 0.380256 0.682943 0.381170 0.682292 0.382084 0.681641 0.382998 0.680990 0.383912 0.680990 0.384826 0.680990 0.385740 0.680339 0.386654 0.679688 0.387569 0.679688 0.388483 0.679036 0.389397 0.678385 0.390311 0.677734 0.391225 0.677083 0.392139 0.676432 0.393053 0.676432 0.393967 0.677083 0.393967 0.677734 0.393967 0.678385 0.393967 0.679036 0.393053 0.679688 0.393967 0.680339 0.393053 0.680990 0.392139 0.681641 0.392139 0.682292 0.392139 0.682943 0.392139 0.683594 0.391225 0.684245 0.391225 0.684245 0.390311 0.684896 0.389397 0.685547 0.388483 0.686198 0.387569 0.686198 0.386654 0.686198 0.385740 0.686849 0.384826 0.687500 0.383912 0.687500 0.382998 0.688151 0.382084 0.688151 0.381170 0.688802 0.380256 0.688802 0.379342 0.688802 0.378428 0.688151 0.377514 0.688151 0.376600 0.687500 0.376600 0.686849 0.377514 0.686198 0.376600 0.685547 0.377514 0.684896 0.377514 0.684245 0.377514 0.683594 0.378428 0.682943 0.377514 0.682292 0.376600 0.682943 0.375686 0.682292 0.374771 0.682943 0.373857 0.683594 0.372943 0.684245 0.372029 0.684896 0.371115 0.685547 0.370201 0.686198 0.370201 0.686849 0.369287 0.686849 0.368373 0.687500 0.367459 0.688151 0.366545 0.688802 0.366545 0.688802 0.365631 0.688802 0.364717 0.689453 0.363803 0.689453 0.362888 0.689453 0.361974 0.690104 0.361060 0.690755 0.360146 0.690755 0.359232 0.691406 0.358318 0.691406 0.357404 0.691406 0.356490 0.691406 0.355576 0.691406 0.354662 0.691406 0.353748 0.691406 0.352834 0.691406 0.351920 0.690755 0.351005 0.690104 0.351005 0.689453 0.351005
0 0.716146 0.343693 0.715495 0.344607 0.714844 0.344607 0.714193 0.344607 0.713542 0.344607 0.713542 0.345521 0.712891 0.346435 0.712240 0.347349 0.712240 0.348263 0.711589 0.349177 0.711589 0.350091 0.710938 0.351005 0.711589 0.351920 0.712240 0.352834 0.712240 0.353748 0.712891 0.354662 0.712891 0.355576 0.712891 0.356490 0.712240 0.357404 0.712891 0.358318 0.712240 0.359232 0.712240 0.360146 0.712240 0.361060 0.712240 0.361974 0.712240 0.362888 0.711589 0.363803 0.712240 0.364717 0.712240 0.365631 0.712240 0.366545 0.712891 0.367459 0.712891 0.368373 0.713542 0.368373 0.714193 0.369287 0.714844 0.368373 0.715495 0.368373 0.716146 0.368373 0.716797 0.367459 0.717448 0.367459 0.718099 0.367459 0.718750 0.367459 0.719401 0.367459 0.720052 0.366545 0.720703 0.366545 0.721354 0.366545 0.722005 0.365631 0.722656 0.364717 0.723307 0.364717 0.723958 0.363803 0.724609 0.362888 0.725260 0.361974 0.725911 0.361060 0.726562 0.360146 0.726562 0.359232 0.727214 0.358318 0.727865 0.357404 0.727865 0.356490 0.727214 0.355576 0.727214 0.354662 0.727214 0.353748 0.726562 0.352834 0.726562 0.351920 0.725911 0.351005 0.725260 0.350091 0.724609 0.350091 0.723958 0.349177 0.723307 0.349177 0.722656 0.349177 0.722005 0.348263 0.721354 0.348263 0.720703 0.348263 0.720052 0.347349 0.719401 0.346435 0.718750 0.345521 0.718750 0.344607 0.718099 0.343693 0.717448 0.344607 0.716797 0.344607
0 0.500651 0.340037 0.500000 0.340951 0.499349 0.340951 0.498698 0.340951 0.498047 0.340951 0.497396 0.341865 0.496745 0.342779 0.496094 0.342779 0.495443 0.343693 0.494792 0.344607 0.494141 0.344607 0.494141 0.345521 0.494141 0.346435 0.493490 0.347349 0.492839 0.348263 0.493490 0.349177 0.492839 0.350091 0.492839 0.351005 0.492188 0.351920 0.492188 0.352834 0.492188 0.353748 0.492188 0.354662 0.492188 0.355576 0.492839 0.356490 0.493490 0.356490 0.494141 0.357404 0.494792 0.357404 0.495443 0.358318 0.496094 0.359232 0.496745 0.360146 0.496745 0.361060 0.497396 0.361974 0.497396 0.362888 0.496745 0.363803 0.496094 0.364717 0.495443 0.365631 0.495443 0.366545 0.494792 0.367459 0.494792 0.368373 0.495443 0.369287 0.496094 0.370201 0.496094 0.371115 0.496745 0.371115 0.497396 0.372029 0.498047 0.372029 0.498698 0.371115 0.499349 0.370201 0.500000 0.370201 0.499349 0.369287 0.499349 0.368373 0.500000 0.367459 0.500651 0.366545 0.501302 0.365631 0.501953 0.365631 0.502604 0.366545 0.503255 0.366545 0.503906 0.365631 0.504557 0.366545 0.505208 0.366545 0.505859 0.367459 0.506510 0.368373 0.505859 0.369287 0.506510 0.370201 0.506510 0.371115 0.506510 0.372029 0.505859 0.372943 0.506510 0.373857 0.506510 0.374771 0.506510 0.375686 0.507161 0.376600 0.506510 0.377514 0.505859 0.378428 0.505208 0.379342 0.504557 0.379342 0.503906 0.379342 0.503255 0.378428 0.503255 0.379342 0.502604 0.380256 0.503255 0.381170 0.503906 0.381170 0.504557 0.381170 0.505208 0.381170 0.505859 0.382084 0.506510 0.382084 0.507161 0.381170 0.507812 0.382084 0.508464 0.382998 0.509115 0.382084 0.509115 0.381170 0.508464 0.380256 0.509115 0.379342 0.509766 0.378428 0.510417 0.377514 0.509766 0.376600 0.510417 0.375686 0.511068 0.374771 0.510417 0.373857 0.511068 0.372943 0.510417 0.372029 0.509766 0.371115 0.509766 0.370201 0.509766 0.369287 0.509115 0.368373 0.509115 0.367459 0.509115 0.366545 0.509115 0.365631 0.509115 0.364717 0.509115 0.363803 0.509766 0.362888 0.509115 0.361974 0.508464 0.361060 0.507812 0.360146 0.507812 0.359232 0.507161 0.359232 0.506510 0.358318 0.505859 0.357404 0.505859 0.356490 0.505208 0.355576 0.505208 0.354662 0.505208 0.353748 0.505208 0.352834 0.504557 0.351920 0.504557 0.351005 0.503906 0.350091 0.504557 0.349177 0.504557 0.348263 0.503906 0.347349 0.503906 0.346435 0.503906 0.345521 0.503906 0.344607 0.503255 0.344607 0.502604 0.343693 0.501953 0.342779 0.501953 0.341865 0.501302 0.340951
0 0.524740 0.330896 0.524089 0.331810 0.523438 0.331810 0.522786 0.331810 0.522135 0.331810 0.521484 0.331810 0.520833 0.332724 0.520182 0.331810 0.519531 0.331810 0.518880 0.332724 0.518229 0.333638 0.517578 0.333638 0.516927 0.334552 0.516276 0.335466 0.516276 0.336380 0.515625 0.337294 0.515625 0.338208 0.514974 0.339122 0.514974 0.340037 0.515625 0.340951 0.514974 0.341865 0.514974 0.342779 0.515625 0.343693 0.515625 0.344607 0.515625 0.345521 0.516276 0.346435 0.516276 0.347349 0.516927 0.348263 0.517578 0.349177 0.518229 0.350091 0.518229 0.351005 0.518880 0.351920 0.518880 0.352834 0.518880 0.353748 0.518880 0.354662 0.518880 0.355576 0.518880 0.356490 0.518229 0.357404 0.517578 0.358318 0.516927 0.357404 0.516276 0.356490 0.515625 0.355576 0.515625 0.354662 0.514974 0.353748 0.514323 0.352834 0.513672 0.352834 0.513021 0.351920 0.512370 0.351920 0.511719 0.351920 0.511068 0.352834 0.511068 0.353748 0.511068 0.354662 0.511068 0.355576 0.511068 0.356490 0.511068 0.357404 0.511719 0.358318 0.512370 0.359232 0.512370 0.360146 0.513021 0.361060 0.513672 0.361974 0.514323 0.362888 0.514323 0.363803 0.514323 0.364717 0.514323 0.365631 0.514323 0.366545 0.514974 0.367459 0.514974 0.368373 0.515625 0.369287 0.516276 0.370201 0.516276 0.371115 0.516276 0.372029 0.516927 0.372943 0.516927 0.373857 0.517578 0.373857 0.518229 0.372943 0.518880 0.372029 0.519531 0.371115 0.519531 0.370201 0.519531 0.369287 0.520182 0.368373 0.520182 0.367459 0.519531 0.366545 0.518880 0.365631 0.518229 0.364717 0.518229 0.363803 0.518880 0.362888 0.518229 0.361974 0.518880 0.361060 0.519531 0.360146 0.520182 0.360146 0.520833 0.360146 0.521484 0.360146 0.522135 0.360146 0.522786 0.359232 0.523438 0.358318 0.524089 0.357404 0.524740 0.356490 0.525391 0.355576 0.526042 0.354662 0.526693 0.354662 0.526693 0.353748 0.527344 0.352834 0.527344 0.351920 0.527995 0.351005 0.527995 0.350091 0.527995 0.349177 0.527995 0.348263 0.528646 0.347349 0.527995 0.346435 0.527995 0.345521 0.528646 0.344607 0.527995 0.343693 0.527995 0.342779 0.527344 0.341865 0.527344 0.340951 0.527344 0.340037 0.526693 0.339122 0.526693 0.338208 0.526693 0.337294 0.526693 0.336380 0.526042 0.335466 0.526042 0.334552 0.526042 0.333638 0.525391 0.332724 0.525391 0.331810
0 0.674479 0.294333 0.673828 0.295247 0.673177 0.296161 0.672526 0.296161 0.671875 0.297075 0.671224 0.297989 0.670573 0.297989 0.669922 0.298903 0.669271 0.299817 0.668620 0.300731 0.669271 0.301645 0.668620 0.302559 0.667969 0.303473 0.667969 0.304388 0.667969 0.305302 0.667969 0.306216 0.667318 0.307130 0.667318 0.308044 0.667318 0.308958 0.667318 0.309872 0.667318 0.310786 0.667969 0.311700 0.667969 0.312614 0.668620 0.313528 0.668620 0.314442 0.669271 0.315356 0.669922 0.316271 0.669922 0.317185 0.670573 0.318099 0.671224 0.319013 0.670573 0.319927 0.671224 0.320841 0.671224 0.321755 0.671224 0.322669 0.671224 0.323583 0.671224 0.324497 0.671875 0.325411 0.671875 0.326325 0.672526 0.327239 0.673177 0.328154 0.673828 0.329068 0.673828 0.329982 0.673828 0.330896 0.673828 0.331810 0.673828 0.332724 0.673828 0.333638 0.673828 0.334552 0.673828 0.335466 0.673828 0.336380 0.674479 0.337294 0.675130 0.337294 0.675781 0.337294 0.676432 0.336380 0.677083 0.337294 0.677734 0.337294 0.678385 0.338208 0.677734 0.339122 0.677734 0.340037 0.677083 0.340951 0.676432 0.341865 0.675781 0.342779 0.675781 0.343693 0.675130 0.344607 0.675781 0.345521 0.675130 0.346435 0.675130 0.347349 0.675781 0.348263 0.675781 0.349177 0.675130 0.350091 0.675781 0.351005 0.675781 0.351920 0.676432 0.352834 0.676432 0.353748 0.675781 0.354662 0.675130 0.355576 0.674479 0.356490 0.673828 0.356490 0.673177 0.355576 0.672526 0.354662 0.671875 0.353748 0.671224 0.352834 0.671875 0.351920 0.671224 0.351005 0.670573 0.350091 0.670573 0.349177 0.669922 0.349177 0.669271 0.348263 0.668620 0.347349 0.667969 0.346435 0.667969 0.345521 0.667318 0.344607 0.667318 0.343693 0.666667 0.342779 0.666667 0.341865 0.666667 0.340951 0.666667 0.340037 0.666016 0.339122 0.666016 0.338208 0.666016 0.337294 0.666016 0.336380 0.665365 0.335466 0.664714 0.334552 0.664062 0.333638 0.664062 0.332724 0.664062 0.331810 0.664062 0.330896 0.664062 0.329982 0.664714 0.329068 0.664062 0.328154 0.664062 0.327239 0.664714 0.326325 0.664062 0.325411 0.664062 0.324497 0.663411 0.323583 0.662760 0.322669 0.662760 0.321755 0.662109 0.321755 0.661458 0.320841 0.660807 0.319927 0.660156 0.319013 0.659505 0.318099 0.659505 0.317185 0.659505 0.316271 0.658854 0.316271 0.658203 0.315356 0.657552 0.314442 0.656901 0.314442 0.656250 0.313528 0.655599 0.313528 0.654948 0.313528 0.654297 0.314442 0.653646 0.314442 0.652995 0.314442 0.652344 0.315356 0.651693 0.315356 0.651042 0.316271 0.651042 0.317185 0.650391 0.318099 0.650391 0.319013 0.649740 0.319927 0.649740 0.320841 0.650391 0.321755 0.650391 0.322669 0.649740 0.323583 0.650391 0.324497 0.650391 0.325411 0.651042 0.326325 0.651042 0.327239 0.651693 0.328154 0.652344 0.329068 0.652995 0.329982 0.652995 0.330896 0.652995 0.331810 0.652995 0.332724 0.652344 0.333638 0.652344 0.334552 0.651693 0.335466 0.652344 0.336380 0.652344 0.337294 0.652344 0.338208 0.652995 0.339122 0.653646 0.340037 0.654297 0.340951 0.654948 0.341865 0.655599 0.341865 0.656250 0.341865 0.656901 0.341865 0.657552 0.341865 0.658203 0.341865 0.658854 0.341865 0.659505 0.341865 0.660156 0.340951 0.660807 0.341865 0.661458 0.341865 0.662109 0.341865 0.662760 0.342779 0.663411 0.343693 0.664062 0.344607 0.664714 0.345521 0.664714 0.346435 0.665365 0.347349 0.666016 0.348263 0.666016 0.349177 0.666667 0.350091 0.667318 0.351005 0.667318 0.351920 0.667318 0.352834 0.666667 0.353748 0.666667 0.354662 0.666667 0.355576 0.667318 0.355576 0.667969 0.356490 0.668620 0.357404 0.669271 0.357404 0.669922 0.357404 0.670573 0.357404 0.671224 0.358318 0.671875 0.359232 0.671875 0.360146 0.672526 0.361060 0.672526 0.361974 0.672526 0.362888 0.673177 0.363803 0.673828 0.364717 0.673828 0.365631 0.674479 0.364717 0.675130 0.364717 0.675781 0.364717 0.675781 0.363803 0.675781 0.362888 0.676432 0.361974 0.675781 0.361060 0.675781 0.360146 0.676432 0.359232 0.676432 0.358318 0.677083 0.357404 0.677734 0.356490 0.678385 0.355576 0.679036 0.355576 0.679688 0.355576 0.680339 0.354662 0.680990 0.354662 0.681641 0.353748 0.682292 0.352834 0.682943 0.351920 0.682943 0.351005 0.682943 0.350091 0.682292 0.349177 0.682292 0.348263 0.682292 0.347349 0.682943 0.346435 0.683594 0.345521 0.684245 0.344607 0.684896 0.344607 0.684896 0.343693 0.685547 0.342779 0.685547 0.341865 0.685547 0.340951 0.685547 0.340037 0.684896 0.339122 0.684896 0.338208 0.684245 0.338208 0.683594 0.338208 0.682943 0.338208 0.682292 0.338208 0.681641 0.338208 0.680990 0.338208 0.680339 0.339122 0.679688 0.338208 0.679036 0.339122 0.678385 0.338208 0.677734 0.337294 0.678385 0.336380 0.679036 0.335466 0.679688 0.334552 0.680339 0.333638 0.680990 0.333638 0.681641 0.332724 0.682292 0.331810 0.682943 0.331810 0.683594 0.330896 0.684245 0.330896 0.684896 0.330896 0.685547 0.329982 0.686198 0.329982 0.686198 0.329068 0.686849 0.328154 0.686849 0.327239 0.686849 0.326325 0.686849 0.325411 0.686849 0.324497 0.686198 0.324497 0.685547 0.323583 0.684896 0.323583 0.684245 0.322669 0.683594 0.321755 0.682943 0.320841 0.682292 0.319927 0.682292 0.319013 0.682943 0.318099 0.682943 0.317185 0.682943 0.316271 0.682943 0.315356 0.682943 0.314442 0.682943 0.313528 0.682943 0.312614 0.682943 0.311700 0.682943 0.310786 0.682943 0.309872 0.682943 0.308958 0.682943 0.308044 0.682943 0.307130 0.682943 0.306216 0.682943 0.305302 0.682943 0.304388 0.682943 0.303473 0.682943 0.302559 0.682292 0.301645 0.682292 0.300731 0.682292 0.299817 0.681641 0.298903 0.680990 0.297989 0.680339 0.297075 0.679688 0.296161 0.679036 0.295247 0.678385 0.294333 0.677734 0.294333 0.677083 0.294333 0.676432 0.294333 0.675781 0.294333 0.675130 0.294333
