0 0.256510 0.875686 0.255859 0.876600 0.255208 0.876600 0.254557 0.877514 0.253906 0.878428 0.253255 0.879342 0.253255 0.880256 0.253255 0.881170 0.253255 0.882084 0.253906 0.882998 0.253906 0.883912 0.253255 0.884826 0.253906 0.883912 0.254557 0.882998 0.255208 0.883912 0.255859 0.884826 0.255208 0.885740 0.254557 0.886654 0.255208 0.887569 0.255208 0.888483 0.254557 0.889397 0.255208 0.889397 0.255859 0.889397 0.256510 0.889397 0.257161 0.889397 0.257812 0.889397 0.258464 0.889397 0.259115 0.889397 0.259115 0.888483 0.259115 0.887569 0.259115 0.886654 0.259115 0.885740 0.259115 0.884826 0.258464 0.883912 0.257812 0.883912 0.257161 0.882998 0.256510 0.882084 0.257161 0.881170 0.257161 0.880256 0.257161 0.879342 0.257812 0.878428 0.257812 0.877514 0.257161 0.876600
0 0.636719 0.871115 0.636068 0.872029 0.635417 0.872029 0.634766 0.872029 0.634115 0.872943 0.633464 0.873857 0.632812 0.874771 0.632161 0.874771 0.632161 0.875686 0.631510 0.876600 0.630859 0.877514 0.630208 0.878428 0.629557 0.878428 0.629557 0.879342 0.628906 0.880256 0.628255 0.881170 0.627604 0.882084 0.626953 0.882084 0.626302 0.882084 0.625651 0.881170 0.625000 0.880256 0.624349 0.879342 0.623698 0.878428 0.623047 0.877514 0.623047 0.876600 0.622396 0.877514 0.621745 0.876600 0.621094 0.877514 0.620443 0.878428 0.619792 0.879342 0.619141 0.880256 0.618490 0.881170 0.619141 0.882084 0.619792 0.882998 0.619141 0.883912 0.619141 0.884826 0.619792 0.885740 0.619141 0.886654 0.618490 0.887569 0.617839 0.886654 0.617188 0.887569 0.616536 0.887569 0.615885 0.888483 0.615234 0.888483 0.615885 0.889397 0.616536 0.889397 0.617188 0.889397 0.617839 0.889397 0.618490 0.889397 0.619141 0.889397 0.619792 0.889397 0.620443 0.889397 0.621094 0.889397 0.621745 0.889397 0.622396 0.889397 0.623047 0.889397 0.623698 0.889397 0.624349 0.889397 0.625000 0.889397 0.625651 0.889397 0.626302 0.889397 0.626953 0.889397 0.627604 0.889397 0.628255 0.888483 0.628906 0.888483 0.629557 0.887569 0.630208 0.888483 0.630859 0.889397 0.631510 0.889397 0.632161 0.889397 0.632812 0.889397 0.632161 0.888483 0.632812 0.887569 0.632812 0.886654 0.632161 0.885740 0.632812 0.884826 0.633464 0.883912 0.634115 0.882998 0.634766 0.882998 0.635417 0.882998 0.636068 0.882998 0.636719 0.882084 0.637370 0.882084 0.637370 0.881170 0.637370 0.880256 0.638021 0.879342 0.638021 0.878428 0.637370 0.877514 0.638021 0.876600 0.638672 0.875686 0.638672 0.874771 0.638672 0.873857 0.638672 0.872943 0.638021 0.872943 0.637370 0.872029
0 0.470703 0.862888 0.470052 0.863803 0.469401 0.863803 0.468750 0.863803 0.468750 0.864717 0.468099 0.865631 0.468099 0.866545 0.468099 0.867459 0.468099 0.868373 0.468750 0.869287 0.468750 0.870201 0.469401 0.871115 0.469401 0.872029 0.470052 0.872943 0.470052 0.873857 0.470052 0.874771 0.470052 0.875686 0.470052 0.876600 0.470052 0.877514 0.470703 0.878428 0.470052 0.879342 0.470052 0.880256 0.470703 0.881170 0.470052 0.882084 0.469401 0.882998 0.468750 0.882084 0.469401 0.882998 0.468750 0.883912 0.468099 0.884826 0.468099 0.885740 0.468750 0.886654 0.468099 0.887569 0.468750 0.888483 0.468750 0.889397 0.469401 0.889397 0.470052 0.889397 0.470703 0.889397 0.471354 0.889397 0.472005 0.889397 0.472656 0.889397 0.473307 0.889397 0.473958 0.889397 0.474609 0.889397 0.475260 0.889397 0.475911 0.888483 0.476562 0.887569 0.477214 0.888483 0.477865 0.889397 0.478516 0.889397 0.479167 0.889397 0.479818 0.889397 0.480469 0.889397 0.481120 0.889397 0.481771 0.889397 0.482422 0.889397 0.483073 0.889397 0.483724 0.889397 0.484375 0.889397 0.485026 0.889397 0.485677 0.889397 0.486328 0.889397 0.486979 0.889397 0.487630 0.889397 0.488281 0.889397 0.488932 0.889397 0.489583 0.889397 0.490234 0.889397 0.490885 0.889397 0.490234 0.889397 0.489583 0.888483 0.488932 0.887569 0.488281 0.886654 0.487630 0.885740 0.487630 0.884826 0.487630 0.883912 0.486979 0.882998 0.486979 0.882084 0.486979 0.881170 0.486328 0.881170 0.485677 0.880256 0.485026 0.881170 0.484375 0.881170 0.483724 0.881170 0.483073 0.882084 0.483073 0.882998 0.482422 0.883912 0.482422 0.884826 0.481771 0.885740 0.481120 0.886654 0.480469 0.887569 0.479818 0.887569 0.479167 0.888483 0.478516 0.887569 0.477865 0.887569 0.477214 0.887569 0.476562 0.886654 0.475911 0.885740 0.475911 0.884826 0.475911 0.883912 0.475911 0.882998 0.475911 0.882084 0.475911 0.881170 0.475911 0.880256 0.475911 0.879342 0.475260 0.878428 0.475260 0.877514 0.474609 0.876600 0.473958 0.875686 0.474609 0.874771 0.474609 0.873857 0.474609 0.872943 0.475260 0.872029 0.475260 0.871115 0.475911 0.870201 0.475911 0.869287 0.475911 0.868373 0.475911 0.867459 0.475260 0.866545 0.475260 0.865631 0.474609 0.864717 0.473958 0.863803 0.473307 0.862888 0.472656 0.862888 0.472005 0.862888 0.471354 0.862888
0 0.533854 0.861974 0.533203 0.862888 0.532552 0.863803 0.531901 0.863803 0.531250 0.864717 0.530599 0.864717 0.529948 0.865631 0.529297 0.866545 0.529297 0.867459 0.528646 0.868373 0.528646 0.869287 0.528646 0.870201 0.527995 0.871115 0.528646 0.872029 0.527995 0.872943 0.528646 0.873857 0.528646 0.874771 0.528646 0.875686 0.528646 0.876600 0.527995 0.877514 0.527344 0.878428 0.526693 0.878428 0.526042 0.879342 0.525391 0.879342 0.524740 0.880256 0.524089 0.881170 0.523438 0.880256 0.522786 0.879342 0.522135 0.878428 0.522135 0.877514 0.522135 0.876600 0.522135 0.875686 0.522786 0.874771 0.522786 0.873857 0.522786 0.872943 0.522786 0.872029 0.522786 0.871115 0.523438 0.870201 0.524089 0.869287 0.524089 0.868373 0.524089 0.867459 0.524089 0.866545 0.524089 0.865631 0.523438 0.865631 0.522786 0.865631 0.522135 0.865631 0.521484 0.865631 0.520833 0.866545 0.520182 0.867459 0.519531 0.868373 0.518880 0.869287 0.518880 0.870201 0.518229 0.871115 0.517578 0.872029 0.517578 0.872943 0.517578 0.873857 0.517578 0.874771 0.517578 0.875686 0.517578 0.876600 0.517578 0.877514 0.516927 0.878428 0.516927 0.879342 0.517578 0.880256 0.517578 0.881170 0.518229 0.882084 0.518229 0.882998 0.518229 0.883912 0.518229 0.884826 0.518229 0.885740 0.517578 0.886654 0.516927 0.887569 0.517578 0.888483 0.517578 0.889397 0.518229 0.888483 0.518880 0.888483 0.519531 0.888483 0.520182 0.888483 0.520182 0.887569 0.520833 0.886654 0.521484 0.885740 0.522135 0.884826 0.522786 0.885740 0.523438 0.886654 0.524089 0.887569 0.524740 0.886654 0.525391 0.886654 0.526042 0.886654 0.526693 0.886654 0.527344 0.887569 0.527995 0.888483 0.528646 0.888483 0.529297 0.889397 0.529948 0.889397 0.530599 0.889397 0.531250 0.889397 0.531901 0.889397 0.532552 0.889397 0.533203 0.889397 0.533854 0.889397 0.534505 0.889397 0.535156 0.889397 0.535807 0.889397 0.536458 0.888483 0.537109 0.889397 0.537760 0.889397 0.538411 0.889397 0.539062 0.889397 0.539714 0.889397 0.540365 0.889397 0.541016 0.888483 0.541667 0.888483 0.542318 0.888483 0.542969 0.887569 0.543620 0.886654 0.543620 0.885740 0.542969 0.884826 0.543620 0.883912 0.544271 0.882998 0.544271 0.882084 0.544922 0.881170 0.544922 0.880256 0.545573 0.879342 0.545573 0.878428 0.544922 0.877514 0.544271 0.877514 0.543620 0.877514 0.542969 0.877514 0.542318 0.878428 0.541667 0.879342 0.541016 0.878428 0.540365 0.878428 0.539714 0.879342 0.539062 0.879342 0.538411 0.880256 0.537760 0.881170 0.537109 0.880256 0.536458 0.881170 0.535807 0.880256 0.535156 0.880256 0.534505 0.880256 0.533854 0.880256 0.533203 0.879342 0.532552 0.878428 0.532552 0.877514 0.533203 0.876600 0.533854 0.875686 0.534505 0.874771 0.535156 0.873857 0.535807 0.873857 0.536458 0.873857 0.537109 0.873857 0.537760 0.873857 0.538411 0.873857 0.539062 0.873857 0.539714 0.873857 0.540365 0.873857 0.540365 0.872943 0.541016 0.872029 0.541016 0.871115 0.541016 0.870201 0.540365 0.869287 0.540365 0.868373 0.539714 0.867459 0.539714 0.866545 0.539062 0.865631 0.538411 0.864717 0.537760 0.864717 0.537109 0.863803 0.536458 0.862888 0.535807 0.861974 0.535156 0.861974 0.534505 0.861974
0 0.904297 0.854662 0.903646 0.855576 0.902995 0.856490 0.903646 0.857404 0.903646 0.858318 0.903646 0.859232 0.903646 0.860146 0.904297 0.861060 0.904297 0.861974 0.904297 0.862888 0.904297 0.863803 0.904948 0.864717 0.904297 0.865631 0.904948 0.866545 0.904948 0.867459 0.904948 0.868373 0.904297 0.869287 0.904297 0.870201 0.904948 0.871115 0.904297 0.872029 0.903646 0.872943 0.902995 0.872029 0.902344 0.872029 0.901693 0.872029 0.901042 0.872029 0.900391 0.871115 0.899740 0.870201 0.899740 0.869287 0.899089 0.869287 0.898438 0.870201 0.897786 0.871115 0.898438 0.872029 0.897786 0.872943 0.897786 0.873857 0.897786 0.874771 0.898438 0.875686 0.897786 0.876600 0.897786 0.877514 0.897135 0.878428 0.896484 0.879342 0.895833 0.880256 0.896484 0.881170 0.896484 0.882084 0.897135 0.882084 0.897786 0.882998 0.898438 0.882998 0.899089 0.882998 0.899740 0.882084 0.900391 0.882084 0.901042 0.882084 0.901693 0.882084 0.902344 0.882084 0.902995 0.882084 0.903646 0.882084 0.904297 0.882084 0.904948 0.882998 0.905599 0.883912 0.906250 0.883912 0.906901 0.883912 0.907552 0.884826 0.908203 0.883912 0.908854 0.883912 0.909505 0.883912 0.910156 0.883912 0.910807 0.883912 0.911458 0.883912 0.912109 0.882998 0.912760 0.883912 0.913411 0.883912 0.914062 0.884826 0.914714 0.884826 0.915365 0.884826 0.916016 0.884826 0.916667 0.884826 0.917318 0.884826 0.917969 0.884826 0.918620 0.884826 0.919271 0.884826 0.919271 0.883912 0.918620 0.882998 0.917969 0.882998 0.917318 0.882084 0.916667 0.881170 0.916016 0.880256 0.915365 0.881170 0.914714 0.881170 0.914062 0.881170 0.913411 0.880256 0.912760 0.879342 0.912760 0.878428 0.913411 0.877514 0.913411 0.876600 0.914062 0.875686 0.914714 0.874771 0.915365 0.873857 0.915365 0.872943 0.916016 0.872029 0.916016 0.871115 0.916016 0.870201 0.916016 0.869287 0.915365 0.868373 0.915365 0.867459 0.915365 0.866545 0.914714 0.866545 0.914062 0.866545 0.913411 0.865631 0.912760 0.864717 0.912760 0.863803 0.912760 0.862888 0.912760 0.861974 0.912760 0.861060 0.912109 0.860146 0.912109 0.859232 0.911458 0.858318 0.910807 0.857404 0.910156 0.856490 0.909505 0.856490 0.908854 0.855576 0.908203 0.855576 0.907552 0.854662 0.906901 0.855576 0.906250 0.854662 0.905599 0.854662 0.904948 0.854662
0 0.333984 0.854662 0.333333 0.855576 0.332682 0.856490 0.332031 0.857404 0.332031 0.858318 0.331380 0.859232 0.331380 0.860146 0.331380 0.861060 0.331380 0.861974 0.332031 0.862888 0.331380 0.863803 0.331380 0.864717 0.331380 0.865631 0.331380 0.866545 0.331380 0.867459 0.330729 0.868373 0.330078 0.869287 0.329427 0.870201 0.328776 0.870201 0.328125 0.869287 0.327474 0.868373 0.327474 0.867459 0.326823 0.866545 0.326172 0.866545 0.325521 0.865631 0.324870 0.865631 0.324219 0.865631 0.323568 0.866545 0.323568 0.867459 0.323568 0.868373 0.322917 0.869287 0.323568 0.870201 0.322917 0.871115 0.322917 0.872029 0.322917 0.872943 0.322266 0.873857 0.321615 0.874771 0.320964 0.875686 0.320312 0.875686 0.320312 0.876600 0.320312 0.877514 0.320312 0.878428 0.320312 0.879342 0.320312 0.880256 0.319661 0.881170 0.320312 0.882084 0.320312 0.882998 0.320964 0.883912 0.320964 0.884826 0.321615 0.885740 0.322266 0.886654 0.322917 0.887569 0.322266 0.888483 0.322266 0.889397 0.322917 0.889397 0.323568 0.889397 0.324219 0.889397 0.324870 0.889397 0.325521 0.889397 0.326172 0.889397 0.326823 0.889397 0.326823 0.888483 0.326172 0.887569 0.325521 0.886654 0.324870 0.885740 0.324219 0.884826 0.324219 0.883912 0.324219 0.882998 0.324219 0.882084 0.324219 0.881170 0.324219 0.880256 0.324219 0.879342 0.324219 0.878428 0.324219 0.877514 0.324870 0.876600 0.325521 0.875686 0.326172 0.876600 0.326823 0.875686 0.327474 0.875686 0.328125 0.876600 0.328776 0.877514 0.328776 0.878428 0.329427 0.877514 0.330078 0.877514 0.330729 0.876600 0.331380 0.875686 0.332031 0.874771 0.332682 0.874771 0.333333 0.873857 0.333984 0.873857 0.334635 0.873857 0.335286 0.872943 0.335938 0.873857 0.336589 0.872943 0.337240 0.872029 0.337891 0.871115 0.337891 0.870201 0.337891 0.869287 0.337891 0.868373 0.338542 0.867459 0.338542 0.866545 0.338542 0.865631 0.339193 0.864717 0.339193 0.863803 0.339193 0.862888 0.339193 0.861974 0.339193 0.861060 0.338542 0.861060 0.337891 0.860146 0.337240 0.859232 0.336589 0.858318 0.336589 0.857404 0.335938 0.856490 0.335938 0.855576 0.335286 0.855576 0.334635 0.855576
0 0.697266 0.853748 0.697266 0.854662 0.697266 0.855576 0.696615 0.856490 0.696615 0.857404 0.696615 0.858318 0.696615 0.859232 0.697266 0.860146 0.697266 0.861060 0.697266 0.861974 0.697917 0.862888 0.697266 0.863803 0.697266 0.864717 0.697917 0.865631 0.697917 0.866545 0.697917 0.867459 0.697917 0.868373 0.697266 0.869287 0.697266 0.870201 0.697266 0.871115 0.697917 0.872029 0.698568 0.872943 0.699219 0.873857 0.699219 0.874771 0.699870 0.874771 0.700521 0.875686 0.701172 0.876600 0.701823 0.877514 0.701172 0.878428 0.701823 0.879342 0.701823 0.880256 0.701823 0.881170 0.701823 0.882084 0.702474 0.882998 0.701823 0.883912 0.701823 0.884826 0.702474 0.884826 0.703125 0.885740 0.703776 0.885740 0.704427 0.884826 0.705078 0.884826 0.705729 0.885740 0.706380 0.886654 0.705729 0.887569 0.705078 0.888483 0.705729 0.889397 0.706380 0.889397 0.707031 0.889397 0.707682 0.889397 0.708333 0.889397 0.708984 0.889397 0.709635 0.889397 0.710286 0.889397 0.710286 0.888483 0.710286 0.887569 0.710938 0.886654 0.711589 0.885740 0.712240 0.885740 0.712891 0.884826 0.713542 0.884826 0.714193 0.884826 0.714844 0.885740 0.715495 0.886654 0.716146 0.887569 0.716797 0.887569 0.717448 0.887569 0.718099 0.887569 0.718099 0.886654 0.718750 0.885740 0.719401 0.884826 0.720052 0.884826 0.719401 0.883912 0.720052 0.882998 0.720703 0.882084 0.720703 0.881170 0.720052 0.880256 0.720052 0.879342 0.720052 0.878428 0.720052 0.877514 0.720052 0.876600 0.719401 0.875686 0.719401 0.876600 0.719401 0.877514 0.718750 0.878428 0.718099 0.879342 0.718750 0.880256 0.718750 0.881170 0.718099 0.882084 0.717448 0.882998 0.716797 0.882998 0.716146 0.882998 0.715495 0.883912 0.714844 0.882998 0.714193 0.882084 0.713542 0.881170 0.714193 0.880256 0.714193 0.879342 0.713542 0.878428 0.714193 0.877514 0.714844 0.876600 0.714844 0.875686 0.715495 0.874771 0.715495 0.873857 0.715495 0.872943 0.715495 0.872029 0.715495 0.871115 0.715495 0.870201 0.715495 0.869287 0.715495 0.868373 0.715495 0.867459 0.714844 0.866545 0.714193 0.865631 0.713542 0.865631 0.712891 0.865631 0.712240 0.866545 0.711589 0.865631 0.710938 0.865631 0.710286 0.865631 0.709635 0.866545 0.708984 0.867459 0.708333 0.866545 0.707682 0.866545 0.707031 0.865631 0.706380 0.864717 0.705729 0.863803 0.705729 0.862888 0.705729 0.861974 0.705729 0.861060 0.705729 0.860146 0.705729 0.859232 0.705078 0.858318 0.705078 0.857404 0.704427 0.856490 0.704427 0.855576 0.703776 0.854662 0.703776 0.853748 0.703125 0.853748 0.702474 0.853748 0.701823 0.853748 0.701172 0.853748 0.700521 0.853748 0.699870 0.853748 0.699219 0.853748 0.698568 0.853748 0.697917 0.853748
0 0.682943 0.853748 0.682292 0.854662 0.681641 0.854662 0.680990 0.855576 0.680339 0.856490 0.679688 0.855576 0.679036 0.855576 0.678385 0.855576 0.677734 0.855576 0.677083 0.854662 0.676432 0.854662 0.675781 0.855576 0.675130 0.855576 0.674479 0.856490 0.673828 0.856490 0.673177 0.856490 0.672526 0.856490 0.671875 0.856490 0.671224 0.857404 0.671224 0.858318 0.670573 0.859232 0.671224 0.860146 0.671224 0.861060 0.671224 0.861974 0.671224 0.862888 0.671875 0.863803 0.672526 0.863803 0.673177 0.864717 0.673828 0.865631 0.673828 0.866545 0.674479 0.865631 0.675130 0.866545 0.675781 0.867459 0.675130 0.868373 0.674479 0.869287 0.673828 0.870201 0.673828 0.871115 0.673828 0.872029 0.673177 0.872943 0.673828 0.873857 0.673177 0.874771 0.673828 0.875686 0.674479 0.876600 0.675130 0.877514 0.675781 0.878428 0.675781 0.879342 0.675781 0.880256 0.675781 0.881170 0.675130 0.882084 0.675130 0.882998 0.674479 0.883912 0.673828 0.884826 0.673177 0.883912 0.672526 0.882998 0.672526 0.882084 0.671875 0.881170 0.671224 0.880256 0.671224 0.879342 0.670573 0.878428 0.669922 0.877514 0.669922 0.876600 0.669271 0.875686 0.668620 0.875686 0.667969 0.874771 0.667318 0.873857 0.666667 0.872943 0.666016 0.873857 0.665365 0.873857 0.664714 0.874771 0.664062 0.874771 0.664062 0.875686 0.664062 0.876600 0.663411 0.877514 0.663411 0.878428 0.662760 0.879342 0.663411 0.880256 0.662760 0.881170 0.662760 0.882084 0.662109 0.882998 0.662760 0.882998 0.663411 0.882998 0.664062 0.883912 0.664714 0.883912 0.665365 0.884826 0.666016 0.885740 0.666667 0.886654 0.667318 0.887569 0.667969 0.888483 0.668620 0.888483 0.669271 0.888483 0.669922 0.889397 0.670573 0.888483 0.671224 0.888483 0.671875 0.887569 0.672526 0.887569 0.673177 0.886654 0.673828 0.886654 0.674479 0.885740 0.675130 0.885740 0.675781 0.886654 0.676432 0.887569 0.677083 0.887569 0.677734 0.888483 0.678385 0.888483 0.679036 0.888483 0.679688 0.888483 0.680339 0.888483 0.680990 0.888483 0.681641 0.887569 0.682292 0.887569 0.682943 0.887569 0.683594 0.887569 0.684245 0.887569 0.684896 0.888483 0.685547 0.889397 0.686198 0.889397 0.686849 0.889397 0.687500 0.889397 0.688151 0.889397 0.688802 0.889397 0.689453 0.889397 0.690104 0.889397 0.690755 0.889397 0.691406 0.889397 0.692057 0.889397 0.692708 0.889397 0.693359 0.889397 0.693359 0.888483 0.693359 0.887569 0.694010 0.886654 0.694661 0.885740 0.694661 0.884826 0.694661 0.883912 0.694661 0.882998 0.694661 0.882084 0.694661 0.881170 0.694661 0.880256 0.694010 0.879342 0.694010 0.878428 0.693359 0.879342 0.692708 0.879342 0.692057 0.879342 0.691406 0.879342 0.690755 0.879342 0.690104 0.878428 0.689453 0.877514 0.690104 0.876600 0.690104 0.875686 0.690755 0.874771 0.690104 0.873857 0.690755 0.872943 0.690104 0.872029 0.689453 0.872943 0.688802 0.872943 0.688151 0.873857 0.687500 0.872943 0.688151 0.873857 0.687500 0.874771 0.686849 0.875686 0.686849 0.876600 0.686198 0.877514 0.686198 0.878428 0.685547 0.879342 0.684896 0.880256 0.684245 0.880256 0.683594 0.881170 0.682943 0.880256 0.682292 0.880256 0.681641 0.879342 0.680990 0.878428 0.680990 0.877514 0.680339 0.876600 0.680339 0.875686 0.680990 0.874771 0.681641 0.873857 0.682292 0.872943 0.682943 0.872029 0.683594 0.872943 0.684245 0.872029 0.684896 0.871115 0.685547 0.870201 0.686198 0.869287 0.686198 0.868373 0.686198 0.867459 0.685547 0.866545 0.686198 0.865631 0.686198 0.864717 0.686849 0.863803 0.687500 0.862888 0.688151 0.861974 0.688802 0.861060 0.688802 0.860146 0.688151 0.859232 0.688151 0.858318 0.687500 0.857404 0.687500 0.856490 0.686849 0.856490 0.686198 0.855576 0.685547 0.854662 0.684896 0.854662 0.684245 0.854662 0.683594 0.853748
0 0.132812 0.853748 0.132161 0.854662 0.131510 0.854662 0.130859 0.854662 0.130208 0.855576 0.130208 0.856490 0.130208 0.857404 0.130208 0.858318 0.130208 0.859232 0.130208 0.860146 0.130208 0.861060 0.130859 0.861974 0.130859 0.862888 0.130859 0.863803 0.130208 0.864717 0.129557 0.865631 0.128906 0.865631 0.128255 0.865631 0.128255 0.866545 0.128255 0.867459 0.128255 0.868373 0.128255 0.869287 0.128255 0.870201 0.128255 0.871115 0.128906 0.872029 0.129557 0.872943 0.130208 0.873857 0.130859 0.874771 0.130859 0.875686 0.131510 0.876600 0.131510 0.877514 0.131510 0.878428 0.132161 0.879342 0.132812 0.880256 0.133464 0.881170 0.134115 0.882084 0.134766 0.882998 0.135417 0.883912 0.135417 0.884826 0.135417 0.885740 0.135417 0.886654 0.135417 0.887569 0.135417 0.888483 0.134766 0.889397 0.135417 0.889397 0.136068 0.889397 0.136719 0.889397 0.137370 0.889397 0.138021 0.889397 0.138672 0.889397 0.139323 0.889397 0.139974 0.889397 0.140625 0.889397 0.140625 0.888483 0.140625 0.887569 0.141276 0.886654 0.140625 0.885740 0.140625 0.884826 0.140625 0.883912 0.140625 0.882998 0.141276 0.882084 0.140625 0.881170 0.140625 0.880256 0.141276 0.879342 0.141276 0.878428 0.141276 0.877514 0.141276 0.876600 0.141927 0.875686 0.142578 0.874771 0.141927 0.873857 0.142578 0.872943 0.142578 0.872029 0.142578 0.871115 0.142578 0.870201 0.142578 0.869287 0.141927 0.868373 0.141276 0.867459 0.141927 0.866545 0.142578 0.865631 0.141927 0.864717 0.141927 0.863803 0.141927 0.862888 0.141927 0.861974 0.141927 0.861060 0.141927 0.860146 0.141276 0.859232 0.141276 0.858318 0.140625 0.858318 0.139974 0.858318 0.139323 0.859232 0.138672 0.860146 0.138021 0.859232 0.137370 0.858318 0.137370 0.857404 0.136719 0.856490 0.136719 0.855576 0.136068 0.854662 0.135417 0.854662 0.134766 0.854662 0.134115 0.854662 0.133464 0.853748
0 0.151693 0.852834 0.151042 0.853748 0.150391 0.853748 0.149740 0.853748 0.149089 0.853748 0.148438 0.853748 0.147786 0.853748 0.147786 0.854662 0.147786 0.855576 0.147786 0.856490 0.147786 0.857404 0.148438 0.858318 0.149089 0.859232 0.149089 0.860146 0.149089 0.861060 0.149089 0.861974 0.148438 0.862888 0.148438 0.863803 0.148438 0.864717 0.147786 0.865631 0.148438 0.866545 0.148438 0.867459 0.149089 0.868373 0.149089 0.869287 0.149740 0.870201 0.150391 0.871115 0.150391 0.872029 0.150391 0.872943 0.149740 0.873857 0.150391 0.874771 0.149740 0.875686 0.149089 0.876600 0.149089 0.877514 0.149089 0.878428 0.149089 0.879342 0.148438 0.880256 0.149089 0.881170 0.149089 0.882084 0.149740 0.882998 0.149740 0.883912 0.149740 0.884826 0.149740 0.885740 0.149740 0.886654 0.150391 0.887569 0.150391 0.888483 0.151042 0.889397 0.151693 0.889397 0.152344 0.889397 0.152995 0.889397 0.153646 0.889397 0.154297 0.889397 0.154948 0.889397 0.155599 0.889397 0.156250 0.889397 0.156901 0.889397 0.157552 0.889397 0.158203 0.889397 0.158854 0.889397 0.159505 0.889397 0.159505 0.888483 0.159505 0.887569 0.159505 0.886654 0.159505 0.885740 0.159505 0.884826 0.159505 0.883912 0.159505 0.882998 0.160156 0.882084 0.160156 0.881170 0.160156 0.880256 0.160807 0.879342 0.160807 0.878428 0.161458 0.877514 0.161458 0.876600 0.161458 0.875686 0.162109 0.874771 0.162109 0.873857 0.162109 0.872943 0.162109 0.872029 0.161458 0.872943 0.160807 0.872943 0.160156 0.872943 0.159505 0.872943 0.159505 0.873857 0.158854 0.874771 0.158854 0.875686 0.158203 0.876600 0.157552 0.877514 0.156901 0.878428 0.156250 0.877514 0.155599 0.876600 0.155599 0.875686 0.155599 0.874771 0.155599 0.873857 0.156250 0.872943 0.156250 0.872029 0.156250 0.871115 0.156901 0.870201 0.156901 0.869287 0.156901 0.868373 0.157552 0.867459 0.156901 0.866545 0.156250 0.865631 0.155599 0.864717 0.155599 0.863803 0.155599 0.862888 0.154948 0.861974 0.154948 0.861060 0.155599 0.860146 0.155599 0.859232 0.155599 0.858318 0.155599 0.857404 0.155599 0.856490 0.155599 0.855576 0.155599 0.854662 0.154948 0.853748 0.154297 0.853748 0.153646 0.852834 0.152995 0.852834 0.152344 0.852834
0 0.879557 0.846435 0.878906 0.847349 0.878255 0.847349 0.877604 0.847349 0.876953 0.848263 0.876302 0.849177 0.875651 0.849177 0.875000 0.849177 0.874349 0.848263 0.873698 0.848263 0.873047 0.848263 0.872396 0.849177 0.871745 0.849177 0.871745 0.850091 0.871745 0.851005 0.871745 0.851920 0.871094 0.852834 0.871094 0.853748 0.871094 0.854662 0.871094 0.855576 0.871094 0.856490 0.871745 0.857404 0.872396 0.858318 0.872396 0.859232 0.873047 0.860146 0.873047 0.861060 0.873047 0.861974 0.873698 0.862888 0.873698 0.863803 0.874349 0.864717 0.874349 0.865631 0.874349 0.866545 0.875000 0.867459 0.875651 0.868373 0.876302 0.869287 0.876302 0.870201 0.876302 0.871115 0.876302 0.872029 0.875651 0.872943 0.875000 0.873857 0.874349 0.874771 0.873698 0.874771 0.873047 0.875686 0.872396 0.876600 0.873047 0.877514 0.872396 0.878428 0.872396 0.879342 0.872396 0.880256 0.873047 0.881170 0.873698 0.882084 0.874349 0.882084 0.875000 0.881170 0.875651 0.880256 0.876302 0.880256 0.876953 0.879342 0.877604 0.878428 0.878255 0.879342 0.878906 0.880256 0.878255 0.879342 0.878906 0.878428 0.878906 0.877514 0.878255 0.876600 0.878906 0.875686 0.878906 0.874771 0.878906 0.873857 0.879557 0.872943 0.879557 0.872029 0.879557 0.871115 0.880208 0.870201 0.880208 0.869287 0.880208 0.868373 0.879557 0.867459 0.878906 0.866545 0.878906 0.865631 0.879557 0.864717 0.880208 0.863803 0.880208 0.862888 0.880859 0.861974 0.881510 0.861060 0.882161 0.860146 0.882812 0.859232 0.883464 0.858318 0.884115 0.859232 0.884766 0.860146 0.884766 0.861060 0.884766 0.861974 0.884766 0.862888 0.884766 0.863803 0.884766 0.864717 0.885417 0.865631 0.885417 0.866545 0.885417 0.867459 0.885417 0.868373 0.885417 0.869287 0.885417 0.870201 0.885417 0.871115 0.885417 0.872029 0.885417 0.872943 0.885417 0.873857 0.885417 0.874771 0.885417 0.875686 0.885417 0.876600 0.885417 0.877514 0.885417 0.878428 0.885417 0.879342 0.884766 0.880256 0.884115 0.881170 0.884115 0.882084 0.884766 0.881170 0.885417 0.882084 0.886068 0.882084 0.886068 0.881170 0.885417 0.880256 0.885417 0.879342 0.886068 0.878428 0.886719 0.877514 0.887370 0.877514 0.888021 0.877514 0.888672 0.876600 0.889323 0.875686 0.889323 0.874771 0.889974 0.873857 0.889974 0.872943 0.889974 0.872029 0.889974 0.871115 0.889974 0.870201 0.890625 0.869287 0.891276 0.868373 0.891927 0.868373 0.892578 0.867459 0.893229 0.866545 0.893880 0.866545 0.894531 0.865631 0.893880 0.864717 0.894531 0.863803 0.895182 0.862888 0.895182 0.861974 0.895833 0.861060 0.895182 0.860146 0.895833 0.859232 0.895833 0.858318 0.895182 0.857404 0.895182 0.856490 0.894531 0.855576 0.893880 0.855576 0.893229 0.854662 0.892578 0.853748 0.891927 0.853748 0.891276 0.853748 0.890625 0.852834 0.889974 0.852834 0.889323 0.852834 0.888672 0.853748 0.888021 0.853748 0.888021 0.854662 0.887370 0.855576 0.886719 0.856490 0.886068 0.857404 0.885417 0.858318 0.884766 0.858318 0.884115 0.857404 0.883464 0.856490 0.883464 0.855576 0.883464 0.854662 0.883464 0.853748 0.882812 0.852834 0.883464 0.851920 0.883464 0.851005 0.883464 0.850091 0.882812 0.849177 0.882161 0.848263 0.882161 0.847349 0.881510 0.847349 0.880859 0.847349 0.880208 0.847349
0 0.208984 0.844607 0.208333 0.845521 0.207682 0.846435 0.207031 0.847349 0.206380 0.846435 0.205729 0.847349 0.205078 0.847349 0.204427 0.848263 0.203776 0.848263 0.203125 0.849177 0.202474 0.850091 0.201823 0.851005 0.201823 0.851920 0.201823 0.852834 0.201823 0.853748 0.202474 0.854662 0.202474 0.855576 0.203125 0.856490 0.203776 0.857404 0.203776 0.858318 0.204427 0.859232 0.205078 0.860146 0.205078 0.861060 0.205078 0.861974 0.205078 0.862888 0.205729 0.863803 0.206380 0.864717 0.206380 0.865631 0.207031 0.866545 0.207682 0.867459 0.208333 0.867459 0.208984 0.867459 0.209635 0.868373 0.210286 0.869287 0.210286 0.870201 0.210938 0.871115 0.211589 0.872029 0.211589 0.872943 0.211589 0.873857 0.212240 0.874771 0.211589 0.875686 0.212240 0.876600 0.212240 0.877514 0.212891 0.878428 0.212891 0.879342 0.213542 0.880256 0.213542 0.881170 0.213542 0.882084 0.212891 0.882998 0.212240 0.883912 0.211589 0.883912 0.210938 0.883912 0.210286 0.883912 0.209635 0.882998 0.208984 0.882084 0.208333 0.881170 0.207682 0.881170 0.207031 0.880256 0.206380 0.879342 0.205729 0.879342 0.205078 0.880256 0.204427 0.880256 0.203776 0.881170 0.203125 0.881170 0.202474 0.881170 0.201823 0.882084 0.201172 0.882998 0.201823 0.883912 0.201172 0.884826 0.201823 0.885740 0.201823 0.886654 0.201823 0.887569 0.201823 0.888483 0.201172 0.889397 0.201823 0.889397 0.202474 0.889397 0.203125 0.889397 0.203776 0.889397 0.204427 0.889397 0.205078 0.889397 0.205729 0.889397 0.206380 0.889397 0.207031 0.889397 0.207682 0.889397 0.208333 0.889397 0.208984 0.889397 0.209635 0.889397 0.210286 0.889397 0.210938 0.889397 0.211589 0.889397 0.212240 0.889397 0.212891 0.889397 0.213542 0.889397 0.214193 0.889397 0.214844 0.889397 0.215495 0.889397 0.216146 0.889397 0.216797 0.888483 0.217448 0.889397 0.218099 0.889397 0.218750 0.888483 0.219401 0.887569 0.220052 0.886654 0.220052 0.885740 0.220052 0.884826 0.220703 0.883912 0.220703 0.882998 0.220703 0.882084 0.220052 0.881170 0.220703 0.880256 0.220703 0.879342 0.220703 0.878428 0.221354 0.877514 0.221354 0.876600 0.221354 0.875686 0.222005 0.874771 0.222005 0.873857 0.222656 0.872943 0.222656 0.872029 0.223307 0.871115 0.222656 0.870201 0.222656 0.869287 0.222656 0.868373 0.222005 0.867459 0.222656 0.866545 0.222656 0.865631 0.222005 0.864717 0.222656 0.863803 0.222005 0.862888 0.222005 0.861974 0.221354 0.861060 0.222005 0.860146 0.222005 0.859232 0.221354 0.858318 0.221354 0.857404 0.220703 0.856490 0.220052 0.856490 0.219401 0.856490 0.218750 0.856490 0.218099 0.857404 0.218099 0.858318 0.218099 0.859232 0.218099 0.860146 0.218099 0.861060 0.218099 0.861974 0.218099 0.862888 0.218099 0.863803 0.218099 0.864717 0.218099 0.865631 0.218099 0.866545 0.217448 0.867459 0.216797 0.868373 0.216146 0.867459 0.215495 0.867459 0.214844 0.867459 0.214193 0.866545 0.213542 0.867459 0.212891 0.866545 0.212240 0.865631 0.211589 0.864717 0.211589 0.863803 0.211589 0.862888 0.212240 0.861974 0.211589 0.861060 0.212240 0.860146 0.212240 0.859232 0.212891 0.858318 0.212891 0.857404 0.212891 0.856490 0.213542 0.855576 0.212891 0.854662 0.213542 0.853748 0.213542 0.852834 0.212891 0.851920 0.212891 0.851005 0.212891 0.850091 0.212240 0.849177 0.212240 0.848263 0.212240 0.847349 0.211589 0.846435 0.211589 0.845521 0.210938 0.845521 0.210286 0.845521 0.209635 0.844607
0 0.453125 0.839122 0.453125 0.840037 0.452474 0.840951 0.451823 0.841865 0.451172 0.842779 0.451172 0.843693 0.450521 0.844607 0.449870 0.845521 0.449870 0.846435 0.449870 0.847349 0.449219 0.848263 0.448568 0.849177 0.448568 0.850091 0.447917 0.851005 0.447266 0.851920 0.447917 0.852834 0.447917 0.853748 0.447917 0.854662 0.448568 0.855576 0.447917 0.856490 0.448568 0.857404 0.447917 0.858318 0.448568 0.859232 0.447917 0.860146 0.447917 0.861060 0.447266 0.861974 0.446615 0.862888 0.445964 0.863803 0.445312 0.864717 0.444661 0.865631 0.444010 0.865631 0.443359 0.865631 0.442708 0.866545 0.442057 0.866545 0.442057 0.867459 0.441406 0.868373 0.442057 0.869287 0.441406 0.870201 0.440755 0.871115 0.440755 0.872029 0.440755 0.872943 0.440104 0.873857 0.440755 0.874771 0.440755 0.875686 0.441406 0.876600 0.440755 0.877514 0.440755 0.878428 0.440104 0.879342 0.439453 0.880256 0.439453 0.881170 0.438802 0.882084 0.438802 0.882998 0.438802 0.883912 0.438802 0.884826 0.438802 0.885740 0.439453 0.886654 0.438802 0.887569 0.439453 0.888483 0.440104 0.888483 0.440755 0.889397 0.441406 0.889397 0.442057 0.888483 0.442708 0.888483 0.443359 0.888483 0.444010 0.888483 0.444661 0.887569 0.445312 0.888483 0.445964 0.889397 0.446615 0.889397 0.447266 0.889397 0.447917 0.889397 0.448568 0.889397 0.449219 0.889397 0.449870 0.889397 0.450521 0.889397 0.451172 0.889397 0.451823 0.889397 0.452474 0.889397 0.453125 0.889397 0.453776 0.889397 0.454427 0.889397 0.455078 0.889397 0.455729 0.889397 0.456380 0.889397 0.457031 0.889397 0.457682 0.888483 0.458333 0.887569 0.458984 0.888483 0.459635 0.888483 0.460286 0.888483 0.460938 0.889397 0.461589 0.889397 0.462240 0.888483 0.462891 0.887569 0.462240 0.886654 0.461589 0.886654 0.460938 0.885740 0.460286 0.885740 0.459635 0.885740 0.458984 0.886654 0.458333 0.885740 0.457682 0.884826 0.457682 0.883912 0.457031 0.884826 0.456380 0.885740 0.455729 0.884826 0.455078 0.884826 0.454427 0.885740 0.453776 0.885740 0.453125 0.884826 0.452474 0.884826 0.451823 0.883912 0.451172 0.882998 0.450521 0.883912 0.449870 0.883912 0.449219 0.882998 0.448568 0.882084 0.448568 0.881170 0.447917 0.880256 0.447917 0.879342 0.447266 0.878428 0.447266 0.877514 0.447917 0.876600 0.447266 0.875686 0.447917 0.874771 0.448568 0.873857 0.449219 0.873857 0.449870 0.873857 0.450521 0.873857 0.451172 0.873857 0.451823 0.874771 0.452474 0.873857 0.453125 0.873857 0.453776 0.874771 0.454427 0.874771 0.455078 0.874771 0.455729 0.874771 0.456380 0.873857 0.457031 0.873857 0.457682 0.872943 0.457682 0.872029 0.457682 0.871115 0.457682 0.870201 0.457031 0.869287 0.457031 0.868373 0.457031 0.867459 0.457031 0.866545 0.457682 0.865631 0.457682 0.864717 0.457682 0.863803 0.458333 0.862888 0.457682 0.861974 0.457682 0.861060 0.458333 0.860146 0.458333 0.859232 0.458984 0.858318 0.458984 0.857404 0.458333 0.856490 0.458333 0.855576 0.457682 0.854662 0.457031 0.854662 0.456380 0.853748 0.455729 0.852834 0.455729 0.851920 0.455729 0.851005 0.455729 0.850091 0.455729 0.849177 0.456380 0.848263 0.456380 0.847349 0.456380 0.846435 0.456380 0.845521 0.456380 0.844607 0.456380 0.843693 0.456380 0.842779 0.456380 0.841865 0.456380 0.840951 0.455729 0.840037 0.455078 0.839122 0.454427 0.840037 0.453776 0.839122
0 0.421875 0.835466 0.421224 0.836380 0.420573 0.836380 0.419922 0.837294 0.419271 0.837294 0.418620 0.838208 0.417969 0.838208 0.417969 0.839122 0.417318 0.840037 0.417318 0.840951 0.417318 0.841865 0.416667 0.842779 0.416667 0.843693 0.416667 0.844607 0.416667 0.845521 0.416667 0.846435 0.416016 0.847349 0.416016 0.848263 0.416016 0.849177 0.416016 0.850091 0.416016 0.851005 0.416667 0.851920 0.416667 0.852834 0.417318 0.853748 0.417318 0.854662 0.417969 0.855576 0.417969 0.856490 0.417969 0.857404 0.417969 0.858318 0.417969 0.859232 0.418620 0.860146 0.418620 0.861060 0.418620 0.861974 0.418620 0.862888 0.419271 0.863803 0.418620 0.864717 0.419271 0.865631 0.419271 0.866545 0.419271 0.867459 0.419271 0.868373 0.419271 0.869287 0.419271 0.870201 0.419922 0.871115 0.419271 0.872029 0.419922 0.872943 0.420573 0.873857 0.420573 0.874771 0.421224 0.875686 0.421224 0.876600 0.421875 0.877514 0.421875 0.878428 0.422526 0.879342 0.423177 0.880256 0.423177 0.881170 0.423828 0.882084 0.423177 0.882998 0.422526 0.883912 0.422526 0.884826 0.421875 0.885740 0.421875 0.886654 0.422526 0.887569 0.423177 0.888483 0.423828 0.889397 0.424479 0.889397 0.425130 0.889397 0.425781 0.889397 0.426432 0.889397 0.427083 0.889397 0.427734 0.889397 0.428385 0.889397 0.429036 0.889397 0.429688 0.889397 0.430339 0.888483 0.429688 0.887569 0.429036 0.886654 0.428385 0.886654 0.427734 0.885740 0.427083 0.884826 0.427083 0.883912 0.427734 0.882998 0.428385 0.882084 0.429036 0.881170 0.429036 0.880256 0.429688 0.879342 0.429688 0.878428 0.430339 0.877514 0.430339 0.876600 0.430990 0.875686 0.430990 0.874771 0.430990 0.873857 0.431641 0.872943 0.431641 0.872029 0.431641 0.871115 0.431641 0.870201 0.430990 0.869287 0.430339 0.870201 0.429688 0.870201 0.429036 0.870201 0.428385 0.870201 0.427734 0.870201 0.427083 0.871115 0.426432 0.870201 0.425781 0.869287 0.426432 0.868373 0.425781 0.867459 0.426432 0.866545 0.427083 0.865631 0.427083 0.864717 0.427734 0.863803 0.428385 0.862888 0.429036 0.861974 0.429688 0.861060 0.429688 0.860146 0.430339 0.859232 0.430339 0.858318 0.430990 0.857404 0.430990 0.856490 0.430990 0.855576 0.430990 0.854662 0.430990 0.853748 0.430339 0.854662 0.429688 0.854662 0.429036 0.854662 0.429036 0.855576 0.428385 0.856490 0.427734 0.857404 0.427083 0.858318 0.426432 0.859232 0.425781 0.860146 0.425130 0.860146 0.424479 0.859232 0.423828 0.858318 0.423828 0.857404 0.423828 0.856490 0.423828 0.855576 0.424479 0.854662 0.424479 0.853748 0.423828 0.852834 0.424479 0.851920 0.424479 0.851005 0.424479 0.850091 0.424479 0.849177 0.424479 0.848263 0.424479 0.847349 0.425130 0.846435 0.425130 0.845521 0.425130 0.844607 0.425130 0.843693 0.425130 0.842779 0.425130 0.841865 0.425130 0.840951 0.425781 0.840037 0.425130 0.839122 0.425130 0.838208 0.425130 0.837294 0.424479 0.836380 0.423828 0.835466 0.423177 0.835466 0.422526 0.835466
0 0.824870 0.832724 0.824870 0.833638 0.824219 0.834552 0.824219 0.835466 0.824870 0.836380 0.824870 0.837294 0.824870 0.838208 0.825521 0.839122 0.825521 0.840037 0.825521 0.840951 0.826172 0.841865 0.825521 0.842779 0.826172 0.843693 0.826172 0.844607 0.826172 0.845521 0.826823 0.846435 0.827474 0.847349 0.827474 0.848263 0.828125 0.849177 0.828125 0.850091 0.828125 0.851005 0.828125 0.851920 0.828125 0.852834 0.827474 0.853748 0.826823 0.854662 0.826172 0.855576 0.825521 0.855576 0.824870 0.854662 0.824219 0.853748 0.824219 0.852834 0.824219 0.851920 0.823568 0.851005 0.824219 0.850091 0.823568 0.849177 0.822917 0.848263 0.822917 0.847349 0.822266 0.846435 0.821615 0.845521 0.821615 0.844607 0.821615 0.843693 0.820964 0.842779 0.820964 0.841865 0.820312 0.840951 0.819661 0.840037 0.819661 0.839122 0.819010 0.838208 0.819010 0.837294 0.818359 0.836380 0.819010 0.835466 0.818359 0.835466 0.817708 0.834552 0.817057 0.834552 0.816406 0.834552 0.815755 0.834552 0.815104 0.835466 0.815104 0.836380 0.814453 0.837294 0.813802 0.838208 0.813151 0.839122 0.812500 0.839122 0.812500 0.840037 0.811849 0.840951 0.811198 0.841865 0.810547 0.842779 0.811198 0.843693 0.810547 0.844607 0.810547 0.845521 0.811198 0.846435 0.810547 0.847349 0.810547 0.848263 0.811198 0.849177 0.810547 0.850091 0.810547 0.851005 0.810547 0.851920 0.809896 0.852834 0.809896 0.853748 0.809245 0.854662 0.809245 0.855576 0.809896 0.856490 0.809896 0.857404 0.809896 0.858318 0.809896 0.859232 0.810547 0.860146 0.810547 0.861060 0.811198 0.861974 0.811198 0.862888 0.811849 0.863803 0.812500 0.864717 0.812500 0.865631 0.813151 0.865631 0.813802 0.866545 0.814453 0.867459 0.815104 0.868373 0.815104 0.869287 0.815104 0.870201 0.814453 0.871115 0.813802 0.872029 0.813151 0.872029 0.812500 0.872943 0.811849 0.872943 0.811198 0.873857 0.810547 0.873857 0.809896 0.874771 0.809245 0.875686 0.809896 0.876600 0.809896 0.877514 0.809245 0.878428 0.809245 0.879342 0.809245 0.880256 0.809896 0.881170 0.810547 0.882084 0.811198 0.882998 0.811849 0.883912 0.812500 0.884826 0.813151 0.884826 0.813802 0.885740 0.814453 0.885740 0.815104 0.884826 0.815755 0.884826 0.816406 0.884826 0.817057 0.883912 0.817708 0.884826 0.818359 0.884826 0.819010 0.883912 0.819661 0.882998 0.820312 0.882084 0.820964 0.882084 0.821615 0.882998 0.822266 0.882998 0.822917 0.883912 0.823568 0.882998 0.824219 0.882998 0.824870 0.882084 0.825521 0.882084 0.826172 0.882998 0.826823 0.883912 0.826823 0.884826 0.827474 0.885740 0.828125 0.886654 0.828776 0.887569 0.829427 0.888483 0.829427 0.889397 0.830078 0.889397 0.830729 0.889397 0.830729 0.888483 0.830729 0.887569 0.831380 0.886654 0.832031 0.885740 0.832682 0.884826 0.833333 0.884826 0.833333 0.883912 0.833984 0.882998 0.833984 0.882084 0.834635 0.881170 0.834635 0.880256 0.834635 0.879342 0.835286 0.878428 0.834635 0.877514 0.834635 0.876600 0.833984 0.875686 0.833984 0.874771 0.834635 0.873857 0.834635 0.872943 0.834635 0.872029 0.834635 0.871115 0.835286 0.870201 0.835286 0.869287 0.835286 0.868373 0.835286 0.867459 0.835286 0.866545 0.835286 0.865631 0.835286 0.864717 0.835286 0.863803 0.835286 0.862888 0.835286 0.861974 0.834635 0.861060 0.834635 0.860146 0.833984 0.860146 0.833333 0.859232 0.832682 0.858318 0.832031 0.857404 0.832031 0.856490 0.831380 0.855576 0.831380 0.854662 0.831380 0.853748 0.830729 0.852834 0.831380 0.851920 0.831380 0.851005 0.831380 0.850091 0.831380 0.849177 0.831380 0.848263 0.831380 0.847349 0.830729 0.846435 0.831380 0.845521 0.831380 0.844607 0.831380 0.843693 0.830729 0.842779 0.830078 0.841865 0.830078 0.840951 0.829427 0.840951 0.828776 0.840037 0.828125 0.839122 0.827474 0.838208 0.828125 0.837294 0.828125 0.836380 0.827474 0.835466 0.827474 0.834552 0.827474 0.833638 0.826823 0.832724 0.826172 0.832724 0.825521 0.832724
0 0.596354 0.831810 0.595703 0.832724 0.595052 0.833638 0.594401 0.832724 0.595052 0.833638 0.595703 0.833638 0.596354 0.834552 0.597005 0.834552 0.597656 0.835466 0.598307 0.836380 0.598958 0.837294 0.599609 0.838208 0.600260 0.839122 0.600260 0.840037 0.600911 0.840951 0.600911 0.841865 0.600911 0.842779 0.601562 0.843693 0.602214 0.844607 0.602214 0.845521 0.602865 0.846435 0.603516 0.847349 0.604167 0.848263 0.604818 0.849177 0.605469 0.850091 0.606120 0.851005 0.606771 0.851920 0.607422 0.852834 0.607422 0.853748 0.608073 0.854662 0.608073 0.855576 0.608073 0.856490 0.608724 0.857404 0.608724 0.858318 0.608724 0.859232 0.609375 0.860146 0.609375 0.861060 0.610026 0.861974 0.610677 0.861974 0.611328 0.862888 0.611979 0.863803 0.611328 0.864717 0.611979 0.865631 0.611979 0.866545 0.611328 0.867459 0.610677 0.868373 0.610677 0.869287 0.611328 0.870201 0.610677 0.871115 0.610677 0.872029 0.610026 0.872943 0.609375 0.873857 0.608724 0.873857 0.608073 0.874771 0.607422 0.874771 0.606771 0.874771 0.606120 0.874771 0.605469 0.875686 0.604818 0.874771 0.604818 0.875686 0.604818 0.876600 0.604818 0.877514 0.604818 0.878428 0.604818 0.879342 0.605469 0.880256 0.605469 0.881170 0.606120 0.882084 0.606120 0.882998 0.606771 0.883912 0.606771 0.884826 0.606771 0.885740 0.606120 0.886654 0.605469 0.887569 0.604818 0.886654 0.604167 0.885740 0.603516 0.884826 0.602865 0.883912 0.602214 0.883912 0.601562 0.883912 0.600911 0.883912 0.600260 0.883912 0.599609 0.882998 0.598958 0.883912 0.598307 0.882998 0.597656 0.882998 0.597005 0.882998 0.596354 0.882998 0.595703 0.882998 0.595052 0.882998 0.594401 0.883912 0.593750 0.883912 0.593099 0.883912 0.592448 0.882998 0.591797 0.883912 0.591146 0.883912 0.590495 0.882998 0.589844 0.882998 0.589193 0.882998 0.588542 0.882998 0.587891 0.883912 0.587240 0.883912 0.586589 0.882998 0.585938 0.882998 0.585286 0.882998 0.584635 0.882998 0.583984 0.882998 0.583333 0.883912 0.583333 0.884826 0.582682 0.885740 0.582682 0.886654 0.582682 0.887569 0.582682 0.888483 0.583333 0.889397 0.583984 0.889397 0.584635 0.889397 0.585286 0.888483 0.585938 0.889397 0.586589 0.889397 0.587240 0.889397 0.587891 0.889397 0.588542 0.889397 0.589193 0.889397 0.589844 0.889397 0.590495 0.889397 0.591146 0.889397 0.591797 0.889397 0.592448 0.889397 0.593099 0.888483 0.593750 0.888483 0.594401 0.888483 0.595052 0.888483 0.595703 0.888483 0.596354 0.889397 0.597005 0.888483 0.597656 0.888483 0.598307 0.888483 0.598958 0.888483 0.599609 0.888483 0.600260 0.888483 0.600911 0.889397 0.601562 0.889397 0.602214 0.889397 0.602865 0.889397 0.603516 0.889397 0.604167 0.889397 0.604818 0.889397 0.605469 0.889397 0.606120 0.889397 0.606771 0.889397 0.607422 0.889397 0.607422 0.888483 0.608073 0.887569 0.608724 0.886654 0.609375 0.885740 0.610026 0.884826 0.610677 0.884826 0.611328 0.884826 0.611328 0.883912 0.610677 0.882998 0.610677 0.882084 0.610677 0.881170 0.610026 0.880256 0.610026 0.879342 0.610677 0.878428 0.610026 0.877514 0.610677 0.876600 0.611328 0.875686 0.611979 0.874771 0.612630 0.873857 0.613281 0.873857 0.612630 0.872943 0.613281 0.872029 0.613281 0.871115 0.613281 0.870201 0.613932 0.869287 0.613932 0.868373 0.613281 0.867459 0.613281 0.866545 0.613281 0.865631 0.613281 0.864717 0.613932 0.863803 0.614583 0.862888 0.615234 0.861974 0.615234 0.861060 0.615234 0.860146 0.615234 0.859232 0.614583 0.858318 0.614583 0.857404 0.614583 0.856490 0.615234 0.855576 0.615234 0.854662 0.615234 0.853748 0.615234 0.852834 0.615234 0.851920 0.615234 0.851005 0.615234 0.850091 0.615234 0.849177 0.615234 0.848263 0.615234 0.847349 0.614583 0.846435 0.614583 0.845521 0.614583 0.844607 0.613932 0.843693 0.613932 0.842779 0.613281 0.842779 0.612630 0.841865 0.611979 0.840951 0.611328 0.840037 0.610677 0.839122 0.610026 0.838208 0.610026 0.837294 0.609375 0.837294 0.608724 0.836380 0.608073 0.836380 0.607422 0.836380 0.606771 0.836380 0.606120 0.837294 0.605469 0.838208 0.604818 0.838208 0.604167 0.838208 0.603516 0.837294 0.602865 0.836380 0.602214 0.837294 0.601562 0.836380 0.600911 0.835466 0.600260 0.834552 0.599609 0.833638 0.598958 0.832724 0.598307 0.831810 0.597656 0.831810 0.597005 0.831810
0 0.003906 0.831810 0.003255 0.832724 0.002604 0.832724 0.001953 0.833638 0.001302 0.834552 0.001302 0.835466 0.000651 0.836380 0.000651 0.837294 0.000651 0.838208 0.000651 0.839122 0.001302 0.840037 0.001302 0.840951 0.001302 0.841865 0.001953 0.842779 0.001953 0.843693 0.001302 0.844607 0.000651 0.845521 0.000651 0.846435 0.000651 0.847349 0.001302 0.848263 0.001302 0.849177 0.001302 0.850091 0.001302 0.851005 0.001302 0.851920 0.001953 0.852834 0.001953 0.853748 0.002604 0.854662 0.002604 0.855576 0.003255 0.856490 0.003255 0.857404 0.003255 0.858318 0.002604 0.859232 0.002604 0.860146 0.001953 0.861060 0.002604 0.861974 0.002604 0.862888 0.002604 0.863803 0.002604 0.864717 0.002604 0.865631 0.001953 0.866545 0.001953 0.867459 0.001953 0.868373 0.001953 0.869287 0.001302 0.870201 0.001953 0.871115 0.001302 0.872029 0.001953 0.872029 0.002604 0.872943 0.003255 0.873857 0.003906 0.874771 0.003255 0.875686 0.003906 0.876600 0.004557 0.877514 0.004557 0.878428 0.003906 0.879342 0.003255 0.880256 0.002604 0.880256 0.001953 0.881170 0.001953 0.882084 0.001953 0.882998 0.001953 0.883912 0.002604 0.884826 0.002604 0.885740 0.003255 0.886654 0.003255 0.887569 0.002604 0.888483 0.001953 0.889397 0.001302 0.889397 0.001953 0.889397 0.002604 0.889397 0.003255 0.889397 0.003906 0.889397 0.004557 0.889397 0.005208 0.889397 0.005859 0.889397 0.006510 0.889397 0.007161 0.889397 0.007812 0.889397 0.008464 0.888483 0.009115 0.888483 0.009766 0.888483 0.010417 0.887569 0.011068 0.886654 0.011719 0.885740 0.012370 0.884826 0.012370 0.883912 0.011719 0.882998 0.011719 0.882084 0.011068 0.881170 0.011719 0.880256 0.012370 0.879342 0.013021 0.879342 0.013672 0.878428 0.014323 0.878428 0.014323 0.877514 0.014323 0.876600 0.014974 0.875686 0.015625 0.874771 0.016276 0.873857 0.016927 0.872943 0.017578 0.872029 0.017578 0.871115 0.018229 0.870201 0.018880 0.869287 0.018229 0.868373 0.018229 0.867459 0.017578 0.867459 0.016927 0.867459 0.016276 0.867459 0.015625 0.866545 0.014974 0.865631 0.014323 0.864717 0.014974 0.863803 0.014323 0.862888 0.014323 0.861974 0.014323 0.861060 0.014323 0.860146 0.014974 0.859232 0.014974 0.858318 0.015625 0.857404 0.016276 0.856490 0.016927 0.855576 0.016927 0.854662 0.016927 0.853748 0.017578 0.852834 0.016927 0.851920 0.016927 0.851005 0.016927 0.850091 0.016927 0.849177 0.016927 0.848263 0.017578 0.847349 0.016927 0.847349 0.016276 0.846435 0.015625 0.845521 0.014974 0.845521 0.014323 0.846435 0.013672 0.845521 0.013021 0.845521 0.013021 0.846435 0.012370 0.847349 0.012370 0.848263 0.012370 0.849177 0.012370 0.850091 0.011719 0.851005 0.012370 0.851920 0.011719 0.852834 0.011719 0.853748 0.011068 0.854662 0.011068 0.855576 0.010417 0.856490 0.009766 0.857404 0.009115 0.856490 0.008464 0.855576 0.007812 0.854662 0.007161 0.853748 0.007161 0.852834 0.006510 0.851920 0.007161 0.851005 0.006510 0.850091 0.007161 0.849177 0.007161 0.848263 0.007161 0.847349 0.007161 0.846435 0.007161 0.845521 0.007161 0.844607 0.007812 0.843693 0.008464 0.842779 0.008464 0.841865 0.008464 0.840951 0.009115 0.840037 0.009115 0.839122 0.009766 0.838208 0.009766 0.837294 0.009766 0.836380 0.009766 0.835466 0.009115 0.834552 0.009115 0.833638 0.008464 0.832724 0.007812 0.832724 0.007161 0.832724 0.006510 0.832724 0.005859 0.831810 0.005208 0.832724 0.004557 0.832724
0 0.932292 0.829068 0.931641 0.829982 0.930990 0.829982 0.930339 0.829982 0.930339 0.830896 0.929688 0.831810 0.929036 0.832724 0.929688 0.833638 0.929036 0.834552 0.929688 0.835466 0.929036 0.836380 0.929036 0.837294 0.929688 0.838208 0.929688 0.839122 0.929688 0.840037 0.929688 0.840951 0.929688 0.841865 0.930339 0.842779 0.930339 0.843693 0.930339 0.844607 0.930339 0.845521 0.930990 0.846435 0.930990 0.847349 0.931641 0.848263 0.930990 0.849177 0.930339 0.850091 0.929688 0.850091 0.929036 0.850091 0.928385 0.849177 0.927734 0.849177 0.927083 0.848263 0.926432 0.847349 0.925781 0.846435 0.925130 0.846435 0.924479 0.846435 0.923828 0.845521 0.923177 0.845521 0.922526 0.846435 0.922526 0.847349 0.922526 0.848263 0.922526 0.849177 0.921875 0.850091 0.922526 0.851005 0.923177 0.851920 0.923177 0.852834 0.923177 0.853748 0.923828 0.854662 0.924479 0.855576 0.924479 0.856490 0.925130 0.857404 0.925781 0.857404 0.926432 0.858318 0.927083 0.859232 0.927083 0.860146 0.927734 0.861060 0.927734 0.861974 0.928385 0.862888 0.927734 0.863803 0.927083 0.864717 0.927083 0.865631 0.927083 0.866545 0.926432 0.867459 0.927083 0.868373 0.927734 0.869287 0.927734 0.870201 0.928385 0.870201 0.929036 0.871115 0.929688 0.871115 0.930339 0.871115 0.930990 0.872029 0.931641 0.872943 0.932292 0.873857 0.932943 0.874771 0.932943 0.875686 0.933594 0.875686 0.934245 0.875686 0.934896 0.874771 0.934896 0.873857 0.934896 0.872943 0.935547 0.872029 0.935547 0.871115 0.935547 0.870201 0.936198 0.869287 0.936849 0.868373 0.937500 0.868373 0.938151 0.867459 0.938802 0.867459 0.938802 0.866545 0.938802 0.865631 0.938802 0.864717 0.938802 0.863803 0.939453 0.862888 0.938802 0.861974 0.939453 0.861060 0.940104 0.860146 0.940755 0.860146 0.941406 0.861060 0.942057 0.861974 0.942708 0.862888 0.942708 0.863803 0.942708 0.864717 0.942708 0.865631 0.942708 0.866545 0.942708 0.867459 0.942708 0.868373 0.942708 0.869287 0.942057 0.870201 0.942708 0.871115 0.942057 0.872029 0.941406 0.872943 0.942057 0.873857 0.941406 0.874771 0.941406 0.875686 0.941406 0.876600 0.940755 0.877514 0.941406 0.878428 0.941406 0.879342 0.942057 0.879342 0.942708 0.880256 0.943359 0.880256 0.944010 0.880256 0.944661 0.879342 0.944661 0.878428 0.945312 0.877514 0.945964 0.876600 0.946615 0.875686 0.945964 0.874771 0.945312 0.873857 0.945964 0.872943 0.945312 0.872029 0.945964 0.871115 0.945964 0.870201 0.946615 0.869287 0.946615 0.868373 0.947266 0.867459 0.947917 0.866545 0.948568 0.865631 0.949219 0.864717 0.949219 0.863803 0.949870 0.862888 0.949870 0.861974 0.949219 0.861060 0.949219 0.860146 0.949219 0.859232 0.949219 0.858318 0.949219 0.857404 0.949219 0.856490 0.949219 0.855576 0.949219 0.854662 0.949219 0.853748 0.949219 0.852834 0.948568 0.851920 0.948568 0.851005 0.948568 0.850091 0.947917 0.850091 0.947266 0.850091 0.946615 0.851005 0.945964 0.850091 0.945964 0.851005 0.945312 0.851920 0.944661 0.852834 0.944010 0.853748 0.943359 0.854662 0.942708 0.854662 0.942057 0.854662 0.942057 0.855576 0.941406 0.856490 0.941406 0.857404 0.940755 0.858318 0.940104 0.859232 0.939453 0.859232 0.938802 0.858318 0.938151 0.858318 0.937500 0.857404 0.936849 0.856490 0.936849 0.855576 0.936849 0.854662 0.936849 0.853748 0.936849 0.852834 0.936849 0.851920 0.936849 0.851005 0.937500 0.850091 0.937500 0.849177 0.937500 0.848263 0.937500 0.847349 0.938151 0.846435 0.937500 0.845521 0.938151 0.844607 0.938151 0.843693 0.938802 0.842779 0.938802 0.841865 0.939453 0.840951 0.939453 0.840037 0.939453 0.839122 0.939453 0.838208 0.939453 0.837294 0.938802 0.836380 0.938802 0.835466 0.938151 0.835466 0.937500 0.834552 0.936849 0.833638 0.936198 0.832724 0.935547 0.831810 0.934896 0.831810 0.934245 0.830896 0.933594 0.829982 0.932943 0.829982
0 0.498047 0.828154 0.497396 0.829068 0.496745 0.829982 0.496094 0.830896 0.496094 0.831810 0.496094 0.832724 0.495443 0.833638 0.496094 0.834552 0.496094 0.835466 0.496094 0.836380 0.496094 0.837294 0.496094 0.838208 0.496745 0.839122 0.496745 0.840037 0.497396 0.840951 0.497396 0.841865 0.497396 0.842779 0.497396 0.843693 0.498047 0.844607 0.498047 0.845521 0.498047 0.846435 0.498698 0.847349 0.499349 0.848263 0.499349 0.849177 0.499349 0.850091 0.500000 0.851005 0.500000 0.851920 0.500651 0.852834 0.501302 0.853748 0.501302 0.854662 0.501953 0.855576 0.502604 0.856490 0.503255 0.857404 0.503906 0.858318 0.503906 0.859232 0.504557 0.860146 0.503906 0.861060 0.503255 0.861974 0.503255 0.862888 0.502604 0.863803 0.501953 0.864717 0.501302 0.863803 0.500651 0.862888 0.500000 0.861974 0.500000 0.861060 0.499349 0.860146 0.498698 0.859232 0.498047 0.859232 0.497396 0.858318 0.496745 0.857404 0.496094 0.858318 0.496745 0.859232 0.496094 0.860146 0.496094 0.861060 0.496745 0.861974 0.496094 0.862888 0.495443 0.863803 0.495443 0.864717 0.494792 0.865631 0.495443 0.866545 0.495443 0.867459 0.495443 0.868373 0.496094 0.869287 0.496094 0.870201 0.496745 0.871115 0.496745 0.872029 0.496094 0.872943 0.496094 0.873857 0.496094 0.874771 0.496094 0.875686 0.496745 0.876600 0.496745 0.877514 0.497396 0.877514 0.498047 0.878428 0.498698 0.879342 0.499349 0.880256 0.500000 0.881170 0.499349 0.882084 0.500000 0.882998 0.499349 0.883912 0.499349 0.884826 0.499349 0.885740 0.500000 0.886654 0.500000 0.887569 0.500651 0.887569 0.501302 0.888483 0.501953 0.889397 0.502604 0.889397 0.503255 0.889397 0.503906 0.889397 0.504557 0.889397 0.505208 0.889397 0.505859 0.889397 0.506510 0.889397 0.507161 0.889397 0.507812 0.889397 0.508464 0.889397 0.509115 0.889397 0.509766 0.889397 0.509766 0.888483 0.509115 0.887569 0.509115 0.886654 0.509115 0.885740 0.508464 0.884826 0.508464 0.883912 0.508464 0.882998 0.508464 0.882084 0.508464 0.881170 0.508464 0.880256 0.509115 0.879342 0.509115 0.878428 0.509115 0.877514 0.509766 0.876600 0.509766 0.875686 0.510417 0.874771 0.511068 0.873857 0.511068 0.872943 0.511719 0.872029 0.511719 0.871115 0.512370 0.870201 0.513021 0.869287 0.513021 0.868373 0.513672 0.867459 0.514323 0.866545 0.514323 0.865631 0.514974 0.864717 0.515625 0.863803 0.516276 0.862888 0.516276 0.861974 0.516927 0.861060 0.517578 0.860146 0.518229 0.860146 0.518880 0.860146 0.519531 0.859232 0.520182 0.859232 0.520833 0.858318 0.521484 0.857404 0.521484 0.856490 0.521484 0.855576 0.521484 0.854662 0.520833 0.854662 0.520182 0.854662 0.519531 0.854662 0.518880 0.854662 0.518229 0.854662 0.517578 0.855576 0.516927 0.856490 0.516276 0.855576 0.515625 0.856490 0.514974 0.857404 0.514323 0.858318 0.513672 0.858318 0.513021 0.858318 0.512370 0.858318 0.511719 0.857404 0.511068 0.856490 0.511068 0.855576 0.511068 0.854662 0.511719 0.853748 0.511719 0.852834 0.511719 0.851920 0.512370 0.851005 0.513021 0.850091 0.513672 0.849177 0.514323 0.848263 0.514974 0.847349 0.515625 0.846435 0.516276 0.845521 0.516276 0.844607 0.515625 0.843693 0.515625 0.842779 0.514974 0.841865 0.514323 0.841865 0.513672 0.841865 0.513021 0.841865 0.512370 0.841865 0.511719 0.842779 0.511068 0.843693 0.510417 0.844607 0.510417 0.845521 0.510417 0.846435 0.509766 0.847349 0.509115 0.848263 0.508464 0.849177 0.508464 0.850091 0.507812 0.851005 0.507161 0.851920 0.506510 0.852834 0.505859 0.852834 0.505208 0.851920 0.504557 0.851005 0.503906 0.850091 0.504557 0.849177 0.503906 0.848263 0.504557 0.847349 0.504557 0.846435 0.504557 0.845521 0.504557 0.844607 0.505208 0.843693 0.505208 0.842779 0.505208 0.841865 0.505859 0.840951 0.505859 0.840037 0.505208 0.839122 0.505208 0.838208 0.505208 0.837294 0.504557 0.836380 0.504557 0.835466 0.503906 0.834552 0.503255 0.833638 0.503255 0.832724 0.502604 0.831810 0.501953 0.830896 0.501302 0.829982 0.500651 0.829068 0.500000 0.828154 0.499349 0.828154 0.498698 0.828154
0 0.847005 0.824497 0.846354 0.825411 0.847005 0.826325 0.846354 0.827239 0.845703 0.828154 0.846354 0.829068 0.846354 0.829982 0.847005 0.830896 0.847656 0.831810 0.848307 0.832724 0.848958 0.832724 0.849609 0.832724 0.850260 0.833638 0.850911 0.833638 0.851562 0.834552 0.852214 0.835466 0.852865 0.836380 0.853516 0.837294 0.854167 0.838208 0.854167 0.839122 0.854818 0.840037 0.854818 0.840951 0.854818 0.841865 0.854818 0.842779 0.854818 0.843693 0.854167 0.844607 0.854167 0.845521 0.854818 0.846435 0.854167 0.847349 0.854167 0.848263 0.854167 0.849177 0.854167 0.850091 0.854167 0.851005 0.854167 0.851920 0.854167 0.852834 0.854167 0.853748 0.854818 0.854662 0.855469 0.855576 0.854818 0.856490 0.854818 0.857404 0.855469 0.858318 0.854818 0.859232 0.855469 0.860146 0.854818 0.861060 0.854167 0.861974 0.853516 0.862888 0.852865 0.861974 0.852214 0.861974 0.851562 0.861060 0.850911 0.860146 0.850260 0.859232 0.850260 0.858318 0.849609 0.857404 0.849609 0.856490 0.849609 0.855576 0.848958 0.854662 0.848958 0.853748 0.848958 0.852834 0.848307 0.851920 0.848307 0.851005 0.848307 0.850091 0.848307 0.849177 0.847656 0.848263 0.847656 0.847349 0.847656 0.846435 0.847005 0.846435 0.846354 0.845521 0.845703 0.844607 0.845052 0.843693 0.845052 0.842779 0.845052 0.841865 0.844401 0.840951 0.844401 0.840037 0.843750 0.840037 0.843099 0.839122 0.842448 0.840037 0.842448 0.840951 0.842448 0.841865 0.842448 0.842779 0.842448 0.843693 0.843099 0.844607 0.843750 0.845521 0.843099 0.846435 0.843750 0.847349 0.843750 0.848263 0.843750 0.849177 0.843750 0.850091 0.843099 0.851005 0.843099 0.851920 0.843099 0.852834 0.842448 0.853748 0.842448 0.854662 0.842448 0.855576 0.842448 0.856490 0.842448 0.857404 0.843099 0.858318 0.843099 0.859232 0.843750 0.860146 0.844401 0.861060 0.844401 0.861974 0.844401 0.862888 0.844401 0.863803 0.843750 0.864717 0.843099 0.865631 0.843750 0.864717 0.844401 0.865631 0.845052 0.866545 0.845052 0.867459 0.845703 0.866545 0.846354 0.866545 0.847005 0.866545 0.847656 0.866545 0.848307 0.867459 0.848958 0.867459 0.849609 0.868373 0.850260 0.867459 0.850911 0.868373 0.851562 0.869287 0.852214 0.868373 0.852865 0.868373 0.853516 0.869287 0.854167 0.870201 0.854818 0.871115 0.854167 0.872029 0.854167 0.872943 0.854167 0.873857 0.853516 0.874771 0.852865 0.875686 0.852214 0.875686 0.851562 0.876600 0.850911 0.877514 0.850260 0.878428 0.849609 0.879342 0.849609 0.880256 0.849609 0.881170 0.849609 0.882084 0.849609 0.882998 0.850260 0.883912 0.850911 0.884826 0.850911 0.885740 0.850911 0.886654 0.850911 0.887569 0.850260 0.888483 0.850260 0.889397 0.850911 0.889397 0.851562 0.889397 0.852214 0.889397 0.852865 0.889397 0.853516 0.889397 0.854167 0.889397 0.854167 0.888483 0.853516 0.887569 0.852865 0.887569 0.852214 0.886654 0.851562 0.885740 0.851562 0.884826 0.851562 0.883912 0.852214 0.882998 0.852865 0.882084 0.853516 0.881170 0.854167 0.880256 0.854818 0.880256 0.855469 0.881170 0.856120 0.882084 0.856771 0.882998 0.856771 0.883912 0.857422 0.884826 0.857422 0.885740 0.858073 0.886654 0.858724 0.887569 0.858724 0.888483 0.859375 0.888483 0.860026 0.889397 0.860677 0.889397 0.861328 0.889397 0.861979 0.889397 0.862630 0.889397 0.863281 0.889397 0.863932 0.889397 0.864583 0.889397 0.865234 0.889397 0.865885 0.889397 0.866536 0.889397 0.867188 0.889397 0.867839 0.889397 0.868490 0.889397 0.869141 0.889397 0.869792 0.889397 0.870443 0.889397 0.870443 0.888483 0.870443 0.887569 0.869792 0.886654 0.869141 0.885740 0.868490 0.884826 0.867839 0.883912 0.867188 0.884826 0.866536 0.884826 0.865885 0.884826 0.865234 0.883912 0.864583 0.883912 0.863932 0.883912 0.863281 0.882998 0.862630 0.882084 0.861979 0.881170 0.861979 0.880256 0.861328 0.879342 0.861328 0.878428 0.861328 0.877514 0.861328 0.876600 0.861979 0.875686 0.861979 0.874771 0.861979 0.873857 0.861979 0.872943 0.862630 0.872029 0.863281 0.871115 0.863281 0.870201 0.863281 0.869287 0.863281 0.868373 0.863281 0.867459 0.863281 0.866545 0.863281 0.865631 0.863932 0.864717 0.863932 0.863803 0.863932 0.862888 0.864583 0.861974 0.864583 0.861060 0.863932 0.860146 0.864583 0.859232 0.865234 0.858318 0.865234 0.857404 0.865234 0.856490 0.865234 0.855576 0.865234 0.854662 0.864583 0.853748 0.864583 0.852834 0.863932 0.851920 0.863281 0.851920 0.862630 0.852834 0.861979 0.853748 0.861328 0.854662 0.860677 0.855576 0.860026 0.854662 0.859375 0.853748 0.859375 0.852834 0.859375 0.851920 0.859375 0.851005 0.859375 0.850091 0.858724 0.849177 0.858724 0.848263 0.859375 0.847349 0.859375 0.846435 0.860026 0.845521 0.860677 0.844607 0.860677 0.843693 0.861328 0.842779 0.860677 0.841865 0.861328 0.840951 0.860677 0.840037 0.860677 0.839122 0.860677 0.838208 0.860677 0.837294 0.860677 0.836380 0.861328 0.835466 0.860677 0.834552 0.860677 0.833638 0.860677 0.832724 0.860677 0.831810 0.860026 0.830896 0.860026 0.829982 0.859375 0.829068 0.858724 0.828154 0.858073 0.827239 0.857422 0.827239 0.856771 0.827239 0.856120 0.826325 0.855469 0.827239 0.854818 0.826325 0.854167 0.826325 0.853516 0.826325 0.852865 0.826325 0.852214 0.825411 0.851562 0.826325 0.850911 0.825411 0.850260 0.825411 0.849609 0.825411 0.848958 0.825411 0.848307 0.824497 0.847656 0.824497
0 0.362630 0.818099 0.361979 0.819013 0.361328 0.819013 0.360677 0.819013 0.360026 0.819927 0.359375 0.819927 0.358724 0.819013 0.358073 0.819927 0.357422 0.820841 0.356771 0.821755 0.356120 0.822669 0.355469 0.823583 0.355469 0.824497 0.356120 0.825411 0.356771 0.825411 0.357422 0.826325 0.358073 0.827239 0.358724 0.827239 0.359375 0.828154 0.360026 0.829068 0.360026 0.829982 0.360677 0.830896 0.361328 0.831810 0.361979 0.832724 0.361979 0.833638 0.361979 0.834552 0.361979 0.835466 0.362630 0.836380 0.362630 0.837294 0.362630 0.838208 0.362630 0.839122 0.361979 0.840037 0.361979 0.840951 0.361979 0.841865 0.361328 0.842779 0.361328 0.843693 0.361328 0.844607 0.361328 0.845521 0.361328 0.846435 0.361328 0.847349 0.361328 0.848263 0.361328 0.849177 0.360677 0.850091 0.361328 0.851005 0.361328 0.851920 0.361979 0.852834 0.361979 0.853748 0.361979 0.854662 0.361979 0.855576 0.361979 0.856490 0.361979 0.857404 0.361979 0.858318 0.361328 0.859232 0.361979 0.860146 0.361979 0.861060 0.361328 0.861974 0.361328 0.862888 0.360677 0.863803 0.360677 0.864717 0.360677 0.865631 0.360677 0.866545 0.361328 0.867459 0.360677 0.868373 0.361328 0.869287 0.361328 0.870201 0.361328 0.871115 0.361328 0.872029 0.361979 0.872943 0.361979 0.873857 0.361979 0.874771 0.362630 0.875686 0.363281 0.876600 0.363281 0.877514 0.363932 0.878428 0.364583 0.879342 0.365234 0.879342 0.365885 0.878428 0.366536 0.878428 0.367188 0.878428 0.367839 0.878428 0.368490 0.879342 0.369141 0.880256 0.369141 0.881170 0.369792 0.881170 0.370443 0.882084 0.371094 0.882998 0.371745 0.882998 0.372396 0.882998 0.373047 0.882084 0.373698 0.881170 0.374349 0.880256 0.374349 0.879342 0.374349 0.878428 0.375000 0.877514 0.375000 0.876600 0.375000 0.875686 0.375000 0.874771 0.375651 0.873857 0.375000 0.873857 0.374349 0.873857 0.373698 0.872943 0.373047 0.873857 0.372396 0.874771 0.371745 0.874771 0.371094 0.873857 0.370443 0.872943 0.369792 0.872029 0.369792 0.871115 0.369141 0.870201 0.368490 0.869287 0.369141 0.868373 0.368490 0.867459 0.368490 0.866545 0.369141 0.865631 0.369141 0.864717 0.369141 0.863803 0.369792 0.862888 0.369141 0.861974 0.369792 0.861060 0.369792 0.860146 0.370443 0.859232 0.370443 0.858318 0.370443 0.857404 0.371094 0.856490 0.371094 0.855576 0.371094 0.854662 0.371094 0.853748 0.370443 0.852834 0.369792 0.851920 0.369141 0.852834 0.368490 0.853748 0.367839 0.853748 0.367188 0.852834 0.366536 0.851920 0.366536 0.851005 0.366536 0.850091 0.366536 0.849177 0.366536 0.848263 0.365885 0.847349 0.366536 0.846435 0.365885 0.845521 0.365885 0.844607 0.365885 0.843693 0.365234 0.842779 0.365885 0.841865 0.366536 0.840951 0.367188 0.840037 0.367839 0.840037 0.367839 0.839122 0.368490 0.838208 0.367839 0.837294 0.368490 0.836380 0.367839 0.836380 0.367188 0.835466 0.366536 0.834552 0.365885 0.833638 0.365885 0.832724 0.365234 0.831810 0.365234 0.830896 0.365234 0.829982 0.365234 0.829068 0.364583 0.828154 0.364583 0.827239 0.364583 0.826325 0.364583 0.825411 0.365234 0.824497 0.365234 0.823583 0.365234 0.822669 0.364583 0.821755 0.364583 0.820841 0.363932 0.819927 0.363281 0.819013
0 0.387370 0.816271 0.386719 0.817185 0.386068 0.818099 0.385417 0.819013 0.385417 0.819927 0.385417 0.820841 0.385417 0.821755 0.386068 0.822669 0.386068 0.823583 0.386719 0.824497 0.386719 0.825411 0.386719 0.826325 0.386719 0.827239 0.386719 0.828154 0.386719 0.829068 0.387370 0.829982 0.387370 0.830896 0.387370 0.831810 0.387370 0.832724 0.387370 0.833638 0.388021 0.834552 0.387370 0.835466 0.387370 0.836380 0.387370 0.837294 0.388021 0.838208 0.387370 0.839122 0.388021 0.840037 0.387370 0.840951 0.387370 0.841865 0.388021 0.842779 0.388672 0.843693 0.388021 0.844607 0.388672 0.845521 0.388672 0.846435 0.388672 0.847349 0.388672 0.848263 0.388672 0.849177 0.389323 0.850091 0.389323 0.851005 0.389323 0.851920 0.389974 0.852834 0.389974 0.853748 0.390625 0.854662 0.390625 0.855576 0.390625 0.856490 0.391276 0.857404 0.391276 0.858318 0.391276 0.859232 0.391927 0.860146 0.391927 0.861060 0.391927 0.861974 0.391927 0.862888 0.392578 0.863803 0.393229 0.864717 0.392578 0.865631 0.393229 0.866545 0.392578 0.867459 0.392578 0.868373 0.391927 0.869287 0.391927 0.870201 0.391927 0.871115 0.391927 0.872029 0.391276 0.872943 0.391927 0.873857 0.391927 0.874771 0.392578 0.875686 0.392578 0.876600 0.392578 0.877514 0.393229 0.878428 0.393229 0.879342 0.393880 0.880256 0.393229 0.881170 0.393229 0.882084 0.393229 0.882998 0.392578 0.883912 0.393229 0.884826 0.393229 0.885740 0.393880 0.886654 0.393880 0.887569 0.394531 0.888483 0.395182 0.888483 0.395833 0.888483 0.396484 0.888483 0.397135 0.888483 0.397786 0.888483 0.398438 0.888483 0.399089 0.888483 0.399740 0.888483 0.400391 0.888483 0.401042 0.888483 0.401693 0.888483 0.401693 0.887569 0.401693 0.886654 0.402344 0.885740 0.402344 0.884826 0.402995 0.883912 0.402344 0.882998 0.402344 0.882084 0.402995 0.881170 0.402995 0.880256 0.403646 0.879342 0.403646 0.878428 0.404297 0.877514 0.404948 0.876600 0.404297 0.875686 0.403646 0.874771 0.402995 0.873857 0.402344 0.872943 0.402995 0.872029 0.403646 0.871115 0.404297 0.870201 0.404948 0.869287 0.405599 0.868373 0.406250 0.867459 0.406250 0.866545 0.406250 0.865631 0.406901 0.864717 0.406250 0.863803 0.405599 0.862888 0.405599 0.861974 0.405599 0.861060 0.406250 0.860146 0.406250 0.859232 0.406250 0.858318 0.406901 0.857404 0.407552 0.856490 0.408203 0.855576 0.408854 0.854662 0.409505 0.853748 0.410156 0.852834 0.410156 0.851920 0.410807 0.851005 0.410156 0.850091 0.410156 0.849177 0.410156 0.848263 0.410156 0.847349 0.409505 0.847349 0.408854 0.846435 0.408203 0.845521 0.408203 0.844607 0.408203 0.843693 0.408203 0.842779 0.408203 0.841865 0.408203 0.840951 0.408203 0.840037 0.407552 0.839122 0.407552 0.838208 0.406901 0.837294 0.406250 0.836380 0.405599 0.835466 0.404948 0.835466 0.404297 0.835466 0.403646 0.836380 0.402995 0.837294 0.402995 0.838208 0.402995 0.839122 0.402995 0.840037 0.402995 0.840951 0.402995 0.841865 0.403646 0.842779 0.403646 0.843693 0.403646 0.844607 0.404297 0.845521 0.404297 0.846435 0.404297 0.847349 0.404297 0.848263 0.403646 0.849177 0.404297 0.850091 0.403646 0.851005 0.402995 0.851920 0.402344 0.851920 0.401693 0.852834 0.401693 0.853748 0.401042 0.854662 0.401042 0.855576 0.401693 0.856490 0.401042 0.857404 0.401042 0.858318 0.400391 0.859232 0.399740 0.860146 0.399089 0.860146 0.398438 0.859232 0.397786 0.858318 0.397786 0.857404 0.397135 0.856490 0.397786 0.855576 0.397786 0.854662 0.397786 0.853748 0.397786 0.852834 0.398438 0.851920 0.398438 0.851005 0.398438 0.850091 0.397786 0.849177 0.397786 0.848263 0.397135 0.847349 0.397786 0.846435 0.397135 0.845521 0.397786 0.844607 0.397786 0.843693 0.397135 0.842779 0.397786 0.841865 0.397135 0.840951 0.397135 0.840037 0.397135 0.839122 0.397135 0.838208 0.397135 0.837294 0.397135 0.836380 0.396484 0.835466 0.396484 0.834552 0.395833 0.833638 0.395182 0.832724 0.395182 0.831810 0.395182 0.830896 0.394531 0.829982 0.394531 0.829068 0.394531 0.828154 0.394531 0.827239 0.394531 0.826325 0.393880 0.825411 0.393880 0.824497 0.393880 0.823583 0.393880 0.822669 0.393229 0.821755 0.393229 0.820841 0.393229 0.819927 0.392578 0.819013 0.391927 0.818099 0.391276 0.817185 0.390625 0.817185 0.389974 0.817185 0.389323 0.817185 0.388672 0.816271 0.388021 0.816271
0 0.084635 0.816271 0.083984 0.817185 0.083984 0.818099 0.083984 0.819013 0.083984 0.819927 0.084635 0.820841 0.084635 0.821755 0.085286 0.822669 0.085286 0.823583 0.085938 0.824497 0.085938 0.825411 0.086589 0.826325 0.086589 0.827239 0.086589 0.828154 0.086589 0.829068 0.085938 0.829982 0.085286 0.830896 0.084635 0.831810 0.083984 0.832724 0.083333 0.833638 0.082682 0.833638 0.082682 0.834552 0.083333 0.835466 0.082682 0.836380 0.083333 0.837294 0.083333 0.838208 0.083333 0.839122 0.083333 0.840037 0.083333 0.840951 0.083333 0.841865 0.083984 0.842779 0.083984 0.843693 0.083984 0.844607 0.083333 0.845521 0.083333 0.846435 0.083984 0.847349 0.083984 0.848263 0.083984 0.849177 0.084635 0.850091 0.085286 0.851005 0.085286 0.851920 0.084635 0.852834 0.085286 0.853748 0.085286 0.854662 0.084635 0.855576 0.085286 0.856490 0.085938 0.857404 0.085938 0.858318 0.086589 0.859232 0.086589 0.860146 0.086589 0.861060 0.085938 0.861974 0.085286 0.862888 0.084635 0.863803 0.083984 0.864717 0.083333 0.865631 0.082682 0.865631 0.082682 0.866545 0.083333 0.867459 0.082682 0.868373 0.082682 0.869287 0.083333 0.870201 0.083984 0.871115 0.083984 0.872029 0.083984 0.872943 0.084635 0.873857 0.085286 0.874771 0.085286 0.875686 0.084635 0.876600 0.084635 0.877514 0.083984 0.878428 0.083984 0.879342 0.084635 0.880256 0.084635 0.881170 0.084635 0.882084 0.085286 0.882084 0.085938 0.882998 0.086589 0.883912 0.087240 0.884826 0.087240 0.885740 0.087240 0.886654 0.087240 0.887569 0.087240 0.888483 0.087240 0.889397 0.087891 0.889397 0.088542 0.889397 0.089193 0.889397 0.089844 0.889397 0.090495 0.889397 0.091146 0.889397 0.091797 0.889397 0.092448 0.889397 0.093099 0.889397 0.093750 0.888483 0.094401 0.888483 0.095052 0.887569 0.095703 0.886654 0.096354 0.886654 0.097005 0.885740 0.097656 0.885740 0.098307 0.884826 0.098958 0.884826 0.099609 0.883912 0.100260 0.883912 0.100911 0.883912 0.101562 0.883912 0.102214 0.882998 0.101562 0.882084 0.102214 0.881170 0.102214 0.880256 0.102214 0.879342 0.102865 0.878428 0.103516 0.877514 0.104167 0.876600 0.104818 0.875686 0.105469 0.874771 0.106120 0.873857 0.106771 0.872943 0.107422 0.872943 0.108073 0.872943 0.108724 0.872943 0.109375 0.872943 0.110026 0.872029 0.110677 0.872029 0.110026 0.871115 0.110677 0.870201 0.110677 0.869287 0.110677 0.868373 0.110677 0.867459 0.110677 0.866545 0.110026 0.865631 0.109375 0.865631 0.108724 0.865631 0.108073 0.864717 0.107422 0.865631 0.107422 0.866545 0.106771 0.867459 0.106771 0.868373 0.106120 0.869287 0.105469 0.870201 0.104818 0.870201 0.104167 0.869287 0.103516 0.868373 0.102865 0.867459 0.103516 0.866545 0.104167 0.865631 0.104167 0.864717 0.104167 0.863803 0.104818 0.862888 0.105469 0.861974 0.106120 0.862888 0.106771 0.861974 0.107422 0.861060 0.108073 0.861060 0.108724 0.860146 0.109375 0.859232 0.110026 0.858318 0.110677 0.857404 0.110026 0.856490 0.110677 0.855576 0.110026 0.854662 0.110026 0.853748 0.109375 0.853748 0.108724 0.853748 0.108073 0.852834 0.107422 0.852834 0.106771 0.853748 0.106120 0.853748 0.106120 0.854662 0.105469 0.855576 0.104818 0.856490 0.104167 0.856490 0.103516 0.857404 0.102865 0.858318 0.102214 0.859232 0.101562 0.859232 0.100911 0.858318 0.100260 0.857404 0.100260 0.856490 0.100260 0.855576 0.100260 0.854662 0.100260 0.853748 0.099609 0.852834 0.100260 0.851920 0.099609 0.851005 0.098958 0.851920 0.098307 0.851920 0.097656 0.852834 0.097005 0.852834 0.096354 0.852834 0.095703 0.851920 0.095052 0.851005 0.095052 0.850091 0.094401 0.849177 0.094401 0.848263 0.093750 0.847349 0.093750 0.846435 0.093750 0.845521 0.093099 0.844607 0.092448 0.843693 0.091797 0.843693 0.091146 0.842779 0.090495 0.841865 0.089844 0.840951 0.089844 0.840037 0.089193 0.839122 0.089844 0.838208 0.090495 0.837294 0.090495 0.836380 0.091146 0.835466 0.091797 0.834552 0.092448 0.833638 0.093099 0.834552 0.093750 0.833638 0.094401 0.833638 0.095052 0.834552 0.095703 0.834552 0.096354 0.833638 0.097005 0.834552 0.097005 0.833638 0.097656 0.832724 0.098307 0.831810 0.098958 0.830896 0.099609 0.829982 0.100260 0.830896 0.100911 0.829982 0.101562 0.829068 0.102214 0.829068 0.102865 0.828154 0.103516 0.829068 0.104167 0.828154 0.104818 0.828154 0.105469 0.828154 0.106120 0.828154 0.105469 0.827239 0.106120 0.826325 0.106771 0.825411 0.106771 0.824497 0.106771 0.823583 0.106120 0.822669 0.105469 0.821755 0.104818 0.820841 0.104167 0.819927 0.103516 0.819927 0.102865 0.819927 0.102214 0.819927 0.101562 0.820841 0.100911 0.821755 0.100260 0.822669 0.099609 0.821755 0.098958 0.820841 0.098307 0.820841 0.097656 0.820841 0.097005 0.820841 0.096354 0.819927 0.095703 0.819013 0.095052 0.819013 0.094401 0.818099 0.093750 0.818099 0.093099 0.818099 0.092448 0.819013 0.091797 0.819927 0.091146 0.820841 0.090495 0.821755 0.089844 0.822669 0.089193 0.821755 0.088542 0.820841 0.087891 0.819927 0.087891 0.819013 0.087240 0.818099 0.087240 0.817185 0.086589 0.816271 0.085938 0.816271 0.085286 0.816271
0 0.729167 0.815356 0.728516 0.816271 0.727865 0.816271 0.727214 0.817185 0.726562 0.818099 0.725911 0.819013 0.725911 0.819927 0.725260 0.820841 0.724609 0.821755 0.723958 0.822669 0.723958 0.823583 0.723307 0.824497 0.723958 0.825411 0.723958 0.826325 0.723958 0.827239 0.724609 0.828154 0.724609 0.829068 0.724609 0.829982 0.723958 0.830896 0.723307 0.831810 0.722656 0.831810 0.722005 0.831810 0.721354 0.832724 0.720703 0.832724 0.720052 0.832724 0.719401 0.832724 0.718750 0.832724 0.718099 0.832724 0.718099 0.833638 0.717448 0.834552 0.717448 0.835466 0.716797 0.836380 0.716797 0.837294 0.717448 0.838208 0.716797 0.839122 0.717448 0.840037 0.717448 0.840951 0.717448 0.841865 0.717448 0.842779 0.718099 0.843693 0.718750 0.844607 0.718750 0.845521 0.719401 0.846435 0.719401 0.847349 0.720052 0.848263 0.720052 0.849177 0.720703 0.850091 0.720052 0.851005 0.720703 0.851920 0.721354 0.852834 0.721354 0.853748 0.722005 0.854662 0.722656 0.855576 0.722656 0.856490 0.722005 0.857404 0.722656 0.856490 0.723307 0.857404 0.723958 0.858318 0.723307 0.859232 0.723958 0.859232 0.724609 0.860146 0.725260 0.861060 0.725911 0.861974 0.726562 0.861974 0.727214 0.862888 0.727865 0.863803 0.728516 0.864717 0.729167 0.865631 0.729818 0.866545 0.730469 0.867459 0.730469 0.868373 0.729818 0.869287 0.729167 0.870201 0.728516 0.870201 0.727865 0.870201 0.727214 0.870201 0.726562 0.869287 0.725911 0.870201 0.725911 0.871115 0.725260 0.872029 0.725911 0.872943 0.726562 0.873857 0.727214 0.872943 0.727865 0.872943 0.728516 0.873857 0.729167 0.873857 0.729818 0.873857 0.730469 0.873857 0.731120 0.873857 0.731771 0.874771 0.732422 0.875686 0.733073 0.876600 0.733724 0.877514 0.733073 0.878428 0.733073 0.879342 0.733073 0.880256 0.733073 0.881170 0.733073 0.882084 0.732422 0.882998 0.733073 0.883912 0.732422 0.884826 0.731771 0.885740 0.731120 0.885740 0.730469 0.886654 0.729818 0.886654 0.729167 0.886654 0.728516 0.887569 0.727865 0.888483 0.728516 0.889397 0.729167 0.888483 0.729818 0.889397 0.730469 0.889397 0.731120 0.889397 0.731771 0.889397 0.732422 0.889397 0.733073 0.889397 0.733724 0.889397 0.734375 0.889397 0.735026 0.889397 0.735677 0.889397 0.736328 0.889397 0.736979 0.889397 0.737630 0.889397 0.736979 0.888483 0.736328 0.887569 0.736328 0.886654 0.735677 0.885740 0.736328 0.884826 0.736979 0.883912 0.737630 0.882998 0.738281 0.882998 0.738932 0.882998 0.739583 0.883912 0.740234 0.884826 0.740885 0.885740 0.740885 0.886654 0.741536 0.887569 0.742188 0.886654 0.742839 0.887569 0.743490 0.888483 0.744141 0.888483 0.744792 0.888483 0.745443 0.888483 0.746094 0.887569 0.746094 0.886654 0.746745 0.885740 0.746094 0.884826 0.746745 0.883912 0.746094 0.883912 0.745443 0.883912 0.744792 0.882998 0.744141 0.882998 0.743490 0.882998 0.742839 0.882998 0.742188 0.882998 0.741536 0.882084 0.740885 0.882084 0.740234 0.881170 0.739583 0.880256 0.738932 0.879342 0.738281 0.880256 0.737630 0.880256 0.736979 0.880256 0.736328 0.879342 0.735677 0.878428 0.735026 0.877514 0.735026 0.876600 0.734375 0.875686 0.733724 0.874771 0.734375 0.873857 0.734375 0.872943 0.734375 0.872029 0.735026 0.871115 0.735026 0.870201 0.735677 0.869287 0.735677 0.868373 0.736328 0.867459 0.736979 0.866545 0.736979 0.865631 0.737630 0.864717 0.738281 0.863803 0.738932 0.862888 0.739583 0.861974 0.740234 0.862888 0.740885 0.863803 0.740885 0.864717 0.740885 0.865631 0.740885 0.866545 0.740234 0.867459 0.740234 0.868373 0.740234 0.869287 0.739583 0.870201 0.739583 0.871115 0.739583 0.872029 0.739583 0.872943 0.738932 0.873857 0.739583 0.874771 0.738932 0.875686 0.739583 0.875686 0.740234 0.874771 0.740885 0.874771 0.741536 0.873857 0.742188 0.872943 0.742839 0.872029 0.743490 0.871115 0.744141 0.871115 0.744792 0.870201 0.745443 0.869287 0.746094 0.868373 0.746745 0.867459 0.746745 0.866545 0.746094 0.865631 0.745443 0.864717 0.744792 0.863803 0.744792 0.862888 0.744792 0.861974 0.745443 0.861060 0.746094 0.860146 0.746745 0.860146 0.747396 0.859232 0.747396 0.858318 0.748047 0.857404 0.748047 0.856490 0.748047 0.855576 0.748698 0.854662 0.749349 0.853748 0.750000 0.852834 0.750000 0.851920 0.750000 0.851005 0.750000 0.850091 0.750651 0.849177 0.751302 0.848263 0.751302 0.847349 0.751302 0.846435 0.751302 0.845521 0.751953 0.844607 0.751953 0.843693 0.752604 0.842779 0.752604 0.841865 0.753255 0.840951 0.753255 0.840037 0.753906 0.839122 0.753906 0.838208 0.753906 0.837294 0.753255 0.836380 0.753255 0.835466 0.752604 0.834552 0.751953 0.834552 0.751302 0.833638 0.750651 0.833638 0.750000 0.833638 0.749349 0.832724 0.748698 0.833638 0.748047 0.832724 0.747396 0.832724 0.746745 0.831810 0.746094 0.831810 0.745443 0.830896 0.744792 0.831810 0.744141 0.830896 0.743490 0.831810 0.742839 0.831810 0.742188 0.832724 0.741536 0.832724 0.740885 0.833638 0.740234 0.834552 0.739583 0.835466 0.738932 0.836380 0.738281 0.837294 0.737630 0.838208 0.737630 0.839122 0.738281 0.840037 0.737630 0.840951 0.738281 0.841865 0.738932 0.842779 0.738932 0.843693 0.738932 0.844607 0.739583 0.845521 0.739583 0.846435 0.740234 0.847349 0.740234 0.848263 0.740234 0.849177 0.739583 0.850091 0.739583 0.851005 0.738932 0.851920 0.738281 0.852834 0.737630 0.853748 0.736979 0.853748 0.736328 0.853748 0.735677 0.854662 0.735026 0.855576 0.734375 0.855576 0.733724 0.856490 0.733073 0.855576 0.732422 0.854662 0.731771 0.853748 0.732422 0.852834 0.732422 0.851920 0.732422 0.851005 0.731771 0.850091 0.732422 0.849177 0.731771 0.849177 0.731120 0.848263 0.730469 0.847349 0.731120 0.846435 0.730469 0.846435 0.729818 0.845521 0.729167 0.844607 0.728516 0.843693 0.728516 0.842779 0.728516 0.841865 0.728516 0.840951 0.728516 0.840037 0.728516 0.839122 0.727865 0.838208 0.727214 0.837294 0.726562 0.836380 0.726562 0.835466 0.727214 0.834552 0.726562 0.833638 0.727214 0.832724 0.727865 0.831810 0.728516 0.831810 0.729167 0.831810 0.729818 0.831810 0.730469 0.831810 0.731120 0.831810 0.731771 0.831810 0.732422 0.831810 0.733073 0.830896 0.733724 0.830896 0.733724 0.829982 0.734375 0.829068 0.734375 0.828154 0.735026 0.827239 0.735677 0.826325 0.736328 0.825411 0.736979 0.824497 0.737630 0.824497 0.738281 0.824497 0.738932 0.824497 0.739583 0.823583 0.740234 0.822669 0.739583 0.821755 0.740234 0.820841 0.740234 0.819927 0.740234 0.819013 0.739583 0.818099 0.739583 0.817185 0.738932 0.817185 0.738281 0.816271 0.737630 0.817185 0.736979 0.817185 0.736328 0.817185 0.735677 0.817185 0.735026 0.816271 0.734375 0.816271 0.733724 0.816271 0.733073 0.815356 0.732422 0.816271 0.731771 0.816271 0.731120 0.815356 0.730469 0.815356 0.729818 0.815356
0 0.231120 0.810786 0.230469 0.811700 0.229818 0.811700 0.229167 0.812614 0.229167 0.813528 0.228516 0.814442 0.229167 0.815356 0.228516 0.816271 0.229167 0.816271 0.229818 0.817185 0.230469 0.818099 0.231120 0.818099 0.231771 0.819013 0.232422 0.819927 0.233073 0.820841 0.233724 0.821755 0.233724 0.822669 0.233724 0.823583 0.234375 0.824497 0.234375 0.825411 0.234375 0.826325 0.233724 0.827239 0.234375 0.828154 0.234375 0.829068 0.235026 0.829982 0.235677 0.829982 0.236328 0.830896 0.236979 0.831810 0.237630 0.832724 0.237630 0.833638 0.236979 0.834552 0.236328 0.835466 0.235677 0.836380 0.235026 0.837294 0.235026 0.838208 0.234375 0.839122 0.234375 0.840037 0.234375 0.840951 0.233724 0.841865 0.233724 0.842779 0.233724 0.843693 0.233724 0.844607 0.233724 0.845521 0.234375 0.846435 0.234375 0.847349 0.235026 0.848263 0.235677 0.849177 0.235677 0.850091 0.236328 0.851005 0.236328 0.851920 0.236328 0.852834 0.236979 0.853748 0.236979 0.854662 0.236979 0.855576 0.236328 0.856490 0.235677 0.857404 0.235026 0.858318 0.234375 0.859232 0.233724 0.859232 0.233073 0.860146 0.232422 0.860146 0.231771 0.861060 0.231120 0.861060 0.230469 0.861060 0.230469 0.861974 0.231120 0.862888 0.231120 0.863803 0.231771 0.864717 0.232422 0.864717 0.233073 0.865631 0.233724 0.866545 0.234375 0.867459 0.234375 0.868373 0.235026 0.869287 0.235677 0.870201 0.235677 0.871115 0.235026 0.872029 0.235677 0.872943 0.236328 0.873857 0.236328 0.874771 0.236328 0.875686 0.236979 0.876600 0.237630 0.877514 0.238281 0.878428 0.238281 0.879342 0.238932 0.880256 0.239583 0.881170 0.240234 0.882084 0.240885 0.881170 0.241536 0.882084 0.242188 0.881170 0.242839 0.880256 0.243490 0.881170 0.244141 0.880256 0.244792 0.880256 0.245443 0.880256 0.246094 0.880256 0.246745 0.879342 0.247396 0.878428 0.246745 0.877514 0.247396 0.876600 0.248047 0.875686 0.248698 0.874771 0.249349 0.873857 0.249349 0.872943 0.250000 0.872029 0.250651 0.871115 0.250000 0.870201 0.250651 0.869287 0.250000 0.868373 0.249349 0.867459 0.249349 0.866545 0.249349 0.865631 0.249349 0.864717 0.249349 0.863803 0.250000 0.862888 0.250000 0.861974 0.250000 0.861060 0.249349 0.860146 0.248698 0.861060 0.248047 0.861060 0.247396 0.861060 0.247396 0.861974 0.246745 0.862888 0.246094 0.863803 0.246094 0.864717 0.246094 0.865631 0.245443 0.866545 0.244792 0.867459 0.244141 0.868373 0.243490 0.867459 0.242839 0.866545 0.242839 0.865631 0.242839 0.864717 0.242839 0.863803 0.243490 0.862888 0.244141 0.861974 0.244141 0.861060 0.244792 0.860146 0.245443 0.859232 0.246094 0.858318 0.246094 0.857404 0.246094 0.856490 0.245443 0.855576 0.244792 0.854662 0.244141 0.853748 0.243490 0.853748 0.242839 0.852834 0.242188 0.851920 0.242188 0.851005 0.242188 0.850091 0.242188 0.849177 0.241536 0.848263 0.240885 0.847349 0.240885 0.846435 0.240234 0.845521 0.240234 0.844607 0.240234 0.843693 0.240234 0.842779 0.240234 0.841865 0.240234 0.840951 0.240234 0.840037 0.240885 0.839122 0.240885 0.838208 0.241536 0.837294 0.242188 0.836380 0.242839 0.835466 0.242188 0.834552 0.242839 0.833638 0.242839 0.832724 0.242188 0.831810 0.242839 0.830896 0.242839 0.829982 0.243490 0.829068 0.244141 0.828154 0.244792 0.827239 0.244792 0.826325 0.245443 0.825411 0.246094 0.824497 0.245443 0.823583 0.245443 0.822669 0.245443 0.821755 0.244792 0.820841 0.244141 0.820841 0.243490 0.820841 0.242839 0.820841 0.242188 0.820841 0.241536 0.820841 0.240885 0.820841 0.240234 0.820841 0.239583 0.820841 0.238932 0.819927 0.238281 0.819927 0.237630 0.819013 0.236979 0.818099 0.236979 0.817185 0.236328 0.816271 0.235677 0.815356 0.235677 0.814442 0.235677 0.813528 0.235026 0.812614 0.234375 0.812614 0.233724 0.811700 0.233073 0.810786 0.232422 0.811700 0.231771 0.811700
0 0.047526 0.752285 0.046875 0.753199 0.046875 0.754113 0.046875 0.755027 0.046875 0.755941 0.046875 0.756856 0.046224 0.757770 0.045573 0.758684 0.044922 0.759598 0.044271 0.759598 0.043620 0.759598 0.042969 0.760512 0.042318 0.760512 0.042318 0.761426 0.042318 0.762340 0.042318 0.763254 0.042318 0.764168 0.042969 0.765082 0.042969 0.765996 0.043620 0.765996 0.044271 0.766910 0.044922 0.766910 0.045573 0.766910 0.046224 0.766910 0.046875 0.765996 0.047526 0.765996 0.048177 0.766910 0.048828 0.767824 0.049479 0.768739 0.050130 0.769653 0.050130 0.770567 0.050130 0.771481 0.050130 0.772395 0.050130 0.773309 0.050130 0.774223 0.050130 0.775137 0.050781 0.776051 0.050781 0.776965 0.050781 0.777879 0.050781 0.778793 0.050781 0.779707 0.051432 0.780622 0.052083 0.781536 0.052734 0.780622 0.053385 0.780622 0.054036 0.780622 0.054688 0.780622 0.055339 0.780622 0.055990 0.781536 0.056641 0.782450 0.056641 0.783364 0.057292 0.784278 0.057292 0.785192 0.057292 0.786106 0.057292 0.787020 0.056641 0.787934 0.055990 0.788848 0.055339 0.788848 0.054688 0.788848 0.054036 0.788848 0.053385 0.789762 0.053385 0.790676 0.053385 0.791590 0.054036 0.792505 0.054036 0.793419 0.054036 0.794333 0.054688 0.795247 0.054688 0.796161 0.054688 0.797075 0.055339 0.797989 0.054688 0.798903 0.054688 0.799817 0.054688 0.800731 0.054688 0.801645 0.054036 0.802559 0.053385 0.803473 0.052734 0.804388 0.052083 0.805302 0.051432 0.806216 0.050781 0.805302 0.050130 0.804388 0.050130 0.803473 0.049479 0.802559 0.050130 0.801645 0.050130 0.800731 0.050130 0.799817 0.049479 0.798903 0.050130 0.797989 0.049479 0.797075 0.049479 0.796161 0.048828 0.795247 0.048177 0.794333 0.047526 0.794333 0.046875 0.795247 0.046224 0.795247 0.045573 0.795247 0.044922 0.794333 0.044271 0.793419 0.044271 0.792505 0.043620 0.791590 0.043620 0.790676 0.043620 0.789762 0.042969 0.788848 0.042318 0.787934 0.042318 0.787020 0.042318 0.786106 0.042318 0.785192 0.041667 0.784278 0.041667 0.783364 0.041016 0.782450 0.041016 0.781536 0.040365 0.780622 0.040365 0.779707 0.039714 0.778793 0.039062 0.777879 0.038411 0.777879 0.037760 0.777879 0.037109 0.777879 0.036458 0.777879 0.035807 0.776965 0.035156 0.777879 0.034505 0.778793 0.034505 0.779707 0.033854 0.780622 0.033854 0.781536 0.033854 0.782450 0.033854 0.783364 0.034505 0.784278 0.034505 0.785192 0.034505 0.786106 0.034505 0.787020 0.034505 0.787934 0.035156 0.788848 0.035156 0.789762 0.035807 0.790676 0.036458 0.791590 0.037109 0.792505 0.037109 0.793419 0.036458 0.794333 0.037109 0.795247 0.037760 0.796161 0.038411 0.797075 0.037760 0.797989 0.038411 0.798903 0.039062 0.799817 0.039062 0.800731 0.039714 0.801645 0.039714 0.802559 0.040365 0.802559 0.041016 0.803473 0.041667 0.804388 0.042318 0.805302 0.042318 0.806216 0.042318 0.807130 0.042969 0.808044 0.042969 0.808958 0.042969 0.809872 0.042969 0.810786 0.043620 0.811700 0.044271 0.812614 0.043620 0.813528 0.044271 0.813528 0.044922 0.814442 0.045573 0.815356 0.045573 0.816271 0.046224 0.817185 0.046875 0.818099 0.046875 0.819013 0.047526 0.819927 0.047526 0.820841 0.048177 0.821755 0.048177 0.822669 0.047526 0.823583 0.047526 0.824497 0.047526 0.825411 0.048177 0.825411 0.048828 0.826325 0.049479 0.827239 0.049479 0.828154 0.050130 0.829068 0.050130 0.829982 0.050781 0.830896 0.050781 0.831810 0.051432 0.832724 0.050781 0.833638 0.050781 0.834552 0.051432 0.835466 0.051432 0.836380 0.051432 0.837294 0.051432 0.838208 0.052083 0.839122 0.052734 0.840037 0.052734 0.840951 0.053385 0.841865 0.054036 0.842779 0.054036 0.843693 0.054036 0.844607 0.054688 0.845521 0.054688 0.846435 0.054688 0.847349 0.054688 0.848263 0.055339 0.849177 0.055339 0.850091 0.055339 0.851005 0.055990 0.851920 0.055990 0.852834 0.056641 0.853748 0.057292 0.854662 0.056641 0.855576 0.057292 0.856490 0.057292 0.857404 0.056641 0.858318 0.055990 0.859232 0.055990 0.860146 0.055990 0.861060 0.055990 0.861974 0.055339 0.862888 0.055990 0.863803 0.055990 0.864717 0.056641 0.864717 0.057292 0.865631 0.057943 0.866545 0.057943 0.867459 0.057943 0.868373 0.057943 0.869287 0.057943 0.870201 0.057943 0.871115 0.058594 0.872029 0.059245 0.872029 0.059896 0.872943 0.060547 0.873857 0.059896 0.874771 0.060547 0.875686 0.061198 0.876600 0.061849 0.877514 0.061849 0.878428 0.062500 0.879342 0.063151 0.880256 0.062500 0.881170 0.063151 0.882084 0.063151 0.882998 0.062500 0.883912 0.061849 0.884826 0.061198 0.885740 0.060547 0.886654 0.059896 0.886654 0.059245 0.885740 0.058594 0.886654 0.057943 0.887569 0.058594 0.888483 0.058594 0.889397 0.059245 0.889397 0.059896 0.889397 0.060547 0.889397 0.061198 0.889397 0.061849 0.889397 0.062500 0.889397 0.063151 0.889397 0.063802 0.889397 0.064453 0.889397 0.065104 0.889397 0.065755 0.889397 0.066406 0.889397 0.067057 0.889397 0.067708 0.889397 0.068359 0.889397 0.069010 0.889397 0.068359 0.888483 0.068359 0.887569 0.069010 0.886654 0.068359 0.885740 0.068359 0.884826 0.069010 0.883912 0.069010 0.882998 0.069010 0.882084 0.069010 0.881170 0.069661 0.880256 0.069010 0.879342 0.069010 0.878428 0.068359 0.877514 0.068359 0.876600 0.068359 0.875686 0.067708 0.874771 0.067708 0.873857 0.068359 0.872943 0.069010 0.872029 0.069010 0.871115 0.069661 0.870201 0.070312 0.869287 0.070964 0.868373 0.070964 0.867459 0.071615 0.866545 0.071615 0.865631 0.071615 0.864717 0.072266 0.863803 0.071615 0.862888 0.072266 0.861974 0.072917 0.861060 0.072917 0.860146 0.073568 0.859232 0.074219 0.858318 0.074219 0.857404 0.074219 0.856490 0.073568 0.855576 0.073568 0.854662 0.072917 0.854662 0.072266 0.855576 0.071615 0.856490 0.070964 0.857404 0.070312 0.857404 0.069661 0.856490 0.069010 0.855576 0.069010 0.854662 0.069010 0.853748 0.069661 0.852834 0.069010 0.851920 0.069661 0.851005 0.069010 0.850091 0.069010 0.849177 0.069010 0.848263 0.069010 0.847349 0.068359 0.846435 0.069010 0.845521 0.069010 0.844607 0.069661 0.843693 0.070312 0.842779 0.070312 0.841865 0.070964 0.840951 0.071615 0.840037 0.071615 0.839122 0.071615 0.838208 0.072266 0.837294 0.071615 0.836380 0.071615 0.835466 0.071615 0.834552 0.071615 0.833638 0.072266 0.832724 0.071615 0.831810 0.071615 0.830896 0.071615 0.829982 0.071615 0.829068 0.071615 0.828154 0.070964 0.827239 0.070312 0.827239 0.069661 0.826325 0.069010 0.827239 0.068359 0.827239 0.067708 0.828154 0.067057 0.829068 0.067057 0.829982 0.067057 0.830896 0.066406 0.831810 0.067057 0.832724 0.067057 0.833638 0.066406 0.834552 0.066406 0.835466 0.065755 0.836380 0.065104 0.837294 0.064453 0.838208 0.063802 0.839122 0.063151 0.840037 0.062500 0.840037 0.061849 0.839122 0.061198 0.838208 0.061849 0.837294 0.061198 0.836380 0.061849 0.835466 0.061849 0.834552 0.061849 0.833638 0.061198 0.832724 0.060547 0.831810 0.060547 0.830896 0.060547 0.829982 0.059896 0.829068 0.060547 0.828154 0.060547 0.827239 0.060547 0.826325 0.059896 0.825411 0.059896 0.824497 0.059245 0.824497 0.058594 0.823583 0.057943 0.822669 0.057292 0.821755 0.056641 0.821755 0.055990 0.821755 0.055339 0.821755 0.054688 0.820841 0.054036 0.819927 0.053385 0.819013 0.053385 0.818099 0.053385 0.817185 0.054036 0.816271 0.054036 0.815356 0.054688 0.814442 0.054688 0.813528 0.055339 0.812614 0.055339 0.811700 0.055990 0.810786 0.055990 0.809872 0.055990 0.808958 0.056641 0.808044 0.056641 0.807130 0.056641 0.806216 0.057292 0.805302 0.057292 0.804388 0.057292 0.803473 0.057292 0.802559 0.057943 0.801645 0.057292 0.800731 0.057943 0.799817 0.057943 0.798903 0.057943 0.797989 0.057943 0.797075 0.057943 0.796161 0.057943 0.795247 0.058594 0.794333 0.059245 0.793419 0.059896 0.792505 0.060547 0.791590 0.061198 0.790676 0.061849 0.789762 0.062500 0.789762 0.063151 0.789762 0.063802 0.788848 0.064453 0.788848 0.064453 0.787934 0.065104 0.787020 0.065755 0.786106 0.066406 0.786106 0.067057 0.786106 0.067708 0.785192 0.068359 0.784278 0.069010 0.783364 0.069661 0.783364 0.070312 0.782450 0.070964 0.782450 0.071615 0.782450 0.072266 0.782450 0.072917 0.782450 0.073568 0.782450 0.074219 0.782450 0.074870 0.782450 0.075521 0.782450 0.076172 0.783364 0.076823 0.783364 0.077474 0.782450 0.078125 0.782450 0.078776 0.781536 0.079427 0.781536 0.078776 0.780622 0.079427 0.779707 0.079427 0.778793 0.079427 0.777879 0.078776 0.776965 0.078776 0.776051 0.078125 0.776051 0.077474 0.776051 0.076823 0.775137 0.076172 0.775137 0.075521 0.775137 0.074870 0.774223 0.074219 0.774223 0.073568 0.775137 0.072917 0.774223 0.072266 0.775137 0.071615 0.775137 0.070964 0.774223 0.070312 0.774223 0.069661 0.775137 0.069010 0.774223 0.068359 0.775137 0.067708 0.774223 0.067057 0.775137 0.066406 0.776051 0.065755 0.776965 0.065755 0.777879 0.065755 0.778793 0.066406 0.779707 0.065755 0.780622 0.065755 0.781536 0.065104 0.782450 0.064453 0.783364 0.063802 0.783364 0.063151 0.784278 0.062500 0.783364 0.061849 0.782450 0.061198 0.781536 0.061198 0.780622 0.060547 0.780622 0.059896 0.781536 0.059245 0.780622 0.058594 0.781536 0.057943 0.780622 0.057292 0.781536 0.056641 0.780622 0.055990 0.779707 0.055339 0.778793 0.055990 0.777879 0.055339 0.777879 0.054688 0.777879 0.054036 0.776965 0.053385 0.776051 0.053385 0.775137 0.053385 0.774223 0.052734 0.773309 0.053385 0.772395 0.052734 0.771481 0.052734 0.770567 0.052734 0.769653 0.052734 0.768739 0.052734 0.767824 0.052734 0.766910 0.052734 0.765996 0.052734 0.765082 0.052083 0.764168 0.052083 0.763254 0.052083 0.762340 0.052083 0.761426 0.051432 0.760512 0.051432 0.759598 0.051432 0.758684 0.051432 0.757770 0.050781 0.756856 0.050781 0.755941 0.050130 0.755027 0.049479 0.754113 0.048828 0.753199 0.048177 0.753199
0 0.621094 0.750457 0.620443 0.751371 0.619792 0.751371 0.619141 0.752285 0.618490 0.753199 0.618490 0.754113 0.617839 0.755027 0.617188 0.755941 0.617839 0.756856 0.617839 0.757770 0.617839 0.758684 0.617188 0.759598 0.617839 0.760512 0.617839 0.761426 0.617188 0.762340 0.616536 0.763254 0.615885 0.764168 0.615234 0.765082 0.614583 0.765082 0.614583 0.765996 0.614583 0.766910 0.615234 0.767824 0.615885 0.768739 0.615885 0.769653 0.616536 0.770567 0.617188 0.771481 0.616536 0.772395 0.616536 0.773309 0.615885 0.774223 0.615234 0.775137 0.615234 0.776051 0.615234 0.776965 0.615234 0.777879 0.615234 0.778793 0.614583 0.779707 0.613932 0.780622 0.614583 0.781536 0.613932 0.782450 0.613281 0.783364 0.613281 0.784278 0.613281 0.785192 0.613932 0.786106 0.614583 0.787020 0.614583 0.787934 0.613932 0.788848 0.613281 0.789762 0.612630 0.790676 0.611979 0.791590 0.611328 0.792505 0.610677 0.792505 0.610026 0.793419 0.609375 0.792505 0.608724 0.793419 0.608073 0.793419 0.607422 0.794333 0.606771 0.794333 0.607422 0.795247 0.606771 0.796161 0.607422 0.796161 0.608073 0.797075 0.608724 0.797989 0.609375 0.798903 0.608724 0.799817 0.608073 0.800731 0.608724 0.801645 0.608073 0.802559 0.608073 0.803473 0.608724 0.804388 0.609375 0.804388 0.610026 0.804388 0.610677 0.804388 0.610677 0.803473 0.611328 0.802559 0.611328 0.801645 0.611328 0.800731 0.611328 0.799817 0.611328 0.798903 0.611979 0.797989 0.612630 0.797075 0.613281 0.797075 0.613932 0.797075 0.614583 0.797075 0.615234 0.797989 0.615885 0.797989 0.616536 0.798903 0.617188 0.799817 0.617839 0.799817 0.618490 0.800731 0.619141 0.800731 0.619792 0.800731 0.620443 0.800731 0.621094 0.801645 0.621745 0.800731 0.622396 0.800731 0.623047 0.800731 0.623698 0.800731 0.624349 0.801645 0.625000 0.802559 0.625651 0.803473 0.626302 0.804388 0.626302 0.805302 0.626302 0.806216 0.625651 0.807130 0.625000 0.808044 0.624349 0.808958 0.623698 0.808958 0.623047 0.808958 0.622396 0.809872 0.621745 0.810786 0.621094 0.810786 0.621094 0.811700 0.621094 0.812614 0.621745 0.813528 0.621745 0.814442 0.622396 0.815356 0.623047 0.816271 0.623698 0.817185 0.623698 0.818099 0.623698 0.819013 0.623047 0.819927 0.623047 0.820841 0.623047 0.821755 0.622396 0.822669 0.622396 0.823583 0.623047 0.824497 0.623047 0.825411 0.622396 0.826325 0.623047 0.827239 0.623047 0.828154 0.623047 0.829068 0.622396 0.829982 0.622396 0.830896 0.622396 0.831810 0.622396 0.832724 0.622396 0.833638 0.622396 0.834552 0.622396 0.835466 0.622396 0.836380 0.622396 0.837294 0.622396 0.838208 0.623047 0.839122 0.623047 0.840037 0.622396 0.840951 0.622396 0.841865 0.622396 0.842779 0.623047 0.843693 0.622396 0.844607 0.621745 0.845521 0.621745 0.846435 0.622396 0.847349 0.621745 0.848263 0.622396 0.849177 0.623047 0.850091 0.623698 0.850091 0.624349 0.851005 0.625000 0.851920 0.625000 0.852834 0.625000 0.853748 0.625000 0.854662 0.625000 0.855576 0.625000 0.856490 0.625000 0.857404 0.625000 0.858318 0.625000 0.859232 0.625651 0.860146 0.625000 0.861060 0.625651 0.861974 0.625000 0.862888 0.625000 0.863803 0.624349 0.864717 0.623698 0.865631 0.623047 0.865631 0.622396 0.864717 0.621745 0.863803 0.621745 0.862888 0.621094 0.861974 0.620443 0.861060 0.619792 0.860146 0.619141 0.860146 0.618490 0.861060 0.618490 0.861974 0.619141 0.862888 0.619141 0.863803 0.618490 0.864717 0.619141 0.865631 0.619792 0.866545 0.620443 0.867459 0.620443 0.868373 0.621094 0.869287 0.621745 0.869287 0.622396 0.870201 0.623047 0.871115 0.623698 0.870201 0.624349 0.870201 0.625000 0.869287 0.625000 0.868373 0.625651 0.867459 0.626302 0.866545 0.626953 0.866545 0.627604 0.865631 0.628255 0.864717 0.628906 0.864717 0.629557 0.863803 0.630208 0.863803 0.630859 0.862888 0.631510 0.862888 0.632161 0.861974 0.632812 0.861060 0.633464 0.861060 0.634115 0.861060 0.634766 0.861060 0.635417 0.861060 0.636068 0.861060 0.636719 0.861060 0.637370 0.860146 0.638021 0.859232 0.638021 0.858318 0.638021 0.857404 0.637370 0.856490 0.637370 0.855576 0.636719 0.854662 0.636068 0.853748 0.635417 0.852834 0.635417 0.851920 0.635417 0.851005 0.635417 0.850091 0.635417 0.849177 0.635417 0.848263 0.635417 0.847349 0.635417 0.846435 0.636068 0.845521 0.636068 0.844607 0.636068 0.843693 0.636068 0.842779 0.636068 0.841865 0.636068 0.840951 0.636719 0.840037 0.636719 0.839122 0.636068 0.838208 0.635417 0.837294 0.634766 0.837294 0.634115 0.838208 0.633464 0.837294 0.632812 0.838208 0.632161 0.837294 0.631510 0.836380 0.630859 0.835466 0.630859 0.834552 0.630208 0.833638 0.630208 0.832724 0.630208 0.831810 0.630208 0.830896 0.630208 0.829982 0.630859 0.829068 0.630859 0.828154 0.631510 0.827239 0.631510 0.826325 0.632161 0.825411 0.632812 0.824497 0.633464 0.823583 0.633464 0.822669 0.634115 0.821755 0.634115 0.820841 0.634115 0.819927 0.634115 0.819013 0.633464 0.818099 0.633464 0.817185 0.632812 0.817185 0.632161 0.817185 0.631510 0.817185 0.630859 0.817185 0.630208 0.816271 0.629557 0.815356 0.628906 0.814442 0.628906 0.813528 0.628255 0.812614 0.628906 0.811700 0.629557 0.810786 0.630208 0.809872 0.630859 0.808958 0.631510 0.808044 0.632161 0.807130 0.632161 0.806216 0.632812 0.805302 0.633464 0.804388 0.634115 0.804388 0.634766 0.804388 0.635417 0.804388 0.636068 0.805302 0.636719 0.806216 0.637370 0.806216 0.638021 0.806216 0.638672 0.806216 0.639323 0.806216 0.639974 0.805302 0.640625 0.804388 0.640625 0.803473 0.640625 0.802559 0.639974 0.801645 0.639974 0.800731 0.639974 0.799817 0.639323 0.798903 0.639974 0.797989 0.640625 0.797075 0.641276 0.797075 0.641927 0.796161 0.642578 0.797075 0.643229 0.796161 0.643880 0.795247 0.644531 0.794333 0.645182 0.793419 0.645833 0.793419 0.646484 0.792505 0.647135 0.792505 0.647786 0.791590 0.648438 0.790676 0.649089 0.789762 0.649740 0.788848 0.650391 0.787934 0.651042 0.787934 0.651042 0.787020 0.650391 0.786106 0.649740 0.786106 0.649089 0.786106 0.648438 0.786106 0.647786 0.787020 0.647135 0.787020 0.646484 0.787020 0.645833 0.787934 0.645182 0.788848 0.644531 0.788848 0.643880 0.788848 0.643229 0.789762 0.642578 0.789762 0.641927 0.790676 0.641276 0.790676 0.640625 0.790676 0.639974 0.789762 0.639323 0.788848 0.639974 0.787934 0.639974 0.787020 0.639974 0.786106 0.640625 0.785192 0.641276 0.784278 0.641276 0.783364 0.641927 0.782450 0.642578 0.781536 0.642578 0.780622 0.643229 0.779707 0.643880 0.778793 0.644531 0.777879 0.645182 0.777879 0.645833 0.777879 0.646484 0.776965 0.647135 0.776051 0.647786 0.776051 0.647786 0.775137 0.647786 0.774223 0.647786 0.773309 0.647786 0.772395 0.647135 0.771481 0.647135 0.770567 0.646484 0.770567 0.645833 0.769653 0.645182 0.768739 0.645182 0.767824 0.645182 0.766910 0.645182 0.765996 0.644531 0.765082 0.644531 0.764168 0.644531 0.763254 0.643880 0.762340 0.643229 0.761426 0.642578 0.760512 0.641927 0.761426 0.641276 0.762340 0.640625 0.763254 0.639974 0.763254 0.640625 0.764168 0.640625 0.765082 0.640625 0.765996 0.639974 0.766910 0.639974 0.767824 0.639974 0.768739 0.640625 0.769653 0.641276 0.770567 0.641276 0.771481 0.641927 0.772395 0.641276 0.773309 0.641276 0.774223 0.640625 0.775137 0.640625 0.776051 0.639974 0.776965 0.639974 0.777879 0.639323 0.778793 0.638672 0.779707 0.638021 0.778793 0.637370 0.777879 0.637370 0.776965 0.636719 0.776051 0.636068 0.776051 0.635417 0.776051 0.634766 0.776051 0.634766 0.776965 0.634766 0.777879 0.634115 0.778793 0.634115 0.779707 0.634766 0.780622 0.634766 0.781536 0.634115 0.782450 0.634115 0.783364 0.634115 0.784278 0.634115 0.785192 0.634115 0.786106 0.633464 0.787020 0.633464 0.787934 0.633464 0.788848 0.633464 0.789762 0.633464 0.790676 0.633464 0.791590 0.632812 0.792505 0.633464 0.793419 0.633464 0.794333 0.633464 0.795247 0.633464 0.796161 0.633464 0.797075 0.633464 0.797989 0.633464 0.798903 0.633464 0.799817 0.632812 0.800731 0.632161 0.801645 0.631510 0.802559 0.630859 0.801645 0.630208 0.800731 0.629557 0.799817 0.628906 0.798903 0.628255 0.797989 0.627604 0.797075 0.627604 0.796161 0.626953 0.795247 0.626953 0.794333 0.626953 0.793419 0.626302 0.792505 0.626302 0.791590 0.626302 0.790676 0.625651 0.789762 0.625000 0.788848 0.625000 0.787934 0.624349 0.787020 0.623698 0.786106 0.624349 0.785192 0.624349 0.784278 0.624349 0.783364 0.624349 0.782450 0.624349 0.781536 0.624349 0.780622 0.623698 0.780622 0.623047 0.780622 0.622396 0.779707 0.621745 0.778793 0.621094 0.777879 0.620443 0.776965 0.621094 0.776051 0.621094 0.775137 0.621745 0.774223 0.621745 0.773309 0.622396 0.772395 0.622396 0.771481 0.623047 0.770567 0.622396 0.769653 0.622396 0.768739 0.623047 0.767824 0.623047 0.766910 0.623047 0.765996 0.623698 0.765082 0.624349 0.764168 0.624349 0.763254 0.624349 0.762340 0.625000 0.761426 0.625000 0.760512 0.625651 0.759598 0.625651 0.758684 0.626302 0.757770 0.625651 0.756856 0.626302 0.755941 0.626302 0.755027 0.626953 0.754113 0.626302 0.753199 0.625651 0.752285 0.625000 0.752285 0.624349 0.751371 0.623698 0.750457 0.623047 0.751371 0.622396 0.750457 0.621745 0.750457
0 0.958984 0.744059 0.958333 0.744973 0.957682 0.745887 0.957682 0.746801 0.957682 0.747715 0.957031 0.748629 0.956380 0.749543 0.955729 0.749543 0.955078 0.749543 0.954427 0.750457 0.953776 0.750457 0.953776 0.751371 0.953776 0.752285 0.953776 0.753199 0.954427 0.754113 0.954427 0.755027 0.953776 0.755941 0.953125 0.756856 0.952474 0.756856 0.951823 0.755941 0.951172 0.756856 0.950521 0.755941 0.950521 0.756856 0.950521 0.757770 0.949870 0.758684 0.949870 0.759598 0.950521 0.760512 0.950521 0.761426 0.951172 0.761426 0.951823 0.762340 0.952474 0.763254 0.953125 0.763254 0.953776 0.764168 0.954427 0.765082 0.954427 0.765996 0.954427 0.766910 0.954427 0.767824 0.955078 0.768739 0.955078 0.769653 0.955729 0.770567 0.955078 0.771481 0.954427 0.772395 0.953776 0.773309 0.953125 0.774223 0.953125 0.775137 0.953125 0.776051 0.953776 0.776965 0.953125 0.777879 0.953776 0.777879 0.954427 0.777879 0.955078 0.778793 0.955729 0.779707 0.956380 0.780622 0.957031 0.780622 0.957682 0.781536 0.958333 0.782450 0.958333 0.783364 0.957682 0.784278 0.957682 0.785192 0.957682 0.786106 0.957031 0.787020 0.957031 0.787934 0.956380 0.788848 0.957031 0.789762 0.957031 0.790676 0.957682 0.790676 0.958333 0.790676 0.958984 0.790676 0.959635 0.791590 0.960286 0.790676 0.960938 0.790676 0.961589 0.791590 0.962240 0.792505 0.962891 0.793419 0.962240 0.794333 0.962891 0.795247 0.962891 0.796161 0.963542 0.797075 0.964193 0.797075 0.964844 0.797075 0.965495 0.797075 0.966146 0.797989 0.966797 0.798903 0.967448 0.799817 0.967448 0.800731 0.967448 0.801645 0.966797 0.802559 0.966146 0.803473 0.965495 0.804388 0.964844 0.805302 0.964844 0.806216 0.965495 0.807130 0.966146 0.808044 0.966797 0.808044 0.967448 0.808044 0.968099 0.808958 0.968750 0.809872 0.969401 0.808958 0.970052 0.808958 0.970703 0.808958 0.971354 0.808958 0.972005 0.808958 0.972656 0.808958 0.973307 0.809872 0.973958 0.810786 0.973958 0.811700 0.974609 0.811700 0.975260 0.811700 0.975911 0.812614 0.976562 0.812614 0.977214 0.813528 0.977865 0.814442 0.977865 0.815356 0.978516 0.814442 0.979167 0.815356 0.979818 0.816271 0.980469 0.817185 0.980469 0.818099 0.981120 0.819013 0.981120 0.819927 0.981771 0.820841 0.981771 0.821755 0.982422 0.822669 0.983073 0.823583 0.983724 0.822669 0.984375 0.822669 0.985026 0.823583 0.985677 0.824497 0.986328 0.825411 0.986328 0.826325 0.986979 0.827239 0.986328 0.828154 0.986328 0.829068 0.986328 0.829982 0.986328 0.830896 0.986328 0.831810 0.986328 0.832724 0.986328 0.833638 0.986979 0.834552 0.986328 0.835466 0.985677 0.836380 0.985026 0.837294 0.984375 0.838208 0.983724 0.839122 0.983073 0.840037 0.982422 0.840951 0.981771 0.841865 0.981120 0.842779 0.980469 0.843693 0.979818 0.843693 0.979167 0.844607 0.978516 0.844607 0.979167 0.845521 0.978516 0.846435 0.977865 0.847349 0.978516 0.848263 0.977865 0.849177 0.977214 0.850091 0.977865 0.851005 0.977214 0.851920 0.977214 0.852834 0.977214 0.853748 0.977214 0.854662 0.977865 0.855576 0.977865 0.856490 0.978516 0.857404 0.978516 0.858318 0.978516 0.859232 0.979167 0.860146 0.979167 0.861060 0.979167 0.861974 0.979167 0.862888 0.979167 0.863803 0.979818 0.864717 0.979818 0.865631 0.980469 0.866545 0.981120 0.867459 0.981771 0.867459 0.982422 0.868373 0.983073 0.868373 0.983724 0.869287 0.984375 0.870201 0.985026 0.871115 0.984375 0.872029 0.983724 0.872943 0.983073 0.873857 0.982422 0.873857 0.981771 0.873857 0.981120 0.873857 0.980469 0.874771 0.979818 0.873857 0.979167 0.872943 0.978516 0.872029 0.977865 0.871115 0.977214 0.871115 0.976562 0.870201 0.975911 0.870201 0.975260 0.870201 0.974609 0.870201 0.973958 0.869287 0.973307 0.868373 0.972656 0.867459 0.972656 0.866545 0.972005 0.865631 0.971354 0.864717 0.970703 0.863803 0.970052 0.863803 0.969401 0.862888 0.968750 0.861974 0.968750 0.861060 0.968750 0.860146 0.968750 0.859232 0.968099 0.858318 0.968099 0.857404 0.968099 0.856490 0.968099 0.855576 0.967448 0.854662 0.967448 0.853748 0.966797 0.852834 0.966146 0.851920 0.965495 0.851005 0.964844 0.850091 0.964193 0.849177 0.963542 0.849177 0.962891 0.848263 0.962240 0.847349 0.962240 0.846435 0.961589 0.847349 0.960938 0.846435 0.960286 0.847349 0.959635 0.848263 0.959635 0.849177 0.958984 0.850091 0.959635 0.851005 0.959635 0.851920 0.959635 0.852834 0.960286 0.853748 0.960938 0.854662 0.961589 0.855576 0.962240 0.856490 0.962240 0.857404 0.962240 0.858318 0.962891 0.859232 0.963542 0.860146 0.963542 0.861060 0.963542 0.861974 0.962891 0.862888 0.962240 0.863803 0.961589 0.864717 0.960938 0.864717 0.960938 0.865631 0.960286 0.866545 0.960286 0.867459 0.960286 0.868373 0.960286 0.869287 0.960938 0.870201 0.960286 0.871115 0.960938 0.872029 0.960286 0.872943 0.960286 0.873857 0.960938 0.874771 0.960938 0.875686 0.960938 0.876600 0.960286 0.877514 0.960286 0.878428 0.959635 0.879342 0.958984 0.880256 0.958984 0.881170 0.959635 0.881170 0.960286 0.881170 0.960938 0.880256 0.961589 0.881170 0.962240 0.882084 0.962891 0.882998 0.963542 0.883912 0.963542 0.884826 0.964193 0.885740 0.964844 0.885740 0.965495 0.885740 0.966146 0.885740 0.966797 0.884826 0.967448 0.883912 0.967448 0.882998 0.968099 0.882084 0.968099 0.881170 0.968099 0.880256 0.968750 0.879342 0.968099 0.878428 0.967448 0.878428 0.966797 0.879342 0.966146 0.879342 0.965495 0.878428 0.964844 0.877514 0.964193 0.876600 0.964193 0.875686 0.964193 0.874771 0.964844 0.873857 0.964193 0.872943 0.964844 0.872029 0.964844 0.871115 0.965495 0.870201 0.966146 0.869287 0.966797 0.868373 0.967448 0.868373 0.968099 0.869287 0.968750 0.869287 0.969401 0.870201 0.970052 0.871115 0.970052 0.872029 0.970052 0.872943 0.970052 0.873857 0.970703 0.874771 0.970703 0.875686 0.971354 0.876600 0.972005 0.877514 0.972656 0.878428 0.973307 0.878428 0.973958 0.878428 0.974609 0.878428 0.975260 0.878428 0.975911 0.878428 0.976562 0.877514 0.977214 0.876600 0.977865 0.877514 0.978516 0.878428 0.979167 0.879342 0.979167 0.880256 0.978516 0.881170 0.979167 0.882084 0.979167 0.882998 0.979818 0.883912 0.980469 0.883912 0.981120 0.884826 0.981771 0.883912 0.982422 0.883912 0.983073 0.884826 0.983724 0.884826 0.984375 0.883912 0.985026 0.883912 0.985677 0.883912 0.986328 0.882998 0.986979 0.882998 0.987630 0.882998 0.988281 0.882998 0.988932 0.883912 0.989583 0.884826 0.988932 0.885740 0.988932 0.886654 0.989583 0.887569 0.990234 0.888483 0.990885 0.889397 0.991536 0.888483 0.992188 0.888483 0.992188 0.887569 0.992839 0.886654 0.992188 0.885740 0.991536 0.884826 0.990885 0.884826 0.990234 0.884826 0.989583 0.883912 0.988932 0.882998 0.988932 0.882084 0.989583 0.881170 0.990234 0.880256 0.990234 0.879342 0.990234 0.878428 0.990885 0.877514 0.990885 0.876600 0.991536 0.875686 0.990885 0.874771 0.991536 0.873857 0.992188 0.872943 0.992839 0.872029 0.993490 0.871115 0.994141 0.872029 0.994792 0.872029 0.995443 0.872943 0.996094 0.873857 0.996745 0.874771 0.996745 0.875686 0.997396 0.874771 0.998047 0.874771 0.998698 0.873857 0.998698 0.872943 0.998698 0.872029 0.998698 0.871115 0.998698 0.870201 0.998698 0.869287 0.998698 0.868373 0.998698 0.867459 0.998698 0.866545 0.998698 0.865631 0.998698 0.864717 0.998698 0.863803 0.998698 0.862888 0.998698 0.861974 0.998698 0.861060 0.998047 0.861974 0.997396 0.862888 0.996745 0.863803 0.996094 0.864717 0.995443 0.865631 0.994792 0.866545 0.994141 0.867459 0.993490 0.866545 0.992839 0.865631 0.992188 0.864717 0.991536 0.864717 0.990885 0.865631 0.990234 0.865631 0.989583 0.865631 0.989583 0.866545 0.988932 0.867459 0.988281 0.868373 0.987630 0.869287 0.986979 0.869287 0.986328 0.868373 0.985677 0.867459 0.985026 0.866545 0.985677 0.865631 0.985677 0.864717 0.985677 0.863803 0.986328 0.862888 0.986328 0.861974 0.986979 0.861060 0.986979 0.860146 0.986979 0.859232 0.987630 0.858318 0.987630 0.857404 0.987630 0.856490 0.988281 0.855576 0.987630 0.854662 0.987630 0.853748 0.987630 0.852834 0.987630 0.851920 0.988281 0.851005 0.988932 0.850091 0.988932 0.849177 0.989583 0.848263 0.990234 0.847349 0.990885 0.846435 0.990885 0.845521 0.990885 0.844607 0.991536 0.843693 0.990885 0.842779 0.990885 0.841865 0.991536 0.840951 0.990885 0.840037 0.990234 0.839122 0.989583 0.838208 0.988932 0.837294 0.988281 0.836380 0.988932 0.835466 0.989583 0.834552 0.990234 0.833638 0.990885 0.833638 0.991536 0.832724 0.992188 0.831810 0.992188 0.830896 0.992839 0.829982 0.992839 0.829068 0.993490 0.828154 0.992839 0.827239 0.992188 0.827239 0.991536 0.827239 0.990885 0.827239 0.990234 0.826325 0.989583 0.825411 0.989583 0.824497 0.989583 0.823583 0.990234 0.822669 0.990885 0.821755 0.991536 0.821755 0.992188 0.820841 0.992839 0.819927 0.993490 0.819927 0.994141 0.819927 0.994792 0.819013 0.994792 0.818099 0.995443 0.817185 0.995443 0.816271 0.996094 0.815356 0.996745 0.814442 0.997396 0.813528 0.998047 0.812614 0.998698 0.812614 0.998698 0.811700 0.998047 0.810786 0.997396 0.810786 0.996745 0.809872 0.996094 0.808958 0.995443 0.808958 0.994792 0.808044 0.994141 0.808044 0.993490 0.808958 0.992839 0.809872 0.992839 0.810786 0.993490 0.811700 0.993490 0.812614 0.993490 0.813528 0.994141 0.814442 0.993490 0.815356 0.992839 0.816271 0.992188 0.817185 0.991536 0.818099 0.990885 0.818099 0.990234 0.818099 0.989583 0.817185 0.988932 0.817185 0.988281 0.818099 0.987630 0.819013 0.986979 0.819013 0.986328 0.819013 0.985677 0.818099 0.985026 0.817185 0.984375 0.817185 0.983724 0.816271 0.983073 0.815356 0.982422 0.814442 0.981771 0.813528 0.981120 0.813528 0.980469 0.812614 0.979818 0.811700 0.979818 0.810786 0.979167 0.810786 0.978516 0.809872 0.977865 0.809872 0.977214 0.809872 0.976562 0.808958 0.975911 0.808958 0.975260 0.808044 0.974609 0.807130 0.973958 0.806216 0.973958 0.805302 0.973307 0.804388 0.972656 0.803473 0.972005 0.802559 0.971354 0.801645 0.970703 0.800731 0.970052 0.799817 0.970052 0.798903 0.969401 0.797989 0.968750 0.797075 0.968099 0.796161 0.968099 0.795247 0.968099 0.794333 0.967448 0.793419 0.966797 0.792505 0.966797 0.791590 0.966146 0.790676 0.966146 0.789762 0.965495 0.788848 0.965495 0.787934 0.964844 0.787020 0.964844 0.786106 0.964193 0.785192 0.964193 0.784278 0.963542 0.783364 0.963542 0.782450 0.963542 0.781536 0.963542 0.780622 0.963542 0.779707 0.963542 0.778793 0.963542 0.777879 0.963542 0.776965 0.962891 0.776051 0.962891 0.775137 0.962240 0.774223 0.962240 0.773309 0.962240 0.772395 0.962240 0.771481 0.962240 0.770567 0.962891 0.769653 0.962891 0.768739 0.963542 0.767824 0.963542 0.766910 0.963542 0.765996 0.962891 0.765082 0.962240 0.764168 0.961589 0.763254 0.961589 0.762340 0.960938 0.761426 0.960286 0.760512 0.959635 0.759598 0.958984 0.758684 0.958984 0.757770 0.958984 0.756856 0.958333 0.755941 0.957682 0.755027 0.958333 0.754113 0.957682 0.753199 0.957682 0.752285 0.958333 0.751371 0.957682 0.750457 0.958333 0.749543 0.958984 0.748629 0.959635 0.747715 0.959635 0.746801 0.960286 0.745887 0.959635 0.744973 0.959635 0.744059
0 0.179688 0.735832 0.179036 0.736746 0.178385 0.737660 0.177734 0.737660 0.177734 0.738574 0.177734 0.739488 0.178385 0.740402 0.177734 0.741316 0.177734 0.742230 0.178385 0.743144 0.178385 0.744059 0.178385 0.744973 0.178385 0.745887 0.179036 0.746801 0.179036 0.747715 0.179036 0.748629 0.179036 0.749543 0.179688 0.750457 0.179688 0.751371 0.179688 0.752285 0.180339 0.753199 0.180990 0.754113 0.180990 0.755027 0.181641 0.755941 0.182292 0.756856 0.182943 0.757770 0.183594 0.758684 0.183594 0.759598 0.182943 0.760512 0.182292 0.761426 0.181641 0.762340 0.180990 0.762340 0.180339 0.763254 0.179688 0.763254 0.179036 0.763254 0.178385 0.763254 0.177734 0.763254 0.177734 0.764168 0.177734 0.765082 0.177734 0.765996 0.178385 0.766910 0.179036 0.767824 0.179036 0.768739 0.179688 0.769653 0.180339 0.770567 0.180990 0.771481 0.181641 0.772395 0.182292 0.773309 0.182292 0.774223 0.182943 0.775137 0.182292 0.776051 0.182943 0.776965 0.183594 0.777879 0.183594 0.778793 0.184245 0.779707 0.184245 0.780622 0.184896 0.781536 0.184245 0.782450 0.184245 0.783364 0.184245 0.784278 0.183594 0.785192 0.183594 0.786106 0.182943 0.787020 0.182292 0.787934 0.182943 0.788848 0.182943 0.789762 0.182943 0.790676 0.182292 0.791590 0.181641 0.792505 0.180990 0.792505 0.180339 0.791590 0.179688 0.790676 0.179036 0.789762 0.178385 0.788848 0.178385 0.787934 0.178385 0.787020 0.177734 0.786106 0.177734 0.785192 0.177734 0.784278 0.177083 0.783364 0.177083 0.782450 0.177734 0.781536 0.177083 0.780622 0.176432 0.779707 0.175781 0.778793 0.175130 0.777879 0.174479 0.776965 0.174479 0.776051 0.174479 0.775137 0.173828 0.774223 0.173177 0.774223 0.172526 0.775137 0.171875 0.776051 0.171224 0.776965 0.170573 0.776965 0.169922 0.776965 0.169271 0.776051 0.168620 0.775137 0.168620 0.774223 0.167969 0.773309 0.167969 0.772395 0.167318 0.771481 0.167318 0.770567 0.167318 0.769653 0.166667 0.768739 0.166667 0.767824 0.166667 0.766910 0.166667 0.765996 0.167318 0.765082 0.167969 0.764168 0.168620 0.764168 0.169271 0.764168 0.169271 0.763254 0.169271 0.762340 0.169271 0.761426 0.169271 0.760512 0.169922 0.759598 0.169922 0.758684 0.170573 0.757770 0.171224 0.756856 0.171875 0.757770 0.172526 0.758684 0.172526 0.759598 0.173177 0.760512 0.173177 0.761426 0.173177 0.762340 0.173828 0.762340 0.174479 0.762340 0.174479 0.761426 0.175130 0.760512 0.175130 0.759598 0.175130 0.758684 0.175130 0.757770 0.175781 0.756856 0.175781 0.755941 0.175130 0.755027 0.174479 0.754113 0.174479 0.753199 0.173828 0.752285 0.173828 0.751371 0.173177 0.750457 0.173177 0.749543 0.172526 0.748629 0.171875 0.747715 0.171875 0.746801 0.171224 0.745887 0.171224 0.744973 0.171224 0.744059 0.170573 0.743144 0.169922 0.742230 0.169271 0.741316 0.168620 0.740402 0.167969 0.740402 0.167318 0.739488 0.166667 0.738574 0.166016 0.738574 0.165365 0.739488 0.164714 0.739488 0.164714 0.740402 0.164714 0.741316 0.164714 0.742230 0.165365 0.743144 0.165365 0.744059 0.166016 0.744973 0.166667 0.745887 0.167318 0.746801 0.167969 0.747715 0.168620 0.748629 0.169271 0.749543 0.169922 0.749543 0.170573 0.750457 0.171224 0.751371 0.171224 0.752285 0.170573 0.753199 0.169922 0.754113 0.169271 0.754113 0.168620 0.754113 0.167969 0.754113 0.167318 0.755027 0.166667 0.754113 0.166016 0.755027 0.165365 0.755941 0.164714 0.755941 0.164062 0.756856 0.163411 0.756856 0.163411 0.757770 0.163411 0.758684 0.163411 0.759598 0.162760 0.760512 0.162109 0.761426 0.161458 0.762340 0.160807 0.762340 0.160156 0.762340 0.160156 0.763254 0.159505 0.764168 0.160156 0.765082 0.160807 0.765996 0.160807 0.766910 0.160807 0.767824 0.161458 0.768739 0.162109 0.769653 0.162760 0.770567 0.163411 0.771481 0.164062 0.772395 0.164714 0.773309 0.165365 0.774223 0.166016 0.775137 0.166667 0.775137 0.167318 0.775137 0.167969 0.776051 0.168620 0.776965 0.169271 0.777879 0.169922 0.778793 0.169922 0.779707 0.169922 0.780622 0.169922 0.781536 0.169922 0.782450 0.170573 0.783364 0.171224 0.783364 0.171875 0.784278 0.172526 0.785192 0.173177 0.784278 0.173828 0.785192 0.174479 0.786106 0.174479 0.787020 0.174479 0.787934 0.175130 0.788848 0.175781 0.789762 0.175781 0.790676 0.176432 0.791590 0.176432 0.792505 0.175781 0.793419 0.175130 0.794333 0.174479 0.794333 0.173828 0.795247 0.173177 0.795247 0.172526 0.795247 0.173177 0.796161 0.172526 0.797075 0.173177 0.797989 0.173828 0.798903 0.174479 0.798903 0.175130 0.799817 0.175781 0.800731 0.175130 0.801645 0.174479 0.802559 0.173828 0.802559 0.173177 0.802559 0.172526 0.802559 0.171875 0.802559 0.171224 0.803473 0.170573 0.803473 0.169922 0.804388 0.169271 0.804388 0.168620 0.805302 0.167969 0.805302 0.167318 0.806216 0.166667 0.806216 0.166016 0.806216 0.165365 0.807130 0.164714 0.808044 0.164062 0.808044 0.163411 0.808958 0.162760 0.808958 0.162109 0.809872 0.161458 0.809872 0.160807 0.809872 0.160156 0.810786 0.159505 0.810786 0.159505 0.811700 0.158854 0.812614 0.158854 0.813528 0.159505 0.814442 0.160156 0.815356 0.160807 0.816271 0.161458 0.815356 0.162109 0.815356 0.162760 0.815356 0.163411 0.815356 0.164062 0.814442 0.164714 0.814442 0.165365 0.814442 0.166016 0.813528 0.166667 0.813528 0.167318 0.812614 0.167969 0.812614 0.168620 0.812614 0.169271 0.812614 0.169922 0.812614 0.170573 0.812614 0.171224 0.813528 0.171875 0.814442 0.172526 0.814442 0.173177 0.815356 0.173828 0.816271 0.174479 0.817185 0.174479 0.818099 0.174479 0.819013 0.173828 0.819927 0.173177 0.820841 0.172526 0.821755 0.171875 0.822669 0.171224 0.823583 0.170573 0.824497 0.170573 0.825411 0.171224 0.826325 0.171224 0.827239 0.171875 0.828154 0.171875 0.829068 0.172526 0.829982 0.172526 0.830896 0.173177 0.831810 0.173177 0.832724 0.173828 0.832724 0.174479 0.833638 0.175130 0.834552 0.175130 0.835466 0.175130 0.836380 0.175130 0.837294 0.174479 0.838208 0.173828 0.839122 0.173828 0.840037 0.173177 0.840951 0.173177 0.841865 0.173828 0.842779 0.173177 0.843693 0.173828 0.844607 0.174479 0.844607 0.175130 0.845521 0.175781 0.846435 0.176432 0.847349 0.176432 0.848263 0.176432 0.849177 0.177083 0.850091 0.177734 0.851005 0.178385 0.851920 0.178385 0.852834 0.178385 0.853748 0.178385 0.854662 0.177734 0.855576 0.177083 0.856490 0.176432 0.857404 0.175781 0.857404 0.175130 0.857404 0.174479 0.857404 0.173828 0.857404 0.174479 0.858318 0.174479 0.859232 0.174479 0.860146 0.174479 0.861060 0.174479 0.861974 0.174479 0.862888 0.175130 0.863803 0.175130 0.864717 0.175781 0.865631 0.175781 0.866545 0.176432 0.866545 0.177083 0.867459 0.177734 0.868373 0.177734 0.869287 0.178385 0.870201 0.179036 0.871115 0.179688 0.872029 0.180339 0.872943 0.180339 0.873857 0.180990 0.874771 0.180339 0.875686 0.180339 0.876600 0.180990 0.877514 0.180339 0.878428 0.180990 0.879342 0.180990 0.880256 0.180990 0.881170 0.180990 0.882084 0.180990 0.882998 0.181641 0.883912 0.180990 0.884826 0.180990 0.885740 0.180339 0.886654 0.179688 0.887569 0.179036 0.887569 0.178385 0.887569 0.177734 0.887569 0.177083 0.887569 0.176432 0.887569 0.176432 0.888483 0.175781 0.889397 0.176432 0.889397 0.177083 0.889397 0.177734 0.889397 0.178385 0.889397 0.179036 0.889397 0.179688 0.889397 0.180339 0.889397 0.180990 0.889397 0.181641 0.889397 0.182292 0.889397 0.182943 0.889397 0.183594 0.889397 0.184245 0.889397 0.184896 0.889397 0.185547 0.889397 0.186198 0.889397 0.186849 0.889397 0.187500 0.889397 0.188151 0.889397 0.188802 0.889397 0.189453 0.889397 0.190104 0.889397 0.190104 0.888483 0.190104 0.887569 0.190104 0.886654 0.190104 0.885740 0.190104 0.884826 0.189453 0.883912 0.188802 0.882998 0.188151 0.883912 0.187500 0.882998 0.186849 0.883912 0.186198 0.883912 0.185547 0.883912 0.184896 0.883912 0.184245 0.882998 0.183594 0.882084 0.183594 0.881170 0.184245 0.880256 0.184896 0.879342 0.185547 0.878428 0.186198 0.878428 0.185547 0.877514 0.186198 0.876600 0.186849 0.875686 0.187500 0.875686 0.188151 0.875686 0.188802 0.875686 0.189453 0.876600 0.190104 0.877514 0.190104 0.876600 0.190755 0.875686 0.191406 0.874771 0.191406 0.873857 0.192057 0.872943 0.192708 0.872029 0.193359 0.871115 0.194010 0.870201 0.194661 0.870201 0.195312 0.869287 0.195964 0.868373 0.196615 0.867459 0.196615 0.866545 0.196615 0.865631 0.196615 0.864717 0.195964 0.863803 0.195312 0.862888 0.194661 0.862888 0.194010 0.861974 0.193359 0.861060 0.193359 0.860146 0.192708 0.859232 0.192708 0.858318 0.192057 0.857404 0.191406 0.858318 0.190755 0.858318 0.190104 0.859232 0.190104 0.860146 0.189453 0.861060 0.188802 0.861974 0.188802 0.862888 0.188802 0.863803 0.188802 0.864717 0.188802 0.865631 0.188151 0.866545 0.188151 0.867459 0.188802 0.868373 0.188802 0.869287 0.188151 0.870201 0.188802 0.871115 0.188151 0.872029 0.188151 0.872943 0.188151 0.873857 0.187500 0.874771 0.186849 0.875686 0.186198 0.874771 0.185547 0.873857 0.184896 0.872943 0.184245 0.872029 0.184245 0.871115 0.183594 0.870201 0.184245 0.869287 0.183594 0.868373 0.183594 0.867459 0.183594 0.866545 0.183594 0.865631 0.183594 0.864717 0.183594 0.863803 0.184245 0.862888 0.183594 0.861974 0.184245 0.861060 0.184896 0.860146 0.185547 0.859232 0.185547 0.858318 0.185547 0.857404 0.186198 0.856490 0.186198 0.855576 0.186198 0.854662 0.186198 0.853748 0.186198 0.852834 0.185547 0.852834 0.184896 0.852834 0.184245 0.851920 0.183594 0.851005 0.183594 0.850091 0.183594 0.849177 0.183594 0.848263 0.184245 0.847349 0.184245 0.846435 0.184245 0.845521 0.184245 0.844607 0.184245 0.843693 0.183594 0.842779 0.182943 0.841865 0.183594 0.840951 0.182943 0.840037 0.183594 0.839122 0.184245 0.838208 0.184245 0.837294 0.184896 0.836380 0.185547 0.835466 0.185547 0.834552 0.186198 0.833638 0.186198 0.832724 0.186849 0.831810 0.186849 0.830896 0.187500 0.829982 0.187500 0.829068 0.188151 0.828154 0.188151 0.827239 0.188151 0.826325 0.188151 0.825411 0.187500 0.824497 0.188151 0.823583 0.187500 0.823583 0.186849 0.822669 0.186198 0.822669 0.185547 0.821755 0.184896 0.821755 0.184245 0.821755 0.183594 0.822669 0.182943 0.823583 0.182292 0.823583 0.182292 0.824497 0.182292 0.825411 0.181641 0.826325 0.180990 0.827239 0.180339 0.827239 0.179688 0.826325 0.179036 0.825411 0.179036 0.824497 0.179036 0.823583 0.179036 0.822669 0.178385 0.821755 0.177734 0.820841 0.177734 0.819927 0.177734 0.819013 0.177734 0.818099 0.177734 0.817185 0.178385 0.816271 0.178385 0.815356 0.178385 0.814442 0.179036 0.813528 0.179036 0.812614 0.179688 0.811700 0.180339 0.810786 0.180990 0.809872 0.181641 0.809872 0.181641 0.808958 0.182292 0.808044 0.181641 0.807130 0.181641 0.806216 0.180990 0.805302 0.180990 0.804388 0.180990 0.803473 0.181641 0.802559 0.181641 0.801645 0.182292 0.800731 0.182943 0.799817 0.182943 0.798903 0.183594 0.797989 0.183594 0.797075 0.184245 0.796161 0.184245 0.795247 0.184896 0.794333 0.184245 0.793419 0.184896 0.792505 0.184896 0.791590 0.185547 0.790676 0.186198 0.789762 0.186849 0.789762 0.187500 0.789762 0.188151 0.788848 0.188151 0.787934 0.188151 0.787020 0.188151 0.786106 0.188802 0.785192 0.189453 0.784278 0.190104 0.784278 0.190755 0.783364 0.191406 0.782450 0.191406 0.781536 0.190755 0.780622 0.191406 0.779707 0.190755 0.779707 0.190104 0.779707 0.189453 0.778793 0.188802 0.778793 0.188151 0.777879 0.187500 0.776965 0.188151 0.776051 0.188802 0.775137 0.189453 0.774223 0.190104 0.773309 0.190755 0.773309 0.191406 0.773309 0.192057 0.772395 0.192708 0.771481 0.193359 0.771481 0.194010 0.770567 0.194010 0.769653 0.194661 0.768739 0.194661 0.767824 0.195312 0.766910 0.195312 0.765996 0.195312 0.765082 0.195312 0.764168 0.194661 0.763254 0.195312 0.762340 0.195312 0.761426 0.195964 0.760512 0.196615 0.759598 0.195964 0.758684 0.195312 0.757770 0.194661 0.756856 0.194661 0.755941 0.194010 0.756856 0.193359 0.756856 0.192708 0.757770 0.192057 0.758684 0.192057 0.759598 0.191406 0.760512 0.191406 0.761426 0.191406 0.762340 0.192057 0.763254 0.192057 0.764168 0.191406 0.765082 0.191406 0.765996 0.191406 0.766910 0.191406 0.767824 0.190755 0.768739 0.190104 0.769653 0.189453 0.770567 0.188802 0.770567 0.188151 0.771481 0.187500 0.771481 0.186849 0.771481 0.186198 0.771481 0.185547 0.770567 0.184896 0.769653 0.184896 0.768739 0.184896 0.767824 0.184896 0.766910 0.184896 0.765996 0.185547 0.765082 0.185547 0.764168 0.184896 0.763254 0.185547 0.762340 0.185547 0.761426 0.185547 0.760512 0.184896 0.759598 0.184896 0.758684 0.184896 0.757770 0.185547 0.756856 0.185547 0.755941 0.185547 0.755027 0.186198 0.754113 0.186849 0.753199 0.187500 0.752285 0.188151 0.751371 0.188802 0.751371 0.189453 0.750457 0.190104 0.749543 0.190755 0.748629 0.191406 0.747715 0.192057 0.747715 0.192708 0.746801 0.193359 0.745887 0.193359 0.744973 0.193359 0.744059 0.193359 0.743144 0.192708 0.742230 0.192057 0.742230 0.191406 0.741316 0.190755 0.740402 0.190104 0.740402 0.189453 0.739488 0.188802 0.740402 0.188151 0.740402 0.188151 0.741316 0.188802 0.742230 0.188151 0.743144 0.187500 0.744059 0.186849 0.744973 0.186198 0.745887 0.185547 0.746801 0.184896 0.747715 0.184245 0.748629 0.183594 0.748629 0.182943 0.749543 0.182292 0.748629 0.181641 0.747715 0.182292 0.746801 0.181641 0.745887 0.181641 0.744973 0.181641 0.744059 0.181641 0.743144 0.181641 0.742230 0.180990 0.741316 0.180990 0.740402 0.181641 0.739488 0.180990 0.738574 0.180339 0.737660 0.179688 0.736746
0 0.280599 0.727605 0.280599 0.728519 0.280599 0.729433 0.281250 0.730347 0.281250 0.731261 0.280599 0.732176 0.281250 0.733090 0.281250 0.734004 0.280599 0.734918 0.279948 0.735832 0.279297 0.736746 0.278646 0.737660 0.279297 0.738574 0.279297 0.739488 0.279297 0.740402 0.279297 0.741316 0.278646 0.742230 0.278646 0.743144 0.278646 0.744059 0.277995 0.744973 0.277344 0.745887 0.276693 0.744973 0.276042 0.744059 0.275391 0.743144 0.274740 0.742230 0.274740 0.741316 0.274089 0.740402 0.273438 0.739488 0.273438 0.738574 0.273438 0.737660 0.273438 0.736746 0.272786 0.735832 0.272786 0.734918 0.272135 0.734004 0.271484 0.733090 0.270833 0.733090 0.270182 0.732176 0.269531 0.732176 0.268880 0.732176 0.268229 0.731261 0.267578 0.732176 0.266927 0.731261 0.266276 0.732176 0.265625 0.733090 0.265625 0.734004 0.264974 0.734918 0.264974 0.735832 0.265625 0.736746 0.265625 0.737660 0.266276 0.738574 0.266927 0.738574 0.267578 0.738574 0.268229 0.738574 0.268880 0.739488 0.269531 0.740402 0.268880 0.741316 0.269531 0.742230 0.270182 0.743144 0.270182 0.744059 0.270182 0.744973 0.270182 0.745887 0.269531 0.746801 0.269531 0.747715 0.269531 0.748629 0.269531 0.749543 0.269531 0.750457 0.270182 0.750457 0.270833 0.751371 0.271484 0.751371 0.272135 0.751371 0.272786 0.751371 0.273438 0.752285 0.274089 0.752285 0.274740 0.753199 0.275391 0.754113 0.276042 0.755027 0.276042 0.755941 0.276693 0.756856 0.277344 0.757770 0.277344 0.758684 0.277344 0.759598 0.277995 0.760512 0.277995 0.761426 0.278646 0.762340 0.279297 0.763254 0.279948 0.764168 0.280599 0.765082 0.281250 0.765996 0.281901 0.766910 0.281901 0.767824 0.282552 0.768739 0.282552 0.769653 0.283203 0.770567 0.282552 0.771481 0.281901 0.772395 0.281250 0.772395 0.280599 0.772395 0.279948 0.773309 0.279297 0.774223 0.279948 0.775137 0.280599 0.776051 0.281250 0.776051 0.281901 0.776051 0.282552 0.776051 0.283203 0.776965 0.283854 0.777879 0.283854 0.778793 0.283854 0.779707 0.283854 0.780622 0.283854 0.781536 0.283854 0.782450 0.283854 0.783364 0.283203 0.784278 0.283854 0.785192 0.283854 0.786106 0.283203 0.787020 0.282552 0.787934 0.281901 0.788848 0.281250 0.788848 0.280599 0.787934 0.279948 0.787020 0.279297 0.786106 0.279297 0.785192 0.279297 0.784278 0.279297 0.783364 0.278646 0.782450 0.278646 0.781536 0.277995 0.780622 0.277344 0.780622 0.276693 0.780622 0.276042 0.779707 0.275391 0.778793 0.274740 0.777879 0.274740 0.776965 0.274740 0.776051 0.274740 0.775137 0.274740 0.774223 0.274740 0.773309 0.274740 0.772395 0.274089 0.771481 0.273438 0.770567 0.272786 0.769653 0.272135 0.768739 0.271484 0.767824 0.270833 0.766910 0.270182 0.766910 0.269531 0.767824 0.268880 0.767824 0.268229 0.768739 0.268229 0.769653 0.268229 0.770567 0.268880 0.771481 0.268880 0.772395 0.268880 0.773309 0.269531 0.774223 0.268880 0.775137 0.268229 0.776051 0.267578 0.776051 0.266927 0.776965 0.266927 0.777879 0.266927 0.778793 0.266276 0.779707 0.266276 0.780622 0.266927 0.781536 0.267578 0.782450 0.268229 0.782450 0.268880 0.782450 0.269531 0.782450 0.270182 0.782450 0.270833 0.782450 0.271484 0.783364 0.272135 0.784278 0.271484 0.785192 0.271484 0.786106 0.272135 0.787020 0.272135 0.787934 0.272786 0.787020 0.273438 0.787934 0.274089 0.787020 0.274740 0.787020 0.275391 0.787020 0.276042 0.787934 0.276693 0.788848 0.277344 0.789762 0.277344 0.790676 0.277995 0.791590 0.278646 0.791590 0.279297 0.792505 0.279948 0.793419 0.280599 0.793419 0.281250 0.794333 0.281901 0.794333 0.282552 0.794333 0.283203 0.795247 0.283854 0.795247 0.284505 0.795247 0.285156 0.796161 0.285807 0.797075 0.285807 0.797989 0.285807 0.798903 0.285807 0.799817 0.286458 0.800731 0.286458 0.801645 0.286458 0.802559 0.287109 0.803473 0.287760 0.803473 0.288411 0.804388 0.289062 0.804388 0.289714 0.804388 0.290365 0.805302 0.291016 0.805302 0.291667 0.806216 0.292318 0.807130 0.292318 0.808044 0.292969 0.808958 0.293620 0.809872 0.293620 0.810786 0.294271 0.810786 0.294922 0.811700 0.295573 0.812614 0.296224 0.813528 0.296224 0.814442 0.296224 0.815356 0.296875 0.816271 0.297526 0.816271 0.298177 0.817185 0.298828 0.818099 0.299479 0.819013 0.299479 0.819927 0.299479 0.820841 0.298828 0.821755 0.298177 0.822669 0.297526 0.823583 0.296875 0.823583 0.296224 0.823583 0.295573 0.822669 0.294922 0.821755 0.294271 0.820841 0.293620 0.820841 0.292969 0.820841 0.292318 0.821755 0.292969 0.822669 0.292318 0.823583 0.292969 0.824497 0.292969 0.825411 0.293620 0.826325 0.293620 0.827239 0.294271 0.828154 0.294922 0.828154 0.295573 0.829068 0.296224 0.828154 0.296875 0.829068 0.297526 0.829068 0.298177 0.829068 0.298828 0.829982 0.299479 0.830896 0.300130 0.830896 0.300781 0.830896 0.301432 0.831810 0.302083 0.831810 0.302734 0.832724 0.303385 0.833638 0.302734 0.834552 0.303385 0.835466 0.302734 0.836380 0.302734 0.837294 0.302083 0.838208 0.302083 0.839122 0.301432 0.840037 0.301432 0.840951 0.300781 0.841865 0.300781 0.842779 0.300781 0.843693 0.300781 0.844607 0.300781 0.845521 0.300781 0.846435 0.300781 0.847349 0.301432 0.848263 0.300781 0.849177 0.301432 0.850091 0.301432 0.851005 0.301432 0.851920 0.300781 0.852834 0.300130 0.853748 0.300781 0.854662 0.300130 0.855576 0.299479 0.856490 0.299479 0.857404 0.299479 0.858318 0.298828 0.859232 0.298828 0.860146 0.298177 0.861060 0.298177 0.861974 0.298177 0.862888 0.297526 0.863803 0.296875 0.864717 0.296224 0.864717 0.295573 0.863803 0.294922 0.862888 0.294922 0.861974 0.294271 0.861060 0.294271 0.860146 0.294271 0.859232 0.293620 0.858318 0.293620 0.857404 0.293620 0.856490 0.293620 0.855576 0.294271 0.854662 0.294271 0.853748 0.294271 0.852834 0.294271 0.851920 0.293620 0.851005 0.294271 0.850091 0.293620 0.849177 0.294271 0.848263 0.294922 0.847349 0.295573 0.847349 0.294922 0.846435 0.295573 0.845521 0.296224 0.844607 0.296875 0.843693 0.296224 0.842779 0.296224 0.841865 0.295573 0.841865 0.294922 0.840951 0.294271 0.840951 0.293620 0.840951 0.292969 0.841865 0.292318 0.841865 0.291667 0.841865 0.291016 0.841865 0.290365 0.841865 0.289714 0.841865 0.289062 0.841865 0.288411 0.842779 0.287760 0.841865 0.287109 0.841865 0.286458 0.842779 0.285807 0.841865 0.285156 0.842779 0.284505 0.842779 0.283854 0.842779 0.283203 0.843693 0.282552 0.843693 0.281901 0.843693 0.281250 0.842779 0.280599 0.843693 0.279948 0.844607 0.279297 0.845521 0.279297 0.846435 0.279297 0.847349 0.279948 0.848263 0.279948 0.849177 0.280599 0.849177 0.281250 0.850091 0.281901 0.850091 0.282552 0.851005 0.283203 0.850091 0.283854 0.850091 0.284505 0.851005 0.285156 0.851005 0.285807 0.851005 0.286458 0.851005 0.287109 0.851920 0.287760 0.852834 0.287760 0.853748 0.287760 0.854662 0.287109 0.855576 0.286458 0.856490 0.285807 0.857404 0.286458 0.858318 0.286458 0.859232 0.287109 0.860146 0.287109 0.861060 0.287760 0.861974 0.287760 0.862888 0.288411 0.863803 0.289062 0.864717 0.289714 0.864717 0.290365 0.865631 0.291016 0.866545 0.291667 0.867459 0.292318 0.868373 0.292969 0.869287 0.293620 0.870201 0.292969 0.871115 0.293620 0.872029 0.293620 0.872943 0.293620 0.873857 0.293620 0.874771 0.294271 0.875686 0.293620 0.876600 0.294271 0.877514 0.294271 0.878428 0.294271 0.879342 0.294922 0.880256 0.294922 0.881170 0.295573 0.882084 0.295573 0.882998 0.294922 0.883912 0.294271 0.884826 0.293620 0.885740 0.293620 0.886654 0.292969 0.887569 0.292969 0.888483 0.292969 0.889397 0.293620 0.889397 0.294271 0.889397 0.294922 0.889397 0.295573 0.889397 0.296224 0.889397 0.296875 0.889397 0.297526 0.889397 0.298177 0.889397 0.298828 0.889397 0.299479 0.889397 0.300130 0.889397 0.300781 0.889397 0.301432 0.889397 0.302083 0.889397 0.302734 0.889397 0.303385 0.889397 0.304036 0.889397 0.304688 0.889397 0.305339 0.889397 0.305990 0.889397 0.306641 0.889397 0.307292 0.889397 0.307943 0.889397 0.308594 0.889397 0.308594 0.888483 0.308594 0.887569 0.308594 0.886654 0.309245 0.885740 0.309245 0.884826 0.309245 0.883912 0.309245 0.882998 0.309245 0.882084 0.308594 0.882998 0.307943 0.882084 0.307292 0.882084 0.306641 0.882084 0.306641 0.882998 0.305990 0.883912 0.305339 0.884826 0.304688 0.885740 0.304036 0.885740 0.303385 0.884826 0.302734 0.885740 0.302083 0.886654 0.301432 0.886654 0.300781 0.885740 0.300130 0.886654 0.299479 0.886654 0.298828 0.886654 0.298177 0.885740 0.297526 0.884826 0.296875 0.883912 0.297526 0.882998 0.297526 0.882084 0.298177 0.881170 0.298828 0.880256 0.299479 0.880256 0.299479 0.879342 0.300130 0.878428 0.300781 0.877514 0.300781 0.876600 0.300781 0.875686 0.300781 0.874771 0.300781 0.873857 0.300781 0.872943 0.300781 0.872029 0.301432 0.871115 0.301432 0.870201 0.302083 0.869287 0.302083 0.868373 0.302734 0.867459 0.303385 0.866545 0.304036 0.865631 0.304688 0.864717 0.304688 0.863803 0.304688 0.862888 0.304688 0.861974 0.304688 0.861060 0.304688 0.860146 0.304688 0.859232 0.304688 0.858318 0.305339 0.857404 0.305990 0.856490 0.305990 0.855576 0.306641 0.854662 0.307292 0.853748 0.307943 0.852834 0.308594 0.852834 0.309245 0.851920 0.309896 0.851005 0.310547 0.851005 0.311198 0.850091 0.311849 0.850091 0.311849 0.849177 0.312500 0.848263 0.313151 0.847349 0.313151 0.846435 0.313802 0.845521 0.313802 0.844607 0.313802 0.843693 0.314453 0.842779 0.315104 0.841865 0.315755 0.840951 0.316406 0.840037 0.317057 0.839122 0.317708 0.838208 0.318359 0.837294 0.318359 0.836380 0.318359 0.835466 0.317708 0.834552 0.317708 0.833638 0.317057 0.832724 0.316406 0.832724 0.315755 0.832724 0.315104 0.832724 0.314453 0.832724 0.313802 0.832724 0.313151 0.832724 0.312500 0.832724 0.311849 0.833638 0.311198 0.833638 0.310547 0.833638 0.309896 0.832724 0.309245 0.831810 0.309245 0.830896 0.308594 0.829982 0.309245 0.829068 0.309245 0.828154 0.309245 0.827239 0.309896 0.826325 0.309896 0.825411 0.310547 0.824497 0.311198 0.823583 0.310547 0.822669 0.310547 0.821755 0.310547 0.820841 0.311198 0.819927 0.311849 0.819013 0.312500 0.818099 0.313151 0.817185 0.313802 0.817185 0.314453 0.817185 0.315104 0.816271 0.315755 0.815356 0.316406 0.814442 0.316406 0.813528 0.317057 0.812614 0.317708 0.811700 0.317708 0.810786 0.317708 0.809872 0.318359 0.808958 0.318359 0.808044 0.318359 0.807130 0.319010 0.806216 0.318359 0.805302 0.317708 0.805302 0.317057 0.804388 0.316406 0.805302 0.315755 0.805302 0.315104 0.806216 0.315104 0.807130 0.314453 0.808044 0.314453 0.808958 0.313802 0.809872 0.313151 0.810786 0.313151 0.811700 0.312500 0.812614 0.311849 0.813528 0.311198 0.812614 0.310547 0.811700 0.310547 0.810786 0.311198 0.809872 0.311198 0.808958 0.311849 0.808044 0.311849 0.807130 0.311849 0.806216 0.311849 0.805302 0.311849 0.804388 0.311849 0.803473 0.311849 0.802559 0.312500 0.801645 0.313151 0.800731 0.313802 0.800731 0.314453 0.799817 0.315104 0.798903 0.315755 0.798903 0.316406 0.798903 0.317057 0.797989 0.317057 0.797075 0.317708 0.796161 0.317057 0.795247 0.317708 0.794333 0.317057 0.793419 0.317708 0.792505 0.317708 0.791590 0.317708 0.790676 0.318359 0.789762 0.319010 0.788848 0.319661 0.787934 0.320312 0.787020 0.320964 0.786106 0.320964 0.785192 0.321615 0.784278 0.322266 0.783364 0.322917 0.783364 0.323568 0.782450 0.324219 0.781536 0.324870 0.780622 0.324870 0.779707 0.324870 0.778793 0.324870 0.777879 0.324870 0.776965 0.324219 0.776051 0.324219 0.775137 0.324219 0.774223 0.324870 0.773309 0.324870 0.772395 0.325521 0.771481 0.326172 0.770567 0.326172 0.769653 0.326823 0.768739 0.326823 0.767824 0.326823 0.766910 0.326823 0.765996 0.326172 0.765996 0.325521 0.765996 0.324870 0.765082 0.324219 0.765082 0.323568 0.764168 0.322917 0.763254 0.322917 0.762340 0.322917 0.761426 0.323568 0.760512 0.323568 0.759598 0.323568 0.758684 0.323568 0.757770 0.323568 0.756856 0.322917 0.756856 0.322266 0.756856 0.321615 0.756856 0.320964 0.755941 0.320312 0.756856 0.319661 0.755941 0.319010 0.755027 0.318359 0.754113 0.318359 0.753199 0.319010 0.752285 0.318359 0.751371 0.318359 0.750457 0.317708 0.750457 0.317057 0.749543 0.316406 0.749543 0.315755 0.749543 0.315104 0.749543 0.315104 0.750457 0.314453 0.751371 0.313802 0.752285 0.313151 0.752285 0.313802 0.753199 0.313802 0.754113 0.313802 0.755027 0.313802 0.755941 0.314453 0.756856 0.314453 0.757770 0.315104 0.758684 0.315755 0.758684 0.316406 0.759598 0.317057 0.760512 0.316406 0.761426 0.316406 0.762340 0.317057 0.763254 0.316406 0.764168 0.316406 0.765082 0.316406 0.765996 0.315755 0.766910 0.315104 0.767824 0.314453 0.766910 0.313802 0.765996 0.313151 0.765082 0.312500 0.764168 0.312500 0.763254 0.312500 0.762340 0.311849 0.762340 0.311198 0.761426 0.310547 0.760512 0.309896 0.761426 0.309245 0.762340 0.309245 0.763254 0.309245 0.764168 0.309245 0.765082 0.309245 0.765996 0.309896 0.766910 0.310547 0.767824 0.310547 0.768739 0.311198 0.769653 0.311849 0.770567 0.312500 0.771481 0.312500 0.772395 0.313151 0.773309 0.313802 0.774223 0.314453 0.775137 0.314453 0.776051 0.314453 0.776965 0.314453 0.777879 0.315104 0.778793 0.315104 0.779707 0.314453 0.780622 0.315104 0.781536 0.315104 0.782450 0.315755 0.783364 0.315755 0.784278 0.315755 0.785192 0.315104 0.786106 0.315755 0.787020 0.315104 0.787934 0.314453 0.788848 0.313802 0.789762 0.313151 0.789762 0.312500 0.789762 0.311849 0.788848 0.311198 0.787934 0.311198 0.787020 0.311198 0.786106 0.310547 0.785192 0.310547 0.784278 0.310547 0.783364 0.309896 0.783364 0.309245 0.782450 0.308594 0.783364 0.308594 0.784278 0.307943 0.785192 0.307943 0.786106 0.308594 0.787020 0.308594 0.787934 0.308594 0.788848 0.308594 0.789762 0.309245 0.790676 0.308594 0.791590 0.309245 0.792505 0.309245 0.793419 0.309896 0.794333 0.309896 0.795247 0.309896 0.796161 0.309896 0.797075 0.309896 0.797989 0.309896 0.798903 0.309896 0.799817 0.309896 0.800731 0.309896 0.801645 0.309896 0.802559 0.309896 0.803473 0.309896 0.804388 0.309245 0.805302 0.309245 0.806216 0.309245 0.807130 0.308594 0.808044 0.308594 0.808958 0.308594 0.809872 0.308594 0.810786 0.308594 0.811700 0.309245 0.812614 0.308594 0.813528 0.308594 0.814442 0.308594 0.815356 0.308594 0.816271 0.308594 0.817185 0.307943 0.818099 0.307943 0.819013 0.307943 0.819927 0.307943 0.820841 0.307292 0.821755 0.307292 0.822669 0.307292 0.823583 0.307292 0.824497 0.307292 0.825411 0.306641 0.826325 0.306641 0.827239 0.306641 0.828154 0.307292 0.829068 0.306641 0.829982 0.307292 0.830896 0.306641 0.831810 0.305990 0.832724 0.305339 0.832724 0.304688 0.832724 0.304036 0.831810 0.303385 0.830896 0.303385 0.829982 0.303385 0.829068 0.302734 0.828154 0.302083 0.827239 0.302083 0.826325 0.302734 0.825411 0.302734 0.824497 0.302734 0.823583 0.302734 0.822669 0.302734 0.821755 0.302734 0.820841 0.302083 0.819927 0.302734 0.819013 0.303385 0.818099 0.303385 0.817185 0.303385 0.816271 0.304036 0.815356 0.303385 0.814442 0.303385 0.813528 0.303385 0.812614 0.303385 0.811700 0.303385 0.810786 0.304036 0.809872 0.303385 0.808958 0.303385 0.808044 0.303385 0.807130 0.304036 0.806216 0.304036 0.805302 0.304036 0.804388 0.303385 0.803473 0.304036 0.802559 0.304036 0.801645 0.304688 0.800731 0.304036 0.799817 0.304036 0.798903 0.304036 0.797989 0.303385 0.797075 0.303385 0.796161 0.303385 0.795247 0.304036 0.794333 0.303385 0.793419 0.303385 0.792505 0.302734 0.792505 0.302083 0.793419 0.301432 0.794333 0.301432 0.795247 0.300781 0.796161 0.301432 0.797075 0.301432 0.797989 0.302083 0.798903 0.302083 0.799817 0.302734 0.800731 0.302734 0.801645 0.302734 0.802559 0.302734 0.803473 0.302083 0.804388 0.302083 0.805302 0.301432 0.806216 0.302083 0.807130 0.302083 0.808044 0.302083 0.808958 0.302083 0.809872 0.302083 0.810786 0.302083 0.811700 0.302083 0.812614 0.302734 0.813528 0.302083 0.814442 0.301432 0.815356 0.300781 0.816271 0.300130 0.815356 0.299479 0.814442 0.299479 0.813528 0.298828 0.812614 0.298177 0.811700 0.297526 0.810786 0.297526 0.809872 0.297526 0.808958 0.296875 0.808044 0.296875 0.807130 0.296875 0.806216 0.296224 0.805302 0.296224 0.804388 0.296224 0.803473 0.296875 0.802559 0.296875 0.801645 0.296875 0.800731 0.296875 0.799817 0.296875 0.798903 0.296875 0.797989 0.296224 0.797989 0.295573 0.797075 0.294922 0.797075 0.294271 0.797989 0.293620 0.797989 0.292969 0.797989 0.292318 0.797989 0.291667 0.797989 0.291016 0.797989 0.290365 0.797989 0.289714 0.797075 0.289062 0.796161 0.289062 0.795247 0.288411 0.794333 0.288411 0.793419 0.287760 0.792505 0.287760 0.791590 0.287760 0.790676 0.287760 0.789762 0.287109 0.788848 0.287109 0.787934 0.287109 0.787020 0.286458 0.786106 0.285807 0.785192 0.285807 0.784278 0.285807 0.783364 0.285807 0.782450 0.285156 0.781536 0.285807 0.780622 0.286458 0.779707 0.285807 0.778793 0.286458 0.777879 0.285807 0.776965 0.285807 0.776051 0.285807 0.775137 0.285156 0.774223 0.285156 0.773309 0.285156 0.772395 0.284505 0.771481 0.285156 0.770567 0.285156 0.769653 0.285156 0.768739 0.285156 0.767824 0.285156 0.766910 0.284505 0.765996 0.284505 0.765082 0.284505 0.764168 0.283854 0.763254 0.284505 0.762340 0.284505 0.761426 0.284505 0.760512 0.283854 0.759598 0.283854 0.758684 0.284505 0.757770 0.283854 0.756856 0.284505 0.755941 0.284505 0.755027 0.283854 0.754113 0.283854 0.753199 0.283854 0.752285 0.283203 0.751371 0.283203 0.750457 0.282552 0.749543 0.282552 0.748629 0.282552 0.747715 0.282552 0.746801 0.281901 0.745887 0.281901 0.744973 0.281901 0.744059 0.281901 0.743144 0.281901 0.742230 0.282552 0.741316 0.281901 0.740402 0.281901 0.739488 0.282552 0.738574 0.281901 0.737660 0.282552 0.736746 0.282552 0.735832 0.282552 0.734918 0.282552 0.734004 0.283203 0.733090 0.282552 0.732176 0.282552 0.731261 0.283203 0.730347 0.282552 0.729433 0.282552 0.728519 0.281901 0.727605 0.281250 0.728519
0 0.977865 0.724863 0.977214 0.725777 0.976562 0.726691 0.975911 0.727605 0.975260 0.728519 0.975260 0.729433 0.975260 0.730347 0.975260 0.731261 0.975260 0.732176 0.975260 0.733090 0.975260 0.734004 0.975911 0.734918 0.975911 0.735832 0.976562 0.736746 0.977214 0.737660 0.976562 0.738574 0.976562 0.739488 0.976562 0.740402 0.977214 0.741316 0.977214 0.742230 0.977865 0.743144 0.977865 0.744059 0.978516 0.744973 0.979167 0.745887 0.979818 0.746801 0.980469 0.747715 0.980469 0.748629 0.981120 0.749543 0.981771 0.750457 0.982422 0.751371 0.983073 0.752285 0.983724 0.753199 0.983073 0.754113 0.983724 0.754113 0.984375 0.755027 0.985026 0.755941 0.985677 0.755941 0.986328 0.756856 0.986979 0.757770 0.986328 0.758684 0.985677 0.759598 0.985026 0.759598 0.984375 0.760512 0.983724 0.759598 0.984375 0.760512 0.983724 0.761426 0.984375 0.762340 0.984375 0.763254 0.985026 0.764168 0.985026 0.765082 0.985677 0.765996 0.986328 0.766910 0.986979 0.766910 0.987630 0.765996 0.988281 0.766910 0.988932 0.766910 0.989583 0.767824 0.990234 0.767824 0.990885 0.768739 0.991536 0.769653 0.992188 0.770567 0.992839 0.771481 0.993490 0.772395 0.994141 0.773309 0.994141 0.774223 0.994792 0.775137 0.994792 0.776051 0.994792 0.776965 0.994792 0.777879 0.994141 0.778793 0.994141 0.779707 0.994141 0.780622 0.994141 0.781536 0.993490 0.782450 0.994141 0.783364 0.993490 0.784278 0.992839 0.785192 0.992839 0.786106 0.992188 0.787020 0.992188 0.787934 0.992188 0.788848 0.991536 0.789762 0.990885 0.790676 0.990234 0.789762 0.989583 0.788848 0.989583 0.787934 0.990234 0.787020 0.990234 0.786106 0.989583 0.785192 0.989583 0.784278 0.990234 0.783364 0.989583 0.782450 0.990234 0.781536 0.989583 0.780622 0.990234 0.779707 0.989583 0.779707 0.988932 0.779707 0.988281 0.779707 0.987630 0.779707 0.987630 0.780622 0.987630 0.781536 0.986979 0.782450 0.987630 0.783364 0.986979 0.784278 0.986328 0.785192 0.985677 0.785192 0.985026 0.784278 0.984375 0.783364 0.983724 0.782450 0.983724 0.781536 0.983724 0.780622 0.983724 0.779707 0.983724 0.778793 0.984375 0.777879 0.984375 0.776965 0.983724 0.776051 0.983073 0.776051 0.982422 0.775137 0.981771 0.775137 0.981120 0.775137 0.980469 0.776051 0.980469 0.776965 0.979818 0.777879 0.979818 0.778793 0.980469 0.779707 0.979818 0.780622 0.979818 0.781536 0.979818 0.782450 0.979818 0.783364 0.979818 0.784278 0.979167 0.785192 0.979818 0.786106 0.979818 0.787020 0.979167 0.787934 0.978516 0.788848 0.977865 0.789762 0.977214 0.790676 0.976562 0.789762 0.975911 0.789762 0.975260 0.789762 0.974609 0.789762 0.973958 0.790676 0.974609 0.791590 0.973958 0.792505 0.973307 0.793419 0.973958 0.794333 0.974609 0.795247 0.975260 0.795247 0.975911 0.796161 0.976562 0.796161 0.977214 0.795247 0.977865 0.796161 0.978516 0.796161 0.979167 0.797075 0.979818 0.797989 0.979818 0.798903 0.979818 0.799817 0.979818 0.800731 0.979818 0.801645 0.979818 0.802559 0.979818 0.803473 0.980469 0.803473 0.981120 0.804388 0.981771 0.804388 0.982422 0.804388 0.983073 0.805302 0.983724 0.805302 0.984375 0.805302 0.985026 0.806216 0.985677 0.807130 0.985677 0.808044 0.985026 0.808958 0.985677 0.809872 0.986328 0.810786 0.986328 0.811700 0.986979 0.812614 0.987630 0.813528 0.988281 0.813528 0.988281 0.812614 0.987630 0.811700 0.988281 0.810786 0.988281 0.809872 0.987630 0.808958 0.987630 0.808044 0.988281 0.807130 0.988932 0.806216 0.988932 0.805302 0.989583 0.804388 0.990234 0.803473 0.989583 0.802559 0.989583 0.801645 0.988932 0.801645 0.988281 0.800731 0.987630 0.799817 0.986979 0.799817 0.986328 0.799817 0.985677 0.800731 0.985026 0.801645 0.984375 0.802559 0.983724 0.801645 0.983073 0.800731 0.982422 0.799817 0.981771 0.798903 0.982422 0.797989 0.982422 0.797075 0.982422 0.796161 0.983073 0.795247 0.983724 0.794333 0.984375 0.794333 0.985026 0.793419 0.985677 0.792505 0.985026 0.791590 0.985677 0.790676 0.985677 0.789762 0.986328 0.788848 0.986979 0.787934 0.987630 0.787934 0.988281 0.788848 0.988932 0.787934 0.989583 0.788848 0.990234 0.789762 0.989583 0.790676 0.990234 0.791590 0.990234 0.792505 0.990234 0.793419 0.990234 0.794333 0.990234 0.795247 0.990885 0.796161 0.991536 0.796161 0.991536 0.795247 0.992188 0.794333 0.992839 0.793419 0.993490 0.792505 0.994141 0.791590 0.994792 0.790676 0.994141 0.789762 0.994792 0.788848 0.994792 0.787934 0.994792 0.787020 0.994792 0.786106 0.995443 0.785192 0.995443 0.784278 0.995443 0.783364 0.996094 0.782450 0.996094 0.781536 0.996745 0.780622 0.996745 0.779707 0.996745 0.778793 0.997396 0.777879 0.997396 0.776965 0.998047 0.776051 0.997396 0.775137 0.998047 0.774223 0.997396 0.773309 0.997396 0.772395 0.996745 0.771481 0.996094 0.770567 0.996094 0.769653 0.996745 0.768739 0.997396 0.767824 0.998047 0.766910 0.998698 0.765996 0.998698 0.765082 0.998698 0.764168 0.998698 0.763254 0.998698 0.762340 0.998698 0.761426 0.998698 0.760512 0.998698 0.759598 0.998698 0.758684 0.998698 0.757770 0.998698 0.756856 0.998698 0.755941 0.998698 0.755027 0.998698 0.754113 0.998698 0.753199 0.998698 0.752285 0.998698 0.751371 0.998047 0.751371 0.997396 0.751371 0.996745 0.752285 0.996094 0.751371 0.995443 0.750457 0.995443 0.749543 0.995443 0.748629 0.995443 0.747715 0.995443 0.746801 0.995443 0.745887 0.995443 0.744973 0.996094 0.744059 0.996745 0.743144 0.996745 0.742230 0.997396 0.741316 0.997396 0.740402 0.996745 0.739488 0.996094 0.738574 0.996094 0.737660 0.995443 0.736746 0.994792 0.735832 0.994792 0.734918 0.994141 0.734918 0.993490 0.734918 0.992839 0.735832 0.992839 0.736746 0.992188 0.737660 0.991536 0.738574 0.990885 0.738574 0.990234 0.739488 0.990885 0.740402 0.990234 0.741316 0.990885 0.742230 0.990234 0.743144 0.990234 0.744059 0.990885 0.743144 0.991536 0.744059 0.992188 0.743144 0.992839 0.742230 0.993490 0.743144 0.994141 0.744059 0.994141 0.744973 0.994792 0.745887 0.994792 0.746801 0.994141 0.747715 0.994141 0.748629 0.994141 0.749543 0.993490 0.750457 0.992839 0.751371 0.992188 0.751371 0.991536 0.752285 0.992188 0.753199 0.992188 0.754113 0.992839 0.755027 0.992839 0.755941 0.993490 0.756856 0.994141 0.755941 0.994792 0.755027 0.995443 0.754113 0.996094 0.755027 0.996745 0.755941 0.996745 0.756856 0.996745 0.757770 0.996745 0.758684 0.996094 0.759598 0.995443 0.760512 0.994792 0.760512 0.994141 0.761426 0.993490 0.760512 0.994141 0.761426 0.993490 0.762340 0.994141 0.763254 0.993490 0.764168 0.992839 0.765082 0.992188 0.764168 0.991536 0.763254 0.991536 0.762340 0.990885 0.761426 0.990885 0.760512 0.990885 0.759598 0.990234 0.758684 0.989583 0.757770 0.988932 0.756856 0.988932 0.755941 0.988932 0.755027 0.988932 0.754113 0.988281 0.753199 0.988932 0.752285 0.988932 0.751371 0.988281 0.750457 0.988281 0.749543 0.988281 0.748629 0.987630 0.749543 0.986979 0.750457 0.986328 0.750457 0.985677 0.750457 0.985026 0.750457 0.984375 0.749543 0.983724 0.748629 0.984375 0.747715 0.985026 0.746801 0.985677 0.745887 0.986328 0.744973 0.986328 0.744059 0.985677 0.743144 0.985677 0.742230 0.985026 0.741316 0.984375 0.740402 0.985026 0.739488 0.984375 0.738574 0.983724 0.737660 0.983073 0.736746 0.983724 0.735832 0.983724 0.734918 0.984375 0.734004 0.984375 0.733090 0.984375 0.732176 0.983724 0.732176 0.983073 0.731261 0.982422 0.730347 0.981771 0.729433 0.981120 0.728519 0.981120 0.727605 0.980469 0.726691 0.980469 0.725777 0.980469 0.724863 0.979818 0.724863 0.979167 0.724863 0.978516 0.724863
0 0.055990 0.709324 0.055339 0.710238 0.054688 0.711152 0.054036 0.712066 0.054036 0.712980 0.054036 0.713894 0.054688 0.714808 0.054688 0.715722 0.055339 0.716636 0.055990 0.717550 0.055990 0.718464 0.055339 0.719378 0.055990 0.720293 0.056641 0.721207 0.056641 0.722121 0.055990 0.723035 0.056641 0.723949 0.056641 0.724863 0.056641 0.725777 0.056641 0.726691 0.056641 0.727605 0.056641 0.728519 0.056641 0.729433 0.056641 0.730347 0.056641 0.731261 0.056641 0.732176 0.055990 0.733090 0.055339 0.734004 0.055339 0.734918 0.055339 0.735832 0.055339 0.736746 0.055339 0.737660 0.055990 0.738574 0.056641 0.739488 0.056641 0.740402 0.057292 0.741316 0.057943 0.742230 0.058594 0.743144 0.059245 0.742230 0.059896 0.743144 0.060547 0.743144 0.061198 0.742230 0.061849 0.741316 0.062500 0.741316 0.063151 0.741316 0.063802 0.740402 0.064453 0.741316 0.065104 0.742230 0.065104 0.743144 0.065104 0.744059 0.065755 0.744059 0.066406 0.744059 0.067057 0.744059 0.067708 0.743144 0.067708 0.742230 0.067057 0.741316 0.067057 0.740402 0.066406 0.741316 0.065755 0.741316 0.065104 0.742230 0.064453 0.741316 0.063802 0.740402 0.064453 0.739488 0.065104 0.738574 0.064453 0.738574 0.063802 0.737660 0.063151 0.737660 0.062500 0.736746 0.061849 0.735832 0.061849 0.734918 0.061849 0.734004 0.062500 0.733090 0.063151 0.732176 0.063802 0.731261 0.064453 0.731261 0.065104 0.730347 0.065755 0.730347 0.066406 0.730347 0.067057 0.729433 0.067708 0.730347 0.068359 0.730347 0.069010 0.731261 0.069661 0.731261 0.070312 0.731261 0.070964 0.731261 0.071615 0.731261 0.072266 0.730347 0.072917 0.730347 0.073568 0.729433 0.074219 0.728519 0.074870 0.727605 0.074870 0.726691 0.075521 0.725777 0.075521 0.724863 0.075521 0.723949 0.076172 0.723035 0.076172 0.722121 0.076823 0.721207 0.076823 0.720293 0.077474 0.719378 0.078125 0.718464 0.078125 0.717550 0.077474 0.716636 0.078125 0.715722 0.078125 0.714808 0.078125 0.713894 0.077474 0.712980 0.076823 0.712980 0.076172 0.712980 0.075521 0.712066 0.074870 0.712066 0.074219 0.712066 0.073568 0.712980 0.072917 0.713894 0.072266 0.714808 0.071615 0.715722 0.070964 0.716636 0.070312 0.716636 0.069661 0.715722 0.069010 0.715722 0.068359 0.714808 0.067708 0.713894 0.067057 0.712980 0.066406 0.712980 0.065755 0.712980 0.065104 0.712980 0.065104 0.713894 0.064453 0.714808 0.064453 0.715722 0.063802 0.716636 0.064453 0.717550 0.063802 0.718464 0.063802 0.719378 0.063151 0.720293 0.063802 0.721207 0.063802 0.722121 0.063802 0.723035 0.063802 0.723949 0.063151 0.724863 0.062500 0.725777 0.061849 0.725777 0.061198 0.726691 0.060547 0.726691 0.059896 0.727605 0.059245 0.726691 0.058594 0.725777 0.058594 0.724863 0.058594 0.723949 0.058594 0.723035 0.059245 0.722121 0.059245 0.721207 0.059245 0.720293 0.059245 0.719378 0.059896 0.718464 0.059896 0.717550 0.059896 0.716636 0.059896 0.715722 0.059896 0.714808 0.059896 0.713894 0.059245 0.712980 0.059245 0.712066 0.058594 0.711152 0.057943 0.710238 0.057943 0.709324 0.057292 0.709324 0.056641 0.709324
0 0.298177 0.706581 0.297526 0.707495 0.296875 0.708410 0.296875 0.709324 0.296875 0.710238 0.296875 0.711152 0.296875 0.712066 0.297526 0.712980 0.298177 0.713894 0.298828 0.714808 0.298828 0.715722 0.298828 0.716636 0.299479 0.717550 0.299479 0.718464 0.298828 0.719378 0.298177 0.720293 0.297526 0.719378 0.296875 0.719378 0.296224 0.719378 0.295573 0.719378 0.294922 0.720293 0.294922 0.721207 0.294922 0.722121 0.294922 0.723035 0.294922 0.723949 0.294271 0.724863 0.294271 0.725777 0.293620 0.726691 0.293620 0.727605 0.292969 0.728519 0.292969 0.729433 0.292969 0.730347 0.292969 0.731261 0.292969 0.732176 0.293620 0.733090 0.292969 0.734004 0.293620 0.734918 0.292969 0.735832 0.292969 0.736746 0.292969 0.737660 0.292969 0.738574 0.293620 0.739488 0.293620 0.740402 0.293620 0.741316 0.294271 0.741316 0.294922 0.742230 0.295573 0.743144 0.295573 0.744059 0.296224 0.744973 0.296875 0.745887 0.296875 0.746801 0.297526 0.747715 0.296875 0.748629 0.296224 0.749543 0.295573 0.750457 0.294922 0.749543 0.294271 0.750457 0.293620 0.750457 0.293620 0.751371 0.294271 0.752285 0.294922 0.752285 0.295573 0.753199 0.296224 0.753199 0.296875 0.754113 0.297526 0.755027 0.298177 0.755941 0.298177 0.756856 0.298177 0.757770 0.297526 0.758684 0.298177 0.759598 0.298177 0.760512 0.298828 0.761426 0.298828 0.762340 0.298177 0.763254 0.298828 0.764168 0.298177 0.765082 0.297526 0.765996 0.297526 0.766910 0.297526 0.767824 0.296875 0.768739 0.296224 0.769653 0.295573 0.769653 0.294922 0.768739 0.294271 0.767824 0.294271 0.766910 0.294271 0.765996 0.294271 0.765082 0.294271 0.764168 0.294271 0.763254 0.294271 0.762340 0.293620 0.761426 0.293620 0.760512 0.292969 0.759598 0.292318 0.758684 0.291667 0.759598 0.291016 0.758684 0.290365 0.757770 0.290365 0.756856 0.290365 0.755941 0.290365 0.755027 0.289714 0.754113 0.289714 0.753199 0.289714 0.752285 0.289062 0.751371 0.289062 0.750457 0.288411 0.750457 0.287760 0.750457 0.287109 0.750457 0.287109 0.751371 0.287109 0.752285 0.287109 0.753199 0.287109 0.754113 0.287109 0.755027 0.287109 0.755941 0.287760 0.756856 0.288411 0.757770 0.288411 0.758684 0.289062 0.759598 0.289062 0.760512 0.289714 0.761426 0.290365 0.762340 0.290365 0.763254 0.290365 0.764168 0.291016 0.765082 0.291667 0.765996 0.291016 0.766910 0.291016 0.767824 0.291667 0.768739 0.292318 0.769653 0.292969 0.770567 0.293620 0.771481 0.294271 0.772395 0.294922 0.773309 0.294922 0.774223 0.295573 0.775137 0.295573 0.776051 0.296224 0.776965 0.296224 0.777879 0.296875 0.778793 0.296875 0.779707 0.296875 0.780622 0.297526 0.781536 0.297526 0.782450 0.297526 0.783364 0.297526 0.784278 0.296875 0.785192 0.297526 0.786106 0.297526 0.787020 0.298177 0.787934 0.298828 0.788848 0.298828 0.789762 0.299479 0.789762 0.300130 0.788848 0.300781 0.789762 0.300781 0.788848 0.301432 0.787934 0.302083 0.787020 0.302734 0.786106 0.303385 0.785192 0.302734 0.785192 0.302083 0.785192 0.301432 0.784278 0.300781 0.783364 0.300781 0.782450 0.301432 0.781536 0.301432 0.780622 0.302083 0.779707 0.301432 0.778793 0.300781 0.777879 0.300130 0.776965 0.299479 0.776051 0.299479 0.775137 0.298828 0.774223 0.299479 0.773309 0.300130 0.772395 0.299479 0.771481 0.300130 0.770567 0.300130 0.769653 0.300130 0.768739 0.300781 0.767824 0.301432 0.766910 0.302083 0.765996 0.302734 0.765082 0.303385 0.765996 0.304036 0.765082 0.304688 0.764168 0.305339 0.764168 0.305990 0.764168 0.305339 0.763254 0.305990 0.762340 0.305990 0.761426 0.305339 0.760512 0.305339 0.759598 0.304688 0.759598 0.304036 0.759598 0.303385 0.759598 0.302734 0.760512 0.302083 0.760512 0.301432 0.759598 0.300781 0.758684 0.300781 0.757770 0.300781 0.756856 0.300781 0.755941 0.301432 0.755027 0.301432 0.754113 0.302083 0.753199 0.302734 0.752285 0.303385 0.752285 0.304036 0.751371 0.304688 0.750457 0.305339 0.749543 0.305990 0.748629 0.306641 0.748629 0.306641 0.747715 0.306641 0.746801 0.307292 0.745887 0.307292 0.744973 0.307943 0.744059 0.307943 0.743144 0.307943 0.742230 0.307943 0.741316 0.307943 0.740402 0.308594 0.739488 0.308594 0.738574 0.308594 0.737660 0.308594 0.736746 0.308594 0.735832 0.308594 0.734918 0.309245 0.734004 0.308594 0.733090 0.308594 0.732176 0.308594 0.731261 0.308594 0.730347 0.308594 0.729433 0.308594 0.728519 0.308594 0.727605 0.308594 0.726691 0.307943 0.725777 0.307943 0.724863 0.308594 0.723949 0.307943 0.723035 0.307292 0.722121 0.307292 0.721207 0.306641 0.721207 0.305990 0.720293 0.305339 0.720293 0.304688 0.720293 0.304036 0.720293 0.303385 0.721207 0.302734 0.722121 0.302083 0.723035 0.301432 0.722121 0.300781 0.721207 0.300130 0.720293 0.299479 0.719378 0.299479 0.718464 0.300130 0.717550 0.300781 0.716636 0.300781 0.715722 0.301432 0.714808 0.302083 0.713894 0.302734 0.712980 0.302734 0.712066 0.302734 0.711152 0.302734 0.710238 0.302734 0.709324 0.302734 0.708410 0.302083 0.707495 0.302734 0.706581 0.302083 0.707495 0.301432 0.706581 0.300781 0.706581 0.300130 0.707495 0.299479 0.707495 0.298828 0.706581
0 0.259766 0.684644 0.259115 0.685558 0.258464 0.686472 0.258464 0.687386 0.259115 0.688300 0.259115 0.689214 0.259766 0.690128 0.259766 0.691042 0.259766 0.691956 0.259766 0.692870 0.259766 0.693784 0.259115 0.694698 0.259115 0.695612 0.259115 0.696527 0.259115 0.697441 0.258464 0.698355 0.257812 0.699269 0.257161 0.700183 0.256510 0.700183 0.255859 0.700183 0.255208 0.700183 0.254557 0.701097 0.253906 0.701097 0.254557 0.702011 0.253906 0.702925 0.253906 0.703839 0.254557 0.704753 0.255208 0.705667 0.255859 0.704753 0.256510 0.705667 0.257161 0.705667 0.257812 0.705667 0.258464 0.704753 0.259115 0.704753 0.259766 0.703839 0.260417 0.703839 0.261068 0.703839 0.261719 0.704753 0.262370 0.703839 0.263021 0.704753 0.263672 0.705667 0.263672 0.706581 0.264323 0.707495 0.264323 0.708410 0.264974 0.709324 0.264974 0.710238 0.265625 0.711152 0.266276 0.712066 0.266927 0.712980 0.266927 0.713894 0.266276 0.714808 0.266927 0.715722 0.267578 0.716636 0.267578 0.717550 0.267578 0.718464 0.267578 0.719378 0.268229 0.720293 0.268880 0.721207 0.269531 0.722121 0.270182 0.723035 0.270833 0.723949 0.270833 0.724863 0.271484 0.725777 0.270833 0.726691 0.271484 0.726691 0.272135 0.726691 0.271484 0.725777 0.271484 0.724863 0.270833 0.723949 0.270833 0.723035 0.271484 0.722121 0.271484 0.721207 0.272135 0.720293 0.272135 0.719378 0.272786 0.718464 0.273438 0.717550 0.274089 0.718464 0.274740 0.719378 0.274740 0.720293 0.274089 0.721207 0.274740 0.722121 0.275391 0.723035 0.275391 0.723949 0.276042 0.724863 0.276693 0.724863 0.277344 0.723949 0.277344 0.723035 0.276693 0.722121 0.277344 0.721207 0.277995 0.720293 0.277995 0.719378 0.278646 0.718464 0.277995 0.717550 0.277995 0.716636 0.277995 0.715722 0.277344 0.714808 0.276693 0.714808 0.276042 0.713894 0.275391 0.714808 0.274740 0.714808 0.274089 0.715722 0.273438 0.715722 0.274089 0.716636 0.273438 0.717550 0.272786 0.718464 0.272135 0.717550 0.271484 0.716636 0.272135 0.715722 0.271484 0.715722 0.270833 0.715722 0.270182 0.715722 0.269531 0.714808 0.268880 0.713894 0.268880 0.712980 0.268880 0.712066 0.268880 0.711152 0.268229 0.710238 0.268229 0.709324 0.268229 0.708410 0.268229 0.707495 0.267578 0.706581 0.267578 0.705667 0.267578 0.704753 0.266927 0.703839 0.266927 0.702925 0.267578 0.702011 0.266927 0.701097 0.266927 0.700183 0.266927 0.699269 0.266927 0.698355 0.266927 0.697441 0.266927 0.696527 0.266276 0.695612 0.266276 0.694698 0.266276 0.693784 0.265625 0.692870 0.264974 0.691956 0.264323 0.691042 0.263672 0.690128 0.263021 0.689214 0.263021 0.688300 0.262370 0.687386 0.261719 0.686472 0.261719 0.685558 0.261068 0.684644 0.260417 0.685558
0 0.944010 0.653565 0.943359 0.654479 0.942708 0.654479 0.942057 0.655393 0.941406 0.656307 0.941406 0.657221 0.941406 0.658135 0.941406 0.659049 0.941406 0.659963 0.941406 0.660878 0.942057 0.661792 0.942708 0.661792 0.943359 0.662706 0.944010 0.663620 0.944661 0.664534 0.945312 0.665448 0.945964 0.666362 0.946615 0.667276 0.947266 0.668190 0.947917 0.669104 0.947917 0.670018 0.947917 0.670932 0.947917 0.671846 0.947266 0.672761 0.947266 0.673675 0.947266 0.674589 0.947266 0.675503 0.946615 0.676417 0.946615 0.677331 0.946615 0.678245 0.945964 0.679159 0.945964 0.680073 0.945964 0.680987 0.945964 0.681901 0.945964 0.682815 0.945312 0.683729 0.945312 0.684644 0.944661 0.685558 0.944661 0.686472 0.944661 0.687386 0.944661 0.688300 0.945312 0.689214 0.945312 0.690128 0.945312 0.691042 0.944661 0.691956 0.944661 0.692870 0.944661 0.693784 0.944010 0.694698 0.944010 0.695612 0.943359 0.696527 0.942708 0.697441 0.942057 0.697441 0.941406 0.697441 0.940755 0.696527 0.940104 0.695612 0.939453 0.696527 0.940104 0.697441 0.939453 0.698355 0.940104 0.699269 0.940755 0.700183 0.940755 0.701097 0.941406 0.702011 0.941406 0.702925 0.941406 0.703839 0.942057 0.704753 0.942057 0.705667 0.941406 0.706581 0.942057 0.707495 0.942057 0.708410 0.941406 0.709324 0.940755 0.710238 0.940104 0.709324 0.939453 0.708410 0.938802 0.707495 0.938151 0.706581 0.938151 0.705667 0.938151 0.704753 0.937500 0.703839 0.938151 0.702925 0.937500 0.702011 0.937500 0.701097 0.936849 0.701097 0.936198 0.700183 0.935547 0.699269 0.934896 0.699269 0.934245 0.698355 0.933594 0.697441 0.932943 0.696527 0.932292 0.695612 0.931641 0.694698 0.931641 0.693784 0.931641 0.692870 0.931641 0.691956 0.931641 0.691042 0.930990 0.690128 0.930990 0.689214 0.930339 0.688300 0.929688 0.687386 0.929688 0.686472 0.929036 0.685558 0.929036 0.684644 0.929036 0.683729 0.929036 0.682815 0.929036 0.681901 0.929036 0.680987 0.929036 0.680073 0.929688 0.679159 0.929688 0.678245 0.929036 0.677331 0.929036 0.676417 0.929688 0.675503 0.929688 0.674589 0.929036 0.673675 0.929688 0.672761 0.930339 0.671846 0.929688 0.670932 0.930339 0.670018 0.930339 0.669104 0.930990 0.668190 0.930339 0.667276 0.929688 0.666362 0.929036 0.665448 0.928385 0.665448 0.927734 0.665448 0.927083 0.664534 0.926432 0.663620 0.925781 0.662706 0.925130 0.661792 0.924479 0.661792 0.923828 0.660878 0.923177 0.660878 0.922526 0.660878 0.921875 0.660878 0.921875 0.661792 0.921875 0.662706 0.921224 0.663620 0.921875 0.664534 0.922526 0.665448 0.922526 0.666362 0.922526 0.667276 0.923177 0.668190 0.922526 0.669104 0.921875 0.670018 0.922526 0.670932 0.922526 0.671846 0.923177 0.672761 0.922526 0.673675 0.923177 0.674589 0.923177 0.675503 0.922526 0.676417 0.921875 0.677331 0.921224 0.677331 0.920573 0.678245 0.921224 0.679159 0.921875 0.680073 0.921875 0.680987 0.921875 0.681901 0.922526 0.682815 0.922526 0.683729 0.922526 0.684644 0.923177 0.685558 0.923177 0.686472 0.923828 0.687386 0.924479 0.688300 0.925130 0.689214 0.925781 0.690128 0.926432 0.689214 0.927083 0.688300 0.927734 0.689214 0.928385 0.690128 0.929036 0.691042 0.929036 0.691956 0.928385 0.692870 0.927734 0.693784 0.927083 0.693784 0.926432 0.692870 0.925781 0.693784 0.925130 0.692870 0.924479 0.692870 0.923828 0.692870 0.923177 0.692870 0.922526 0.692870 0.921875 0.692870 0.921224 0.692870 0.920573 0.691956 0.919922 0.691956 0.919271 0.691956 0.918620 0.692870 0.917969 0.692870 0.917318 0.692870 0.916667 0.692870 0.916016 0.693784 0.915365 0.694698 0.916016 0.695612 0.916016 0.696527 0.916016 0.697441 0.916016 0.698355 0.916016 0.699269 0.916667 0.699269 0.917318 0.700183 0.917969 0.700183 0.918620 0.701097 0.919271 0.701097 0.919922 0.701097 0.920573 0.701097 0.921224 0.701097 0.921875 0.700183 0.922526 0.700183 0.923177 0.700183 0.923828 0.700183 0.924479 0.700183 0.925130 0.700183 0.925781 0.701097 0.926432 0.701097 0.927083 0.702011 0.927734 0.701097 0.928385 0.702011 0.929036 0.702011 0.929688 0.702925 0.930339 0.703839 0.930990 0.704753 0.931641 0.705667 0.932292 0.706581 0.932943 0.706581 0.933594 0.705667 0.934245 0.704753 0.934896 0.705667 0.935547 0.706581 0.935547 0.707495 0.936198 0.708410 0.936849 0.709324 0.936198 0.710238 0.936849 0.710238 0.937500 0.711152 0.938151 0.712066 0.938802 0.712980 0.939453 0.713894 0.940104 0.714808 0.939453 0.715722 0.940104 0.716636 0.940755 0.717550 0.940104 0.718464 0.940104 0.719378 0.940104 0.720293 0.939453 0.721207 0.938802 0.722121 0.939453 0.723035 0.938802 0.723949 0.938802 0.724863 0.938151 0.725777 0.937500 0.726691 0.936849 0.726691 0.936198 0.725777 0.935547 0.724863 0.935547 0.723949 0.934896 0.723035 0.935547 0.722121 0.935547 0.721207 0.934896 0.720293 0.935547 0.719378 0.934896 0.718464 0.934896 0.717550 0.934896 0.716636 0.934896 0.715722 0.934245 0.714808 0.934245 0.713894 0.933594 0.712980 0.933594 0.712066 0.932943 0.712066 0.933594 0.712980 0.932943 0.713894 0.932292 0.714808 0.932292 0.715722 0.932292 0.716636 0.932292 0.717550 0.932292 0.718464 0.932943 0.719378 0.932292 0.720293 0.932292 0.721207 0.932292 0.722121 0.931641 0.723035 0.930990 0.723949 0.930990 0.724863 0.931641 0.725777 0.930990 0.726691 0.931641 0.727605 0.931641 0.728519 0.931641 0.729433 0.932292 0.730347 0.932943 0.730347 0.933594 0.730347 0.934245 0.730347 0.934896 0.729433 0.935547 0.729433 0.936198 0.729433 0.936849 0.728519 0.937500 0.729433 0.938151 0.728519 0.938802 0.729433 0.939453 0.729433 0.940104 0.729433 0.940755 0.729433 0.941406 0.729433 0.942057 0.730347 0.942708 0.730347 0.943359 0.730347 0.944010 0.731261 0.944661 0.731261 0.945312 0.732176 0.945964 0.733090 0.945312 0.734004 0.944661 0.734918 0.944010 0.735832 0.943359 0.735832 0.942708 0.735832 0.942057 0.734918 0.941406 0.735832 0.940755 0.735832 0.940104 0.734918 0.939453 0.734918 0.938802 0.734918 0.938151 0.734004 0.937500 0.733090 0.936849 0.734004 0.936198 0.733090 0.935547 0.733090 0.934896 0.733090 0.934896 0.734004 0.934245 0.734918 0.933594 0.735832 0.933594 0.736746 0.932943 0.737660 0.932943 0.738574 0.932943 0.739488 0.932292 0.740402 0.932943 0.741316 0.932943 0.742230 0.933594 0.742230 0.934245 0.742230 0.934896 0.743144 0.935547 0.742230 0.936198 0.741316 0.936849 0.740402 0.937500 0.740402 0.938151 0.740402 0.938802 0.740402 0.939453 0.740402 0.940104 0.739488 0.940755 0.739488 0.941406 0.740402 0.942057 0.741316 0.942708 0.742230 0.943359 0.742230 0.944010 0.743144 0.944661 0.742230 0.945312 0.743144 0.945964 0.743144 0.946615 0.743144 0.947266 0.743144 0.947917 0.743144 0.948568 0.744059 0.949219 0.744059 0.949870 0.744973 0.950521 0.745887 0.951172 0.745887 0.951823 0.746801 0.952474 0.746801 0.953125 0.745887 0.953776 0.744973 0.954427 0.744059 0.955078 0.743144 0.955729 0.743144 0.956380 0.742230 0.957031 0.741316 0.957682 0.741316 0.958333 0.740402 0.958984 0.739488 0.958984 0.738574 0.958984 0.737660 0.958984 0.736746 0.958333 0.736746 0.957682 0.736746 0.957031 0.735832 0.956380 0.734918 0.957031 0.734004 0.957682 0.733090 0.958333 0.732176 0.958984 0.731261 0.959635 0.731261 0.960286 0.730347 0.959635 0.729433 0.960286 0.728519 0.959635 0.727605 0.958984 0.726691 0.959635 0.725777 0.959635 0.724863 0.959635 0.723949 0.960286 0.723035 0.960938 0.722121 0.961589 0.722121 0.961589 0.721207 0.962240 0.720293 0.962240 0.719378 0.962891 0.718464 0.962891 0.717550 0.962891 0.716636 0.963542 0.715722 0.964193 0.714808 0.964193 0.713894 0.964193 0.712980 0.964844 0.712066 0.964193 0.711152 0.964193 0.710238 0.964844 0.709324 0.964193 0.708410 0.963542 0.707495 0.964193 0.706581 0.964193 0.705667 0.963542 0.704753 0.963542 0.703839 0.962891 0.703839 0.962240 0.702925 0.961589 0.702925 0.960938 0.702925 0.960286 0.702925 0.959635 0.702925 0.958984 0.703839 0.959635 0.704753 0.959635 0.705667 0.958984 0.706581 0.959635 0.707495 0.960286 0.708410 0.960286 0.709324 0.959635 0.710238 0.959635 0.711152 0.960286 0.712066 0.960286 0.712980 0.960938 0.713894 0.960286 0.714808 0.960286 0.715722 0.960286 0.716636 0.959635 0.717550 0.958984 0.718464 0.958984 0.719378 0.958333 0.720293 0.958333 0.721207 0.958333 0.722121 0.957682 0.723035 0.957031 0.723949 0.957031 0.724863 0.956380 0.725777 0.955729 0.726691 0.955078 0.726691 0.955078 0.727605 0.954427 0.728519 0.954427 0.729433 0.953776 0.730347 0.953776 0.731261 0.953125 0.732176 0.953125 0.733090 0.952474 0.734004 0.951823 0.734918 0.951172 0.735832 0.950521 0.735832 0.949870 0.734918 0.949219 0.734004 0.949870 0.733090 0.949219 0.732176 0.949219 0.731261 0.949219 0.730347 0.948568 0.729433 0.949219 0.728519 0.948568 0.727605 0.948568 0.726691 0.947917 0.727605 0.947266 0.727605 0.946615 0.727605 0.945964 0.726691 0.945312 0.726691 0.944661 0.726691 0.944010 0.725777 0.943359 0.724863 0.942708 0.723949 0.943359 0.723035 0.943359 0.722121 0.944010 0.721207 0.944661 0.720293 0.944661 0.719378 0.944661 0.718464 0.944010 0.717550 0.944661 0.716636 0.944010 0.715722 0.943359 0.714808 0.943359 0.713894 0.943359 0.712980 0.943359 0.712066 0.943359 0.711152 0.943359 0.710238 0.943359 0.709324 0.944010 0.708410 0.944661 0.707495 0.944010 0.706581 0.944661 0.705667 0.945312 0.704753 0.945964 0.704753 0.945964 0.703839 0.946615 0.702925 0.947266 0.702011 0.947917 0.702925 0.947917 0.702011 0.948568 0.701097 0.948568 0.700183 0.947917 0.699269 0.948568 0.698355 0.948568 0.697441 0.948568 0.696527 0.947917 0.695612 0.948568 0.694698 0.948568 0.693784 0.949219 0.692870 0.949219 0.691956 0.948568 0.691042 0.948568 0.690128 0.947917 0.689214 0.947266 0.688300 0.947266 0.687386 0.947917 0.686472 0.947266 0.685558 0.947266 0.684644 0.947917 0.683729 0.948568 0.682815 0.949219 0.681901 0.949219 0.680987 0.949219 0.680073 0.949219 0.679159 0.949870 0.678245 0.950521 0.677331 0.949870 0.676417 0.950521 0.675503 0.951172 0.674589 0.951823 0.673675 0.952474 0.672761 0.952474 0.671846 0.952474 0.670932 0.953125 0.670018 0.953125 0.669104 0.953125 0.668190 0.953776 0.667276 0.953125 0.666362 0.953776 0.665448 0.953776 0.664534 0.953776 0.663620 0.953776 0.662706 0.953125 0.661792 0.952474 0.660878 0.951823 0.660878 0.951172 0.661792 0.950521 0.660878 0.949870 0.661792 0.949219 0.660878 0.948568 0.659963 0.948568 0.659049 0.947917 0.658135 0.947917 0.657221 0.947266 0.656307 0.947266 0.655393 0.946615 0.654479 0.945964 0.654479 0.945312 0.654479 0.944661 0.653565
0 0.983724 0.646252 0.983073 0.647166 0.982422 0.648080 0.982422 0.648995 0.983073 0.649909 0.983073 0.650823 0.983073 0.651737 0.983073 0.652651 0.983724 0.653565 0.983724 0.654479 0.983073 0.655393 0.982422 0.656307 0.981771 0.656307 0.981120 0.656307 0.980469 0.657221 0.980469 0.658135 0.980469 0.659049 0.980469 0.659963 0.981120 0.660878 0.981120 0.661792 0.980469 0.662706 0.981120 0.663620 0.981120 0.664534 0.981120 0.665448 0.981771 0.666362 0.981120 0.667276 0.981771 0.668190 0.982422 0.669104 0.982422 0.670018 0.983073 0.670932 0.983073 0.671846 0.983073 0.672761 0.983724 0.673675 0.983724 0.674589 0.983724 0.675503 0.984375 0.676417 0.984375 0.677331 0.984375 0.678245 0.985026 0.679159 0.985677 0.680073 0.985026 0.680987 0.985677 0.681901 0.985026 0.682815 0.984375 0.683729 0.983724 0.682815 0.983724 0.683729 0.983073 0.684644 0.982422 0.685558 0.981771 0.685558 0.981771 0.686472 0.981771 0.687386 0.982422 0.688300 0.981771 0.689214 0.982422 0.690128 0.981771 0.691042 0.981120 0.691956 0.980469 0.692870 0.979818 0.693784 0.979167 0.693784 0.978516 0.694698 0.977865 0.695612 0.977865 0.696527 0.977865 0.697441 0.978516 0.698355 0.978516 0.699269 0.979167 0.699269 0.979818 0.700183 0.980469 0.699269 0.981120 0.700183 0.981771 0.699269 0.982422 0.699269 0.983073 0.699269 0.983724 0.699269 0.984375 0.700183 0.985026 0.700183 0.985677 0.701097 0.986328 0.700183 0.986979 0.701097 0.987630 0.701097 0.988281 0.701097 0.988932 0.700183 0.988281 0.699269 0.987630 0.698355 0.987630 0.697441 0.987630 0.696527 0.987630 0.695612 0.987630 0.694698 0.988281 0.693784 0.987630 0.692870 0.987630 0.691956 0.987630 0.691042 0.986979 0.691042 0.986328 0.690128 0.985677 0.689214 0.985026 0.688300 0.985026 0.687386 0.985677 0.686472 0.986328 0.685558 0.986979 0.685558 0.987630 0.686472 0.988281 0.686472 0.988932 0.687386 0.989583 0.688300 0.989583 0.689214 0.990234 0.690128 0.990234 0.691042 0.990234 0.691956 0.990885 0.691042 0.991536 0.691956 0.992188 0.692870 0.992839 0.691956 0.993490 0.691956 0.994141 0.691956 0.994792 0.692870 0.995443 0.691956 0.996094 0.691956 0.996745 0.691956 0.997396 0.692870 0.996745 0.691956 0.996745 0.691042 0.996094 0.690128 0.996094 0.689214 0.996094 0.688300 0.995443 0.687386 0.995443 0.686472 0.994792 0.686472 0.994141 0.687386 0.993490 0.687386 0.992839 0.688300 0.992188 0.687386 0.991536 0.686472 0.990885 0.685558 0.990234 0.684644 0.989583 0.684644 0.988932 0.683729 0.988281 0.682815 0.987630 0.681901 0.987630 0.680987 0.987630 0.680073 0.988281 0.679159 0.988281 0.678245 0.987630 0.677331 0.987630 0.676417 0.987630 0.675503 0.987630 0.674589 0.986979 0.673675 0.986328 0.672761 0.986328 0.671846 0.985677 0.670932 0.985677 0.670018 0.985677 0.669104 0.986328 0.668190 0.986328 0.667276 0.986979 0.666362 0.986979 0.665448 0.986979 0.664534 0.987630 0.663620 0.988281 0.662706 0.988932 0.661792 0.989583 0.660878 0.990234 0.659963 0.990885 0.659049 0.991536 0.658135 0.992188 0.658135 0.992188 0.657221 0.992839 0.656307 0.992839 0.655393 0.992839 0.654479 0.992839 0.653565 0.992839 0.652651 0.992839 0.651737 0.992839 0.650823 0.992839 0.649909 0.992188 0.648995 0.992188 0.648080 0.991536 0.647166 0.990885 0.647166 0.990234 0.647166 0.989583 0.647166 0.988932 0.648080 0.988281 0.648080 0.987630 0.648080 0.986979 0.648080 0.986328 0.647166 0.985677 0.646252 0.985026 0.647166 0.984375 0.647166
0 0.625000 0.642596 0.624349 0.643510 0.623698 0.643510 0.623047 0.643510 0.622396 0.644424 0.621745 0.645338 0.621094 0.646252 0.620443 0.647166 0.619792 0.648080 0.619141 0.648080 0.619141 0.648995 0.618490 0.649909 0.617839 0.650823 0.617188 0.650823 0.616536 0.651737 0.615885 0.650823 0.615234 0.649909 0.615234 0.648995 0.614583 0.648995 0.613932 0.649909 0.613281 0.649909 0.612630 0.650823 0.611979 0.650823 0.611328 0.651737 0.610677 0.651737 0.610026 0.652651 0.609375 0.651737 0.608724 0.652651 0.608073 0.651737 0.607422 0.651737 0.606771 0.650823 0.606120 0.651737 0.605469 0.651737 0.604818 0.651737 0.604167 0.652651 0.603516 0.652651 0.602865 0.652651 0.602214 0.653565 0.602214 0.654479 0.602214 0.655393 0.602214 0.656307 0.602214 0.657221 0.602214 0.658135 0.601562 0.659049 0.601562 0.659963 0.602214 0.660878 0.601562 0.661792 0.600911 0.662706 0.600260 0.662706 0.599609 0.661792 0.598958 0.661792 0.598307 0.662706 0.597656 0.663620 0.597656 0.664534 0.597656 0.665448 0.598307 0.666362 0.598307 0.667276 0.598958 0.668190 0.599609 0.669104 0.599609 0.670018 0.600260 0.670932 0.600260 0.671846 0.600260 0.672761 0.600260 0.673675 0.600260 0.674589 0.599609 0.675503 0.599609 0.676417 0.599609 0.677331 0.598958 0.678245 0.598958 0.679159 0.598958 0.680073 0.598307 0.680987 0.598307 0.681901 0.597656 0.682815 0.597005 0.683729 0.596354 0.684644 0.596354 0.685558 0.595703 0.686472 0.595703 0.687386 0.595703 0.688300 0.595703 0.689214 0.595052 0.690128 0.595052 0.691042 0.595703 0.691956 0.595052 0.692870 0.594401 0.693784 0.593750 0.694698 0.593099 0.695612 0.593099 0.696527 0.592448 0.697441 0.591797 0.698355 0.591146 0.698355 0.590495 0.698355 0.589844 0.697441 0.589193 0.697441 0.588542 0.696527 0.587891 0.695612 0.587240 0.695612 0.586589 0.694698 0.585938 0.694698 0.585286 0.694698 0.584635 0.694698 0.583984 0.694698 0.583333 0.695612 0.583333 0.696527 0.582682 0.697441 0.582031 0.698355 0.581380 0.699269 0.580729 0.699269 0.580078 0.699269 0.580078 0.700183 0.579427 0.701097 0.579427 0.702011 0.579427 0.702925 0.580078 0.703839 0.580729 0.704753 0.581380 0.705667 0.582031 0.705667 0.582682 0.705667 0.583333 0.704753 0.583984 0.705667 0.584635 0.704753 0.585286 0.704753 0.585938 0.704753 0.586589 0.705667 0.587240 0.706581 0.587891 0.707495 0.588542 0.708410 0.588542 0.709324 0.589193 0.708410 0.589844 0.709324 0.590495 0.709324 0.591146 0.708410 0.591797 0.708410 0.592448 0.708410 0.593099 0.708410 0.593750 0.708410 0.594401 0.707495 0.595052 0.707495 0.595703 0.706581 0.596354 0.706581 0.597005 0.705667 0.597656 0.705667 0.598307 0.705667 0.598958 0.705667 0.599609 0.704753 0.600260 0.703839 0.600911 0.702925 0.601562 0.702011 0.602214 0.702011 0.602865 0.702011 0.603516 0.701097 0.604167 0.701097 0.604818 0.701097 0.605469 0.702011 0.606120 0.702011 0.606771 0.702925 0.607422 0.702925 0.608073 0.702925 0.608724 0.702925 0.609375 0.702011 0.610026 0.702011 0.610026 0.701097 0.610026 0.700183 0.610026 0.699269 0.610026 0.698355 0.609375 0.697441 0.609375 0.696527 0.609375 0.695612 0.610026 0.694698 0.610026 0.693784 0.610026 0.692870 0.610026 0.691956 0.610026 0.691042 0.609375 0.690128 0.609375 0.689214 0.609375 0.688300 0.610026 0.687386 0.609375 0.686472 0.608724 0.685558 0.608724 0.684644 0.609375 0.683729 0.609375 0.682815 0.610026 0.681901 0.609375 0.680987 0.610026 0.680073 0.610026 0.679159 0.609375 0.678245 0.610026 0.677331 0.610026 0.676417 0.610026 0.675503 0.610026 0.674589 0.610026 0.673675 0.610026 0.672761 0.610026 0.671846 0.610026 0.670932 0.610026 0.670018 0.610677 0.669104 0.610677 0.668190 0.611328 0.667276 0.611979 0.666362 0.611979 0.665448 0.612630 0.664534 0.613281 0.663620 0.613932 0.662706 0.614583 0.661792 0.615234 0.661792 0.615885 0.661792 0.616536 0.660878 0.617188 0.659963 0.617839 0.659963 0.618490 0.659963 0.619141 0.659963 0.619792 0.659963 0.620443 0.659963 0.621094 0.659963 0.621745 0.659963 0.622396 0.660878 0.623047 0.661792 0.623698 0.662706 0.624349 0.663620 0.624349 0.664534 0.625000 0.664534 0.625651 0.664534 0.626302 0.664534 0.626953 0.664534 0.626953 0.663620 0.626953 0.662706 0.627604 0.661792 0.627604 0.660878 0.627604 0.659963 0.626953 0.659049 0.626302 0.658135 0.626302 0.657221 0.625651 0.657221 0.625000 0.656307 0.624349 0.655393 0.624349 0.654479 0.623698 0.653565 0.623698 0.652651 0.623698 0.651737 0.623047 0.650823 0.623698 0.649909 0.624349 0.648995 0.625000 0.648995 0.625651 0.648995 0.626302 0.648995 0.626953 0.648995 0.627604 0.649909 0.628255 0.650823 0.628906 0.650823 0.629557 0.650823 0.630208 0.651737 0.630859 0.651737 0.631510 0.651737 0.631510 0.650823 0.632161 0.649909 0.632812 0.648995 0.632161 0.648080 0.632812 0.647166 0.632812 0.646252 0.632161 0.645338 0.631510 0.644424 0.630859 0.643510 0.630208 0.643510 0.629557 0.642596 0.628906 0.642596 0.628255 0.642596 0.627604 0.642596 0.626953 0.643510 0.626302 0.642596 0.625651 0.642596
0 0.619792 0.555759 0.619141 0.556673 0.618490 0.556673 0.618490 0.557587 0.618490 0.558501 0.618490 0.559415 0.618490 0.560329 0.617839 0.561243 0.617839 0.562157 0.617839 0.563071 0.617188 0.563985 0.617188 0.564899 0.617188 0.565814 0.616536 0.566728 0.616536 0.567642 0.615885 0.568556 0.615234 0.569470 0.614583 0.569470 0.613932 0.568556 0.613281 0.569470 0.612630 0.568556 0.611979 0.568556 0.611328 0.568556 0.610677 0.569470 0.610677 0.570384 0.610677 0.571298 0.611328 0.572212 0.611979 0.571298 0.612630 0.571298 0.613281 0.572212 0.613932 0.573126 0.613932 0.574040 0.613932 0.574954 0.613932 0.575868 0.613281 0.576782 0.613932 0.577697 0.613932 0.578611 0.613281 0.579525 0.612630 0.580439 0.611979 0.581353 0.611328 0.582267 0.610677 0.581353 0.610026 0.580439 0.609375 0.579525 0.608724 0.579525 0.608073 0.578611 0.607422 0.577697 0.606771 0.577697 0.606120 0.576782 0.605469 0.576782 0.604818 0.577697 0.604167 0.576782 0.603516 0.575868 0.602865 0.576782 0.602214 0.577697 0.601562 0.578611 0.600911 0.578611 0.600911 0.579525 0.600260 0.580439 0.599609 0.581353 0.598958 0.582267 0.598307 0.582267 0.597656 0.583181 0.597656 0.584095 0.598307 0.585009 0.598958 0.585923 0.598307 0.586837 0.598958 0.587751 0.598958 0.588665 0.599609 0.589580 0.599609 0.590494 0.598958 0.591408 0.599609 0.592322 0.598958 0.593236 0.598958 0.594150 0.598958 0.595064 0.598958 0.595978 0.598958 0.596892 0.598307 0.597806 0.598307 0.598720 0.597656 0.599634 0.598307 0.600548 0.598307 0.601463 0.598307 0.602377 0.597656 0.603291 0.597005 0.604205 0.596354 0.605119 0.595703 0.606033 0.595052 0.606947 0.594401 0.607861 0.594401 0.608775 0.593750 0.609689 0.593750 0.610603 0.593099 0.611517 0.592448 0.612431 0.591797 0.613346 0.591146 0.613346 0.590495 0.614260 0.589844 0.614260 0.589193 0.615174 0.589844 0.616088 0.589844 0.617002 0.589844 0.617916 0.589844 0.618830 0.589193 0.619744 0.589844 0.620658 0.589844 0.621572 0.589193 0.622486 0.588542 0.623400 0.587891 0.624314 0.587240 0.623400 0.587240 0.624314 0.586589 0.625229 0.585938 0.626143 0.585286 0.625229 0.584635 0.624314 0.583984 0.623400 0.583333 0.623400 0.582682 0.622486 0.582031 0.622486 0.582031 0.623400 0.581380 0.624314 0.581380 0.625229 0.582031 0.626143 0.582682 0.627057 0.582031 0.627971 0.582682 0.628885 0.583333 0.629799 0.583984 0.630713 0.583984 0.631627 0.584635 0.632541 0.584635 0.633455 0.584635 0.634369 0.584635 0.635283 0.585286 0.636197 0.585286 0.637112 0.585286 0.638026 0.585938 0.638940 0.585286 0.639854 0.585938 0.639854 0.586589 0.638940 0.587240 0.638026 0.587891 0.637112 0.588542 0.637112 0.589193 0.636197 0.589844 0.636197 0.590495 0.635283 0.591146 0.635283 0.591797 0.635283 0.592448 0.635283 0.592448 0.634369 0.593099 0.633455 0.592448 0.632541 0.592448 0.631627 0.591797 0.631627 0.591146 0.632541 0.590495 0.632541 0.589844 0.632541 0.589193 0.631627 0.588542 0.630713 0.589193 0.629799 0.589844 0.628885 0.590495 0.627971 0.590495 0.627057 0.590495 0.626143 0.590495 0.625229 0.590495 0.624314 0.590495 0.623400 0.590495 0.622486 0.591146 0.621572 0.591146 0.620658 0.590495 0.619744 0.591146 0.618830 0.591797 0.617916 0.592448 0.617002 0.593099 0.617002 0.593750 0.617002 0.594401 0.616088 0.595052 0.616088 0.595703 0.615174 0.596354 0.614260 0.597005 0.613346 0.597656 0.613346 0.598307 0.613346 0.598958 0.612431 0.599609 0.612431 0.600260 0.612431 0.600911 0.612431 0.601562 0.612431 0.602214 0.611517 0.602865 0.611517 0.603516 0.611517 0.604167 0.611517 0.604818 0.611517 0.605469 0.611517 0.606120 0.611517 0.606771 0.611517 0.607422 0.610603 0.608073 0.610603 0.608724 0.610603 0.609375 0.610603 0.610026 0.609689 0.610677 0.608775 0.611328 0.608775 0.610677 0.607861 0.610677 0.606947 0.611328 0.606033 0.611328 0.605119 0.610677 0.605119 0.610026 0.604205 0.609375 0.603291 0.608724 0.602377 0.608073 0.602377 0.607422 0.603291 0.606771 0.603291 0.606120 0.603291 0.605469 0.602377 0.604818 0.601463 0.604167 0.602377 0.603516 0.601463 0.602865 0.601463 0.602214 0.601463 0.601562 0.601463 0.600911 0.600548 0.600260 0.599634 0.600911 0.598720 0.601562 0.597806 0.602214 0.597806 0.602865 0.596892 0.603516 0.596892 0.604167 0.597806 0.604818 0.597806 0.605469 0.597806 0.606120 0.596892 0.606771 0.596892 0.607422 0.596892 0.608073 0.595978 0.607422 0.595064 0.607422 0.594150 0.607422 0.593236 0.606771 0.593236 0.606120 0.593236 0.605469 0.594150 0.604818 0.594150 0.604167 0.595064 0.603516 0.594150 0.602865 0.593236 0.602214 0.592322 0.601562 0.591408 0.602214 0.590494 0.602865 0.589580 0.602865 0.588665 0.603516 0.587751 0.604167 0.586837 0.604818 0.585923 0.605469 0.585009 0.606120 0.584095 0.606771 0.583181 0.607422 0.584095 0.608073 0.585009 0.608073 0.585923 0.608724 0.586837 0.608073 0.587751 0.608724 0.587751 0.609375 0.587751 0.610026 0.587751 0.610677 0.587751 0.611328 0.586837 0.611328 0.585923 0.611979 0.585009 0.611979 0.584095 0.612630 0.583181 0.612630 0.582267 0.613281 0.581353 0.613932 0.580439 0.614583 0.579525 0.615234 0.578611 0.615885 0.579525 0.616536 0.579525 0.617188 0.578611 0.617839 0.578611 0.618490 0.578611 0.619141 0.577697 0.619792 0.577697 0.620443 0.578611 0.621094 0.578611 0.621745 0.578611 0.622396 0.579525 0.623047 0.580439 0.623698 0.579525 0.624349 0.580439 0.625000 0.581353 0.625651 0.582267 0.626302 0.583181 0.626302 0.584095 0.626953 0.585009 0.627604 0.585923 0.627604 0.586837 0.628255 0.586837 0.628906 0.585923 0.629557 0.585009 0.629557 0.584095 0.630208 0.583181 0.630859 0.582267 0.630859 0.581353 0.630859 0.580439 0.630859 0.579525 0.630859 0.578611 0.630859 0.577697 0.630208 0.576782 0.629557 0.575868 0.628906 0.574954 0.629557 0.574040 0.628906 0.573126 0.628255 0.572212 0.627604 0.572212 0.626953 0.572212 0.626302 0.571298 0.625651 0.570384 0.625000 0.569470 0.624349 0.569470 0.623698 0.568556 0.623047 0.567642 0.622396 0.566728 0.622396 0.565814 0.622396 0.564899 0.622396 0.563985 0.623047 0.563071 0.622396 0.562157 0.622396 0.561243 0.622396 0.560329 0.621745 0.559415 0.621094 0.558501 0.621094 0.557587 0.621094 0.556673 0.620443 0.556673
0 0.476562 0.555759 0.475911 0.556673 0.475911 0.557587 0.475260 0.558501 0.474609 0.559415 0.475260 0.560329 0.475260 0.561243 0.474609 0.562157 0.475260 0.563071 0.474609 0.563985 0.474609 0.564899 0.474609 0.565814 0.474609 0.566728 0.474609 0.567642 0.475260 0.568556 0.474609 0.569470 0.475260 0.569470 0.475911 0.570384 0.476562 0.570384 0.477214 0.570384 0.477865 0.570384 0.478516 0.570384 0.479167 0.569470 0.479818 0.569470 0.480469 0.569470 0.481120 0.569470 0.481771 0.569470 0.482422 0.570384 0.483073 0.571298 0.482422 0.572212 0.481771 0.573126 0.481771 0.574040 0.481771 0.574954 0.482422 0.575868 0.482422 0.576782 0.483073 0.576782 0.483724 0.576782 0.484375 0.576782 0.485026 0.576782 0.485677 0.577697 0.486328 0.577697 0.486979 0.577697 0.487630 0.577697 0.488281 0.577697 0.488932 0.578611 0.489583 0.579525 0.490234 0.580439 0.490234 0.581353 0.489583 0.582267 0.489583 0.583181 0.489583 0.584095 0.490234 0.585009 0.490885 0.585923 0.491536 0.585923 0.492188 0.585923 0.492839 0.585923 0.493490 0.585009 0.493490 0.584095 0.494141 0.583181 0.494792 0.582267 0.494792 0.581353 0.495443 0.580439 0.496094 0.579525 0.496745 0.579525 0.497396 0.580439 0.498047 0.580439 0.498698 0.579525 0.499349 0.580439 0.500000 0.580439 0.500651 0.580439 0.501302 0.579525 0.501953 0.579525 0.502604 0.579525 0.503255 0.578611 0.503906 0.578611 0.504557 0.577697 0.505208 0.576782 0.504557 0.577697 0.503906 0.576782 0.503255 0.576782 0.502604 0.576782 0.501953 0.576782 0.501302 0.575868 0.500651 0.575868 0.500000 0.575868 0.499349 0.575868 0.498698 0.575868 0.498047 0.575868 0.497396 0.575868 0.496745 0.576782 0.496094 0.575868 0.495443 0.576782 0.494792 0.576782 0.494141 0.577697 0.493490 0.577697 0.492839 0.576782 0.492188 0.576782 0.491536 0.575868 0.490885 0.574954 0.491536 0.574040 0.490885 0.574040 0.490234 0.573126 0.489583 0.573126 0.488932 0.572212 0.488281 0.572212 0.487630 0.573126 0.486979 0.572212 0.486328 0.571298 0.485677 0.570384 0.486328 0.569470 0.486979 0.568556 0.487630 0.568556 0.488281 0.568556 0.488932 0.567642 0.489583 0.566728 0.490234 0.566728 0.490885 0.567642 0.491536 0.566728 0.492188 0.567642 0.492839 0.567642 0.493490 0.567642 0.494141 0.567642 0.494792 0.566728 0.495443 0.566728 0.496094 0.567642 0.496745 0.566728 0.497396 0.566728 0.498047 0.566728 0.498698 0.566728 0.499349 0.565814 0.500000 0.565814 0.499349 0.564899 0.498698 0.563985 0.498047 0.564899 0.497396 0.564899 0.496745 0.564899 0.496094 0.564899 0.495443 0.565814 0.494792 0.565814 0.494141 0.565814 0.493490 0.565814 0.492839 0.565814 0.492188 0.565814 0.491536 0.566728 0.490885 0.565814 0.490234 0.565814 0.489583 0.565814 0.488932 0.565814 0.488281 0.564899 0.487630 0.563985 0.486979 0.563985 0.486328 0.563071 0.485677 0.563071 0.485026 0.563071 0.484375 0.563985 0.483724 0.563985 0.483073 0.563071 0.482422 0.562157 0.481771 0.561243 0.481120 0.560329 0.480469 0.559415 0.480469 0.558501 0.479818 0.558501 0.479167 0.558501 0.478516 0.557587 0.477865 0.557587 0.477214 0.556673
0 0.603516 0.519196 0.602865 0.520110 0.602865 0.521024 0.602214 0.521938 0.602865 0.522852 0.603516 0.523766 0.604167 0.524680 0.603516 0.525594 0.604167 0.526508 0.603516 0.527422 0.602865 0.528336 0.602214 0.529250 0.601562 0.530165 0.600911 0.530165 0.600260 0.531079 0.599609 0.531079 0.598958 0.530165 0.598307 0.529250 0.597656 0.528336 0.598307 0.529250 0.598307 0.530165 0.598307 0.531079 0.597656 0.531993 0.597656 0.532907 0.597005 0.533821 0.597005 0.534735 0.597005 0.535649 0.597005 0.536563 0.597005 0.537477 0.597005 0.538391 0.597656 0.539305 0.597005 0.540219 0.596354 0.541133 0.595703 0.542048 0.595052 0.542048 0.594401 0.542962 0.593750 0.542962 0.593099 0.543876 0.592448 0.543876 0.592448 0.544790 0.591797 0.545704 0.591797 0.546618 0.591797 0.547532 0.592448 0.548446 0.593099 0.548446 0.593750 0.548446 0.594401 0.547532 0.595052 0.548446 0.595703 0.548446 0.596354 0.548446 0.596354 0.547532 0.597005 0.546618 0.596354 0.545704 0.596354 0.544790 0.597005 0.543876 0.597656 0.542962 0.598307 0.542048 0.598958 0.541133 0.599609 0.540219 0.599609 0.539305 0.600260 0.538391 0.600260 0.537477 0.600911 0.536563 0.601562 0.535649 0.602214 0.535649 0.602865 0.535649 0.603516 0.535649 0.604167 0.535649 0.604818 0.535649 0.605469 0.535649 0.606120 0.535649 0.606771 0.536563 0.607422 0.537477 0.608073 0.537477 0.608724 0.538391 0.609375 0.538391 0.610026 0.539305 0.610677 0.540219 0.611328 0.541133 0.611979 0.541133 0.612630 0.541133 0.613281 0.540219 0.613281 0.539305 0.613281 0.538391 0.613932 0.537477 0.614583 0.536563 0.615234 0.536563 0.615885 0.537477 0.616536 0.537477 0.617188 0.536563 0.617839 0.536563 0.618490 0.535649 0.619141 0.534735 0.619141 0.533821 0.619141 0.532907 0.619792 0.531993 0.619792 0.531079 0.619141 0.530165 0.619792 0.529250 0.619792 0.528336 0.620443 0.527422 0.620443 0.526508 0.620443 0.525594 0.620443 0.524680 0.620443 0.523766 0.619792 0.523766 0.619141 0.522852 0.618490 0.522852 0.617839 0.522852 0.617188 0.522852 0.616536 0.522852 0.615885 0.522852 0.615234 0.522852 0.614583 0.522852 0.613932 0.521938 0.613281 0.522852 0.612630 0.521938 0.611979 0.521938 0.611328 0.522852 0.610677 0.523766 0.610026 0.524680 0.609375 0.525594 0.608724 0.525594 0.608724 0.526508 0.608073 0.527422 0.607422 0.528336 0.606771 0.528336 0.606120 0.527422 0.605469 0.526508 0.606120 0.525594 0.606120 0.524680 0.606120 0.523766 0.605469 0.522852 0.604818 0.521938 0.604167 0.521024 0.604167 0.520110 0.604167 0.519196
0 0.432292 0.513711 0.431641 0.514625 0.430990 0.514625 0.430339 0.514625 0.430339 0.515539 0.430990 0.516453 0.430990 0.517367 0.431641 0.518282 0.432292 0.519196 0.432943 0.520110 0.433594 0.520110 0.434245 0.521024 0.434896 0.521938 0.435547 0.522852 0.436198 0.523766 0.436849 0.523766 0.437500 0.524680 0.438151 0.525594 0.438151 0.526508 0.438802 0.526508 0.439453 0.527422 0.440104 0.528336 0.440104 0.529250 0.439453 0.530165 0.438802 0.531079 0.438151 0.531993 0.437500 0.531993 0.436849 0.531993 0.436198 0.531993 0.435547 0.531993 0.434896 0.531993 0.434245 0.531079 0.433594 0.531079 0.432943 0.531079 0.432292 0.531079 0.431641 0.530165 0.430990 0.531079 0.430339 0.530165 0.429688 0.529250 0.429036 0.529250 0.428385 0.529250 0.427734 0.528336 0.427083 0.527422 0.426432 0.527422 0.425781 0.526508 0.425130 0.526508 0.424479 0.526508 0.423828 0.525594 0.423177 0.525594 0.422526 0.525594 0.421875 0.525594 0.421224 0.524680 0.420573 0.523766 0.419922 0.523766 0.419271 0.524680 0.418620 0.523766 0.417969 0.522852 0.417318 0.523766 0.416667 0.523766 0.416016 0.524680 0.415365 0.524680 0.414714 0.525594 0.414714 0.526508 0.414714 0.527422 0.414714 0.528336 0.415365 0.529250 0.415365 0.530165 0.416016 0.531079 0.416667 0.531993 0.417318 0.532907 0.417969 0.533821 0.417969 0.534735 0.418620 0.534735 0.419271 0.535649 0.419922 0.536563 0.420573 0.535649 0.421224 0.534735 0.421875 0.534735 0.421875 0.533821 0.422526 0.532907 0.423177 0.531993 0.423828 0.531993 0.424479 0.532907 0.425130 0.533821 0.424479 0.534735 0.425130 0.535649 0.425781 0.535649 0.426432 0.535649 0.427083 0.535649 0.427734 0.535649 0.428385 0.535649 0.429036 0.535649 0.429688 0.534735 0.430339 0.534735 0.430990 0.535649 0.431641 0.536563 0.432292 0.537477 0.432292 0.538391 0.432943 0.539305 0.433594 0.540219 0.434245 0.540219 0.434896 0.540219 0.435547 0.539305 0.436198 0.539305 0.436849 0.538391 0.437500 0.538391 0.438151 0.537477 0.438802 0.537477 0.439453 0.538391 0.440104 0.537477 0.440755 0.537477 0.441406 0.537477 0.442057 0.538391 0.442708 0.537477 0.443359 0.537477 0.444010 0.536563 0.444661 0.535649 0.445312 0.535649 0.445964 0.536563 0.446615 0.536563 0.447266 0.537477 0.447917 0.538391 0.447266 0.539305 0.447266 0.540219 0.447917 0.541133 0.447917 0.542048 0.448568 0.542048 0.449219 0.542048 0.449870 0.542048 0.450521 0.542048 0.450521 0.541133 0.450521 0.540219 0.451172 0.539305 0.450521 0.538391 0.451172 0.537477 0.451172 0.536563 0.450521 0.535649 0.449870 0.534735 0.450521 0.533821 0.451172 0.532907 0.451172 0.531993 0.451823 0.531079 0.452474 0.530165 0.453125 0.529250 0.453776 0.530165 0.454427 0.531079 0.454427 0.530165 0.454427 0.529250 0.453776 0.528336 0.454427 0.527422 0.454427 0.526508 0.454427 0.525594 0.455078 0.524680 0.455729 0.523766 0.456380 0.523766 0.457031 0.522852 0.457682 0.523766 0.458333 0.523766 0.458984 0.523766 0.459635 0.524680 0.460286 0.524680 0.460938 0.524680 0.461589 0.524680 0.462240 0.524680 0.462891 0.524680 0.463542 0.525594 0.464193 0.525594 0.464844 0.526508 0.465495 0.525594 0.466146 0.526508 0.466797 0.526508 0.467448 0.527422 0.468099 0.528336 0.468099 0.529250 0.467448 0.530165 0.466797 0.531079 0.466146 0.530165 0.465495 0.530165 0.464844 0.530165 0.464193 0.531079 0.463542 0.531079 0.462891 0.531079 0.462240 0.531079 0.461589 0.530165 0.460938 0.529250 0.460286 0.529250 0.459635 0.528336 0.458984 0.529250 0.458333 0.530165 0.457682 0.531079 0.457031 0.531079 0.457682 0.531993 0.458333 0.531993 0.458984 0.532907 0.459635 0.533821 0.459635 0.534735 0.460286 0.535649 0.459635 0.536563 0.459635 0.537477 0.458984 0.538391 0.458984 0.539305 0.459635 0.539305 0.460286 0.539305 0.460938 0.538391 0.461589 0.538391 0.461589 0.537477 0.462240 0.536563 0.462891 0.535649 0.463542 0.535649 0.464193 0.534735 0.464844 0.534735 0.465495 0.534735 0.466146 0.534735 0.466797 0.534735 0.467448 0.534735 0.468099 0.534735 0.468750 0.534735 0.469401 0.533821 0.470052 0.534735 0.470703 0.534735 0.471354 0.533821 0.472005 0.532907 0.472656 0.532907 0.473307 0.532907 0.473958 0.533821 0.474609 0.534735 0.475260 0.535649 0.475911 0.535649 0.476562 0.536563 0.477214 0.535649 0.477865 0.536563 0.478516 0.535649 0.479167 0.535649 0.479818 0.534735 0.480469 0.535649 0.481120 0.535649 0.481771 0.536563 0.482422 0.537477 0.482422 0.538391 0.481771 0.539305 0.481120 0.540219 0.480469 0.540219 0.479818 0.541133 0.479167 0.542048 0.479167 0.542962 0.479167 0.543876 0.479818 0.544790 0.480469 0.544790 0.481120 0.545704 0.481771 0.544790 0.482422 0.543876 0.483073 0.543876 0.483724 0.542962 0.484375 0.542048 0.485026 0.541133 0.485026 0.540219 0.485677 0.539305 0.486328 0.538391 0.486979 0.538391 0.487630 0.538391 0.488281 0.538391 0.488932 0.538391 0.489583 0.538391 0.490234 0.538391 0.490885 0.539305 0.491536 0.538391 0.492188 0.538391 0.492839 0.538391 0.492839 0.537477 0.492839 0.536563 0.492839 0.535649 0.492839 0.534735 0.493490 0.533821 0.494141 0.532907 0.494141 0.531993 0.494792 0.531079 0.495443 0.530165 0.494792 0.530165 0.494141 0.530165 0.493490 0.529250 0.492839 0.528336 0.492839 0.527422 0.492188 0.526508 0.492188 0.525594 0.491536 0.526508 0.492188 0.527422 0.491536 0.528336 0.490885 0.529250 0.491536 0.530165 0.492188 0.531079 0.492839 0.531993 0.492839 0.532907 0.492188 0.533821 0.492188 0.534735 0.491536 0.535649 0.490885 0.536563 0.490234 0.535649 0.489583 0.535649 0.488932 0.534735 0.488281 0.533821 0.488281 0.532907 0.487630 0.533821 0.486979 0.534735 0.486328 0.535649 0.485677 0.534735 0.485026 0.533821 0.485677 0.532907 0.485026 0.532907 0.484375 0.531993 0.483724 0.531993 0.483073 0.531993 0.482422 0.531079 0.481771 0.531079 0.481120 0.530165 0.480469 0.530165 0.479818 0.530165 0.479167 0.530165 0.478516 0.529250 0.477865 0.529250 0.477214 0.529250 0.476562 0.529250 0.475911 0.529250 0.475260 0.529250 0.474609 0.529250 0.473958 0.528336 0.473307 0.528336 0.472656 0.528336 0.472005 0.528336 0.471354 0.528336 0.470703 0.527422 0.470052 0.526508 0.470052 0.525594 0.469401 0.524680 0.468750 0.523766 0.468099 0.523766 0.467448 0.523766 0.466797 0.522852 0.466146 0.523766 0.465495 0.523766 0.464844 0.523766 0.464193 0.522852 0.463542 0.522852 0.462891 0.521938 0.462240 0.521024 0.461589 0.520110 0.460938 0.519196 0.460286 0.519196 0.459635 0.519196 0.458984 0.519196 0.458333 0.519196 0.457682 0.519196 0.457031 0.519196 0.456380 0.520110 0.455729 0.521024 0.455078 0.521024 0.454427 0.521938 0.453776 0.521938 0.453125 0.522852 0.452474 0.523766 0.451823 0.524680 0.451172 0.524680 0.451172 0.525594 0.450521 0.526508 0.449870 0.527422 0.449219 0.528336 0.448568 0.527422 0.447917 0.526508 0.447266 0.525594 0.446615 0.525594 0.445964 0.525594 0.445312 0.524680 0.444661 0.525594 0.444010 0.525594 0.443359 0.525594 0.442708 0.525594 0.442057 0.524680 0.441406 0.523766 0.441406 0.522852 0.440755 0.522852 0.440104 0.521938 0.439453 0.521024 0.438802 0.520110 0.438151 0.519196 0.437500 0.518282 0.437500 0.517367 0.436849 0.516453 0.436849 0.515539 0.436198 0.514625 0.435547 0.513711 0.434896 0.513711 0.434245 0.514625 0.433594 0.514625 0.432943 0.513711
0 0.557943 0.454296 0.557943 0.455210 0.557292 0.456124 0.556641 0.457038 0.555990 0.457038 0.555339 0.457038 0.554688 0.457952 0.554036 0.458867 0.554688 0.459781 0.554036 0.460695 0.554036 0.461609 0.554688 0.462523 0.554688 0.463437 0.555339 0.464351 0.554688 0.465265 0.555339 0.466179 0.555339 0.467093 0.555339 0.468007 0.555339 0.468921 0.555339 0.469835 0.555339 0.470750 0.555990 0.471664 0.555990 0.472578 0.555339 0.473492 0.555339 0.474406 0.554688 0.475320 0.554688 0.476234 0.554036 0.477148 0.553385 0.478062 0.553385 0.478976 0.552734 0.479890 0.552083 0.480804 0.551432 0.480804 0.550781 0.481718 0.550130 0.482633 0.549479 0.483547 0.548828 0.483547 0.548828 0.484461 0.548177 0.485375 0.547526 0.486289 0.546875 0.487203 0.546224 0.487203 0.545573 0.488117 0.544922 0.489031 0.544271 0.489945 0.543620 0.490859 0.543620 0.491773 0.544271 0.492687 0.544271 0.493601 0.544922 0.494516 0.545573 0.495430 0.544922 0.496344 0.545573 0.497258 0.545573 0.498172 0.545573 0.499086 0.545573 0.500000 0.546224 0.500914 0.546875 0.501828 0.547526 0.502742 0.548177 0.503656 0.548828 0.504570 0.549479 0.505484 0.550130 0.504570 0.550781 0.504570 0.551432 0.503656 0.551432 0.502742 0.550781 0.501828 0.550130 0.500914 0.549479 0.500000 0.548828 0.499086 0.549479 0.498172 0.548828 0.497258 0.549479 0.496344 0.550130 0.495430 0.550781 0.494516 0.551432 0.494516 0.552083 0.495430 0.552734 0.496344 0.552734 0.497258 0.552734 0.498172 0.553385 0.499086 0.554036 0.500000 0.554688 0.500000 0.555339 0.500000 0.555990 0.499086 0.556641 0.499086 0.557292 0.500000 0.556641 0.499086 0.557292 0.498172 0.557292 0.497258 0.556641 0.496344 0.555990 0.495430 0.555339 0.496344 0.554688 0.495430 0.554036 0.494516 0.554036 0.493601 0.553385 0.492687 0.554036 0.491773 0.554036 0.490859 0.554036 0.489945 0.554688 0.489031 0.554688 0.488117 0.555339 0.487203 0.555990 0.486289 0.556641 0.485375 0.556641 0.484461 0.556641 0.483547 0.557292 0.482633 0.557943 0.481718 0.557943 0.480804 0.558594 0.479890 0.559245 0.478976 0.559896 0.478976 0.560547 0.478062 0.561198 0.478062 0.561849 0.477148 0.562500 0.476234 0.562500 0.475320 0.562500 0.474406 0.563151 0.473492 0.562500 0.472578 0.562500 0.471664 0.561849 0.471664 0.561198 0.470750 0.560547 0.470750 0.559896 0.469835 0.559245 0.468921 0.558594 0.468007 0.559245 0.467093 0.559896 0.466179 0.559245 0.465265 0.559245 0.464351 0.559245 0.463437 0.558594 0.462523 0.558594 0.461609 0.558594 0.460695 0.558594 0.459781 0.558594 0.458867 0.558594 0.457952 0.559245 0.457038 0.559245 0.456124 0.559245 0.455210 0.558594 0.454296
0 0.601562 0.441499 0.600911 0.442413 0.600260 0.443327 0.599609 0.443327 0.598958 0.444241 0.598307 0.445155 0.598307 0.446069 0.597656 0.446984 0.597005 0.447898 0.596354 0.448812 0.596354 0.449726 0.595703 0.450640 0.595703 0.451554 0.595703 0.452468 0.595052 0.453382 0.595052 0.454296 0.594401 0.455210 0.593750 0.456124 0.593099 0.457038 0.592448 0.457038 0.591797 0.457952 0.591146 0.457038 0.590495 0.457952 0.589844 0.458867 0.589193 0.458867 0.588542 0.457952 0.587891 0.457038 0.587240 0.456124 0.587891 0.455210 0.587240 0.456124 0.586589 0.456124 0.585938 0.457038 0.585286 0.457952 0.584635 0.458867 0.583984 0.459781 0.583333 0.459781 0.583984 0.460695 0.584635 0.461609 0.584635 0.462523 0.584635 0.463437 0.584635 0.464351 0.584635 0.465265 0.584635 0.466179 0.584635 0.467093 0.584635 0.468007 0.584635 0.468921 0.584635 0.469835 0.583984 0.470750 0.583984 0.471664 0.583984 0.472578 0.583333 0.473492 0.583333 0.474406 0.582682 0.475320 0.583333 0.476234 0.583333 0.477148 0.582682 0.478062 0.582682 0.478976 0.582031 0.479890 0.581380 0.480804 0.580729 0.481718 0.580729 0.482633 0.580078 0.483547 0.580078 0.484461 0.579427 0.485375 0.580078 0.486289 0.580078 0.487203 0.579427 0.488117 0.578776 0.489031 0.578125 0.489945 0.578125 0.490859 0.578125 0.491773 0.578776 0.492687 0.578776 0.493601 0.578776 0.494516 0.578776 0.495430 0.578125 0.496344 0.578125 0.497258 0.577474 0.498172 0.577474 0.499086 0.576823 0.500000 0.577474 0.500914 0.576823 0.501828 0.576823 0.502742 0.576172 0.503656 0.576172 0.504570 0.575521 0.505484 0.575521 0.506399 0.575521 0.507313 0.574870 0.508227 0.574219 0.509141 0.574870 0.510055 0.574219 0.510969 0.574219 0.511883 0.574219 0.512797 0.574870 0.513711 0.574870 0.514625 0.575521 0.514625 0.576172 0.515539 0.576823 0.516453 0.576172 0.517367 0.576823 0.518282 0.576172 0.519196 0.575521 0.520110 0.574870 0.521024 0.574219 0.521024 0.573568 0.521024 0.572917 0.521024 0.572266 0.521938 0.572266 0.522852 0.572266 0.523766 0.572266 0.524680 0.572266 0.525594 0.572266 0.526508 0.572266 0.527422 0.572917 0.528336 0.573568 0.528336 0.574219 0.528336 0.574870 0.528336 0.575521 0.528336 0.576172 0.528336 0.576823 0.527422 0.577474 0.528336 0.578125 0.527422 0.578776 0.528336 0.579427 0.529250 0.580078 0.530165 0.580729 0.531079 0.580078 0.531993 0.579427 0.532907 0.579427 0.533821 0.580078 0.534735 0.580078 0.535649 0.580729 0.536563 0.581380 0.536563 0.582031 0.537477 0.582682 0.538391 0.582031 0.539305 0.582031 0.540219 0.581380 0.541133 0.581380 0.542048 0.581380 0.542962 0.582031 0.543876 0.582031 0.544790 0.582031 0.545704 0.582682 0.546618 0.583333 0.547532 0.583984 0.548446 0.584635 0.549360 0.583984 0.550274 0.583984 0.551188 0.584635 0.552102 0.584635 0.553016 0.584635 0.553931 0.584635 0.554845 0.583984 0.555759 0.583333 0.556673 0.582682 0.555759 0.582682 0.556673 0.582031 0.557587 0.581380 0.558501 0.580729 0.558501 0.580729 0.559415 0.580078 0.560329 0.579427 0.561243 0.578776 0.562157 0.578125 0.563071 0.577474 0.563071 0.576823 0.563985 0.576172 0.564899 0.575521 0.565814 0.574870 0.566728 0.574219 0.565814 0.573568 0.565814 0.572917 0.564899 0.572266 0.563985 0.572917 0.563071 0.572266 0.562157 0.571615 0.561243 0.570964 0.560329 0.570964 0.559415 0.570312 0.558501 0.569661 0.557587 0.569010 0.557587 0.568359 0.557587 0.567708 0.556673 0.567057 0.555759 0.567057 0.554845 0.567057 0.553931 0.567057 0.553016 0.566406 0.552102 0.566406 0.551188 0.567057 0.550274 0.567057 0.549360 0.566406 0.548446 0.567057 0.547532 0.566406 0.546618 0.566406 0.545704 0.567057 0.544790 0.567057 0.543876 0.567708 0.542962 0.568359 0.542048 0.569010 0.541133 0.569010 0.540219 0.569661 0.539305 0.569010 0.538391 0.569661 0.537477 0.569010 0.536563 0.568359 0.535649 0.567708 0.536563 0.567057 0.536563 0.566406 0.536563 0.565755 0.535649 0.565104 0.534735 0.564453 0.534735 0.563802 0.535649 0.563802 0.536563 0.563802 0.537477 0.563151 0.538391 0.562500 0.539305 0.561849 0.540219 0.561198 0.539305 0.560547 0.538391 0.559896 0.537477 0.559245 0.536563 0.559245 0.535649 0.559245 0.534735 0.559896 0.533821 0.559896 0.532907 0.559245 0.531993 0.559896 0.531079 0.559245 0.531079 0.558594 0.530165 0.557943 0.531079 0.557292 0.530165 0.556641 0.530165 0.555990 0.531079 0.555339 0.531993 0.554688 0.531993 0.554036 0.532907 0.553385 0.533821 0.554036 0.534735 0.553385 0.535649 0.554036 0.536563 0.553385 0.537477 0.553385 0.538391 0.552734 0.539305 0.552734 0.540219 0.553385 0.541133 0.553385 0.542048 0.554036 0.542962 0.554688 0.543876 0.555339 0.544790 0.555339 0.545704 0.555339 0.546618 0.555990 0.547532 0.555990 0.548446 0.556641 0.549360 0.556641 0.550274 0.556641 0.551188 0.555990 0.552102 0.555990 0.553016 0.555990 0.553931 0.555339 0.554845 0.555339 0.555759 0.555339 0.556673 0.554688 0.557587 0.554688 0.558501 0.554036 0.559415 0.553385 0.560329 0.553385 0.561243 0.552734 0.562157 0.552083 0.563071 0.551432 0.563985 0.550781 0.564899 0.550781 0.565814 0.550130 0.566728 0.550130 0.567642 0.550130 0.568556 0.549479 0.569470 0.549479 0.570384 0.549479 0.571298 0.549479 0.572212 0.548828 0.573126 0.548828 0.574040 0.548177 0.574954 0.547526 0.575868 0.547526 0.576782 0.547526 0.577697 0.547526 0.578611 0.548177 0.579525 0.547526 0.580439 0.547526 0.581353 0.547526 0.582267 0.546875 0.583181 0.546875 0.584095 0.546875 0.585009 0.546875 0.585923 0.546875 0.586837 0.546875 0.587751 0.547526 0.587751 0.548177 0.588665 0.548828 0.588665 0.549479 0.588665 0.550130 0.588665 0.550781 0.587751 0.551432 0.587751 0.552083 0.586837 0.552083 0.585923 0.552083 0.585009 0.552083 0.584095 0.552083 0.583181 0.552083 0.582267 0.552734 0.581353 0.553385 0.580439 0.554036 0.580439 0.554688 0.579525 0.555339 0.578611 0.555990 0.578611 0.556641 0.578611 0.557292 0.578611 0.557943 0.577697 0.557943 0.576782 0.558594 0.575868 0.558594 0.574954 0.557943 0.574040 0.557292 0.573126 0.557292 0.572212 0.556641 0.571298 0.556641 0.570384 0.556641 0.569470 0.557292 0.568556 0.557943 0.567642 0.557943 0.566728 0.557943 0.565814 0.558594 0.564899 0.557943 0.563985 0.557943 0.563071 0.558594 0.562157 0.559245 0.561243 0.559245 0.560329 0.559245 0.559415 0.559896 0.558501 0.560547 0.557587 0.560547 0.556673 0.560547 0.555759 0.560547 0.554845 0.559896 0.553931 0.559896 0.553016 0.559896 0.552102 0.559245 0.551188 0.559245 0.550274 0.559245 0.549360 0.559896 0.548446 0.560547 0.547532 0.560547 0.546618 0.560547 0.545704 0.561198 0.544790 0.561849 0.543876 0.562500 0.542962 0.563151 0.542962 0.563802 0.543876 0.564453 0.544790 0.564453 0.545704 0.564453 0.546618 0.565104 0.547532 0.565755 0.548446 0.565104 0.549360 0.564453 0.550274 0.564453 0.551188 0.565104 0.552102 0.565104 0.553016 0.565755 0.553931 0.566406 0.554845 0.566406 0.555759 0.565755 0.556673 0.565755 0.557587 0.565755 0.558501 0.565755 0.559415 0.565755 0.560329 0.566406 0.561243 0.566406 0.562157 0.567057 0.563071 0.567057 0.563985 0.567708 0.564899 0.568359 0.565814 0.569010 0.566728 0.569010 0.567642 0.569661 0.568556 0.569661 0.569470 0.570312 0.570384 0.570312 0.571298 0.570964 0.571298 0.571615 0.572212 0.572266 0.573126 0.572917 0.573126 0.572917 0.572212 0.572917 0.571298 0.573568 0.570384 0.573568 0.569470 0.574219 0.568556 0.574870 0.567642 0.575521 0.567642 0.576172 0.567642 0.576823 0.566728 0.577474 0.565814 0.578125 0.565814 0.578776 0.564899 0.579427 0.563985 0.580078 0.564899 0.580729 0.563985 0.581380 0.563071 0.582031 0.562157 0.582682 0.561243 0.583333 0.561243 0.583984 0.560329 0.583984 0.559415 0.584635 0.558501 0.584635 0.557587 0.584635 0.556673 0.583984 0.555759 0.584635 0.554845 0.585286 0.553931 0.585938 0.553016 0.585938 0.552102 0.586589 0.551188 0.587240 0.550274 0.587240 0.549360 0.587240 0.548446 0.587240 0.547532 0.587240 0.546618 0.586589 0.545704 0.585938 0.544790 0.585938 0.543876 0.585286 0.542962 0.584635 0.542048 0.583984 0.541133 0.583984 0.540219 0.584635 0.539305 0.585286 0.538391 0.585938 0.538391 0.586589 0.537477 0.587240 0.536563 0.587891 0.535649 0.588542 0.534735 0.589193 0.534735 0.589844 0.534735 0.590495 0.534735 0.591146 0.534735 0.591797 0.534735 0.592448 0.533821 0.593099 0.533821 0.593750 0.532907 0.593099 0.531993 0.593750 0.531079 0.593099 0.530165 0.592448 0.530165 0.591797 0.530165 0.591146 0.530165 0.590495 0.530165 0.589844 0.531079 0.589193 0.531993 0.588542 0.532907 0.587891 0.533821 0.587240 0.533821 0.586589 0.532907 0.585938 0.531993 0.585938 0.531079 0.585938 0.530165 0.585286 0.529250 0.584635 0.528336 0.584635 0.527422 0.583984 0.526508 0.583984 0.525594 0.583333 0.524680 0.582682 0.523766 0.582682 0.522852 0.582031 0.521938 0.581380 0.521024 0.581380 0.520110 0.580729 0.519196 0.580729 0.518282 0.581380 0.517367 0.582031 0.516453 0.581380 0.515539 0.581380 0.514625 0.581380 0.513711 0.580729 0.512797 0.581380 0.511883 0.581380 0.510969 0.581380 0.510055 0.581380 0.509141 0.581380 0.508227 0.582031 0.507313 0.582031 0.506399 0.582031 0.505484 0.582682 0.504570 0.583333 0.503656 0.583333 0.502742 0.583984 0.501828 0.584635 0.500914 0.585286 0.500000 0.585938 0.499086 0.586589 0.500000 0.587240 0.499086 0.587891 0.499086 0.588542 0.498172 0.589193 0.498172 0.589844 0.497258 0.590495 0.497258 0.591146 0.496344 0.591797 0.495430 0.591146 0.494516 0.591797 0.493601 0.591146 0.492687 0.590495 0.491773 0.589844 0.491773 0.589193 0.491773 0.588542 0.490859 0.587891 0.489945 0.587240 0.489031 0.587891 0.488117 0.587891 0.487203 0.587891 0.486289 0.587891 0.485375 0.587240 0.485375 0.586589 0.484461 0.585938 0.484461 0.585286 0.483547 0.584635 0.482633 0.584635 0.481718 0.584635 0.480804 0.585286 0.479890 0.584635 0.478976 0.585286 0.478062 0.585938 0.477148 0.586589 0.476234 0.587240 0.475320 0.587891 0.475320 0.588542 0.474406 0.589193 0.474406 0.589844 0.473492 0.590495 0.473492 0.590495 0.472578 0.590495 0.471664 0.590495 0.470750 0.590495 0.469835 0.590495 0.468921 0.589844 0.468007 0.590495 0.467093 0.591146 0.466179 0.591797 0.466179 0.592448 0.465265 0.592448 0.464351 0.592448 0.463437 0.593099 0.462523 0.593750 0.461609 0.594401 0.461609 0.595052 0.460695 0.595703 0.459781 0.595052 0.458867 0.595703 0.457952 0.596354 0.457038 0.597005 0.456124 0.597656 0.456124 0.598307 0.455210 0.598307 0.454296 0.597656 0.453382 0.598307 0.452468 0.598307 0.451554 0.598958 0.450640 0.599609 0.449726 0.599609 0.448812 0.600260 0.447898 0.600260 0.446984 0.600911 0.446069 0.600911 0.445155 0.601562 0.444241 0.601562 0.443327 0.601562 0.442413
0 0.682292 0.436929 0.681641 0.437843 0.680990 0.438757 0.680339 0.439671 0.679688 0.440585 0.679036 0.439671 0.678385 0.440585 0.677734 0.440585 0.677083 0.441499 0.676432 0.440585 0.675781 0.441499 0.675130 0.442413 0.675781 0.442413 0.676432 0.443327 0.677083 0.444241 0.677083 0.445155 0.677734 0.445155 0.678385 0.445155 0.679036 0.445155 0.679688 0.445155 0.680339 0.446069 0.680990 0.446984 0.681641 0.447898 0.682292 0.448812 0.681641 0.449726 0.680990 0.450640 0.680339 0.451554 0.679688 0.452468 0.679036 0.452468 0.678385 0.452468 0.677734 0.451554 0.677083 0.451554 0.676432 0.451554 0.675781 0.450640 0.675130 0.450640 0.674479 0.450640 0.673828 0.451554 0.673177 0.451554 0.672526 0.452468 0.671875 0.451554 0.671224 0.452468 0.670573 0.452468 0.669922 0.452468 0.669271 0.453382 0.668620 0.452468 0.667969 0.452468 0.667318 0.451554 0.666667 0.452468 0.666016 0.452468 0.665365 0.453382 0.664714 0.453382 0.664062 0.453382 0.663411 0.453382 0.662760 0.453382 0.662109 0.452468 0.661458 0.452468 0.660807 0.451554 0.660156 0.451554 0.659505 0.450640 0.658854 0.451554 0.658203 0.452468 0.657552 0.453382 0.656901 0.454296 0.656250 0.454296 0.656250 0.455210 0.655599 0.456124 0.655599 0.457038 0.654948 0.457952 0.654948 0.458867 0.654297 0.459781 0.653646 0.460695 0.652995 0.459781 0.652344 0.458867 0.651693 0.457952 0.651042 0.457038 0.651042 0.456124 0.651042 0.457038 0.650391 0.457952 0.649740 0.458867 0.649089 0.458867 0.648438 0.459781 0.647786 0.460695 0.647135 0.461609 0.646484 0.462523 0.645833 0.462523 0.645182 0.463437 0.644531 0.464351 0.643880 0.464351 0.643229 0.464351 0.642578 0.465265 0.641927 0.464351 0.641927 0.465265 0.641276 0.466179 0.641927 0.467093 0.641276 0.468007 0.641927 0.468921 0.641276 0.469835 0.641927 0.470750 0.641927 0.471664 0.641927 0.472578 0.641276 0.473492 0.640625 0.474406 0.639974 0.475320 0.639974 0.476234 0.639323 0.477148 0.639323 0.478062 0.638672 0.478976 0.638021 0.479890 0.637370 0.480804 0.636719 0.481718 0.636719 0.482633 0.636068 0.483547 0.635417 0.484461 0.634766 0.485375 0.634115 0.486289 0.633464 0.486289 0.632812 0.486289 0.632161 0.487203 0.631510 0.488117 0.630859 0.488117 0.630208 0.488117 0.629557 0.488117 0.628906 0.489031 0.628255 0.489031 0.627604 0.489945 0.626953 0.489945 0.626302 0.489031 0.625651 0.489031 0.625000 0.489945 0.624349 0.490859 0.623698 0.491773 0.623047 0.491773 0.622396 0.491773 0.621745 0.491773 0.621094 0.490859 0.620443 0.490859 0.619792 0.491773 0.619141 0.491773 0.618490 0.491773 0.617839 0.492687 0.617188 0.492687 0.616536 0.493601 0.615885 0.492687 0.615234 0.491773 0.614583 0.492687 0.613932 0.493601 0.613281 0.494516 0.612630 0.494516 0.611979 0.495430 0.611328 0.495430 0.610677 0.496344 0.610026 0.497258 0.610026 0.498172 0.610677 0.499086 0.610677 0.500000 0.611328 0.500914 0.611979 0.500914 0.612630 0.500914 0.613281 0.500914 0.613932 0.500000 0.614583 0.499086 0.615234 0.499086 0.615234 0.498172 0.615885 0.497258 0.616536 0.496344 0.617188 0.495430 0.617839 0.495430 0.618490 0.495430 0.619141 0.494516 0.619792 0.494516 0.620443 0.495430 0.621094 0.496344 0.621745 0.496344 0.622396 0.497258 0.623047 0.497258 0.623698 0.497258 0.624349 0.498172 0.625000 0.499086 0.625651 0.500000 0.625651 0.500914 0.625651 0.501828 0.626302 0.502742 0.625651 0.503656 0.626302 0.504570 0.626302 0.505484 0.626953 0.506399 0.626953 0.507313 0.627604 0.507313 0.628255 0.507313 0.628906 0.507313 0.629557 0.506399 0.630208 0.505484 0.630208 0.504570 0.630859 0.503656 0.631510 0.502742 0.632161 0.501828 0.632812 0.500914 0.633464 0.501828 0.634115 0.501828 0.634766 0.501828 0.635417 0.501828 0.636068 0.501828 0.636719 0.501828 0.637370 0.500914 0.638021 0.500914 0.638672 0.500914 0.639323 0.500914 0.639974 0.500914 0.640625 0.500000 0.641276 0.499086 0.641276 0.498172 0.641276 0.497258 0.641276 0.496344 0.640625 0.495430 0.639974 0.494516 0.639323 0.494516 0.638672 0.493601 0.638021 0.492687 0.637370 0.492687 0.636719 0.492687 0.636068 0.491773 0.635417 0.490859 0.636068 0.489945 0.636719 0.489031 0.637370 0.488117 0.638021 0.488117 0.638672 0.488117 0.639323 0.488117 0.639974 0.489031 0.640625 0.489031 0.641276 0.489031 0.641927 0.488117 0.642578 0.487203 0.643229 0.488117 0.643880 0.487203 0.644531 0.487203 0.645182 0.488117 0.645833 0.488117 0.646484 0.488117 0.647135 0.489031 0.647786 0.489031 0.648438 0.489945 0.649089 0.489945 0.649740 0.489945 0.650391 0.489945 0.651042 0.489031 0.651693 0.489031 0.652344 0.489031 0.652995 0.489031 0.653646 0.489945 0.654297 0.489945 0.654948 0.490859 0.655599 0.491773 0.655599 0.492687 0.655599 0.493601 0.654948 0.494516 0.654297 0.495430 0.653646 0.495430 0.654297 0.496344 0.654297 0.497258 0.654297 0.498172 0.654297 0.499086 0.654948 0.499086 0.655599 0.499086 0.656250 0.499086 0.656901 0.499086 0.656901 0.498172 0.656901 0.497258 0.656901 0.496344 0.656250 0.496344 0.655599 0.495430 0.654948 0.494516 0.655599 0.493601 0.656250 0.492687 0.656901 0.492687 0.657552 0.492687 0.658203 0.491773 0.658854 0.491773 0.659505 0.491773 0.660156 0.491773 0.660807 0.491773 0.661458 0.492687 0.662109 0.491773 0.662760 0.491773 0.663411 0.491773 0.664062 0.491773 0.664714 0.492687 0.665365 0.492687 0.666016 0.493601 0.666667 0.493601 0.667318 0.494516 0.667969 0.494516 0.668620 0.493601 0.669271 0.493601 0.669922 0.492687 0.670573 0.491773 0.670573 0.490859 0.670573 0.489945 0.670573 0.489031 0.669922 0.488117 0.669271 0.487203 0.668620 0.486289 0.667969 0.485375 0.667318 0.486289 0.666667 0.486289 0.666016 0.486289 0.665365 0.486289 0.664714 0.485375 0.664062 0.484461 0.664714 0.483547 0.664062 0.482633 0.664714 0.481718 0.664062 0.481718 0.663411 0.481718 0.662760 0.481718 0.662109 0.481718 0.661458 0.481718 0.660807 0.481718 0.660807 0.482633 0.660156 0.483547 0.659505 0.484461 0.658854 0.485375 0.658203 0.485375 0.657552 0.485375 0.656901 0.485375 0.656250 0.484461 0.655599 0.484461 0.654948 0.484461 0.654297 0.484461 0.653646 0.484461 0.652995 0.484461 0.652344 0.484461 0.651693 0.485375 0.651042 0.486289 0.650391 0.486289 0.649740 0.486289 0.649089 0.486289 0.648438 0.485375 0.647786 0.484461 0.647135 0.484461 0.646484 0.484461 0.645833 0.483547 0.645182 0.483547 0.644531 0.484461 0.643880 0.484461 0.643229 0.484461 0.642578 0.483547 0.641927 0.484461 0.641276 0.483547 0.640625 0.482633 0.641276 0.481718 0.641276 0.480804 0.641927 0.479890 0.642578 0.478976 0.643229 0.478062 0.643880 0.478062 0.644531 0.478062 0.645182 0.478062 0.645833 0.478062 0.646484 0.478062 0.647135 0.477148 0.647135 0.476234 0.647786 0.475320 0.647786 0.474406 0.648438 0.473492 0.648438 0.472578 0.649089 0.471664 0.649089 0.470750 0.649740 0.469835 0.650391 0.468921 0.651042 0.468007 0.651693 0.468007 0.652344 0.467093 0.652995 0.467093 0.653646 0.466179 0.654297 0.465265 0.654297 0.464351 0.654948 0.463437 0.655599 0.462523 0.656250 0.461609 0.656901 0.460695 0.656901 0.459781 0.657552 0.458867 0.658203 0.457952 0.658854 0.457952 0.659505 0.457952 0.660156 0.457038 0.660807 0.457952 0.661458 0.457038 0.662109 0.457038 0.662760 0.457038 0.663411 0.457038 0.664062 0.457038 0.664714 0.457038 0.665365 0.457038 0.666016 0.457952 0.666667 0.458867 0.667318 0.457952 0.667969 0.458867 0.668620 0.459781 0.668620 0.460695 0.668620 0.461609 0.668620 0.462523 0.669271 0.462523 0.669922 0.462523 0.670573 0.463437 0.671224 0.464351 0.671875 0.464351 0.672526 0.463437 0.673177 0.462523 0.673828 0.462523 0.674479 0.463437 0.674479 0.462523 0.675130 0.461609 0.675781 0.460695 0.676432 0.459781 0.677083 0.459781 0.677734 0.458867 0.678385 0.457952 0.679036 0.457038 0.679688 0.457038 0.680339 0.456124 0.680990 0.455210 0.681641 0.455210 0.682292 0.454296 0.682943 0.453382 0.683594 0.453382 0.683594 0.452468 0.684245 0.451554 0.683594 0.451554 0.682943 0.450640 0.682292 0.449726 0.682292 0.448812 0.682943 0.447898 0.682943 0.446984 0.683594 0.446069 0.684245 0.445155 0.684245 0.444241 0.684245 0.443327 0.684245 0.442413 0.684896 0.441499 0.685547 0.440585 0.684896 0.439671 0.684896 0.438757 0.684896 0.437843 0.684245 0.438757 0.683594 0.437843 0.682943 0.437843
0 0.491536 0.409506 0.490885 0.410420 0.490234 0.410420 0.490234 0.411335 0.489583 0.412249 0.489583 0.413163 0.490234 0.414077 0.489583 0.414991 0.490234 0.415905 0.490234 0.416819 0.490885 0.415905 0.491536 0.416819 0.492188 0.417733 0.492188 0.418647 0.492839 0.419561 0.492188 0.420475 0.492188 0.421389 0.491536 0.422303 0.492188 0.423218 0.492188 0.424132 0.491536 0.425046 0.491536 0.425960 0.492188 0.426874 0.492188 0.427788 0.492188 0.428702 0.492188 0.429616 0.492188 0.430530 0.492188 0.431444 0.492188 0.432358 0.492839 0.433272 0.493490 0.434186 0.493490 0.435101 0.492839 0.436015 0.493490 0.436929 0.492839 0.437843 0.492839 0.438757 0.492188 0.439671 0.492188 0.440585 0.492188 0.441499 0.492839 0.442413 0.493490 0.443327 0.493490 0.444241 0.494141 0.445155 0.494141 0.446069 0.494792 0.446984 0.495443 0.447898 0.495443 0.448812 0.496094 0.449726 0.496094 0.450640 0.496745 0.450640 0.497396 0.451554 0.498047 0.452468 0.497396 0.453382 0.498047 0.454296 0.498047 0.455210 0.497396 0.456124 0.496745 0.457038 0.496094 0.457952 0.495443 0.457038 0.494792 0.456124 0.494141 0.455210 0.493490 0.454296 0.492839 0.453382 0.492839 0.452468 0.492839 0.451554 0.492188 0.450640 0.491536 0.449726 0.490885 0.449726 0.490234 0.449726 0.489583 0.448812 0.488932 0.448812 0.488281 0.449726 0.487630 0.449726 0.486979 0.449726 0.486328 0.449726 0.485677 0.449726 0.485026 0.449726 0.484375 0.450640 0.483724 0.450640 0.483073 0.450640 0.482422 0.450640 0.481771 0.449726 0.481120 0.448812 0.481120 0.447898 0.480469 0.448812 0.479818 0.447898 0.479167 0.446984 0.478516 0.446984 0.477865 0.446984 0.477214 0.446984 0.477214 0.447898 0.476562 0.448812 0.475911 0.449726 0.475260 0.449726 0.474609 0.450640 0.473958 0.451554 0.473307 0.452468 0.473307 0.453382 0.473307 0.454296 0.472656 0.455210 0.473307 0.456124 0.473307 0.457038 0.473307 0.457952 0.473958 0.457952 0.474609 0.458867 0.475260 0.459781 0.475911 0.458867 0.476562 0.457952 0.477214 0.457038 0.477214 0.456124 0.477214 0.455210 0.477865 0.454296 0.478516 0.453382 0.479167 0.452468 0.479818 0.453382 0.480469 0.454296 0.480469 0.455210 0.480469 0.456124 0.479818 0.457038 0.479818 0.457952 0.479818 0.458867 0.480469 0.459781 0.481120 0.459781 0.481771 0.459781 0.482422 0.458867 0.483073 0.457952 0.483724 0.457038 0.484375 0.456124 0.485026 0.455210 0.485677 0.454296 0.486328 0.453382 0.486979 0.452468 0.487630 0.452468 0.488281 0.452468 0.488932 0.452468 0.489583 0.453382 0.490234 0.454296 0.490885 0.455210 0.491536 0.456124 0.492188 0.457038 0.492839 0.457952 0.493490 0.458867 0.493490 0.459781 0.493490 0.460695 0.494141 0.461609 0.494141 0.462523 0.494792 0.462523 0.495443 0.463437 0.496094 0.463437 0.496745 0.462523 0.497396 0.462523 0.498047 0.462523 0.498698 0.462523 0.499349 0.462523 0.500000 0.462523 0.500651 0.462523 0.501302 0.463437 0.501953 0.463437 0.502604 0.463437 0.503255 0.462523 0.503906 0.463437 0.504557 0.462523 0.504557 0.461609 0.504557 0.460695 0.504557 0.459781 0.504557 0.458867 0.503906 0.457952 0.504557 0.457038 0.505208 0.456124 0.505859 0.455210 0.505859 0.454296 0.505208 0.453382 0.505208 0.452468 0.505208 0.451554 0.504557 0.450640 0.503906 0.450640 0.503255 0.450640 0.502604 0.450640 0.501953 0.450640 0.501302 0.451554 0.500651 0.450640 0.500000 0.449726 0.499349 0.448812 0.498698 0.447898 0.498047 0.447898 0.497396 0.447898 0.496745 0.446984 0.496094 0.446069 0.496094 0.445155 0.496094 0.444241 0.496094 0.443327 0.496094 0.442413 0.495443 0.441499 0.495443 0.440585 0.494792 0.439671 0.494141 0.438757 0.494141 0.437843 0.494141 0.436929 0.493490 0.436015 0.493490 0.435101 0.493490 0.434186 0.494141 0.433272 0.493490 0.432358 0.493490 0.431444 0.493490 0.430530 0.492839 0.429616 0.492839 0.428702 0.493490 0.427788 0.492839 0.426874 0.493490 0.425960 0.494141 0.425046 0.494141 0.424132 0.494792 0.423218 0.495443 0.422303 0.494792 0.421389 0.495443 0.420475 0.496094 0.419561 0.496094 0.418647 0.496745 0.417733 0.497396 0.416819 0.496745 0.415905 0.496745 0.414991 0.497396 0.414077 0.496745 0.413163 0.496745 0.412249 0.496094 0.411335 0.496745 0.410420 0.496094 0.409506 0.495443 0.409506 0.494792 0.410420 0.494141 0.410420 0.493490 0.410420 0.492839 0.411335 0.492188 0.410420
0 0.581380 0.402194 0.580729 0.403108 0.580078 0.403108 0.580078 0.404022 0.580078 0.404936 0.580078 0.405850 0.579427 0.406764 0.579427 0.407678 0.578776 0.408592 0.578125 0.409506 0.578125 0.410420 0.577474 0.411335 0.576823 0.412249 0.576823 0.413163 0.577474 0.414077 0.578125 0.414991 0.577474 0.415905 0.577474 0.416819 0.576823 0.417733 0.576172 0.418647 0.575521 0.417733 0.574870 0.417733 0.574219 0.417733 0.574219 0.418647 0.573568 0.419561 0.573568 0.420475 0.574219 0.421389 0.574219 0.422303 0.574870 0.423218 0.575521 0.424132 0.574870 0.425046 0.575521 0.425960 0.576172 0.426874 0.576172 0.427788 0.576172 0.428702 0.576172 0.429616 0.576172 0.430530 0.576172 0.431444 0.576823 0.432358 0.576823 0.433272 0.576823 0.434186 0.577474 0.434186 0.578125 0.435101 0.578776 0.436015 0.578776 0.436929 0.579427 0.437843 0.580078 0.438757 0.580729 0.438757 0.581380 0.439671 0.582031 0.440585 0.582031 0.441499 0.582682 0.442413 0.583333 0.443327 0.582682 0.444241 0.582682 0.445155 0.582682 0.446069 0.582682 0.446984 0.582682 0.447898 0.582031 0.448812 0.582682 0.449726 0.583333 0.449726 0.583984 0.449726 0.584635 0.448812 0.585286 0.449726 0.585938 0.449726 0.586589 0.450640 0.587240 0.451554 0.587891 0.450640 0.588542 0.451554 0.589193 0.452468 0.589844 0.453382 0.590495 0.452468 0.591146 0.451554 0.591797 0.450640 0.592448 0.449726 0.593099 0.449726 0.593750 0.448812 0.594401 0.447898 0.594401 0.446984 0.595052 0.446069 0.595052 0.445155 0.594401 0.444241 0.595052 0.443327 0.595703 0.442413 0.596354 0.441499 0.597005 0.440585 0.597656 0.439671 0.598307 0.439671 0.598958 0.439671 0.599609 0.438757 0.600260 0.437843 0.600260 0.436929 0.600260 0.436015 0.599609 0.435101 0.600260 0.434186 0.600911 0.433272 0.601562 0.434186 0.602214 0.433272 0.602865 0.433272 0.603516 0.432358 0.603516 0.431444 0.604167 0.430530 0.604167 0.429616 0.604818 0.428702 0.605469 0.427788 0.606120 0.426874 0.606771 0.425960 0.607422 0.425046 0.608073 0.424132 0.608724 0.424132 0.608724 0.423218 0.608724 0.422303 0.608073 0.421389 0.607422 0.420475 0.607422 0.419561 0.607422 0.418647 0.608073 0.417733 0.607422 0.416819 0.606771 0.415905 0.606771 0.414991 0.607422 0.414077 0.606771 0.413163 0.606771 0.414077 0.606120 0.414991 0.605469 0.415905 0.604818 0.415905 0.604167 0.416819 0.603516 0.416819 0.602865 0.416819 0.602214 0.417733 0.601562 0.418647 0.600911 0.417733 0.600260 0.416819 0.600260 0.415905 0.600260 0.414991 0.600260 0.414077 0.600260 0.413163 0.599609 0.413163 0.598958 0.413163 0.598307 0.412249 0.597656 0.411335 0.597656 0.410420 0.597005 0.409506 0.597005 0.408592 0.596354 0.408592 0.595703 0.408592 0.595052 0.408592 0.594401 0.408592 0.594401 0.409506 0.594401 0.410420 0.593750 0.411335 0.593750 0.412249 0.594401 0.413163 0.594401 0.414077 0.594401 0.414991 0.595052 0.415905 0.594401 0.416819 0.594401 0.417733 0.594401 0.418647 0.595052 0.419561 0.595703 0.419561 0.596354 0.420475 0.597005 0.421389 0.597005 0.422303 0.597005 0.423218 0.597656 0.424132 0.598307 0.425046 0.598307 0.425960 0.598958 0.426874 0.598307 0.427788 0.598307 0.428702 0.598307 0.429616 0.597656 0.430530 0.598307 0.431444 0.597656 0.432358 0.598307 0.433272 0.597656 0.434186 0.597005 0.435101 0.597005 0.436015 0.596354 0.436929 0.596354 0.437843 0.596354 0.438757 0.595703 0.439671 0.595703 0.440585 0.595052 0.441499 0.594401 0.442413 0.593750 0.443327 0.593099 0.444241 0.592448 0.445155 0.592448 0.446069 0.591797 0.446984 0.591146 0.447898 0.590495 0.448812 0.589844 0.447898 0.589193 0.446984 0.588542 0.446069 0.587891 0.445155 0.587240 0.444241 0.587240 0.443327 0.586589 0.443327 0.585938 0.442413 0.585286 0.441499 0.584635 0.440585 0.584635 0.439671 0.583984 0.438757 0.583984 0.437843 0.583333 0.436929 0.582682 0.436015 0.582031 0.435101 0.582031 0.434186 0.581380 0.433272 0.581380 0.432358 0.581380 0.431444 0.580729 0.430530 0.580729 0.429616 0.580729 0.428702 0.580729 0.427788 0.580729 0.426874 0.580729 0.425960 0.580729 0.425046 0.581380 0.424132 0.582031 0.423218 0.581380 0.422303 0.582031 0.421389 0.582031 0.420475 0.582682 0.419561 0.583333 0.418647 0.583984 0.419561 0.584635 0.418647 0.585286 0.418647 0.585938 0.418647 0.586589 0.418647 0.587240 0.417733 0.587891 0.417733 0.587891 0.416819 0.587891 0.415905 0.588542 0.414991 0.587891 0.414077 0.587240 0.414077 0.586589 0.414077 0.585938 0.414077 0.585286 0.414077 0.584635 0.414991 0.583984 0.415905 0.583333 0.416819 0.582682 0.416819 0.582031 0.415905 0.581380 0.414991 0.582031 0.414077 0.582682 0.413163 0.582031 0.412249 0.582682 0.411335 0.583333 0.410420 0.583333 0.409506 0.582682 0.408592 0.582682 0.407678 0.582031 0.406764 0.582682 0.405850 0.582682 0.404936 0.582031 0.404022 0.582031 0.403108
0 0.395182 0.399452 0.394531 0.400366 0.393880 0.401280 0.393229 0.401280 0.392578 0.401280 0.391927 0.402194 0.391276 0.402194 0.390625 0.402194 0.389974 0.402194 0.389323 0.402194 0.388672 0.403108 0.388021 0.403108 0.388021 0.404022 0.387370 0.404936 0.386719 0.405850 0.386068 0.404936 0.385417 0.405850 0.384766 0.406764 0.384115 0.406764 0.384115 0.407678 0.383464 0.408592 0.382812 0.409506 0.382161 0.410420 0.382161 0.411335 0.381510 0.412249 0.382161 0.413163 0.382812 0.414077 0.383464 0.414077 0.384115 0.414991 0.384766 0.414077 0.385417 0.414077 0.386068 0.414077 0.386719 0.414077 0.387370 0.413163 0.388021 0.413163 0.388672 0.413163 0.389323 0.413163 0.389974 0.412249 0.390625 0.411335 0.391276 0.412249 0.390625 0.411335 0.391276 0.410420 0.391927 0.409506 0.392578 0.410420 0.393229 0.410420 0.393880 0.409506 0.394531 0.409506 0.395182 0.409506 0.395833 0.409506 0.396484 0.409506 0.397135 0.410420 0.397786 0.411335 0.398438 0.411335 0.399089 0.411335 0.399740 0.410420 0.400391 0.409506 0.401042 0.408592 0.401693 0.407678 0.402344 0.407678 0.402995 0.406764 0.403646 0.407678 0.404297 0.408592 0.404948 0.409506 0.404297 0.410420 0.403646 0.411335 0.402995 0.412249 0.402344 0.413163 0.401693 0.413163 0.401693 0.414077 0.401042 0.414991 0.400391 0.415905 0.399740 0.416819 0.399740 0.417733 0.400391 0.418647 0.399740 0.419561 0.400391 0.420475 0.399740 0.421389 0.399089 0.422303 0.399089 0.423218 0.398438 0.424132 0.399089 0.425046 0.399089 0.425960 0.399740 0.425960 0.400391 0.426874 0.401042 0.426874 0.401693 0.426874 0.402344 0.426874 0.402995 0.426874 0.403646 0.427788 0.404297 0.427788 0.404948 0.427788 0.405599 0.426874 0.405599 0.425960 0.406250 0.425046 0.406901 0.424132 0.406901 0.423218 0.407552 0.422303 0.408203 0.421389 0.408203 0.420475 0.408854 0.419561 0.409505 0.418647 0.410156 0.418647 0.410807 0.418647 0.411458 0.417733 0.412109 0.417733 0.412760 0.416819 0.413411 0.416819 0.414062 0.416819 0.413411 0.415905 0.412760 0.415905 0.412109 0.414991 0.411458 0.414991 0.410807 0.414991 0.410156 0.414077 0.409505 0.414991 0.408854 0.415905 0.408203 0.414991 0.407552 0.414077 0.406901 0.413163 0.406901 0.412249 0.406250 0.411335 0.406901 0.410420 0.406250 0.409506 0.406250 0.408592 0.405599 0.407678 0.404948 0.408592 0.404297 0.407678 0.403646 0.406764 0.403646 0.405850 0.403646 0.404936 0.402995 0.404936 0.402344 0.404022 0.401693 0.403108 0.401042 0.403108 0.400391 0.403108 0.399740 0.403108 0.399089 0.403108 0.398438 0.402194 0.397786 0.401280 0.397135 0.400366 0.396484 0.400366 0.395833 0.399452
0 0.419922 0.391225 0.419271 0.392139 0.418620 0.392139 0.418620 0.393053 0.418620 0.393967 0.418620 0.394881 0.419271 0.395795 0.419271 0.396709 0.418620 0.397623 0.417969 0.398537 0.417318 0.397623 0.416667 0.397623 0.416016 0.397623 0.415365 0.396709 0.414714 0.396709 0.414062 0.395795 0.413411 0.395795 0.412760 0.394881 0.412109 0.395795 0.412109 0.396709 0.412109 0.397623 0.411458 0.398537 0.411458 0.399452 0.411458 0.400366 0.411458 0.401280 0.410807 0.402194 0.411458 0.401280 0.412109 0.402194 0.412760 0.402194 0.413411 0.403108 0.414062 0.404022 0.414714 0.404936 0.414714 0.405850 0.414062 0.406764 0.413411 0.407678 0.412760 0.408592 0.412760 0.409506 0.412109 0.410420 0.412760 0.410420 0.413411 0.410420 0.414062 0.409506 0.414714 0.410420 0.415365 0.409506 0.416016 0.408592 0.416667 0.409506 0.417318 0.408592 0.417318 0.407678 0.416667 0.406764 0.416016 0.405850 0.416667 0.404936 0.417318 0.404022 0.417969 0.403108 0.418620 0.402194 0.419271 0.402194 0.419922 0.401280 0.420573 0.401280 0.421224 0.402194 0.421875 0.402194 0.422526 0.403108 0.423177 0.404022 0.423177 0.404936 0.423828 0.404022 0.424479 0.404936 0.425130 0.404936 0.425781 0.405850 0.426432 0.406764 0.425781 0.407678 0.425130 0.408592 0.424479 0.409506 0.423828 0.408592 0.423177 0.408592 0.422526 0.408592 0.421875 0.407678 0.421224 0.407678 0.420573 0.407678 0.419922 0.408592 0.419271 0.407678 0.418620 0.408592 0.419271 0.409506 0.419922 0.410420 0.420573 0.411335 0.419922 0.412249 0.420573 0.412249 0.421224 0.412249 0.421875 0.413163 0.422526 0.414077 0.423177 0.414991 0.423828 0.414991 0.424479 0.414991 0.425130 0.414991 0.425781 0.414077 0.426432 0.414077 0.427083 0.414077 0.427734 0.414077 0.428385 0.414077 0.429036 0.414991 0.429688 0.415905 0.430339 0.416819 0.429688 0.417733 0.430339 0.418647 0.430339 0.419561 0.429688 0.420475 0.430339 0.421389 0.430990 0.422303 0.430990 0.423218 0.431641 0.423218 0.432292 0.423218 0.432943 0.423218 0.433594 0.422303 0.434245 0.422303 0.434896 0.421389 0.435547 0.420475 0.436198 0.419561 0.436849 0.419561 0.437500 0.419561 0.438151 0.418647 0.438802 0.418647 0.439453 0.417733 0.440104 0.417733 0.440755 0.416819 0.441406 0.416819 0.442057 0.417733 0.442708 0.417733 0.443359 0.417733 0.444010 0.416819 0.444661 0.417733 0.445312 0.416819 0.445964 0.417733 0.446615 0.416819 0.447266 0.416819 0.447917 0.417733 0.448568 0.418647 0.449219 0.418647 0.449870 0.419561 0.450521 0.420475 0.451172 0.421389 0.451823 0.421389 0.452474 0.421389 0.453125 0.422303 0.453776 0.423218 0.453776 0.424132 0.454427 0.425046 0.453776 0.425960 0.454427 0.426874 0.454427 0.427788 0.455078 0.428702 0.455729 0.429616 0.455729 0.430530 0.456380 0.431444 0.455729 0.432358 0.456380 0.432358 0.457031 0.433272 0.457682 0.434186 0.457682 0.435101 0.457682 0.436015 0.457682 0.436929 0.457682 0.437843 0.457682 0.438757 0.457682 0.439671 0.457031 0.440585 0.456380 0.441499 0.455729 0.442413 0.455078 0.442413 0.454427 0.442413 0.453776 0.443327 0.453125 0.443327 0.453125 0.444241 0.453776 0.445155 0.454427 0.446069 0.455078 0.446984 0.455729 0.447898 0.456380 0.447898 0.457031 0.448812 0.457682 0.448812 0.458333 0.448812 0.458984 0.448812 0.459635 0.448812 0.460286 0.448812 0.460938 0.448812 0.461589 0.447898 0.462240 0.448812 0.462891 0.448812 0.463542 0.448812 0.464193 0.449726 0.464844 0.449726 0.465495 0.450640 0.466146 0.451554 0.466797 0.451554 0.467448 0.452468 0.468099 0.451554 0.468750 0.451554 0.469401 0.450640 0.470052 0.449726 0.470703 0.449726 0.470703 0.448812 0.471354 0.447898 0.472005 0.446984 0.472656 0.446069 0.473307 0.445155 0.473958 0.445155 0.474609 0.444241 0.474609 0.443327 0.473958 0.443327 0.473307 0.442413 0.472656 0.441499 0.472005 0.442413 0.471354 0.441499 0.470703 0.440585 0.470052 0.440585 0.469401 0.439671 0.468750 0.439671 0.468099 0.439671 0.467448 0.439671 0.466797 0.438757 0.466146 0.437843 0.465495 0.436929 0.465495 0.436015 0.464844 0.435101 0.464844 0.434186 0.464844 0.433272 0.464844 0.432358 0.464193 0.431444 0.463542 0.430530 0.463542 0.429616 0.463542 0.428702 0.463542 0.427788 0.462891 0.426874 0.462891 0.425960 0.462891 0.425046 0.462240 0.424132 0.461589 0.424132 0.460938 0.423218 0.460286 0.424132 0.459635 0.424132 0.458984 0.423218 0.458333 0.422303 0.457682 0.421389 0.457031 0.420475 0.456380 0.419561 0.455729 0.418647 0.455078 0.418647 0.454427 0.417733 0.453776 0.416819 0.453125 0.415905 0.452474 0.414991 0.451823 0.414077 0.451172 0.414077 0.450521 0.413163 0.449870 0.412249 0.449219 0.411335 0.448568 0.410420 0.447917 0.410420 0.447266 0.410420 0.446615 0.410420 0.445964 0.410420 0.445312 0.410420 0.444661 0.409506 0.444010 0.409506 0.444010 0.410420 0.444010 0.411335 0.443359 0.412249 0.442708 0.413163 0.442057 0.414077 0.441406 0.413163 0.440755 0.412249 0.440104 0.413163 0.439453 0.412249 0.438802 0.411335 0.438151 0.410420 0.437500 0.409506 0.436849 0.409506 0.436198 0.409506 0.435547 0.408592 0.434896 0.407678 0.434245 0.406764 0.433594 0.406764 0.432943 0.406764 0.432292 0.406764 0.431641 0.406764 0.430990 0.406764 0.430339 0.405850 0.429688 0.404936 0.429036 0.404022 0.428385 0.403108 0.427734 0.403108 0.427083 0.403108 0.426432 0.402194 0.425781 0.401280 0.425130 0.400366 0.424479 0.399452 0.423828 0.398537 0.423177 0.397623 0.422526 0.396709 0.421875 0.395795 0.421875 0.394881 0.421224 0.393967 0.421224 0.393053 0.421224 0.392139 0.420573 0.391225
0 0.700521 0.388483 0.699870 0.389397 0.699219 0.389397 0.699219 0.390311 0.698568 0.391225 0.697917 0.392139 0.697917 0.393053 0.697917 0.393967 0.697266 0.394881 0.697266 0.395795 0.696615 0.396709 0.695964 0.397623 0.695312 0.398537 0.694661 0.399452 0.694010 0.400366 0.693359 0.401280 0.692708 0.402194 0.692057 0.403108 0.691406 0.404022 0.690755 0.404936 0.690104 0.404936 0.689453 0.404022 0.688802 0.404936 0.688151 0.404936 0.687500 0.405850 0.686849 0.404936 0.686198 0.404936 0.686198 0.405850 0.686849 0.406764 0.686198 0.407678 0.686198 0.408592 0.686849 0.409506 0.687500 0.410420 0.686849 0.411335 0.687500 0.412249 0.687500 0.413163 0.686849 0.414077 0.686198 0.414991 0.685547 0.415905 0.684896 0.415905 0.684245 0.416819 0.683594 0.415905 0.682943 0.414991 0.682292 0.414077 0.681641 0.413163 0.680990 0.413163 0.680339 0.412249 0.679688 0.412249 0.679036 0.412249 0.678385 0.412249 0.677734 0.412249 0.677083 0.412249 0.676432 0.411335 0.675781 0.411335 0.675130 0.412249 0.674479 0.413163 0.673828 0.414077 0.673177 0.414077 0.672526 0.414991 0.671875 0.414077 0.671224 0.414991 0.670573 0.414991 0.669922 0.414991 0.669271 0.414991 0.668620 0.414991 0.667969 0.415905 0.667318 0.416819 0.666667 0.417733 0.666016 0.417733 0.665365 0.417733 0.665365 0.418647 0.664714 0.419561 0.664062 0.420475 0.663411 0.421389 0.662760 0.422303 0.662109 0.423218 0.661458 0.423218 0.660807 0.424132 0.660156 0.425046 0.659505 0.424132 0.658854 0.424132 0.658854 0.425046 0.658854 0.425960 0.658203 0.426874 0.658854 0.427788 0.658854 0.428702 0.658203 0.429616 0.657552 0.430530 0.656901 0.429616 0.657552 0.430530 0.657552 0.431444 0.656901 0.432358 0.656250 0.433272 0.655599 0.432358 0.656250 0.433272 0.656250 0.434186 0.655599 0.435101 0.654948 0.436015 0.654297 0.436929 0.654297 0.437843 0.653646 0.438757 0.652995 0.439671 0.652344 0.438757 0.652995 0.439671 0.652344 0.440585 0.651693 0.441499 0.651693 0.442413 0.651693 0.443327 0.652344 0.444241 0.652995 0.444241 0.653646 0.444241 0.654297 0.444241 0.654948 0.443327 0.655599 0.443327 0.656250 0.443327 0.656901 0.444241 0.657552 0.444241 0.658203 0.444241 0.658854 0.444241 0.659505 0.444241 0.660156 0.443327 0.659505 0.442413 0.660156 0.441499 0.660807 0.440585 0.661458 0.440585 0.662109 0.439671 0.662760 0.440585 0.663411 0.439671 0.664062 0.439671 0.664714 0.438757 0.665365 0.437843 0.666016 0.437843 0.666016 0.436929 0.666667 0.436015 0.666016 0.435101 0.666016 0.434186 0.666016 0.433272 0.665365 0.432358 0.664714 0.431444 0.664062 0.431444 0.663411 0.430530 0.662760 0.429616 0.663411 0.428702 0.664062 0.427788 0.664714 0.427788 0.664714 0.426874 0.665365 0.425960 0.666016 0.425046 0.666016 0.424132 0.666667 0.423218 0.667318 0.422303 0.667969 0.421389 0.667969 0.420475 0.668620 0.419561 0.669271 0.418647 0.669922 0.418647 0.670573 0.417733 0.671224 0.417733 0.671875 0.416819 0.672526 0.416819 0.673177 0.415905 0.673828 0.414991 0.674479 0.414077 0.675130 0.414077 0.675781 0.414991 0.676432 0.414991 0.677083 0.414991 0.677734 0.415905 0.678385 0.414991 0.679036 0.414991 0.679688 0.415905 0.680339 0.416819 0.680990 0.416819 0.681641 0.417733 0.682292 0.418647 0.682943 0.419561 0.682943 0.420475 0.683594 0.421389 0.683594 0.422303 0.683594 0.423218 0.684245 0.424132 0.684245 0.425046 0.684245 0.425960 0.684896 0.426874 0.684896 0.427788 0.685547 0.428702 0.686198 0.428702 0.686849 0.428702 0.687500 0.428702 0.687500 0.427788 0.688151 0.426874 0.688802 0.425960 0.689453 0.425960 0.689453 0.425046 0.689453 0.424132 0.689453 0.423218 0.689453 0.422303 0.689453 0.421389 0.689453 0.420475 0.690104 0.419561 0.690104 0.418647 0.690104 0.417733 0.690104 0.416819 0.690104 0.415905 0.690104 0.414991 0.689453 0.414077 0.689453 0.413163 0.689453 0.412249 0.689453 0.411335 0.688802 0.410420 0.688802 0.409506 0.689453 0.408592 0.690104 0.407678 0.690755 0.406764 0.691406 0.407678 0.692057 0.408592 0.692708 0.409506 0.692708 0.410420 0.692708 0.411335 0.693359 0.411335 0.694010 0.411335 0.694661 0.411335 0.695312 0.411335 0.695964 0.411335 0.696615 0.411335 0.697266 0.411335 0.697917 0.411335 0.698568 0.412249 0.699219 0.412249 0.699870 0.412249 0.700521 0.411335 0.700521 0.410420 0.700521 0.409506 0.701172 0.408592 0.701172 0.407678 0.701823 0.406764 0.702474 0.405850 0.703125 0.405850 0.703776 0.405850 0.704427 0.406764 0.705078 0.407678 0.705729 0.407678 0.706380 0.408592 0.707031 0.409506 0.707682 0.410420 0.707682 0.411335 0.707682 0.412249 0.708333 0.413163 0.708333 0.414077 0.708984 0.414991 0.709635 0.415905 0.709635 0.416819 0.710286 0.416819 0.710938 0.415905 0.711589 0.415905 0.712240 0.416819 0.712891 0.415905 0.713542 0.414991 0.713542 0.414077 0.714193 0.413163 0.713542 0.412249 0.714193 0.411335 0.713542 0.410420 0.713542 0.409506 0.713542 0.408592 0.714193 0.407678 0.714844 0.406764 0.715495 0.405850 0.715495 0.404936 0.716146 0.404022 0.716146 0.403108 0.715495 0.402194 0.714844 0.402194 0.714193 0.401280 0.713542 0.401280 0.712891 0.401280 0.712240 0.402194 0.711589 0.402194 0.710938 0.402194 0.710286 0.402194 0.709635 0.401280 0.708984 0.401280 0.708333 0.401280 0.707682 0.402194 0.707031 0.402194 0.706380 0.402194 0.705729 0.401280 0.705078 0.400366 0.704427 0.400366 0.703776 0.400366 0.703125 0.399452 0.702474 0.398537 0.701823 0.397623 0.701172 0.396709 0.701172 0.395795 0.701172 0.394881 0.701172 0.393967 0.701172 0.393053 0.701172 0.392139 0.701823 0.391225 0.701823 0.390311 0.701172 0.389397
0 0.553385 0.377514 0.553385 0.378428 0.552734 0.379342 0.553385 0.380256 0.553385 0.381170 0.553385 0.382084 0.554036 0.382998 0.554688 0.383912 0.554688 0.384826 0.555339 0.385740 0.555990 0.386654 0.555990 0.387569 0.556641 0.388483 0.555990 0.389397 0.555990 0.390311 0.555339 0.391225 0.554688 0.392139 0.554036 0.393053 0.554036 0.393967 0.554036 0.394881 0.553385 0.395795 0.552734 0.396709 0.553385 0.397623 0.552734 0.398537 0.552083 0.399452 0.552734 0.399452 0.553385 0.400366 0.554036 0.401280 0.553385 0.402194 0.554036 0.403108 0.554036 0.404022 0.554036 0.404936 0.554688 0.405850 0.554036 0.406764 0.554036 0.407678 0.554036 0.408592 0.554036 0.409506 0.553385 0.410420 0.553385 0.411335 0.552734 0.412249 0.552734 0.413163 0.552083 0.414077 0.551432 0.414991 0.550781 0.414991 0.550781 0.415905 0.550781 0.416819 0.550781 0.417733 0.550130 0.418647 0.549479 0.419561 0.549479 0.420475 0.550130 0.421389 0.549479 0.422303 0.550130 0.423218 0.550130 0.424132 0.549479 0.425046 0.548828 0.425960 0.548828 0.426874 0.548177 0.427788 0.548177 0.428702 0.548177 0.429616 0.547526 0.430530 0.548177 0.431444 0.547526 0.432358 0.547526 0.433272 0.546875 0.434186 0.546224 0.435101 0.545573 0.435101 0.544922 0.434186 0.544271 0.435101 0.543620 0.434186 0.542969 0.434186 0.542318 0.433272 0.541667 0.434186 0.541016 0.434186 0.540365 0.433272 0.539714 0.432358 0.540365 0.433272 0.541016 0.434186 0.541667 0.435101 0.541016 0.436015 0.541667 0.436929 0.541016 0.437843 0.541016 0.438757 0.541016 0.439671 0.541667 0.440585 0.541016 0.441499 0.541667 0.442413 0.541016 0.443327 0.541016 0.444241 0.541016 0.445155 0.541016 0.446069 0.541016 0.446984 0.541667 0.446984 0.542318 0.447898 0.542969 0.448812 0.543620 0.449726 0.543620 0.450640 0.542969 0.451554 0.542318 0.452468 0.541667 0.453382 0.541016 0.453382 0.540365 0.452468 0.539714 0.452468 0.539062 0.452468 0.538411 0.453382 0.538411 0.454296 0.537760 0.455210 0.538411 0.456124 0.537760 0.457038 0.537760 0.457952 0.537109 0.458867 0.536458 0.459781 0.535807 0.459781 0.535156 0.459781 0.534505 0.459781 0.533854 0.460695 0.533854 0.461609 0.534505 0.462523 0.534505 0.463437 0.535156 0.462523 0.535807 0.463437 0.536458 0.463437 0.537109 0.463437 0.537760 0.463437 0.538411 0.464351 0.538411 0.463437 0.539062 0.462523 0.539714 0.461609 0.540365 0.461609 0.540365 0.460695 0.540365 0.459781 0.541016 0.458867 0.541016 0.457952 0.541667 0.457038 0.542318 0.456124 0.542969 0.455210 0.543620 0.456124 0.544271 0.457038 0.544922 0.456124 0.545573 0.456124 0.546224 0.456124 0.545573 0.455210 0.546224 0.454296 0.546875 0.453382 0.547526 0.452468 0.548177 0.451554 0.548177 0.450640 0.548177 0.449726 0.548177 0.448812 0.548177 0.447898 0.548828 0.446984 0.549479 0.446069 0.550130 0.445155 0.550781 0.444241 0.550130 0.443327 0.550130 0.442413 0.550781 0.441499 0.550781 0.440585 0.550781 0.439671 0.550781 0.438757 0.550781 0.437843 0.550781 0.436929 0.550130 0.437843 0.549479 0.436929 0.548828 0.436015 0.548828 0.435101 0.548828 0.434186 0.548828 0.433272 0.549479 0.432358 0.550130 0.431444 0.550130 0.430530 0.550130 0.429616 0.550781 0.428702 0.550781 0.427788 0.551432 0.426874 0.551432 0.425960 0.551432 0.425046 0.551432 0.424132 0.551432 0.423218 0.552083 0.422303 0.552734 0.421389 0.552734 0.420475 0.553385 0.419561 0.553385 0.418647 0.553385 0.417733 0.552734 0.416819 0.552734 0.415905 0.553385 0.414991 0.554036 0.414077 0.554688 0.413163 0.555339 0.412249 0.555990 0.413163 0.556641 0.414077 0.555990 0.414991 0.556641 0.415905 0.557292 0.416819 0.557943 0.416819 0.558594 0.416819 0.559245 0.416819 0.559896 0.415905 0.560547 0.416819 0.561198 0.415905 0.561849 0.416819 0.562500 0.415905 0.563151 0.416819 0.563802 0.415905 0.563802 0.414991 0.563802 0.414077 0.563802 0.413163 0.563802 0.412249 0.563802 0.411335 0.563151 0.411335 0.562500 0.410420 0.561849 0.409506 0.561198 0.408592 0.560547 0.408592 0.559896 0.407678 0.559245 0.408592 0.558594 0.407678 0.557943 0.406764 0.558594 0.405850 0.558594 0.404936 0.559245 0.404022 0.559896 0.403108 0.560547 0.403108 0.561198 0.403108 0.561198 0.402194 0.561849 0.401280 0.561198 0.400366 0.561849 0.399452 0.562500 0.398537 0.561849 0.397623 0.562500 0.396709 0.561849 0.395795 0.561198 0.395795 0.560547 0.396709 0.559896 0.396709 0.559245 0.396709 0.558594 0.395795 0.557943 0.394881 0.558594 0.393967 0.558594 0.393053 0.558594 0.392139 0.559245 0.391225 0.558594 0.392139 0.557943 0.392139 0.557292 0.391225 0.556641 0.390311 0.556641 0.389397 0.557292 0.388483 0.556641 0.387569 0.557292 0.386654 0.556641 0.385740 0.556641 0.384826 0.556641 0.383912 0.556641 0.382998 0.556641 0.382084 0.556641 0.381170 0.555990 0.380256 0.555339 0.379342 0.555339 0.378428 0.554688 0.378428 0.554036 0.377514
0 0.378906 0.356490 0.378255 0.357404 0.377604 0.358318 0.378255 0.359232 0.377604 0.360146 0.376953 0.361060 0.376302 0.361974 0.375651 0.361974 0.375000 0.361974 0.374349 0.361060 0.373698 0.361060 0.373047 0.361060 0.372396 0.360146 0.371745 0.360146 0.371094 0.359232 0.370443 0.359232 0.369792 0.358318 0.369141 0.358318 0.368490 0.358318 0.367839 0.359232 0.367188 0.360146 0.366536 0.361060 0.365885 0.361974 0.365234 0.361974 0.364583 0.361974 0.363932 0.361974 0.363281 0.361974 0.362630 0.361974 0.361979 0.361974 0.361328 0.361974 0.360677 0.362888 0.360026 0.362888 0.359375 0.361974 0.358724 0.362888 0.358073 0.361974 0.357422 0.362888 0.356771 0.362888 0.356120 0.361974 0.355469 0.361974 0.354818 0.361060 0.354167 0.360146 0.353516 0.359232 0.352865 0.359232 0.352214 0.359232 0.351562 0.359232 0.350911 0.359232 0.350260 0.359232 0.349609 0.360146 0.349609 0.361060 0.348958 0.361974 0.349609 0.362888 0.349609 0.363803 0.350260 0.364717 0.350911 0.365631 0.351562 0.366545 0.351562 0.367459 0.351562 0.368373 0.351562 0.369287 0.351562 0.370201 0.352214 0.371115 0.352865 0.371115 0.353516 0.371115 0.354167 0.371115 0.354818 0.371115 0.355469 0.371115 0.356120 0.370201 0.356771 0.370201 0.357422 0.369287 0.358073 0.368373 0.358073 0.367459 0.358724 0.366545 0.359375 0.365631 0.360026 0.365631 0.360677 0.364717 0.361328 0.365631 0.361979 0.364717 0.362630 0.364717 0.363281 0.364717 0.363932 0.364717 0.364583 0.363803 0.365234 0.363803 0.365885 0.364717 0.366536 0.363803 0.367188 0.362888 0.367839 0.362888 0.368490 0.362888 0.369141 0.361974 0.369792 0.361974 0.370443 0.361974 0.371094 0.361974 0.371745 0.361974 0.372396 0.362888 0.373047 0.363803 0.373698 0.364717 0.374349 0.365631 0.375000 0.366545 0.375651 0.366545 0.376302 0.366545 0.376953 0.367459 0.377604 0.367459 0.378255 0.368373 0.378906 0.368373 0.379557 0.368373 0.380208 0.369287 0.380859 0.370201 0.381510 0.369287 0.382161 0.369287 0.382812 0.369287 0.383464 0.368373 0.384115 0.368373 0.384766 0.369287 0.385417 0.370201 0.386068 0.370201 0.386719 0.370201 0.387370 0.371115 0.388021 0.372029 0.388672 0.372943 0.388672 0.373857 0.389323 0.374771 0.389323 0.375686 0.389323 0.376600 0.388672 0.377514 0.388021 0.378428 0.387370 0.378428 0.386719 0.379342 0.386068 0.378428 0.385417 0.378428 0.384766 0.378428 0.384115 0.377514 0.383464 0.378428 0.382812 0.378428 0.382161 0.379342 0.381510 0.378428 0.380859 0.378428 0.380208 0.378428 0.379557 0.377514 0.380208 0.378428 0.379557 0.379342 0.378906 0.380256 0.379557 0.381170 0.380208 0.382084 0.380208 0.382998 0.380859 0.383912 0.381510 0.383912 0.382161 0.383912 0.382812 0.384826 0.383464 0.385740 0.383464 0.386654 0.383464 0.387569 0.383464 0.388483 0.384115 0.388483 0.384766 0.388483 0.385417 0.388483 0.386068 0.387569 0.386068 0.386654 0.386068 0.385740 0.386719 0.384826 0.387370 0.383912 0.388021 0.382998 0.388672 0.383912 0.389323 0.384826 0.389323 0.385740 0.388672 0.386654 0.388672 0.387569 0.388021 0.388483 0.388672 0.389397 0.389323 0.389397 0.389974 0.389397 0.390625 0.390311 0.390625 0.389397 0.391276 0.388483 0.391276 0.387569 0.391276 0.386654 0.391927 0.385740 0.391276 0.384826 0.391276 0.383912 0.391927 0.382998 0.392578 0.382084 0.393229 0.382084 0.393880 0.381170 0.394531 0.380256 0.394531 0.379342 0.395182 0.378428 0.395833 0.377514 0.396484 0.376600 0.397135 0.376600 0.397786 0.376600 0.397135 0.375686 0.397786 0.374771 0.397135 0.373857 0.396484 0.373857 0.395833 0.372943 0.395182 0.372943 0.394531 0.372029 0.393880 0.372029 0.393229 0.371115 0.392578 0.371115 0.391927 0.370201 0.391276 0.369287 0.390625 0.368373 0.390625 0.367459 0.389974 0.366545 0.389323 0.365631 0.388672 0.364717 0.388021 0.364717 0.387370 0.365631 0.386719 0.365631 0.386068 0.364717 0.385417 0.364717 0.384766 0.363803 0.384115 0.363803 0.383464 0.362888 0.382812 0.361974 0.382161 0.361060 0.381510 0.360146 0.380859 0.359232 0.381510 0.358318 0.380859 0.358318 0.380208 0.357404 0.379557 0.357404
0 0.694010 0.351005 0.693359 0.351920 0.692708 0.352834 0.692057 0.352834 0.691406 0.352834 0.690755 0.353748 0.690104 0.354662 0.690104 0.355576 0.689453 0.356490 0.690104 0.357404 0.690104 0.358318 0.689453 0.359232 0.689453 0.360146 0.688802 0.361060 0.688151 0.361974 0.687500 0.362888 0.686849 0.363803 0.686198 0.364717 0.685547 0.365631 0.684896 0.365631 0.684245 0.364717 0.683594 0.364717 0.683594 0.365631 0.682943 0.366545 0.682292 0.367459 0.682292 0.368373 0.682292 0.369287 0.682292 0.370201 0.682292 0.371115 0.681641 0.372029 0.680990 0.372943 0.680990 0.373857 0.680990 0.374771 0.680990 0.375686 0.680339 0.376600 0.680339 0.377514 0.680339 0.378428 0.679688 0.379342 0.679688 0.380256 0.679036 0.381170 0.679036 0.382084 0.678385 0.382998 0.678385 0.383912 0.678385 0.384826 0.677734 0.385740 0.677734 0.386654 0.677083 0.387569 0.677734 0.387569 0.678385 0.387569 0.679036 0.387569 0.679688 0.388483 0.679036 0.387569 0.679688 0.386654 0.679688 0.385740 0.680339 0.384826 0.680339 0.383912 0.680990 0.382998 0.681641 0.382084 0.681641 0.381170 0.682292 0.380256 0.682292 0.379342 0.682943 0.378428 0.683594 0.377514 0.684245 0.377514 0.684896 0.376600 0.685547 0.375686 0.686198 0.375686 0.686849 0.374771 0.687500 0.374771 0.688151 0.374771 0.688802 0.374771 0.689453 0.373857 0.690104 0.372943 0.690755 0.373857 0.691406 0.374771 0.692057 0.375686 0.692708 0.376600 0.693359 0.376600 0.694010 0.377514 0.694661 0.377514 0.695312 0.378428 0.695964 0.379342 0.696615 0.380256 0.697266 0.381170 0.697917 0.380256 0.698568 0.380256 0.699219 0.379342 0.699870 0.379342 0.700521 0.378428 0.701172 0.379342 0.701823 0.379342 0.702474 0.378428 0.703125 0.379342 0.703776 0.378428 0.704427 0.378428 0.705078 0.377514 0.705729 0.376600 0.706380 0.376600 0.707031 0.376600 0.707682 0.376600 0.708333 0.376600 0.708333 0.375686 0.708333 0.374771 0.708333 0.373857 0.707682 0.372943 0.707031 0.372943 0.706380 0.372943 0.705729 0.373857 0.705078 0.374771 0.704427 0.374771 0.703776 0.374771 0.703125 0.374771 0.702474 0.373857 0.701823 0.373857 0.701172 0.372943 0.700521 0.372943 0.699870 0.372029 0.699219 0.371115 0.698568 0.371115 0.697917 0.371115 0.697266 0.370201 0.696615 0.370201 0.695964 0.369287 0.695312 0.370201 0.694661 0.371115 0.694010 0.371115 0.693359 0.372029 0.692708 0.372943 0.692057 0.373857 0.691406 0.372943 0.690755 0.372029 0.690104 0.371115 0.690104 0.370201 0.689453 0.369287 0.688802 0.368373 0.688802 0.367459 0.688802 0.366545 0.689453 0.365631 0.690104 0.364717 0.690755 0.363803 0.690755 0.362888 0.691406 0.361974 0.690755 0.361060 0.691406 0.360146 0.692057 0.359232 0.691406 0.358318 0.692057 0.357404 0.692708 0.356490 0.693359 0.355576 0.693359 0.354662 0.693359 0.353748 0.693359 0.352834 0.693359 0.351920
0 0.713542 0.348263 0.712891 0.349177 0.712240 0.350091 0.712240 0.351005 0.711589 0.351920 0.712240 0.352834 0.711589 0.353748 0.710938 0.354662 0.710286 0.355576 0.709635 0.356490 0.708984 0.357404 0.708333 0.358318 0.707682 0.359232 0.707031 0.359232 0.706380 0.358318 0.705729 0.359232 0.705078 0.359232 0.704427 0.359232 0.703776 0.359232 0.703125 0.359232 0.702474 0.359232 0.701823 0.359232 0.701172 0.358318 0.700521 0.358318 0.699870 0.359232 0.699219 0.358318 0.698568 0.357404 0.697917 0.357404 0.697266 0.357404 0.696615 0.357404 0.695964 0.357404 0.695964 0.358318 0.695312 0.359232 0.695312 0.360146 0.695964 0.361060 0.696615 0.360146 0.697266 0.360146 0.697917 0.361060 0.698568 0.361060 0.699219 0.361060 0.699870 0.361974 0.700521 0.361060 0.701172 0.361974 0.701823 0.362888 0.702474 0.361974 0.703125 0.361974 0.703776 0.361974 0.704427 0.361974 0.705078 0.362888 0.705729 0.362888 0.706380 0.362888 0.707031 0.362888 0.707682 0.363803 0.708333 0.363803 0.708984 0.362888 0.709635 0.362888 0.710286 0.362888 0.710938 0.363803 0.711589 0.362888 0.712240 0.362888 0.712891 0.362888 0.713542 0.363803 0.714193 0.364717 0.714844 0.365631 0.714193 0.366545 0.714844 0.367459 0.715495 0.368373 0.715495 0.369287 0.716146 0.369287 0.716797 0.369287 0.717448 0.369287 0.718099 0.370201 0.718750 0.371115 0.719401 0.371115 0.720052 0.371115 0.720703 0.372029 0.721354 0.372943 0.722005 0.373857 0.722656 0.374771 0.723307 0.375686 0.723958 0.376600 0.724609 0.376600 0.725260 0.376600 0.725911 0.375686 0.726562 0.374771 0.725911 0.373857 0.725911 0.372943 0.726562 0.372029 0.725911 0.371115 0.726562 0.370201 0.727214 0.369287 0.727865 0.368373 0.728516 0.369287 0.729167 0.369287 0.729818 0.370201 0.730469 0.370201 0.731120 0.371115 0.731771 0.371115 0.732422 0.371115 0.733073 0.372029 0.733724 0.372029 0.734375 0.371115 0.735026 0.370201 0.735677 0.369287 0.735677 0.368373 0.735026 0.367459 0.735026 0.366545 0.735677 0.365631 0.736328 0.364717 0.736328 0.363803 0.736979 0.362888 0.737630 0.361974 0.737630 0.361060 0.738281 0.360146 0.738281 0.359232 0.738281 0.358318 0.737630 0.357404 0.737630 0.356490 0.736979 0.357404 0.736328 0.356490 0.735677 0.356490 0.735026 0.357404 0.734375 0.357404 0.733724 0.358318 0.733073 0.359232 0.732422 0.360146 0.731771 0.361060 0.731120 0.361974 0.730469 0.361974 0.729818 0.362888 0.729167 0.362888 0.728516 0.362888 0.727865 0.363803 0.727214 0.364717 0.726562 0.363803 0.725911 0.364717 0.725260 0.364717 0.724609 0.364717 0.723958 0.364717 0.723307 0.364717 0.722656 0.364717 0.722005 0.364717 0.721354 0.363803 0.720703 0.364717 0.720052 0.363803 0.719401 0.363803 0.718750 0.363803 0.718099 0.362888 0.717448 0.361974 0.718099 0.361060 0.718099 0.360146 0.717448 0.359232 0.718099 0.358318 0.717448 0.357404 0.717448 0.356490 0.718099 0.355576 0.718750 0.354662 0.719401 0.354662 0.720052 0.353748 0.720703 0.352834 0.720052 0.351920 0.719401 0.351005 0.719401 0.350091 0.718750 0.350091 0.718099 0.350091 0.717448 0.350091 0.716797 0.350091 0.716146 0.350091 0.715495 0.349177 0.714844 0.349177 0.714193 0.348263
0 0.563802 0.318099 0.563151 0.319013 0.563151 0.319927 0.562500 0.320841 0.562500 0.321755 0.562500 0.322669 0.562500 0.323583 0.561849 0.324497 0.561198 0.325411 0.561198 0.326325 0.560547 0.327239 0.559896 0.328154 0.559245 0.329068 0.558594 0.329982 0.557943 0.330896 0.557292 0.331810 0.556641 0.332724 0.555990 0.333638 0.555339 0.333638 0.554688 0.333638 0.554036 0.332724 0.554036 0.333638 0.554036 0.334552 0.553385 0.335466 0.552734 0.336380 0.552083 0.337294 0.551432 0.338208 0.550781 0.339122 0.550781 0.340037 0.550130 0.340951 0.550130 0.341865 0.549479 0.342779 0.548828 0.343693 0.548177 0.344607 0.547526 0.345521 0.546875 0.346435 0.546875 0.347349 0.546875 0.348263 0.546875 0.349177 0.546875 0.350091 0.546875 0.351005 0.546875 0.351920 0.547526 0.352834 0.547526 0.353748 0.547526 0.354662 0.546875 0.355576 0.546875 0.356490 0.546875 0.357404 0.546224 0.358318 0.545573 0.359232 0.545573 0.360146 0.544922 0.361060 0.545573 0.361974 0.544922 0.362888 0.544271 0.363803 0.543620 0.364717 0.543620 0.365631 0.542969 0.366545 0.542318 0.367459 0.541667 0.368373 0.541016 0.369287 0.540365 0.370201 0.539714 0.369287 0.539062 0.368373 0.539714 0.367459 0.539062 0.366545 0.539062 0.365631 0.539062 0.364717 0.539714 0.363803 0.539062 0.362888 0.539062 0.361974 0.539714 0.361060 0.539714 0.360146 0.540365 0.359232 0.541016 0.358318 0.541016 0.357404 0.541667 0.356490 0.542318 0.355576 0.542318 0.354662 0.542318 0.353748 0.542318 0.352834 0.542318 0.351920 0.542318 0.351005 0.542318 0.350091 0.541667 0.349177 0.542318 0.348263 0.542318 0.347349 0.542318 0.346435 0.542318 0.345521 0.542318 0.344607 0.542969 0.343693 0.543620 0.342779 0.544271 0.341865 0.544922 0.341865 0.544922 0.340951 0.545573 0.340037 0.544922 0.339122 0.545573 0.338208 0.546224 0.337294 0.545573 0.336380 0.546224 0.335466 0.546875 0.334552 0.546875 0.333638 0.546875 0.332724 0.546875 0.331810 0.546224 0.330896 0.545573 0.329982 0.544922 0.329982 0.544271 0.329982 0.543620 0.330896 0.543620 0.331810 0.542969 0.332724 0.542969 0.333638 0.543620 0.334552 0.543620 0.335466 0.543620 0.336380 0.543620 0.337294 0.543620 0.338208 0.542969 0.339122 0.542318 0.340037 0.541667 0.340951 0.541016 0.340037 0.540365 0.339122 0.540365 0.338208 0.540365 0.337294 0.540365 0.336380 0.540365 0.335466 0.540365 0.334552 0.540365 0.333638 0.540365 0.332724 0.540365 0.331810 0.540365 0.330896 0.539714 0.329982 0.539062 0.329068 0.538411 0.329068 0.537760 0.329068 0.537109 0.329068 0.537109 0.329982 0.537109 0.330896 0.537760 0.331810 0.537109 0.332724 0.537109 0.333638 0.537109 0.334552 0.536458 0.335466 0.535807 0.336380 0.536458 0.337294 0.537109 0.338208 0.537109 0.339122 0.537760 0.340037 0.537760 0.340951 0.537760 0.341865 0.537760 0.342779 0.538411 0.343693 0.539062 0.344607 0.539062 0.345521 0.539062 0.346435 0.539714 0.347349 0.539062 0.348263 0.539062 0.349177 0.539062 0.350091 0.539062 0.351005 0.539062 0.351920 0.539062 0.352834 0.538411 0.353748 0.538411 0.354662 0.537760 0.355576 0.537109 0.356490 0.537760 0.357404 0.537109 0.358318 0.536458 0.359232 0.535807 0.358318 0.535156 0.359232 0.534505 0.360146 0.533854 0.361060 0.533854 0.361974 0.533854 0.362888 0.534505 0.361974 0.535156 0.361974 0.535807 0.361060 0.536458 0.361060 0.537109 0.361974 0.537760 0.362888 0.537760 0.363803 0.538411 0.364717 0.537760 0.365631 0.537109 0.366545 0.537109 0.367459 0.536458 0.368373 0.535807 0.369287 0.535156 0.369287 0.535156 0.370201 0.534505 0.371115 0.535156 0.372029 0.534505 0.372943 0.535156 0.373857 0.535156 0.374771 0.535807 0.375686 0.536458 0.376600 0.535807 0.377514 0.535807 0.378428 0.535156 0.379342 0.534505 0.380256 0.533854 0.381170 0.533203 0.382084 0.532552 0.382084 0.531901 0.382998 0.531250 0.382998 0.530599 0.382084 0.529948 0.381170 0.529297 0.380256 0.528646 0.381170 0.527995 0.380256 0.527344 0.379342 0.526693 0.378428 0.527344 0.377514 0.526693 0.376600 0.526693 0.375686 0.526693 0.374771 0.526042 0.373857 0.525391 0.372943 0.525391 0.372029 0.525391 0.371115 0.524740 0.370201 0.524740 0.369287 0.524740 0.368373 0.524089 0.367459 0.524089 0.366545 0.523438 0.365631 0.522786 0.366545 0.522135 0.365631 0.521484 0.366545 0.520833 0.366545 0.520833 0.367459 0.520833 0.368373 0.521484 0.369287 0.521484 0.370201 0.522135 0.371115 0.522786 0.371115 0.523438 0.372029 0.524089 0.372943 0.524740 0.373857 0.524740 0.374771 0.525391 0.375686 0.525391 0.376600 0.524740 0.377514 0.524740 0.378428 0.524740 0.379342 0.524740 0.380256 0.524740 0.381170 0.525391 0.382084 0.525391 0.382998 0.526042 0.383912 0.526042 0.384826 0.526042 0.385740 0.526042 0.386654 0.526042 0.387569 0.526042 0.388483 0.526042 0.389397 0.526042 0.390311 0.526042 0.391225 0.526042 0.392139 0.526042 0.393053 0.526042 0.393967 0.525391 0.394881 0.525391 0.395795 0.524740 0.396709 0.524740 0.397623 0.525391 0.398537 0.524740 0.399452 0.524740 0.400366 0.524740 0.401280 0.524089 0.402194 0.523438 0.403108 0.524089 0.404022 0.524089 0.404936 0.523438 0.405850 0.524089 0.406764 0.523438 0.407678 0.522786 0.408592 0.522135 0.409506 0.521484 0.410420 0.520833 0.409506 0.520182 0.408592 0.519531 0.407678 0.519531 0.406764 0.518880 0.405850 0.519531 0.404936 0.518880 0.404936 0.518229 0.404022 0.517578 0.404022 0.516927 0.404936 0.516276 0.404022 0.515625 0.403108 0.514974 0.402194 0.514323 0.401280 0.513672 0.400366 0.513021 0.399452 0.513021 0.398537 0.512370 0.399452 0.511719 0.399452 0.511068 0.398537 0.510417 0.397623 0.509766 0.396709 0.509115 0.395795 0.509766 0.394881 0.509766 0.393967 0.509115 0.393053 0.508464 0.392139 0.508464 0.391225 0.507812 0.390311 0.508464 0.389397 0.507812 0.388483 0.507161 0.387569 0.507812 0.386654 0.507812 0.385740 0.508464 0.384826 0.509115 0.383912 0.509766 0.383912 0.509115 0.382998 0.509115 0.382084 0.509766 0.381170 0.509766 0.380256 0.509766 0.379342 0.509766 0.378428 0.509766 0.377514 0.509766 0.376600 0.510417 0.375686 0.509766 0.374771 0.510417 0.373857 0.510417 0.372943 0.510417 0.372029 0.510417 0.371115 0.511068 0.370201 0.510417 0.370201 0.509766 0.370201 0.509115 0.370201 0.508464 0.370201 0.507812 0.369287 0.507161 0.369287 0.506510 0.370201 0.505859 0.371115 0.506510 0.372029 0.506510 0.372943 0.507161 0.373857 0.507161 0.374771 0.507812 0.375686 0.507812 0.376600 0.507161 0.377514 0.506510 0.378428 0.505859 0.379342 0.505208 0.380256 0.504557 0.380256 0.503906 0.380256 0.503255 0.380256 0.502604 0.381170 0.502604 0.382084 0.502604 0.382998 0.503255 0.383912 0.503906 0.384826 0.504557 0.385740 0.503906 0.386654 0.504557 0.387569 0.505208 0.388483 0.505208 0.389397 0.505859 0.390311 0.505208 0.391225 0.505208 0.392139 0.505208 0.393053 0.505859 0.393967 0.505859 0.394881 0.505208 0.395795 0.504557 0.396709 0.503906 0.396709 0.504557 0.397623 0.505208 0.398537 0.505208 0.399452 0.505859 0.398537 0.506510 0.398537 0.507161 0.398537 0.507812 0.398537 0.508464 0.397623 0.509115 0.397623 0.509766 0.398537 0.510417 0.399452 0.509766 0.400366 0.510417 0.401280 0.510417 0.402194 0.510417 0.403108 0.511068 0.403108 0.511719 0.404022 0.512370 0.404936 0.513021 0.404936 0.513672 0.405850 0.514323 0.406764 0.514323 0.407678 0.514974 0.407678 0.515625 0.408592 0.516276 0.409506 0.516927 0.410420 0.516927 0.411335 0.517578 0.411335 0.518229 0.412249 0.518880 0.413163 0.519531 0.414077 0.520182 0.414991 0.520833 0.415905 0.520182 0.416819 0.519531 0.417733 0.518880 0.417733 0.518229 0.418647 0.517578 0.418647 0.516927 0.417733 0.516276 0.418647 0.515625 0.418647 0.514974 0.418647 0.514974 0.419561 0.514323 0.420475 0.513672 0.421389 0.513021 0.422303 0.512370 0.421389 0.511719 0.420475 0.511719 0.419561 0.511719 0.418647 0.511068 0.417733 0.510417 0.416819 0.511068 0.415905 0.510417 0.414991 0.509766 0.415905 0.509115 0.414991 0.508464 0.414077 0.507812 0.414077 0.507161 0.413163 0.506510 0.412249 0.505859 0.411335 0.506510 0.410420 0.506510 0.409506 0.505859 0.409506 0.505208 0.409506 0.504557 0.409506 0.503906 0.410420 0.503255 0.410420 0.502604 0.410420 0.503255 0.411335 0.503906 0.412249 0.503906 0.413163 0.504557 0.414077 0.504557 0.414991 0.504557 0.415905 0.504557 0.416819 0.505208 0.417733 0.505859 0.417733 0.506510 0.418647 0.507161 0.419561 0.507812 0.420475 0.508464 0.421389 0.509115 0.420475 0.509766 0.421389 0.510417 0.422303 0.511068 0.423218 0.511068 0.424132 0.511719 0.424132 0.512370 0.424132 0.513021 0.424132 0.513021 0.423218 0.513672 0.422303 0.514323 0.421389 0.514974 0.422303 0.515625 0.422303 0.516276 0.423218 0.516927 0.424132 0.517578 0.425046 0.517578 0.425960 0.518229 0.426874 0.518880 0.427788 0.518229 0.428702 0.518880 0.429616 0.518229 0.430530 0.518229 0.431444 0.518229 0.432358 0.518880 0.433272 0.519531 0.434186 0.519531 0.435101 0.520182 0.436015 0.520182 0.436929 0.520833 0.437843 0.520833 0.438757 0.520833 0.439671 0.520833 0.440585 0.521484 0.441499 0.520833 0.442413 0.520182 0.443327 0.519531 0.444241 0.518880 0.445155 0.518229 0.445155 0.518229 0.446069 0.518229 0.446984 0.517578 0.447898 0.518229 0.448812 0.518229 0.449726 0.518229 0.450640 0.518229 0.451554 0.518229 0.452468 0.518229 0.453382 0.517578 0.454296 0.518229 0.455210 0.518880 0.454296 0.519531 0.455210 0.520182 0.455210 0.520833 0.455210 0.521484 0.456124 0.522135 0.457038 0.522786 0.457952 0.522786 0.458867 0.523438 0.457952 0.523438 0.457038 0.524089 0.456124 0.523438 0.456124 0.522786 0.455210 0.522135 0.454296 0.521484 0.453382 0.521484 0.452468 0.521484 0.451554 0.521484 0.450640 0.521484 0.449726 0.521484 0.448812 0.521484 0.447898 0.521484 0.446984 0.521484 0.446069 0.520833 0.445155 0.520833 0.444241 0.521484 0.443327 0.522135 0.442413 0.522786 0.442413 0.523438 0.441499 0.524089 0.441499 0.524740 0.442413 0.525391 0.441499 0.526042 0.440585 0.526042 0.439671 0.526042 0.438757 0.526042 0.437843 0.525391 0.436929 0.524740 0.436015 0.524089 0.436015 0.523438 0.435101 0.522786 0.434186 0.522135 0.433272 0.522786 0.432358 0.522786 0.431444 0.522786 0.430530 0.522786 0.429616 0.522786 0.428702 0.522786 0.427788 0.522786 0.426874 0.523438 0.425960 0.523438 0.425046 0.523438 0.424132 0.522786 0.423218 0.523438 0.422303 0.523438 0.421389 0.522786 0.420475 0.522786 0.419561 0.522786 0.418647 0.522135 0.417733 0.521484 0.416819 0.522135 0.415905 0.522786 0.414991 0.522786 0.414077 0.522786 0.413163 0.523438 0.412249 0.524089 0.411335 0.524740 0.411335 0.525391 0.410420 0.526042 0.409506 0.526693 0.408592 0.526693 0.407678 0.527344 0.406764 0.527995 0.405850 0.527344 0.404936 0.527344 0.404022 0.527344 0.403108 0.527995 0.402194 0.527995 0.401280 0.527995 0.400366 0.527995 0.399452 0.528646 0.398537 0.528646 0.397623 0.529297 0.396709 0.529948 0.395795 0.529948 0.394881 0.529948 0.393967 0.529948 0.393053 0.529948 0.392139 0.529948 0.391225 0.529948 0.390311 0.529948 0.389397 0.529948 0.388483 0.529948 0.387569 0.530599 0.386654 0.531250 0.385740 0.531901 0.385740 0.532552 0.386654 0.533203 0.385740 0.533854 0.385740 0.534505 0.384826 0.535156 0.383912 0.535807 0.382998 0.536458 0.382084 0.536458 0.381170 0.536458 0.380256 0.536458 0.379342 0.536458 0.378428 0.537109 0.377514 0.537760 0.376600 0.538411 0.376600 0.539062 0.375686 0.539714 0.374771 0.540365 0.373857 0.541016 0.372943 0.541667 0.373857 0.542318 0.372943 0.542969 0.372943 0.543620 0.372029 0.544271 0.372943 0.544271 0.372029 0.544922 0.371115 0.545573 0.370201 0.544922 0.369287 0.544922 0.368373 0.545573 0.367459 0.545573 0.366545 0.546224 0.365631 0.546875 0.364717 0.546224 0.363803 0.546224 0.362888 0.546875 0.361974 0.546224 0.361060 0.546875 0.360146 0.546875 0.359232 0.547526 0.358318 0.548177 0.357404 0.548828 0.356490 0.548828 0.355576 0.549479 0.354662 0.550130 0.353748 0.550130 0.352834 0.550130 0.351920 0.550130 0.351005 0.550781 0.350091 0.550781 0.349177 0.550781 0.348263 0.551432 0.347349 0.551432 0.346435 0.551432 0.345521 0.551432 0.344607 0.552083 0.343693 0.552734 0.342779 0.553385 0.341865 0.554036 0.340951 0.554688 0.340037 0.555339 0.339122 0.555990 0.338208 0.556641 0.337294 0.557292 0.338208 0.557943 0.337294 0.558594 0.337294 0.559245 0.337294 0.559896 0.336380 0.560547 0.335466 0.560547 0.334552 0.559896 0.333638 0.560547 0.332724 0.561198 0.331810 0.561849 0.330896 0.562500 0.329982 0.562500 0.329068 0.563151 0.328154 0.563802 0.327239 0.563802 0.326325 0.564453 0.325411 0.565104 0.324497 0.564453 0.323583 0.564453 0.322669 0.565104 0.321755 0.565104 0.320841 0.565755 0.319927 0.565104 0.319013 0.564453 0.319013
0 0.414062 0.311700 0.414062 0.312614 0.414062 0.313528 0.414062 0.314442 0.414062 0.315356 0.414714 0.316271 0.415365 0.317185 0.415365 0.318099 0.416016 0.319013 0.416667 0.319927 0.417318 0.320841 0.417969 0.321755 0.417969 0.322669 0.418620 0.323583 0.419271 0.324497 0.419922 0.325411 0.420573 0.326325 0.421224 0.327239 0.421224 0.328154 0.420573 0.329068 0.421224 0.329982 0.421875 0.330896 0.421224 0.331810 0.421875 0.332724 0.422526 0.333638 0.423177 0.334552 0.423828 0.335466 0.423828 0.336380 0.424479 0.337294 0.424479 0.338208 0.423828 0.339122 0.423177 0.340037 0.423828 0.340951 0.423177 0.341865 0.423828 0.342779 0.423828 0.343693 0.423828 0.344607 0.424479 0.345521 0.425130 0.346435 0.425781 0.347349 0.425781 0.348263 0.426432 0.349177 0.425781 0.350091 0.426432 0.351005 0.425781 0.351920 0.426432 0.352834 0.426432 0.353748 0.426432 0.354662 0.427083 0.354662 0.427734 0.354662 0.428385 0.355576 0.429036 0.356490 0.429688 0.357404 0.430339 0.358318 0.430990 0.359232 0.431641 0.359232 0.432292 0.360146 0.432943 0.361060 0.433594 0.361974 0.433594 0.362888 0.432943 0.363803 0.432943 0.364717 0.432943 0.365631 0.432943 0.366545 0.433594 0.366545 0.434245 0.367459 0.434896 0.368373 0.434245 0.369287 0.434896 0.370201 0.434896 0.371115 0.434245 0.372029 0.433594 0.372943 0.432943 0.372943 0.432292 0.372943 0.431641 0.372943 0.430990 0.372029 0.430339 0.372029 0.429688 0.371115 0.429036 0.371115 0.428385 0.372029 0.427734 0.372029 0.427083 0.372029 0.426432 0.371115 0.425781 0.370201 0.425130 0.369287 0.424479 0.369287 0.423828 0.368373 0.423177 0.369287 0.422526 0.368373 0.421875 0.369287 0.421224 0.368373 0.420573 0.367459 0.420573 0.366545 0.419922 0.366545 0.419271 0.365631 0.418620 0.364717 0.418620 0.363803 0.417969 0.363803 0.417318 0.363803 0.416667 0.362888 0.416016 0.362888 0.415365 0.363803 0.414714 0.364717 0.414062 0.364717 0.413411 0.364717 0.412760 0.363803 0.412109 0.362888 0.412109 0.361974 0.412109 0.361060 0.411458 0.361060 0.410807 0.360146 0.410156 0.359232 0.409505 0.358318 0.408854 0.358318 0.408203 0.357404 0.407552 0.356490 0.407552 0.355576 0.406901 0.354662 0.406901 0.353748 0.406250 0.352834 0.406250 0.351920 0.406250 0.351005 0.405599 0.350091 0.404948 0.350091 0.404297 0.349177 0.403646 0.348263 0.402995 0.347349 0.402344 0.346435 0.401693 0.345521 0.401042 0.344607 0.400391 0.343693 0.399740 0.342779 0.399089 0.342779 0.398438 0.342779 0.397786 0.341865 0.397135 0.341865 0.396484 0.341865 0.395833 0.340951 0.395182 0.340951 0.394531 0.340951 0.393880 0.340951 0.393229 0.340037 0.392578 0.340951 0.393229 0.341865 0.393229 0.342779 0.393229 0.343693 0.393880 0.343693 0.394531 0.343693 0.395182 0.342779 0.395833 0.342779 0.396484 0.342779 0.397135 0.343693 0.397786 0.344607 0.398438 0.343693 0.399089 0.344607 0.399740 0.345521 0.399740 0.346435 0.400391 0.345521 0.401042 0.346435 0.401693 0.347349 0.401693 0.348263 0.401042 0.349177 0.401042 0.350091 0.401042 0.351005 0.400391 0.351920 0.399740 0.352834 0.399740 0.353748 0.399740 0.354662 0.399740 0.355576 0.399089 0.356490 0.399740 0.357404 0.400391 0.358318 0.399740 0.359232 0.400391 0.360146 0.400391 0.361060 0.401042 0.360146 0.401693 0.360146 0.402344 0.359232 0.402344 0.358318 0.402995 0.357404 0.403646 0.356490 0.404297 0.355576 0.404948 0.356490 0.405599 0.357404 0.405599 0.358318 0.405599 0.359232 0.406250 0.360146 0.405599 0.361060 0.405599 0.361974 0.406250 0.361974 0.406901 0.362888 0.407552 0.363803 0.407552 0.364717 0.408203 0.365631 0.408854 0.365631 0.409505 0.366545 0.410156 0.365631 0.410807 0.365631 0.411458 0.366545 0.412109 0.365631 0.412760 0.365631 0.413411 0.364717 0.414062 0.365631 0.414714 0.366545 0.414714 0.367459 0.415365 0.367459 0.416016 0.368373 0.416667 0.369287 0.417318 0.370201 0.417969 0.371115 0.417318 0.372029 0.416667 0.372943 0.416016 0.373857 0.415365 0.373857 0.414714 0.372943 0.414062 0.372943 0.413411 0.372943 0.412760 0.372029 0.412109 0.371115 0.411458 0.370201 0.410807 0.371115 0.410156 0.371115 0.409505 0.372029 0.408854 0.371115 0.408203 0.371115 0.407552 0.371115 0.406901 0.370201 0.406250 0.370201 0.405599 0.369287 0.404948 0.370201 0.404297 0.370201 0.403646 0.369287 0.402995 0.370201 0.402344 0.371115 0.401693 0.372029 0.401042 0.372029 0.401042 0.372943 0.400391 0.373857 0.399740 0.374771 0.399089 0.374771 0.399740 0.375686 0.399740 0.376600 0.400391 0.376600 0.401042 0.376600 0.401693 0.376600 0.402344 0.376600 0.402995 0.375686 0.403646 0.374771 0.404297 0.374771 0.404948 0.374771 0.405599 0.373857 0.406250 0.372943 0.406901 0.373857 0.407552 0.373857 0.408203 0.373857 0.408854 0.372943 0.409505 0.373857 0.410156 0.374771 0.410807 0.373857 0.411458 0.374771 0.412109 0.373857 0.412760 0.374771 0.413411 0.375686 0.414062 0.374771 0.414714 0.374771 0.415365 0.375686 0.416016 0.376600 0.416667 0.375686 0.417318 0.376600 0.417969 0.376600 0.418620 0.375686 0.419271 0.376600 0.419922 0.376600 0.420573 0.377514 0.421224 0.376600 0.421875 0.377514 0.422526 0.378428 0.422526 0.379342 0.423177 0.380256 0.423828 0.380256 0.424479 0.379342 0.425130 0.379342 0.425781 0.378428 0.426432 0.377514 0.427083 0.376600 0.427734 0.377514 0.428385 0.376600 0.429036 0.376600 0.429688 0.376600 0.430339 0.375686 0.430990 0.376600 0.431641 0.376600 0.432292 0.376600 0.432943 0.377514 0.433594 0.378428 0.434245 0.379342 0.434896 0.379342 0.435547 0.380256 0.436198 0.381170 0.436849 0.381170 0.437500 0.382084 0.438151 0.382084 0.438802 0.382998 0.439453 0.383912 0.440104 0.384826 0.440755 0.385740 0.441406 0.386654 0.441406 0.387569 0.442057 0.387569 0.442708 0.388483 0.443359 0.389397 0.444010 0.390311 0.444010 0.391225 0.443359 0.392139 0.443359 0.393053 0.442708 0.393967 0.442057 0.394881 0.441406 0.393967 0.442057 0.394881 0.442708 0.395795 0.442708 0.396709 0.443359 0.395795 0.444010 0.396709 0.444661 0.395795 0.445312 0.395795 0.445964 0.396709 0.446615 0.397623 0.447266 0.397623 0.447917 0.398537 0.448568 0.399452 0.449219 0.400366 0.449870 0.401280 0.450521 0.401280 0.451172 0.401280 0.451823 0.402194 0.452474 0.403108 0.453125 0.404022 0.453776 0.404936 0.454427 0.405850 0.454427 0.406764 0.455078 0.406764 0.455729 0.406764 0.456380 0.406764 0.457031 0.406764 0.457682 0.407678 0.458333 0.406764 0.458984 0.406764 0.459635 0.407678 0.460286 0.406764 0.460938 0.405850 0.461589 0.405850 0.462240 0.404936 0.462891 0.404936 0.462240 0.404022 0.462240 0.403108 0.462240 0.402194 0.462240 0.401280 0.461589 0.401280 0.460938 0.401280 0.460286 0.400366 0.459635 0.401280 0.458984 0.401280 0.458333 0.402194 0.457682 0.403108 0.457031 0.402194 0.456380 0.401280 0.455729 0.401280 0.455078 0.400366 0.454427 0.400366 0.453776 0.399452 0.453125 0.398537 0.452474 0.397623 0.451823 0.396709 0.451172 0.395795 0.451172 0.394881 0.451172 0.393967 0.450521 0.393053 0.449870 0.392139 0.449219 0.391225 0.449870 0.390311 0.449870 0.389397 0.449870 0.388483 0.449870 0.387569 0.449870 0.386654 0.449870 0.385740 0.449870 0.384826 0.449870 0.383912 0.449870 0.382998 0.449870 0.382084 0.449219 0.381170 0.449219 0.380256 0.448568 0.379342 0.447917 0.378428 0.447266 0.378428 0.446615 0.379342 0.445964 0.379342 0.445312 0.380256 0.444661 0.381170 0.444010 0.380256 0.443359 0.381170 0.442708 0.381170 0.442057 0.380256 0.441406 0.379342 0.440755 0.378428 0.440104 0.377514 0.439453 0.376600 0.439453 0.375686 0.438802 0.375686 0.438151 0.374771 0.437500 0.373857 0.438151 0.372943 0.437500 0.372029 0.437500 0.371115 0.436849 0.370201 0.436849 0.369287 0.436198 0.368373 0.436849 0.367459 0.436198 0.366545 0.436198 0.365631 0.436198 0.364717 0.435547 0.363803 0.435547 0.362888 0.435547 0.361974 0.434896 0.361060 0.434245 0.360146 0.434896 0.359232 0.435547 0.358318 0.436198 0.358318 0.436849 0.358318 0.437500 0.358318 0.438151 0.359232 0.438151 0.358318 0.438151 0.357404 0.438151 0.356490 0.437500 0.355576 0.436849 0.355576 0.436198 0.354662 0.435547 0.353748 0.434896 0.352834 0.434245 0.351920 0.434245 0.351005 0.434245 0.350091 0.434245 0.349177 0.434245 0.348263 0.434896 0.347349 0.434245 0.346435 0.433594 0.346435 0.432943 0.347349 0.432292 0.347349 0.431641 0.348263 0.430990 0.347349 0.430339 0.346435 0.430339 0.345521 0.430339 0.344607 0.430339 0.343693 0.430339 0.342779 0.429688 0.341865 0.429036 0.340951 0.429036 0.340037 0.428385 0.339122 0.427734 0.338208 0.427083 0.337294 0.426432 0.336380 0.425781 0.335466 0.425130 0.334552 0.424479 0.333638 0.425130 0.332724 0.425130 0.331810 0.425781 0.330896 0.425130 0.329982 0.424479 0.329068 0.423828 0.329068 0.423177 0.329068 0.422526 0.328154 0.421875 0.327239 0.421224 0.326325 0.421224 0.325411 0.420573 0.324497 0.419922 0.323583 0.419271 0.322669 0.419271 0.321755 0.419922 0.320841 0.420573 0.319927 0.421224 0.319013 0.421875 0.319013 0.422526 0.319927 0.423177 0.320841 0.423828 0.320841 0.424479 0.321755 0.425130 0.321755 0.425781 0.321755 0.426432 0.321755 0.426432 0.320841 0.427083 0.319927 0.426432 0.319013 0.425781 0.318099 0.425130 0.317185 0.424479 0.316271 0.423828 0.315356 0.423177 0.316271 0.422526 0.315356 0.421875 0.315356 0.421224 0.314442 0.420573 0.314442 0.420573 0.315356 0.419922 0.316271 0.419271 0.317185 0.418620 0.317185 0.417969 0.316271 0.417318 0.316271 0.416667 0.315356 0.416016 0.314442 0.416016 0.313528 0.416016 0.312614 0.415365 0.311700 0.414714 0.311700
0 0.320964 0.298903 0.320964 0.299817 0.320312 0.300731 0.320964 0.301645 0.320964 0.302559 0.320964 0.303473 0.321615 0.303473 0.322266 0.303473 0.322917 0.304388 0.323568 0.304388 0.324219 0.305302 0.324870 0.306216 0.325521 0.307130 0.326172 0.308044 0.325521 0.308958 0.326172 0.309872 0.326172 0.310786 0.326172 0.311700 0.326172 0.312614 0.326172 0.313528 0.325521 0.314442 0.324870 0.315356 0.324219 0.316271 0.323568 0.316271 0.322917 0.317185 0.322266 0.317185 0.321615 0.318099 0.320964 0.317185 0.320312 0.317185 0.319661 0.318099 0.319010 0.319013 0.318359 0.319013 0.317708 0.319927 0.317057 0.319927 0.316406 0.319927 0.315755 0.320841 0.315104 0.320841 0.314453 0.321755 0.313802 0.321755 0.313151 0.321755 0.312500 0.322669 0.311849 0.321755 0.311198 0.321755 0.310547 0.322669 0.309896 0.321755 0.309245 0.322669 0.308594 0.321755 0.307943 0.320841 0.307943 0.319927 0.307292 0.319013 0.307943 0.318099 0.307943 0.317185 0.307292 0.316271 0.307292 0.315356 0.306641 0.314442 0.305990 0.313528 0.305339 0.313528 0.304688 0.312614 0.304036 0.312614 0.303385 0.311700 0.302734 0.312614 0.302083 0.312614 0.302083 0.313528 0.301432 0.314442 0.302083 0.315356 0.302083 0.316271 0.302734 0.317185 0.302734 0.318099 0.302734 0.319013 0.302734 0.319927 0.302083 0.320841 0.301432 0.321755 0.300781 0.322669 0.300130 0.322669 0.299479 0.322669 0.299479 0.323583 0.298828 0.324497 0.298828 0.325411 0.298177 0.326325 0.298828 0.327239 0.298177 0.328154 0.298828 0.329068 0.298828 0.329982 0.298828 0.330896 0.299479 0.331810 0.300130 0.332724 0.300781 0.333638 0.301432 0.334552 0.301432 0.335466 0.301432 0.336380 0.302083 0.337294 0.302083 0.338208 0.302734 0.337294 0.303385 0.338208 0.304036 0.338208 0.304688 0.338208 0.305339 0.338208 0.305990 0.338208 0.306641 0.338208 0.307292 0.338208 0.307943 0.338208 0.307943 0.337294 0.308594 0.336380 0.309245 0.335466 0.309896 0.336380 0.310547 0.337294 0.311198 0.338208 0.311849 0.339122 0.311849 0.340037 0.312500 0.340037 0.313151 0.339122 0.312500 0.338208 0.313151 0.337294 0.313802 0.336380 0.314453 0.336380 0.315104 0.336380 0.315755 0.337294 0.316406 0.336380 0.316406 0.335466 0.317057 0.334552 0.317708 0.333638 0.318359 0.332724 0.319010 0.332724 0.319661 0.333638 0.320312 0.334552 0.320964 0.335466 0.320964 0.336380 0.320312 0.337294 0.320964 0.338208 0.320312 0.339122 0.320312 0.340037 0.319661 0.340951 0.319010 0.341865 0.318359 0.341865 0.317708 0.342779 0.317057 0.342779 0.316406 0.343693 0.315755 0.344607 0.315104 0.345521 0.314453 0.345521 0.314453 0.346435 0.313802 0.347349 0.313151 0.348263 0.313151 0.349177 0.312500 0.350091 0.311849 0.351005 0.312500 0.351920 0.312500 0.352834 0.313151 0.353748 0.313802 0.354662 0.314453 0.354662 0.315104 0.353748 0.315755 0.353748 0.315755 0.352834 0.316406 0.351920 0.317057 0.351005 0.317708 0.350091 0.318359 0.349177 0.319010 0.349177 0.319661 0.348263 0.319661 0.347349 0.319661 0.346435 0.320312 0.345521 0.320312 0.344607 0.320312 0.343693 0.320312 0.342779 0.320312 0.341865 0.320964 0.340951 0.321615 0.340037 0.322266 0.339122 0.322917 0.338208 0.323568 0.337294 0.324219 0.336380 0.324870 0.335466 0.325521 0.335466 0.326172 0.335466 0.326823 0.335466 0.327474 0.334552 0.328125 0.335466 0.328776 0.335466 0.329427 0.334552 0.330078 0.334552 0.330078 0.333638 0.330729 0.332724 0.331380 0.331810 0.330729 0.330896 0.330729 0.329982 0.330729 0.329068 0.330729 0.328154 0.330078 0.328154 0.329427 0.329068 0.328776 0.328154 0.328125 0.328154 0.327474 0.327239 0.326823 0.328154 0.326172 0.329068 0.325521 0.328154 0.324870 0.328154 0.324219 0.328154 0.323568 0.328154 0.322917 0.328154 0.322266 0.329068 0.321615 0.329982 0.320964 0.329982 0.320312 0.329982 0.319661 0.329982 0.319010 0.329982 0.318359 0.330896 0.317708 0.330896 0.317057 0.331810 0.316406 0.331810 0.315755 0.332724 0.315104 0.332724 0.314453 0.333638 0.313802 0.334552 0.313151 0.335466 0.312500 0.335466 0.311849 0.336380 0.311198 0.336380 0.310547 0.336380 0.309896 0.335466 0.309245 0.335466 0.308594 0.334552 0.307943 0.334552 0.307292 0.334552 0.306641 0.334552 0.305990 0.333638 0.305339 0.333638 0.304688 0.333638 0.304036 0.332724 0.303385 0.331810 0.302734 0.330896 0.302734 0.329982 0.303385 0.329068 0.304036 0.328154 0.304688 0.329068 0.305339 0.329982 0.305990 0.330896 0.306641 0.329982 0.307292 0.329982 0.307943 0.330896 0.308594 0.330896 0.309245 0.329982 0.309896 0.329982 0.310547 0.329982 0.311198 0.329982 0.311849 0.329068 0.312500 0.329068 0.313151 0.328154 0.313802 0.327239 0.314453 0.326325 0.315104 0.326325 0.315755 0.325411 0.316406 0.325411 0.317057 0.324497 0.317708 0.324497 0.318359 0.323583 0.319010 0.322669 0.319661 0.321755 0.320312 0.321755 0.320964 0.320841 0.321615 0.319927 0.322266 0.319013 0.322917 0.319013 0.323568 0.319927 0.324219 0.320841 0.324870 0.321755 0.325521 0.322669 0.326172 0.322669 0.326823 0.321755 0.327474 0.320841 0.328125 0.319927 0.328776 0.319013 0.329427 0.318099 0.330078 0.319013 0.330729 0.318099 0.331380 0.319013 0.332031 0.318099 0.332682 0.319013 0.333333 0.319013 0.333984 0.319013 0.334635 0.319013 0.335286 0.319927 0.335938 0.320841 0.336589 0.320841 0.337240 0.321755 0.337891 0.320841 0.338542 0.320841 0.339193 0.321755 0.339844 0.321755 0.340495 0.322669 0.341146 0.323583 0.341797 0.324497 0.341146 0.325411 0.340495 0.326325 0.340495 0.327239 0.340495 0.328154 0.339844 0.329068 0.339193 0.329982 0.338542 0.329068 0.337891 0.329068 0.337240 0.329068 0.336589 0.329068 0.335938 0.328154 0.335286 0.328154 0.334635 0.328154 0.333984 0.327239 0.333333 0.326325 0.333984 0.327239 0.333333 0.328154 0.333984 0.329068 0.334635 0.329982 0.335286 0.330896 0.335286 0.331810 0.334635 0.332724 0.334635 0.333638 0.333984 0.334552 0.333984 0.335466 0.333984 0.336380 0.334635 0.336380 0.335286 0.335466 0.335938 0.335466 0.336589 0.335466 0.337240 0.334552 0.337891 0.333638 0.338542 0.332724 0.338542 0.331810 0.338542 0.330896 0.339193 0.329982 0.339844 0.329068 0.340495 0.329068 0.341146 0.329068 0.341797 0.328154 0.342448 0.328154 0.343099 0.327239 0.343750 0.326325 0.344401 0.325411 0.345052 0.325411 0.345703 0.325411 0.346354 0.325411 0.347005 0.325411 0.347656 0.325411 0.348307 0.325411 0.348958 0.324497 0.349609 0.325411 0.350260 0.325411 0.350911 0.324497 0.351562 0.325411 0.352214 0.325411 0.352865 0.325411 0.353516 0.325411 0.354167 0.325411 0.354818 0.325411 0.355469 0.326325 0.356120 0.327239 0.356771 0.326325 0.357422 0.325411 0.357422 0.324497 0.357422 0.323583 0.358073 0.322669 0.357422 0.321755 0.358073 0.320841 0.358724 0.319927 0.359375 0.319013 0.360026 0.319013 0.360677 0.319927 0.361328 0.319927 0.361979 0.319927 0.362630 0.319927 0.363281 0.319927 0.363932 0.320841 0.364583 0.320841 0.365234 0.320841 0.365885 0.320841 0.366536 0.321755 0.367188 0.320841 0.367839 0.320841 0.368490 0.321755 0.369141 0.321755 0.369792 0.321755 0.370443 0.321755 0.371094 0.322669 0.371745 0.323583 0.371094 0.324497 0.371745 0.325411 0.372396 0.324497 0.373047 0.324497 0.373698 0.324497 0.374349 0.323583 0.373698 0.322669 0.374349 0.321755 0.373698 0.321755 0.373047 0.321755 0.372396 0.321755 0.371745 0.321755 0.371094 0.321755 0.370443 0.320841 0.369792 0.320841 0.369141 0.319927 0.368490 0.319927 0.367839 0.319013 0.367188 0.319013 0.366536 0.318099 0.365885 0.317185 0.365234 0.317185 0.364583 0.316271 0.363932 0.315356 0.363281 0.314442 0.363281 0.313528 0.362630 0.312614 0.362630 0.311700 0.362630 0.310786 0.361979 0.309872 0.362630 0.308958 0.361979 0.308044 0.361328 0.307130 0.360677 0.307130 0.360026 0.307130 0.360026 0.308044 0.360026 0.308958 0.359375 0.309872 0.360026 0.310786 0.360026 0.311700 0.360026 0.312614 0.360026 0.313528 0.359375 0.314442 0.360026 0.315356 0.359375 0.316271 0.358724 0.317185 0.358073 0.317185 0.357422 0.318099 0.356771 0.317185 0.356120 0.316271 0.355469 0.315356 0.354818 0.314442 0.354818 0.313528 0.354818 0.312614 0.354167 0.311700 0.354167 0.310786 0.353516 0.310786 0.352865 0.310786 0.352214 0.311700 0.352214 0.312614 0.351562 0.313528 0.352214 0.314442 0.352865 0.315356 0.353516 0.316271 0.353516 0.317185 0.354167 0.317185 0.354818 0.318099 0.355469 0.318099 0.356120 0.318099 0.356771 0.319013 0.357422 0.319927 0.358073 0.320841 0.357422 0.321755 0.356771 0.322669 0.356120 0.322669 0.355469 0.323583 0.354818 0.324497 0.354167 0.324497 0.353516 0.323583 0.352865 0.322669 0.352214 0.323583 0.351562 0.322669 0.350911 0.322669 0.350260 0.323583 0.349609 0.324497 0.348958 0.324497 0.348307 0.325411 0.347656 0.324497 0.347005 0.323583 0.346354 0.322669 0.345703 0.321755 0.345052 0.320841 0.344401 0.319927 0.343750 0.319927 0.343099 0.319013 0.342448 0.319013 0.341797 0.319927 0.341146 0.319927 0.340495 0.319927 0.339844 0.319013 0.339193 0.319013 0.338542 0.319013 0.337891 0.318099 0.337240 0.318099 0.336589 0.317185 0.335938 0.316271 0.335286 0.315356 0.334635 0.314442 0.333984 0.313528 0.333333 0.313528 0.332682 0.312614 0.332031 0.311700 0.331380 0.310786 0.331380 0.309872 0.330729 0.308958 0.330729 0.308044 0.330729 0.307130 0.330078 0.306216 0.329427 0.305302 0.328776 0.304388 0.328125 0.304388 0.327474 0.303473 0.326823 0.302559 0.326172 0.302559 0.325521 0.301645 0.324870 0.300731 0.324219 0.300731 0.323568 0.299817 0.322917 0.298903 0.322266 0.298903 0.321615 0.298903
0 0.626302 0.287020 0.625651 0.287934 0.625000 0.287934 0.624349 0.288848 0.623698 0.289762 0.623047 0.289762 0.622396 0.290676 0.621745 0.289762 0.621745 0.290676 0.621094 0.291590 0.620443 0.292505 0.620443 0.293419 0.620443 0.294333 0.621094 0.295247 0.621094 0.296161 0.621094 0.297075 0.621745 0.297989 0.621745 0.298903 0.621094 0.299817 0.620443 0.300731 0.619792 0.300731 0.619141 0.301645 0.618490 0.302559 0.617839 0.301645 0.617188 0.300731 0.617188 0.299817 0.617188 0.298903 0.616536 0.297989 0.616536 0.297075 0.615885 0.297075 0.615234 0.297075 0.614583 0.297989 0.613932 0.297075 0.613932 0.297989 0.613281 0.298903 0.613281 0.299817 0.613932 0.299817 0.614583 0.300731 0.615234 0.301645 0.615885 0.302559 0.615234 0.303473 0.615885 0.304388 0.616536 0.305302 0.616536 0.306216 0.617188 0.305302 0.617839 0.306216 0.618490 0.307130 0.618490 0.308044 0.619141 0.308958 0.619141 0.309872 0.619141 0.310786 0.619792 0.311700 0.620443 0.312614 0.620443 0.313528 0.621094 0.314442 0.621745 0.315356 0.621094 0.316271 0.621745 0.317185 0.621094 0.318099 0.620443 0.319013 0.619792 0.318099 0.619141 0.319013 0.618490 0.318099 0.619141 0.319013 0.618490 0.319927 0.618490 0.320841 0.618490 0.321755 0.619141 0.321755 0.619792 0.322669 0.620443 0.323583 0.621094 0.324497 0.620443 0.325411 0.619792 0.326325 0.619792 0.327239 0.619141 0.328154 0.619792 0.329068 0.620443 0.329982 0.621094 0.330896 0.621745 0.331810 0.621094 0.332724 0.621745 0.333638 0.621745 0.334552 0.622396 0.335466 0.622396 0.336380 0.623047 0.337294 0.623698 0.338208 0.624349 0.338208 0.625000 0.339122 0.625651 0.340037 0.625000 0.340951 0.625651 0.341865 0.626302 0.342779 0.626302 0.343693 0.626953 0.344607 0.626953 0.345521 0.627604 0.346435 0.626953 0.347349 0.627604 0.348263 0.626953 0.349177 0.626953 0.350091 0.626953 0.351005 0.626953 0.351920 0.626302 0.352834 0.626953 0.353748 0.626953 0.354662 0.626302 0.355576 0.626953 0.356490 0.627604 0.357404 0.627604 0.358318 0.626953 0.359232 0.627604 0.360146 0.627604 0.361060 0.626953 0.361974 0.626953 0.362888 0.627604 0.363803 0.626953 0.364717 0.626953 0.365631 0.626302 0.366545 0.626302 0.367459 0.625651 0.368373 0.625000 0.369287 0.624349 0.369287 0.623698 0.368373 0.623047 0.367459 0.623047 0.366545 0.623047 0.365631 0.623047 0.364717 0.623047 0.363803 0.623047 0.362888 0.623047 0.361974 0.623047 0.361060 0.623698 0.360146 0.623047 0.360146 0.622396 0.360146 0.622396 0.361060 0.621745 0.361974 0.621745 0.362888 0.621094 0.363803 0.620443 0.364717 0.619792 0.363803 0.619141 0.363803 0.618490 0.363803 0.617839 0.362888 0.617188 0.361974 0.616536 0.361060 0.616536 0.360146 0.615885 0.360146 0.615234 0.359232 0.614583 0.358318 0.613932 0.357404 0.613281 0.356490 0.612630 0.355576 0.611979 0.354662 0.611328 0.353748 0.611328 0.352834 0.610677 0.351920 0.610677 0.351005 0.611328 0.350091 0.611328 0.349177 0.611328 0.348263 0.611328 0.347349 0.611328 0.346435 0.611328 0.345521 0.610677 0.344607 0.611328 0.343693 0.610677 0.342779 0.611328 0.341865 0.611328 0.340951 0.611979 0.340037 0.612630 0.339122 0.613281 0.338208 0.613932 0.338208 0.613932 0.337294 0.613932 0.336380 0.614583 0.335466 0.614583 0.334552 0.613932 0.334552 0.613281 0.333638 0.612630 0.333638 0.611979 0.333638 0.611328 0.334552 0.610677 0.333638 0.610026 0.333638 0.609375 0.334552 0.610026 0.335466 0.609375 0.336380 0.608724 0.337294 0.608073 0.338208 0.607422 0.339122 0.607422 0.340037 0.606771 0.340951 0.606120 0.341865 0.606120 0.342779 0.606120 0.343693 0.605469 0.344607 0.606120 0.345521 0.606120 0.346435 0.606771 0.347349 0.607422 0.348263 0.606771 0.349177 0.607422 0.350091 0.607422 0.351005 0.607422 0.351920 0.607422 0.352834 0.608073 0.353748 0.608073 0.354662 0.608724 0.355576 0.608724 0.356490 0.608724 0.357404 0.609375 0.358318 0.610026 0.359232 0.610677 0.360146 0.611328 0.360146 0.611979 0.361060 0.612630 0.361974 0.613281 0.361974 0.613932 0.362888 0.614583 0.363803 0.615234 0.363803 0.615885 0.364717 0.616536 0.365631 0.617188 0.366545 0.617188 0.367459 0.617839 0.368373 0.617839 0.369287 0.618490 0.370201 0.618490 0.371115 0.618490 0.372029 0.619141 0.372943 0.619792 0.373857 0.619141 0.374771 0.619792 0.375686 0.619792 0.376600 0.619792 0.377514 0.619141 0.378428 0.619792 0.379342 0.619141 0.380256 0.619141 0.381170 0.619141 0.382084 0.619792 0.382998 0.619141 0.383912 0.619141 0.384826 0.619141 0.385740 0.619141 0.386654 0.619141 0.387569 0.619792 0.388483 0.620443 0.389397 0.620443 0.390311 0.620443 0.391225 0.621094 0.392139 0.621745 0.393053 0.621745 0.393967 0.621745 0.394881 0.622396 0.395795 0.622396 0.396709 0.623047 0.397623 0.623698 0.398537 0.623047 0.399452 0.623047 0.400366 0.622396 0.401280 0.622396 0.402194 0.622396 0.403108 0.623047 0.403108 0.623698 0.404022 0.624349 0.404022 0.625000 0.404936 0.625651 0.404022 0.625000 0.403108 0.625651 0.402194 0.626302 0.401280 0.626953 0.401280 0.627604 0.401280 0.628255 0.402194 0.628906 0.403108 0.629557 0.404022 0.628906 0.404936 0.628255 0.405850 0.627604 0.405850 0.627604 0.406764 0.627604 0.407678 0.626953 0.408592 0.626302 0.409506 0.625651 0.410420 0.625000 0.411335 0.624349 0.411335 0.623698 0.412249 0.623047 0.412249 0.622396 0.413163 0.622396 0.414077 0.622396 0.414991 0.623047 0.415905 0.623047 0.416819 0.623698 0.417733 0.624349 0.418647 0.625000 0.419561 0.625000 0.420475 0.625651 0.421389 0.626302 0.420475 0.626953 0.421389 0.627604 0.422303 0.627604 0.423218 0.628255 0.424132 0.628255 0.425046 0.627604 0.425960 0.627604 0.426874 0.626953 0.427788 0.626302 0.428702 0.626953 0.429616 0.626302 0.430530 0.626302 0.431444 0.625651 0.432358 0.626302 0.433272 0.626302 0.434186 0.626302 0.435101 0.626302 0.436015 0.625651 0.436929 0.625651 0.437843 0.625651 0.438757 0.625000 0.439671 0.624349 0.440585 0.623698 0.441499 0.623698 0.442413 0.623047 0.443327 0.622396 0.444241 0.621745 0.444241 0.621094 0.443327 0.620443 0.442413 0.620443 0.441499 0.619792 0.440585 0.619141 0.440585 0.619792 0.441499 0.619141 0.442413 0.618490 0.443327 0.618490 0.444241 0.618490 0.445155 0.619141 0.446069 0.619141 0.446984 0.619792 0.447898 0.620443 0.447898 0.621094 0.448812 0.621745 0.449726 0.622396 0.450640 0.622396 0.451554 0.623047 0.451554 0.623698 0.450640 0.623698 0.449726 0.624349 0.448812 0.624349 0.447898 0.625000 0.446984 0.625651 0.446069 0.626302 0.445155 0.626302 0.444241 0.626953 0.443327 0.627604 0.442413 0.626953 0.441499 0.626953 0.440585 0.627604 0.439671 0.627604 0.438757 0.628255 0.437843 0.628906 0.436929 0.628906 0.436015 0.628906 0.435101 0.629557 0.434186 0.629557 0.433272 0.630208 0.432358 0.630208 0.431444 0.630859 0.430530 0.630859 0.429616 0.630859 0.428702 0.630859 0.427788 0.631510 0.426874 0.630859 0.425960 0.631510 0.425046 0.632161 0.424132 0.632161 0.423218 0.632161 0.422303 0.632812 0.421389 0.633464 0.420475 0.634115 0.419561 0.634766 0.420475 0.635417 0.420475 0.636068 0.421389 0.636719 0.421389 0.637370 0.420475 0.638021 0.419561 0.637370 0.418647 0.637370 0.417733 0.638021 0.416819 0.638672 0.415905 0.639323 0.415905 0.639974 0.415905 0.640625 0.414991 0.641276 0.415905 0.641927 0.416819 0.642578 0.417733 0.643229 0.417733 0.643880 0.416819 0.644531 0.415905 0.645182 0.415905 0.645833 0.414991 0.646484 0.414991 0.647135 0.414991 0.647786 0.414991 0.648438 0.414077 0.649089 0.414991 0.649740 0.414991 0.650391 0.415905 0.651042 0.416819 0.651693 0.417733 0.652344 0.416819 0.652995 0.415905 0.652995 0.414991 0.653646 0.414077 0.654297 0.413163 0.654297 0.412249 0.654297 0.411335 0.654297 0.410420 0.654948 0.409506 0.655599 0.408592 0.656250 0.407678 0.656250 0.406764 0.656901 0.405850 0.656250 0.406764 0.655599 0.405850 0.654948 0.404936 0.654297 0.404022 0.653646 0.404936 0.652995 0.404936 0.652344 0.405850 0.651693 0.405850 0.651042 0.406764 0.650391 0.407678 0.650391 0.408592 0.649740 0.409506 0.649740 0.410420 0.649089 0.411335 0.648438 0.412249 0.647786 0.412249 0.647135 0.413163 0.646484 0.413163 0.645833 0.413163 0.645182 0.412249 0.644531 0.411335 0.645182 0.410420 0.645182 0.409506 0.645182 0.408592 0.644531 0.407678 0.645182 0.406764 0.644531 0.405850 0.643880 0.404936 0.644531 0.404022 0.645182 0.403108 0.645833 0.403108 0.646484 0.403108 0.647135 0.403108 0.647135 0.402194 0.647786 0.401280 0.647786 0.400366 0.647786 0.399452 0.647786 0.398537 0.647786 0.397623 0.647135 0.396709 0.647135 0.395795 0.647135 0.394881 0.647786 0.393967 0.647135 0.393053 0.647135 0.392139 0.647135 0.391225 0.647135 0.390311 0.647786 0.389397 0.648438 0.388483 0.649089 0.389397 0.649740 0.388483 0.650391 0.388483 0.650391 0.387569 0.651042 0.386654 0.651693 0.385740 0.651693 0.384826 0.651693 0.383912 0.651693 0.382998 0.651042 0.382084 0.650391 0.381170 0.650391 0.380256 0.649740 0.379342 0.650391 0.378428 0.650391 0.377514 0.651042 0.376600 0.651693 0.375686 0.652344 0.374771 0.652995 0.375686 0.653646 0.376600 0.652995 0.377514 0.652995 0.378428 0.653646 0.379342 0.653646 0.380256 0.654297 0.379342 0.654948 0.378428 0.655599 0.377514 0.656250 0.377514 0.656901 0.377514 0.657552 0.376600 0.658203 0.375686 0.658854 0.374771 0.659505 0.373857 0.660156 0.373857 0.660807 0.373857 0.661458 0.372943 0.662109 0.373857 0.662109 0.372943 0.662109 0.372029 0.662760 0.371115 0.662109 0.370201 0.661458 0.369287 0.661458 0.368373 0.662109 0.367459 0.662109 0.366545 0.662760 0.365631 0.662760 0.364717 0.663411 0.363803 0.662760 0.362888 0.663411 0.361974 0.663411 0.361060 0.664062 0.360146 0.664062 0.359232 0.664062 0.358318 0.664062 0.357404 0.664062 0.356490 0.664714 0.355576 0.664062 0.354662 0.664714 0.353748 0.664714 0.352834 0.665365 0.351920 0.664714 0.351005 0.665365 0.350091 0.666016 0.349177 0.666016 0.348263 0.665365 0.348263 0.664714 0.347349 0.664062 0.347349 0.663411 0.346435 0.662760 0.345521 0.662109 0.344607 0.662760 0.343693 0.662109 0.342779 0.661458 0.341865 0.662109 0.340951 0.662109 0.340037 0.662109 0.339122 0.661458 0.338208 0.661458 0.337294 0.662109 0.336380 0.662109 0.335466 0.662109 0.334552 0.662109 0.333638 0.662760 0.332724 0.662109 0.331810 0.662760 0.330896 0.662760 0.329982 0.662760 0.329068 0.662109 0.329068 0.661458 0.328154 0.661458 0.329068 0.661458 0.329982 0.661458 0.330896 0.661458 0.331810 0.660807 0.332724 0.660156 0.333638 0.659505 0.334552 0.659505 0.335466 0.658854 0.336380 0.658203 0.337294 0.657552 0.338208 0.656901 0.338208 0.656250 0.337294 0.655599 0.336380 0.655599 0.335466 0.654948 0.334552 0.654297 0.335466 0.653646 0.336380 0.652995 0.337294 0.653646 0.338208 0.653646 0.339122 0.653646 0.340037 0.653646 0.340951 0.654297 0.341865 0.654948 0.342779 0.655599 0.343693 0.656250 0.344607 0.656250 0.345521 0.656250 0.346435 0.656250 0.347349 0.656901 0.348263 0.656250 0.349177 0.656250 0.350091 0.655599 0.351005 0.655599 0.351920 0.654948 0.352834 0.655599 0.353748 0.654948 0.354662 0.654948 0.355576 0.654297 0.356490 0.654297 0.357404 0.654297 0.358318 0.654297 0.359232 0.654297 0.360146 0.654297 0.361060 0.654948 0.361974 0.655599 0.362888 0.655599 0.361974 0.656250 0.361060 0.656250 0.360146 0.656250 0.359232 0.656901 0.358318 0.656901 0.357404 0.656901 0.356490 0.656250 0.355576 0.656901 0.354662 0.656901 0.353748 0.656901 0.352834 0.656901 0.351920 0.657552 0.351005 0.657552 0.350091 0.658203 0.349177 0.657552 0.348263 0.658203 0.347349 0.658854 0.346435 0.659505 0.345521 0.660156 0.346435 0.660807 0.347349 0.660807 0.348263 0.661458 0.349177 0.661458 0.350091 0.661458 0.351005 0.662109 0.351920 0.661458 0.352834 0.662109 0.353748 0.661458 0.354662 0.661458 0.355576 0.661458 0.356490 0.661458 0.357404 0.661458 0.358318 0.660807 0.359232 0.660807 0.360146 0.660807 0.361060 0.660156 0.361974 0.660156 0.362888 0.660156 0.363803 0.659505 0.364717 0.659505 0.365631 0.658854 0.366545 0.658203 0.367459 0.657552 0.368373 0.656901 0.368373 0.656250 0.368373 0.655599 0.369287 0.654948 0.369287 0.654948 0.370201 0.654297 0.371115 0.653646 0.372029 0.652995 0.372943 0.652344 0.373857 0.651693 0.374771 0.651042 0.373857 0.650391 0.372943 0.650391 0.372029 0.650391 0.371115 0.649740 0.372029 0.649089 0.372943 0.649740 0.373857 0.649089 0.374771 0.648438 0.375686 0.647786 0.376600 0.647135 0.376600 0.646484 0.375686 0.645833 0.374771 0.645833 0.373857 0.645182 0.372943 0.644531 0.373857 0.645182 0.374771 0.645182 0.375686 0.644531 0.376600 0.645182 0.377514 0.644531 0.378428 0.643880 0.379342 0.643229 0.379342 0.642578 0.378428 0.641927 0.377514 0.641276 0.376600 0.641276 0.375686 0.640625 0.374771 0.639974 0.374771 0.639323 0.374771 0.638672 0.375686 0.639323 0.376600 0.638672 0.377514 0.638672 0.378428 0.638672 0.379342 0.638672 0.380256 0.639323 0.381170 0.639974 0.382084 0.639974 0.382998 0.640625 0.382998 0.641276 0.383912 0.641927 0.384826 0.641927 0.385740 0.641927 0.386654 0.642578 0.387569 0.642578 0.388483 0.641927 0.389397 0.641927 0.390311 0.641927 0.391225 0.641276 0.392139 0.640625 0.393053 0.639974 0.393967 0.639974 0.394881 0.639323 0.395795 0.638672 0.396709 0.638672 0.397623 0.638021 0.398537 0.637370 0.399452 0.637370 0.400366 0.636719 0.401280 0.636068 0.402194 0.635417 0.403108 0.635417 0.404022 0.635417 0.404936 0.636068 0.404022 0.636719 0.404022 0.637370 0.404022 0.638021 0.403108 0.638672 0.402194 0.638672 0.401280 0.639323 0.400366 0.639974 0.399452 0.640625 0.398537 0.641276 0.397623 0.641927 0.396709 0.641927 0.395795 0.642578 0.394881 0.643229 0.393967 0.643880 0.394881 0.644531 0.395795 0.644531 0.396709 0.644531 0.397623 0.644531 0.398537 0.644531 0.399452 0.644531 0.400366 0.644531 0.401280 0.644531 0.402194 0.645182 0.403108 0.644531 0.404022 0.643880 0.404936 0.643229 0.404936 0.642578 0.405850 0.641927 0.405850 0.641276 0.406764 0.640625 0.407678 0.640625 0.408592 0.640625 0.409506 0.639974 0.410420 0.639323 0.411335 0.638672 0.412249 0.638021 0.413163 0.637370 0.412249 0.636719 0.412249 0.636068 0.412249 0.635417 0.411335 0.634766 0.410420 0.634115 0.411335 0.633464 0.412249 0.634115 0.413163 0.633464 0.414077 0.634115 0.414991 0.634766 0.414077 0.635417 0.414077 0.636068 0.413163 0.636719 0.414077 0.637370 0.414991 0.638021 0.415905 0.637370 0.416819 0.636719 0.417733 0.636068 0.416819 0.635417 0.417733 0.634766 0.417733 0.634115 0.418647 0.634115 0.419561 0.633464 0.420475 0.632812 0.421389 0.632161 0.422303 0.631510 0.422303 0.630859 0.421389 0.630208 0.421389 0.629557 0.420475 0.628906 0.419561 0.628906 0.418647 0.628906 0.417733 0.629557 0.416819 0.629557 0.415905 0.629557 0.414991 0.629557 0.414077 0.629557 0.413163 0.630208 0.412249 0.630208 0.411335 0.630208 0.410420 0.630208 0.409506 0.629557 0.408592 0.630208 0.407678 0.630208 0.406764 0.630208 0.405850 0.630208 0.404936 0.630208 0.404022 0.629557 0.403108 0.630208 0.402194 0.629557 0.402194 0.628906 0.401280 0.628255 0.400366 0.627604 0.399452 0.627604 0.398537 0.626953 0.397623 0.626953 0.396709 0.626302 0.395795 0.626302 0.394881 0.625651 0.393967 0.625651 0.393053 0.625000 0.392139 0.625000 0.391225 0.624349 0.390311 0.624349 0.389397 0.624349 0.388483 0.624349 0.387569 0.624349 0.386654 0.624349 0.385740 0.624349 0.384826 0.624349 0.383912 0.624349 0.382998 0.625000 0.382084 0.625000 0.381170 0.625000 0.380256 0.625651 0.379342 0.625651 0.378428 0.625651 0.377514 0.626302 0.376600 0.626953 0.375686 0.627604 0.375686 0.628255 0.374771 0.628906 0.374771 0.629557 0.373857 0.630208 0.372943 0.630859 0.372029 0.630859 0.371115 0.631510 0.370201 0.631510 0.369287 0.632161 0.368373 0.632812 0.367459 0.632812 0.366545 0.633464 0.365631 0.632812 0.364717 0.633464 0.363803 0.633464 0.362888 0.632812 0.361974 0.632161 0.361060 0.631510 0.361974 0.630859 0.361060 0.630208 0.360146 0.629557 0.359232 0.628906 0.358318 0.628906 0.357404 0.629557 0.356490 0.630208 0.355576 0.630208 0.354662 0.630859 0.353748 0.631510 0.352834 0.631510 0.351920 0.632161 0.351005 0.632812 0.350091 0.633464 0.349177 0.632812 0.348263 0.633464 0.347349 0.633464 0.346435 0.633464 0.345521 0.634115 0.344607 0.634115 0.343693 0.634766 0.342779 0.634115 0.341865 0.634115 0.340951 0.633464 0.340037 0.632812 0.339122 0.632812 0.338208 0.632161 0.337294 0.632161 0.336380 0.631510 0.336380 0.630859 0.335466 0.630208 0.334552 0.630859 0.333638 0.631510 0.332724 0.631510 0.331810 0.632161 0.330896 0.632161 0.329982 0.632812 0.329068 0.632812 0.328154 0.632812 0.327239 0.632812 0.326325 0.632812 0.325411 0.632812 0.324497 0.632812 0.323583 0.632161 0.322669 0.632161 0.321755 0.631510 0.321755 0.630859 0.321755 0.630208 0.320841 0.630208 0.321755 0.629557 0.322669 0.630208 0.323583 0.630208 0.324497 0.630208 0.325411 0.629557 0.326325 0.628906 0.327239 0.628906 0.328154 0.628255 0.329068 0.628906 0.329982 0.628906 0.330896 0.629557 0.331810 0.629557 0.332724 0.630208 0.333638 0.629557 0.334552 0.629557 0.335466 0.628906 0.336380 0.628255 0.337294 0.627604 0.338208 0.626953 0.338208 0.626302 0.337294 0.625651 0.336380 0.625651 0.335466 0.625000 0.334552 0.625000 0.333638 0.625000 0.332724 0.625000 0.331810 0.625651 0.330896 0.625000 0.329982 0.625651 0.329068 0.625000 0.328154 0.624349 0.327239 0.623698 0.326325 0.624349 0.325411 0.623698 0.324497 0.623698 0.323583 0.623698 0.322669 0.623698 0.321755 0.623698 0.320841 0.624349 0.319927 0.625000 0.319013 0.625651 0.319013 0.626302 0.319013 0.626953 0.319013 0.626953 0.318099 0.626953 0.317185 0.626302 0.316271 0.626302 0.315356 0.626302 0.314442 0.625651 0.313528 0.625651 0.312614 0.625000 0.311700 0.625000 0.310786 0.624349 0.310786 0.623698 0.309872 0.623047 0.308958 0.623698 0.308044 0.623047 0.307130 0.623047 0.306216 0.623698 0.305302 0.623698 0.304388 0.624349 0.303473 0.624349 0.302559 0.625000 0.301645 0.625651 0.300731 0.625651 0.299817 0.625651 0.298903 0.626302 0.297989 0.626302 0.297075 0.626953 0.296161 0.627604 0.295247 0.628255 0.294333 0.628255 0.293419 0.628255 0.292505 0.628255 0.291590 0.627604 0.290676 0.627604 0.289762 0.627604 0.288848 0.627604 0.287934 0.626953 0.287020
0 0.665365 0.279707 0.665365 0.280622 0.666016 0.281536 0.665365 0.282450 0.665365 0.283364 0.665365 0.284278 0.665365 0.285192 0.665365 0.286106 0.666016 0.287020 0.666667 0.287934 0.666016 0.288848 0.666016 0.289762 0.666016 0.290676 0.666016 0.291590 0.666016 0.292505 0.666016 0.293419 0.666667 0.294333 0.666667 0.295247 0.666667 0.296161 0.667318 0.297075 0.667318 0.297989 0.667969 0.298903 0.668620 0.299817 0.669271 0.299817 0.669922 0.300731 0.670573 0.301645 0.670573 0.302559 0.670573 0.303473 0.671224 0.304388 0.671224 0.305302 0.670573 0.306216 0.669922 0.307130 0.669922 0.308044 0.669922 0.308958 0.669922 0.309872 0.669922 0.310786 0.669922 0.311700 0.669922 0.312614 0.669271 0.313528 0.668620 0.314442 0.667969 0.315356 0.667969 0.316271 0.667969 0.317185 0.667318 0.318099 0.667318 0.319013 0.666667 0.319927 0.666667 0.320841 0.666016 0.321755 0.666667 0.322669 0.666667 0.323583 0.666667 0.324497 0.666016 0.325411 0.666016 0.326325 0.666016 0.327239 0.665365 0.328154 0.666016 0.329068 0.665365 0.329982 0.666016 0.330896 0.666667 0.331810 0.666667 0.332724 0.666016 0.333638 0.666016 0.334552 0.665365 0.335466 0.666016 0.336380 0.665365 0.337294 0.665365 0.338208 0.664714 0.339122 0.664714 0.340037 0.664714 0.340951 0.665365 0.341865 0.665365 0.342779 0.666016 0.343693 0.666016 0.342779 0.666667 0.341865 0.666667 0.340951 0.667318 0.340037 0.667318 0.339122 0.667969 0.338208 0.668620 0.337294 0.669271 0.337294 0.669922 0.336380 0.669922 0.335466 0.669922 0.334552 0.670573 0.333638 0.671224 0.332724 0.671875 0.332724 0.672526 0.332724 0.673177 0.331810 0.673828 0.331810 0.674479 0.332724 0.675130 0.332724 0.675781 0.332724 0.676432 0.332724 0.677083 0.332724 0.677734 0.332724 0.678385 0.331810 0.677734 0.330896 0.677083 0.329982 0.677734 0.329068 0.678385 0.328154 0.678385 0.327239 0.679036 0.326325 0.679688 0.325411 0.679036 0.324497 0.678385 0.323583 0.678385 0.322669 0.677734 0.321755 0.677734 0.320841 0.677734 0.319927 0.677083 0.319013 0.677083 0.318099 0.677734 0.317185 0.677734 0.316271 0.678385 0.315356 0.679036 0.314442 0.679688 0.313528 0.679688 0.312614 0.679688 0.311700 0.679036 0.310786 0.679036 0.309872 0.679688 0.308958 0.679688 0.308044 0.680339 0.307130 0.680990 0.306216 0.680339 0.305302 0.680339 0.304388 0.679688 0.304388 0.679036 0.305302 0.679036 0.306216 0.678385 0.307130 0.679036 0.308044 0.679036 0.308958 0.679036 0.309872 0.679036 0.310786 0.678385 0.311700 0.677734 0.312614 0.677083 0.313528 0.676432 0.314442 0.675781 0.315356 0.676432 0.316271 0.677083 0.317185 0.676432 0.318099 0.675781 0.319013 0.675130 0.319927 0.674479 0.319013 0.673828 0.319927 0.673177 0.320841 0.672526 0.320841 0.672526 0.321755 0.672526 0.322669 0.672526 0.323583 0.671875 0.324497 0.671224 0.325411 0.670573 0.324497 0.669922 0.323583 0.669922 0.322669 0.669922 0.321755 0.670573 0.320841 0.669922 0.319927 0.669922 0.319013 0.670573 0.318099 0.670573 0.317185 0.670573 0.316271 0.671224 0.315356 0.671224 0.314442 0.671224 0.313528 0.671875 0.312614 0.671875 0.311700 0.672526 0.310786 0.672526 0.309872 0.673177 0.308958 0.673828 0.308044 0.674479 0.307130 0.675130 0.306216 0.675130 0.305302 0.675781 0.304388 0.675781 0.303473 0.675781 0.302559 0.675781 0.301645 0.675130 0.301645 0.674479 0.301645 0.673828 0.300731 0.673177 0.299817 0.672526 0.298903 0.672526 0.297989 0.672526 0.297075 0.672526 0.296161 0.673177 0.295247 0.672526 0.295247 0.671875 0.294333 0.671224 0.293419 0.670573 0.292505 0.669922 0.291590 0.669271 0.290676 0.668620 0.289762 0.667969 0.288848 0.668620 0.287934 0.667969 0.287020 0.667318 0.286106 0.667318 0.285192 0.667318 0.284278 0.667318 0.283364 0.667318 0.282450 0.667318 0.281536 0.666667 0.280622 0.667318 0.279707 0.666667 0.279707 0.666016 0.279707
0 0.603516 0.267824 0.602865 0.268739 0.602214 0.268739 0.601562 0.268739 0.600911 0.269653 0.601562 0.270567 0.600911 0.271481 0.600911 0.272395 0.600260 0.273309 0.599609 0.274223 0.598958 0.274223 0.599609 0.275137 0.598958 0.276051 0.598307 0.276965 0.597656 0.276965 0.597005 0.276965 0.597005 0.277879 0.597656 0.278793 0.597005 0.279707 0.597005 0.280622 0.597005 0.281536 0.597005 0.282450 0.596354 0.283364 0.597005 0.284278 0.596354 0.285192 0.595703 0.286106 0.595052 0.286106 0.595052 0.287020 0.594401 0.287934 0.593750 0.288848 0.593099 0.288848 0.592448 0.289762 0.591797 0.289762 0.591146 0.290676 0.590495 0.291590 0.589844 0.292505 0.589193 0.293419 0.589193 0.294333 0.588542 0.295247 0.588542 0.296161 0.587891 0.297075 0.587240 0.297989 0.587891 0.298903 0.587240 0.299817 0.586589 0.300731 0.585938 0.301645 0.585286 0.302559 0.585286 0.303473 0.585938 0.304388 0.585286 0.305302 0.585286 0.306216 0.585938 0.307130 0.585286 0.308044 0.585938 0.308958 0.585286 0.309872 0.585286 0.310786 0.585938 0.311700 0.585286 0.312614 0.585286 0.313528 0.584635 0.314442 0.583984 0.315356 0.583333 0.315356 0.583333 0.316271 0.582682 0.317185 0.582682 0.318099 0.583333 0.319013 0.583984 0.319927 0.584635 0.320841 0.584635 0.321755 0.583984 0.322669 0.583984 0.323583 0.583333 0.324497 0.582682 0.325411 0.583333 0.326325 0.582682 0.327239 0.582031 0.328154 0.581380 0.328154 0.580729 0.328154 0.580078 0.327239 0.579427 0.327239 0.579427 0.328154 0.578776 0.329068 0.578776 0.329982 0.578125 0.330896 0.578776 0.331810 0.579427 0.331810 0.580078 0.332724 0.580729 0.333638 0.581380 0.334552 0.582031 0.335466 0.581380 0.336380 0.580729 0.337294 0.580729 0.338208 0.580078 0.339122 0.579427 0.340037 0.578776 0.340951 0.578125 0.340951 0.577474 0.340951 0.576823 0.341865 0.576172 0.340951 0.575521 0.340037 0.574870 0.339122 0.574870 0.338208 0.575521 0.337294 0.575521 0.336380 0.575521 0.335466 0.576172 0.334552 0.575521 0.335466 0.574870 0.335466 0.574219 0.335466 0.574219 0.336380 0.574219 0.337294 0.574219 0.338208 0.573568 0.339122 0.573568 0.340037 0.572917 0.340951 0.572266 0.341865 0.571615 0.341865 0.570964 0.342779 0.570312 0.342779 0.569661 0.342779 0.569661 0.343693 0.570312 0.344607 0.570312 0.345521 0.570312 0.346435 0.570312 0.347349 0.570964 0.348263 0.570312 0.349177 0.569661 0.350091 0.569661 0.351005 0.569661 0.351920 0.569010 0.352834 0.569010 0.353748 0.568359 0.354662 0.568359 0.355576 0.567708 0.356490 0.568359 0.357404 0.568359 0.358318 0.567708 0.359232 0.567057 0.360146 0.566406 0.360146 0.565755 0.360146 0.565104 0.360146 0.564453 0.360146 0.563802 0.360146 0.563151 0.361060 0.563151 0.361974 0.562500 0.362888 0.562500 0.363803 0.562500 0.364717 0.562500 0.365631 0.561849 0.366545 0.561849 0.367459 0.562500 0.368373 0.562500 0.369287 0.562500 0.370201 0.561849 0.371115 0.561849 0.372029 0.562500 0.372943 0.561849 0.373857 0.561849 0.374771 0.561849 0.375686 0.561849 0.376600 0.561849 0.377514 0.561849 0.378428 0.562500 0.379342 0.561849 0.380256 0.562500 0.381170 0.561849 0.382084 0.561849 0.382998 0.561198 0.383912 0.561849 0.384826 0.561198 0.385740 0.561198 0.386654 0.560547 0.387569 0.560547 0.388483 0.561198 0.389397 0.560547 0.390311 0.561198 0.389397 0.561849 0.390311 0.562500 0.390311 0.563151 0.389397 0.563802 0.389397 0.564453 0.389397 0.565104 0.388483 0.565755 0.387569 0.566406 0.386654 0.565755 0.385740 0.565755 0.384826 0.565755 0.383912 0.566406 0.382998 0.567057 0.382084 0.567057 0.381170 0.567708 0.380256 0.568359 0.379342 0.568359 0.378428 0.569010 0.377514 0.569010 0.376600 0.569661 0.375686 0.569661 0.374771 0.570312 0.373857 0.570312 0.372943 0.570964 0.372029 0.571615 0.371115 0.572266 0.370201 0.572917 0.370201 0.573568 0.369287 0.573568 0.368373 0.572917 0.367459 0.572917 0.366545 0.573568 0.365631 0.572917 0.364717 0.572917 0.363803 0.573568 0.362888 0.574219 0.361974 0.574870 0.361060 0.575521 0.360146 0.576172 0.360146 0.576823 0.359232 0.576172 0.358318 0.576823 0.357404 0.576172 0.356490 0.576172 0.355576 0.576172 0.354662 0.576823 0.353748 0.576823 0.352834 0.577474 0.351920 0.576823 0.351005 0.576823 0.350091 0.576823 0.349177 0.576823 0.348263 0.577474 0.347349 0.578125 0.346435 0.578125 0.345521 0.578125 0.344607 0.578776 0.343693 0.579427 0.342779 0.580078 0.341865 0.580729 0.340951 0.580729 0.340037 0.581380 0.339122 0.582031 0.338208 0.582682 0.338208 0.583333 0.337294 0.583984 0.337294 0.584635 0.337294 0.585286 0.337294 0.585938 0.336380 0.586589 0.336380 0.587240 0.336380 0.587891 0.336380 0.588542 0.336380 0.589193 0.336380 0.589844 0.335466 0.590495 0.336380 0.591146 0.337294 0.590495 0.336380 0.590495 0.335466 0.590495 0.334552 0.590495 0.333638 0.590495 0.332724 0.589844 0.331810 0.589193 0.331810 0.588542 0.330896 0.587891 0.329982 0.587891 0.329068 0.587240 0.328154 0.587240 0.327239 0.587891 0.326325 0.588542 0.325411 0.588542 0.324497 0.588542 0.323583 0.588542 0.322669 0.587891 0.321755 0.587891 0.320841 0.588542 0.319927 0.588542 0.319013 0.589193 0.318099 0.589844 0.317185 0.590495 0.317185 0.591146 0.316271 0.591146 0.315356 0.591146 0.314442 0.591146 0.313528 0.590495 0.312614 0.589844 0.313528 0.589193 0.313528 0.588542 0.312614 0.587891 0.311700 0.588542 0.310786 0.588542 0.309872 0.589193 0.308958 0.589844 0.308044 0.590495 0.307130 0.591146 0.307130 0.591797 0.306216 0.591797 0.305302 0.591797 0.304388 0.591797 0.303473 0.591797 0.302559 0.592448 0.301645 0.592448 0.300731 0.593099 0.299817 0.593750 0.298903 0.594401 0.297989 0.595052 0.297075 0.595703 0.297075 0.596354 0.296161 0.597005 0.296161 0.597656 0.295247 0.598307 0.296161 0.598958 0.295247 0.599609 0.295247 0.600260 0.294333 0.600260 0.293419 0.600911 0.292505 0.601562 0.291590 0.601562 0.290676 0.600911 0.289762 0.600911 0.288848 0.600260 0.287934 0.600260 0.287020 0.600260 0.286106 0.600260 0.285192 0.600260 0.284278 0.600260 0.283364 0.600260 0.282450 0.600260 0.281536 0.600260 0.280622 0.600911 0.279707 0.601562 0.278793 0.601562 0.277879 0.602214 0.276965 0.602865 0.276051 0.603516 0.275137 0.604167 0.274223 0.604818 0.273309 0.604818 0.272395 0.604818 0.271481 0.604818 0.270567 0.605469 0.269653 0.604818 0.268739 0.604818 0.267824 0.604167 0.267824
0 0.345703 0.266910 0.345052 0.267824 0.345052 0.268739 0.344401 0.269653 0.343750 0.270567 0.343099 0.270567 0.342448 0.270567 0.341797 0.270567 0.341146 0.270567 0.340495 0.270567 0.340495 0.271481 0.341146 0.272395 0.341146 0.273309 0.341797 0.274223 0.342448 0.275137 0.341797 0.276051 0.341797 0.276965 0.341146 0.277879 0.340495 0.278793 0.339844 0.278793 0.339193 0.278793 0.338542 0.277879 0.337891 0.278793 0.337240 0.278793 0.336589 0.279707 0.337240 0.280622 0.336589 0.281536 0.337240 0.281536 0.337891 0.281536 0.338542 0.281536 0.339193 0.281536 0.339844 0.280622 0.340495 0.281536 0.341146 0.280622 0.341797 0.280622 0.342448 0.280622 0.343099 0.280622 0.343750 0.279707 0.344401 0.279707 0.345052 0.278793 0.345703 0.279707 0.346354 0.280622 0.346354 0.281536 0.347005 0.280622 0.347656 0.280622 0.348307 0.280622 0.348958 0.280622 0.349609 0.280622 0.350260 0.281536 0.350911 0.282450 0.350911 0.283364 0.350260 0.284278 0.349609 0.285192 0.348958 0.285192 0.348307 0.286106 0.347656 0.287020 0.347005 0.287934 0.346354 0.288848 0.345703 0.288848 0.345052 0.287934 0.344401 0.288848 0.343750 0.288848 0.343099 0.289762 0.342448 0.290676 0.341797 0.290676 0.341146 0.289762 0.340495 0.289762 0.339844 0.288848 0.339193 0.288848 0.338542 0.288848 0.337891 0.287934 0.337240 0.287934 0.336589 0.288848 0.335938 0.287934 0.335286 0.287934 0.334635 0.288848 0.333984 0.288848 0.333333 0.287934 0.332682 0.287020 0.332682 0.286106 0.332031 0.287020 0.331380 0.286106 0.330729 0.286106 0.330078 0.286106 0.329427 0.285192 0.328776 0.284278 0.328125 0.284278 0.327474 0.284278 0.326823 0.283364 0.326172 0.282450 0.325521 0.281536 0.324870 0.281536 0.324219 0.281536 0.323568 0.280622 0.322917 0.280622 0.322266 0.280622 0.321615 0.279707 0.320964 0.278793 0.320312 0.277879 0.320312 0.276965 0.319661 0.276051 0.319661 0.275137 0.319661 0.274223 0.319661 0.273309 0.319010 0.273309 0.318359 0.272395 0.317708 0.272395 0.317057 0.273309 0.316406 0.274223 0.315755 0.275137 0.315104 0.276051 0.314453 0.276965 0.313802 0.277879 0.313151 0.278793 0.312500 0.278793 0.311849 0.278793 0.311198 0.277879 0.310547 0.277879 0.309896 0.277879 0.309245 0.277879 0.308594 0.278793 0.307943 0.278793 0.307292 0.279707 0.306641 0.279707 0.305990 0.279707 0.305339 0.279707 0.304688 0.279707 0.304036 0.278793 0.303385 0.279707 0.302734 0.278793 0.303385 0.279707 0.303385 0.280622 0.303385 0.281536 0.304036 0.282450 0.304688 0.283364 0.305339 0.284278 0.305990 0.285192 0.306641 0.285192 0.307292 0.286106 0.307943 0.287020 0.308594 0.287020 0.309245 0.287020 0.309245 0.286106 0.309896 0.285192 0.310547 0.284278 0.311198 0.284278 0.311849 0.283364 0.312500 0.284278 0.313151 0.285192 0.313802 0.285192 0.314453 0.284278 0.315104 0.283364 0.315755 0.282450 0.316406 0.281536 0.317057 0.281536 0.317708 0.282450 0.318359 0.283364 0.319010 0.284278 0.319010 0.285192 0.318359 0.286106 0.317708 0.287020 0.317057 0.287020 0.316406 0.287020 0.316406 0.287934 0.315755 0.288848 0.316406 0.289762 0.316406 0.290676 0.317057 0.290676 0.317708 0.290676 0.318359 0.290676 0.319010 0.290676 0.319661 0.289762 0.320312 0.289762 0.320964 0.289762 0.321615 0.289762 0.321615 0.288848 0.322266 0.287934 0.322917 0.287020 0.323568 0.287934 0.324219 0.287934 0.324870 0.288848 0.325521 0.289762 0.325521 0.290676 0.326172 0.291590 0.325521 0.292505 0.326172 0.293419 0.326823 0.293419 0.327474 0.293419 0.328125 0.292505 0.328776 0.291590 0.329427 0.290676 0.330078 0.290676 0.330729 0.289762 0.331380 0.289762 0.332031 0.288848 0.332682 0.287934 0.333333 0.288848 0.333984 0.289762 0.333984 0.290676 0.333333 0.291590 0.333333 0.292505 0.333984 0.291590 0.334635 0.292505 0.335286 0.293419 0.335938 0.294333 0.336589 0.295247 0.336589 0.296161 0.337240 0.297075 0.337891 0.297075 0.338542 0.297075 0.338542 0.296161 0.339193 0.295247 0.339844 0.294333 0.340495 0.294333 0.341146 0.293419 0.341797 0.294333 0.342448 0.293419 0.343099 0.292505 0.343750 0.291590 0.344401 0.291590 0.345052 0.291590 0.345703 0.290676 0.346354 0.291590 0.347005 0.291590 0.347656 0.291590 0.348307 0.290676 0.348958 0.289762 0.349609 0.288848 0.350260 0.287934 0.350911 0.287934 0.351562 0.287020 0.352214 0.287020 0.352865 0.287934 0.353516 0.287020 0.354167 0.287020 0.354818 0.287020 0.355469 0.287020 0.356120 0.287020 0.356771 0.286106 0.357422 0.286106 0.358073 0.286106 0.358724 0.286106 0.359375 0.287020 0.360026 0.286106 0.360677 0.286106 0.361328 0.285192 0.361979 0.284278 0.362630 0.283364 0.363281 0.282450 0.362630 0.281536 0.361979 0.281536 0.361328 0.280622 0.360677 0.280622 0.360026 0.280622 0.359375 0.279707 0.358724 0.280622 0.358073 0.281536 0.357422 0.281536 0.356771 0.281536 0.356120 0.280622 0.355469 0.281536 0.354818 0.280622 0.354167 0.279707 0.353516 0.278793 0.352865 0.277879 0.352214 0.278793 0.351562 0.277879 0.350911 0.276965 0.350260 0.276051 0.349609 0.275137 0.349609 0.274223 0.348958 0.273309 0.348307 0.272395 0.347656 0.271481 0.347005 0.270567 0.347005 0.269653 0.347005 0.268739 0.347005 0.267824 0.346354 0.267824
0 0.742839 0.261426 0.742188 0.262340 0.741536 0.263254 0.741536 0.264168 0.741536 0.265082 0.741536 0.265996 0.740885 0.266910 0.740885 0.267824 0.741536 0.268739 0.741536 0.269653 0.741536 0.270567 0.741536 0.271481 0.741536 0.272395 0.740885 0.273309 0.740885 0.274223 0.740234 0.275137 0.739583 0.276051 0.738932 0.276051 0.738281 0.276965 0.737630 0.277879 0.736979 0.277879 0.736328 0.277879 0.735677 0.278793 0.735026 0.277879 0.734375 0.277879 0.733724 0.278793 0.733073 0.278793 0.733724 0.279707 0.733724 0.280622 0.733073 0.281536 0.732422 0.282450 0.731771 0.282450 0.731120 0.283364 0.730469 0.284278 0.729818 0.284278 0.729167 0.284278 0.728516 0.284278 0.727865 0.284278 0.727214 0.284278 0.726562 0.283364 0.725911 0.283364 0.725260 0.282450 0.724609 0.283364 0.723958 0.284278 0.723307 0.284278 0.723307 0.285192 0.722656 0.286106 0.722005 0.287020 0.721354 0.287020 0.720703 0.287934 0.720052 0.288848 0.719401 0.288848 0.718750 0.289762 0.718099 0.288848 0.717448 0.287934 0.716797 0.287934 0.716146 0.287934 0.715495 0.287934 0.714844 0.287934 0.714193 0.288848 0.713542 0.288848 0.712891 0.289762 0.712240 0.290676 0.711589 0.290676 0.710938 0.290676 0.710286 0.291590 0.709635 0.292505 0.709635 0.293419 0.708984 0.294333 0.708984 0.295247 0.708984 0.296161 0.708984 0.297075 0.708333 0.297989 0.708333 0.298903 0.707682 0.299817 0.707031 0.300731 0.706380 0.301645 0.705729 0.302559 0.705078 0.302559 0.704427 0.302559 0.703776 0.301645 0.703125 0.301645 0.702474 0.302559 0.702474 0.303473 0.701823 0.304388 0.701823 0.305302 0.702474 0.306216 0.701823 0.307130 0.701823 0.308044 0.701172 0.308958 0.700521 0.309872 0.701172 0.310786 0.700521 0.311700 0.701172 0.312614 0.701823 0.313528 0.701823 0.314442 0.701823 0.315356 0.701823 0.316271 0.701172 0.317185 0.701172 0.318099 0.700521 0.319013 0.699870 0.319927 0.699219 0.319013 0.699219 0.319927 0.698568 0.320841 0.697917 0.321755 0.697917 0.322669 0.697266 0.323583 0.696615 0.324497 0.696615 0.325411 0.696615 0.326325 0.695964 0.327239 0.695964 0.328154 0.695312 0.329068 0.694661 0.329982 0.694661 0.330896 0.694661 0.331810 0.695312 0.332724 0.695312 0.333638 0.695312 0.334552 0.695964 0.335466 0.695312 0.336380 0.694661 0.337294 0.695312 0.338208 0.694661 0.339122 0.694661 0.340037 0.694010 0.340951 0.694010 0.341865 0.694661 0.342779 0.694661 0.343693 0.694661 0.344607 0.694661 0.345521 0.695312 0.346435 0.695312 0.345521 0.695312 0.344607 0.695964 0.343693 0.696615 0.342779 0.696615 0.341865 0.697266 0.340951 0.697917 0.340037 0.698568 0.339122 0.699219 0.338208 0.699870 0.337294 0.700521 0.336380 0.701172 0.335466 0.701823 0.334552 0.702474 0.333638 0.703125 0.332724 0.703776 0.332724 0.704427 0.332724 0.705078 0.333638 0.705729 0.333638 0.706380 0.333638 0.707031 0.333638 0.707682 0.334552 0.708333 0.334552 0.708984 0.335466 0.709635 0.334552 0.710286 0.335466 0.710938 0.335466 0.711589 0.336380 0.712240 0.335466 0.712891 0.334552 0.713542 0.334552 0.714193 0.334552 0.714193 0.333638 0.714193 0.332724 0.714844 0.331810 0.714844 0.330896 0.715495 0.329982 0.716146 0.329068 0.716797 0.328154 0.716146 0.328154 0.715495 0.328154 0.714844 0.327239 0.714193 0.326325 0.713542 0.326325 0.712891 0.327239 0.712240 0.328154 0.711589 0.329068 0.710938 0.329068 0.710286 0.329982 0.709635 0.329068 0.708984 0.329982 0.708333 0.330896 0.707682 0.329982 0.707031 0.329068 0.706380 0.328154 0.707031 0.327239 0.707031 0.326325 0.707682 0.325411 0.708333 0.324497 0.708984 0.325411 0.709635 0.324497 0.709635 0.323583 0.710286 0.322669 0.709635 0.321755 0.709635 0.320841 0.708984 0.319927 0.708984 0.320841 0.708333 0.321755 0.707682 0.322669 0.707031 0.323583 0.706380 0.324497 0.705729 0.325411 0.705078 0.325411 0.704427 0.326325 0.703776 0.327239 0.703125 0.328154 0.702474 0.328154 0.701823 0.329068 0.701172 0.329068 0.700521 0.329982 0.699870 0.330896 0.699219 0.329982 0.698568 0.329068 0.699219 0.328154 0.699870 0.327239 0.700521 0.326325 0.701172 0.325411 0.701823 0.324497 0.701823 0.323583 0.701823 0.322669 0.702474 0.321755 0.701823 0.320841 0.702474 0.319927 0.703125 0.319013 0.703125 0.318099 0.703776 0.317185 0.704427 0.316271 0.705078 0.316271 0.705729 0.315356 0.705729 0.314442 0.706380 0.313528 0.706380 0.312614 0.707031 0.311700 0.707031 0.310786 0.707031 0.309872 0.707682 0.308958 0.707031 0.308958 0.707031 0.309872 0.706380 0.310786 0.705729 0.311700 0.705078 0.311700 0.704427 0.311700 0.703776 0.312614 0.703125 0.311700 0.702474 0.310786 0.703125 0.309872 0.703125 0.308958 0.703125 0.308044 0.703776 0.307130 0.704427 0.306216 0.705078 0.306216 0.705729 0.305302 0.706380 0.305302 0.707031 0.304388 0.707682 0.303473 0.708333 0.303473 0.708984 0.303473 0.709635 0.302559 0.709635 0.301645 0.710286 0.300731 0.710938 0.299817 0.711589 0.298903 0.712240 0.297989 0.712891 0.297989 0.713542 0.297075 0.714193 0.296161 0.714844 0.295247 0.715495 0.294333 0.716146 0.294333 0.716797 0.294333 0.717448 0.294333 0.718099 0.293419 0.718750 0.293419 0.719401 0.293419 0.720052 0.293419 0.720703 0.292505 0.721354 0.292505 0.722005 0.292505 0.722656 0.292505 0.723307 0.293419 0.723958 0.294333 0.724609 0.294333 0.725260 0.294333 0.725911 0.294333 0.726562 0.294333 0.727214 0.293419 0.727865 0.294333 0.728516 0.294333 0.729167 0.294333 0.729818 0.294333 0.730469 0.294333 0.731120 0.293419 0.731771 0.293419 0.732422 0.292505 0.733073 0.291590 0.733724 0.290676 0.734375 0.289762 0.735026 0.289762 0.735677 0.289762 0.736328 0.290676 0.736979 0.289762 0.737630 0.289762 0.738281 0.289762 0.738932 0.289762 0.739583 0.289762 0.740234 0.289762 0.740885 0.290676 0.741536 0.290676 0.742188 0.290676 0.742839 0.289762 0.743490 0.289762 0.744141 0.289762 0.744792 0.290676 0.745443 0.290676 0.746094 0.290676 0.746745 0.290676 0.747396 0.290676 0.747396 0.289762 0.747396 0.288848 0.748047 0.287934 0.748047 0.287020 0.748698 0.286106 0.748698 0.285192 0.748047 0.284278 0.748698 0.283364 0.748698 0.282450 0.748698 0.281536 0.748698 0.280622 0.748698 0.279707 0.748047 0.278793 0.747396 0.277879 0.746745 0.276965 0.746745 0.276051 0.746745 0.275137 0.747396 0.274223 0.747396 0.273309 0.747396 0.272395 0.747396 0.271481 0.746745 0.270567 0.746745 0.269653 0.746745 0.268739 0.746745 0.267824 0.746745 0.266910 0.746094 0.265996 0.745443 0.265082 0.745443 0.264168 0.745443 0.263254 0.744792 0.263254 0.744141 0.263254 0.743490 0.262340
0 0.637370 0.255027 0.636719 0.255941 0.636068 0.255941 0.635417 0.256856 0.634766 0.257770 0.635417 0.258684 0.634766 0.259598 0.634115 0.260512 0.634766 0.261426 0.634115 0.262340 0.633464 0.263254 0.633464 0.264168 0.632812 0.265082 0.632161 0.265996 0.631510 0.265996 0.630859 0.266910 0.630859 0.267824 0.630859 0.268739 0.631510 0.269653 0.632161 0.270567 0.632812 0.271481 0.633464 0.272395 0.634115 0.271481 0.634766 0.270567 0.635417 0.270567 0.636068 0.270567 0.636719 0.271481 0.637370 0.272395 0.638021 0.273309 0.637370 0.274223 0.637370 0.275137 0.637370 0.276051 0.638021 0.276965 0.637370 0.277879 0.636719 0.278793 0.636068 0.278793 0.635417 0.279707 0.634766 0.278793 0.634766 0.279707 0.634115 0.280622 0.633464 0.281536 0.634115 0.282450 0.634115 0.283364 0.634766 0.284278 0.635417 0.285192 0.636068 0.286106 0.636068 0.287020 0.636719 0.287934 0.637370 0.288848 0.637370 0.289762 0.638021 0.290676 0.638021 0.291590 0.637370 0.292505 0.636719 0.293419 0.636068 0.293419 0.635417 0.293419 0.636068 0.294333 0.636068 0.295247 0.636068 0.296161 0.636719 0.297075 0.637370 0.297989 0.638021 0.298903 0.638672 0.299817 0.639323 0.300731 0.639974 0.301645 0.640625 0.302559 0.641276 0.303473 0.641927 0.304388 0.641927 0.305302 0.641927 0.306216 0.642578 0.307130 0.641927 0.308044 0.641927 0.308958 0.641927 0.309872 0.641927 0.310786 0.641276 0.311700 0.640625 0.312614 0.639974 0.312614 0.639974 0.313528 0.639323 0.314442 0.639323 0.315356 0.638672 0.316271 0.639323 0.317185 0.639323 0.318099 0.639323 0.319013 0.639974 0.319927 0.639974 0.320841 0.639974 0.321755 0.639974 0.322669 0.640625 0.323583 0.639974 0.324497 0.640625 0.325411 0.641276 0.326325 0.640625 0.327239 0.639974 0.328154 0.639323 0.327239 0.638672 0.328154 0.638672 0.329068 0.638021 0.329982 0.638021 0.330896 0.638021 0.331810 0.637370 0.332724 0.637370 0.333638 0.636719 0.334552 0.637370 0.335466 0.636719 0.336380 0.636719 0.337294 0.636719 0.338208 0.636719 0.339122 0.636719 0.340037 0.636719 0.340951 0.637370 0.341865 0.638021 0.340951 0.638672 0.340037 0.639323 0.339122 0.639323 0.338208 0.639974 0.337294 0.639974 0.336380 0.640625 0.335466 0.641276 0.334552 0.641927 0.334552 0.642578 0.333638 0.643229 0.332724 0.643880 0.332724 0.644531 0.331810 0.645182 0.331810 0.645182 0.330896 0.645833 0.329982 0.646484 0.329068 0.646484 0.328154 0.646484 0.327239 0.646484 0.326325 0.647135 0.325411 0.647786 0.324497 0.647786 0.323583 0.647135 0.322669 0.646484 0.321755 0.646484 0.320841 0.645833 0.320841 0.645182 0.320841 0.644531 0.321755 0.643880 0.320841 0.643229 0.319927 0.642578 0.319013 0.642578 0.318099 0.641927 0.317185 0.642578 0.316271 0.643229 0.315356 0.642578 0.314442 0.643229 0.313528 0.643880 0.312614 0.644531 0.311700 0.644531 0.310786 0.644531 0.309872 0.645182 0.308958 0.645833 0.308044 0.645182 0.307130 0.645833 0.306216 0.646484 0.305302 0.647135 0.306216 0.647786 0.307130 0.647135 0.308044 0.647786 0.308958 0.648438 0.308958 0.649089 0.308044 0.649089 0.307130 0.648438 0.306216 0.647786 0.305302 0.647135 0.304388 0.647135 0.303473 0.646484 0.303473 0.645833 0.303473 0.645182 0.302559 0.644531 0.301645 0.644531 0.300731 0.643880 0.299817 0.643229 0.298903 0.642578 0.297989 0.641927 0.297075 0.641927 0.296161 0.641276 0.295247 0.641276 0.294333 0.641276 0.293419 0.641276 0.292505 0.641276 0.291590 0.641276 0.290676 0.640625 0.289762 0.641276 0.288848 0.641927 0.287934 0.641276 0.288848 0.640625 0.287934 0.639974 0.287020 0.639323 0.286106 0.638672 0.285192 0.638672 0.284278 0.638672 0.283364 0.639323 0.282450 0.639323 0.281536 0.639323 0.280622 0.639974 0.279707 0.640625 0.278793 0.641276 0.279707 0.641927 0.279707 0.641276 0.278793 0.641927 0.277879 0.641276 0.276965 0.640625 0.276051 0.640625 0.275137 0.639974 0.275137 0.639323 0.274223 0.638672 0.273309 0.638021 0.272395 0.637370 0.271481 0.637370 0.270567 0.638021 0.269653 0.638021 0.268739 0.638021 0.267824 0.637370 0.266910 0.637370 0.265996 0.638021 0.265082 0.638021 0.264168 0.638672 0.263254 0.639323 0.262340 0.639323 0.261426 0.638672 0.260512 0.639323 0.259598 0.639974 0.258684 0.639323 0.257770 0.639323 0.256856 0.638672 0.255941 0.638021 0.255027
0 0.557943 0.245887 0.557943 0.246801 0.557943 0.247715 0.557292 0.248629 0.556641 0.249543 0.555990 0.249543 0.555339 0.250457 0.554688 0.251371 0.554036 0.252285 0.554036 0.253199 0.554036 0.254113 0.553385 0.255027 0.552734 0.255941 0.552083 0.255941 0.551432 0.255941 0.550781 0.256856 0.550130 0.257770 0.550130 0.258684 0.549479 0.259598 0.548828 0.260512 0.548177 0.261426 0.547526 0.262340 0.546875 0.262340 0.546224 0.261426 0.546224 0.262340 0.545573 0.263254 0.544922 0.264168 0.544271 0.265082 0.544922 0.265996 0.544922 0.266910 0.544271 0.267824 0.544271 0.268739 0.544271 0.269653 0.544271 0.270567 0.544271 0.271481 0.543620 0.272395 0.542969 0.273309 0.542318 0.274223 0.541667 0.273309 0.541016 0.272395 0.540365 0.271481 0.541016 0.270567 0.540365 0.270567 0.539714 0.271481 0.539714 0.272395 0.539062 0.273309 0.539062 0.274223 0.539062 0.275137 0.539062 0.276051 0.538411 0.276965 0.537760 0.277879 0.537109 0.278793 0.536458 0.279707 0.536458 0.280622 0.536458 0.281536 0.536458 0.282450 0.536458 0.283364 0.535807 0.284278 0.536458 0.285192 0.535807 0.286106 0.535807 0.287020 0.535156 0.287934 0.534505 0.288848 0.534505 0.289762 0.534505 0.290676 0.533854 0.291590 0.533854 0.292505 0.533203 0.293419 0.533854 0.293419 0.534505 0.294333 0.535156 0.295247 0.535156 0.296161 0.535807 0.297075 0.535807 0.297989 0.535807 0.298903 0.535156 0.299817 0.535807 0.300731 0.535156 0.301645 0.534505 0.302559 0.533854 0.303473 0.533854 0.304388 0.533854 0.305302 0.534505 0.306216 0.534505 0.307130 0.534505 0.308044 0.533854 0.308958 0.534505 0.309872 0.534505 0.310786 0.534505 0.311700 0.535156 0.312614 0.535807 0.313528 0.535807 0.314442 0.536458 0.315356 0.536458 0.316271 0.537109 0.317185 0.537109 0.318099 0.537109 0.319013 0.537760 0.319013 0.538411 0.319927 0.539062 0.320841 0.538411 0.321755 0.539062 0.322669 0.539062 0.323583 0.538411 0.324497 0.539062 0.324497 0.539714 0.323583 0.540365 0.324497 0.540365 0.323583 0.540365 0.322669 0.541016 0.321755 0.541667 0.320841 0.542318 0.319927 0.541667 0.319013 0.541016 0.318099 0.540365 0.317185 0.539714 0.316271 0.539062 0.315356 0.538411 0.314442 0.538411 0.313528 0.537760 0.312614 0.537109 0.311700 0.537109 0.310786 0.537109 0.309872 0.537109 0.308958 0.536458 0.308044 0.536458 0.307130 0.537109 0.306216 0.536458 0.305302 0.535807 0.304388 0.536458 0.303473 0.537109 0.302559 0.537109 0.301645 0.537760 0.300731 0.538411 0.299817 0.538411 0.298903 0.539062 0.297989 0.539714 0.297075 0.540365 0.296161 0.541016 0.296161 0.541667 0.297075 0.541667 0.296161 0.542318 0.295247 0.542969 0.294333 0.543620 0.294333 0.544271 0.293419 0.544922 0.292505 0.545573 0.291590 0.546224 0.290676 0.545573 0.289762 0.546224 0.288848 0.546224 0.287934 0.546224 0.287020 0.545573 0.286106 0.545573 0.285192 0.544922 0.284278 0.544271 0.285192 0.543620 0.285192 0.542969 0.286106 0.542318 0.287020 0.541667 0.287934 0.541016 0.288848 0.541016 0.289762 0.540365 0.290676 0.540365 0.291590 0.539714 0.292505 0.539714 0.293419 0.539714 0.294333 0.539714 0.295247 0.539062 0.296161 0.538411 0.297075 0.537760 0.297075 0.537109 0.297075 0.536458 0.297075 0.535807 0.296161 0.535156 0.295247 0.535807 0.294333 0.535156 0.293419 0.535156 0.292505 0.535807 0.291590 0.535807 0.290676 0.536458 0.289762 0.537109 0.288848 0.537760 0.288848 0.537109 0.287934 0.536458 0.287020 0.537109 0.286106 0.537760 0.285192 0.538411 0.286106 0.538411 0.285192 0.538411 0.284278 0.539062 0.283364 0.539062 0.282450 0.539714 0.281536 0.540365 0.280622 0.540365 0.279707 0.541016 0.278793 0.541667 0.277879 0.542318 0.276965 0.542318 0.276051 0.542969 0.275137 0.542969 0.274223 0.542969 0.273309 0.543620 0.272395 0.544271 0.271481 0.544922 0.272395 0.545573 0.271481 0.546224 0.270567 0.546875 0.269653 0.547526 0.270567 0.547526 0.269653 0.547526 0.268739 0.548177 0.267824 0.548828 0.266910 0.549479 0.265996 0.549479 0.265082 0.549479 0.264168 0.550130 0.263254 0.550130 0.262340 0.550781 0.261426 0.550781 0.260512 0.551432 0.259598 0.552083 0.258684 0.552734 0.258684 0.553385 0.259598 0.552734 0.258684 0.553385 0.257770 0.554036 0.256856 0.554688 0.255941 0.555339 0.255027 0.555990 0.255027 0.556641 0.254113 0.557292 0.254113 0.557943 0.254113 0.558594 0.254113 0.559245 0.254113 0.559896 0.253199 0.560547 0.254113 0.561198 0.253199 0.561849 0.253199 0.562500 0.253199 0.563151 0.252285 0.563802 0.251371 0.563802 0.250457 0.563802 0.249543 0.563151 0.248629 0.562500 0.247715 0.561849 0.247715 0.561198 0.247715 0.560547 0.246801 0.559896 0.245887 0.559245 0.245887 0.558594 0.245887
0 0.514323 0.242230 0.513672 0.243144 0.513021 0.243144 0.513672 0.244059 0.513021 0.244973 0.512370 0.245887 0.511719 0.246801 0.511068 0.247715 0.510417 0.248629 0.511068 0.249543 0.510417 0.250457 0.510417 0.251371 0.511068 0.252285 0.510417 0.253199 0.509766 0.254113 0.509115 0.254113 0.508464 0.255027 0.508464 0.255941 0.508464 0.256856 0.507812 0.257770 0.508464 0.258684 0.508464 0.259598 0.508464 0.260512 0.509115 0.261426 0.509766 0.262340 0.509766 0.263254 0.509766 0.264168 0.509766 0.265082 0.510417 0.265996 0.510417 0.266910 0.510417 0.267824 0.509766 0.268739 0.509766 0.269653 0.509115 0.270567 0.509115 0.271481 0.509115 0.272395 0.508464 0.273309 0.508464 0.274223 0.509115 0.275137 0.508464 0.276051 0.508464 0.276965 0.508464 0.277879 0.508464 0.278793 0.508464 0.279707 0.508464 0.280622 0.508464 0.281536 0.507812 0.282450 0.508464 0.283364 0.507812 0.284278 0.507161 0.285192 0.506510 0.285192 0.505859 0.286106 0.505208 0.285192 0.505208 0.286106 0.504557 0.287020 0.503906 0.287934 0.503906 0.288848 0.503906 0.289762 0.503255 0.290676 0.503906 0.291590 0.503255 0.292505 0.503255 0.293419 0.502604 0.294333 0.501953 0.295247 0.501302 0.296161 0.501302 0.297075 0.501953 0.297075 0.502604 0.297989 0.503255 0.297075 0.503906 0.297075 0.504557 0.297989 0.505208 0.297075 0.505859 0.296161 0.506510 0.297075 0.507161 0.296161 0.507812 0.295247 0.507812 0.294333 0.507812 0.293419 0.507812 0.292505 0.508464 0.291590 0.509115 0.290676 0.509766 0.290676 0.509766 0.289762 0.509766 0.288848 0.509115 0.287934 0.509766 0.287020 0.509115 0.286106 0.509115 0.285192 0.509115 0.284278 0.509766 0.283364 0.509115 0.282450 0.509766 0.281536 0.510417 0.280622 0.511068 0.281536 0.511719 0.281536 0.511719 0.280622 0.511719 0.279707 0.512370 0.278793 0.511719 0.277879 0.512370 0.276965 0.512370 0.276051 0.512370 0.275137 0.512370 0.274223 0.512370 0.273309 0.513021 0.272395 0.513021 0.271481 0.512370 0.270567 0.512370 0.269653 0.513021 0.268739 0.513021 0.267824 0.513672 0.266910 0.514323 0.265996 0.514323 0.265082 0.514974 0.264168 0.514974 0.263254 0.514974 0.262340 0.515625 0.261426 0.516276 0.260512 0.516927 0.259598 0.516927 0.258684 0.516276 0.257770 0.516276 0.256856 0.515625 0.257770 0.514974 0.257770 0.514323 0.256856 0.513672 0.255941 0.513021 0.255027 0.513021 0.254113 0.513021 0.253199 0.512370 0.252285 0.513021 0.251371 0.512370 0.250457 0.512370 0.249543 0.512370 0.248629 0.512370 0.247715 0.511719 0.246801 0.512370 0.245887 0.513021 0.244973 0.513672 0.245887 0.514323 0.246801 0.514974 0.247715 0.515625 0.247715 0.516276 0.247715 0.516927 0.248629 0.517578 0.249543 0.518229 0.248629 0.518880 0.248629 0.518229 0.248629 0.517578 0.247715 0.516927 0.246801 0.517578 0.245887 0.516927 0.244973 0.516927 0.244059 0.516276 0.243144 0.515625 0.243144 0.514974 0.243144
0 0.418620 0.240402 0.417969 0.241316 0.417318 0.242230 0.416667 0.243144 0.416016 0.244059 0.415365 0.244059 0.414714 0.244059 0.414062 0.243144 0.413411 0.244059 0.412760 0.244059 0.412109 0.244973 0.412109 0.245887 0.412760 0.246801 0.412760 0.247715 0.412109 0.248629 0.411458 0.249543 0.410807 0.250457 0.410156 0.249543 0.410807 0.250457 0.410807 0.251371 0.410807 0.252285 0.411458 0.252285 0.412109 0.253199 0.412760 0.253199 0.413411 0.254113 0.414062 0.253199 0.414714 0.253199 0.414714 0.252285 0.414714 0.251371 0.414714 0.250457 0.415365 0.249543 0.416016 0.248629 0.416667 0.248629 0.417318 0.247715 0.417969 0.248629 0.418620 0.249543 0.419271 0.250457 0.419271 0.251371 0.419271 0.252285 0.419271 0.253199 0.419271 0.254113 0.419922 0.255027 0.419922 0.255941 0.419922 0.256856 0.420573 0.257770 0.421224 0.258684 0.421875 0.258684 0.422526 0.259598 0.423177 0.260512 0.423177 0.261426 0.423828 0.262340 0.424479 0.263254 0.423828 0.264168 0.424479 0.263254 0.425130 0.263254 0.425781 0.262340 0.426432 0.263254 0.427083 0.264168 0.427734 0.264168 0.428385 0.265082 0.429036 0.264168 0.429688 0.265082 0.430339 0.265082 0.430990 0.265996 0.431641 0.266910 0.431641 0.267824 0.431641 0.268739 0.431641 0.269653 0.431641 0.270567 0.432292 0.271481 0.431641 0.272395 0.432292 0.273309 0.432943 0.274223 0.432292 0.275137 0.432943 0.276051 0.433594 0.276965 0.434245 0.277879 0.434245 0.278793 0.434245 0.279707 0.434896 0.279707 0.435547 0.280622 0.436198 0.281536 0.436198 0.282450 0.436198 0.283364 0.436198 0.284278 0.436198 0.285192 0.435547 0.286106 0.434896 0.287020 0.434245 0.287934 0.434245 0.288848 0.433594 0.289762 0.432943 0.290676 0.432292 0.291590 0.431641 0.291590 0.430990 0.291590 0.430339 0.290676 0.430990 0.291590 0.430339 0.292505 0.430990 0.292505 0.431641 0.293419 0.432292 0.294333 0.432292 0.295247 0.432943 0.294333 0.433594 0.295247 0.434245 0.296161 0.434896 0.295247 0.435547 0.296161 0.436198 0.295247 0.436849 0.296161 0.437500 0.296161 0.438151 0.297075 0.438802 0.297989 0.438802 0.298903 0.439453 0.299817 0.439453 0.300731 0.440104 0.301645 0.440755 0.302559 0.441406 0.303473 0.442057 0.304388 0.442708 0.305302 0.442708 0.306216 0.442708 0.307130 0.442708 0.308044 0.443359 0.308958 0.442708 0.309872 0.442708 0.310786 0.443359 0.311700 0.443359 0.312614 0.444010 0.313528 0.444010 0.314442 0.444010 0.315356 0.443359 0.316271 0.442708 0.317185 0.442057 0.317185 0.441406 0.316271 0.440755 0.316271 0.440104 0.315356 0.440104 0.316271 0.440104 0.317185 0.439453 0.318099 0.439453 0.319013 0.440104 0.319927 0.439453 0.320841 0.438802 0.321755 0.438151 0.321755 0.437500 0.322669 0.437500 0.323583 0.438151 0.324497 0.437500 0.325411 0.438151 0.326325 0.438802 0.326325 0.439453 0.326325 0.440104 0.327239 0.440755 0.326325 0.441406 0.327239 0.442057 0.326325 0.442708 0.327239 0.443359 0.326325 0.444010 0.327239 0.444661 0.328154 0.445312 0.327239 0.445964 0.328154 0.446615 0.329068 0.447266 0.329982 0.447266 0.330896 0.447917 0.331810 0.447917 0.332724 0.447917 0.333638 0.448568 0.334552 0.449219 0.335466 0.449219 0.336380 0.449219 0.337294 0.449870 0.338208 0.449870 0.339122 0.450521 0.340037 0.451172 0.340951 0.451823 0.341865 0.452474 0.342779 0.453125 0.342779 0.453776 0.343693 0.454427 0.343693 0.455078 0.344607 0.455729 0.345521 0.456380 0.346435 0.457031 0.345521 0.457682 0.345521 0.458333 0.346435 0.458984 0.347349 0.458984 0.348263 0.459635 0.349177 0.460286 0.350091 0.460938 0.351005 0.460938 0.351920 0.460286 0.352834 0.459635 0.353748 0.458984 0.353748 0.458333 0.353748 0.457682 0.354662 0.457031 0.354662 0.456380 0.355576 0.457031 0.356490 0.457682 0.356490 0.458333 0.356490 0.458984 0.357404 0.459635 0.357404 0.460286 0.357404 0.460938 0.358318 0.461589 0.359232 0.461589 0.360146 0.462240 0.359232 0.462891 0.360146 0.463542 0.361060 0.464193 0.361974 0.464844 0.361974 0.465495 0.362888 0.466146 0.363803 0.466146 0.364717 0.466146 0.365631 0.465495 0.366545 0.464844 0.367459 0.464193 0.367459 0.463542 0.366545 0.462891 0.366545 0.462240 0.366545 0.462240 0.367459 0.461589 0.368373 0.462240 0.369287 0.462891 0.369287 0.463542 0.370201 0.464193 0.371115 0.463542 0.372029 0.462891 0.372943 0.462240 0.372943 0.461589 0.372029 0.460938 0.372029 0.460286 0.372029 0.459635 0.372029 0.458984 0.372029 0.458333 0.371115 0.457682 0.370201 0.457031 0.369287 0.456380 0.368373 0.455729 0.368373 0.455078 0.368373 0.454427 0.368373 0.453776 0.369287 0.453125 0.370201 0.453776 0.369287 0.454427 0.370201 0.455078 0.371115 0.455078 0.372029 0.455729 0.372943 0.455729 0.373857 0.456380 0.374771 0.456380 0.375686 0.456380 0.376600 0.457031 0.376600 0.457682 0.377514 0.458333 0.377514 0.458984 0.377514 0.459635 0.376600 0.460286 0.377514 0.460938 0.377514 0.461589 0.376600 0.462240 0.377514 0.462891 0.376600 0.463542 0.375686 0.462891 0.374771 0.462891 0.373857 0.463542 0.372943 0.464193 0.372029 0.464844 0.372029 0.465495 0.372029 0.466146 0.372029 0.465495 0.371115 0.465495 0.370201 0.466146 0.369287 0.466146 0.368373 0.466797 0.367459 0.467448 0.366545 0.468099 0.365631 0.468750 0.366545 0.469401 0.367459 0.470052 0.368373 0.469401 0.369287 0.470052 0.370201 0.470703 0.370201 0.471354 0.370201 0.472005 0.370201 0.472656 0.371115 0.473307 0.372029 0.473958 0.372943 0.473958 0.373857 0.473307 0.374771 0.473307 0.375686 0.472656 0.376600 0.472005 0.377514 0.471354 0.378428 0.470703 0.377514 0.470052 0.378428 0.469401 0.379342 0.468750 0.378428 0.468099 0.377514 0.468750 0.376600 0.468750 0.375686 0.468099 0.374771 0.467448 0.374771 0.466797 0.374771 0.466146 0.375686 0.465495 0.376600 0.465495 0.377514 0.464844 0.378428 0.465495 0.379342 0.465495 0.380256 0.466146 0.381170 0.466797 0.382084 0.466797 0.382998 0.467448 0.383912 0.467448 0.384826 0.467448 0.385740 0.467448 0.386654 0.467448 0.387569 0.467448 0.388483 0.468099 0.389397 0.467448 0.390311 0.467448 0.391225 0.468099 0.392139 0.468099 0.393053 0.468099 0.393967 0.468750 0.394881 0.468099 0.395795 0.468750 0.396709 0.468099 0.397623 0.467448 0.398537 0.468099 0.399452 0.468099 0.400366 0.468750 0.401280 0.468750 0.402194 0.468099 0.403108 0.467448 0.404022 0.466797 0.404022 0.466146 0.404936 0.466797 0.405850 0.467448 0.406764 0.468099 0.407678 0.467448 0.408592 0.467448 0.409506 0.468099 0.409506 0.468750 0.409506 0.469401 0.409506 0.470052 0.410420 0.470703 0.410420 0.471354 0.410420 0.472005 0.410420 0.472656 0.409506 0.473307 0.410420 0.473958 0.411335 0.474609 0.412249 0.473958 0.413163 0.473307 0.414077 0.472656 0.414077 0.472656 0.414991 0.472656 0.415905 0.472656 0.416819 0.473307 0.415905 0.473958 0.415905 0.474609 0.415905 0.475260 0.416819 0.475911 0.416819 0.476562 0.417733 0.477214 0.417733 0.477865 0.417733 0.478516 0.418647 0.479167 0.418647 0.479818 0.419561 0.480469 0.420475 0.479818 0.421389 0.480469 0.422303 0.481120 0.423218 0.481120 0.424132 0.481771 0.424132 0.482422 0.425046 0.483073 0.425046 0.483724 0.425960 0.484375 0.426874 0.485026 0.427788 0.485026 0.428702 0.485677 0.429616 0.486328 0.430530 0.486328 0.431444 0.486979 0.432358 0.487630 0.433272 0.487630 0.434186 0.486979 0.435101 0.486328 0.436015 0.485677 0.436015 0.485026 0.436015 0.484375 0.436015 0.483724 0.436929 0.483073 0.436015 0.483073 0.436929 0.482422 0.437843 0.483073 0.438757 0.483724 0.439671 0.483724 0.440585 0.484375 0.441499 0.485026 0.442413 0.485677 0.442413 0.486328 0.443327 0.486979 0.444241 0.487630 0.443327 0.488281 0.443327 0.488932 0.442413 0.488932 0.441499 0.488932 0.440585 0.488281 0.439671 0.488932 0.438757 0.488281 0.437843 0.488932 0.436929 0.489583 0.436015 0.490234 0.436929 0.490885 0.437843 0.490885 0.436929 0.490234 0.436015 0.489583 0.435101 0.489583 0.434186 0.489583 0.433272 0.489583 0.432358 0.488932 0.431444 0.488932 0.430530 0.488281 0.430530 0.487630 0.429616 0.486979 0.428702 0.486979 0.427788 0.486979 0.426874 0.486328 0.425960 0.486328 0.425046 0.485677 0.424132 0.485677 0.423218 0.485677 0.422303 0.485677 0.421389 0.486328 0.420475 0.485677 0.419561 0.486328 0.418647 0.485677 0.417733 0.485677 0.416819 0.485026 0.416819 0.484375 0.416819 0.483724 0.416819 0.483073 0.417733 0.482422 0.418647 0.481771 0.418647 0.481120 0.418647 0.480469 0.417733 0.479818 0.416819 0.479167 0.415905 0.479167 0.414991 0.478516 0.414077 0.478516 0.413163 0.477865 0.412249 0.477865 0.411335 0.477865 0.410420 0.477865 0.409506 0.477214 0.408592 0.476562 0.407678 0.475911 0.407678 0.475260 0.406764 0.474609 0.405850 0.473958 0.404936 0.474609 0.404022 0.474609 0.403108 0.473958 0.403108 0.473307 0.402194 0.472656 0.402194 0.472005 0.402194 0.471354 0.401280 0.470703 0.400366 0.470703 0.399452 0.470052 0.398537 0.470703 0.397623 0.470052 0.396709 0.470052 0.395795 0.470052 0.394881 0.470052 0.393967 0.470052 0.393053 0.470052 0.392139 0.469401 0.391225 0.470052 0.390311 0.469401 0.389397 0.469401 0.388483 0.469401 0.387569 0.469401 0.386654 0.469401 0.385740 0.468750 0.384826 0.468099 0.383912 0.468099 0.382998 0.467448 0.382084 0.468099 0.381170 0.468750 0.380256 0.469401 0.380256 0.470052 0.381170 0.470703 0.382084 0.471354 0.382084 0.472005 0.382998 0.472656 0.383912 0.473307 0.383912 0.473958 0.384826 0.474609 0.385740 0.473958 0.386654 0.474609 0.387569 0.474609 0.388483 0.475260 0.389397 0.475911 0.389397 0.476562 0.390311 0.477214 0.391225 0.477214 0.392139 0.477865 0.393053 0.477214 0.393967 0.477214 0.394881 0.477214 0.395795 0.477214 0.396709 0.477214 0.397623 0.477865 0.398537 0.478516 0.399452 0.479167 0.400366 0.479818 0.401280 0.480469 0.402194 0.481120 0.403108 0.481771 0.404022 0.481771 0.404936 0.481771 0.405850 0.482422 0.406764 0.482422 0.407678 0.483073 0.408592 0.483073 0.409506 0.483073 0.408592 0.483724 0.407678 0.483724 0.406764 0.484375 0.405850 0.483724 0.404936 0.483724 0.404022 0.483073 0.403108 0.483073 0.402194 0.483073 0.401280 0.483073 0.400366 0.482422 0.399452 0.482422 0.398537 0.481771 0.398537 0.481120 0.397623 0.480469 0.396709 0.479818 0.395795 0.480469 0.394881 0.479818 0.393967 0.479818 0.393053 0.479167 0.392139 0.478516 0.391225 0.478516 0.390311 0.478516 0.389397 0.477865 0.388483 0.478516 0.387569 0.479167 0.386654 0.478516 0.385740 0.479167 0.384826 0.479818 0.383912 0.480469 0.382998 0.480469 0.382084 0.481120 0.381170 0.481771 0.380256 0.482422 0.379342 0.482422 0.378428 0.482422 0.377514 0.481771 0.376600 0.482422 0.375686 0.481771 0.375686 0.481120 0.375686 0.480469 0.376600 0.479818 0.377514 0.479818 0.378428 0.479818 0.379342 0.479167 0.380256 0.478516 0.381170 0.477865 0.381170 0.477214 0.380256 0.476562 0.379342 0.475911 0.378428 0.475911 0.377514 0.476562 0.376600 0.475911 0.375686 0.475911 0.374771 0.475911 0.373857 0.476562 0.372943 0.476562 0.372029 0.475911 0.371115 0.475260 0.370201 0.475911 0.369287 0.475260 0.368373 0.474609 0.368373 0.473958 0.368373 0.473307 0.369287 0.472656 0.368373 0.472005 0.367459 0.472005 0.366545 0.472005 0.365631 0.471354 0.364717 0.470703 0.364717 0.470052 0.363803 0.469401 0.362888 0.468750 0.361974 0.468099 0.361060 0.467448 0.360146 0.466797 0.359232 0.466797 0.358318 0.466146 0.357404 0.465495 0.356490 0.464844 0.355576 0.464193 0.354662 0.463542 0.353748 0.464193 0.352834 0.464193 0.351920 0.464193 0.351005 0.464193 0.350091 0.464193 0.349177 0.464193 0.348263 0.464193 0.347349 0.463542 0.346435 0.464193 0.345521 0.464193 0.344607 0.464844 0.343693 0.464193 0.342779 0.464844 0.341865 0.465495 0.340951 0.466146 0.340037 0.466797 0.339122 0.466146 0.338208 0.466797 0.337294 0.466146 0.336380 0.465495 0.335466 0.465495 0.334552 0.466146 0.333638 0.465495 0.332724 0.465495 0.331810 0.465495 0.330896 0.464844 0.330896 0.464844 0.331810 0.465495 0.332724 0.464844 0.333638 0.464844 0.334552 0.464193 0.335466 0.463542 0.336380 0.464193 0.337294 0.464193 0.338208 0.464844 0.339122 0.464193 0.340037 0.464193 0.340951 0.464193 0.341865 0.464193 0.342779 0.464193 0.343693 0.463542 0.344607 0.462891 0.345521 0.462240 0.346435 0.461589 0.345521 0.460938 0.344607 0.460286 0.343693 0.459635 0.342779 0.459635 0.341865 0.459635 0.340951 0.459635 0.340037 0.459635 0.339122 0.460286 0.338208 0.460938 0.337294 0.461589 0.338208 0.461589 0.337294 0.462240 0.336380 0.461589 0.335466 0.460938 0.334552 0.460286 0.333638 0.460286 0.332724 0.459635 0.333638 0.458984 0.333638 0.458333 0.333638 0.457682 0.334552 0.457031 0.335466 0.456380 0.335466 0.455729 0.336380 0.455078 0.336380 0.454427 0.337294 0.453776 0.337294 0.453125 0.336380 0.452474 0.335466 0.451823 0.334552 0.451823 0.333638 0.451172 0.332724 0.451172 0.331810 0.451172 0.330896 0.450521 0.329982 0.450521 0.329068 0.449870 0.329982 0.449219 0.329068 0.448568 0.329068 0.447917 0.328154 0.447266 0.327239 0.446615 0.326325 0.446615 0.325411 0.445964 0.324497 0.445964 0.323583 0.445964 0.322669 0.446615 0.321755 0.447266 0.320841 0.447917 0.321755 0.448568 0.321755 0.449219 0.320841 0.449870 0.320841 0.450521 0.321755 0.451172 0.321755 0.451823 0.320841 0.451172 0.319927 0.451823 0.319013 0.451172 0.318099 0.450521 0.317185 0.450521 0.316271 0.450521 0.315356 0.449870 0.315356 0.449219 0.314442 0.448568 0.315356 0.447917 0.316271 0.447266 0.315356 0.446615 0.315356 0.445964 0.314442 0.445312 0.313528 0.444661 0.312614 0.445312 0.311700 0.445312 0.310786 0.445312 0.309872 0.445312 0.308958 0.445312 0.308044 0.445312 0.307130 0.445312 0.306216 0.445312 0.305302 0.444661 0.304388 0.444661 0.303473 0.444661 0.302559 0.444010 0.301645 0.444661 0.300731 0.444010 0.299817 0.444010 0.298903 0.444010 0.297989 0.443359 0.297075 0.442708 0.296161 0.442057 0.295247 0.442057 0.294333 0.442057 0.293419 0.441406 0.292505 0.441406 0.291590 0.440755 0.290676 0.440104 0.289762 0.440104 0.288848 0.440104 0.287934 0.440104 0.287020 0.439453 0.286106 0.439453 0.285192 0.439453 0.284278 0.438802 0.283364 0.438151 0.282450 0.438151 0.281536 0.437500 0.280622 0.437500 0.279707 0.437500 0.278793 0.436849 0.277879 0.436849 0.276965 0.436849 0.276051 0.436849 0.275137 0.436849 0.274223 0.436198 0.273309 0.436198 0.272395 0.436198 0.271481 0.435547 0.270567 0.435547 0.269653 0.434896 0.268739 0.435547 0.267824 0.434896 0.266910 0.434896 0.265996 0.434896 0.265082 0.434896 0.264168 0.434896 0.263254 0.434896 0.262340 0.434896 0.261426 0.434896 0.260512 0.435547 0.259598 0.436198 0.258684 0.435547 0.257770 0.435547 0.256856 0.435547 0.255941 0.435547 0.255027 0.434896 0.255941 0.434245 0.255941 0.433594 0.256856 0.432943 0.257770 0.432292 0.257770 0.432943 0.258684 0.432943 0.259598 0.432943 0.260512 0.433594 0.261426 0.432943 0.262340 0.432292 0.263254 0.431641 0.264168 0.430990 0.263254 0.430339 0.262340 0.430339 0.261426 0.429688 0.260512 0.429688 0.259598 0.429036 0.258684 0.429688 0.257770 0.429036 0.256856 0.428385 0.255941 0.427734 0.255941 0.427083 0.255941 0.426432 0.255941 0.425781 0.256856 0.425130 0.255941 0.424479 0.255027 0.423828 0.254113 0.423828 0.253199 0.423828 0.252285 0.423177 0.251371 0.423177 0.250457 0.422526 0.250457 0.421875 0.249543 0.421224 0.248629 0.421224 0.247715 0.421224 0.246801 0.420573 0.245887 0.419922 0.244973 0.419922 0.244059 0.419922 0.243144 0.419271 0.242230 0.419271 0.241316 0.419271 0.240402
0 0.292969 0.236746 0.292318 0.237660 0.291667 0.237660 0.291016 0.237660 0.290365 0.237660 0.289714 0.238574 0.289062 0.238574 0.288411 0.239488 0.287760 0.240402 0.287760 0.241316 0.287109 0.242230 0.287109 0.243144 0.287109 0.244059 0.286458 0.244973 0.287109 0.245887 0.286458 0.246801 0.287109 0.247715 0.287760 0.248629 0.288411 0.249543 0.289062 0.249543 0.289714 0.250457 0.290365 0.251371 0.291016 0.252285 0.291667 0.253199 0.291016 0.254113 0.290365 0.255027 0.290365 0.255941 0.289714 0.256856 0.290365 0.257770 0.291016 0.256856 0.291667 0.256856 0.292318 0.256856 0.292969 0.256856 0.293620 0.256856 0.294271 0.255941 0.294922 0.255941 0.295573 0.255027 0.296224 0.254113 0.296875 0.253199 0.297526 0.252285 0.298177 0.252285 0.298828 0.252285 0.299479 0.252285 0.300130 0.252285 0.300781 0.251371 0.301432 0.250457 0.302083 0.250457 0.302734 0.251371 0.303385 0.251371 0.304036 0.251371 0.304688 0.251371 0.305339 0.250457 0.305990 0.250457 0.306641 0.249543 0.307292 0.250457 0.307943 0.250457 0.308594 0.249543 0.309245 0.249543 0.309896 0.248629 0.310547 0.248629 0.311198 0.247715 0.311849 0.247715 0.312500 0.247715 0.313151 0.247715 0.313802 0.247715 0.314453 0.248629 0.315104 0.249543 0.315104 0.250457 0.314453 0.251371 0.313802 0.252285 0.313151 0.252285 0.312500 0.252285 0.311849 0.253199 0.311198 0.254113 0.311198 0.255027 0.311849 0.255941 0.312500 0.255941 0.313151 0.255941 0.313802 0.255027 0.314453 0.255027 0.315104 0.254113 0.315755 0.254113 0.315755 0.253199 0.316406 0.252285 0.317057 0.251371 0.317708 0.250457 0.318359 0.249543 0.319010 0.249543 0.319661 0.248629 0.320312 0.247715 0.320964 0.247715 0.321615 0.246801 0.322266 0.246801 0.322917 0.245887 0.323568 0.246801 0.324219 0.247715 0.324870 0.248629 0.324870 0.249543 0.324870 0.250457 0.325521 0.251371 0.326172 0.251371 0.326823 0.252285 0.327474 0.252285 0.328125 0.252285 0.328125 0.251371 0.328776 0.250457 0.329427 0.249543 0.330078 0.248629 0.330729 0.247715 0.331380 0.247715 0.332031 0.247715 0.332682 0.247715 0.333333 0.247715 0.333984 0.246801 0.334635 0.247715 0.335286 0.247715 0.335938 0.247715 0.336589 0.248629 0.337240 0.249543 0.336589 0.250457 0.337240 0.251371 0.337240 0.252285 0.337891 0.252285 0.338542 0.253199 0.339193 0.253199 0.339844 0.254113 0.340495 0.254113 0.341146 0.254113 0.341797 0.255027 0.342448 0.254113 0.343099 0.254113 0.343750 0.253199 0.344401 0.253199 0.345052 0.253199 0.345703 0.252285 0.346354 0.252285 0.347005 0.252285 0.347656 0.252285 0.348307 0.252285 0.348958 0.251371 0.349609 0.252285 0.350260 0.252285 0.350911 0.251371 0.351562 0.252285 0.352214 0.252285 0.352214 0.251371 0.351562 0.251371 0.350911 0.251371 0.350260 0.250457 0.349609 0.249543 0.348958 0.249543 0.348307 0.249543 0.347656 0.248629 0.347005 0.248629 0.346354 0.248629 0.345703 0.248629 0.345052 0.249543 0.344401 0.248629 0.343750 0.247715 0.343750 0.246801 0.343750 0.245887 0.344401 0.244973 0.345052 0.244059 0.345703 0.243144 0.346354 0.242230 0.347005 0.241316 0.347656 0.241316 0.348307 0.240402 0.347656 0.240402 0.347005 0.240402 0.346354 0.240402 0.345703 0.240402 0.345052 0.240402 0.344401 0.240402 0.343750 0.240402 0.343099 0.241316 0.342448 0.241316 0.341797 0.242230 0.341146 0.241316 0.340495 0.240402 0.339844 0.241316 0.339193 0.240402 0.338542 0.240402 0.337891 0.240402 0.337891 0.241316 0.337240 0.242230 0.336589 0.243144 0.335938 0.243144 0.335286 0.243144 0.334635 0.242230 0.333984 0.241316 0.333984 0.240402 0.333333 0.241316 0.332682 0.241316 0.332031 0.241316 0.331380 0.241316 0.330729 0.241316 0.330078 0.241316 0.329427 0.241316 0.328776 0.240402 0.328125 0.240402 0.327474 0.241316 0.326823 0.242230 0.326172 0.243144 0.325521 0.243144 0.324870 0.243144 0.324219 0.243144 0.323568 0.244059 0.322917 0.243144 0.322266 0.243144 0.321615 0.244059 0.320964 0.244059 0.320312 0.244059 0.319661 0.244059 0.319010 0.244059 0.318359 0.244973 0.317708 0.244973 0.317057 0.244059 0.316406 0.244059 0.315755 0.243144 0.315104 0.242230 0.314453 0.241316 0.313802 0.240402 0.313151 0.239488 0.313151 0.238574 0.312500 0.239488 0.311849 0.239488 0.311198 0.239488 0.310547 0.239488 0.309896 0.239488 0.309245 0.240402 0.308594 0.241316 0.307943 0.240402 0.307292 0.241316 0.306641 0.242230 0.305990 0.241316 0.305339 0.241316 0.304688 0.241316 0.304036 0.241316 0.303385 0.241316 0.302734 0.241316 0.302083 0.240402 0.301432 0.239488 0.300781 0.240402 0.300130 0.239488 0.299479 0.240402 0.298828 0.241316 0.298177 0.241316 0.297526 0.242230 0.296875 0.241316 0.296224 0.240402 0.295573 0.239488 0.294922 0.239488 0.294271 0.238574 0.293620 0.237660 0.294271 0.236746 0.293620 0.237660
0 0.681641 0.235832 0.681641 0.236746 0.680990 0.237660 0.680990 0.238574 0.680990 0.239488 0.680339 0.240402 0.680339 0.241316 0.680339 0.242230 0.680339 0.243144 0.680339 0.244059 0.680990 0.244973 0.680990 0.245887 0.680990 0.246801 0.680339 0.247715 0.680990 0.248629 0.681641 0.249543 0.682292 0.250457 0.682292 0.251371 0.682292 0.252285 0.682943 0.253199 0.682943 0.254113 0.683594 0.255027 0.683594 0.255941 0.683594 0.256856 0.682943 0.257770 0.683594 0.258684 0.684245 0.259598 0.684896 0.260512 0.684896 0.261426 0.684896 0.262340 0.684896 0.263254 0.684896 0.264168 0.684245 0.265082 0.684245 0.265996 0.684245 0.266910 0.684245 0.267824 0.684245 0.268739 0.683594 0.269653 0.682943 0.270567 0.682943 0.271481 0.682943 0.272395 0.683594 0.273309 0.684245 0.272395 0.684896 0.272395 0.685547 0.272395 0.686198 0.271481 0.686849 0.271481 0.687500 0.271481 0.688151 0.272395 0.688802 0.273309 0.688151 0.274223 0.688151 0.275137 0.687500 0.276051 0.686849 0.276965 0.686198 0.277879 0.686849 0.278793 0.686198 0.279707 0.686849 0.280622 0.686198 0.281536 0.685547 0.282450 0.685547 0.283364 0.684896 0.284278 0.684896 0.285192 0.684896 0.286106 0.684245 0.287020 0.684245 0.287934 0.684245 0.288848 0.683594 0.289762 0.683594 0.290676 0.683594 0.291590 0.683594 0.292505 0.682943 0.293419 0.682292 0.294333 0.681641 0.295247 0.680990 0.296161 0.680339 0.297075 0.679688 0.297989 0.679036 0.297989 0.679688 0.298903 0.679688 0.299817 0.679688 0.300731 0.680339 0.301645 0.680990 0.301645 0.681641 0.300731 0.682292 0.299817 0.682292 0.298903 0.682943 0.297989 0.682943 0.297075 0.683594 0.296161 0.684245 0.295247 0.684896 0.295247 0.685547 0.294333 0.686198 0.293419 0.686849 0.293419 0.687500 0.292505 0.688151 0.292505 0.688802 0.292505 0.689453 0.292505 0.690104 0.292505 0.690755 0.292505 0.691406 0.291590 0.692057 0.291590 0.692708 0.292505 0.693359 0.292505 0.694010 0.291590 0.694661 0.292505 0.695312 0.293419 0.695312 0.292505 0.694661 0.291590 0.694010 0.291590 0.693359 0.292505 0.692708 0.291590 0.692057 0.290676 0.691406 0.289762 0.691406 0.288848 0.692057 0.287934 0.692708 0.287020 0.693359 0.286106 0.694010 0.285192 0.694661 0.285192 0.695312 0.286106 0.695964 0.285192 0.696615 0.285192 0.697266 0.285192 0.697917 0.285192 0.698568 0.286106 0.699219 0.285192 0.699870 0.286106 0.700521 0.285192 0.701172 0.286106 0.701823 0.285192 0.702474 0.284278 0.703125 0.283364 0.703776 0.283364 0.704427 0.283364 0.705078 0.284278 0.705729 0.284278 0.706380 0.283364 0.707031 0.284278 0.707682 0.284278 0.708333 0.283364 0.708984 0.283364 0.709635 0.282450 0.710286 0.282450 0.710938 0.281536 0.711589 0.281536 0.712240 0.280622 0.712891 0.280622 0.713542 0.279707 0.714193 0.278793 0.714844 0.278793 0.715495 0.277879 0.716146 0.278793 0.716797 0.277879 0.717448 0.276965 0.716797 0.276051 0.716797 0.275137 0.716797 0.274223 0.717448 0.273309 0.718099 0.272395 0.718750 0.273309 0.719401 0.272395 0.720052 0.272395 0.720703 0.271481 0.721354 0.272395 0.722005 0.273309 0.721354 0.274223 0.720703 0.275137 0.720052 0.276051 0.719401 0.276965 0.720052 0.277879 0.720703 0.277879 0.721354 0.277879 0.722005 0.277879 0.722656 0.276965 0.723307 0.276965 0.723958 0.276965 0.724609 0.276965 0.725260 0.276965 0.725911 0.276051 0.725260 0.275137 0.724609 0.275137 0.723958 0.275137 0.723307 0.275137 0.722656 0.274223 0.722005 0.273309 0.721354 0.272395 0.721354 0.271481 0.721354 0.270567 0.721354 0.269653 0.722005 0.268739 0.722656 0.267824 0.722005 0.266910 0.722656 0.265996 0.723307 0.265082 0.723307 0.264168 0.723307 0.263254 0.723307 0.262340 0.723958 0.261426 0.724609 0.260512 0.724609 0.259598 0.725260 0.258684 0.725260 0.257770 0.725911 0.256856 0.725260 0.255941 0.725260 0.255027 0.724609 0.255027 0.723958 0.255027 0.723307 0.255027 0.722656 0.255027 0.722005 0.255027 0.721354 0.255027 0.720703 0.255941 0.720052 0.256856 0.719401 0.257770 0.718750 0.257770 0.718099 0.257770 0.718099 0.258684 0.717448 0.259598 0.716797 0.260512 0.716146 0.260512 0.715495 0.261426 0.714844 0.262340 0.714193 0.262340 0.714193 0.263254 0.714193 0.264168 0.713542 0.265082 0.713542 0.265996 0.713542 0.266910 0.713542 0.267824 0.713542 0.268739 0.713542 0.269653 0.713542 0.270567 0.712891 0.271481 0.712891 0.272395 0.713542 0.273309 0.714193 0.274223 0.713542 0.275137 0.712891 0.276051 0.712240 0.275137 0.712240 0.276051 0.711589 0.276965 0.710938 0.277879 0.710286 0.278793 0.709635 0.278793 0.708984 0.278793 0.708333 0.278793 0.707682 0.278793 0.707031 0.278793 0.706380 0.277879 0.705729 0.278793 0.705078 0.278793 0.704427 0.279707 0.703776 0.278793 0.703125 0.279707 0.702474 0.279707 0.701823 0.279707 0.701172 0.279707 0.700521 0.278793 0.699870 0.279707 0.699219 0.278793 0.698568 0.278793 0.697917 0.279707 0.697266 0.279707 0.697266 0.280622 0.696615 0.281536 0.695964 0.282450 0.695312 0.281536 0.694661 0.282450 0.694010 0.283364 0.693359 0.283364 0.692708 0.284278 0.692057 0.283364 0.691406 0.283364 0.690755 0.283364 0.690755 0.284278 0.690104 0.285192 0.689453 0.286106 0.688802 0.285192 0.688151 0.284278 0.688151 0.283364 0.687500 0.282450 0.687500 0.281536 0.688151 0.280622 0.688802 0.279707 0.689453 0.278793 0.690104 0.277879 0.690104 0.276965 0.690104 0.276051 0.690755 0.275137 0.691406 0.274223 0.691406 0.273309 0.690755 0.272395 0.691406 0.271481 0.691406 0.270567 0.691406 0.269653 0.691406 0.268739 0.691406 0.267824 0.691406 0.266910 0.691406 0.265996 0.691406 0.265082 0.690755 0.264168 0.690755 0.263254 0.690104 0.262340 0.690755 0.261426 0.690104 0.260512 0.689453 0.259598 0.689453 0.258684 0.689453 0.257770 0.688802 0.256856 0.688802 0.255941 0.688802 0.255027 0.688151 0.254113 0.687500 0.253199 0.686849 0.253199 0.686198 0.252285 0.685547 0.251371 0.686198 0.250457 0.685547 0.249543 0.686198 0.248629 0.685547 0.247715 0.684896 0.246801 0.684245 0.245887 0.684245 0.244973 0.683594 0.244059 0.683594 0.243144 0.683594 0.242230 0.683594 0.241316 0.683594 0.240402 0.683594 0.239488 0.683594 0.238574 0.683594 0.237660 0.682943 0.236746 0.682292 0.235832
0 0.380859 0.235832 0.380859 0.236746 0.380859 0.237660 0.380859 0.238574 0.381510 0.239488 0.382161 0.240402 0.382812 0.241316 0.383464 0.242230 0.384115 0.241316 0.384766 0.241316 0.385417 0.242230 0.386068 0.243144 0.386719 0.244059 0.387370 0.244973 0.388021 0.245887 0.388021 0.246801 0.388021 0.247715 0.388672 0.247715 0.389323 0.248629 0.389974 0.249543 0.390625 0.250457 0.390625 0.251371 0.390625 0.252285 0.389974 0.253199 0.389323 0.254113 0.388672 0.253199 0.388021 0.253199 0.387370 0.252285 0.386719 0.252285 0.386068 0.252285 0.385417 0.252285 0.384766 0.251371 0.384115 0.252285 0.383464 0.251371 0.382812 0.250457 0.382161 0.250457 0.381510 0.251371 0.381510 0.252285 0.380859 0.253199 0.380208 0.254113 0.379557 0.255027 0.378906 0.255027 0.378255 0.255941 0.378255 0.256856 0.378906 0.257770 0.379557 0.257770 0.380208 0.257770 0.380859 0.256856 0.381510 0.256856 0.382161 0.256856 0.382812 0.255941 0.383464 0.255027 0.384115 0.254113 0.384766 0.254113 0.385417 0.254113 0.386068 0.254113 0.386719 0.255027 0.387370 0.255027 0.388021 0.255027 0.388672 0.254113 0.389323 0.255027 0.389974 0.255941 0.389974 0.256856 0.390625 0.257770 0.391276 0.258684 0.391276 0.259598 0.391927 0.259598 0.392578 0.260512 0.393229 0.261426 0.393880 0.262340 0.393229 0.263254 0.393880 0.264168 0.394531 0.265082 0.395182 0.265996 0.395182 0.266910 0.395182 0.267824 0.395833 0.268739 0.396484 0.269653 0.396484 0.270567 0.397135 0.271481 0.396484 0.272395 0.397135 0.273309 0.397786 0.274223 0.398438 0.275137 0.399089 0.276051 0.399740 0.276965 0.399740 0.277879 0.399089 0.278793 0.399740 0.277879 0.400391 0.278793 0.401042 0.279707 0.401042 0.280622 0.401042 0.281536 0.401042 0.282450 0.401693 0.283364 0.402344 0.284278 0.402995 0.283364 0.403646 0.283364 0.404297 0.283364 0.404948 0.282450 0.405599 0.282450 0.406250 0.281536 0.406901 0.282450 0.407552 0.283364 0.406901 0.284278 0.407552 0.285192 0.407552 0.286106 0.407552 0.287020 0.407552 0.287934 0.407552 0.288848 0.407552 0.289762 0.408203 0.289762 0.408854 0.290676 0.409505 0.290676 0.410156 0.291590 0.410807 0.292505 0.410156 0.293419 0.409505 0.294333 0.408854 0.295247 0.408203 0.294333 0.407552 0.295247 0.406901 0.294333 0.406250 0.294333 0.405599 0.295247 0.404948 0.294333 0.404297 0.294333 0.403646 0.294333 0.402995 0.293419 0.402344 0.292505 0.401693 0.291590 0.401042 0.291590 0.400391 0.290676 0.399740 0.290676 0.399089 0.289762 0.398438 0.289762 0.397786 0.289762 0.397135 0.289762 0.396484 0.289762 0.395833 0.289762 0.395182 0.288848 0.394531 0.288848 0.393880 0.287934 0.393229 0.287020 0.392578 0.287020 0.391927 0.287020 0.391276 0.287020 0.390625 0.286106 0.389974 0.285192 0.390625 0.284278 0.389974 0.283364 0.389974 0.282450 0.389974 0.281536 0.390625 0.280622 0.389974 0.279707 0.389323 0.279707 0.388672 0.279707 0.388021 0.278793 0.387370 0.278793 0.386719 0.279707 0.386068 0.278793 0.385417 0.278793 0.384766 0.278793 0.384115 0.277879 0.383464 0.277879 0.382812 0.278793 0.382161 0.278793 0.381510 0.278793 0.380859 0.277879 0.380208 0.276965 0.379557 0.276051 0.378906 0.276051 0.378255 0.276051 0.377604 0.276965 0.378255 0.277879 0.377604 0.278793 0.378255 0.279707 0.378255 0.280622 0.378906 0.279707 0.379557 0.279707 0.380208 0.278793 0.380859 0.278793 0.381510 0.279707 0.382161 0.280622 0.382161 0.281536 0.382161 0.282450 0.382161 0.283364 0.382812 0.283364 0.383464 0.284278 0.384115 0.283364 0.384766 0.283364 0.385417 0.284278 0.386068 0.284278 0.386719 0.285192 0.387370 0.286106 0.388021 0.287020 0.387370 0.287934 0.386719 0.288848 0.386068 0.288848 0.385417 0.288848 0.385417 0.289762 0.386068 0.290676 0.385417 0.291590 0.386068 0.290676 0.386719 0.291590 0.387370 0.291590 0.388021 0.291590 0.388672 0.291590 0.389323 0.290676 0.389974 0.291590 0.390625 0.292505 0.391276 0.293419 0.391927 0.294333 0.392578 0.295247 0.393229 0.295247 0.393880 0.295247 0.394531 0.296161 0.395182 0.296161 0.395833 0.295247 0.396484 0.294333 0.397135 0.294333 0.397786 0.295247 0.398438 0.294333 0.399089 0.294333 0.399740 0.295247 0.400391 0.295247 0.401042 0.295247 0.401693 0.296161 0.402344 0.296161 0.402995 0.296161 0.403646 0.297075 0.404297 0.297989 0.404948 0.297989 0.405599 0.297989 0.406250 0.298903 0.406901 0.299817 0.407552 0.300731 0.407552 0.301645 0.408203 0.302559 0.408854 0.303473 0.409505 0.303473 0.410156 0.304388 0.410807 0.305302 0.411458 0.306216 0.412109 0.306216 0.412760 0.305302 0.413411 0.304388 0.414062 0.304388 0.414714 0.305302 0.415365 0.305302 0.416016 0.306216 0.416667 0.307130 0.416667 0.308044 0.417318 0.308958 0.417969 0.309872 0.418620 0.310786 0.419271 0.309872 0.419922 0.310786 0.419271 0.309872 0.419922 0.308958 0.419922 0.308044 0.419922 0.307130 0.420573 0.306216 0.419922 0.305302 0.419271 0.304388 0.419271 0.303473 0.418620 0.302559 0.417969 0.301645 0.417969 0.300731 0.417969 0.299817 0.417969 0.298903 0.417969 0.297989 0.417969 0.297075 0.417318 0.296161 0.416667 0.295247 0.416016 0.294333 0.415365 0.294333 0.414714 0.293419 0.414062 0.292505 0.413411 0.291590 0.413411 0.290676 0.412760 0.289762 0.412109 0.288848 0.412109 0.287934 0.411458 0.287934 0.410807 0.287020 0.410156 0.286106 0.409505 0.285192 0.408854 0.285192 0.408203 0.284278 0.407552 0.283364 0.407552 0.282450 0.408203 0.281536 0.408203 0.280622 0.408203 0.279707 0.408203 0.278793 0.407552 0.277879 0.406901 0.276965 0.407552 0.276051 0.406901 0.275137 0.406250 0.274223 0.405599 0.273309 0.405599 0.272395 0.406250 0.271481 0.405599 0.270567 0.405599 0.269653 0.406250 0.268739 0.405599 0.267824 0.405599 0.266910 0.406250 0.265996 0.405599 0.265082 0.405599 0.264168 0.404948 0.264168 0.404297 0.265082 0.403646 0.265996 0.402995 0.265996 0.403646 0.266910 0.402995 0.267824 0.402995 0.268739 0.402344 0.269653 0.402995 0.270567 0.403646 0.271481 0.403646 0.272395 0.402995 0.273309 0.403646 0.274223 0.402995 0.275137 0.402344 0.276051 0.401693 0.275137 0.401042 0.274223 0.400391 0.273309 0.399740 0.272395 0.399740 0.271481 0.400391 0.270567 0.401042 0.269653 0.400391 0.268739 0.399740 0.267824 0.399740 0.266910 0.399089 0.265996 0.398438 0.265082 0.398438 0.264168 0.398438 0.263254 0.397786 0.262340 0.397135 0.261426 0.396484 0.260512 0.397135 0.259598 0.396484 0.258684 0.396484 0.257770 0.396484 0.256856 0.396484 0.255941 0.395833 0.255027 0.395182 0.254113 0.394531 0.253199 0.393880 0.252285 0.393880 0.251371 0.393880 0.250457 0.393229 0.249543 0.392578 0.248629 0.391927 0.247715 0.391927 0.246801 0.391927 0.245887 0.391276 0.245887 0.390625 0.244973 0.389974 0.244059 0.390625 0.243144 0.389974 0.244059 0.389323 0.243144 0.388672 0.242230 0.388021 0.241316 0.387370 0.240402 0.387370 0.239488 0.386719 0.238574 0.386068 0.237660 0.385417 0.236746 0.384766 0.236746 0.384115 0.236746 0.383464 0.236746 0.382812 0.236746 0.382161 0.235832 0.381510 0.235832
0 0.650391 0.210238 0.650391 0.211152 0.649740 0.212066 0.649089 0.212980 0.648438 0.212980 0.647786 0.213894 0.647786 0.214808 0.647786 0.215722 0.647135 0.216636 0.647135 0.217550 0.647135 0.218464 0.647135 0.219378 0.646484 0.220293 0.645833 0.221207 0.646484 0.222121 0.646484 0.223035 0.646484 0.223949 0.647135 0.224863 0.647786 0.225777 0.647786 0.226691 0.647786 0.227605 0.648438 0.228519 0.648438 0.229433 0.648438 0.230347 0.648438 0.231261 0.647786 0.232176 0.648438 0.233090 0.647786 0.234004 0.647135 0.234918 0.647786 0.235832 0.647135 0.236746 0.647135 0.237660 0.647135 0.238574 0.647135 0.239488 0.647135 0.240402 0.647135 0.241316 0.647786 0.242230 0.648438 0.243144 0.649089 0.242230 0.649740 0.243144 0.650391 0.244059 0.650391 0.244973 0.650391 0.245887 0.650391 0.246801 0.650391 0.247715 0.650391 0.248629 0.650391 0.249543 0.650391 0.250457 0.651042 0.251371 0.651693 0.252285 0.652344 0.252285 0.652995 0.253199 0.653646 0.254113 0.653646 0.255027 0.653646 0.255941 0.653646 0.256856 0.652995 0.257770 0.653646 0.258684 0.654297 0.259598 0.654297 0.260512 0.654948 0.261426 0.655599 0.262340 0.655599 0.263254 0.656250 0.264168 0.656250 0.265082 0.655599 0.265996 0.655599 0.266910 0.654948 0.267824 0.654297 0.268739 0.654948 0.269653 0.654948 0.270567 0.654948 0.271481 0.654297 0.272395 0.653646 0.273309 0.653646 0.274223 0.653646 0.275137 0.652995 0.276051 0.652344 0.276965 0.652344 0.277879 0.652344 0.278793 0.651693 0.279707 0.651693 0.280622 0.651693 0.281536 0.651042 0.282450 0.651042 0.283364 0.651042 0.284278 0.650391 0.285192 0.650391 0.286106 0.649740 0.287020 0.650391 0.287934 0.649740 0.288848 0.650391 0.288848 0.651042 0.289762 0.651693 0.290676 0.651693 0.291590 0.651693 0.292505 0.651042 0.293419 0.651042 0.294333 0.650391 0.295247 0.650391 0.296161 0.650391 0.297075 0.650391 0.297989 0.650391 0.298903 0.650391 0.299817 0.649740 0.300731 0.650391 0.301645 0.651042 0.302559 0.651042 0.301645 0.651693 0.300731 0.652344 0.299817 0.652995 0.299817 0.652995 0.298903 0.653646 0.297989 0.654297 0.297075 0.654948 0.296161 0.655599 0.295247 0.656250 0.295247 0.656901 0.295247 0.657552 0.294333 0.658203 0.294333 0.658854 0.294333 0.659505 0.293419 0.660156 0.292505 0.660156 0.291590 0.659505 0.290676 0.658854 0.290676 0.658203 0.290676 0.657552 0.291590 0.656901 0.291590 0.656250 0.291590 0.655599 0.291590 0.654948 0.290676 0.654297 0.289762 0.654948 0.288848 0.654297 0.287934 0.654948 0.287020 0.655599 0.286106 0.656250 0.286106 0.656250 0.285192 0.656250 0.284278 0.656901 0.283364 0.656901 0.282450 0.656901 0.281536 0.656901 0.280622 0.656901 0.279707 0.656901 0.278793 0.656901 0.277879 0.656901 0.276965 0.657552 0.276051 0.658203 0.275137 0.658203 0.274223 0.658203 0.273309 0.658203 0.272395 0.658203 0.271481 0.658203 0.270567 0.658854 0.269653 0.658854 0.268739 0.658854 0.267824 0.659505 0.266910 0.659505 0.265996 0.660156 0.265082 0.660156 0.264168 0.660156 0.263254 0.660807 0.262340 0.660807 0.261426 0.660156 0.260512 0.660807 0.259598 0.661458 0.258684 0.662109 0.257770 0.662760 0.258684 0.663411 0.258684 0.664062 0.259598 0.664714 0.259598 0.665365 0.260512 0.666016 0.261426 0.665365 0.262340 0.666016 0.261426 0.666667 0.261426 0.666667 0.260512 0.666667 0.259598 0.667318 0.258684 0.667318 0.257770 0.667318 0.256856 0.667969 0.255941 0.668620 0.255027 0.669271 0.254113 0.669922 0.253199 0.670573 0.252285 0.670573 0.251371 0.670573 0.250457 0.671224 0.249543 0.671224 0.248629 0.670573 0.247715 0.671224 0.246801 0.671224 0.245887 0.671224 0.244973 0.670573 0.244059 0.671224 0.243144 0.671224 0.242230 0.671224 0.241316 0.671875 0.240402 0.672526 0.239488 0.672526 0.238574 0.673177 0.237660 0.673177 0.236746 0.673177 0.235832 0.673177 0.234918 0.673177 0.234004 0.673177 0.233090 0.672526 0.232176 0.673177 0.231261 0.673177 0.230347 0.673828 0.229433 0.674479 0.228519 0.675130 0.227605 0.675781 0.226691 0.675781 0.225777 0.675781 0.224863 0.676432 0.223949 0.675781 0.223035 0.675781 0.222121 0.675130 0.221207 0.675130 0.220293 0.674479 0.221207 0.673828 0.221207 0.673177 0.221207 0.672526 0.221207 0.671875 0.221207 0.671224 0.222121 0.670573 0.223035 0.670573 0.223949 0.670573 0.224863 0.669922 0.225777 0.670573 0.226691 0.670573 0.227605 0.670573 0.228519 0.670573 0.229433 0.670573 0.230347 0.670573 0.231261 0.671224 0.232176 0.670573 0.233090 0.670573 0.234004 0.670573 0.234918 0.669922 0.235832 0.669271 0.236746 0.669271 0.237660 0.669271 0.238574 0.668620 0.239488 0.668620 0.240402 0.669271 0.241316 0.669271 0.242230 0.668620 0.243144 0.667969 0.244059 0.667318 0.243144 0.666667 0.242230 0.666667 0.241316 0.666016 0.241316 0.665365 0.242230 0.664714 0.242230 0.664062 0.242230 0.663411 0.242230 0.662760 0.243144 0.662109 0.244059 0.662109 0.244973 0.662109 0.245887 0.662760 0.246801 0.662109 0.247715 0.662109 0.248629 0.661458 0.249543 0.660807 0.250457 0.660156 0.251371 0.660156 0.252285 0.660156 0.253199 0.659505 0.254113 0.658854 0.255027 0.658203 0.254113 0.657552 0.253199 0.657552 0.252285 0.657552 0.251371 0.656901 0.250457 0.656901 0.249543 0.656250 0.248629 0.655599 0.247715 0.654948 0.246801 0.654948 0.245887 0.655599 0.244973 0.654948 0.244059 0.654297 0.243144 0.654297 0.242230 0.654297 0.241316 0.653646 0.240402 0.653646 0.239488 0.652995 0.239488 0.652344 0.238574 0.651693 0.237660 0.651693 0.236746 0.651693 0.235832 0.651042 0.234918 0.651042 0.234004 0.651042 0.233090 0.651693 0.232176 0.651042 0.231261 0.651693 0.230347 0.651042 0.229433 0.651042 0.228519 0.651042 0.227605 0.650391 0.226691 0.649740 0.225777 0.649089 0.224863 0.649089 0.223949 0.649740 0.223035 0.649740 0.222121 0.649740 0.221207 0.650391 0.220293 0.651042 0.219378 0.651693 0.219378 0.652344 0.218464 0.652995 0.217550 0.653646 0.217550 0.652995 0.216636 0.653646 0.215722 0.652995 0.214808 0.653646 0.213894 0.653646 0.212980 0.652995 0.212066 0.652995 0.211152 0.652344 0.211152 0.651693 0.211152 0.651042 0.211152
0 0.483073 0.198355 0.483073 0.199269 0.482422 0.200183 0.481771 0.201097 0.481771 0.202011 0.481771 0.202925 0.481771 0.203839 0.481771 0.204753 0.482422 0.205667 0.482422 0.206581 0.481771 0.207495 0.481120 0.208410 0.480469 0.209324 0.479818 0.209324 0.479167 0.209324 0.478516 0.210238 0.477865 0.211152 0.477214 0.210238 0.476562 0.209324 0.475911 0.209324 0.475911 0.210238 0.475260 0.211152 0.474609 0.212066 0.473958 0.212066 0.473958 0.212980 0.473307 0.213894 0.473958 0.214808 0.473958 0.215722 0.473307 0.216636 0.473958 0.217550 0.473307 0.218464 0.473307 0.219378 0.473307 0.220293 0.473307 0.221207 0.473307 0.222121 0.473958 0.223035 0.473307 0.223949 0.473958 0.224863 0.473307 0.225777 0.473958 0.226691 0.473307 0.227605 0.473958 0.228519 0.473958 0.229433 0.473958 0.230347 0.474609 0.231261 0.473958 0.232176 0.474609 0.233090 0.475260 0.234004 0.475911 0.234918 0.475911 0.235832 0.476562 0.236746 0.477214 0.237660 0.477214 0.238574 0.477865 0.239488 0.478516 0.240402 0.479167 0.239488 0.479818 0.240402 0.480469 0.241316 0.480469 0.242230 0.479818 0.243144 0.479818 0.244059 0.480469 0.244973 0.481120 0.245887 0.481771 0.245887 0.482422 0.245887 0.483073 0.246801 0.483724 0.247715 0.483724 0.248629 0.483724 0.249543 0.483724 0.250457 0.484375 0.251371 0.483724 0.252285 0.484375 0.251371 0.485026 0.252285 0.485677 0.253199 0.485677 0.254113 0.486328 0.255027 0.486328 0.255941 0.486328 0.256856 0.486328 0.257770 0.486328 0.258684 0.486328 0.259598 0.486328 0.260512 0.486328 0.261426 0.486328 0.262340 0.486328 0.263254 0.486979 0.264168 0.486979 0.265082 0.486979 0.265996 0.486979 0.266910 0.487630 0.267824 0.487630 0.268739 0.487630 0.269653 0.488281 0.270567 0.488932 0.271481 0.488932 0.272395 0.488932 0.273309 0.488932 0.274223 0.489583 0.275137 0.489583 0.276051 0.490234 0.276965 0.490234 0.277879 0.490885 0.278793 0.491536 0.279707 0.490885 0.280622 0.491536 0.281536 0.492188 0.282450 0.492188 0.283364 0.492839 0.284278 0.492839 0.285192 0.493490 0.286106 0.494141 0.287020 0.494141 0.287934 0.494141 0.288848 0.493490 0.289762 0.492839 0.290676 0.492188 0.291590 0.491536 0.290676 0.490885 0.289762 0.490234 0.288848 0.489583 0.287934 0.489583 0.287020 0.489583 0.286106 0.488932 0.285192 0.488281 0.284278 0.488281 0.283364 0.487630 0.283364 0.486979 0.283364 0.486328 0.284278 0.485677 0.285192 0.485677 0.286106 0.485677 0.287020 0.485677 0.287934 0.486328 0.287934 0.486979 0.288848 0.487630 0.289762 0.487630 0.290676 0.487630 0.291590 0.488281 0.292505 0.488281 0.293419 0.488932 0.294333 0.489583 0.295247 0.490234 0.295247 0.490885 0.295247 0.491536 0.296161 0.492188 0.297075 0.492839 0.297989 0.493490 0.298903 0.494141 0.299817 0.494141 0.300731 0.494792 0.301645 0.495443 0.302559 0.495443 0.303473 0.495443 0.304388 0.496094 0.305302 0.496094 0.306216 0.496745 0.307130 0.496745 0.308044 0.497396 0.308958 0.497396 0.309872 0.497396 0.310786 0.497396 0.311700 0.496745 0.312614 0.496094 0.313528 0.495443 0.314442 0.495443 0.315356 0.496094 0.316271 0.495443 0.317185 0.495443 0.318099 0.495443 0.319013 0.495443 0.319927 0.494792 0.320841 0.495443 0.321755 0.494792 0.322669 0.494792 0.323583 0.494141 0.324497 0.494141 0.325411 0.493490 0.326325 0.493490 0.327239 0.492839 0.328154 0.493490 0.329068 0.494141 0.329982 0.493490 0.330896 0.494141 0.331810 0.494141 0.332724 0.494141 0.333638 0.494141 0.334552 0.494141 0.335466 0.494141 0.336380 0.493490 0.337294 0.492839 0.338208 0.492839 0.339122 0.492839 0.340037 0.492839 0.340951 0.493490 0.341865 0.492839 0.342779 0.492188 0.343693 0.492839 0.344607 0.492188 0.345521 0.492188 0.346435 0.492188 0.347349 0.492188 0.348263 0.491536 0.349177 0.491536 0.350091 0.491536 0.351005 0.491536 0.351920 0.491536 0.352834 0.492188 0.353748 0.492188 0.354662 0.492188 0.355576 0.492188 0.356490 0.492839 0.357404 0.492839 0.358318 0.492839 0.359232 0.492188 0.360146 0.491536 0.361060 0.490885 0.360146 0.490234 0.359232 0.489583 0.358318 0.489583 0.357404 0.488932 0.356490 0.488932 0.355576 0.488932 0.354662 0.488932 0.353748 0.488932 0.352834 0.488281 0.351920 0.488281 0.351005 0.488281 0.350091 0.487630 0.349177 0.487630 0.348263 0.487630 0.347349 0.488281 0.346435 0.488281 0.345521 0.487630 0.344607 0.487630 0.343693 0.486979 0.342779 0.486979 0.341865 0.486328 0.342779 0.485677 0.342779 0.485026 0.341865 0.484375 0.340951 0.484375 0.340037 0.485026 0.339122 0.485677 0.338208 0.485677 0.337294 0.485026 0.338208 0.484375 0.337294 0.483724 0.336380 0.483073 0.335466 0.482422 0.334552 0.481771 0.333638 0.481771 0.332724 0.481120 0.332724 0.480469 0.332724 0.479818 0.331810 0.479167 0.330896 0.479167 0.329982 0.478516 0.329068 0.479167 0.328154 0.479818 0.327239 0.480469 0.327239 0.481120 0.326325 0.480469 0.325411 0.480469 0.324497 0.479818 0.323583 0.479818 0.322669 0.479167 0.322669 0.478516 0.321755 0.477865 0.320841 0.477214 0.319927 0.477214 0.319013 0.477214 0.318099 0.477214 0.317185 0.477214 0.316271 0.477214 0.315356 0.477214 0.314442 0.477214 0.313528 0.476562 0.312614 0.477214 0.311700 0.476562 0.310786 0.476562 0.309872 0.476562 0.308958 0.476562 0.308044 0.475911 0.307130 0.476562 0.306216 0.477214 0.305302 0.477214 0.304388 0.477865 0.303473 0.477865 0.302559 0.477214 0.301645 0.476562 0.300731 0.475911 0.299817 0.475260 0.298903 0.475260 0.297989 0.475260 0.297075 0.474609 0.296161 0.474609 0.295247 0.475260 0.294333 0.475260 0.293419 0.474609 0.292505 0.475260 0.291590 0.475260 0.290676 0.475260 0.289762 0.474609 0.289762 0.473958 0.289762 0.473307 0.289762 0.472656 0.288848 0.472005 0.288848 0.471354 0.287934 0.470703 0.288848 0.470052 0.288848 0.470703 0.289762 0.470703 0.290676 0.470703 0.291590 0.471354 0.291590 0.472005 0.292505 0.472656 0.293419 0.472656 0.294333 0.473307 0.295247 0.473307 0.296161 0.473307 0.297075 0.473307 0.297989 0.472656 0.298903 0.472005 0.299817 0.471354 0.298903 0.470703 0.297989 0.470703 0.297075 0.470052 0.296161 0.469401 0.297075 0.468750 0.296161 0.468099 0.295247 0.468099 0.294333 0.468099 0.293419 0.467448 0.292505 0.468099 0.291590 0.467448 0.290676 0.466797 0.290676 0.466146 0.289762 0.465495 0.288848 0.465495 0.287934 0.465495 0.287020 0.464844 0.286106 0.464844 0.285192 0.464844 0.284278 0.465495 0.283364 0.465495 0.282450 0.466146 0.281536 0.466797 0.280622 0.467448 0.280622 0.466797 0.279707 0.467448 0.278793 0.467448 0.277879 0.466797 0.277879 0.466146 0.276965 0.465495 0.276051 0.465495 0.275137 0.465495 0.274223 0.465495 0.273309 0.464844 0.272395 0.464193 0.271481 0.464193 0.270567 0.463542 0.269653 0.463542 0.268739 0.462891 0.267824 0.462891 0.266910 0.462891 0.265996 0.462891 0.265082 0.462891 0.264168 0.462891 0.263254 0.463542 0.262340 0.464193 0.261426 0.464844 0.260512 0.465495 0.259598 0.466146 0.258684 0.466146 0.257770 0.466797 0.256856 0.466797 0.255941 0.466146 0.255027 0.465495 0.255027 0.464844 0.254113 0.464193 0.253199 0.464193 0.252285 0.463542 0.251371 0.462891 0.250457 0.462240 0.250457 0.461589 0.250457 0.460938 0.250457 0.460286 0.251371 0.459635 0.250457 0.458984 0.250457 0.458333 0.250457 0.458984 0.251371 0.458984 0.252285 0.459635 0.253199 0.460286 0.254113 0.460286 0.255027 0.459635 0.255941 0.458984 0.256856 0.458984 0.257770 0.458984 0.258684 0.458984 0.259598 0.459635 0.260512 0.459635 0.261426 0.459635 0.262340 0.458984 0.263254 0.458333 0.264168 0.457682 0.263254 0.457031 0.262340 0.456380 0.261426 0.455729 0.260512 0.455729 0.259598 0.455729 0.258684 0.455729 0.257770 0.455729 0.256856 0.455729 0.255941 0.455078 0.255027 0.455729 0.254113 0.455078 0.253199 0.454427 0.252285 0.454427 0.251371 0.453776 0.250457 0.453776 0.249543 0.453125 0.248629 0.453125 0.247715 0.452474 0.248629 0.451823 0.249543 0.451172 0.248629 0.450521 0.247715 0.449870 0.247715 0.449219 0.247715 0.448568 0.246801 0.447917 0.247715 0.447266 0.246801 0.446615 0.245887 0.446615 0.244973 0.445964 0.244059 0.445312 0.244059 0.444661 0.244973 0.444010 0.244973 0.444010 0.245887 0.443359 0.246801 0.444010 0.247715 0.444010 0.248629 0.444010 0.249543 0.444661 0.250457 0.444661 0.251371 0.444010 0.252285 0.443359 0.253199 0.444010 0.254113 0.444010 0.255027 0.444661 0.255027 0.445312 0.255941 0.445964 0.255027 0.446615 0.255941 0.447266 0.255941 0.447917 0.255941 0.448568 0.255941 0.449219 0.255941 0.449870 0.255941 0.450521 0.256856 0.451172 0.257770 0.451823 0.257770 0.452474 0.258684 0.453125 0.258684 0.453776 0.259598 0.454427 0.260512 0.455078 0.261426 0.455078 0.262340 0.455729 0.263254 0.455729 0.264168 0.455729 0.265082 0.455729 0.265996 0.455729 0.266910 0.456380 0.266910 0.457031 0.266910 0.457682 0.267824 0.458333 0.266910 0.458984 0.267824 0.459635 0.268739 0.459635 0.269653 0.460286 0.270567 0.460286 0.271481 0.460938 0.272395 0.461589 0.273309 0.460938 0.274223 0.461589 0.275137 0.462240 0.276051 0.461589 0.276965 0.461589 0.277879 0.461589 0.278793 0.462240 0.279707 0.462240 0.280622 0.462891 0.281536 0.462891 0.282450 0.462891 0.283364 0.462891 0.284278 0.462891 0.285192 0.462891 0.286106 0.462891 0.287020 0.462891 0.287934 0.463542 0.288848 0.464193 0.288848 0.464844 0.289762 0.465495 0.289762 0.466146 0.290676 0.466797 0.291590 0.466146 0.292505 0.466146 0.293419 0.466146 0.294333 0.465495 0.295247 0.465495 0.296161 0.464844 0.297075 0.465495 0.297989 0.465495 0.298903 0.465495 0.299817 0.466146 0.300731 0.465495 0.301645 0.466146 0.302559 0.466797 0.303473 0.467448 0.304388 0.467448 0.305302 0.467448 0.306216 0.468099 0.307130 0.468099 0.308044 0.468750 0.308958 0.469401 0.308958 0.470052 0.308958 0.470703 0.308958 0.471354 0.308958 0.472005 0.309872 0.472656 0.310786 0.472656 0.311700 0.472005 0.312614 0.472005 0.313528 0.472005 0.314442 0.472656 0.315356 0.472656 0.316271 0.472656 0.317185 0.473307 0.318099 0.472656 0.319013 0.473307 0.319927 0.472656 0.320841 0.473307 0.321755 0.472656 0.322669 0.473307 0.323583 0.473958 0.324497 0.473958 0.325411 0.474609 0.326325 0.474609 0.327239 0.475260 0.328154 0.475260 0.329068 0.475260 0.329982 0.474609 0.330896 0.475260 0.331810 0.475260 0.332724 0.475260 0.333638 0.474609 0.334552 0.475260 0.335466 0.475260 0.336380 0.475911 0.337294 0.476562 0.337294 0.477214 0.337294 0.477865 0.338208 0.478516 0.338208 0.479167 0.339122 0.479818 0.340037 0.480469 0.340951 0.481120 0.341865 0.481120 0.342779 0.481771 0.343693 0.481771 0.344607 0.481771 0.345521 0.482422 0.346435 0.483073 0.347349 0.483724 0.348263 0.483724 0.349177 0.484375 0.349177 0.485026 0.350091 0.485677 0.351005 0.485026 0.351920 0.485026 0.352834 0.485677 0.353748 0.485677 0.354662 0.486328 0.355576 0.486979 0.356490 0.486328 0.357404 0.486979 0.358318 0.486979 0.359232 0.487630 0.360146 0.488281 0.361060 0.488281 0.361974 0.488281 0.362888 0.488932 0.363803 0.489583 0.364717 0.488932 0.365631 0.488281 0.366545 0.487630 0.367459 0.486979 0.368373 0.486979 0.369287 0.487630 0.370201 0.488281 0.371115 0.488932 0.372029 0.489583 0.372943 0.490234 0.372943 0.490885 0.373857 0.491536 0.374771 0.492188 0.375686 0.492839 0.376600 0.493490 0.376600 0.494141 0.377514 0.494792 0.378428 0.494792 0.379342 0.495443 0.380256 0.494792 0.381170 0.494792 0.382084 0.495443 0.382998 0.496094 0.383912 0.496745 0.384826 0.496745 0.385740 0.496745 0.386654 0.496094 0.387569 0.496745 0.388483 0.496745 0.389397 0.496094 0.390311 0.495443 0.391225 0.495443 0.392139 0.494792 0.393053 0.494792 0.393967 0.494792 0.394881 0.494141 0.395795 0.493490 0.396709 0.493490 0.397623 0.492839 0.398537 0.492188 0.399452 0.491536 0.400366 0.490885 0.401280 0.490234 0.401280 0.490234 0.402194 0.489583 0.403108 0.489583 0.404022 0.488932 0.404936 0.489583 0.405850 0.490234 0.406764 0.490885 0.406764 0.490885 0.405850 0.491536 0.404936 0.492188 0.404022 0.492188 0.403108 0.492839 0.402194 0.493490 0.401280 0.494141 0.400366 0.494792 0.399452 0.495443 0.398537 0.496094 0.397623 0.496094 0.396709 0.496745 0.395795 0.496745 0.394881 0.496745 0.393967 0.497396 0.393053 0.497396 0.392139 0.498047 0.391225 0.498698 0.390311 0.498698 0.389397 0.498698 0.388483 0.499349 0.387569 0.499349 0.386654 0.499349 0.385740 0.499349 0.384826 0.499349 0.383912 0.499349 0.382998 0.498698 0.382084 0.498698 0.381170 0.498047 0.380256 0.497396 0.379342 0.497396 0.378428 0.498047 0.377514 0.498047 0.376600 0.497396 0.375686 0.498047 0.374771 0.497396 0.374771 0.496745 0.374771 0.496094 0.375686 0.495443 0.375686 0.494792 0.375686 0.494141 0.375686 0.493490 0.374771 0.492839 0.373857 0.492188 0.372943 0.491536 0.372029 0.491536 0.371115 0.491536 0.370201 0.492188 0.369287 0.491536 0.368373 0.492188 0.367459 0.492188 0.366545 0.492188 0.365631 0.492188 0.364717 0.492188 0.363803 0.492188 0.362888 0.492188 0.361974 0.492839 0.361060 0.493490 0.360146 0.494141 0.360146 0.494792 0.361060 0.495443 0.361060 0.496094 0.360146 0.495443 0.359232 0.495443 0.358318 0.494792 0.357404 0.495443 0.356490 0.494792 0.356490 0.494141 0.355576 0.493490 0.354662 0.493490 0.353748 0.493490 0.352834 0.494141 0.351920 0.493490 0.351005 0.493490 0.350091 0.493490 0.349177 0.493490 0.348263 0.494141 0.347349 0.493490 0.346435 0.494141 0.345521 0.493490 0.344607 0.494141 0.343693 0.494141 0.342779 0.493490 0.341865 0.494141 0.340951 0.494792 0.340037 0.495443 0.339122 0.496094 0.338208 0.496094 0.337294 0.496745 0.336380 0.496745 0.335466 0.497396 0.334552 0.497396 0.333638 0.497396 0.332724 0.497396 0.331810 0.497396 0.330896 0.498047 0.329982 0.498698 0.329068 0.498698 0.328154 0.498047 0.327239 0.497396 0.326325 0.497396 0.325411 0.498047 0.324497 0.497396 0.323583 0.498047 0.322669 0.498698 0.321755 0.498698 0.320841 0.499349 0.319927 0.499349 0.319013 0.500000 0.318099 0.500000 0.317185 0.500651 0.316271 0.501302 0.315356 0.500651 0.314442 0.501302 0.313528 0.501302 0.312614 0.501302 0.311700 0.501302 0.310786 0.501302 0.309872 0.501302 0.308958 0.500651 0.308044 0.501302 0.307130 0.501302 0.306216 0.500651 0.305302 0.500000 0.305302 0.499349 0.304388 0.498698 0.303473 0.498047 0.302559 0.497396 0.301645 0.496745 0.300731 0.496745 0.299817 0.496094 0.298903 0.495443 0.297989 0.494792 0.297075 0.494792 0.296161 0.494792 0.295247 0.494792 0.294333 0.494141 0.293419 0.494792 0.292505 0.495443 0.291590 0.496094 0.290676 0.495443 0.289762 0.496094 0.288848 0.496745 0.287934 0.497396 0.287020 0.497396 0.286106 0.497396 0.285192 0.497396 0.284278 0.497396 0.283364 0.496745 0.282450 0.496745 0.281536 0.496745 0.280622 0.496094 0.279707 0.495443 0.278793 0.494792 0.278793 0.494141 0.277879 0.493490 0.276965 0.492839 0.276051 0.492839 0.275137 0.492839 0.274223 0.493490 0.273309 0.492839 0.272395 0.492188 0.271481 0.492839 0.270567 0.492839 0.269653 0.492188 0.268739 0.492188 0.267824 0.492188 0.266910 0.492188 0.265996 0.491536 0.265082 0.490885 0.264168 0.490234 0.265082 0.489583 0.264168 0.488932 0.263254 0.488932 0.262340 0.488932 0.261426 0.489583 0.260512 0.488932 0.259598 0.488281 0.258684 0.488281 0.257770 0.488281 0.256856 0.487630 0.255941 0.487630 0.255027 0.486979 0.254113 0.486979 0.253199 0.487630 0.252285 0.488281 0.251371 0.488932 0.250457 0.489583 0.249543 0.490234 0.250457 0.490885 0.251371 0.491536 0.251371 0.492188 0.251371 0.492839 0.251371 0.493490 0.250457 0.494141 0.250457 0.494792 0.251371 0.495443 0.251371 0.496094 0.250457 0.496745 0.249543 0.496094 0.248629 0.496094 0.247715 0.495443 0.246801 0.494792 0.245887 0.495443 0.244973 0.496094 0.244059 0.495443 0.243144 0.494792 0.242230 0.494141 0.241316 0.494792 0.240402 0.494141 0.239488 0.493490 0.239488 0.492839 0.240402 0.492188 0.240402 0.491536 0.240402 0.490885 0.240402 0.490234 0.240402 0.489583 0.240402 0.489583 0.241316 0.488932 0.242230 0.488281 0.243144 0.488281 0.244059 0.487630 0.244973 0.486979 0.245887 0.486328 0.244973 0.485677 0.244059 0.485026 0.243144 0.484375 0.242230 0.483724 0.241316 0.483073 0.240402 0.482422 0.239488 0.482422 0.238574 0.481771 0.238574 0.481120 0.237660 0.480469 0.236746 0.480469 0.235832 0.479818 0.234918 0.479818 0.234004 0.479818 0.233090 0.479167 0.232176 0.479818 0.231261 0.479167 0.230347 0.478516 0.229433 0.478516 0.228519 0.477865 0.227605 0.477865 0.226691 0.477865 0.225777 0.477865 0.224863 0.477214 0.223949 0.477865 0.223035 0.477214 0.222121 0.477865 0.221207 0.477865 0.220293 0.478516 0.219378 0.478516 0.218464 0.479167 0.217550 0.479818 0.216636 0.479818 0.215722 0.480469 0.214808 0.480469 0.213894 0.481120 0.212980 0.481771 0.212066 0.481771 0.211152 0.482422 0.210238 0.481771 0.209324 0.482422 0.208410 0.483073 0.207495 0.482422 0.206581 0.483073 0.205667 0.483724 0.204753 0.484375 0.203839 0.484375 0.202925 0.484375 0.202011 0.484375 0.201097 0.485026 0.200183 0.484375 0.199269 0.483724 0.198355
0 0.636068 0.169104 0.635417 0.170018 0.634766 0.170018 0.634115 0.170018 0.633464 0.170018 0.632812 0.170932 0.632161 0.170932 0.631510 0.170932 0.630859 0.170932 0.630208 0.171846 0.629557 0.171846 0.628906 0.172761 0.628255 0.172761 0.628255 0.173675 0.628255 0.174589 0.627604 0.175503 0.627604 0.176417 0.627604 0.177331 0.627604 0.178245 0.628255 0.179159 0.627604 0.180073 0.627604 0.180987 0.628255 0.181901 0.628906 0.182815 0.629557 0.183729 0.630208 0.184644 0.629557 0.185558 0.629557 0.186472 0.629557 0.187386 0.628906 0.188300 0.629557 0.189214 0.629557 0.190128 0.628906 0.191042 0.628255 0.191956 0.628906 0.192870 0.629557 0.193784 0.629557 0.194698 0.629557 0.195612 0.629557 0.196527 0.628906 0.197441 0.628255 0.198355 0.627604 0.199269 0.626953 0.199269 0.626302 0.200183 0.625651 0.199269 0.625000 0.198355 0.625651 0.197441 0.625000 0.196527 0.625651 0.195612 0.625000 0.195612 0.624349 0.195612 0.623698 0.195612 0.623047 0.195612 0.623047 0.196527 0.622396 0.197441 0.622396 0.198355 0.621745 0.199269 0.621745 0.200183 0.621094 0.201097 0.621094 0.202011 0.621094 0.202925 0.621094 0.203839 0.621094 0.204753 0.620443 0.205667 0.619792 0.206581 0.619141 0.206581 0.618490 0.205667 0.617839 0.205667 0.617188 0.205667 0.616536 0.205667 0.615885 0.204753 0.615234 0.203839 0.614583 0.202925 0.615234 0.202011 0.615885 0.201097 0.615885 0.200183 0.615885 0.199269 0.615885 0.198355 0.615885 0.197441 0.615885 0.196527 0.615234 0.197441 0.614583 0.198355 0.613932 0.198355 0.614583 0.199269 0.613932 0.200183 0.613281 0.201097 0.612630 0.200183 0.611979 0.200183 0.611328 0.200183 0.610677 0.201097 0.610026 0.201097 0.609375 0.202011 0.608724 0.202925 0.608073 0.202011 0.607422 0.202011 0.606771 0.202011 0.606120 0.202925 0.605469 0.202011 0.604818 0.202925 0.604167 0.203839 0.603516 0.203839 0.602865 0.204753 0.602214 0.204753 0.601562 0.205667 0.600911 0.206581 0.600260 0.206581 0.599609 0.207495 0.598958 0.208410 0.598307 0.208410 0.597656 0.208410 0.597005 0.208410 0.596354 0.209324 0.595703 0.209324 0.595052 0.210238 0.594401 0.210238 0.593750 0.210238 0.593099 0.211152 0.592448 0.211152 0.591797 0.212066 0.591146 0.212980 0.591797 0.213894 0.591146 0.214808 0.590495 0.215722 0.589844 0.216636 0.589193 0.217550 0.588542 0.217550 0.587891 0.217550 0.587240 0.217550 0.586589 0.217550 0.585938 0.216636 0.585286 0.216636 0.584635 0.217550 0.583984 0.217550 0.583333 0.217550 0.582682 0.217550 0.582031 0.217550 0.582031 0.218464 0.582031 0.219378 0.582031 0.220293 0.581380 0.221207 0.582031 0.222121 0.582031 0.223035 0.582682 0.223949 0.582682 0.224863 0.582682 0.225777 0.582031 0.226691 0.582682 0.227605 0.582682 0.228519 0.583333 0.229433 0.583984 0.230347 0.583984 0.231261 0.583333 0.232176 0.583333 0.233090 0.582682 0.234004 0.582682 0.234918 0.582682 0.235832 0.582682 0.236746 0.582031 0.237660 0.582682 0.238574 0.582031 0.239488 0.581380 0.240402 0.580729 0.241316 0.580078 0.241316 0.579427 0.242230 0.580078 0.243144 0.579427 0.244059 0.580078 0.244973 0.580078 0.245887 0.579427 0.246801 0.578776 0.247715 0.578125 0.248629 0.578125 0.249543 0.577474 0.250457 0.577474 0.251371 0.576823 0.252285 0.576172 0.253199 0.576172 0.254113 0.575521 0.255027 0.575521 0.255941 0.576172 0.256856 0.576172 0.257770 0.575521 0.258684 0.575521 0.259598 0.575521 0.260512 0.576172 0.261426 0.576172 0.262340 0.576172 0.263254 0.575521 0.264168 0.574870 0.265082 0.574219 0.265082 0.574219 0.265996 0.574219 0.266910 0.573568 0.267824 0.573568 0.268739 0.573568 0.269653 0.573568 0.270567 0.572917 0.271481 0.572917 0.272395 0.572266 0.273309 0.571615 0.274223 0.570964 0.274223 0.570312 0.273309 0.569661 0.272395 0.569661 0.271481 0.569661 0.270567 0.569661 0.269653 0.569661 0.268739 0.569661 0.267824 0.569661 0.266910 0.569661 0.265996 0.569661 0.265082 0.569661 0.264168 0.569661 0.263254 0.569661 0.264168 0.569010 0.265082 0.568359 0.265996 0.568359 0.266910 0.567708 0.267824 0.567708 0.268739 0.567057 0.269653 0.567708 0.270567 0.567057 0.271481 0.567057 0.272395 0.567057 0.273309 0.567057 0.274223 0.566406 0.275137 0.566406 0.276051 0.566406 0.276965 0.566406 0.277879 0.567057 0.278793 0.566406 0.279707 0.566406 0.280622 0.566406 0.281536 0.567057 0.282450 0.567057 0.283364 0.566406 0.284278 0.567057 0.285192 0.567057 0.286106 0.566406 0.287020 0.565755 0.287934 0.566406 0.288848 0.567057 0.288848 0.567057 0.287934 0.567708 0.287020 0.568359 0.286106 0.569010 0.287020 0.569661 0.287934 0.570312 0.288848 0.569661 0.289762 0.569010 0.290676 0.569010 0.291590 0.568359 0.292505 0.567708 0.293419 0.567057 0.293419 0.566406 0.292505 0.565755 0.291590 0.565104 0.290676 0.564453 0.290676 0.563802 0.290676 0.563802 0.291590 0.563151 0.292505 0.563802 0.293419 0.563151 0.294333 0.563151 0.295247 0.562500 0.296161 0.561849 0.297075 0.561198 0.296161 0.560547 0.295247 0.559896 0.294333 0.559896 0.293419 0.560547 0.292505 0.559896 0.291590 0.559245 0.292505 0.558594 0.291590 0.557943 0.291590 0.557292 0.291590 0.556641 0.291590 0.556641 0.292505 0.556641 0.293419 0.556641 0.294333 0.556641 0.295247 0.557292 0.296161 0.557292 0.297075 0.557292 0.297989 0.556641 0.298903 0.555990 0.299817 0.555339 0.300731 0.554688 0.301645 0.554036 0.302559 0.554688 0.303473 0.554688 0.304388 0.555339 0.305302 0.555339 0.306216 0.554688 0.307130 0.555339 0.308044 0.555339 0.308958 0.554688 0.309872 0.554036 0.310786 0.553385 0.311700 0.552734 0.311700 0.552083 0.312614 0.551432 0.313528 0.550781 0.314442 0.550130 0.315356 0.549479 0.316271 0.548828 0.317185 0.548177 0.318099 0.548828 0.319013 0.548828 0.319927 0.548828 0.320841 0.548828 0.321755 0.549479 0.321755 0.550130 0.320841 0.550781 0.321755 0.551432 0.320841 0.552083 0.319927 0.552734 0.320841 0.553385 0.319927 0.554036 0.319927 0.554688 0.319013 0.555339 0.319927 0.554688 0.319013 0.555339 0.318099 0.555990 0.317185 0.556641 0.317185 0.556641 0.316271 0.557292 0.315356 0.557943 0.314442 0.558594 0.313528 0.559245 0.313528 0.559896 0.312614 0.560547 0.311700 0.560547 0.310786 0.560547 0.309872 0.560547 0.308958 0.560547 0.308044 0.561198 0.307130 0.561849 0.306216 0.562500 0.306216 0.562500 0.305302 0.562500 0.304388 0.562500 0.303473 0.562500 0.302559 0.563151 0.301645 0.563802 0.300731 0.564453 0.299817 0.565104 0.298903 0.565755 0.297989 0.566406 0.297075 0.567057 0.297075 0.567708 0.297075 0.568359 0.296161 0.569010 0.296161 0.569661 0.295247 0.570312 0.294333 0.570964 0.294333 0.571615 0.293419 0.572266 0.294333 0.572917 0.294333 0.573568 0.294333 0.574219 0.294333 0.574870 0.295247 0.575521 0.296161 0.576172 0.295247 0.576823 0.296161 0.577474 0.296161 0.578125 0.295247 0.578125 0.294333 0.578125 0.293419 0.578125 0.292505 0.577474 0.292505 0.576823 0.291590 0.576172 0.291590 0.575521 0.290676 0.574870 0.290676 0.574219 0.290676 0.573568 0.289762 0.572917 0.288848 0.573568 0.287934 0.574219 0.287020 0.574870 0.286106 0.575521 0.286106 0.576172 0.285192 0.576823 0.285192 0.577474 0.284278 0.578125 0.283364 0.578125 0.282450 0.578125 0.281536 0.578776 0.280622 0.578776 0.279707 0.579427 0.278793 0.579427 0.277879 0.579427 0.276965 0.578776 0.276051 0.578125 0.275137 0.578125 0.274223 0.577474 0.273309 0.578125 0.272395 0.578125 0.271481 0.578125 0.270567 0.577474 0.269653 0.577474 0.268739 0.577474 0.267824 0.578125 0.266910 0.577474 0.265996 0.578125 0.265082 0.578776 0.264168 0.578776 0.263254 0.579427 0.262340 0.579427 0.261426 0.579427 0.260512 0.579427 0.259598 0.580078 0.258684 0.580078 0.257770 0.580729 0.256856 0.580078 0.255941 0.580729 0.255027 0.580078 0.254113 0.580078 0.253199 0.580729 0.252285 0.580729 0.251371 0.581380 0.250457 0.581380 0.249543 0.582031 0.248629 0.582682 0.247715 0.582682 0.246801 0.583333 0.245887 0.583984 0.244973 0.584635 0.244059 0.585286 0.244059 0.585938 0.243144 0.585286 0.243144 0.584635 0.242230 0.583984 0.241316 0.583984 0.240402 0.584635 0.239488 0.585286 0.238574 0.585938 0.237660 0.585286 0.236746 0.585286 0.235832 0.585938 0.234918 0.586589 0.234004 0.587240 0.233090 0.587891 0.232176 0.588542 0.231261 0.588542 0.230347 0.589193 0.229433 0.589844 0.228519 0.589844 0.227605 0.590495 0.226691 0.591146 0.225777 0.591797 0.224863 0.592448 0.223949 0.591797 0.223035 0.592448 0.222121 0.593099 0.221207 0.593750 0.220293 0.593750 0.219378 0.594401 0.218464 0.594401 0.217550 0.595052 0.216636 0.595052 0.215722 0.595703 0.214808 0.596354 0.213894 0.597005 0.212980 0.597656 0.213894 0.598307 0.212980 0.598958 0.212980 0.599609 0.212066 0.600260 0.212066 0.600911 0.211152 0.601562 0.211152 0.602214 0.211152 0.602865 0.211152 0.603516 0.211152 0.604167 0.212066 0.604818 0.212980 0.605469 0.212066 0.606120 0.212066 0.606771 0.212980 0.607422 0.213894 0.608073 0.214808 0.608724 0.214808 0.609375 0.214808 0.610026 0.214808 0.610677 0.214808 0.611328 0.213894 0.611979 0.213894 0.612630 0.213894 0.613281 0.213894 0.613932 0.214808 0.614583 0.214808 0.615234 0.214808 0.615885 0.214808 0.616536 0.213894 0.617188 0.212980 0.617839 0.212066 0.618490 0.211152 0.619141 0.212066 0.619792 0.212066 0.620443 0.211152 0.621094 0.211152 0.621745 0.211152 0.621745 0.210238 0.622396 0.209324 0.623047 0.208410 0.623698 0.208410 0.624349 0.208410 0.625000 0.208410 0.625651 0.207495 0.626302 0.206581 0.626953 0.205667 0.627604 0.205667 0.628255 0.204753 0.628906 0.203839 0.629557 0.202925 0.630208 0.202011 0.630859 0.201097 0.631510 0.200183 0.632161 0.201097 0.632812 0.202011 0.633464 0.202925 0.634115 0.203839 0.634115 0.204753 0.634766 0.205667 0.634766 0.206581 0.634115 0.207495 0.634115 0.208410 0.633464 0.209324 0.634115 0.210238 0.634766 0.210238 0.635417 0.209324 0.634766 0.208410 0.635417 0.207495 0.636068 0.206581 0.636068 0.205667 0.636719 0.204753 0.636719 0.203839 0.637370 0.202925 0.638021 0.202011 0.638672 0.201097 0.639323 0.202011 0.639974 0.202011 0.640625 0.202925 0.641276 0.202925 0.641927 0.202925 0.642578 0.203839 0.643229 0.202925 0.643880 0.202925 0.643880 0.202011 0.644531 0.201097 0.645182 0.200183 0.645182 0.199269 0.645833 0.198355 0.645182 0.197441 0.644531 0.196527 0.644531 0.195612 0.644531 0.194698 0.643880 0.195612 0.643229 0.194698 0.642578 0.194698 0.641927 0.194698 0.641276 0.194698 0.640625 0.195612 0.639974 0.194698 0.639323 0.195612 0.638672 0.195612 0.638021 0.195612 0.637370 0.196527 0.636719 0.196527 0.636068 0.196527 0.635417 0.195612 0.634766 0.194698 0.634766 0.193784 0.635417 0.192870 0.636068 0.191956 0.635417 0.191956 0.634766 0.191042 0.634115 0.190128 0.633464 0.190128 0.632812 0.189214 0.632161 0.188300 0.632161 0.187386 0.632812 0.186472 0.632812 0.185558 0.632161 0.184644 0.632812 0.183729 0.633464 0.182815 0.634115 0.181901 0.634115 0.180987 0.634766 0.180073 0.635417 0.179159 0.636068 0.179159 0.636719 0.178245 0.636719 0.177331 0.637370 0.176417 0.638021 0.175503 0.638672 0.175503 0.639323 0.174589 0.639974 0.174589 0.639323 0.173675 0.639323 0.172761 0.639974 0.171846 0.639323 0.170932 0.639974 0.170018 0.639323 0.170018 0.638672 0.169104 0.638021 0.170018 0.637370 0.169104 0.636719 0.169104
0 0.355469 0.156307 0.354818 0.157221 0.354167 0.158135 0.354167 0.159049 0.354167 0.159963 0.354167 0.160878 0.354818 0.161792 0.354167 0.162706 0.354818 0.163620 0.355469 0.164534 0.356120 0.165448 0.356120 0.166362 0.356771 0.167276 0.356120 0.168190 0.355469 0.169104 0.354818 0.170018 0.354818 0.170932 0.355469 0.170932 0.356120 0.171846 0.356771 0.171846 0.357422 0.170932 0.357422 0.170018 0.358073 0.169104 0.358073 0.168190 0.357422 0.167276 0.358073 0.166362 0.358724 0.165448 0.359375 0.165448 0.360026 0.166362 0.360677 0.165448 0.361328 0.166362 0.361979 0.166362 0.362630 0.166362 0.363281 0.167276 0.363932 0.168190 0.363932 0.169104 0.363281 0.170018 0.363281 0.170932 0.363932 0.171846 0.363932 0.172761 0.364583 0.173675 0.365234 0.174589 0.365234 0.175503 0.365885 0.176417 0.366536 0.177331 0.367188 0.178245 0.367188 0.179159 0.367188 0.180073 0.367188 0.180987 0.367839 0.181901 0.367839 0.182815 0.367839 0.183729 0.368490 0.184644 0.369141 0.185558 0.369141 0.186472 0.369792 0.187386 0.370443 0.188300 0.370443 0.189214 0.370443 0.190128 0.370443 0.191042 0.370443 0.191956 0.370443 0.192870 0.370443 0.193784 0.370443 0.194698 0.371094 0.195612 0.371094 0.196527 0.371094 0.197441 0.371745 0.198355 0.371745 0.199269 0.372396 0.200183 0.373047 0.201097 0.373698 0.202011 0.374349 0.202925 0.374349 0.203839 0.374349 0.204753 0.374349 0.205667 0.373698 0.206581 0.373047 0.207495 0.372396 0.206581 0.371745 0.205667 0.371094 0.205667 0.370443 0.204753 0.369792 0.203839 0.370443 0.202925 0.369792 0.203839 0.369141 0.202925 0.368490 0.202925 0.367839 0.202925 0.367188 0.202925 0.366536 0.203839 0.365885 0.204753 0.365234 0.203839 0.364583 0.203839 0.363932 0.203839 0.363281 0.202925 0.362630 0.202925 0.361979 0.202011 0.361328 0.202011 0.360677 0.202011 0.360026 0.201097 0.359375 0.201097 0.358724 0.201097 0.358073 0.202011 0.357422 0.202011 0.356771 0.201097 0.356120 0.201097 0.355469 0.201097 0.354818 0.201097 0.354167 0.200183 0.353516 0.200183 0.352865 0.200183 0.352214 0.199269 0.351562 0.198355 0.350911 0.197441 0.350260 0.197441 0.349609 0.196527 0.348958 0.195612 0.348307 0.195612 0.347656 0.194698 0.347005 0.193784 0.346354 0.192870 0.345703 0.191956 0.345052 0.191042 0.345052 0.190128 0.344401 0.190128 0.343750 0.189214 0.343099 0.188300 0.343750 0.187386 0.343750 0.186472 0.343750 0.185558 0.343750 0.184644 0.343750 0.183729 0.343099 0.182815 0.343099 0.181901 0.342448 0.180987 0.342448 0.180073 0.341797 0.179159 0.341797 0.178245 0.341146 0.178245 0.340495 0.177331 0.339844 0.176417 0.339193 0.175503 0.338542 0.175503 0.337891 0.176417 0.337240 0.175503 0.336589 0.175503 0.335938 0.176417 0.335286 0.176417 0.334635 0.177331 0.333984 0.178245 0.334635 0.179159 0.334635 0.180073 0.334635 0.180987 0.335286 0.180987 0.335938 0.181901 0.336589 0.182815 0.337240 0.183729 0.337891 0.182815 0.338542 0.183729 0.339193 0.184644 0.339193 0.185558 0.339844 0.186472 0.339844 0.187386 0.340495 0.188300 0.340495 0.189214 0.341146 0.189214 0.341797 0.190128 0.342448 0.191042 0.343099 0.191956 0.343099 0.192870 0.343750 0.193784 0.343099 0.194698 0.342448 0.195612 0.343099 0.196527 0.342448 0.197441 0.341797 0.198355 0.341146 0.199269 0.340495 0.199269 0.340495 0.200183 0.341146 0.200183 0.341797 0.201097 0.342448 0.202011 0.341797 0.202925 0.341797 0.203839 0.341146 0.204753 0.341146 0.205667 0.340495 0.206581 0.339844 0.207495 0.339193 0.206581 0.338542 0.206581 0.337891 0.206581 0.337240 0.206581 0.336589 0.205667 0.335938 0.204753 0.335938 0.203839 0.335286 0.202925 0.335938 0.202011 0.335286 0.202011 0.334635 0.202011 0.333984 0.202011 0.333333 0.201097 0.332682 0.202011 0.332031 0.201097 0.331380 0.201097 0.330729 0.201097 0.330078 0.201097 0.329427 0.201097 0.328776 0.200183 0.328125 0.199269 0.327474 0.198355 0.326823 0.199269 0.326172 0.198355 0.325521 0.199269 0.324870 0.199269 0.324219 0.199269 0.323568 0.199269 0.322917 0.199269 0.322266 0.198355 0.321615 0.197441 0.320964 0.196527 0.320312 0.195612 0.320312 0.194698 0.319661 0.193784 0.319661 0.192870 0.319010 0.191956 0.319010 0.191042 0.319010 0.190128 0.319010 0.189214 0.319010 0.188300 0.319010 0.187386 0.318359 0.186472 0.317708 0.186472 0.317057 0.186472 0.316406 0.187386 0.315755 0.187386 0.315104 0.186472 0.314453 0.186472 0.313802 0.186472 0.313151 0.186472 0.312500 0.186472 0.311849 0.187386 0.311198 0.188300 0.311198 0.189214 0.310547 0.190128 0.310547 0.191042 0.311198 0.191956 0.311849 0.192870 0.312500 0.193784 0.313151 0.194698 0.313802 0.195612 0.313802 0.196527 0.313802 0.197441 0.313151 0.198355 0.313151 0.199269 0.313802 0.200183 0.313802 0.201097 0.314453 0.202011 0.314453 0.202925 0.315104 0.203839 0.315104 0.204753 0.315755 0.205667 0.315104 0.206581 0.314453 0.207495 0.313802 0.206581 0.313151 0.206581 0.312500 0.205667 0.311849 0.204753 0.311849 0.203839 0.311198 0.202925 0.311849 0.202011 0.311198 0.201097 0.310547 0.200183 0.310547 0.199269 0.310547 0.198355 0.309896 0.199269 0.309245 0.199269 0.308594 0.200183 0.307943 0.201097 0.307943 0.202011 0.307943 0.202925 0.307292 0.203839 0.306641 0.204753 0.305990 0.204753 0.305339 0.203839 0.304688 0.202925 0.304036 0.202925 0.303385 0.202925 0.302734 0.202925 0.302083 0.202011 0.301432 0.202925 0.301432 0.203839 0.300781 0.204753 0.300130 0.205667 0.299479 0.206581 0.299479 0.207495 0.300130 0.207495 0.300781 0.207495 0.301432 0.208410 0.302083 0.208410 0.302734 0.209324 0.303385 0.209324 0.304036 0.210238 0.304688 0.211152 0.305339 0.211152 0.305990 0.212066 0.306641 0.212980 0.307292 0.212066 0.307943 0.212980 0.308594 0.212066 0.309245 0.212066 0.309896 0.211152 0.310547 0.211152 0.311198 0.212066 0.311849 0.211152 0.312500 0.210238 0.313151 0.211152 0.313802 0.211152 0.314453 0.212066 0.315104 0.211152 0.315755 0.212066 0.316406 0.212980 0.317057 0.212066 0.317708 0.212066 0.318359 0.212066 0.319010 0.211152 0.319661 0.211152 0.320312 0.210238 0.320964 0.209324 0.321615 0.208410 0.322266 0.208410 0.322917 0.208410 0.323568 0.207495 0.324219 0.208410 0.324870 0.208410 0.325521 0.209324 0.326172 0.209324 0.326823 0.209324 0.327474 0.210238 0.328125 0.209324 0.328776 0.209324 0.329427 0.209324 0.330078 0.209324 0.330729 0.208410 0.331380 0.208410 0.332031 0.208410 0.332682 0.207495 0.333333 0.207495 0.333984 0.207495 0.334635 0.206581 0.335286 0.207495 0.335938 0.208410 0.336589 0.209324 0.336589 0.210238 0.337240 0.211152 0.336589 0.212066 0.336589 0.212980 0.335938 0.213894 0.335938 0.214808 0.335938 0.215722 0.335938 0.216636 0.336589 0.215722 0.337240 0.215722 0.337891 0.214808 0.338542 0.213894 0.339193 0.213894 0.339844 0.212980 0.340495 0.212980 0.341146 0.212066 0.341797 0.211152 0.342448 0.211152 0.343099 0.211152 0.343750 0.211152 0.344401 0.211152 0.345052 0.212066 0.345052 0.211152 0.345703 0.210238 0.345052 0.210238 0.344401 0.209324 0.343750 0.208410 0.343750 0.207495 0.344401 0.206581 0.343750 0.205667 0.344401 0.204753 0.345052 0.203839 0.345703 0.204753 0.346354 0.203839 0.347005 0.203839 0.347656 0.204753 0.348307 0.205667 0.348307 0.206581 0.348958 0.205667 0.349609 0.206581 0.350260 0.206581 0.350911 0.206581 0.351562 0.206581 0.352214 0.206581 0.352865 0.205667 0.353516 0.206581 0.354167 0.207495 0.354167 0.208410 0.354818 0.207495 0.355469 0.208410 0.356120 0.208410 0.356771 0.207495 0.357422 0.208410 0.358073 0.209324 0.358724 0.210238 0.359375 0.211152 0.360026 0.211152 0.360677 0.212066 0.361328 0.212980 0.361979 0.212980 0.362630 0.213894 0.363281 0.213894 0.363932 0.213894 0.364583 0.214808 0.365234 0.214808 0.365885 0.214808 0.366536 0.213894 0.367188 0.213894 0.367839 0.213894 0.368490 0.213894 0.369141 0.213894 0.369792 0.213894 0.370443 0.213894 0.371094 0.213894 0.371745 0.213894 0.372396 0.214808 0.373047 0.215722 0.373698 0.215722 0.374349 0.215722 0.375000 0.214808 0.375651 0.214808 0.376302 0.215722 0.376953 0.216636 0.376302 0.217550 0.376953 0.217550 0.377604 0.218464 0.378255 0.219378 0.378255 0.220293 0.378906 0.221207 0.379557 0.222121 0.380208 0.223035 0.380859 0.223949 0.380859 0.224863 0.381510 0.224863 0.382161 0.225777 0.382812 0.224863 0.383464 0.224863 0.384115 0.224863 0.384766 0.225777 0.385417 0.226691 0.386068 0.227605 0.386719 0.228519 0.387370 0.229433 0.387370 0.230347 0.388021 0.230347 0.388672 0.230347 0.389323 0.231261 0.389974 0.231261 0.390625 0.232176 0.391276 0.233090 0.391927 0.234004 0.392578 0.234918 0.393229 0.235832 0.392578 0.236746 0.393229 0.236746 0.393880 0.237660 0.394531 0.238574 0.395182 0.239488 0.395833 0.240402 0.395833 0.241316 0.396484 0.241316 0.397135 0.241316 0.397786 0.241316 0.398438 0.241316 0.399089 0.241316 0.399740 0.242230 0.400391 0.243144 0.399740 0.244059 0.400391 0.244059 0.401042 0.244973 0.401693 0.245887 0.402344 0.244973 0.402995 0.245887 0.402995 0.244973 0.402995 0.244059 0.402344 0.244973 0.401693 0.244059 0.401042 0.243144 0.401042 0.242230 0.400391 0.242230 0.399740 0.241316 0.399089 0.241316 0.398438 0.240402 0.397786 0.239488 0.397786 0.238574 0.397135 0.237660 0.396484 0.237660 0.395833 0.236746 0.395182 0.235832 0.394531 0.234918 0.393880 0.234004 0.393229 0.234004 0.392578 0.233090 0.391927 0.232176 0.391276 0.231261 0.390625 0.230347 0.391276 0.229433 0.391276 0.228519 0.391276 0.227605 0.390625 0.226691 0.390625 0.225777 0.390625 0.224863 0.389974 0.223949 0.389974 0.223035 0.390625 0.222121 0.390625 0.221207 0.391276 0.220293 0.390625 0.219378 0.389974 0.218464 0.389323 0.219378 0.388672 0.218464 0.388021 0.217550 0.387370 0.216636 0.386719 0.215722 0.386719 0.214808 0.386068 0.213894 0.386719 0.212980 0.386068 0.212066 0.386068 0.211152 0.386068 0.210238 0.385417 0.209324 0.386068 0.208410 0.386068 0.207495 0.385417 0.206581 0.385417 0.205667 0.385417 0.204753 0.385417 0.203839 0.384766 0.202925 0.384766 0.203839 0.384766 0.204753 0.384766 0.205667 0.384115 0.206581 0.384115 0.207495 0.384766 0.208410 0.385417 0.209324 0.384766 0.210238 0.384766 0.211152 0.385417 0.212066 0.386068 0.212980 0.385417 0.213894 0.386068 0.214808 0.385417 0.215722 0.384766 0.216636 0.384115 0.217550 0.383464 0.216636 0.382812 0.215722 0.382161 0.214808 0.382161 0.213894 0.381510 0.212980 0.380859 0.212980 0.380208 0.212980 0.379557 0.212980 0.378906 0.212980 0.378255 0.212980 0.377604 0.213894 0.376953 0.214808 0.376302 0.213894 0.375651 0.212980 0.375000 0.212980 0.374349 0.212980 0.373698 0.212066 0.373047 0.211152 0.373047 0.210238 0.372396 0.209324 0.373047 0.208410 0.373698 0.207495 0.374349 0.207495 0.375000 0.207495 0.375651 0.207495 0.376302 0.208410 0.376953 0.208410 0.377604 0.208410 0.378255 0.207495 0.377604 0.206581 0.378255 0.205667 0.377604 0.204753 0.377604 0.203839 0.376953 0.203839 0.376302 0.202925 0.375651 0.202925 0.375000 0.202011 0.374349 0.201097 0.375000 0.200183 0.375000 0.199269 0.374349 0.198355 0.375000 0.197441 0.375651 0.196527 0.375651 0.195612 0.376302 0.194698 0.376302 0.193784 0.375651 0.192870 0.375651 0.191956 0.375651 0.191042 0.375651 0.190128 0.375000 0.189214 0.374349 0.188300 0.373698 0.187386 0.374349 0.186472 0.374349 0.185558 0.375000 0.184644 0.375000 0.183729 0.375651 0.182815 0.375651 0.181901 0.375651 0.180987 0.376302 0.180073 0.376953 0.179159 0.376302 0.178245 0.375651 0.177331 0.375000 0.176417 0.374349 0.175503 0.374349 0.174589 0.374349 0.173675 0.373698 0.172761 0.373698 0.171846 0.373698 0.170932 0.373698 0.170018 0.373698 0.169104 0.373047 0.168190 0.373047 0.167276 0.373047 0.166362 0.373047 0.165448 0.372396 0.164534 0.371745 0.163620 0.371745 0.162706 0.371745 0.161792 0.371094 0.161792 0.370443 0.161792 0.369792 0.160878 0.369141 0.159963 0.368490 0.159049 0.367839 0.158135 0.367188 0.158135 0.366536 0.157221 0.365885 0.156307 0.365234 0.157221 0.364583 0.156307 0.363932 0.157221 0.363281 0.157221 0.362630 0.158135 0.361979 0.159049 0.361328 0.158135 0.360677 0.157221 0.360026 0.157221 0.359375 0.157221 0.358724 0.157221 0.358073 0.158135 0.357422 0.157221 0.356771 0.156307 0.356120 0.156307
0 0.615234 0.150823 0.614583 0.151737 0.613932 0.151737 0.613281 0.152651 0.612630 0.153565 0.612630 0.154479 0.612630 0.155393 0.611979 0.156307 0.611979 0.157221 0.611979 0.158135 0.611979 0.159049 0.611979 0.159963 0.611979 0.160878 0.611979 0.161792 0.611979 0.162706 0.611328 0.163620 0.611328 0.164534 0.611328 0.165448 0.610677 0.166362 0.610677 0.167276 0.610026 0.168190 0.609375 0.169104 0.608724 0.169104 0.608073 0.170018 0.608073 0.170932 0.608073 0.171846 0.607422 0.172761 0.606771 0.173675 0.606120 0.174589 0.605469 0.175503 0.604818 0.176417 0.604167 0.177331 0.604167 0.178245 0.603516 0.179159 0.602865 0.180073 0.602214 0.180987 0.601562 0.180073 0.600911 0.180073 0.600260 0.180073 0.599609 0.180073 0.598958 0.179159 0.598307 0.180073 0.597656 0.180987 0.597656 0.181901 0.597656 0.182815 0.597656 0.183729 0.597656 0.184644 0.598307 0.185558 0.598307 0.186472 0.598307 0.187386 0.598307 0.188300 0.597656 0.189214 0.597656 0.190128 0.597005 0.191042 0.596354 0.191956 0.595703 0.192870 0.595052 0.193784 0.594401 0.193784 0.593750 0.194698 0.593099 0.194698 0.592448 0.193784 0.591797 0.194698 0.591146 0.195612 0.590495 0.195612 0.589844 0.195612 0.589844 0.196527 0.589193 0.197441 0.588542 0.198355 0.587891 0.199269 0.587240 0.198355 0.586589 0.199269 0.585938 0.199269 0.585286 0.199269 0.584635 0.199269 0.583984 0.199269 0.583333 0.199269 0.582682 0.200183 0.582031 0.201097 0.581380 0.202011 0.580729 0.202925 0.580078 0.202925 0.579427 0.203839 0.578776 0.203839 0.578125 0.203839 0.577474 0.203839 0.576823 0.204753 0.576172 0.204753 0.575521 0.203839 0.574870 0.203839 0.574219 0.204753 0.573568 0.205667 0.572917 0.206581 0.572266 0.207495 0.571615 0.208410 0.570964 0.208410 0.570312 0.208410 0.569661 0.208410 0.569010 0.208410 0.568359 0.209324 0.567708 0.210238 0.567057 0.211152 0.567057 0.212066 0.567057 0.212980 0.566406 0.213894 0.565755 0.214808 0.566406 0.215722 0.565755 0.216636 0.565755 0.217550 0.565755 0.218464 0.565104 0.219378 0.565755 0.220293 0.565104 0.221207 0.565755 0.220293 0.565755 0.219378 0.566406 0.218464 0.567057 0.217550 0.567708 0.216636 0.568359 0.216636 0.568359 0.215722 0.569010 0.214808 0.569661 0.213894 0.570312 0.212980 0.570964 0.212066 0.571615 0.212066 0.572266 0.212980 0.572917 0.212066 0.573568 0.212066 0.574219 0.212066 0.574870 0.212066 0.575521 0.211152 0.576172 0.210238 0.576823 0.209324 0.576823 0.208410 0.577474 0.207495 0.578125 0.206581 0.578776 0.206581 0.579427 0.205667 0.580078 0.206581 0.580729 0.205667 0.581380 0.204753 0.582031 0.203839 0.582682 0.203839 0.583333 0.203839 0.583984 0.202925 0.584635 0.202925 0.585286 0.202925 0.585938 0.202011 0.586589 0.201097 0.587240 0.201097 0.587891 0.200183 0.588542 0.200183 0.589193 0.200183 0.589844 0.200183 0.590495 0.201097 0.591146 0.200183 0.591797 0.199269 0.592448 0.198355 0.593099 0.198355 0.593750 0.199269 0.594401 0.199269 0.595052 0.199269 0.595703 0.200183 0.596354 0.200183 0.597005 0.199269 0.597656 0.199269 0.598307 0.199269 0.598307 0.198355 0.598307 0.197441 0.598307 0.196527 0.598958 0.195612 0.599609 0.194698 0.600260 0.193784 0.600911 0.193784 0.601562 0.193784 0.602214 0.194698 0.602865 0.195612 0.602865 0.196527 0.603516 0.197441 0.603516 0.198355 0.604167 0.197441 0.604818 0.198355 0.605469 0.198355 0.606120 0.199269 0.606771 0.199269 0.606120 0.198355 0.606771 0.197441 0.606120 0.196527 0.605469 0.196527 0.604818 0.195612 0.604167 0.194698 0.604167 0.193784 0.603516 0.192870 0.603516 0.191956 0.602865 0.191042 0.603516 0.190128 0.603516 0.189214 0.603516 0.188300 0.603516 0.187386 0.604167 0.186472 0.604818 0.185558 0.605469 0.184644 0.606120 0.183729 0.606771 0.182815 0.607422 0.181901 0.607422 0.180987 0.607422 0.180073 0.608073 0.179159 0.608724 0.178245 0.609375 0.178245 0.610026 0.177331 0.610677 0.176417 0.610677 0.175503 0.610677 0.174589 0.610026 0.173675 0.610677 0.172761 0.610677 0.171846 0.611328 0.170932 0.611328 0.170018 0.611328 0.169104 0.611328 0.168190 0.611979 0.167276 0.612630 0.166362 0.613281 0.165448 0.613932 0.164534 0.614583 0.165448 0.615234 0.166362 0.615885 0.167276 0.616536 0.168190 0.617188 0.169104 0.617839 0.169104 0.618490 0.169104 0.619141 0.168190 0.619792 0.167276 0.620443 0.166362 0.620443 0.165448 0.620443 0.164534 0.620443 0.163620 0.619792 0.163620 0.619141 0.162706 0.618490 0.161792 0.617839 0.160878 0.618490 0.159963 0.618490 0.159049 0.618490 0.158135 0.619141 0.157221 0.618490 0.156307 0.619141 0.155393 0.618490 0.154479 0.617839 0.153565 0.617839 0.152651 0.617188 0.152651 0.616536 0.152651 0.615885 0.151737
0 0.384115 0.145338 0.383464 0.146252 0.382812 0.147166 0.382161 0.148080 0.382161 0.148995 0.381510 0.149909 0.382161 0.150823 0.381510 0.151737 0.381510 0.152651 0.382161 0.153565 0.382161 0.154479 0.382161 0.155393 0.382812 0.156307 0.383464 0.157221 0.384115 0.158135 0.384766 0.158135 0.385417 0.159049 0.386068 0.159963 0.385417 0.160878 0.386068 0.161792 0.386068 0.162706 0.386068 0.163620 0.386068 0.164534 0.386068 0.165448 0.386068 0.166362 0.386068 0.167276 0.386068 0.168190 0.386719 0.169104 0.387370 0.170018 0.388021 0.170932 0.388021 0.171846 0.388672 0.172761 0.389323 0.172761 0.389974 0.173675 0.390625 0.173675 0.391276 0.173675 0.391927 0.174589 0.392578 0.175503 0.393229 0.176417 0.393229 0.177331 0.393880 0.178245 0.394531 0.178245 0.395182 0.179159 0.395833 0.179159 0.396484 0.180073 0.397135 0.180987 0.397786 0.181901 0.397786 0.182815 0.397786 0.183729 0.397786 0.184644 0.397135 0.185558 0.397135 0.186472 0.397786 0.187386 0.397786 0.188300 0.397786 0.189214 0.397135 0.190128 0.397786 0.191042 0.397135 0.191956 0.396484 0.192870 0.396484 0.193784 0.397135 0.194698 0.397786 0.195612 0.398438 0.195612 0.399089 0.196527 0.399740 0.197441 0.400391 0.198355 0.401042 0.199269 0.400391 0.200183 0.399740 0.201097 0.399089 0.201097 0.398438 0.201097 0.397786 0.200183 0.398438 0.201097 0.399089 0.201097 0.399740 0.201097 0.400391 0.201097 0.401042 0.201097 0.401693 0.202011 0.402344 0.202011 0.402995 0.202925 0.403646 0.203839 0.403646 0.204753 0.403646 0.205667 0.402995 0.206581 0.402995 0.207495 0.403646 0.208410 0.403646 0.209324 0.404297 0.210238 0.403646 0.211152 0.404297 0.212066 0.404948 0.212980 0.405599 0.212980 0.406250 0.213894 0.406901 0.214808 0.406901 0.215722 0.406901 0.216636 0.407552 0.217550 0.407552 0.218464 0.407552 0.219378 0.408203 0.220293 0.408203 0.221207 0.408854 0.222121 0.408854 0.223035 0.409505 0.223949 0.409505 0.224863 0.410156 0.225777 0.410156 0.226691 0.410807 0.227605 0.410807 0.228519 0.410807 0.229433 0.411458 0.230347 0.412109 0.231261 0.412109 0.232176 0.411458 0.233090 0.411458 0.234004 0.410807 0.234918 0.410156 0.235832 0.409505 0.236746 0.408854 0.236746 0.409505 0.236746 0.410156 0.237660 0.410807 0.238574 0.411458 0.239488 0.412109 0.239488 0.412760 0.240402 0.413411 0.239488 0.414062 0.239488 0.414714 0.239488 0.415365 0.238574 0.416016 0.237660 0.416667 0.236746 0.416667 0.235832 0.417318 0.234918 0.417969 0.234004 0.417969 0.233090 0.417969 0.232176 0.417318 0.231261 0.417318 0.230347 0.417969 0.229433 0.417969 0.228519 0.417318 0.227605 0.417318 0.226691 0.416667 0.225777 0.416016 0.224863 0.416016 0.223949 0.416016 0.223035 0.415365 0.222121 0.416016 0.221207 0.415365 0.220293 0.414714 0.219378 0.414062 0.218464 0.414062 0.217550 0.414062 0.216636 0.414714 0.215722 0.414714 0.214808 0.415365 0.213894 0.414714 0.212980 0.414062 0.212980 0.413411 0.212066 0.412760 0.211152 0.412109 0.210238 0.411458 0.209324 0.411458 0.208410 0.411458 0.207495 0.410807 0.206581 0.410156 0.205667 0.409505 0.204753 0.409505 0.203839 0.409505 0.202925 0.408854 0.202011 0.408203 0.201097 0.407552 0.200183 0.406901 0.200183 0.406250 0.199269 0.405599 0.198355 0.404948 0.197441 0.404948 0.196527 0.404948 0.195612 0.404948 0.194698 0.404297 0.193784 0.404948 0.192870 0.404297 0.191956 0.403646 0.191042 0.404297 0.190128 0.404297 0.189214 0.404297 0.188300 0.403646 0.187386 0.403646 0.186472 0.403646 0.185558 0.404297 0.184644 0.404297 0.183729 0.404297 0.182815 0.404297 0.181901 0.404948 0.180987 0.404948 0.180073 0.404948 0.179159 0.405599 0.178245 0.405599 0.177331 0.406250 0.176417 0.405599 0.175503 0.404948 0.174589 0.404948 0.173675 0.404297 0.173675 0.403646 0.174589 0.402995 0.175503 0.402344 0.175503 0.401693 0.174589 0.401042 0.173675 0.400391 0.172761 0.399740 0.171846 0.399740 0.170932 0.399740 0.170018 0.399740 0.169104 0.399089 0.168190 0.398438 0.167276 0.397786 0.166362 0.397786 0.165448 0.397786 0.164534 0.397135 0.163620 0.397135 0.162706 0.396484 0.161792 0.395833 0.161792 0.395182 0.160878 0.394531 0.159963 0.394531 0.159049 0.393880 0.158135 0.393229 0.157221 0.392578 0.156307 0.391927 0.155393 0.391276 0.154479 0.391276 0.153565 0.390625 0.152651 0.390625 0.151737 0.391276 0.150823 0.390625 0.149909 0.389974 0.148995 0.389974 0.148080 0.389323 0.148080 0.388672 0.148080 0.388021 0.148080 0.387370 0.148080 0.386719 0.147166 0.386068 0.146252 0.385417 0.146252 0.384766 0.146252
0 0.587240 0.143510 0.586589 0.144424 0.585938 0.145338 0.585286 0.145338 0.584635 0.146252 0.583984 0.146252 0.583333 0.147166 0.583333 0.148080 0.582682 0.148995 0.582682 0.149909 0.582031 0.150823 0.582031 0.151737 0.582031 0.152651 0.582682 0.153565 0.582682 0.154479 0.582682 0.155393 0.582682 0.156307 0.582682 0.157221 0.582682 0.158135 0.582682 0.159049 0.582031 0.159963 0.582031 0.160878 0.582031 0.161792 0.581380 0.162706 0.580729 0.163620 0.580078 0.164534 0.579427 0.164534 0.578776 0.165448 0.578125 0.164534 0.577474 0.163620 0.576823 0.163620 0.576172 0.164534 0.575521 0.164534 0.575521 0.165448 0.574870 0.166362 0.574219 0.167276 0.573568 0.168190 0.572917 0.168190 0.572266 0.168190 0.571615 0.169104 0.570964 0.170018 0.571615 0.170932 0.570964 0.171846 0.570964 0.172761 0.570312 0.173675 0.569661 0.174589 0.569661 0.175503 0.569010 0.176417 0.568359 0.177331 0.568359 0.178245 0.568359 0.179159 0.567708 0.180073 0.568359 0.180987 0.568359 0.181901 0.568359 0.182815 0.568359 0.183729 0.568359 0.184644 0.568359 0.185558 0.568359 0.186472 0.567708 0.187386 0.568359 0.188300 0.568359 0.189214 0.567708 0.190128 0.567708 0.191042 0.567708 0.191956 0.567708 0.192870 0.567057 0.193784 0.567708 0.194698 0.567057 0.195612 0.566406 0.196527 0.565755 0.197441 0.565755 0.198355 0.565104 0.199269 0.564453 0.200183 0.564453 0.201097 0.564453 0.202011 0.563802 0.202925 0.563151 0.203839 0.562500 0.204753 0.561849 0.205667 0.561198 0.205667 0.560547 0.205667 0.560547 0.206581 0.560547 0.207495 0.560547 0.208410 0.559896 0.209324 0.559245 0.210238 0.559896 0.211152 0.559245 0.212066 0.559896 0.212980 0.559245 0.213894 0.559896 0.214808 0.559245 0.215722 0.558594 0.216636 0.557943 0.217550 0.557292 0.217550 0.556641 0.217550 0.555990 0.216636 0.555339 0.215722 0.554688 0.214808 0.554688 0.213894 0.554036 0.212980 0.553385 0.213894 0.552734 0.213894 0.552734 0.214808 0.552734 0.215722 0.553385 0.216636 0.552734 0.217550 0.553385 0.218464 0.554036 0.219378 0.554036 0.220293 0.554036 0.221207 0.554688 0.222121 0.554036 0.223035 0.554036 0.223949 0.554036 0.224863 0.553385 0.225777 0.553385 0.226691 0.553385 0.227605 0.552734 0.228519 0.552734 0.229433 0.552734 0.230347 0.552083 0.231261 0.552083 0.232176 0.551432 0.233090 0.551432 0.234004 0.550781 0.234918 0.551432 0.235832 0.550781 0.236746 0.550781 0.237660 0.550130 0.238574 0.550130 0.239488 0.549479 0.240402 0.548828 0.241316 0.548177 0.242230 0.547526 0.242230 0.546875 0.241316 0.546224 0.241316 0.545573 0.242230 0.544922 0.243144 0.544922 0.244059 0.544922 0.244973 0.544922 0.245887 0.544922 0.246801 0.545573 0.247715 0.545573 0.248629 0.545573 0.249543 0.545573 0.250457 0.544922 0.251371 0.545573 0.252285 0.545573 0.253199 0.546224 0.254113 0.546224 0.255027 0.546875 0.254113 0.547526 0.255027 0.547526 0.254113 0.547526 0.253199 0.547526 0.252285 0.548177 0.251371 0.547526 0.250457 0.548177 0.249543 0.548177 0.248629 0.548177 0.247715 0.548828 0.246801 0.548828 0.245887 0.549479 0.244973 0.550130 0.244059 0.550781 0.244973 0.551432 0.244973 0.552083 0.244973 0.552734 0.244973 0.552734 0.244059 0.553385 0.243144 0.554036 0.242230 0.554036 0.241316 0.554036 0.240402 0.554036 0.239488 0.553385 0.238574 0.554036 0.237660 0.554036 0.236746 0.554688 0.235832 0.555339 0.234918 0.555990 0.234004 0.556641 0.233090 0.556641 0.232176 0.557292 0.231261 0.557292 0.230347 0.557943 0.229433 0.557943 0.228519 0.558594 0.227605 0.558594 0.226691 0.558594 0.225777 0.559245 0.224863 0.559896 0.223949 0.559245 0.223035 0.559896 0.222121 0.559896 0.221207 0.559896 0.220293 0.560547 0.219378 0.560547 0.218464 0.561198 0.217550 0.561198 0.216636 0.561849 0.215722 0.561849 0.214808 0.561849 0.213894 0.562500 0.212980 0.563151 0.212066 0.563802 0.212066 0.564453 0.211152 0.564453 0.210238 0.564453 0.209324 0.564453 0.208410 0.565104 0.207495 0.565755 0.206581 0.565104 0.205667 0.565755 0.204753 0.566406 0.203839 0.567057 0.203839 0.567708 0.202925 0.568359 0.202011 0.569010 0.201097 0.569661 0.200183 0.570312 0.199269 0.570964 0.198355 0.571615 0.198355 0.572266 0.197441 0.572917 0.196527 0.573568 0.196527 0.573568 0.195612 0.574219 0.194698 0.574870 0.193784 0.575521 0.192870 0.576172 0.193784 0.575521 0.192870 0.576172 0.191956 0.576172 0.191042 0.576172 0.190128 0.576172 0.189214 0.576172 0.188300 0.575521 0.187386 0.575521 0.186472 0.575521 0.185558 0.574870 0.184644 0.575521 0.183729 0.575521 0.182815 0.576172 0.181901 0.576823 0.180987 0.577474 0.180987 0.577474 0.180073 0.577474 0.179159 0.578125 0.178245 0.578776 0.177331 0.579427 0.176417 0.579427 0.175503 0.580078 0.174589 0.580729 0.173675 0.581380 0.172761 0.582031 0.172761 0.582682 0.172761 0.583333 0.172761 0.583984 0.171846 0.584635 0.170932 0.585286 0.170018 0.585938 0.170018 0.586589 0.170018 0.587240 0.170018 0.587891 0.170018 0.588542 0.170018 0.589193 0.170018 0.589844 0.170018 0.590495 0.170018 0.591146 0.170018 0.591797 0.169104 0.592448 0.168190 0.593099 0.167276 0.593750 0.167276 0.594401 0.167276 0.595052 0.167276 0.595703 0.167276 0.596354 0.167276 0.597005 0.166362 0.597656 0.167276 0.598307 0.166362 0.598958 0.165448 0.598958 0.164534 0.598958 0.163620 0.599609 0.162706 0.600260 0.161792 0.600911 0.161792 0.601562 0.160878 0.602214 0.160878 0.602865 0.159963 0.603516 0.159049 0.604167 0.159049 0.604818 0.158135 0.605469 0.158135 0.606120 0.157221 0.606771 0.156307 0.606771 0.155393 0.606771 0.154479 0.606120 0.153565 0.605469 0.152651 0.604818 0.153565 0.604167 0.153565 0.603516 0.154479 0.602865 0.155393 0.602214 0.155393 0.601562 0.156307 0.600911 0.155393 0.600260 0.156307 0.599609 0.157221 0.598958 0.158135 0.598307 0.159049 0.597656 0.159049 0.597005 0.159049 0.596354 0.159963 0.595703 0.159963 0.595052 0.160878 0.594401 0.161792 0.593750 0.162706 0.593099 0.162706 0.592448 0.163620 0.591797 0.162706 0.591146 0.163620 0.590495 0.164534 0.589844 0.164534 0.589193 0.164534 0.588542 0.163620 0.587891 0.162706 0.588542 0.161792 0.588542 0.160878 0.588542 0.159963 0.589193 0.159049 0.588542 0.159963 0.587891 0.159049 0.587240 0.158135 0.586589 0.157221 0.587240 0.156307 0.587891 0.155393 0.588542 0.154479 0.589193 0.154479 0.589844 0.153565 0.589844 0.152651 0.590495 0.151737 0.590495 0.150823 0.590495 0.149909 0.591146 0.148995 0.591146 0.148080 0.591146 0.147166 0.591146 0.146252 0.590495 0.145338 0.589844 0.145338 0.589193 0.144424 0.588542 0.144424 0.587891 0.144424
0 0.558594 0.139854 0.557943 0.140768 0.557292 0.140768 0.556641 0.141682 0.555990 0.141682 0.555339 0.141682 0.555339 0.142596 0.554688 0.143510 0.555339 0.144424 0.554688 0.145338 0.554688 0.146252 0.554688 0.147166 0.554036 0.148080 0.553385 0.148995 0.552734 0.148995 0.552734 0.149909 0.552083 0.150823 0.552083 0.151737 0.551432 0.152651 0.550781 0.153565 0.550781 0.154479 0.550130 0.155393 0.549479 0.156307 0.548828 0.157221 0.548177 0.158135 0.547526 0.159049 0.546875 0.159963 0.546224 0.160878 0.545573 0.161792 0.545573 0.162706 0.545573 0.163620 0.544922 0.164534 0.544271 0.165448 0.543620 0.166362 0.542969 0.166362 0.542318 0.165448 0.542318 0.166362 0.542318 0.167276 0.542318 0.168190 0.541667 0.169104 0.541016 0.170018 0.541667 0.170932 0.541016 0.171846 0.541016 0.172761 0.540365 0.173675 0.540365 0.174589 0.539714 0.175503 0.539714 0.176417 0.539062 0.177331 0.539062 0.178245 0.539714 0.179159 0.539062 0.180073 0.539714 0.180987 0.540365 0.181901 0.541016 0.182815 0.540365 0.183729 0.540365 0.184644 0.540365 0.185558 0.541016 0.186472 0.541016 0.187386 0.540365 0.188300 0.540365 0.189214 0.540365 0.190128 0.539714 0.191042 0.539714 0.191956 0.539714 0.192870 0.539714 0.193784 0.540365 0.194698 0.539714 0.195612 0.539062 0.196527 0.538411 0.196527 0.537760 0.195612 0.537109 0.195612 0.536458 0.196527 0.535807 0.196527 0.535807 0.197441 0.535807 0.198355 0.535807 0.199269 0.535807 0.200183 0.535156 0.201097 0.534505 0.202011 0.533854 0.202925 0.533203 0.202925 0.532552 0.203839 0.532552 0.204753 0.531901 0.205667 0.531250 0.206581 0.530599 0.207495 0.529948 0.208410 0.529297 0.208410 0.528646 0.207495 0.529297 0.208410 0.528646 0.209324 0.528646 0.210238 0.527995 0.211152 0.527995 0.212066 0.527344 0.212980 0.527344 0.213894 0.526693 0.214808 0.526042 0.215722 0.525391 0.216636 0.524740 0.215722 0.524089 0.214808 0.523438 0.213894 0.522786 0.212980 0.522135 0.212980 0.521484 0.212066 0.520833 0.211152 0.520833 0.210238 0.520182 0.210238 0.519531 0.210238 0.518880 0.210238 0.518880 0.211152 0.518880 0.212066 0.518880 0.212980 0.519531 0.213894 0.519531 0.214808 0.520182 0.214808 0.520833 0.215722 0.521484 0.216636 0.522135 0.216636 0.522786 0.216636 0.523438 0.216636 0.524089 0.217550 0.524740 0.216636 0.525391 0.217550 0.526042 0.218464 0.526042 0.219378 0.525391 0.220293 0.526042 0.220293 0.526693 0.221207 0.527344 0.222121 0.526693 0.223035 0.526693 0.223949 0.526042 0.224863 0.526042 0.225777 0.526042 0.226691 0.525391 0.227605 0.524740 0.228519 0.524089 0.228519 0.524740 0.229433 0.524089 0.230347 0.524089 0.231261 0.524089 0.232176 0.523438 0.233090 0.523438 0.234004 0.523438 0.234918 0.523438 0.235832 0.523438 0.236746 0.522786 0.237660 0.522135 0.238574 0.522135 0.239488 0.522135 0.240402 0.522135 0.241316 0.522135 0.242230 0.522135 0.243144 0.522786 0.244059 0.523438 0.244973 0.524089 0.244059 0.524740 0.244059 0.525391 0.244973 0.526042 0.245887 0.525391 0.246801 0.525391 0.247715 0.526042 0.248629 0.525391 0.249543 0.525391 0.250457 0.524740 0.251371 0.524089 0.252285 0.523438 0.253199 0.522786 0.254113 0.522786 0.255027 0.522135 0.255941 0.522135 0.256856 0.522135 0.257770 0.522135 0.258684 0.522135 0.259598 0.522135 0.260512 0.521484 0.261426 0.521484 0.262340 0.520833 0.263254 0.520833 0.264168 0.520833 0.265082 0.520833 0.265996 0.520833 0.266910 0.520182 0.267824 0.520182 0.268739 0.520833 0.269653 0.520833 0.270567 0.520182 0.271481 0.520833 0.272395 0.521484 0.273309 0.520833 0.274223 0.520833 0.275137 0.520833 0.276051 0.521484 0.276965 0.522135 0.277879 0.522135 0.278793 0.522786 0.279707 0.523438 0.280622 0.522786 0.281536 0.522786 0.282450 0.522786 0.283364 0.522135 0.284278 0.522135 0.285192 0.522135 0.286106 0.522135 0.287020 0.522135 0.287934 0.522786 0.288848 0.523438 0.288848 0.524089 0.289762 0.524740 0.290676 0.524089 0.291590 0.524089 0.292505 0.523438 0.293419 0.522786 0.294333 0.522135 0.294333 0.521484 0.294333 0.520833 0.294333 0.521484 0.295247 0.521484 0.296161 0.522135 0.297075 0.522786 0.297989 0.522135 0.298903 0.522786 0.299817 0.523438 0.300731 0.523438 0.301645 0.524089 0.302559 0.524740 0.303473 0.524740 0.304388 0.524740 0.305302 0.524089 0.306216 0.524089 0.307130 0.524740 0.308044 0.524089 0.308958 0.524089 0.309872 0.524740 0.310786 0.524089 0.311700 0.524089 0.312614 0.524089 0.313528 0.523438 0.314442 0.523438 0.315356 0.523438 0.316271 0.522786 0.317185 0.522786 0.318099 0.522135 0.319013 0.521484 0.319927 0.520833 0.319013 0.521484 0.319927 0.521484 0.320841 0.520833 0.321755 0.520833 0.322669 0.521484 0.323583 0.522135 0.324497 0.522786 0.323583 0.522786 0.322669 0.522786 0.321755 0.523438 0.320841 0.524089 0.319927 0.524740 0.319013 0.525391 0.318099 0.526042 0.317185 0.526042 0.316271 0.526693 0.315356 0.526042 0.314442 0.526693 0.313528 0.526693 0.312614 0.527344 0.311700 0.527995 0.310786 0.527995 0.309872 0.528646 0.308958 0.529297 0.308044 0.529297 0.307130 0.529948 0.306216 0.529948 0.305302 0.530599 0.304388 0.529948 0.303473 0.529297 0.302559 0.528646 0.301645 0.527995 0.300731 0.527995 0.299817 0.527995 0.298903 0.527995 0.297989 0.528646 0.297075 0.528646 0.296161 0.528646 0.295247 0.527995 0.294333 0.528646 0.293419 0.528646 0.292505 0.529297 0.291590 0.528646 0.290676 0.528646 0.289762 0.527995 0.290676 0.527344 0.290676 0.526693 0.289762 0.526042 0.290676 0.525391 0.289762 0.524740 0.288848 0.525391 0.287934 0.524740 0.287020 0.525391 0.286106 0.525391 0.285192 0.526042 0.284278 0.525391 0.283364 0.526042 0.282450 0.525391 0.281536 0.525391 0.280622 0.524740 0.279707 0.524740 0.278793 0.524740 0.277879 0.524740 0.276965 0.524740 0.276051 0.524089 0.275137 0.523438 0.274223 0.524089 0.273309 0.523438 0.272395 0.522786 0.271481 0.522135 0.270567 0.522786 0.269653 0.522135 0.268739 0.522135 0.267824 0.522786 0.266910 0.522786 0.265996 0.522135 0.265082 0.522786 0.264168 0.522786 0.263254 0.522786 0.262340 0.522786 0.261426 0.523438 0.260512 0.524089 0.259598 0.524740 0.258684 0.525391 0.257770 0.526042 0.256856 0.526693 0.255941 0.527344 0.255027 0.527995 0.254113 0.527995 0.253199 0.528646 0.252285 0.528646 0.251371 0.527995 0.250457 0.527344 0.249543 0.527344 0.248629 0.526693 0.247715 0.526693 0.246801 0.526042 0.245887 0.526693 0.244973 0.526042 0.244059 0.525391 0.243144 0.526042 0.242230 0.526042 0.241316 0.526042 0.240402 0.526042 0.239488 0.526693 0.238574 0.527344 0.237660 0.527995 0.237660 0.528646 0.236746 0.529297 0.235832 0.529948 0.234918 0.530599 0.234004 0.529948 0.233090 0.529948 0.232176 0.530599 0.231261 0.530599 0.230347 0.531250 0.229433 0.531901 0.228519 0.532552 0.227605 0.532552 0.226691 0.533203 0.225777 0.533203 0.224863 0.532552 0.224863 0.531901 0.223949 0.531250 0.223035 0.531901 0.222121 0.531250 0.221207 0.531901 0.220293 0.531250 0.219378 0.531250 0.218464 0.531250 0.217550 0.531250 0.216636 0.531901 0.215722 0.532552 0.214808 0.533203 0.213894 0.533203 0.212980 0.533854 0.212066 0.533203 0.211152 0.533203 0.210238 0.533854 0.209324 0.533854 0.208410 0.533854 0.207495 0.534505 0.206581 0.534505 0.205667 0.535156 0.204753 0.535807 0.203839 0.536458 0.202925 0.536458 0.202011 0.537109 0.201097 0.537760 0.200183 0.537760 0.199269 0.537760 0.198355 0.538411 0.197441 0.539062 0.196527 0.539714 0.195612 0.540365 0.196527 0.541016 0.197441 0.540365 0.198355 0.541016 0.199269 0.541016 0.200183 0.540365 0.201097 0.539714 0.202011 0.539062 0.202925 0.539062 0.203839 0.538411 0.204753 0.538411 0.205667 0.537760 0.206581 0.537760 0.207495 0.537760 0.208410 0.537760 0.209324 0.538411 0.210238 0.537760 0.211152 0.537109 0.212066 0.537109 0.212980 0.536458 0.213894 0.536458 0.214808 0.536458 0.215722 0.535807 0.216636 0.536458 0.216636 0.537109 0.215722 0.537760 0.214808 0.538411 0.213894 0.538411 0.212980 0.539062 0.212066 0.539714 0.211152 0.540365 0.210238 0.541016 0.210238 0.541667 0.209324 0.542318 0.208410 0.542318 0.207495 0.542318 0.206581 0.542318 0.205667 0.542969 0.204753 0.543620 0.203839 0.542969 0.202925 0.543620 0.202011 0.543620 0.201097 0.544271 0.200183 0.544922 0.199269 0.545573 0.198355 0.545573 0.197441 0.546224 0.196527 0.546224 0.195612 0.546875 0.194698 0.547526 0.193784 0.547526 0.192870 0.547526 0.191956 0.546875 0.191042 0.546875 0.190128 0.546875 0.189214 0.547526 0.188300 0.547526 0.187386 0.547526 0.186472 0.546875 0.185558 0.546224 0.186472 0.545573 0.186472 0.545573 0.187386 0.544922 0.188300 0.544271 0.189214 0.543620 0.188300 0.542969 0.187386 0.543620 0.186472 0.543620 0.185558 0.544271 0.184644 0.544271 0.183729 0.544271 0.182815 0.544922 0.181901 0.544922 0.180987 0.545573 0.180073 0.546224 0.179159 0.546875 0.178245 0.547526 0.179159 0.548177 0.180073 0.548828 0.179159 0.549479 0.179159 0.550130 0.178245 0.550130 0.177331 0.550781 0.176417 0.551432 0.175503 0.552083 0.174589 0.552083 0.173675 0.552734 0.172761 0.553385 0.171846 0.554036 0.170932 0.554688 0.170018 0.555339 0.170018 0.555990 0.170018 0.556641 0.169104 0.557292 0.168190 0.557292 0.167276 0.557943 0.166362 0.558594 0.165448 0.559245 0.166362 0.559896 0.165448 0.560547 0.164534 0.560547 0.163620 0.559896 0.163620 0.559245 0.164534 0.558594 0.163620 0.557943 0.162706 0.557943 0.161792 0.557943 0.160878 0.557943 0.159963 0.558594 0.159049 0.559245 0.158135 0.558594 0.157221 0.557943 0.156307 0.558594 0.155393 0.559245 0.154479 0.559245 0.153565 0.559896 0.152651 0.559896 0.151737 0.560547 0.150823 0.560547 0.149909 0.561198 0.148995 0.561198 0.148080 0.561198 0.147166 0.561849 0.146252 0.562500 0.145338 0.563151 0.145338 0.562500 0.144424 0.562500 0.143510 0.562500 0.142596 0.562500 0.141682 0.561849 0.141682 0.561198 0.140768 0.560547 0.140768 0.559896 0.139854 0.559245 0.139854
0 0.496745 0.138026 0.496094 0.138940 0.496745 0.139854 0.496094 0.140768 0.496745 0.141682 0.497396 0.142596 0.498047 0.143510 0.498047 0.144424 0.497396 0.145338 0.498047 0.146252 0.498047 0.147166 0.498047 0.148080 0.497396 0.148995 0.497396 0.149909 0.497396 0.150823 0.496745 0.151737 0.496094 0.152651 0.495443 0.153565 0.496094 0.154479 0.495443 0.155393 0.494792 0.156307 0.494141 0.157221 0.493490 0.156307 0.492839 0.157221 0.492188 0.158135 0.492188 0.159049 0.492839 0.159963 0.492188 0.160878 0.492839 0.161792 0.492188 0.162706 0.492188 0.163620 0.492839 0.164534 0.492839 0.165448 0.492839 0.166362 0.492188 0.167276 0.491536 0.168190 0.491536 0.169104 0.491536 0.170018 0.490885 0.170932 0.490885 0.171846 0.490234 0.172761 0.490885 0.173675 0.490885 0.174589 0.491536 0.175503 0.490885 0.176417 0.491536 0.177331 0.491536 0.178245 0.492188 0.177331 0.492839 0.178245 0.492839 0.177331 0.493490 0.176417 0.494141 0.175503 0.494792 0.175503 0.495443 0.175503 0.495443 0.174589 0.496094 0.173675 0.496745 0.172761 0.496745 0.171846 0.496745 0.170932 0.496745 0.170018 0.496745 0.169104 0.496745 0.168190 0.496745 0.167276 0.497396 0.166362 0.498047 0.165448 0.498047 0.164534 0.498698 0.163620 0.499349 0.162706 0.499349 0.161792 0.500000 0.160878 0.500651 0.159963 0.500651 0.159049 0.500651 0.158135 0.500651 0.157221 0.500651 0.156307 0.500000 0.155393 0.500000 0.154479 0.500000 0.153565 0.499349 0.152651 0.500000 0.151737 0.500000 0.150823 0.500000 0.149909 0.500000 0.148995 0.500000 0.148080 0.499349 0.147166 0.500000 0.146252 0.500651 0.145338 0.501302 0.144424 0.501953 0.145338 0.502604 0.146252 0.502604 0.147166 0.502604 0.148080 0.503255 0.148080 0.503906 0.148995 0.504557 0.149909 0.504557 0.150823 0.505208 0.151737 0.505208 0.152651 0.505859 0.153565 0.505859 0.154479 0.506510 0.155393 0.506510 0.156307 0.506510 0.157221 0.507161 0.158135 0.507161 0.159049 0.507161 0.159963 0.507161 0.160878 0.507161 0.161792 0.507161 0.162706 0.507161 0.163620 0.507812 0.164534 0.508464 0.165448 0.509115 0.166362 0.509115 0.167276 0.509115 0.168190 0.509115 0.169104 0.508464 0.170018 0.508464 0.170932 0.509115 0.171846 0.509766 0.172761 0.509766 0.173675 0.509766 0.174589 0.510417 0.175503 0.510417 0.176417 0.510417 0.177331 0.509766 0.178245 0.510417 0.179159 0.509766 0.180073 0.510417 0.180987 0.509766 0.181901 0.509766 0.182815 0.509766 0.183729 0.509766 0.184644 0.509115 0.185558 0.509115 0.186472 0.509115 0.187386 0.508464 0.188300 0.508464 0.189214 0.508464 0.190128 0.507812 0.191042 0.507812 0.191956 0.507812 0.192870 0.507161 0.193784 0.507812 0.194698 0.507161 0.195612 0.506510 0.196527 0.505859 0.196527 0.505859 0.197441 0.505208 0.198355 0.504557 0.199269 0.504557 0.200183 0.503906 0.201097 0.503255 0.202011 0.503255 0.202925 0.503255 0.203839 0.502604 0.204753 0.502604 0.205667 0.503255 0.206581 0.503255 0.207495 0.503906 0.208410 0.503255 0.209324 0.502604 0.210238 0.501953 0.211152 0.501953 0.212066 0.501953 0.212980 0.501302 0.213894 0.501302 0.214808 0.501302 0.215722 0.501302 0.216636 0.501302 0.217550 0.501953 0.218464 0.501302 0.219378 0.500651 0.220293 0.501302 0.221207 0.501302 0.222121 0.501953 0.223035 0.501953 0.223949 0.502604 0.224863 0.503255 0.225777 0.503906 0.226691 0.504557 0.227605 0.504557 0.228519 0.504557 0.229433 0.505208 0.230347 0.505208 0.231261 0.505208 0.232176 0.505208 0.233090 0.505208 0.234004 0.505859 0.234918 0.506510 0.235832 0.506510 0.236746 0.507161 0.237660 0.507161 0.238574 0.506510 0.239488 0.507161 0.240402 0.507161 0.241316 0.507161 0.242230 0.507812 0.242230 0.508464 0.243144 0.509115 0.243144 0.509766 0.242230 0.509766 0.241316 0.510417 0.240402 0.510417 0.239488 0.509766 0.238574 0.509115 0.237660 0.509115 0.236746 0.509115 0.235832 0.509115 0.234918 0.509115 0.234004 0.508464 0.233090 0.507812 0.232176 0.507812 0.231261 0.507812 0.230347 0.507161 0.229433 0.507812 0.228519 0.507161 0.227605 0.507161 0.226691 0.506510 0.225777 0.506510 0.224863 0.505859 0.223949 0.505208 0.223035 0.505859 0.222121 0.506510 0.221207 0.507161 0.220293 0.507812 0.219378 0.508464 0.218464 0.509115 0.218464 0.509766 0.217550 0.510417 0.216636 0.510417 0.215722 0.511068 0.214808 0.511068 0.213894 0.511068 0.212980 0.511068 0.212066 0.511719 0.211152 0.511719 0.210238 0.511068 0.209324 0.511068 0.208410 0.511719 0.207495 0.511068 0.207495 0.511068 0.208410 0.510417 0.209324 0.509766 0.210238 0.509115 0.211152 0.509115 0.212066 0.508464 0.212980 0.507812 0.213894 0.507161 0.214808 0.506510 0.214808 0.505859 0.215722 0.505208 0.214808 0.504557 0.213894 0.503906 0.212980 0.504557 0.212066 0.504557 0.211152 0.505208 0.210238 0.504557 0.209324 0.505208 0.208410 0.504557 0.207495 0.505208 0.206581 0.504557 0.205667 0.505208 0.204753 0.505859 0.203839 0.506510 0.203839 0.507161 0.203839 0.507812 0.203839 0.507812 0.202925 0.507161 0.202011 0.507812 0.201097 0.508464 0.200183 0.509115 0.199269 0.509766 0.199269 0.509115 0.198355 0.509766 0.197441 0.509766 0.196527 0.509766 0.195612 0.509766 0.194698 0.510417 0.193784 0.510417 0.192870 0.510417 0.191956 0.511068 0.191042 0.511719 0.190128 0.512370 0.189214 0.513021 0.188300 0.512370 0.187386 0.512370 0.186472 0.513021 0.185558 0.513021 0.184644 0.512370 0.183729 0.513021 0.182815 0.513672 0.181901 0.514323 0.180987 0.514323 0.180073 0.513672 0.179159 0.513021 0.178245 0.512370 0.177331 0.512370 0.176417 0.512370 0.175503 0.513021 0.174589 0.513021 0.173675 0.512370 0.172761 0.512370 0.171846 0.512370 0.170932 0.511719 0.170018 0.511719 0.169104 0.512370 0.168190 0.511719 0.167276 0.511719 0.166362 0.511068 0.165448 0.511068 0.164534 0.510417 0.163620 0.510417 0.162706 0.509766 0.161792 0.509766 0.160878 0.509766 0.159963 0.509766 0.159049 0.509766 0.158135 0.509766 0.157221 0.509766 0.156307 0.509766 0.155393 0.509115 0.155393 0.508464 0.154479 0.507812 0.153565 0.508464 0.152651 0.507812 0.151737 0.507812 0.150823 0.507161 0.149909 0.507161 0.148995 0.507161 0.148080 0.506510 0.147166 0.506510 0.146252 0.505859 0.145338 0.505859 0.144424 0.505859 0.143510 0.505859 0.142596 0.505859 0.141682 0.505859 0.140768 0.505859 0.139854 0.505208 0.138940 0.504557 0.138940 0.503906 0.138940 0.503255 0.138940 0.502604 0.138940 0.501953 0.139854 0.501302 0.139854 0.500651 0.138940 0.500000 0.138026 0.499349 0.138026 0.498698 0.138026 0.498047 0.138026 0.497396 0.138026
0 0.440755 0.137112 0.440104 0.138026 0.439453 0.138026 0.438802 0.138026 0.438151 0.138026 0.438151 0.138940 0.437500 0.139854 0.437500 0.140768 0.436849 0.141682 0.437500 0.142596 0.437500 0.143510 0.437500 0.144424 0.438151 0.145338 0.437500 0.146252 0.437500 0.147166 0.436849 0.148080 0.437500 0.148995 0.437500 0.149909 0.436849 0.150823 0.436849 0.151737 0.436849 0.152651 0.436849 0.153565 0.436849 0.154479 0.436849 0.155393 0.436198 0.156307 0.436198 0.157221 0.436198 0.158135 0.436198 0.159049 0.435547 0.159963 0.434896 0.160878 0.434896 0.161792 0.434245 0.162706 0.433594 0.163620 0.433594 0.164534 0.433594 0.165448 0.434245 0.166362 0.433594 0.167276 0.433594 0.168190 0.433594 0.169104 0.434245 0.170018 0.434245 0.170932 0.433594 0.171846 0.433594 0.172761 0.432943 0.173675 0.432292 0.174589 0.431641 0.175503 0.430990 0.174589 0.430339 0.173675 0.429688 0.173675 0.429036 0.172761 0.428385 0.171846 0.428385 0.170932 0.428385 0.170018 0.428385 0.169104 0.428385 0.168190 0.428385 0.167276 0.428385 0.166362 0.427734 0.167276 0.427083 0.168190 0.426432 0.168190 0.425781 0.168190 0.425130 0.167276 0.424479 0.166362 0.424479 0.165448 0.423828 0.164534 0.423177 0.163620 0.423177 0.162706 0.423177 0.161792 0.422526 0.160878 0.422526 0.159963 0.422526 0.159049 0.421875 0.158135 0.421224 0.158135 0.420573 0.158135 0.419922 0.157221 0.419271 0.156307 0.419271 0.155393 0.419271 0.154479 0.419271 0.153565 0.419271 0.152651 0.419271 0.151737 0.419922 0.150823 0.419922 0.149909 0.419922 0.148995 0.419922 0.148080 0.419271 0.147166 0.419922 0.146252 0.419271 0.146252 0.418620 0.145338 0.417969 0.144424 0.417318 0.144424 0.416667 0.144424 0.416016 0.145338 0.415365 0.144424 0.414714 0.145338 0.414062 0.144424 0.413411 0.144424 0.412760 0.144424 0.412109 0.144424 0.411458 0.144424 0.410807 0.144424 0.410156 0.145338 0.410156 0.146252 0.409505 0.147166 0.410156 0.148080 0.410156 0.148995 0.410156 0.149909 0.410156 0.150823 0.410807 0.151737 0.411458 0.152651 0.411458 0.153565 0.412109 0.154479 0.411458 0.155393 0.412109 0.156307 0.411458 0.157221 0.411458 0.158135 0.412109 0.159049 0.411458 0.159963 0.412109 0.159963 0.412760 0.160878 0.413411 0.160878 0.414062 0.161792 0.414714 0.162706 0.414062 0.163620 0.414714 0.162706 0.414714 0.161792 0.414714 0.160878 0.415365 0.159963 0.416016 0.159049 0.416667 0.159049 0.417318 0.159963 0.417969 0.159963 0.418620 0.160878 0.419271 0.161792 0.419271 0.162706 0.419922 0.163620 0.419922 0.164534 0.420573 0.165448 0.421224 0.166362 0.420573 0.167276 0.419922 0.168190 0.419271 0.167276 0.418620 0.167276 0.417969 0.167276 0.417318 0.166362 0.416667 0.166362 0.416016 0.166362 0.415365 0.167276 0.416016 0.168190 0.416016 0.169104 0.416016 0.170018 0.416667 0.170932 0.416667 0.171846 0.417318 0.172761 0.417969 0.172761 0.418620 0.173675 0.419271 0.173675 0.419922 0.174589 0.420573 0.174589 0.421224 0.175503 0.421875 0.176417 0.422526 0.177331 0.423177 0.178245 0.423828 0.179159 0.424479 0.180073 0.425130 0.180987 0.425781 0.181901 0.425130 0.182815 0.425781 0.182815 0.426432 0.183729 0.427083 0.184644 0.427734 0.185558 0.427734 0.186472 0.427083 0.187386 0.426432 0.188300 0.425781 0.189214 0.425130 0.190128 0.425130 0.191042 0.425130 0.191956 0.425781 0.191956 0.426432 0.192870 0.427083 0.192870 0.427734 0.193784 0.428385 0.194698 0.429036 0.195612 0.429688 0.195612 0.430339 0.196527 0.430990 0.197441 0.430990 0.198355 0.430990 0.199269 0.430990 0.200183 0.430990 0.201097 0.430990 0.202011 0.431641 0.202925 0.432292 0.203839 0.432943 0.203839 0.433594 0.204753 0.434245 0.205667 0.433594 0.206581 0.432943 0.207495 0.432292 0.207495 0.431641 0.206581 0.430990 0.207495 0.430339 0.207495 0.429688 0.208410 0.429036 0.208410 0.428385 0.209324 0.428385 0.210238 0.429036 0.211152 0.429036 0.212066 0.429688 0.212066 0.430339 0.212980 0.430990 0.212980 0.431641 0.212980 0.432292 0.213894 0.432943 0.214808 0.433594 0.214808 0.434245 0.215722 0.434896 0.216636 0.435547 0.216636 0.436198 0.217550 0.436849 0.218464 0.437500 0.219378 0.438151 0.220293 0.438151 0.221207 0.438802 0.220293 0.439453 0.220293 0.440104 0.221207 0.440755 0.222121 0.441406 0.223035 0.441406 0.223949 0.441406 0.224863 0.442057 0.225777 0.442708 0.226691 0.442708 0.227605 0.443359 0.228519 0.444010 0.229433 0.444661 0.230347 0.444661 0.231261 0.444661 0.232176 0.444661 0.233090 0.444010 0.234004 0.443359 0.234918 0.442708 0.234918 0.442708 0.235832 0.442708 0.236746 0.442708 0.237660 0.443359 0.237660 0.444010 0.236746 0.444661 0.237660 0.445312 0.238574 0.445964 0.238574 0.446615 0.238574 0.447266 0.239488 0.447917 0.238574 0.448568 0.239488 0.449219 0.239488 0.449870 0.240402 0.450521 0.241316 0.451172 0.240402 0.450521 0.239488 0.450521 0.238574 0.450521 0.237660 0.450521 0.236746 0.449870 0.235832 0.449219 0.234918 0.449219 0.234004 0.448568 0.233090 0.448568 0.232176 0.448568 0.231261 0.448568 0.230347 0.447917 0.229433 0.448568 0.228519 0.448568 0.227605 0.448568 0.226691 0.448568 0.225777 0.447917 0.224863 0.447917 0.223949 0.447917 0.223035 0.448568 0.222121 0.448568 0.221207 0.447917 0.220293 0.448568 0.219378 0.448568 0.218464 0.448568 0.217550 0.449219 0.216636 0.449870 0.215722 0.449870 0.214808 0.449870 0.213894 0.449870 0.212980 0.449870 0.212066 0.449219 0.212066 0.448568 0.211152 0.447917 0.210238 0.447266 0.209324 0.447266 0.208410 0.446615 0.208410 0.445964 0.207495 0.445312 0.207495 0.444661 0.206581 0.444010 0.207495 0.443359 0.207495 0.442708 0.207495 0.442057 0.206581 0.441406 0.205667 0.442057 0.204753 0.441406 0.204753 0.440755 0.203839 0.440104 0.203839 0.440755 0.204753 0.441406 0.205667 0.440755 0.206581 0.441406 0.207495 0.441406 0.208410 0.441406 0.209324 0.441406 0.210238 0.441406 0.211152 0.442057 0.212066 0.442708 0.212980 0.442057 0.213894 0.442057 0.214808 0.442057 0.215722 0.441406 0.216636 0.440755 0.217550 0.440104 0.218464 0.439453 0.217550 0.438802 0.216636 0.438802 0.215722 0.438802 0.214808 0.438802 0.213894 0.438151 0.212980 0.438151 0.212066 0.438151 0.211152 0.437500 0.210238 0.436849 0.209324 0.436849 0.208410 0.437500 0.207495 0.436849 0.206581 0.436198 0.205667 0.436198 0.204753 0.436198 0.203839 0.436198 0.202925 0.436198 0.202011 0.436849 0.201097 0.436198 0.200183 0.436198 0.199269 0.435547 0.198355 0.434896 0.197441 0.434896 0.196527 0.434245 0.195612 0.433594 0.194698 0.433594 0.193784 0.434245 0.192870 0.433594 0.191956 0.433594 0.191042 0.433594 0.190128 0.432943 0.189214 0.433594 0.188300 0.432943 0.187386 0.432943 0.186472 0.432292 0.187386 0.431641 0.186472 0.430990 0.185558 0.430339 0.184644 0.430339 0.183729 0.430339 0.182815 0.430339 0.181901 0.430990 0.180987 0.430990 0.180073 0.430339 0.179159 0.430990 0.178245 0.431641 0.177331 0.432292 0.176417 0.432943 0.176417 0.433594 0.177331 0.434245 0.178245 0.434896 0.177331 0.435547 0.176417 0.436198 0.175503 0.436849 0.175503 0.437500 0.174589 0.437500 0.173675 0.438151 0.172761 0.438151 0.171846 0.438151 0.170932 0.437500 0.170018 0.437500 0.169104 0.437500 0.168190 0.436849 0.167276 0.436198 0.166362 0.436198 0.165448 0.436198 0.164534 0.436198 0.163620 0.436198 0.162706 0.436849 0.161792 0.437500 0.160878 0.438151 0.159963 0.438802 0.159049 0.438802 0.158135 0.439453 0.157221 0.439453 0.156307 0.440104 0.155393 0.440755 0.154479 0.441406 0.154479 0.441406 0.153565 0.442057 0.152651 0.442708 0.151737 0.442057 0.150823 0.442708 0.149909 0.443359 0.148995 0.444010 0.148080 0.444661 0.148995 0.445312 0.149909 0.445964 0.150823 0.445964 0.151737 0.445964 0.152651 0.446615 0.153565 0.446615 0.154479 0.446615 0.155393 0.447266 0.156307 0.447266 0.157221 0.446615 0.158135 0.447266 0.159049 0.446615 0.159963 0.447266 0.160878 0.447917 0.161792 0.447917 0.162706 0.448568 0.163620 0.449219 0.164534 0.448568 0.165448 0.449219 0.166362 0.449219 0.167276 0.448568 0.168190 0.449219 0.169104 0.448568 0.170018 0.448568 0.170932 0.448568 0.171846 0.449219 0.172761 0.449870 0.173675 0.450521 0.174589 0.450521 0.175503 0.451172 0.176417 0.451172 0.177331 0.451823 0.178245 0.452474 0.179159 0.452474 0.180073 0.453125 0.180987 0.453776 0.181901 0.454427 0.182815 0.454427 0.183729 0.454427 0.184644 0.455078 0.185558 0.454427 0.186472 0.455078 0.187386 0.455729 0.188300 0.455729 0.189214 0.455729 0.190128 0.455729 0.191042 0.456380 0.191956 0.457031 0.192870 0.457682 0.193784 0.457682 0.194698 0.457682 0.195612 0.457682 0.196527 0.457682 0.197441 0.458333 0.198355 0.458333 0.199269 0.458984 0.200183 0.458333 0.201097 0.458984 0.201097 0.459635 0.202011 0.460286 0.202925 0.460938 0.203839 0.460938 0.204753 0.460938 0.205667 0.461589 0.206581 0.462240 0.207495 0.462891 0.208410 0.462891 0.209324 0.462891 0.210238 0.463542 0.211152 0.462891 0.212066 0.462891 0.212980 0.462240 0.213894 0.462891 0.214808 0.463542 0.215722 0.462891 0.216636 0.463542 0.217550 0.464193 0.217550 0.464844 0.218464 0.465495 0.219378 0.465495 0.220293 0.465495 0.221207 0.466146 0.222121 0.466146 0.223035 0.466797 0.223949 0.467448 0.224863 0.467448 0.225777 0.467448 0.226691 0.468099 0.227605 0.467448 0.228519 0.467448 0.229433 0.467448 0.230347 0.466797 0.231261 0.466146 0.232176 0.465495 0.233090 0.464844 0.234004 0.464844 0.234918 0.465495 0.235832 0.464844 0.236746 0.465495 0.236746 0.466146 0.235832 0.466797 0.235832 0.466797 0.234918 0.467448 0.234004 0.468099 0.233090 0.468099 0.232176 0.468750 0.231261 0.469401 0.230347 0.469401 0.229433 0.470052 0.228519 0.469401 0.227605 0.469401 0.226691 0.469401 0.225777 0.468750 0.224863 0.468750 0.223949 0.468750 0.223035 0.468750 0.222121 0.468750 0.221207 0.468099 0.220293 0.468099 0.219378 0.468750 0.218464 0.468099 0.217550 0.467448 0.216636 0.467448 0.215722 0.468099 0.214808 0.468099 0.213894 0.468750 0.212980 0.469401 0.212066 0.468750 0.211152 0.469401 0.210238 0.469401 0.209324 0.468750 0.209324 0.468099 0.208410 0.467448 0.207495 0.466797 0.206581 0.466146 0.205667 0.466146 0.204753 0.465495 0.203839 0.466146 0.202925 0.466797 0.202011 0.466146 0.201097 0.466146 0.200183 0.465495 0.199269 0.465495 0.198355 0.464844 0.197441 0.464844 0.196527 0.464844 0.195612 0.464844 0.194698 0.464193 0.193784 0.464193 0.192870 0.464193 0.191956 0.463542 0.191042 0.462891 0.190128 0.462891 0.189214 0.463542 0.188300 0.463542 0.187386 0.462891 0.186472 0.462891 0.185558 0.462240 0.184644 0.461589 0.183729 0.460938 0.182815 0.460938 0.181901 0.460286 0.181901 0.459635 0.180987 0.458984 0.180073 0.458984 0.179159 0.458984 0.178245 0.458333 0.177331 0.457682 0.176417 0.457682 0.175503 0.457682 0.174589 0.457682 0.173675 0.457682 0.172761 0.458333 0.171846 0.458984 0.170932 0.459635 0.170018 0.460286 0.169104 0.460938 0.168190 0.460938 0.167276 0.460938 0.166362 0.461589 0.165448 0.461589 0.164534 0.462240 0.163620 0.462240 0.162706 0.462240 0.161792 0.461589 0.161792 0.460938 0.160878 0.460286 0.160878 0.459635 0.160878 0.458984 0.161792 0.458333 0.162706 0.458333 0.163620 0.457682 0.164534 0.457031 0.165448 0.456380 0.164534 0.455729 0.163620 0.455078 0.162706 0.454427 0.161792 0.453776 0.160878 0.453776 0.159963 0.453125 0.159049 0.453776 0.158135 0.453125 0.157221 0.452474 0.156307 0.452474 0.155393 0.452474 0.154479 0.451823 0.154479 0.451172 0.153565 0.450521 0.153565 0.449870 0.152651 0.449219 0.151737 0.448568 0.150823 0.449219 0.149909 0.448568 0.148995 0.448568 0.148080 0.448568 0.147166 0.448568 0.146252 0.448568 0.145338 0.447917 0.144424 0.447266 0.145338 0.446615 0.145338 0.445964 0.146252 0.445964 0.147166 0.445312 0.148080 0.444661 0.148995 0.444010 0.148080 0.443359 0.147166 0.444010 0.146252 0.444010 0.145338 0.443359 0.144424 0.443359 0.143510 0.443359 0.142596 0.444010 0.141682 0.444010 0.140768 0.443359 0.139854 0.444010 0.138940 0.443359 0.138940 0.442708 0.138026 0.442057 0.137112 0.441406 0.137112
0 0.531901 0.136197 0.531250 0.137112 0.530599 0.137112 0.529948 0.138026 0.529297 0.138026 0.528646 0.138940 0.527995 0.139854 0.527344 0.139854 0.526693 0.139854 0.526042 0.139854 0.525391 0.140768 0.525391 0.141682 0.524740 0.142596 0.524740 0.143510 0.525391 0.144424 0.525391 0.145338 0.525391 0.146252 0.525391 0.147166 0.525391 0.148080 0.525391 0.148995 0.524740 0.149909 0.524089 0.150823 0.524089 0.151737 0.523438 0.152651 0.523438 0.153565 0.523438 0.154479 0.522786 0.155393 0.522786 0.156307 0.522786 0.157221 0.522786 0.158135 0.522786 0.159049 0.522135 0.159963 0.521484 0.160878 0.520833 0.161792 0.520182 0.161792 0.520182 0.162706 0.520182 0.163620 0.519531 0.164534 0.519531 0.165448 0.519531 0.166362 0.519531 0.167276 0.518880 0.168190 0.518229 0.169104 0.517578 0.169104 0.516927 0.169104 0.516276 0.168190 0.516276 0.169104 0.515625 0.170018 0.515625 0.170932 0.516276 0.171846 0.516276 0.172761 0.516927 0.173675 0.516927 0.174589 0.517578 0.175503 0.517578 0.176417 0.518229 0.177331 0.518229 0.178245 0.518229 0.179159 0.517578 0.180073 0.518229 0.180987 0.518229 0.181901 0.518880 0.182815 0.518229 0.183729 0.518229 0.184644 0.518880 0.185558 0.518880 0.186472 0.518880 0.187386 0.518880 0.188300 0.518880 0.189214 0.519531 0.190128 0.519531 0.191042 0.520182 0.191956 0.520182 0.192870 0.520182 0.193784 0.520182 0.194698 0.520182 0.195612 0.520182 0.196527 0.520833 0.197441 0.520833 0.198355 0.521484 0.198355 0.522135 0.199269 0.522786 0.200183 0.522786 0.201097 0.523438 0.202011 0.524089 0.202011 0.524740 0.201097 0.524740 0.200183 0.525391 0.199269 0.524740 0.198355 0.524740 0.197441 0.524740 0.196527 0.524089 0.195612 0.523438 0.194698 0.523438 0.193784 0.522786 0.192870 0.522135 0.191956 0.522135 0.191042 0.521484 0.190128 0.521484 0.189214 0.521484 0.188300 0.522135 0.187386 0.521484 0.186472 0.520833 0.185558 0.520833 0.184644 0.520833 0.183729 0.520833 0.182815 0.520833 0.181901 0.520833 0.180987 0.521484 0.180073 0.522135 0.179159 0.522786 0.179159 0.522135 0.178245 0.522135 0.177331 0.522135 0.176417 0.522786 0.175503 0.522786 0.174589 0.523438 0.173675 0.524089 0.172761 0.524740 0.172761 0.525391 0.171846 0.525391 0.170932 0.525391 0.170018 0.525391 0.169104 0.526042 0.168190 0.526042 0.167276 0.526042 0.166362 0.526042 0.165448 0.526693 0.164534 0.526042 0.163620 0.526042 0.162706 0.526693 0.161792 0.527344 0.160878 0.527995 0.160878 0.528646 0.159963 0.529297 0.159049 0.529948 0.159049 0.530599 0.158135 0.531250 0.157221 0.531901 0.156307 0.531901 0.155393 0.531250 0.154479 0.531901 0.153565 0.531901 0.152651 0.531901 0.151737 0.531901 0.150823 0.531901 0.149909 0.531901 0.148995 0.531250 0.148080 0.531901 0.147166 0.531250 0.146252 0.531250 0.145338 0.531250 0.144424 0.531901 0.143510 0.532552 0.142596 0.533203 0.141682 0.533854 0.140768 0.533854 0.139854 0.533854 0.138940 0.533203 0.138026 0.533203 0.137112 0.532552 0.136197
0 0.472656 0.136197 0.472005 0.137112 0.471354 0.138026 0.470703 0.138026 0.470052 0.137112 0.470052 0.138026 0.469401 0.138940 0.468750 0.139854 0.468099 0.140768 0.468099 0.141682 0.468750 0.142596 0.468750 0.143510 0.468750 0.144424 0.469401 0.145338 0.469401 0.146252 0.468750 0.147166 0.469401 0.148080 0.469401 0.148995 0.470052 0.148995 0.470703 0.148995 0.471354 0.148080 0.472005 0.148080 0.472656 0.148995 0.473307 0.149909 0.473958 0.150823 0.473958 0.151737 0.473958 0.152651 0.473307 0.153565 0.472656 0.154479 0.472005 0.154479 0.471354 0.153565 0.471354 0.154479 0.472005 0.155393 0.472005 0.156307 0.472005 0.157221 0.472005 0.158135 0.472656 0.158135 0.473307 0.159049 0.473958 0.159963 0.474609 0.160878 0.475260 0.161792 0.475911 0.162706 0.476562 0.162706 0.477214 0.163620 0.477865 0.164534 0.478516 0.165448 0.478516 0.166362 0.478516 0.167276 0.479167 0.168190 0.478516 0.169104 0.478516 0.170018 0.478516 0.170932 0.479167 0.171846 0.479167 0.172761 0.479167 0.173675 0.479818 0.174589 0.479818 0.175503 0.479818 0.176417 0.480469 0.177331 0.480469 0.178245 0.480469 0.179159 0.481120 0.180073 0.481120 0.180987 0.481120 0.181901 0.481771 0.182815 0.481771 0.183729 0.481771 0.184644 0.482422 0.185558 0.482422 0.186472 0.481771 0.187386 0.481771 0.188300 0.482422 0.189214 0.481771 0.190128 0.481771 0.191042 0.482422 0.191956 0.481771 0.192870 0.481771 0.193784 0.482422 0.194698 0.482422 0.195612 0.483073 0.195612 0.483724 0.194698 0.484375 0.195612 0.484375 0.194698 0.485026 0.193784 0.485677 0.192870 0.486328 0.192870 0.486979 0.192870 0.486328 0.191956 0.486979 0.191042 0.487630 0.190128 0.486979 0.189214 0.487630 0.188300 0.486979 0.187386 0.486979 0.186472 0.486979 0.185558 0.487630 0.184644 0.487630 0.183729 0.486979 0.182815 0.486328 0.181901 0.486328 0.182815 0.485677 0.183729 0.486328 0.184644 0.486979 0.185558 0.486328 0.186472 0.485677 0.187386 0.485026 0.187386 0.484375 0.186472 0.483724 0.185558 0.484375 0.184644 0.484375 0.183729 0.483724 0.182815 0.483724 0.181901 0.483724 0.180987 0.483724 0.180073 0.484375 0.179159 0.484375 0.178245 0.484375 0.177331 0.484375 0.176417 0.485026 0.175503 0.485026 0.174589 0.485677 0.173675 0.485677 0.172761 0.485026 0.173675 0.484375 0.172761 0.483724 0.171846 0.484375 0.170932 0.483724 0.171846 0.483073 0.170932 0.482422 0.170018 0.481771 0.169104 0.482422 0.168190 0.481771 0.167276 0.481771 0.166362 0.482422 0.165448 0.481771 0.164534 0.481771 0.163620 0.481771 0.162706 0.481771 0.161792 0.482422 0.160878 0.482422 0.159963 0.482422 0.159049 0.481771 0.158135 0.481771 0.157221 0.481771 0.156307 0.481120 0.155393 0.480469 0.155393 0.479818 0.156307 0.479167 0.155393 0.478516 0.155393 0.477865 0.154479 0.477214 0.153565 0.477214 0.152651 0.476562 0.151737 0.476562 0.150823 0.476562 0.149909 0.476562 0.148995 0.475911 0.148080 0.475911 0.147166 0.475911 0.146252 0.475911 0.145338 0.475911 0.144424 0.475260 0.143510 0.475260 0.142596 0.475911 0.141682 0.475911 0.140768 0.475911 0.139854 0.475260 0.138940 0.475260 0.138026 0.475260 0.137112 0.474609 0.138026 0.473958 0.137112 0.473307 0.136197
0 0.445964 0.067642 0.445312 0.068556 0.444661 0.068556 0.444010 0.068556 0.443359 0.069470 0.442708 0.068556 0.442057 0.068556 0.441406 0.069470 0.440755 0.070384 0.440755 0.071298 0.441406 0.072212 0.442057 0.073126 0.442708 0.074040 0.442708 0.074954 0.443359 0.075868 0.442708 0.076782 0.442057 0.077697 0.441406 0.076782 0.440755 0.077697 0.440104 0.077697 0.439453 0.078611 0.438802 0.078611 0.438151 0.078611 0.437500 0.077697 0.436849 0.076782 0.436849 0.075868 0.436849 0.074954 0.436849 0.074040 0.436849 0.073126 0.436849 0.072212 0.436198 0.072212 0.435547 0.072212 0.434896 0.071298 0.434896 0.072212 0.434245 0.073126 0.433594 0.074040 0.432943 0.074954 0.432292 0.075868 0.431641 0.075868 0.430990 0.075868 0.430990 0.076782 0.430339 0.077697 0.430339 0.078611 0.429688 0.079525 0.429688 0.080439 0.430339 0.081353 0.429688 0.082267 0.429036 0.083181 0.428385 0.084095 0.427734 0.085009 0.427083 0.085923 0.426432 0.085923 0.425781 0.085009 0.425130 0.084095 0.424479 0.083181 0.423828 0.082267 0.423177 0.081353 0.422526 0.080439 0.421875 0.079525 0.421224 0.078611 0.421224 0.077697 0.420573 0.076782 0.420573 0.075868 0.419922 0.074954 0.420573 0.074040 0.419922 0.073126 0.419271 0.072212 0.418620 0.072212 0.417969 0.072212 0.417318 0.071298 0.416667 0.071298 0.416016 0.071298 0.415365 0.070384 0.414714 0.071298 0.414062 0.070384 0.413411 0.071298 0.413411 0.072212 0.412760 0.073126 0.413411 0.072212 0.414062 0.073126 0.414714 0.074040 0.415365 0.074954 0.416016 0.075868 0.416667 0.076782 0.416667 0.077697 0.416016 0.078611 0.415365 0.079525 0.414714 0.080439 0.414062 0.080439 0.413411 0.079525 0.412760 0.080439 0.412109 0.080439 0.411458 0.080439 0.410807 0.080439 0.410156 0.080439 0.409505 0.080439 0.408854 0.080439 0.408203 0.080439 0.407552 0.079525 0.407552 0.080439 0.406901 0.081353 0.406250 0.082267 0.406250 0.083181 0.405599 0.084095 0.404948 0.085009 0.404297 0.085923 0.403646 0.086837 0.402995 0.086837 0.402344 0.085923 0.401693 0.086837 0.401042 0.085923 0.400391 0.085923 0.399740 0.085923 0.399089 0.086837 0.398438 0.086837 0.397786 0.086837 0.397135 0.086837 0.396484 0.087751 0.395833 0.087751 0.395833 0.088665 0.396484 0.089580 0.396484 0.090494 0.396484 0.091408 0.396484 0.092322 0.397135 0.092322 0.397786 0.093236 0.398438 0.094150 0.398438 0.095064 0.399089 0.095064 0.399740 0.095064 0.400391 0.095064 0.401042 0.095064 0.401693 0.094150 0.402344 0.094150 0.402995 0.093236 0.403646 0.093236 0.402995 0.092322 0.403646 0.091408 0.404297 0.090494 0.404948 0.090494 0.404948 0.089580 0.405599 0.088665 0.406250 0.087751 0.406901 0.087751 0.407552 0.086837 0.408203 0.086837 0.408854 0.086837 0.409505 0.086837 0.410156 0.085923 0.410807 0.085923 0.411458 0.086837 0.412109 0.086837 0.412760 0.086837 0.413411 0.086837 0.414062 0.085923 0.414714 0.085923 0.415365 0.085923 0.416016 0.085923 0.416667 0.085923 0.417318 0.085923 0.417969 0.085923 0.418620 0.085923 0.419271 0.086837 0.419922 0.086837 0.420573 0.087751 0.421224 0.086837 0.421875 0.087751 0.422526 0.088665 0.423177 0.089580 0.423177 0.090494 0.423828 0.090494 0.424479 0.091408 0.425130 0.091408 0.425781 0.091408 0.426432 0.090494 0.427083 0.089580 0.427734 0.089580 0.428385 0.089580 0.428385 0.088665 0.428385 0.087751 0.429036 0.086837 0.429688 0.085923 0.429036 0.085009 0.429688 0.084095 0.430339 0.083181 0.430990 0.082267 0.431641 0.082267 0.432292 0.081353 0.432943 0.080439 0.433594 0.081353 0.434245 0.081353 0.434896 0.082267 0.435547 0.083181 0.435547 0.084095 0.436198 0.084095 0.436849 0.084095 0.437500 0.084095 0.438151 0.084095 0.438802 0.083181 0.439453 0.082267 0.440104 0.082267 0.440755 0.082267 0.441406 0.081353 0.442057 0.081353 0.442708 0.082267 0.443359 0.081353 0.444010 0.081353 0.444661 0.082267 0.445312 0.082267 0.445964 0.083181 0.446615 0.084095 0.446615 0.085009 0.447266 0.085923 0.447917 0.086837 0.448568 0.086837 0.449219 0.087751 0.449870 0.088665 0.449870 0.089580 0.449870 0.090494 0.450521 0.089580 0.451172 0.090494 0.451823 0.090494 0.452474 0.090494 0.453125 0.089580 0.453776 0.089580 0.454427 0.088665 0.454427 0.087751 0.455078 0.086837 0.455729 0.085923 0.456380 0.085009 0.457031 0.084095 0.457682 0.084095 0.458333 0.084095 0.458984 0.084095 0.459635 0.083181 0.460286 0.083181 0.460938 0.083181 0.461589 0.083181 0.462240 0.084095 0.462891 0.085009 0.462891 0.085923 0.463542 0.086837 0.463542 0.087751 0.464193 0.088665 0.464844 0.088665 0.465495 0.087751 0.465495 0.086837 0.465495 0.085923 0.465495 0.085009 0.465495 0.084095 0.465495 0.083181 0.466146 0.082267 0.466797 0.081353 0.467448 0.082267 0.468099 0.082267 0.468750 0.081353 0.469401 0.081353 0.470052 0.080439 0.470703 0.080439 0.470703 0.079525 0.471354 0.078611 0.471354 0.077697 0.470703 0.076782 0.470703 0.075868 0.471354 0.074954 0.471354 0.074040 0.472005 0.073126 0.472005 0.072212 0.471354 0.071298 0.470703 0.070384 0.470052 0.069470 0.469401 0.069470 0.468750 0.069470 0.468099 0.069470 0.467448 0.069470 0.466797 0.070384 0.466146 0.069470 0.465495 0.069470 0.464844 0.070384 0.464193 0.071298 0.464193 0.072212 0.464193 0.073126 0.463542 0.074040 0.464193 0.074954 0.463542 0.075868 0.462891 0.076782 0.462240 0.077697 0.461589 0.077697 0.460938 0.078611 0.460286 0.078611 0.459635 0.078611 0.458984 0.077697 0.458333 0.077697 0.457682 0.077697 0.457031 0.078611 0.456380 0.078611 0.455729 0.077697 0.455078 0.076782 0.454427 0.077697 0.453776 0.078611 0.453125 0.078611 0.452474 0.078611 0.452474 0.079525 0.451823 0.080439 0.451172 0.081353 0.450521 0.082267 0.449870 0.081353 0.449219 0.081353 0.448568 0.080439 0.447917 0.079525 0.447266 0.078611 0.447917 0.077697 0.447917 0.076782 0.447266 0.075868 0.447266 0.074954 0.447266 0.074040 0.447266 0.073126 0.447917 0.072212 0.447917 0.071298 0.447917 0.070384 0.447917 0.069470 0.447266 0.068556 0.446615 0.068556
