0 0.544271 0.822669 0.543620 0.823583 0.542969 0.823583 0.542318 0.824497 0.541667 0.823583 0.541016 0.824497 0.540365 0.824497 0.539714 0.825411 0.539062 0.826325 0.538411 0.826325 0.537760 0.827239 0.537109 0.828154 0.536458 0.828154 0.535807 0.829068 0.535156 0.829982 0.535156 0.830896 0.534505 0.831810 0.533854 0.832724 0.533203 0.832724 0.532552 0.833638 0.531901 0.833638 0.531250 0.833638 0.530599 0.834552 0.529948 0.834552 0.529297 0.834552 0.528646 0.835466 0.527995 0.835466 0.528646 0.836380 0.527995 0.837294 0.528646 0.838208 0.529297 0.839122 0.529948 0.840037 0.529948 0.840951 0.529948 0.841865 0.529948 0.842779 0.530599 0.843693 0.529948 0.844607 0.529948 0.845521 0.530599 0.846435 0.530599 0.847349 0.531250 0.847349 0.531901 0.848263 0.532552 0.849177 0.532552 0.850091 0.533203 0.850091 0.533854 0.850091 0.534505 0.850091 0.535156 0.851005 0.535807 0.851005 0.536458 0.851005 0.537109 0.851005 0.537760 0.851920 0.538411 0.851005 0.539062 0.851005 0.539714 0.850091 0.540365 0.850091 0.541016 0.849177 0.541667 0.848263 0.541667 0.847349 0.542318 0.846435 0.542969 0.845521 0.542969 0.844607 0.542969 0.843693 0.542969 0.842779 0.542318 0.841865 0.542318 0.840951 0.542318 0.840037 0.542318 0.839122 0.541667 0.838208 0.541016 0.837294 0.541667 0.836380 0.542318 0.835466 0.542969 0.834552 0.543620 0.834552 0.544271 0.834552 0.544922 0.834552 0.545573 0.833638 0.546224 0.834552 0.546875 0.834552 0.547526 0.833638 0.547526 0.832724 0.548177 0.831810 0.547526 0.830896 0.547526 0.829982 0.547526 0.829068 0.546875 0.828154 0.546875 0.827239 0.546875 0.826325 0.546224 0.825411 0.546224 0.824497 0.545573 0.824497 0.544922 0.823583
0 0.818359 0.819013 0.817708 0.819927 0.817057 0.819927 0.816406 0.820841 0.816406 0.821755 0.815755 0.822669 0.815755 0.823583 0.815755 0.824497 0.815104 0.825411 0.815755 0.826325 0.815755 0.827239 0.815104 0.828154 0.815104 0.829068 0.814453 0.829982 0.815104 0.830896 0.815104 0.831810 0.815104 0.832724 0.814453 0.833638 0.815104 0.834552 0.814453 0.835466 0.814453 0.836380 0.814453 0.837294 0.813802 0.838208 0.813151 0.839122 0.812500 0.839122 0.811849 0.838208 0.811198 0.837294 0.810547 0.836380 0.810547 0.835466 0.809896 0.835466 0.809245 0.834552 0.808594 0.833638 0.808594 0.832724 0.807943 0.832724 0.807292 0.831810 0.806641 0.830896 0.805990 0.831810 0.805339 0.830896 0.804688 0.831810 0.804036 0.832724 0.803385 0.832724 0.802734 0.833638 0.802083 0.833638 0.801432 0.833638 0.800781 0.834552 0.800130 0.834552 0.799479 0.834552 0.799479 0.835466 0.798828 0.836380 0.798177 0.837294 0.798828 0.838208 0.799479 0.839122 0.799479 0.840037 0.800130 0.840951 0.800781 0.840951 0.801432 0.841865 0.802083 0.842779 0.802083 0.843693 0.802734 0.844607 0.802734 0.845521 0.803385 0.846435 0.804036 0.846435 0.804688 0.846435 0.805339 0.846435 0.805990 0.847349 0.806641 0.847349 0.807292 0.847349 0.807943 0.847349 0.808594 0.848263 0.809245 0.847349 0.809896 0.848263 0.810547 0.848263 0.811198 0.848263 0.811849 0.848263 0.812500 0.849177 0.813151 0.849177 0.813802 0.850091 0.814453 0.851005 0.815104 0.850091 0.815755 0.850091 0.816406 0.850091 0.817057 0.850091 0.817708 0.849177 0.817708 0.848263 0.818359 0.847349 0.819010 0.846435 0.819010 0.845521 0.819661 0.844607 0.820312 0.843693 0.820964 0.842779 0.821615 0.841865 0.821615 0.840951 0.821615 0.840037 0.822266 0.839122 0.822266 0.838208 0.822266 0.837294 0.822917 0.836380 0.822917 0.835466 0.822917 0.834552 0.822917 0.833638 0.823568 0.832724 0.823568 0.831810 0.822917 0.830896 0.822917 0.829982 0.822266 0.829982 0.821615 0.829068 0.820964 0.828154 0.820964 0.827239 0.820964 0.826325 0.820312 0.825411 0.820312 0.824497 0.819661 0.823583 0.819661 0.822669 0.819661 0.821755 0.819010 0.820841 0.819661 0.819927 0.819010 0.819927
0 0.467448 0.819013 0.466797 0.819927 0.466146 0.819927 0.465495 0.819927 0.465495 0.820841 0.464844 0.821755 0.464193 0.822669 0.464193 0.823583 0.464844 0.824497 0.464193 0.825411 0.464193 0.826325 0.464193 0.827239 0.463542 0.828154 0.463542 0.829068 0.462891 0.829982 0.462240 0.830896 0.461589 0.831810 0.460938 0.832724 0.460286 0.832724 0.459635 0.832724 0.459635 0.833638 0.458984 0.834552 0.458333 0.835466 0.458333 0.836380 0.458333 0.837294 0.457682 0.838208 0.458333 0.838208 0.458984 0.839122 0.459635 0.838208 0.460286 0.839122 0.460938 0.840037 0.461589 0.840037 0.462240 0.840951 0.462891 0.840951 0.463542 0.840951 0.464193 0.840951 0.464844 0.840951 0.465495 0.840037 0.466146 0.839122 0.466797 0.838208 0.467448 0.838208 0.468099 0.839122 0.468750 0.838208 0.469401 0.839122 0.470052 0.840037 0.470703 0.839122 0.471354 0.840037 0.472005 0.840951 0.472656 0.840037 0.473307 0.840951 0.473958 0.840951 0.474609 0.841865 0.475260 0.842779 0.475911 0.843693 0.476562 0.843693 0.477214 0.843693 0.477865 0.844607 0.478516 0.844607 0.479167 0.843693 0.479818 0.843693 0.480469 0.842779 0.481120 0.841865 0.480469 0.840951 0.481120 0.840037 0.481120 0.839122 0.480469 0.838208 0.480469 0.837294 0.479818 0.836380 0.479167 0.836380 0.478516 0.835466 0.477865 0.835466 0.477214 0.835466 0.476562 0.834552 0.475911 0.834552 0.475260 0.833638 0.474609 0.833638 0.473958 0.832724 0.473307 0.831810 0.473307 0.830896 0.472656 0.829982 0.472656 0.829068 0.472005 0.829068 0.471354 0.828154 0.470703 0.827239 0.470052 0.826325 0.470052 0.825411 0.470052 0.824497 0.469401 0.823583 0.469401 0.822669 0.469401 0.821755 0.469401 0.820841 0.468750 0.819927 0.468099 0.819927
0 0.562500 0.811700 0.561849 0.812614 0.561198 0.813528 0.560547 0.814442 0.559896 0.814442 0.559245 0.815356 0.558594 0.815356 0.557943 0.816271 0.557292 0.816271 0.556641 0.816271 0.555990 0.816271 0.555339 0.816271 0.554688 0.815356 0.554036 0.815356 0.553385 0.815356 0.552734 0.815356 0.552083 0.815356 0.551432 0.815356 0.550781 0.816271 0.550130 0.817185 0.549479 0.817185 0.549479 0.818099 0.549479 0.819013 0.548828 0.819927 0.549479 0.820841 0.548828 0.821755 0.548828 0.822669 0.548828 0.823583 0.549479 0.824497 0.550130 0.824497 0.550781 0.825411 0.551432 0.826325 0.552083 0.826325 0.552734 0.826325 0.553385 0.826325 0.554036 0.826325 0.554688 0.826325 0.555339 0.826325 0.555990 0.826325 0.556641 0.825411 0.557292 0.824497 0.557943 0.825411 0.558594 0.824497 0.559245 0.824497 0.559896 0.824497 0.560547 0.824497 0.561198 0.824497 0.561849 0.824497 0.562500 0.824497 0.563151 0.824497 0.563802 0.825411 0.564453 0.825411 0.565104 0.825411 0.565755 0.825411 0.566406 0.826325 0.567057 0.826325 0.567708 0.827239 0.568359 0.827239 0.569010 0.827239 0.569661 0.828154 0.570312 0.829068 0.570964 0.829068 0.571615 0.829982 0.572266 0.829982 0.572917 0.830896 0.573568 0.830896 0.574219 0.830896 0.574870 0.830896 0.575521 0.831810 0.576172 0.831810 0.576823 0.830896 0.577474 0.830896 0.578125 0.829982 0.578125 0.829068 0.578776 0.828154 0.578125 0.827239 0.578125 0.826325 0.577474 0.825411 0.577474 0.824497 0.577474 0.823583 0.576823 0.822669 0.576823 0.821755 0.576172 0.821755 0.575521 0.820841 0.574870 0.819927 0.574870 0.819013 0.574219 0.818099 0.573568 0.818099 0.572917 0.818099 0.572266 0.817185 0.571615 0.816271 0.570964 0.815356 0.570312 0.814442 0.570312 0.813528 0.569661 0.813528 0.569010 0.812614 0.568359 0.812614 0.567708 0.812614 0.567057 0.812614 0.566406 0.811700 0.565755 0.811700 0.565104 0.811700 0.564453 0.811700 0.563802 0.811700 0.563151 0.811700
0 0.374349 0.801645 0.373698 0.802559 0.373047 0.802559 0.372396 0.803473 0.372396 0.804388 0.371745 0.805302 0.371745 0.806216 0.371094 0.807130 0.370443 0.808044 0.371094 0.808958 0.371094 0.809872 0.370443 0.810786 0.371094 0.811700 0.371094 0.812614 0.371094 0.813528 0.370443 0.814442 0.370443 0.815356 0.369792 0.816271 0.369141 0.817185 0.368490 0.818099 0.367839 0.819013 0.367188 0.819927 0.366536 0.820841 0.365885 0.820841 0.365234 0.821755 0.364583 0.822669 0.363932 0.823583 0.363281 0.824497 0.363281 0.825411 0.363281 0.826325 0.362630 0.827239 0.362630 0.828154 0.362630 0.829068 0.363281 0.829982 0.363932 0.830896 0.364583 0.830896 0.365234 0.831810 0.365885 0.831810 0.366536 0.831810 0.367188 0.832724 0.367839 0.832724 0.368490 0.832724 0.369141 0.832724 0.369792 0.833638 0.370443 0.833638 0.371094 0.832724 0.371745 0.833638 0.372396 0.834552 0.373047 0.833638 0.373698 0.833638 0.374349 0.834552 0.375000 0.834552 0.375651 0.833638 0.376302 0.833638 0.376953 0.832724 0.377604 0.831810 0.376953 0.830896 0.377604 0.829982 0.377604 0.829068 0.378255 0.828154 0.378255 0.827239 0.378255 0.826325 0.378255 0.825411 0.378906 0.824497 0.378906 0.823583 0.379557 0.822669 0.379557 0.821755 0.379557 0.820841 0.380208 0.819927 0.380208 0.819013 0.380208 0.818099 0.380859 0.817185 0.380208 0.816271 0.380859 0.815356 0.380859 0.814442 0.381510 0.813528 0.380859 0.812614 0.381510 0.811700 0.381510 0.810786 0.380859 0.809872 0.381510 0.808958 0.380859 0.808044 0.380859 0.807130 0.380208 0.806216 0.380208 0.805302 0.379557 0.804388 0.378906 0.803473 0.378255 0.803473 0.377604 0.802559 0.376953 0.802559 0.376302 0.802559 0.375651 0.802559 0.375000 0.801645
0 0.696615 0.800731 0.695964 0.801645 0.695964 0.802559 0.695312 0.803473 0.695964 0.804388 0.695964 0.805302 0.696615 0.806216 0.696615 0.807130 0.697266 0.808044 0.697917 0.808958 0.698568 0.809872 0.698568 0.810786 0.699219 0.810786 0.699870 0.811700 0.700521 0.812614 0.701172 0.813528 0.701823 0.814442 0.702474 0.815356 0.702474 0.816271 0.703125 0.817185 0.703125 0.818099 0.702474 0.819013 0.701823 0.819927 0.701172 0.820841 0.700521 0.821755 0.699870 0.821755 0.699219 0.821755 0.698568 0.821755 0.697917 0.821755 0.697266 0.821755 0.696615 0.820841 0.695964 0.820841 0.695312 0.819927 0.694661 0.820841 0.694010 0.820841 0.694661 0.821755 0.694010 0.822669 0.694010 0.823583 0.694010 0.824497 0.694661 0.825411 0.694010 0.826325 0.694661 0.826325 0.695312 0.827239 0.695964 0.828154 0.696615 0.827239 0.697266 0.828154 0.697917 0.829068 0.698568 0.829982 0.699219 0.830896 0.699870 0.830896 0.700521 0.831810 0.701172 0.832724 0.701172 0.833638 0.701172 0.834552 0.701172 0.835466 0.700521 0.836380 0.699870 0.837294 0.699219 0.837294 0.698568 0.838208 0.697917 0.838208 0.697266 0.839122 0.696615 0.840037 0.695964 0.840951 0.695312 0.840951 0.694661 0.840951 0.694010 0.841865 0.693359 0.841865 0.693359 0.842779 0.693359 0.843693 0.692708 0.844607 0.692057 0.845521 0.692057 0.846435 0.692057 0.847349 0.691406 0.848263 0.691406 0.849177 0.690755 0.850091 0.691406 0.851005 0.691406 0.851920 0.691406 0.852834 0.691406 0.853748 0.692057 0.852834 0.692708 0.853748 0.693359 0.854662 0.694010 0.854662 0.694661 0.854662 0.695312 0.854662 0.695964 0.854662 0.696615 0.855576 0.697266 0.855576 0.697917 0.854662 0.698568 0.854662 0.699219 0.853748 0.699870 0.853748 0.700521 0.852834 0.701172 0.852834 0.701172 0.851920 0.701823 0.851005 0.701823 0.850091 0.702474 0.849177 0.703125 0.848263 0.703776 0.847349 0.704427 0.847349 0.705078 0.847349 0.705729 0.846435 0.706380 0.846435 0.707031 0.846435 0.707682 0.845521 0.708333 0.845521 0.708984 0.845521 0.709635 0.845521 0.710286 0.844607 0.710938 0.843693 0.710938 0.842779 0.711589 0.841865 0.711589 0.840951 0.712240 0.840037 0.711589 0.839122 0.711589 0.838208 0.711589 0.837294 0.712240 0.836380 0.712240 0.835466 0.712891 0.834552 0.712891 0.833638 0.712240 0.832724 0.712240 0.831810 0.711589 0.830896 0.711589 0.829982 0.711589 0.829068 0.711589 0.828154 0.710938 0.827239 0.710938 0.826325 0.710286 0.825411 0.710286 0.824497 0.709635 0.823583 0.709635 0.822669 0.708984 0.821755 0.708984 0.820841 0.708333 0.819927 0.707682 0.819013 0.707031 0.818099 0.707031 0.817185 0.707031 0.816271 0.706380 0.815356 0.706380 0.814442 0.705729 0.813528 0.705078 0.812614 0.705078 0.811700 0.705729 0.810786 0.705078 0.809872 0.704427 0.808958 0.704427 0.808044 0.703776 0.807130 0.703125 0.806216 0.702474 0.805302 0.702474 0.804388 0.701823 0.803473 0.701172 0.802559 0.701172 0.801645 0.700521 0.801645 0.699870 0.800731 0.699219 0.800731 0.698568 0.800731 0.697917 0.800731 0.697266 0.800731
0 0.533854 0.795247 0.533203 0.796161 0.532552 0.796161 0.531901 0.796161 0.531250 0.797075 0.530599 0.797075 0.529948 0.797075 0.529948 0.797989 0.529297 0.798903 0.528646 0.799817 0.527995 0.800731 0.527344 0.800731 0.526693 0.800731 0.526693 0.801645 0.526042 0.802559 0.526042 0.803473 0.526042 0.804388 0.525391 0.805302 0.524740 0.806216 0.525391 0.807130 0.524740 0.808044 0.524740 0.808958 0.524740 0.809872 0.524740 0.810786 0.524740 0.811700 0.524740 0.812614 0.524740 0.813528 0.524089 0.814442 0.524740 0.815356 0.524740 0.816271 0.524089 0.817185 0.523438 0.818099 0.522786 0.819013 0.522135 0.819927 0.521484 0.819927 0.520833 0.820841 0.520182 0.820841 0.519531 0.821755 0.520182 0.822669 0.519531 0.823583 0.519531 0.824497 0.519531 0.825411 0.519531 0.826325 0.519531 0.827239 0.518880 0.828154 0.518880 0.829068 0.518229 0.829982 0.518229 0.830896 0.517578 0.831810 0.517578 0.832724 0.517578 0.833638 0.516927 0.834552 0.516276 0.835466 0.516927 0.836380 0.516927 0.837294 0.516276 0.838208 0.516927 0.839122 0.516927 0.840037 0.517578 0.840951 0.518229 0.840951 0.518880 0.840037 0.519531 0.839122 0.520182 0.838208 0.520833 0.837294 0.521484 0.837294 0.522135 0.836380 0.522786 0.835466 0.523438 0.835466 0.524089 0.835466 0.524740 0.834552 0.525391 0.834552 0.526042 0.833638 0.526042 0.832724 0.526042 0.831810 0.526042 0.830896 0.526042 0.829982 0.526693 0.829068 0.527344 0.828154 0.527344 0.827239 0.527995 0.826325 0.528646 0.825411 0.529297 0.824497 0.529948 0.823583 0.529948 0.822669 0.530599 0.821755 0.531250 0.820841 0.531901 0.819927 0.532552 0.819013 0.532552 0.818099 0.533203 0.817185 0.533854 0.816271 0.534505 0.815356 0.534505 0.814442 0.535156 0.813528 0.535807 0.812614 0.535807 0.811700 0.535807 0.810786 0.536458 0.809872 0.537109 0.808958 0.536458 0.808044 0.537109 0.807130 0.537109 0.806216 0.537109 0.805302 0.537109 0.804388 0.537109 0.803473 0.537109 0.802559 0.536458 0.801645 0.536458 0.800731 0.536458 0.799817 0.535807 0.798903 0.535807 0.797989 0.535156 0.797075 0.535156 0.796161 0.534505 0.796161
0 0.814453 0.791590 0.813802 0.792505 0.813151 0.793419 0.813151 0.794333 0.812500 0.795247 0.812500 0.796161 0.812500 0.797075 0.813151 0.797989 0.813151 0.798903 0.812500 0.799817 0.813151 0.800731 0.813151 0.801645 0.813151 0.802559 0.812500 0.803473 0.813151 0.804388 0.813151 0.805302 0.813151 0.806216 0.813151 0.807130 0.812500 0.808044 0.811849 0.808958 0.811198 0.809872 0.810547 0.808958 0.809896 0.808958 0.809245 0.808044 0.808594 0.807130 0.807943 0.806216 0.807943 0.805302 0.807292 0.805302 0.806641 0.804388 0.805990 0.804388 0.805339 0.805302 0.805339 0.806216 0.804688 0.807130 0.804688 0.808044 0.804036 0.808958 0.804036 0.809872 0.804036 0.810786 0.804036 0.811700 0.804688 0.812614 0.804036 0.813528 0.804036 0.814442 0.804688 0.815356 0.804688 0.816271 0.804036 0.817185 0.804688 0.818099 0.804688 0.819013 0.804688 0.819927 0.804036 0.820841 0.804036 0.821755 0.804036 0.822669 0.804036 0.823583 0.804688 0.824497 0.804036 0.825411 0.804688 0.826325 0.805339 0.827239 0.805990 0.827239 0.806641 0.826325 0.807292 0.825411 0.807943 0.825411 0.808594 0.824497 0.809245 0.824497 0.809896 0.824497 0.810547 0.823583 0.811198 0.822669 0.811849 0.822669 0.812500 0.821755 0.813151 0.820841 0.813802 0.819927 0.814453 0.819013 0.815104 0.818099 0.814453 0.817185 0.814453 0.816271 0.815104 0.815356 0.815755 0.814442 0.815755 0.813528 0.816406 0.812614 0.817057 0.811700 0.817057 0.810786 0.817057 0.809872 0.817708 0.808958 0.817708 0.808044 0.818359 0.807130 0.818359 0.806216 0.818359 0.805302 0.819010 0.804388 0.818359 0.803473 0.819010 0.802559 0.819010 0.801645 0.819010 0.800731 0.819010 0.799817 0.819661 0.798903 0.819010 0.797989 0.819010 0.797075 0.819010 0.796161 0.818359 0.795247 0.818359 0.794333 0.817708 0.793419 0.817708 0.792505 0.817057 0.792505 0.816406 0.791590 0.815755 0.791590 0.815104 0.791590
0 0.398438 0.788848 0.397786 0.789762 0.397135 0.790676 0.396484 0.791590 0.396484 0.792505 0.395833 0.793419 0.395833 0.794333 0.395833 0.795247 0.395833 0.796161 0.395833 0.797075 0.395833 0.797989 0.395833 0.798903 0.395833 0.799817 0.396484 0.800731 0.396484 0.801645 0.396484 0.802559 0.397135 0.803473 0.397135 0.804388 0.397786 0.805302 0.397786 0.806216 0.397786 0.807130 0.397135 0.808044 0.397786 0.808958 0.397786 0.809872 0.397135 0.810786 0.397135 0.811700 0.397135 0.812614 0.396484 0.813528 0.397135 0.814442 0.397135 0.815356 0.396484 0.816271 0.397135 0.817185 0.397135 0.818099 0.396484 0.819013 0.397135 0.819927 0.397135 0.820841 0.397135 0.821755 0.397786 0.822669 0.397786 0.823583 0.397786 0.824497 0.398438 0.825411 0.398438 0.826325 0.399089 0.827239 0.399089 0.828154 0.399740 0.829068 0.399740 0.829982 0.399740 0.830896 0.399740 0.831810 0.399740 0.832724 0.399740 0.833638 0.399740 0.834552 0.399089 0.835466 0.398438 0.836380 0.398438 0.837294 0.397786 0.838208 0.397786 0.839122 0.397135 0.840037 0.396484 0.839122 0.396484 0.838208 0.395833 0.838208 0.395182 0.837294 0.394531 0.837294 0.393880 0.838208 0.393229 0.838208 0.393229 0.839122 0.392578 0.840037 0.392578 0.840951 0.393229 0.841865 0.393229 0.842779 0.393880 0.842779 0.394531 0.841865 0.395182 0.841865 0.395833 0.840951 0.396484 0.840951 0.397135 0.840037 0.397786 0.839122 0.398438 0.840037 0.399089 0.839122 0.399740 0.840037 0.400391 0.840037 0.401042 0.840037 0.401693 0.840951 0.402344 0.841865 0.401693 0.842779 0.402344 0.843693 0.401693 0.844607 0.401042 0.845521 0.401693 0.844607 0.402344 0.845521 0.402995 0.845521 0.403646 0.845521 0.403646 0.844607 0.404297 0.843693 0.404297 0.842779 0.404948 0.841865 0.405599 0.840951 0.406250 0.840037 0.406901 0.840037 0.407552 0.839122 0.408203 0.838208 0.408203 0.837294 0.408203 0.836380 0.408854 0.835466 0.408203 0.834552 0.408203 0.833638 0.408854 0.832724 0.408854 0.831810 0.409505 0.830896 0.409505 0.829982 0.409505 0.829068 0.410156 0.828154 0.410156 0.827239 0.410156 0.826325 0.409505 0.825411 0.409505 0.824497 0.409505 0.823583 0.408854 0.823583 0.408203 0.823583 0.407552 0.822669 0.406901 0.821755 0.406250 0.820841 0.405599 0.819927 0.405599 0.819013 0.404948 0.818099 0.405599 0.817185 0.404948 0.816271 0.404948 0.815356 0.405599 0.814442 0.404948 0.813528 0.404948 0.812614 0.405599 0.811700 0.404948 0.810786 0.404948 0.809872 0.405599 0.808958 0.405599 0.808044 0.406250 0.807130 0.406250 0.806216 0.406250 0.805302 0.406250 0.804388 0.406250 0.803473 0.406250 0.802559 0.406901 0.801645 0.406250 0.800731 0.406901 0.799817 0.406250 0.798903 0.406250 0.797989 0.406250 0.797075 0.406250 0.796161 0.405599 0.795247 0.405599 0.794333 0.405599 0.793419 0.404948 0.792505 0.404297 0.791590 0.403646 0.791590 0.402995 0.790676 0.402344 0.789762 0.401693 0.789762 0.401042 0.789762 0.400391 0.788848 0.399740 0.788848 0.399089 0.789762
0 0.199870 0.788848 0.199219 0.789762 0.198568 0.789762 0.197917 0.789762 0.197266 0.790676 0.196615 0.791590 0.196615 0.792505 0.196615 0.793419 0.196615 0.794333 0.195964 0.795247 0.195964 0.796161 0.195964 0.797075 0.195312 0.797989 0.195312 0.798903 0.195964 0.799817 0.195964 0.800731 0.195312 0.801645 0.195312 0.802559 0.195312 0.803473 0.195312 0.804388 0.194661 0.805302 0.194661 0.806216 0.194010 0.807130 0.194661 0.808044 0.194010 0.808958 0.193359 0.809872 0.194010 0.810786 0.193359 0.811700 0.194010 0.812614 0.193359 0.813528 0.193359 0.814442 0.193359 0.815356 0.193359 0.816271 0.192708 0.817185 0.192708 0.818099 0.192057 0.819013 0.191406 0.819927 0.190755 0.819013 0.190104 0.819013 0.189453 0.818099 0.190104 0.819013 0.190104 0.819927 0.190104 0.820841 0.190755 0.821755 0.190104 0.822669 0.190755 0.823583 0.191406 0.824497 0.192057 0.824497 0.192708 0.825411 0.193359 0.825411 0.194010 0.825411 0.194661 0.825411 0.195312 0.826325 0.195964 0.827239 0.196615 0.828154 0.197266 0.829068 0.197917 0.829982 0.198568 0.830896 0.199219 0.830896 0.199870 0.831810 0.200521 0.831810 0.201172 0.830896 0.201823 0.830896 0.202474 0.829982 0.203125 0.829068 0.203125 0.828154 0.203776 0.827239 0.204427 0.826325 0.205078 0.825411 0.205729 0.824497 0.205729 0.823583 0.205729 0.822669 0.206380 0.821755 0.207031 0.820841 0.207031 0.819927 0.207031 0.819013 0.207031 0.818099 0.206380 0.817185 0.205729 0.816271 0.205078 0.815356 0.204427 0.814442 0.203776 0.813528 0.203125 0.813528 0.202474 0.812614 0.201823 0.811700 0.201172 0.810786 0.200521 0.809872 0.201172 0.808958 0.201172 0.808044 0.201172 0.807130 0.201823 0.806216 0.201823 0.805302 0.202474 0.804388 0.202474 0.803473 0.203125 0.802559 0.203776 0.801645 0.204427 0.801645 0.204427 0.800731 0.205078 0.799817 0.205078 0.798903 0.205078 0.797989 0.205078 0.797075 0.205729 0.796161 0.205078 0.795247 0.205078 0.794333 0.205078 0.793419 0.204427 0.792505 0.203776 0.791590 0.203776 0.790676 0.203125 0.789762 0.202474 0.789762 0.201823 0.789762 0.201172 0.788848 0.200521 0.788848
0 0.648438 0.787934 0.647786 0.788848 0.647135 0.788848 0.646484 0.788848 0.645833 0.789762 0.645182 0.789762 0.645182 0.790676 0.644531 0.791590 0.643880 0.792505 0.643229 0.793419 0.643229 0.794333 0.643229 0.795247 0.643229 0.796161 0.642578 0.797075 0.642578 0.797989 0.642578 0.798903 0.641927 0.799817 0.641927 0.800731 0.641927 0.801645 0.641927 0.802559 0.641927 0.803473 0.641276 0.804388 0.641927 0.805302 0.641927 0.806216 0.641927 0.807130 0.642578 0.808044 0.642578 0.808958 0.642578 0.809872 0.642578 0.810786 0.642578 0.811700 0.641927 0.812614 0.641927 0.813528 0.641276 0.814442 0.640625 0.815356 0.639974 0.816271 0.639974 0.817185 0.639323 0.818099 0.639323 0.819013 0.638672 0.819927 0.638672 0.820841 0.638021 0.821755 0.637370 0.822669 0.636719 0.822669 0.636719 0.823583 0.636719 0.824497 0.636719 0.825411 0.636068 0.826325 0.636068 0.827239 0.636719 0.828154 0.636719 0.829068 0.636068 0.829982 0.636068 0.830896 0.636068 0.831810 0.636719 0.832724 0.636068 0.833638 0.636068 0.834552 0.636068 0.835466 0.636719 0.836380 0.636719 0.837294 0.636719 0.838208 0.637370 0.839122 0.637370 0.840037 0.637370 0.840951 0.638021 0.841865 0.638672 0.841865 0.639323 0.842779 0.639974 0.843693 0.639974 0.844607 0.640625 0.844607 0.641276 0.845521 0.641927 0.846435 0.642578 0.847349 0.643229 0.847349 0.643880 0.847349 0.644531 0.847349 0.645182 0.846435 0.645833 0.846435 0.646484 0.845521 0.646484 0.844607 0.646484 0.843693 0.647135 0.842779 0.647786 0.841865 0.648438 0.842779 0.649089 0.841865 0.649740 0.840951 0.650391 0.840951 0.651042 0.840037 0.651693 0.839122 0.651693 0.838208 0.651693 0.837294 0.652344 0.836380 0.652995 0.835466 0.652995 0.834552 0.653646 0.833638 0.654297 0.832724 0.654948 0.831810 0.655599 0.830896 0.656250 0.831810 0.656901 0.831810 0.657552 0.831810 0.658203 0.832724 0.658854 0.833638 0.659505 0.834552 0.660156 0.835466 0.660156 0.836380 0.660156 0.837294 0.660807 0.837294 0.661458 0.837294 0.662109 0.838208 0.662760 0.839122 0.663411 0.840037 0.664062 0.840037 0.664714 0.840951 0.665365 0.841865 0.666016 0.841865 0.666667 0.842779 0.667318 0.842779 0.667969 0.841865 0.668620 0.842779 0.669271 0.841865 0.669922 0.842779 0.670573 0.842779 0.671224 0.842779 0.671875 0.843693 0.672526 0.843693 0.673177 0.844607 0.673177 0.843693 0.673177 0.842779 0.673828 0.841865 0.673828 0.840951 0.673828 0.840037 0.674479 0.839122 0.674479 0.838208 0.674479 0.837294 0.675130 0.836380 0.674479 0.835466 0.675130 0.834552 0.675781 0.833638 0.675781 0.832724 0.676432 0.831810 0.677083 0.830896 0.676432 0.829982 0.676432 0.829068 0.676432 0.828154 0.675781 0.827239 0.675130 0.826325 0.674479 0.826325 0.673828 0.826325 0.673177 0.826325 0.672526 0.825411 0.671875 0.825411 0.671224 0.824497 0.670573 0.824497 0.669922 0.824497 0.669271 0.825411 0.668620 0.825411 0.667969 0.825411 0.667318 0.826325 0.666667 0.827239 0.666016 0.827239 0.665365 0.827239 0.664714 0.827239 0.664062 0.826325 0.663411 0.826325 0.662760 0.826325 0.662109 0.825411 0.661458 0.826325 0.660807 0.825411 0.660156 0.825411 0.659505 0.825411 0.658854 0.826325 0.658203 0.827239 0.657552 0.827239 0.656901 0.827239 0.656250 0.826325 0.655599 0.825411 0.654948 0.825411 0.654297 0.824497 0.653646 0.824497 0.652995 0.823583 0.652344 0.822669 0.652344 0.821755 0.651693 0.820841 0.651042 0.819927 0.651693 0.819013 0.652344 0.818099 0.652995 0.817185 0.653646 0.816271 0.654297 0.815356 0.654948 0.815356 0.654948 0.814442 0.655599 0.813528 0.655599 0.812614 0.656250 0.811700 0.656250 0.810786 0.656901 0.809872 0.656901 0.808958 0.656901 0.808044 0.656901 0.807130 0.656901 0.806216 0.656901 0.805302 0.656901 0.804388 0.656901 0.803473 0.657552 0.802559 0.657552 0.801645 0.657552 0.800731 0.657552 0.799817 0.656901 0.798903 0.656901 0.797989 0.656901 0.797075 0.656901 0.796161 0.656250 0.795247 0.656250 0.794333 0.656250 0.793419 0.656250 0.792505 0.655599 0.791590 0.654948 0.790676 0.654297 0.789762 0.653646 0.788848 0.652995 0.789762 0.652344 0.788848 0.651693 0.788848 0.651042 0.788848 0.650391 0.788848 0.649740 0.788848 0.649089 0.787934
0 0.311849 0.779707 0.311198 0.780622 0.311198 0.781536 0.310547 0.782450 0.310547 0.783364 0.309896 0.784278 0.309245 0.785192 0.308594 0.786106 0.308594 0.787020 0.308594 0.787934 0.308594 0.788848 0.308594 0.789762 0.307943 0.790676 0.307292 0.791590 0.306641 0.792505 0.305990 0.792505 0.305339 0.793419 0.304688 0.793419 0.304036 0.794333 0.303385 0.795247 0.302734 0.796161 0.302734 0.797075 0.302734 0.797989 0.302734 0.798903 0.303385 0.799817 0.304036 0.800731 0.304688 0.799817 0.305339 0.800731 0.305990 0.801645 0.306641 0.800731 0.307292 0.800731 0.307943 0.800731 0.308594 0.799817 0.308594 0.798903 0.309245 0.797989 0.309896 0.797075 0.309896 0.796161 0.310547 0.795247 0.311198 0.794333 0.311198 0.793419 0.311849 0.792505 0.312500 0.791590 0.313151 0.790676 0.313802 0.789762 0.314453 0.790676 0.315104 0.789762 0.315755 0.788848 0.316406 0.789762 0.317057 0.790676 0.316406 0.791590 0.316406 0.792505 0.316406 0.793419 0.316406 0.794333 0.316406 0.795247 0.316406 0.796161 0.315755 0.797075 0.316406 0.797989 0.316406 0.798903 0.315755 0.799817 0.315755 0.800731 0.315755 0.801645 0.315755 0.802559 0.315755 0.803473 0.315104 0.804388 0.315755 0.805302 0.315104 0.806216 0.315104 0.807130 0.315104 0.808044 0.314453 0.808958 0.313802 0.809872 0.313151 0.809872 0.312500 0.809872 0.311849 0.810786 0.311198 0.811700 0.310547 0.811700 0.309896 0.812614 0.309245 0.813528 0.309245 0.814442 0.309245 0.815356 0.308594 0.816271 0.308594 0.817185 0.307943 0.818099 0.308594 0.819013 0.308594 0.819927 0.307943 0.820841 0.308594 0.821755 0.308594 0.822669 0.308594 0.823583 0.309245 0.824497 0.309896 0.825411 0.310547 0.826325 0.311198 0.827239 0.311849 0.828154 0.312500 0.828154 0.313151 0.829068 0.313802 0.829068 0.314453 0.829068 0.315104 0.829982 0.315755 0.829068 0.316406 0.829068 0.317057 0.829068 0.317708 0.829068 0.318359 0.829982 0.319010 0.829982 0.319661 0.830896 0.320312 0.831810 0.320964 0.832724 0.320964 0.833638 0.320964 0.834552 0.321615 0.835466 0.322266 0.836380 0.321615 0.837294 0.321615 0.838208 0.321615 0.839122 0.321615 0.840037 0.320964 0.840951 0.320312 0.841865 0.320964 0.842779 0.320964 0.843693 0.321615 0.843693 0.322266 0.843693 0.322917 0.843693 0.323568 0.842779 0.324219 0.842779 0.324870 0.841865 0.325521 0.840951 0.326172 0.840951 0.326823 0.840037 0.327474 0.840951 0.328125 0.840951 0.328776 0.840037 0.329427 0.839122 0.330078 0.839122 0.330729 0.839122 0.331380 0.839122 0.332031 0.839122 0.332682 0.840037 0.333333 0.840037 0.333984 0.840037 0.334635 0.840951 0.335286 0.840951 0.335938 0.841865 0.336589 0.841865 0.337240 0.842779 0.337891 0.842779 0.338542 0.842779 0.339193 0.842779 0.339844 0.841865 0.340495 0.840951 0.341146 0.840037 0.341797 0.839122 0.342448 0.838208 0.343099 0.837294 0.343750 0.836380 0.344401 0.836380 0.345052 0.836380 0.345703 0.836380 0.346354 0.835466 0.347005 0.835466 0.347656 0.835466 0.348307 0.835466 0.348958 0.834552 0.349609 0.834552 0.350260 0.834552 0.350911 0.834552 0.351562 0.833638 0.352214 0.833638 0.352214 0.832724 0.352214 0.831810 0.352865 0.830896 0.353516 0.829982 0.353516 0.829068 0.353516 0.828154 0.353516 0.827239 0.353516 0.826325 0.354167 0.825411 0.354818 0.824497 0.354818 0.823583 0.354818 0.822669 0.355469 0.821755 0.356120 0.820841 0.356120 0.819927 0.356120 0.819013 0.356120 0.818099 0.356771 0.817185 0.356771 0.816271 0.356771 0.815356 0.357422 0.814442 0.356771 0.813528 0.357422 0.812614 0.357422 0.811700 0.357422 0.810786 0.358073 0.809872 0.358724 0.808958 0.359375 0.808958 0.360026 0.808044 0.360677 0.808044 0.361328 0.808044 0.361979 0.807130 0.362630 0.806216 0.363281 0.806216 0.363932 0.805302 0.363932 0.804388 0.364583 0.803473 0.365234 0.802559 0.365234 0.801645 0.365234 0.800731 0.365234 0.799817 0.365885 0.798903 0.365885 0.797989 0.365885 0.797075 0.365885 0.796161 0.365885 0.795247 0.365234 0.794333 0.365234 0.793419 0.364583 0.792505 0.364583 0.791590 0.363932 0.790676 0.363932 0.789762 0.363281 0.789762 0.362630 0.788848 0.361979 0.788848 0.361328 0.788848 0.360677 0.788848 0.360026 0.788848 0.359375 0.789762 0.358724 0.788848 0.358073 0.788848 0.357422 0.788848 0.356771 0.788848 0.356120 0.788848 0.355469 0.788848 0.354818 0.788848 0.354167 0.788848 0.353516 0.787934 0.352865 0.787934 0.352214 0.787934 0.351562 0.787934 0.350911 0.787934 0.350260 0.787934 0.349609 0.787934 0.348958 0.788848 0.348307 0.788848 0.348307 0.789762 0.347656 0.790676 0.347656 0.791590 0.347005 0.792505 0.347005 0.793419 0.347005 0.794333 0.347656 0.795247 0.347656 0.796161 0.348307 0.797075 0.348307 0.797989 0.348958 0.798903 0.349609 0.799817 0.349609 0.800731 0.349609 0.801645 0.350260 0.802559 0.350911 0.803473 0.350260 0.804388 0.349609 0.805302 0.349609 0.806216 0.348958 0.807130 0.348307 0.808044 0.347656 0.808958 0.347005 0.809872 0.346354 0.810786 0.345703 0.811700 0.345052 0.812614 0.344401 0.813528 0.343750 0.814442 0.343750 0.815356 0.343750 0.816271 0.343099 0.817185 0.343750 0.818099 0.343099 0.819013 0.343099 0.819927 0.343099 0.820841 0.343099 0.821755 0.343099 0.822669 0.343099 0.823583 0.343099 0.824497 0.343099 0.825411 0.342448 0.826325 0.342448 0.827239 0.343099 0.828154 0.343099 0.829068 0.342448 0.829982 0.341797 0.830896 0.341146 0.831810 0.340495 0.831810 0.339844 0.832724 0.339193 0.832724 0.338542 0.833638 0.337891 0.833638 0.337240 0.833638 0.336589 0.833638 0.335938 0.833638 0.335286 0.834552 0.334635 0.833638 0.333984 0.833638 0.333333 0.833638 0.332682 0.834552 0.332031 0.833638 0.331380 0.832724 0.330729 0.833638 0.330078 0.833638 0.329427 0.832724 0.328776 0.832724 0.328125 0.831810 0.327474 0.830896 0.326823 0.829982 0.326172 0.829068 0.325521 0.828154 0.325521 0.827239 0.325521 0.826325 0.324870 0.825411 0.325521 0.824497 0.325521 0.823583 0.325521 0.822669 0.324870 0.821755 0.324219 0.820841 0.323568 0.819927 0.323568 0.819013 0.323568 0.818099 0.322917 0.817185 0.323568 0.816271 0.322917 0.815356 0.322917 0.814442 0.322917 0.813528 0.322266 0.812614 0.322266 0.811700 0.321615 0.810786 0.321615 0.809872 0.322266 0.808958 0.322266 0.808044 0.322266 0.807130 0.322917 0.806216 0.323568 0.805302 0.324219 0.804388 0.324870 0.803473 0.325521 0.803473 0.325521 0.802559 0.325521 0.801645 0.326172 0.800731 0.326823 0.799817 0.326823 0.798903 0.327474 0.797989 0.326823 0.797075 0.326823 0.796161 0.327474 0.795247 0.326823 0.794333 0.326172 0.793419 0.326172 0.792505 0.325521 0.792505 0.324870 0.792505 0.324219 0.791590 0.323568 0.790676 0.322917 0.790676 0.322266 0.789762 0.321615 0.789762 0.320964 0.789762 0.320312 0.788848 0.319661 0.787934 0.319010 0.787020 0.319661 0.786106 0.319010 0.786106 0.318359 0.785192 0.317708 0.784278 0.318359 0.783364 0.317708 0.783364 0.317057 0.782450 0.316406 0.781536 0.315755 0.780622 0.315104 0.779707 0.315104 0.780622 0.314453 0.781536 0.313802 0.782450 0.313151 0.781536 0.312500 0.782450 0.311849 0.781536 0.311198 0.780622
0 0.257161 0.778793 0.256510 0.779707 0.255859 0.779707 0.255208 0.780622 0.255208 0.781536 0.254557 0.782450 0.253906 0.783364 0.253255 0.783364 0.253255 0.784278 0.252604 0.785192 0.252604 0.786106 0.252604 0.787020 0.251953 0.787934 0.251953 0.788848 0.251302 0.789762 0.251302 0.790676 0.251302 0.791590 0.251302 0.792505 0.251302 0.793419 0.251302 0.794333 0.251302 0.795247 0.251302 0.796161 0.251302 0.797075 0.251953 0.797989 0.252604 0.798903 0.252604 0.799817 0.252604 0.800731 0.252604 0.801645 0.253255 0.802559 0.253255 0.803473 0.253906 0.804388 0.253255 0.805302 0.253906 0.806216 0.253255 0.807130 0.253255 0.808044 0.252604 0.808958 0.252604 0.809872 0.251953 0.810786 0.251953 0.811700 0.252604 0.812614 0.252604 0.813528 0.252604 0.814442 0.252604 0.815356 0.252604 0.816271 0.253255 0.817185 0.253255 0.818099 0.253255 0.819013 0.253255 0.819927 0.253906 0.820841 0.253906 0.821755 0.253906 0.822669 0.253255 0.823583 0.253255 0.824497 0.253906 0.825411 0.253906 0.826325 0.253906 0.827239 0.253906 0.828154 0.253906 0.829068 0.254557 0.829982 0.254557 0.830896 0.255208 0.831810 0.255859 0.831810 0.256510 0.832724 0.257161 0.833638 0.257161 0.834552 0.257812 0.835466 0.258464 0.836380 0.258464 0.837294 0.258464 0.838208 0.259115 0.839122 0.259766 0.840037 0.260417 0.840951 0.261068 0.840951 0.261719 0.841865 0.262370 0.841865 0.263021 0.841865 0.263672 0.841865 0.264323 0.841865 0.264974 0.841865 0.265625 0.841865 0.266276 0.840951 0.266927 0.840951 0.267578 0.841865 0.268229 0.841865 0.268880 0.842779 0.269531 0.843693 0.270182 0.843693 0.270833 0.843693 0.271484 0.842779 0.272135 0.843693 0.272786 0.843693 0.273438 0.843693 0.274089 0.844607 0.274740 0.844607 0.274740 0.843693 0.275391 0.842779 0.276042 0.841865 0.276042 0.840951 0.276042 0.840037 0.276693 0.839122 0.276693 0.838208 0.277344 0.837294 0.277995 0.836380 0.278646 0.835466 0.279297 0.834552 0.279948 0.834552 0.280599 0.834552 0.281250 0.834552 0.281901 0.834552 0.282552 0.834552 0.283203 0.833638 0.283854 0.832724 0.284505 0.831810 0.284505 0.830896 0.284505 0.829982 0.285156 0.829068 0.285156 0.828154 0.285156 0.827239 0.285156 0.826325 0.285156 0.825411 0.285156 0.824497 0.285156 0.823583 0.285156 0.822669 0.285156 0.821755 0.285156 0.820841 0.284505 0.819927 0.283854 0.819013 0.283203 0.818099 0.282552 0.818099 0.281901 0.817185 0.281250 0.817185 0.280599 0.817185 0.279948 0.816271 0.279297 0.816271 0.278646 0.817185 0.277995 0.817185 0.277344 0.817185 0.276693 0.817185 0.276693 0.818099 0.276042 0.819013 0.276042 0.819927 0.276042 0.820841 0.276042 0.821755 0.275391 0.822669 0.276042 0.823583 0.275391 0.824497 0.276042 0.825411 0.275391 0.826325 0.275391 0.827239 0.276042 0.828154 0.275391 0.829068 0.276042 0.829982 0.275391 0.830896 0.274740 0.831810 0.274089 0.831810 0.273438 0.832724 0.272786 0.832724 0.272135 0.832724 0.271484 0.833638 0.270833 0.832724 0.270182 0.833638 0.269531 0.833638 0.268880 0.834552 0.268229 0.835466 0.267578 0.835466 0.266927 0.834552 0.266276 0.834552 0.265625 0.833638 0.264974 0.832724 0.264974 0.831810 0.264323 0.830896 0.264974 0.829982 0.264323 0.829982 0.263672 0.829068 0.263021 0.828154 0.262370 0.828154 0.261719 0.828154 0.261068 0.828154 0.260417 0.828154 0.259766 0.828154 0.259115 0.827239 0.258464 0.827239 0.257812 0.826325 0.257161 0.825411 0.257161 0.824497 0.257161 0.823583 0.256510 0.822669 0.257161 0.821755 0.257812 0.820841 0.257161 0.819927 0.257812 0.819013 0.258464 0.818099 0.259115 0.817185 0.259766 0.817185 0.260417 0.816271 0.261068 0.815356 0.261719 0.814442 0.262370 0.813528 0.263021 0.813528 0.263672 0.812614 0.263672 0.811700 0.264323 0.810786 0.264323 0.809872 0.264323 0.808958 0.264974 0.808044 0.264323 0.807130 0.263672 0.806216 0.264323 0.805302 0.263672 0.804388 0.263021 0.803473 0.262370 0.802559 0.261719 0.801645 0.261068 0.800731 0.261068 0.799817 0.260417 0.798903 0.260417 0.797989 0.260417 0.797075 0.261068 0.796161 0.261719 0.795247 0.261719 0.794333 0.262370 0.793419 0.262370 0.792505 0.262370 0.791590 0.263021 0.790676 0.263021 0.789762 0.263021 0.788848 0.263021 0.787934 0.263021 0.787020 0.263672 0.786106 0.263021 0.785192 0.263021 0.784278 0.263021 0.783364 0.262370 0.782450 0.261719 0.781536 0.261719 0.780622 0.261068 0.780622 0.260417 0.779707 0.259766 0.779707 0.259115 0.778793 0.258464 0.778793 0.257812 0.778793
0 0.486979 0.776965 0.486328 0.777879 0.485677 0.778793 0.485026 0.779707 0.484375 0.780622 0.483724 0.781536 0.483073 0.782450 0.482422 0.783364 0.483073 0.784278 0.482422 0.785192 0.482422 0.786106 0.482422 0.787020 0.481771 0.787934 0.481120 0.788848 0.481120 0.789762 0.481120 0.790676 0.480469 0.791590 0.479818 0.792505 0.479818 0.793419 0.479818 0.794333 0.479167 0.795247 0.479818 0.796161 0.479167 0.797075 0.479167 0.797989 0.479167 0.798903 0.479167 0.799817 0.479818 0.800731 0.479818 0.801645 0.480469 0.802559 0.480469 0.803473 0.481120 0.804388 0.481120 0.805302 0.481120 0.806216 0.481120 0.807130 0.481120 0.808044 0.481120 0.808958 0.481771 0.809872 0.482422 0.810786 0.481771 0.811700 0.482422 0.812614 0.482422 0.813528 0.482422 0.814442 0.482422 0.815356 0.483073 0.816271 0.483073 0.817185 0.483073 0.818099 0.483724 0.819013 0.483724 0.819927 0.484375 0.820841 0.483724 0.821755 0.483724 0.822669 0.484375 0.823583 0.484375 0.824497 0.483724 0.825411 0.483724 0.826325 0.483724 0.827239 0.483724 0.828154 0.484375 0.829068 0.483724 0.829982 0.483724 0.830896 0.483724 0.831810 0.483724 0.832724 0.484375 0.833638 0.485026 0.833638 0.485677 0.833638 0.486328 0.834552 0.486979 0.835466 0.487630 0.835466 0.488281 0.836380 0.488932 0.837294 0.489583 0.838208 0.490234 0.838208 0.490885 0.838208 0.491536 0.838208 0.492188 0.838208 0.492839 0.837294 0.493490 0.836380 0.494141 0.836380 0.494792 0.836380 0.495443 0.835466 0.496094 0.836380 0.496745 0.836380 0.497396 0.835466 0.498047 0.836380 0.498698 0.837294 0.499349 0.836380 0.500000 0.836380 0.500651 0.836380 0.501302 0.836380 0.501953 0.836380 0.502604 0.836380 0.503255 0.835466 0.503906 0.835466 0.504557 0.834552 0.505208 0.833638 0.505859 0.833638 0.506510 0.832724 0.507161 0.831810 0.507812 0.830896 0.508464 0.829982 0.508464 0.829068 0.508464 0.828154 0.509115 0.827239 0.509115 0.826325 0.509115 0.825411 0.508464 0.824497 0.507812 0.823583 0.508464 0.822669 0.507812 0.821755 0.507812 0.820841 0.507161 0.819927 0.507812 0.819013 0.507161 0.819013 0.506510 0.818099 0.505859 0.817185 0.505208 0.817185 0.504557 0.816271 0.503906 0.816271 0.503255 0.817185 0.502604 0.817185 0.501953 0.817185 0.501302 0.817185 0.500651 0.818099 0.500000 0.819013 0.499349 0.819927 0.499349 0.820841 0.498698 0.821755 0.498698 0.822669 0.498698 0.823583 0.498047 0.824497 0.497396 0.825411 0.497396 0.826325 0.496745 0.827239 0.496745 0.828154 0.496745 0.829068 0.496094 0.829982 0.495443 0.830896 0.494792 0.831810 0.494141 0.832724 0.493490 0.832724 0.492839 0.831810 0.492188 0.830896 0.492188 0.829982 0.491536 0.829068 0.491536 0.828154 0.491536 0.827239 0.490885 0.826325 0.490234 0.825411 0.490234 0.824497 0.490234 0.823583 0.490234 0.822669 0.490234 0.821755 0.490234 0.820841 0.490885 0.819927 0.490885 0.819013 0.490885 0.818099 0.490885 0.817185 0.491536 0.816271 0.491536 0.815356 0.491536 0.814442 0.491536 0.813528 0.492188 0.812614 0.491536 0.811700 0.491536 0.810786 0.491536 0.809872 0.491536 0.808958 0.491536 0.808044 0.491536 0.807130 0.491536 0.806216 0.492188 0.805302 0.492188 0.804388 0.491536 0.803473 0.492188 0.802559 0.492839 0.801645 0.492839 0.800731 0.493490 0.799817 0.493490 0.798903 0.493490 0.797989 0.494141 0.797075 0.494141 0.796161 0.494792 0.795247 0.495443 0.794333 0.495443 0.793419 0.495443 0.792505 0.495443 0.791590 0.495443 0.790676 0.496094 0.789762 0.496094 0.788848 0.495443 0.787934 0.496094 0.787020 0.496094 0.786106 0.495443 0.785192 0.495443 0.784278 0.495443 0.783364 0.494792 0.782450 0.494792 0.781536 0.494141 0.780622 0.494141 0.779707 0.493490 0.779707 0.492839 0.778793 0.492188 0.777879 0.491536 0.776965 0.490885 0.776965 0.490234 0.776965 0.489583 0.776965 0.488932 0.776965 0.488281 0.777879 0.487630 0.777879
0 0.175781 0.769653 0.175130 0.770567 0.174479 0.770567 0.173828 0.770567 0.173177 0.770567 0.172526 0.771481 0.171875 0.771481 0.171224 0.771481 0.170573 0.772395 0.169922 0.773309 0.169271 0.774223 0.168620 0.775137 0.167969 0.776051 0.167318 0.776965 0.167318 0.777879 0.167318 0.778793 0.166667 0.779707 0.166667 0.780622 0.166016 0.781536 0.166016 0.782450 0.166667 0.783364 0.166016 0.784278 0.166667 0.785192 0.167318 0.786106 0.167969 0.787020 0.168620 0.787934 0.168620 0.788848 0.168620 0.789762 0.169271 0.790676 0.169922 0.791590 0.169922 0.792505 0.170573 0.792505 0.171224 0.793419 0.171875 0.794333 0.172526 0.795247 0.172526 0.796161 0.173177 0.796161 0.173828 0.797075 0.174479 0.797989 0.175130 0.798903 0.175130 0.799817 0.175781 0.799817 0.176432 0.800731 0.177083 0.801645 0.176432 0.802559 0.177083 0.803473 0.177734 0.804388 0.178385 0.805302 0.179036 0.806216 0.179688 0.807130 0.180339 0.808044 0.180339 0.808958 0.180990 0.809872 0.180339 0.810786 0.180990 0.811700 0.180990 0.812614 0.181641 0.813528 0.180990 0.814442 0.180990 0.815356 0.181641 0.816271 0.181641 0.817185 0.181641 0.818099 0.181641 0.819013 0.182292 0.818099 0.182943 0.818099 0.183594 0.817185 0.184245 0.817185 0.184245 0.816271 0.184896 0.815356 0.185547 0.814442 0.186198 0.815356 0.185547 0.814442 0.185547 0.813528 0.186198 0.812614 0.186198 0.811700 0.186198 0.810786 0.186198 0.809872 0.186198 0.808958 0.186198 0.808044 0.186198 0.807130 0.186849 0.806216 0.187500 0.805302 0.188151 0.804388 0.188151 0.803473 0.188151 0.802559 0.188151 0.801645 0.188802 0.800731 0.188151 0.799817 0.188802 0.798903 0.188802 0.797989 0.188151 0.797075 0.188802 0.796161 0.188802 0.795247 0.188151 0.794333 0.188802 0.793419 0.188151 0.792505 0.188151 0.791590 0.187500 0.790676 0.187500 0.789762 0.187500 0.788848 0.186849 0.787934 0.186849 0.787020 0.186849 0.786106 0.186198 0.785192 0.186849 0.784278 0.186198 0.783364 0.186849 0.782450 0.186198 0.781536 0.186198 0.780622 0.186198 0.779707 0.185547 0.778793 0.184896 0.777879 0.184896 0.776965 0.184245 0.776051 0.183594 0.775137 0.182943 0.774223 0.182943 0.773309 0.182292 0.772395 0.182292 0.771481 0.181641 0.772395 0.180990 0.772395 0.180339 0.771481 0.179688 0.771481 0.179036 0.770567 0.178385 0.769653 0.177734 0.770567 0.177083 0.769653 0.176432 0.769653
0 0.235677 0.768739 0.235026 0.769653 0.234375 0.769653 0.233724 0.769653 0.233073 0.770567 0.232422 0.771481 0.231771 0.772395 0.231771 0.773309 0.231120 0.774223 0.230469 0.775137 0.229818 0.776051 0.229167 0.776965 0.228516 0.777879 0.228516 0.778793 0.227865 0.779707 0.227214 0.780622 0.226562 0.781536 0.226562 0.782450 0.225911 0.783364 0.225911 0.784278 0.225911 0.785192 0.225260 0.786106 0.225911 0.787020 0.225260 0.787934 0.225911 0.788848 0.225911 0.789762 0.226562 0.790676 0.227214 0.791590 0.227865 0.792505 0.228516 0.793419 0.229167 0.794333 0.229818 0.795247 0.230469 0.796161 0.231120 0.796161 0.231771 0.797075 0.232422 0.797989 0.233073 0.798903 0.233724 0.799817 0.234375 0.798903 0.235026 0.799817 0.235677 0.800731 0.236328 0.801645 0.236328 0.802559 0.236979 0.803473 0.236979 0.804388 0.236328 0.805302 0.236328 0.806216 0.235677 0.807130 0.235026 0.808044 0.234375 0.808958 0.233724 0.809872 0.234375 0.810786 0.233724 0.811700 0.233724 0.812614 0.234375 0.813528 0.233724 0.814442 0.233724 0.815356 0.234375 0.816271 0.234375 0.817185 0.234375 0.818099 0.235026 0.819013 0.235026 0.819927 0.235677 0.820841 0.235026 0.821755 0.235677 0.822669 0.235677 0.823583 0.235677 0.824497 0.236328 0.825411 0.236328 0.826325 0.236979 0.827239 0.237630 0.828154 0.237630 0.829068 0.237630 0.829982 0.238281 0.829982 0.238932 0.829982 0.239583 0.829982 0.240234 0.829982 0.240885 0.830896 0.241536 0.829982 0.242188 0.829068 0.242839 0.829068 0.243490 0.829068 0.244141 0.829068 0.244792 0.828154 0.245443 0.827239 0.246094 0.827239 0.246745 0.826325 0.247396 0.826325 0.247396 0.825411 0.247396 0.824497 0.248047 0.823583 0.248047 0.822669 0.248047 0.821755 0.248047 0.820841 0.247396 0.819927 0.248047 0.819013 0.247396 0.819013 0.246745 0.818099 0.246094 0.817185 0.246094 0.816271 0.245443 0.815356 0.244792 0.814442 0.244141 0.813528 0.244141 0.812614 0.243490 0.811700 0.243490 0.810786 0.243490 0.809872 0.242839 0.808958 0.242188 0.808044 0.242188 0.807130 0.242188 0.806216 0.241536 0.805302 0.241536 0.804388 0.241536 0.803473 0.241536 0.802559 0.241536 0.801645 0.241536 0.800731 0.241536 0.799817 0.241536 0.798903 0.241536 0.797989 0.241536 0.797075 0.241536 0.796161 0.241536 0.795247 0.242188 0.794333 0.242188 0.793419 0.242188 0.792505 0.242188 0.791590 0.242188 0.790676 0.242188 0.789762 0.242188 0.788848 0.242188 0.787934 0.242188 0.787020 0.242188 0.786106 0.242188 0.785192 0.242188 0.784278 0.242188 0.783364 0.241536 0.782450 0.241536 0.781536 0.241536 0.780622 0.242188 0.779707 0.241536 0.778793 0.242188 0.777879 0.242188 0.776965 0.241536 0.776051 0.240885 0.775137 0.241536 0.774223 0.241536 0.773309 0.241536 0.772395 0.240885 0.771481 0.240234 0.770567 0.240234 0.769653 0.239583 0.768739 0.238932 0.768739 0.238281 0.768739 0.237630 0.769653 0.236979 0.768739 0.236328 0.768739
0 0.289062 0.761426 0.288411 0.762340 0.287760 0.762340 0.287109 0.763254 0.286458 0.764168 0.285807 0.763254 0.285156 0.764168 0.284505 0.764168 0.283854 0.765082 0.283203 0.765082 0.282552 0.765996 0.282552 0.766910 0.281901 0.767824 0.281250 0.768739 0.281250 0.769653 0.281250 0.770567 0.281250 0.771481 0.281250 0.772395 0.281250 0.773309 0.280599 0.774223 0.279948 0.775137 0.279297 0.776051 0.278646 0.776051 0.278646 0.776965 0.277995 0.777879 0.277344 0.778793 0.276693 0.779707 0.276042 0.780622 0.275391 0.781536 0.275391 0.782450 0.275391 0.783364 0.275391 0.784278 0.275391 0.785192 0.275391 0.786106 0.275391 0.787020 0.274740 0.787934 0.275391 0.787934 0.276042 0.788848 0.276693 0.789762 0.276042 0.790676 0.276693 0.789762 0.277344 0.789762 0.277995 0.790676 0.278646 0.791590 0.279297 0.792505 0.279948 0.793419 0.280599 0.794333 0.280599 0.795247 0.281250 0.795247 0.281901 0.796161 0.282552 0.796161 0.283203 0.797075 0.283854 0.797075 0.284505 0.797989 0.285156 0.798903 0.285807 0.798903 0.286458 0.799817 0.287109 0.800731 0.287109 0.801645 0.287760 0.801645 0.288411 0.802559 0.289062 0.802559 0.289714 0.803473 0.290365 0.804388 0.291016 0.805302 0.291667 0.806216 0.291667 0.807130 0.292318 0.807130 0.292969 0.808044 0.293620 0.808044 0.294271 0.808044 0.294922 0.808958 0.294922 0.808044 0.295573 0.807130 0.296224 0.806216 0.296224 0.805302 0.296875 0.804388 0.296875 0.803473 0.297526 0.802559 0.296875 0.801645 0.297526 0.800731 0.297526 0.799817 0.297526 0.798903 0.296875 0.797989 0.296875 0.797075 0.297526 0.796161 0.296875 0.795247 0.296224 0.794333 0.296224 0.793419 0.295573 0.792505 0.294922 0.791590 0.294922 0.790676 0.294271 0.789762 0.294271 0.788848 0.294271 0.787934 0.293620 0.787020 0.293620 0.786106 0.292969 0.785192 0.293620 0.784278 0.294271 0.783364 0.294922 0.782450 0.295573 0.781536 0.294922 0.780622 0.295573 0.779707 0.294922 0.778793 0.295573 0.777879 0.295573 0.776965 0.295573 0.776051 0.296224 0.775137 0.295573 0.774223 0.296224 0.773309 0.295573 0.772395 0.296224 0.771481 0.296224 0.770567 0.296224 0.769653 0.296224 0.768739 0.295573 0.767824 0.296224 0.766910 0.295573 0.765996 0.296224 0.765082 0.295573 0.764168 0.295573 0.763254 0.294922 0.763254 0.294271 0.762340 0.293620 0.761426 0.292969 0.761426 0.292318 0.761426 0.291667 0.761426 0.291016 0.761426 0.290365 0.761426 0.289714 0.761426
0 0.795573 0.758684 0.794922 0.759598 0.794271 0.759598 0.793620 0.759598 0.792969 0.759598 0.792318 0.759598 0.791667 0.760512 0.791016 0.761426 0.790365 0.761426 0.789714 0.762340 0.789714 0.763254 0.789062 0.764168 0.789062 0.765082 0.789062 0.765996 0.789062 0.766910 0.789714 0.767824 0.789714 0.768739 0.789062 0.769653 0.789062 0.770567 0.789062 0.771481 0.789062 0.772395 0.789062 0.773309 0.788411 0.774223 0.789062 0.775137 0.788411 0.776051 0.788411 0.776965 0.788411 0.777879 0.787760 0.778793 0.787109 0.779707 0.787760 0.780622 0.787760 0.781536 0.787109 0.782450 0.787109 0.783364 0.786458 0.784278 0.786458 0.785192 0.786458 0.786106 0.785807 0.787020 0.785807 0.787934 0.785807 0.788848 0.785807 0.789762 0.786458 0.790676 0.786458 0.791590 0.785807 0.792505 0.786458 0.793419 0.786458 0.794333 0.785807 0.795247 0.785807 0.796161 0.785807 0.797075 0.785156 0.797989 0.785807 0.798903 0.786458 0.799817 0.786458 0.800731 0.785807 0.801645 0.786458 0.802559 0.785807 0.803473 0.785156 0.804388 0.784505 0.805302 0.784505 0.806216 0.783854 0.807130 0.783203 0.808044 0.782552 0.808044 0.781901 0.808958 0.781250 0.808958 0.780599 0.809872 0.779948 0.809872 0.779948 0.810786 0.779297 0.811700 0.779297 0.812614 0.779297 0.813528 0.779297 0.814442 0.779948 0.815356 0.779948 0.816271 0.779948 0.817185 0.780599 0.818099 0.780599 0.819013 0.780599 0.819927 0.780599 0.820841 0.781250 0.821755 0.781901 0.822669 0.781901 0.823583 0.782552 0.824497 0.782552 0.825411 0.782552 0.826325 0.783203 0.827239 0.783854 0.828154 0.783203 0.829068 0.782552 0.829982 0.782552 0.830896 0.782552 0.831810 0.781901 0.832724 0.781901 0.833638 0.781250 0.834552 0.781250 0.835466 0.781250 0.836380 0.781250 0.837294 0.781250 0.838208 0.781250 0.839122 0.781901 0.839122 0.782552 0.840037 0.783203 0.840951 0.783854 0.841865 0.784505 0.841865 0.785156 0.841865 0.785807 0.842779 0.786458 0.841865 0.787109 0.841865 0.787760 0.840951 0.788411 0.840037 0.788411 0.839122 0.788411 0.838208 0.788411 0.837294 0.788411 0.836380 0.787760 0.835466 0.787760 0.834552 0.787760 0.833638 0.787109 0.832724 0.787760 0.831810 0.787109 0.830896 0.787109 0.829982 0.787109 0.829068 0.787760 0.828154 0.787760 0.827239 0.788411 0.826325 0.789062 0.825411 0.789062 0.824497 0.789714 0.823583 0.790365 0.822669 0.790365 0.821755 0.790365 0.820841 0.791016 0.819927 0.791667 0.819013 0.791667 0.818099 0.791667 0.817185 0.791667 0.816271 0.792318 0.815356 0.792969 0.814442 0.792969 0.813528 0.792969 0.812614 0.793620 0.811700 0.793620 0.810786 0.793620 0.809872 0.794271 0.808958 0.794271 0.808044 0.794922 0.807130 0.794922 0.806216 0.795573 0.805302 0.796224 0.804388 0.796224 0.803473 0.796875 0.802559 0.796875 0.801645 0.796875 0.800731 0.797526 0.799817 0.797526 0.798903 0.797526 0.797989 0.797526 0.797075 0.797526 0.796161 0.797526 0.795247 0.797526 0.794333 0.797526 0.793419 0.798177 0.792505 0.798828 0.791590 0.799479 0.790676 0.798828 0.789762 0.799479 0.788848 0.800130 0.787934 0.800781 0.787020 0.800781 0.786106 0.801432 0.785192 0.801432 0.784278 0.801432 0.783364 0.801432 0.782450 0.801432 0.781536 0.802083 0.780622 0.801432 0.779707 0.801432 0.778793 0.801432 0.777879 0.801432 0.776965 0.801432 0.776051 0.801432 0.775137 0.800781 0.774223 0.801432 0.773309 0.801432 0.772395 0.800781 0.771481 0.800781 0.770567 0.800781 0.769653 0.801432 0.768739 0.801432 0.767824 0.801432 0.766910 0.802083 0.765996 0.801432 0.765082 0.801432 0.764168 0.800781 0.763254 0.800130 0.762340 0.800130 0.761426 0.799479 0.760512 0.798828 0.760512 0.798177 0.760512 0.797526 0.759598 0.796875 0.759598 0.796224 0.759598
0 0.611328 0.758684 0.610677 0.759598 0.610026 0.760512 0.609375 0.760512 0.608724 0.760512 0.608073 0.761426 0.607422 0.761426 0.607422 0.762340 0.606771 0.763254 0.606771 0.764168 0.606120 0.765082 0.606120 0.765996 0.606120 0.766910 0.605469 0.767824 0.604818 0.768739 0.604167 0.769653 0.603516 0.770567 0.602865 0.771481 0.602214 0.771481 0.601562 0.772395 0.600911 0.771481 0.600260 0.771481 0.599609 0.770567 0.598958 0.770567 0.598307 0.769653 0.597656 0.769653 0.597005 0.770567 0.596354 0.769653 0.595703 0.769653 0.595052 0.769653 0.594401 0.768739 0.593750 0.768739 0.593099 0.769653 0.592448 0.769653 0.591797 0.770567 0.591146 0.771481 0.590495 0.771481 0.590495 0.772395 0.590495 0.773309 0.590495 0.774223 0.590495 0.775137 0.590495 0.776051 0.590495 0.776965 0.591146 0.777879 0.591797 0.778793 0.592448 0.779707 0.593099 0.780622 0.593099 0.781536 0.593750 0.782450 0.594401 0.783364 0.595052 0.784278 0.595052 0.785192 0.595052 0.786106 0.595052 0.787020 0.594401 0.787934 0.593750 0.788848 0.593099 0.789762 0.592448 0.789762 0.591797 0.788848 0.591146 0.787934 0.590495 0.787020 0.589844 0.786106 0.589193 0.785192 0.589844 0.784278 0.589193 0.783364 0.589193 0.782450 0.588542 0.782450 0.587891 0.782450 0.587240 0.781536 0.586589 0.781536 0.585938 0.781536 0.585286 0.781536 0.584635 0.781536 0.583984 0.781536 0.583333 0.782450 0.582682 0.782450 0.582031 0.783364 0.581380 0.783364 0.580729 0.783364 0.580078 0.784278 0.580078 0.785192 0.579427 0.786106 0.580078 0.787020 0.580078 0.787934 0.580729 0.788848 0.580078 0.789762 0.579427 0.790676 0.580078 0.791590 0.580729 0.792505 0.580078 0.793419 0.580729 0.794333 0.580729 0.795247 0.580729 0.796161 0.580729 0.797075 0.581380 0.797989 0.581380 0.798903 0.581380 0.799817 0.582031 0.800731 0.582031 0.801645 0.582682 0.802559 0.582682 0.803473 0.583333 0.804388 0.583984 0.805302 0.583333 0.806216 0.583984 0.807130 0.584635 0.808044 0.584635 0.808958 0.585286 0.809872 0.585286 0.810786 0.585938 0.811700 0.586589 0.812614 0.587240 0.811700 0.587891 0.810786 0.588542 0.809872 0.589193 0.808958 0.588542 0.808958 0.587891 0.809872 0.587240 0.808958 0.586589 0.808044 0.587240 0.807130 0.587891 0.806216 0.587240 0.805302 0.587891 0.804388 0.588542 0.803473 0.589193 0.803473 0.589193 0.802559 0.589844 0.801645 0.590495 0.800731 0.591146 0.801645 0.591797 0.802559 0.591146 0.803473 0.591797 0.804388 0.592448 0.805302 0.592448 0.806216 0.592448 0.807130 0.593099 0.808044 0.592448 0.808958 0.591797 0.809872 0.591146 0.810786 0.590495 0.810786 0.590495 0.811700 0.590495 0.812614 0.589844 0.813528 0.590495 0.814442 0.591146 0.815356 0.590495 0.816271 0.589844 0.817185 0.589193 0.816271 0.588542 0.815356 0.587891 0.815356 0.587891 0.816271 0.588542 0.817185 0.588542 0.818099 0.589193 0.818099 0.589844 0.819013 0.590495 0.819927 0.589844 0.820841 0.589193 0.821755 0.589844 0.822669 0.589844 0.823583 0.589193 0.824497 0.588542 0.825411 0.588542 0.826325 0.589193 0.827239 0.589844 0.828154 0.589193 0.829068 0.588542 0.829982 0.587891 0.830896 0.587891 0.831810 0.587891 0.832724 0.587891 0.833638 0.587891 0.834552 0.588542 0.835466 0.587891 0.836380 0.587240 0.837294 0.586589 0.836380 0.586589 0.837294 0.585938 0.838208 0.585286 0.839122 0.584635 0.840037 0.583984 0.840037 0.583333 0.840037 0.583333 0.840951 0.583333 0.841865 0.582682 0.842779 0.582682 0.843693 0.582682 0.844607 0.583333 0.845521 0.583333 0.846435 0.583333 0.847349 0.583984 0.848263 0.583333 0.849177 0.582682 0.850091 0.582031 0.850091 0.581380 0.850091 0.580729 0.851005 0.580078 0.851005 0.579427 0.851920 0.578776 0.851005 0.578776 0.851920 0.578125 0.852834 0.577474 0.853748 0.577474 0.854662 0.578125 0.855576 0.578125 0.856490 0.578776 0.857404 0.579427 0.858318 0.580078 0.858318 0.580729 0.858318 0.581380 0.858318 0.582031 0.858318 0.582682 0.857404 0.583333 0.856490 0.583984 0.856490 0.584635 0.855576 0.583984 0.854662 0.583984 0.853748 0.584635 0.852834 0.583984 0.851920 0.584635 0.851005 0.585286 0.850091 0.585938 0.849177 0.586589 0.848263 0.587240 0.848263 0.587891 0.847349 0.588542 0.846435 0.589193 0.846435 0.589193 0.845521 0.589844 0.844607 0.590495 0.843693 0.590495 0.842779 0.590495 0.841865 0.591146 0.840951 0.591797 0.840037 0.592448 0.840037 0.593099 0.840951 0.593750 0.841865 0.594401 0.840951 0.595052 0.841865 0.595703 0.841865 0.596354 0.841865 0.597005 0.842779 0.597656 0.842779 0.598307 0.843693 0.598958 0.843693 0.599609 0.843693 0.600260 0.843693 0.600911 0.844607 0.601562 0.844607 0.602214 0.844607 0.602865 0.843693 0.603516 0.843693 0.604167 0.843693 0.604818 0.842779 0.605469 0.841865 0.606120 0.841865 0.606771 0.840951 0.606771 0.840037 0.607422 0.839122 0.607422 0.838208 0.608073 0.837294 0.608724 0.836380 0.609375 0.836380 0.610026 0.836380 0.610677 0.837294 0.611328 0.838208 0.611979 0.838208 0.612630 0.839122 0.613281 0.839122 0.613932 0.840037 0.614583 0.839122 0.615234 0.839122 0.615885 0.838208 0.616536 0.838208 0.617188 0.838208 0.617839 0.837294 0.618490 0.837294 0.619141 0.838208 0.619792 0.839122 0.619792 0.840037 0.620443 0.840951 0.621094 0.840037 0.621745 0.840951 0.622396 0.841865 0.623047 0.842779 0.623698 0.843693 0.623698 0.844607 0.624349 0.845521 0.623698 0.846435 0.623698 0.847349 0.623047 0.848263 0.623047 0.849177 0.622396 0.850091 0.622396 0.851005 0.622396 0.851920 0.621745 0.852834 0.621745 0.853748 0.622396 0.853748 0.623047 0.854662 0.623698 0.855576 0.624349 0.856490 0.625000 0.856490 0.625651 0.857404 0.626302 0.857404 0.626953 0.857404 0.627604 0.856490 0.628255 0.855576 0.628906 0.856490 0.629557 0.855576 0.630208 0.854662 0.630859 0.853748 0.631510 0.853748 0.632161 0.852834 0.632161 0.851920 0.632812 0.851005 0.632161 0.850091 0.632161 0.849177 0.631510 0.848263 0.630859 0.847349 0.630208 0.846435 0.629557 0.845521 0.628906 0.845521 0.628255 0.845521 0.627604 0.844607 0.626953 0.843693 0.626302 0.842779 0.625651 0.841865 0.625000 0.840951 0.625651 0.840037 0.625651 0.839122 0.625000 0.838208 0.624349 0.837294 0.623698 0.836380 0.623047 0.835466 0.622396 0.835466 0.621745 0.835466 0.621094 0.834552 0.620443 0.833638 0.619792 0.833638 0.619141 0.832724 0.618490 0.831810 0.619141 0.830896 0.618490 0.829982 0.617839 0.829068 0.618490 0.828154 0.619141 0.827239 0.618490 0.826325 0.619141 0.825411 0.619792 0.824497 0.620443 0.823583 0.621094 0.823583 0.621745 0.822669 0.622396 0.821755 0.623047 0.820841 0.623698 0.819927 0.624349 0.819013 0.624349 0.818099 0.625000 0.817185 0.625651 0.816271 0.626302 0.816271 0.626302 0.815356 0.626953 0.814442 0.626953 0.813528 0.627604 0.812614 0.627604 0.811700 0.628255 0.810786 0.628255 0.809872 0.628255 0.808958 0.628255 0.808044 0.628906 0.807130 0.628906 0.806216 0.629557 0.805302 0.628906 0.804388 0.628906 0.803473 0.628906 0.802559 0.628255 0.801645 0.627604 0.802559 0.626953 0.802559 0.626302 0.802559 0.625651 0.803473 0.625000 0.804388 0.624349 0.804388 0.623698 0.805302 0.623047 0.805302 0.622396 0.806216 0.621745 0.806216 0.621094 0.805302 0.620443 0.804388 0.621094 0.803473 0.621094 0.802559 0.621094 0.801645 0.621745 0.800731 0.621745 0.799817 0.621745 0.798903 0.622396 0.797989 0.623047 0.797075 0.623698 0.796161 0.624349 0.795247 0.625000 0.794333 0.625651 0.793419 0.626302 0.792505 0.626302 0.791590 0.626302 0.790676 0.626953 0.789762 0.626953 0.788848 0.626953 0.787934 0.626953 0.787020 0.626953 0.786106 0.626953 0.785192 0.626302 0.785192 0.625651 0.784278 0.625000 0.783364 0.624349 0.782450 0.623698 0.783364 0.623047 0.782450 0.622396 0.783364 0.621745 0.783364 0.621094 0.783364 0.620443 0.782450 0.619792 0.781536 0.619141 0.780622 0.619141 0.779707 0.619141 0.778793 0.619792 0.777879 0.619792 0.776965 0.620443 0.776051 0.620443 0.775137 0.620443 0.774223 0.621094 0.773309 0.621094 0.772395 0.621094 0.771481 0.621094 0.770567 0.621094 0.769653 0.620443 0.768739 0.620443 0.767824 0.620443 0.766910 0.619792 0.765996 0.619792 0.765082 0.619141 0.764168 0.618490 0.763254 0.618490 0.762340 0.617839 0.761426 0.618490 0.760512 0.617839 0.761426 0.617188 0.760512 0.616536 0.759598 0.615885 0.759598 0.615234 0.758684 0.614583 0.758684 0.613932 0.759598 0.613281 0.759598 0.612630 0.758684 0.611979 0.758684
0 0.924479 0.756856 0.923828 0.757770 0.923177 0.757770 0.922526 0.757770 0.921875 0.758684 0.921224 0.759598 0.920573 0.759598 0.919922 0.760512 0.919271 0.761426 0.919271 0.762340 0.918620 0.763254 0.918620 0.764168 0.919271 0.765082 0.919271 0.765996 0.918620 0.766910 0.919271 0.767824 0.919271 0.768739 0.919271 0.769653 0.919271 0.770567 0.919271 0.771481 0.919271 0.772395 0.919922 0.773309 0.919922 0.774223 0.919922 0.775137 0.919271 0.776051 0.919271 0.776965 0.919271 0.777879 0.919271 0.778793 0.919271 0.779707 0.919922 0.780622 0.920573 0.781536 0.920573 0.782450 0.919922 0.783364 0.920573 0.784278 0.919922 0.785192 0.919922 0.786106 0.920573 0.787020 0.921224 0.787934 0.921224 0.788848 0.921875 0.789762 0.922526 0.790676 0.923177 0.791590 0.923177 0.792505 0.923177 0.793419 0.923177 0.794333 0.923177 0.795247 0.923828 0.796161 0.923828 0.797075 0.924479 0.797075 0.925130 0.797989 0.925781 0.798903 0.926432 0.799817 0.927083 0.800731 0.927734 0.801645 0.928385 0.802559 0.929036 0.803473 0.929688 0.804388 0.929688 0.805302 0.930339 0.806216 0.930990 0.807130 0.931641 0.808044 0.931641 0.808958 0.931641 0.809872 0.932292 0.810786 0.932292 0.811700 0.932943 0.812614 0.932943 0.813528 0.932943 0.814442 0.932292 0.815356 0.932292 0.816271 0.932943 0.817185 0.932943 0.818099 0.932943 0.819013 0.932943 0.819927 0.932943 0.820841 0.932943 0.821755 0.932943 0.822669 0.932943 0.823583 0.932943 0.824497 0.932292 0.825411 0.931641 0.826325 0.930990 0.826325 0.930339 0.825411 0.929688 0.825411 0.929036 0.826325 0.928385 0.825411 0.927734 0.825411 0.927083 0.824497 0.926432 0.825411 0.925781 0.824497 0.925130 0.825411 0.924479 0.825411 0.924479 0.826325 0.925130 0.827239 0.925130 0.828154 0.925130 0.829068 0.924479 0.829982 0.925130 0.830896 0.924479 0.831810 0.923828 0.832724 0.923177 0.832724 0.922526 0.832724 0.921875 0.832724 0.921224 0.831810 0.920573 0.830896 0.919922 0.829982 0.919271 0.829982 0.918620 0.830896 0.917969 0.829982 0.917318 0.829982 0.917318 0.830896 0.916667 0.831810 0.916016 0.832724 0.916016 0.833638 0.916016 0.834552 0.915365 0.835466 0.914714 0.836380 0.914062 0.837294 0.913411 0.838208 0.912760 0.838208 0.912109 0.837294 0.911458 0.837294 0.910807 0.836380 0.910156 0.836380 0.909505 0.835466 0.908854 0.834552 0.908203 0.833638 0.908203 0.832724 0.908203 0.831810 0.907552 0.830896 0.907552 0.829982 0.906901 0.829068 0.907552 0.828154 0.906901 0.827239 0.906901 0.826325 0.906901 0.825411 0.906901 0.824497 0.906250 0.823583 0.906250 0.822669 0.905599 0.821755 0.904948 0.820841 0.904297 0.819927 0.903646 0.819927 0.902995 0.819927 0.902344 0.819927 0.901693 0.819927 0.901042 0.819927 0.900391 0.819013 0.899740 0.819927 0.899089 0.819013 0.898438 0.819013 0.897786 0.819013 0.897135 0.819013 0.896484 0.819013 0.895833 0.819013 0.895182 0.818099 0.894531 0.818099 0.893880 0.819013 0.893229 0.819013 0.892578 0.818099 0.891927 0.818099 0.891276 0.819013 0.890625 0.818099 0.889974 0.818099 0.889323 0.817185 0.888672 0.816271 0.888021 0.816271 0.887370 0.815356 0.886719 0.815356 0.886068 0.814442 0.885417 0.815356 0.884766 0.815356 0.884115 0.814442 0.883464 0.815356 0.882812 0.815356 0.882161 0.816271 0.881510 0.817185 0.880859 0.817185 0.880208 0.818099 0.880208 0.819013 0.880208 0.819927 0.879557 0.820841 0.880208 0.821755 0.880208 0.822669 0.880208 0.823583 0.880208 0.824497 0.880208 0.825411 0.880859 0.826325 0.880859 0.827239 0.881510 0.828154 0.882161 0.829068 0.882161 0.829982 0.882161 0.830896 0.882161 0.831810 0.882812 0.832724 0.882812 0.833638 0.882812 0.834552 0.882812 0.835466 0.882161 0.836380 0.881510 0.837294 0.880859 0.837294 0.880208 0.837294 0.879557 0.837294 0.878906 0.836380 0.878255 0.835466 0.877604 0.834552 0.876953 0.833638 0.876302 0.832724 0.876953 0.831810 0.876302 0.830896 0.875651 0.829982 0.875651 0.829068 0.875651 0.828154 0.875651 0.827239 0.875000 0.826325 0.874349 0.825411 0.875000 0.824497 0.874349 0.823583 0.874349 0.822669 0.875000 0.821755 0.875651 0.820841 0.876302 0.819927 0.875651 0.819013 0.876302 0.818099 0.876302 0.817185 0.875651 0.816271 0.875651 0.815356 0.876302 0.814442 0.875651 0.813528 0.875000 0.812614 0.874349 0.811700 0.874349 0.810786 0.873698 0.810786 0.873047 0.809872 0.872396 0.809872 0.871745 0.810786 0.871094 0.810786 0.871094 0.811700 0.871094 0.812614 0.871094 0.813528 0.871745 0.814442 0.871094 0.815356 0.871094 0.816271 0.871745 0.817185 0.872396 0.818099 0.871745 0.819013 0.871745 0.819927 0.871094 0.820841 0.871745 0.821755 0.871094 0.822669 0.870443 0.823583 0.870443 0.824497 0.869792 0.825411 0.869141 0.826325 0.868490 0.827239 0.867839 0.828154 0.867188 0.829068 0.866536 0.829068 0.865885 0.829982 0.865234 0.830896 0.864583 0.831810 0.864583 0.832724 0.864583 0.833638 0.863932 0.834552 0.863281 0.835466 0.862630 0.835466 0.861979 0.835466 0.861328 0.835466 0.860677 0.834552 0.860026 0.834552 0.859375 0.834552 0.858724 0.834552 0.858073 0.834552 0.857422 0.834552 0.856771 0.833638 0.856120 0.834552 0.855469 0.835466 0.854818 0.836380 0.854167 0.836380 0.853516 0.837294 0.852865 0.836380 0.852214 0.835466 0.851562 0.834552 0.850911 0.833638 0.850911 0.832724 0.850260 0.831810 0.849609 0.830896 0.849609 0.829982 0.848958 0.829068 0.848958 0.828154 0.848958 0.827239 0.848958 0.826325 0.849609 0.825411 0.849609 0.824497 0.850260 0.823583 0.850911 0.822669 0.851562 0.822669 0.850911 0.821755 0.851562 0.820841 0.851562 0.819927 0.851562 0.819013 0.852214 0.818099 0.852214 0.817185 0.852865 0.816271 0.852865 0.815356 0.852865 0.814442 0.853516 0.813528 0.853516 0.812614 0.852865 0.811700 0.852865 0.810786 0.852865 0.809872 0.852865 0.808958 0.852214 0.808044 0.852214 0.807130 0.851562 0.806216 0.851562 0.805302 0.850911 0.804388 0.851562 0.803473 0.850911 0.803473 0.850260 0.802559 0.849609 0.802559 0.848958 0.802559 0.848307 0.802559 0.847656 0.802559 0.847005 0.803473 0.846354 0.803473 0.845703 0.803473 0.845052 0.804388 0.844401 0.804388 0.843750 0.805302 0.843099 0.806216 0.842448 0.806216 0.842448 0.807130 0.843099 0.808044 0.842448 0.808958 0.842448 0.809872 0.842448 0.810786 0.842448 0.811700 0.843099 0.812614 0.843750 0.813528 0.843750 0.814442 0.843750 0.815356 0.843750 0.816271 0.844401 0.817185 0.844401 0.818099 0.845052 0.819013 0.845052 0.819927 0.845052 0.820841 0.845052 0.821755 0.844401 0.822669 0.845052 0.823583 0.845052 0.824497 0.845052 0.825411 0.845703 0.826325 0.845703 0.827239 0.845052 0.828154 0.845052 0.829068 0.844401 0.829982 0.843750 0.830896 0.843750 0.831810 0.843099 0.832724 0.842448 0.833638 0.841797 0.834552 0.841146 0.835466 0.840495 0.834552 0.839844 0.835466 0.839193 0.835466 0.838542 0.834552 0.837891 0.834552 0.837240 0.835466 0.836589 0.835466 0.835938 0.834552 0.835286 0.833638 0.834635 0.833638 0.833984 0.833638 0.833333 0.833638 0.832682 0.834552 0.832031 0.834552 0.831380 0.834552 0.830729 0.834552 0.830078 0.834552 0.829427 0.834552 0.828776 0.834552 0.828125 0.833638 0.828125 0.834552 0.827474 0.835466 0.827474 0.836380 0.827474 0.837294 0.827474 0.838208 0.827474 0.839122 0.827474 0.840037 0.827474 0.840951 0.828125 0.841865 0.828125 0.842779 0.828776 0.843693 0.828776 0.844607 0.828776 0.845521 0.829427 0.846435 0.830078 0.847349 0.829427 0.848263 0.830078 0.849177 0.830729 0.850091 0.831380 0.850091 0.832031 0.850091 0.832682 0.851005 0.833333 0.851005 0.833984 0.851005 0.834635 0.851920 0.835286 0.851920 0.835938 0.851920 0.836589 0.851920 0.837240 0.851005 0.837891 0.850091 0.838542 0.849177 0.839193 0.848263 0.839844 0.848263 0.840495 0.847349 0.841146 0.846435 0.841146 0.845521 0.841797 0.844607 0.842448 0.843693 0.841797 0.842779 0.842448 0.841865 0.843099 0.840951 0.843750 0.840037 0.844401 0.840951 0.845052 0.840951 0.845703 0.840951 0.846354 0.841865 0.847005 0.841865 0.847656 0.842779 0.848307 0.842779 0.848958 0.843693 0.849609 0.842779 0.850260 0.842779 0.850911 0.843693 0.851562 0.843693 0.852214 0.844607 0.852865 0.844607 0.853516 0.845521 0.854167 0.845521 0.854818 0.844607 0.855469 0.844607 0.856120 0.843693 0.856771 0.843693 0.857422 0.843693 0.858073 0.842779 0.858724 0.842779 0.859375 0.843693 0.860026 0.843693 0.860677 0.843693 0.861328 0.843693 0.861979 0.842779 0.862630 0.842779 0.863281 0.842779 0.863932 0.841865 0.864583 0.841865 0.865234 0.841865 0.865885 0.841865 0.866536 0.841865 0.866536 0.840951 0.867188 0.840037 0.867839 0.839122 0.868490 0.839122 0.869141 0.839122 0.869792 0.840037 0.870443 0.840951 0.870443 0.841865 0.871094 0.842779 0.871745 0.843693 0.872396 0.843693 0.873047 0.844607 0.873698 0.845521 0.874349 0.845521 0.875000 0.846435 0.875651 0.846435 0.876302 0.847349 0.876953 0.847349 0.877604 0.848263 0.878255 0.847349 0.878906 0.847349 0.879557 0.847349 0.880208 0.847349 0.880859 0.847349 0.881510 0.846435 0.882161 0.847349 0.882812 0.848263 0.883464 0.847349 0.884115 0.848263 0.884766 0.847349 0.885417 0.847349 0.886068 0.847349 0.886719 0.846435 0.887370 0.845521 0.888021 0.845521 0.888672 0.845521 0.889323 0.845521 0.889974 0.845521 0.890625 0.844607 0.891276 0.845521 0.891927 0.844607 0.892578 0.843693 0.893229 0.843693 0.893229 0.842779 0.893880 0.841865 0.894531 0.840951 0.895182 0.840037 0.895833 0.840037 0.896484 0.840037 0.897135 0.839122 0.897786 0.840037 0.898438 0.839122 0.899089 0.839122 0.899740 0.838208 0.900391 0.837294 0.901042 0.836380 0.901693 0.836380 0.902344 0.836380 0.902995 0.835466 0.903646 0.835466 0.904297 0.835466 0.904948 0.835466 0.905599 0.834552 0.906250 0.835466 0.906901 0.836380 0.907552 0.837294 0.906901 0.838208 0.906901 0.839122 0.907552 0.840037 0.907552 0.840951 0.908203 0.841865 0.908854 0.842779 0.909505 0.841865 0.910156 0.842779 0.910807 0.843693 0.911458 0.842779 0.912109 0.841865 0.912760 0.840951 0.913411 0.840037 0.914062 0.840037 0.914714 0.840951 0.915365 0.841865 0.916016 0.841865 0.916667 0.842779 0.917318 0.843693 0.917969 0.844607 0.917969 0.845521 0.917969 0.846435 0.917969 0.847349 0.917969 0.848263 0.917318 0.849177 0.917969 0.850091 0.918620 0.851005 0.919271 0.851005 0.919922 0.851005 0.920573 0.851005 0.921224 0.850091 0.921875 0.849177 0.922526 0.848263 0.922526 0.847349 0.923177 0.846435 0.923177 0.845521 0.923828 0.844607 0.924479 0.843693 0.924479 0.842779 0.923828 0.842779 0.923177 0.841865 0.922526 0.840951 0.922526 0.840037 0.922526 0.839122 0.923177 0.838208 0.922526 0.837294 0.923177 0.836380 0.923828 0.835466 0.924479 0.834552 0.925130 0.835466 0.925781 0.835466 0.926432 0.836380 0.927083 0.837294 0.927083 0.838208 0.927734 0.839122 0.927734 0.840037 0.928385 0.840951 0.928385 0.841865 0.928385 0.842779 0.929036 0.843693 0.929688 0.844607 0.930339 0.844607 0.930990 0.844607 0.931641 0.843693 0.932292 0.842779 0.932943 0.842779 0.932943 0.841865 0.933594 0.840951 0.933594 0.840037 0.934245 0.839122 0.934896 0.838208 0.934896 0.837294 0.935547 0.836380 0.935547 0.835466 0.934896 0.834552 0.935547 0.833638 0.935547 0.832724 0.934896 0.831810 0.934896 0.830896 0.934245 0.829982 0.934245 0.829068 0.934245 0.828154 0.934896 0.827239 0.935547 0.826325 0.936198 0.825411 0.936849 0.825411 0.937500 0.824497 0.938151 0.823583 0.938802 0.822669 0.939453 0.821755 0.940104 0.820841 0.940755 0.819927 0.940755 0.819013 0.940104 0.818099 0.940755 0.817185 0.940755 0.816271 0.940104 0.815356 0.940755 0.814442 0.940104 0.814442 0.939453 0.813528 0.938802 0.812614 0.938151 0.811700 0.937500 0.810786 0.937500 0.809872 0.937500 0.808958 0.936849 0.808044 0.937500 0.807130 0.937500 0.806216 0.937500 0.805302 0.937500 0.804388 0.937500 0.803473 0.937500 0.802559 0.937500 0.801645 0.936849 0.800731 0.937500 0.799817 0.936849 0.798903 0.936849 0.797989 0.937500 0.797075 0.937500 0.796161 0.937500 0.795247 0.938151 0.794333 0.937500 0.793419 0.937500 0.792505 0.937500 0.791590 0.937500 0.790676 0.937500 0.789762 0.937500 0.788848 0.937500 0.787934 0.936849 0.787020 0.937500 0.786106 0.936849 0.785192 0.936849 0.784278 0.936198 0.783364 0.936198 0.782450 0.936198 0.781536 0.935547 0.780622 0.934896 0.779707 0.934245 0.778793 0.934896 0.777879 0.934245 0.776965 0.934245 0.776051 0.934896 0.775137 0.934896 0.774223 0.935547 0.773309 0.935547 0.772395 0.934896 0.771481 0.935547 0.770567 0.935547 0.769653 0.935547 0.768739 0.935547 0.767824 0.936198 0.766910 0.935547 0.765996 0.934896 0.765082 0.934896 0.764168 0.934245 0.763254 0.933594 0.762340 0.933594 0.761426 0.933594 0.760512 0.932943 0.759598 0.932943 0.758684 0.932292 0.758684 0.931641 0.757770 0.930990 0.757770 0.930339 0.758684 0.929688 0.757770 0.929036 0.756856 0.928385 0.756856 0.927734 0.757770 0.927083 0.756856 0.926432 0.756856 0.925781 0.757770 0.925130 0.757770
0 0.725911 0.755027 0.725260 0.755941 0.724609 0.755941 0.723958 0.755941 0.723307 0.755941 0.722656 0.756856 0.722005 0.755941 0.721354 0.756856 0.720703 0.757770 0.720052 0.756856 0.719401 0.757770 0.718750 0.758684 0.718099 0.758684 0.717448 0.758684 0.716797 0.759598 0.716146 0.760512 0.715495 0.759598 0.714844 0.760512 0.714193 0.761426 0.713542 0.762340 0.712891 0.763254 0.712240 0.762340 0.711589 0.763254 0.710938 0.763254 0.710286 0.764168 0.710286 0.765082 0.709635 0.765996 0.708984 0.766910 0.708984 0.767824 0.709635 0.768739 0.709635 0.769653 0.708984 0.770567 0.709635 0.771481 0.710286 0.772395 0.710938 0.773309 0.711589 0.774223 0.711589 0.775137 0.712240 0.776051 0.712240 0.776965 0.712891 0.777879 0.712240 0.778793 0.712891 0.779707 0.713542 0.780622 0.713542 0.781536 0.713542 0.782450 0.712891 0.783364 0.712240 0.784278 0.711589 0.783364 0.710938 0.784278 0.710286 0.784278 0.709635 0.785192 0.708984 0.785192 0.708333 0.786106 0.707682 0.787020 0.707031 0.787020 0.706380 0.787934 0.705729 0.787020 0.705078 0.787934 0.704427 0.787934 0.705078 0.788848 0.704427 0.789762 0.704427 0.790676 0.705078 0.791590 0.705078 0.792505 0.705729 0.793419 0.706380 0.794333 0.707031 0.795247 0.707682 0.796161 0.708333 0.796161 0.708984 0.797075 0.709635 0.797989 0.710286 0.797989 0.710938 0.798903 0.711589 0.799817 0.712240 0.800731 0.712891 0.800731 0.713542 0.801645 0.714193 0.802559 0.714844 0.803473 0.715495 0.804388 0.715495 0.805302 0.714844 0.806216 0.714193 0.807130 0.714844 0.808044 0.714844 0.808958 0.715495 0.809872 0.715495 0.810786 0.716146 0.810786 0.716797 0.811700 0.717448 0.812614 0.718099 0.811700 0.718750 0.812614 0.719401 0.812614 0.720052 0.812614 0.720703 0.811700 0.721354 0.812614 0.722005 0.813528 0.722656 0.814442 0.722656 0.815356 0.722656 0.816271 0.723307 0.817185 0.723307 0.818099 0.723958 0.819013 0.723307 0.819927 0.723307 0.820841 0.723307 0.821755 0.723307 0.822669 0.722656 0.823583 0.723307 0.824497 0.723307 0.825411 0.723307 0.826325 0.723307 0.827239 0.723958 0.828154 0.724609 0.828154 0.725260 0.829068 0.725911 0.829982 0.726562 0.830896 0.726562 0.831810 0.727214 0.832724 0.727214 0.833638 0.727214 0.834552 0.727214 0.835466 0.727865 0.836380 0.728516 0.837294 0.729167 0.838208 0.729167 0.839122 0.729818 0.840037 0.730469 0.840951 0.731120 0.840951 0.731771 0.841865 0.732422 0.841865 0.733073 0.840951 0.733073 0.840037 0.733724 0.839122 0.734375 0.838208 0.734375 0.837294 0.735026 0.836380 0.735677 0.835466 0.735677 0.834552 0.735026 0.833638 0.735026 0.832724 0.735026 0.831810 0.734375 0.830896 0.733724 0.829982 0.733724 0.829068 0.733073 0.828154 0.733073 0.827239 0.733073 0.826325 0.733073 0.825411 0.733073 0.824497 0.733073 0.823583 0.733073 0.822669 0.733073 0.821755 0.733073 0.820841 0.733073 0.819927 0.733073 0.819013 0.733724 0.818099 0.733073 0.817185 0.733724 0.816271 0.733724 0.815356 0.733724 0.814442 0.734375 0.813528 0.734375 0.812614 0.734375 0.811700 0.733724 0.810786 0.733724 0.809872 0.733724 0.808958 0.734375 0.808044 0.734375 0.807130 0.733724 0.806216 0.733073 0.805302 0.732422 0.804388 0.731771 0.805302 0.731120 0.806216 0.730469 0.806216 0.729818 0.807130 0.729167 0.807130 0.728516 0.808044 0.727865 0.808044 0.727214 0.808044 0.726562 0.807130 0.725911 0.808044 0.725260 0.807130 0.724609 0.807130 0.723958 0.806216 0.723307 0.805302 0.722656 0.804388 0.722656 0.803473 0.722005 0.803473 0.721354 0.802559 0.720703 0.801645 0.720052 0.800731 0.720052 0.799817 0.720703 0.798903 0.721354 0.797989 0.721354 0.797075 0.721354 0.796161 0.722005 0.795247 0.722005 0.794333 0.722656 0.793419 0.723307 0.792505 0.723307 0.791590 0.723958 0.790676 0.724609 0.789762 0.725260 0.788848 0.725911 0.789762 0.726562 0.788848 0.727214 0.787934 0.727214 0.787020 0.727214 0.786106 0.727214 0.785192 0.727865 0.784278 0.727865 0.783364 0.727865 0.782450 0.727865 0.781536 0.727865 0.780622 0.727865 0.779707 0.727865 0.778793 0.728516 0.777879 0.727865 0.776965 0.727865 0.776051 0.728516 0.775137 0.729167 0.774223 0.729167 0.773309 0.728516 0.772395 0.728516 0.771481 0.729167 0.770567 0.729818 0.769653 0.729167 0.768739 0.729167 0.767824 0.729167 0.766910 0.729167 0.765996 0.729167 0.765082 0.729167 0.764168 0.729818 0.763254 0.729818 0.762340 0.729818 0.761426 0.729818 0.760512 0.730469 0.759598 0.729818 0.758684 0.729818 0.757770 0.729167 0.757770 0.728516 0.756856 0.727865 0.755941 0.727214 0.755941 0.726562 0.755027
0 0.079427 0.754113 0.078776 0.755027 0.078125 0.755941 0.077474 0.755941 0.076823 0.755941 0.076172 0.755941 0.076172 0.756856 0.075521 0.757770 0.074870 0.758684 0.074219 0.759598 0.073568 0.759598 0.074219 0.760512 0.074219 0.761426 0.074219 0.762340 0.074870 0.763254 0.074870 0.764168 0.074870 0.765082 0.075521 0.765996 0.074870 0.766910 0.075521 0.767824 0.076172 0.768739 0.076172 0.769653 0.076172 0.770567 0.076172 0.771481 0.076823 0.772395 0.076823 0.773309 0.077474 0.774223 0.076823 0.775137 0.076823 0.776051 0.077474 0.776965 0.077474 0.777879 0.077474 0.778793 0.077474 0.779707 0.076823 0.780622 0.077474 0.781536 0.077474 0.782450 0.077474 0.783364 0.076823 0.784278 0.076823 0.785192 0.076823 0.786106 0.076823 0.787020 0.076172 0.787934 0.076172 0.788848 0.075521 0.789762 0.075521 0.790676 0.074870 0.791590 0.074870 0.792505 0.074870 0.793419 0.074870 0.794333 0.075521 0.795247 0.076172 0.796161 0.075521 0.797075 0.076172 0.797989 0.076172 0.798903 0.076172 0.799817 0.076172 0.800731 0.076823 0.801645 0.076172 0.802559 0.076172 0.803473 0.076172 0.804388 0.076172 0.805302 0.075521 0.806216 0.075521 0.807130 0.075521 0.808044 0.076172 0.808958 0.075521 0.809872 0.076172 0.810786 0.076823 0.811700 0.076823 0.812614 0.076172 0.813528 0.076172 0.814442 0.076172 0.815356 0.075521 0.816271 0.076172 0.817185 0.076172 0.818099 0.076823 0.819013 0.077474 0.819927 0.078125 0.819013 0.078776 0.818099 0.079427 0.819013 0.080078 0.819927 0.080078 0.820841 0.079427 0.821755 0.080078 0.822669 0.080078 0.823583 0.080729 0.824497 0.080729 0.825411 0.080729 0.826325 0.081380 0.827239 0.081380 0.826325 0.082031 0.825411 0.082031 0.824497 0.082682 0.823583 0.082682 0.822669 0.082682 0.821755 0.083333 0.820841 0.082682 0.819927 0.083333 0.819013 0.083984 0.818099 0.084635 0.817185 0.083984 0.816271 0.083333 0.815356 0.083333 0.814442 0.082682 0.814442 0.082031 0.813528 0.081380 0.814442 0.080729 0.814442 0.080078 0.814442 0.079427 0.813528 0.078776 0.812614 0.078125 0.811700 0.078776 0.810786 0.079427 0.809872 0.080078 0.808958 0.080729 0.808044 0.081380 0.808044 0.082031 0.807130 0.082682 0.808044 0.083333 0.807130 0.083984 0.807130 0.084635 0.806216 0.085286 0.805302 0.085938 0.804388 0.086589 0.803473 0.087240 0.803473 0.087891 0.802559 0.088542 0.802559 0.088542 0.801645 0.089193 0.800731 0.089193 0.799817 0.089193 0.798903 0.089193 0.797989 0.089193 0.797075 0.088542 0.796161 0.088542 0.795247 0.089193 0.794333 0.088542 0.793419 0.088542 0.792505 0.089193 0.791590 0.089844 0.790676 0.090495 0.789762 0.090495 0.788848 0.091146 0.787934 0.091797 0.787020 0.091797 0.786106 0.091797 0.785192 0.091146 0.784278 0.091797 0.783364 0.091797 0.782450 0.092448 0.781536 0.092448 0.780622 0.091797 0.779707 0.091797 0.778793 0.091146 0.777879 0.090495 0.776965 0.090495 0.776051 0.089844 0.775137 0.089193 0.774223 0.089844 0.773309 0.089193 0.772395 0.088542 0.771481 0.087891 0.770567 0.087891 0.769653 0.087240 0.768739 0.087240 0.767824 0.086589 0.766910 0.086589 0.765996 0.087240 0.765082 0.086589 0.764168 0.086589 0.763254 0.085938 0.762340 0.086589 0.761426 0.087240 0.760512 0.086589 0.759598 0.085938 0.758684 0.085286 0.757770 0.085286 0.756856 0.085286 0.755941 0.084635 0.755027 0.083984 0.755027 0.083333 0.755027 0.082682 0.755027 0.082031 0.755027 0.081380 0.754113 0.080729 0.754113 0.080078 0.754113
0 0.760417 0.747715 0.759766 0.748629 0.759115 0.749543 0.758464 0.750457 0.758464 0.751371 0.757812 0.752285 0.757812 0.753199 0.757161 0.754113 0.756510 0.755027 0.756510 0.755941 0.756510 0.756856 0.756510 0.757770 0.755859 0.758684 0.755208 0.759598 0.754557 0.760512 0.753906 0.761426 0.753255 0.761426 0.752604 0.761426 0.751953 0.761426 0.751302 0.761426 0.750651 0.761426 0.750000 0.761426 0.749349 0.761426 0.748698 0.762340 0.748047 0.761426 0.747396 0.762340 0.747396 0.763254 0.746745 0.764168 0.746745 0.765082 0.746094 0.765996 0.745443 0.766910 0.745443 0.767824 0.745443 0.768739 0.744792 0.769653 0.745443 0.770567 0.745443 0.771481 0.745443 0.772395 0.746094 0.773309 0.746094 0.774223 0.746094 0.775137 0.746745 0.776051 0.746745 0.776965 0.747396 0.777879 0.747396 0.778793 0.747396 0.779707 0.747396 0.780622 0.748047 0.781536 0.748047 0.782450 0.748047 0.783364 0.748047 0.784278 0.748698 0.785192 0.748698 0.786106 0.749349 0.787020 0.750000 0.787934 0.750651 0.788848 0.751302 0.788848 0.751953 0.788848 0.752604 0.788848 0.753255 0.788848 0.753906 0.789762 0.754557 0.790676 0.755208 0.790676 0.755859 0.791590 0.756510 0.791590 0.757161 0.792505 0.757812 0.792505 0.758464 0.793419 0.759115 0.793419 0.759766 0.794333 0.760417 0.795247 0.761068 0.796161 0.761719 0.797075 0.761719 0.797989 0.762370 0.798903 0.761719 0.799817 0.761719 0.800731 0.761068 0.801645 0.760417 0.802559 0.760417 0.803473 0.759766 0.804388 0.759115 0.805302 0.758464 0.805302 0.757812 0.806216 0.757161 0.806216 0.756510 0.806216 0.755859 0.806216 0.755208 0.806216 0.754557 0.805302 0.753906 0.805302 0.753255 0.804388 0.752604 0.803473 0.751953 0.802559 0.751953 0.801645 0.751953 0.800731 0.751953 0.799817 0.751953 0.798903 0.751953 0.797989 0.751302 0.797075 0.750651 0.796161 0.750000 0.797075 0.749349 0.796161 0.748698 0.796161 0.748047 0.797075 0.747396 0.797075 0.746745 0.797989 0.746094 0.798903 0.746745 0.799817 0.746094 0.800731 0.746094 0.801645 0.746094 0.802559 0.746745 0.803473 0.746094 0.804388 0.746094 0.805302 0.746745 0.806216 0.746745 0.807130 0.746094 0.808044 0.746745 0.808958 0.746745 0.809872 0.747396 0.810786 0.747396 0.811700 0.748047 0.812614 0.748698 0.813528 0.748698 0.814442 0.748698 0.815356 0.748698 0.816271 0.748698 0.817185 0.749349 0.818099 0.749349 0.819013 0.749349 0.819927 0.749349 0.820841 0.749349 0.821755 0.749349 0.822669 0.749349 0.823583 0.748698 0.824497 0.748698 0.825411 0.748698 0.826325 0.748698 0.827239 0.748047 0.828154 0.748047 0.829068 0.748698 0.829982 0.748047 0.830896 0.748047 0.831810 0.747396 0.832724 0.746745 0.833638 0.746094 0.834552 0.745443 0.835466 0.745443 0.836380 0.746094 0.837294 0.746094 0.838208 0.746745 0.839122 0.746745 0.840037 0.747396 0.840037 0.748047 0.840951 0.748698 0.841865 0.749349 0.842779 0.750000 0.842779 0.750651 0.842779 0.751302 0.842779 0.751953 0.841865 0.752604 0.841865 0.753255 0.840951 0.753906 0.840951 0.754557 0.841865 0.754557 0.840951 0.755208 0.840037 0.755208 0.839122 0.755859 0.838208 0.756510 0.837294 0.757161 0.837294 0.757812 0.836380 0.758464 0.836380 0.759115 0.835466 0.759766 0.835466 0.760417 0.834552 0.761068 0.835466 0.761719 0.835466 0.762370 0.835466 0.763021 0.835466 0.763672 0.836380 0.764323 0.837294 0.764974 0.838208 0.765625 0.839122 0.766276 0.840037 0.766927 0.840951 0.766927 0.841865 0.767578 0.842779 0.768229 0.843693 0.768880 0.843693 0.769531 0.844607 0.770182 0.844607 0.770833 0.844607 0.771484 0.845521 0.772135 0.846435 0.772786 0.845521 0.773438 0.844607 0.774089 0.845521 0.774740 0.844607 0.775391 0.843693 0.776042 0.843693 0.776042 0.842779 0.776693 0.841865 0.776693 0.840951 0.777344 0.840037 0.777344 0.839122 0.777344 0.838208 0.777344 0.837294 0.776693 0.836380 0.776693 0.835466 0.776042 0.834552 0.775391 0.833638 0.774740 0.833638 0.774089 0.832724 0.773438 0.832724 0.772786 0.831810 0.772135 0.831810 0.771484 0.831810 0.770833 0.832724 0.770182 0.831810 0.769531 0.831810 0.768880 0.831810 0.768229 0.831810 0.767578 0.831810 0.766927 0.830896 0.766276 0.830896 0.765625 0.829982 0.764974 0.829068 0.764974 0.828154 0.765625 0.827239 0.764974 0.828154 0.764323 0.827239 0.763672 0.826325 0.763021 0.827239 0.762370 0.826325 0.761719 0.826325 0.761068 0.827239 0.760417 0.827239 0.759766 0.827239 0.759115 0.827239 0.758464 0.828154 0.757812 0.827239 0.757161 0.826325 0.757161 0.825411 0.756510 0.824497 0.756510 0.823583 0.757161 0.822669 0.757161 0.821755 0.757812 0.820841 0.757161 0.819927 0.757812 0.819013 0.758464 0.818099 0.759115 0.817185 0.759766 0.816271 0.760417 0.816271 0.761068 0.815356 0.761719 0.815356 0.762370 0.816271 0.763021 0.815356 0.763672 0.815356 0.764323 0.815356 0.764974 0.814442 0.765625 0.813528 0.765625 0.812614 0.766276 0.811700 0.766927 0.810786 0.766927 0.809872 0.766276 0.808958 0.766276 0.808044 0.766276 0.807130 0.766276 0.806216 0.766276 0.805302 0.766276 0.804388 0.765625 0.803473 0.764974 0.803473 0.764323 0.802559 0.763672 0.801645 0.764323 0.800731 0.763672 0.799817 0.764323 0.798903 0.763672 0.797989 0.763021 0.797075 0.763672 0.796161 0.764323 0.795247 0.764974 0.796161 0.765625 0.796161 0.766276 0.795247 0.766927 0.795247 0.767578 0.794333 0.768229 0.794333 0.768880 0.793419 0.769531 0.792505 0.770182 0.792505 0.770833 0.791590 0.771484 0.790676 0.772135 0.789762 0.772786 0.788848 0.773438 0.787934 0.773438 0.787020 0.774089 0.786106 0.774740 0.785192 0.774740 0.784278 0.775391 0.783364 0.776042 0.782450 0.776042 0.781536 0.776693 0.780622 0.777344 0.779707 0.777995 0.778793 0.778646 0.777879 0.778646 0.776965 0.778646 0.776051 0.779297 0.775137 0.779948 0.774223 0.780599 0.773309 0.780599 0.772395 0.781250 0.771481 0.781250 0.770567 0.781901 0.769653 0.782552 0.768739 0.782552 0.767824 0.783203 0.766910 0.783203 0.765996 0.783854 0.765082 0.783854 0.764168 0.784505 0.763254 0.784505 0.762340 0.784505 0.761426 0.784505 0.760512 0.784505 0.759598 0.783854 0.758684 0.783203 0.757770 0.783203 0.756856 0.782552 0.755941 0.781901 0.755027 0.781250 0.755027 0.780599 0.755941 0.779948 0.755027 0.779297 0.755941 0.778646 0.755027 0.777995 0.755941 0.777344 0.755027 0.776693 0.755941 0.776042 0.756856 0.775391 0.755941 0.775391 0.756856 0.774740 0.757770 0.774740 0.758684 0.774089 0.759598 0.774089 0.760512 0.774089 0.761426 0.774089 0.762340 0.774089 0.763254 0.774089 0.764168 0.774089 0.765082 0.774089 0.765996 0.773438 0.766910 0.772786 0.767824 0.772786 0.768739 0.772135 0.769653 0.772135 0.770567 0.771484 0.771481 0.771484 0.772395 0.771484 0.773309 0.770833 0.774223 0.770833 0.775137 0.770182 0.776051 0.769531 0.776965 0.768880 0.777879 0.768229 0.778793 0.768229 0.779707 0.767578 0.780622 0.766927 0.781536 0.766276 0.782450 0.765625 0.783364 0.764974 0.784278 0.764323 0.783364 0.763672 0.782450 0.763021 0.782450 0.762370 0.781536 0.761719 0.780622 0.761719 0.779707 0.761719 0.778793 0.761719 0.777879 0.761068 0.776965 0.761719 0.776051 0.761719 0.775137 0.761719 0.774223 0.761068 0.773309 0.761719 0.772395 0.761719 0.771481 0.762370 0.770567 0.761719 0.769653 0.761719 0.768739 0.762370 0.767824 0.763021 0.766910 0.763672 0.765996 0.764323 0.765082 0.764323 0.764168 0.764974 0.763254 0.765625 0.762340 0.766276 0.762340 0.766276 0.761426 0.766276 0.760512 0.766276 0.759598 0.766927 0.758684 0.766927 0.757770 0.766927 0.756856 0.766927 0.755941 0.766927 0.755027 0.767578 0.754113 0.766927 0.753199 0.766927 0.752285 0.766276 0.751371 0.766276 0.750457 0.765625 0.749543 0.765625 0.748629 0.764974 0.747715 0.764323 0.747715 0.763672 0.747715 0.763021 0.747715 0.762370 0.747715 0.761719 0.747715 0.761068 0.747715
0 0.037760 0.745887 0.037109 0.746801 0.036458 0.746801 0.035807 0.746801 0.035156 0.746801 0.035156 0.747715 0.034505 0.748629 0.033854 0.749543 0.033203 0.750457 0.032552 0.751371 0.032552 0.752285 0.031901 0.753199 0.031250 0.754113 0.030599 0.754113 0.029948 0.755027 0.029297 0.755941 0.028646 0.755027 0.027995 0.754113 0.027995 0.753199 0.027995 0.752285 0.027995 0.751371 0.027995 0.750457 0.027344 0.749543 0.027344 0.748629 0.026693 0.747715 0.026693 0.746801 0.026042 0.746801 0.025391 0.747715 0.024740 0.746801 0.024089 0.747715 0.023438 0.748629 0.022786 0.748629 0.022135 0.749543 0.022135 0.750457 0.022135 0.751371 0.022135 0.752285 0.021484 0.753199 0.021484 0.754113 0.021484 0.755027 0.021484 0.755941 0.020833 0.756856 0.020833 0.757770 0.020833 0.758684 0.020833 0.759598 0.020833 0.760512 0.020833 0.761426 0.020833 0.762340 0.020833 0.763254 0.021484 0.764168 0.022135 0.765082 0.021484 0.765996 0.022135 0.766910 0.022786 0.766910 0.023438 0.767824 0.024089 0.767824 0.024740 0.766910 0.025391 0.767824 0.026042 0.768739 0.025391 0.769653 0.025391 0.770567 0.026042 0.771481 0.026042 0.772395 0.026042 0.773309 0.025391 0.774223 0.024740 0.775137 0.024089 0.775137 0.023438 0.776051 0.022786 0.775137 0.022135 0.776051 0.021484 0.776965 0.020833 0.776965 0.020182 0.776965 0.020182 0.777879 0.019531 0.778793 0.018880 0.779707 0.018229 0.780622 0.018229 0.781536 0.018229 0.782450 0.018229 0.783364 0.018229 0.784278 0.018229 0.785192 0.018229 0.786106 0.018229 0.787020 0.018229 0.787934 0.017578 0.788848 0.018229 0.789762 0.018229 0.790676 0.018229 0.791590 0.017578 0.792505 0.016927 0.793419 0.016927 0.794333 0.016927 0.795247 0.017578 0.796161 0.018229 0.796161 0.018880 0.797075 0.019531 0.797989 0.020182 0.797989 0.020833 0.797989 0.021484 0.797075 0.022135 0.797075 0.022786 0.797075 0.023438 0.797989 0.024089 0.798903 0.024740 0.798903 0.025391 0.798903 0.026042 0.797989 0.026693 0.798903 0.027344 0.799817 0.027995 0.799817 0.028646 0.800731 0.029297 0.801645 0.029297 0.802559 0.029948 0.803473 0.029297 0.804388 0.029948 0.804388 0.030599 0.805302 0.031250 0.806216 0.031250 0.807130 0.031250 0.808044 0.031901 0.808958 0.031250 0.809872 0.031250 0.810786 0.030599 0.811700 0.029948 0.812614 0.029297 0.813528 0.029297 0.814442 0.028646 0.815356 0.028646 0.816271 0.028646 0.817185 0.028646 0.818099 0.028646 0.819013 0.027995 0.819927 0.028646 0.820841 0.029297 0.821755 0.029297 0.822669 0.029297 0.823583 0.029948 0.824497 0.030599 0.825411 0.031250 0.825411 0.031901 0.825411 0.032552 0.825411 0.033203 0.826325 0.033854 0.826325 0.034505 0.825411 0.035156 0.825411 0.035807 0.825411 0.036458 0.825411 0.037109 0.824497 0.037760 0.825411 0.038411 0.825411 0.039062 0.825411 0.039714 0.825411 0.040365 0.825411 0.041016 0.826325 0.041667 0.826325 0.042318 0.826325 0.042969 0.826325 0.043620 0.826325 0.044271 0.826325 0.044922 0.826325 0.045573 0.827239 0.046224 0.827239 0.046875 0.826325 0.047526 0.826325 0.048177 0.825411 0.048828 0.825411 0.049479 0.824497 0.050130 0.823583 0.050781 0.823583 0.051432 0.822669 0.052083 0.821755 0.052734 0.820841 0.053385 0.819927 0.054036 0.819013 0.054688 0.818099 0.055339 0.817185 0.055339 0.816271 0.055990 0.815356 0.056641 0.814442 0.056641 0.813528 0.057292 0.812614 0.057943 0.811700 0.057292 0.810786 0.057292 0.809872 0.056641 0.809872 0.055990 0.808958 0.055339 0.808044 0.054688 0.807130 0.054036 0.807130 0.053385 0.807130 0.052734 0.807130 0.052083 0.808044 0.051432 0.808958 0.050781 0.808958 0.050130 0.809872 0.049479 0.810786 0.048828 0.810786 0.048177 0.811700 0.047526 0.812614 0.046875 0.812614 0.046224 0.812614 0.045573 0.811700 0.044922 0.811700 0.044271 0.811700 0.043620 0.812614 0.042969 0.811700 0.042318 0.812614 0.041667 0.813528 0.041016 0.813528 0.040365 0.814442 0.039714 0.813528 0.039062 0.813528 0.038411 0.812614 0.037760 0.811700 0.037109 0.810786 0.036458 0.809872 0.035807 0.808958 0.035807 0.808044 0.035156 0.807130 0.035156 0.806216 0.034505 0.805302 0.034505 0.804388 0.034505 0.803473 0.033854 0.802559 0.033203 0.801645 0.032552 0.800731 0.031901 0.799817 0.031250 0.798903 0.030599 0.797989 0.030599 0.797075 0.031250 0.796161 0.031901 0.795247 0.032552 0.795247 0.033203 0.794333 0.033854 0.794333 0.034505 0.795247 0.035156 0.795247 0.035807 0.795247 0.036458 0.795247 0.037109 0.796161 0.037760 0.797075 0.038411 0.797075 0.039062 0.797989 0.039714 0.797989 0.040365 0.797989 0.041016 0.797989 0.041667 0.797989 0.042318 0.797075 0.042969 0.796161 0.042969 0.795247 0.042969 0.794333 0.043620 0.793419 0.042969 0.792505 0.043620 0.791590 0.042969 0.790676 0.042318 0.789762 0.042969 0.788848 0.042318 0.787934 0.041667 0.787934 0.041016 0.787020 0.040365 0.786106 0.039714 0.785192 0.039062 0.785192 0.038411 0.784278 0.037760 0.784278 0.037109 0.783364 0.036458 0.782450 0.036458 0.781536 0.035807 0.780622 0.036458 0.779707 0.035807 0.778793 0.035807 0.777879 0.035807 0.776965 0.036458 0.776051 0.037109 0.775137 0.037109 0.774223 0.037760 0.773309 0.038411 0.772395 0.039062 0.772395 0.039062 0.771481 0.039714 0.770567 0.040365 0.769653 0.041016 0.769653 0.041667 0.768739 0.041016 0.767824 0.041667 0.766910 0.041667 0.765996 0.041667 0.765082 0.041016 0.764168 0.040365 0.763254 0.041016 0.762340 0.040365 0.761426 0.039714 0.760512 0.039714 0.759598 0.039714 0.758684 0.040365 0.757770 0.040365 0.756856 0.040365 0.755941 0.041016 0.755027 0.041016 0.754113 0.041667 0.753199 0.041016 0.752285 0.041016 0.751371 0.041016 0.750457 0.041016 0.749543 0.040365 0.748629 0.039714 0.747715 0.039062 0.746801 0.038411 0.745887
0 0.837240 0.744059 0.836589 0.744973 0.835938 0.745887 0.835286 0.745887 0.834635 0.746801 0.833984 0.747715 0.833333 0.747715 0.833333 0.748629 0.832682 0.749543 0.832682 0.750457 0.833333 0.751371 0.832682 0.752285 0.832682 0.753199 0.832682 0.754113 0.832682 0.755027 0.832031 0.755941 0.832031 0.756856 0.832031 0.757770 0.831380 0.758684 0.831380 0.759598 0.830729 0.760512 0.830729 0.761426 0.830729 0.762340 0.830078 0.763254 0.830078 0.764168 0.830078 0.765082 0.829427 0.765996 0.829427 0.766910 0.829427 0.767824 0.829427 0.768739 0.830078 0.769653 0.830078 0.770567 0.830729 0.771481 0.830729 0.772395 0.830729 0.773309 0.830729 0.774223 0.831380 0.774223 0.832031 0.774223 0.832682 0.775137 0.833333 0.775137 0.833984 0.776051 0.834635 0.776965 0.833984 0.777879 0.833333 0.778793 0.832682 0.779707 0.832031 0.780622 0.831380 0.780622 0.830729 0.780622 0.830078 0.780622 0.829427 0.781536 0.828776 0.781536 0.828125 0.780622 0.827474 0.781536 0.826823 0.781536 0.826172 0.780622 0.825521 0.780622 0.824870 0.780622 0.824219 0.780622 0.823568 0.780622 0.822917 0.779707 0.822917 0.780622 0.822266 0.781536 0.822266 0.782450 0.821615 0.783364 0.822266 0.784278 0.821615 0.785192 0.822266 0.786106 0.822917 0.787020 0.823568 0.787934 0.824219 0.788848 0.824870 0.788848 0.825521 0.789762 0.826172 0.790676 0.826172 0.791590 0.826172 0.792505 0.826823 0.793419 0.827474 0.793419 0.828125 0.794333 0.828776 0.795247 0.829427 0.796161 0.830078 0.797075 0.830729 0.797989 0.831380 0.798903 0.831380 0.799817 0.831380 0.800731 0.831380 0.801645 0.831380 0.802559 0.831380 0.803473 0.831380 0.804388 0.830729 0.805302 0.831380 0.806216 0.831380 0.807130 0.830729 0.808044 0.830729 0.808958 0.830729 0.809872 0.830729 0.810786 0.830078 0.811700 0.830729 0.812614 0.830729 0.813528 0.830729 0.814442 0.830729 0.815356 0.830729 0.816271 0.831380 0.817185 0.831380 0.818099 0.832031 0.819013 0.832682 0.819927 0.832682 0.820841 0.833333 0.820841 0.833984 0.820841 0.834635 0.821755 0.835286 0.821755 0.835938 0.820841 0.836589 0.821755 0.837240 0.820841 0.837240 0.819927 0.837240 0.819013 0.837891 0.818099 0.837891 0.817185 0.837891 0.816271 0.837891 0.815356 0.838542 0.814442 0.837891 0.813528 0.838542 0.812614 0.838542 0.811700 0.837891 0.810786 0.837891 0.809872 0.837891 0.808958 0.837891 0.808044 0.837891 0.807130 0.837891 0.806216 0.838542 0.805302 0.839193 0.804388 0.839844 0.803473 0.840495 0.802559 0.841146 0.802559 0.841146 0.801645 0.841797 0.800731 0.842448 0.799817 0.843099 0.798903 0.842448 0.797989 0.843099 0.797075 0.843750 0.796161 0.843099 0.795247 0.843750 0.794333 0.844401 0.793419 0.843750 0.792505 0.843750 0.791590 0.844401 0.790676 0.844401 0.789762 0.844401 0.788848 0.844401 0.787934 0.845052 0.787020 0.845052 0.786106 0.845703 0.785192 0.845052 0.784278 0.845052 0.783364 0.845703 0.782450 0.846354 0.781536 0.847005 0.780622 0.847656 0.779707 0.848307 0.779707 0.848958 0.778793 0.849609 0.778793 0.850260 0.777879 0.850260 0.776965 0.850911 0.776051 0.851562 0.775137 0.851562 0.774223 0.851562 0.773309 0.852214 0.772395 0.852865 0.771481 0.852214 0.770567 0.852214 0.769653 0.852214 0.768739 0.852214 0.767824 0.851562 0.766910 0.850911 0.765996 0.851562 0.765082 0.850911 0.764168 0.850260 0.763254 0.849609 0.762340 0.849609 0.761426 0.848958 0.760512 0.848307 0.759598 0.847656 0.758684 0.847656 0.757770 0.847005 0.756856 0.847005 0.755941 0.846354 0.755027 0.845703 0.754113 0.846354 0.753199 0.846354 0.752285 0.846354 0.751371 0.846354 0.750457 0.845703 0.749543 0.845052 0.748629 0.844401 0.747715 0.843750 0.746801 0.843099 0.745887 0.843099 0.744973 0.842448 0.745887 0.841797 0.744973 0.841146 0.744973 0.840495 0.744059 0.839844 0.744973 0.839193 0.744059 0.838542 0.744973 0.837891 0.744973
0 0.120443 0.733090 0.119792 0.734004 0.119141 0.734918 0.119141 0.735832 0.118490 0.736746 0.118490 0.737660 0.117839 0.738574 0.117839 0.739488 0.117839 0.740402 0.117839 0.741316 0.117839 0.742230 0.117839 0.743144 0.117839 0.744059 0.117839 0.744973 0.117839 0.745887 0.117839 0.746801 0.117188 0.747715 0.117188 0.748629 0.116536 0.749543 0.115885 0.750457 0.115234 0.750457 0.114583 0.751371 0.113932 0.751371 0.113281 0.751371 0.112630 0.751371 0.111979 0.752285 0.111328 0.752285 0.110677 0.751371 0.110026 0.752285 0.109375 0.751371 0.108724 0.752285 0.108073 0.753199 0.107422 0.754113 0.106771 0.754113 0.106771 0.755027 0.106120 0.755941 0.106120 0.756856 0.106120 0.757770 0.106120 0.758684 0.105469 0.759598 0.106120 0.760512 0.106120 0.761426 0.106120 0.762340 0.106120 0.763254 0.106771 0.764168 0.106771 0.765082 0.107422 0.765996 0.107422 0.766910 0.108073 0.767824 0.108073 0.768739 0.108724 0.769653 0.108724 0.770567 0.108724 0.771481 0.109375 0.772395 0.109375 0.773309 0.109375 0.774223 0.109375 0.775137 0.109375 0.776051 0.109375 0.776965 0.109375 0.777879 0.108724 0.778793 0.108724 0.779707 0.109375 0.780622 0.109375 0.781536 0.109375 0.782450 0.108724 0.783364 0.109375 0.784278 0.109375 0.785192 0.110026 0.786106 0.110026 0.787020 0.110677 0.787934 0.110677 0.788848 0.111328 0.789762 0.111328 0.790676 0.111979 0.791590 0.111979 0.792505 0.112630 0.793419 0.113281 0.793419 0.113932 0.794333 0.114583 0.794333 0.115234 0.795247 0.115885 0.796161 0.116536 0.797075 0.117188 0.797989 0.116536 0.798903 0.115885 0.799817 0.115234 0.800731 0.114583 0.801645 0.113932 0.800731 0.113281 0.800731 0.112630 0.800731 0.111979 0.800731 0.111328 0.800731 0.110677 0.799817 0.110026 0.800731 0.109375 0.800731 0.108724 0.800731 0.108073 0.801645 0.107422 0.801645 0.107422 0.802559 0.106771 0.803473 0.106120 0.804388 0.106120 0.805302 0.106120 0.806216 0.106120 0.807130 0.106120 0.808044 0.106120 0.808958 0.106771 0.809872 0.106771 0.810786 0.107422 0.810786 0.108073 0.811700 0.108724 0.812614 0.109375 0.813528 0.110026 0.814442 0.110677 0.815356 0.111328 0.814442 0.111979 0.815356 0.112630 0.815356 0.113281 0.815356 0.113932 0.816271 0.114583 0.817185 0.115234 0.817185 0.115885 0.817185 0.116536 0.818099 0.117188 0.818099 0.117839 0.818099 0.118490 0.819013 0.119141 0.819013 0.119792 0.819013 0.120443 0.819927 0.121094 0.819927 0.121745 0.819927 0.122396 0.820841 0.123047 0.819927 0.123698 0.819013 0.124349 0.819013 0.125000 0.819013 0.125651 0.819013 0.126302 0.819927 0.126953 0.819927 0.127604 0.820841 0.128255 0.820841 0.128906 0.821755 0.129557 0.820841 0.130208 0.821755 0.130859 0.821755 0.131510 0.821755 0.132161 0.820841 0.132812 0.820841 0.133464 0.819927 0.134115 0.819013 0.134766 0.819013 0.135417 0.818099 0.136068 0.818099 0.136719 0.819013 0.137370 0.819013 0.138021 0.819013 0.138672 0.819927 0.139323 0.820841 0.139974 0.821755 0.140625 0.822669 0.141276 0.823583 0.141927 0.823583 0.142578 0.824497 0.143229 0.823583 0.143880 0.823583 0.143229 0.822669 0.143880 0.821755 0.143229 0.820841 0.143229 0.819927 0.143229 0.819013 0.143229 0.818099 0.143880 0.817185 0.144531 0.816271 0.145182 0.815356 0.145182 0.814442 0.145833 0.813528 0.146484 0.812614 0.147135 0.811700 0.147786 0.810786 0.148438 0.809872 0.147786 0.808958 0.147786 0.808044 0.148438 0.807130 0.148438 0.806216 0.148438 0.805302 0.149089 0.804388 0.149089 0.803473 0.149740 0.802559 0.149089 0.801645 0.149740 0.800731 0.150391 0.799817 0.149740 0.798903 0.149740 0.797989 0.149740 0.797075 0.149740 0.796161 0.149740 0.795247 0.149740 0.794333 0.149740 0.793419 0.149740 0.792505 0.149089 0.791590 0.149089 0.790676 0.149089 0.789762 0.148438 0.789762 0.147786 0.788848 0.147135 0.787934 0.146484 0.787020 0.145833 0.786106 0.145833 0.785192 0.145182 0.784278 0.144531 0.783364 0.143880 0.782450 0.143229 0.781536 0.143880 0.780622 0.143229 0.779707 0.142578 0.778793 0.142578 0.777879 0.141927 0.777879 0.141276 0.776965 0.140625 0.776965 0.139974 0.776965 0.139323 0.776051 0.138672 0.775137 0.138021 0.776051 0.137370 0.776051 0.136719 0.776965 0.136068 0.777879 0.135417 0.777879 0.134766 0.778793 0.134115 0.779707 0.134115 0.780622 0.133464 0.781536 0.133464 0.782450 0.133464 0.783364 0.133464 0.784278 0.133464 0.785192 0.134115 0.786106 0.133464 0.787020 0.133464 0.787934 0.134115 0.788848 0.134115 0.789762 0.134115 0.790676 0.134115 0.791590 0.134115 0.792505 0.134766 0.793419 0.134115 0.794333 0.134115 0.795247 0.134766 0.796161 0.134115 0.797075 0.134115 0.797989 0.134115 0.798903 0.134115 0.799817 0.134115 0.800731 0.134115 0.801645 0.134115 0.802559 0.133464 0.803473 0.134115 0.804388 0.134115 0.805302 0.134115 0.806216 0.134115 0.807130 0.134115 0.808044 0.134766 0.808958 0.134766 0.809872 0.134766 0.810786 0.134115 0.811700 0.134115 0.812614 0.133464 0.813528 0.132812 0.814442 0.132161 0.815356 0.131510 0.815356 0.130859 0.815356 0.130208 0.816271 0.129557 0.816271 0.128906 0.816271 0.128255 0.816271 0.127604 0.815356 0.126953 0.815356 0.126302 0.815356 0.125651 0.814442 0.125000 0.813528 0.124349 0.812614 0.124349 0.811700 0.123698 0.810786 0.123698 0.809872 0.123698 0.808958 0.123047 0.808044 0.123047 0.807130 0.123047 0.806216 0.123047 0.805302 0.123698 0.804388 0.123698 0.803473 0.124349 0.802559 0.125000 0.801645 0.125000 0.800731 0.125000 0.799817 0.125651 0.798903 0.125000 0.797989 0.125000 0.797075 0.124349 0.796161 0.124349 0.795247 0.123698 0.794333 0.123047 0.793419 0.122396 0.792505 0.122396 0.791590 0.122396 0.790676 0.122396 0.789762 0.122396 0.788848 0.123047 0.787934 0.122396 0.787020 0.123047 0.786106 0.123698 0.785192 0.123047 0.784278 0.123047 0.783364 0.123047 0.782450 0.123698 0.781536 0.123698 0.780622 0.123047 0.779707 0.123698 0.778793 0.123698 0.777879 0.123698 0.776965 0.123047 0.776051 0.122396 0.775137 0.122396 0.774223 0.122396 0.773309 0.121745 0.772395 0.122396 0.771481 0.122396 0.770567 0.122396 0.769653 0.123047 0.768739 0.122396 0.767824 0.122396 0.766910 0.122396 0.765996 0.122396 0.765082 0.122396 0.764168 0.123047 0.763254 0.122396 0.762340 0.122396 0.761426 0.123047 0.760512 0.122396 0.759598 0.122396 0.758684 0.123047 0.757770 0.123047 0.756856 0.123047 0.755941 0.123047 0.755027 0.123698 0.754113 0.123698 0.753199 0.123698 0.752285 0.124349 0.751371 0.125000 0.750457 0.125651 0.750457 0.125651 0.749543 0.126302 0.748629 0.126302 0.747715 0.126953 0.746801 0.126953 0.745887 0.127604 0.744973 0.128255 0.744059 0.128255 0.743144 0.127604 0.742230 0.128255 0.741316 0.127604 0.740402 0.126953 0.739488 0.126953 0.738574 0.126302 0.737660 0.126302 0.736746 0.125651 0.735832 0.125000 0.734918 0.124349 0.734004 0.123698 0.734004 0.123047 0.734004 0.122396 0.734004 0.121745 0.733090 0.121094 0.733090
0 0.436849 0.714808 0.436198 0.715722 0.435547 0.716636 0.434896 0.716636 0.434245 0.716636 0.433594 0.717550 0.432943 0.718464 0.432292 0.719378 0.431641 0.720293 0.431641 0.721207 0.431641 0.722121 0.430990 0.723035 0.430990 0.723949 0.430990 0.724863 0.430339 0.725777 0.430339 0.726691 0.429688 0.727605 0.430339 0.728519 0.430339 0.729433 0.429688 0.730347 0.429688 0.731261 0.429688 0.732176 0.429688 0.733090 0.429036 0.734004 0.429036 0.734918 0.429688 0.735832 0.429036 0.736746 0.429036 0.737660 0.428385 0.738574 0.428385 0.739488 0.428385 0.740402 0.428385 0.741316 0.428385 0.742230 0.427734 0.743144 0.428385 0.744059 0.427734 0.744973 0.427734 0.745887 0.427734 0.746801 0.427083 0.747715 0.426432 0.748629 0.425781 0.749543 0.425130 0.750457 0.424479 0.751371 0.424479 0.752285 0.424479 0.753199 0.423828 0.754113 0.423828 0.755027 0.424479 0.755941 0.424479 0.756856 0.423828 0.757770 0.423828 0.758684 0.424479 0.759598 0.424479 0.760512 0.424479 0.761426 0.424479 0.762340 0.424479 0.763254 0.424479 0.764168 0.425130 0.765082 0.424479 0.765996 0.425130 0.766910 0.425781 0.767824 0.425130 0.768739 0.425781 0.769653 0.426432 0.770567 0.425781 0.771481 0.425781 0.772395 0.426432 0.773309 0.426432 0.774223 0.425781 0.775137 0.425130 0.776051 0.425781 0.776965 0.426432 0.777879 0.426432 0.778793 0.425781 0.779707 0.425781 0.780622 0.425130 0.781536 0.425130 0.782450 0.425130 0.783364 0.425130 0.784278 0.424479 0.785192 0.423828 0.786106 0.423177 0.787020 0.422526 0.787020 0.421875 0.787020 0.421224 0.787934 0.420573 0.787934 0.419922 0.788848 0.419271 0.788848 0.418620 0.789762 0.417969 0.790676 0.417969 0.791590 0.417318 0.792505 0.416667 0.793419 0.417318 0.794333 0.417318 0.795247 0.417318 0.796161 0.417318 0.797075 0.417318 0.797989 0.417969 0.798903 0.417969 0.799817 0.418620 0.800731 0.418620 0.801645 0.418620 0.802559 0.419271 0.803473 0.419922 0.803473 0.420573 0.804388 0.421224 0.805302 0.421224 0.806216 0.421875 0.805302 0.422526 0.806216 0.423177 0.807130 0.423177 0.808044 0.423177 0.808958 0.423177 0.809872 0.423177 0.810786 0.423177 0.811700 0.423828 0.812614 0.423828 0.813528 0.423828 0.814442 0.424479 0.815356 0.425130 0.816271 0.425781 0.817185 0.425781 0.818099 0.426432 0.819013 0.426432 0.819927 0.426432 0.820841 0.427083 0.821755 0.426432 0.822669 0.427083 0.823583 0.426432 0.824497 0.425781 0.825411 0.425130 0.825411 0.424479 0.826325 0.423828 0.826325 0.423177 0.827239 0.422526 0.827239 0.421875 0.827239 0.421224 0.827239 0.420573 0.827239 0.419922 0.827239 0.419271 0.828154 0.418620 0.828154 0.417969 0.829068 0.417318 0.829068 0.417969 0.829068 0.418620 0.829982 0.419271 0.830896 0.419271 0.831810 0.419922 0.832724 0.420573 0.833638 0.421224 0.834552 0.421875 0.834552 0.422526 0.835466 0.423177 0.836380 0.423828 0.837294 0.424479 0.838208 0.425130 0.837294 0.425781 0.837294 0.426432 0.838208 0.427083 0.838208 0.427734 0.838208 0.428385 0.837294 0.429036 0.837294 0.429688 0.836380 0.430339 0.835466 0.430990 0.836380 0.431641 0.836380 0.432292 0.836380 0.432943 0.837294 0.433594 0.837294 0.434245 0.837294 0.434896 0.838208 0.435547 0.838208 0.436198 0.839122 0.436849 0.839122 0.437500 0.839122 0.438151 0.840037 0.438802 0.840037 0.439453 0.839122 0.440104 0.839122 0.440755 0.839122 0.441406 0.839122 0.442057 0.840037 0.442708 0.839122 0.443359 0.839122 0.444010 0.839122 0.444661 0.838208 0.445312 0.839122 0.445964 0.839122 0.446615 0.838208 0.447266 0.838208 0.447917 0.838208 0.448568 0.837294 0.449219 0.837294 0.449870 0.836380 0.450521 0.836380 0.451172 0.835466 0.451823 0.835466 0.452474 0.834552 0.451823 0.833638 0.452474 0.832724 0.453125 0.831810 0.453776 0.830896 0.453776 0.829982 0.454427 0.829068 0.454427 0.828154 0.455078 0.827239 0.455078 0.826325 0.455729 0.825411 0.455729 0.824497 0.456380 0.823583 0.456380 0.822669 0.457031 0.821755 0.457031 0.820841 0.457031 0.819927 0.457031 0.819013 0.457682 0.818099 0.458333 0.817185 0.458333 0.816271 0.457682 0.815356 0.458333 0.814442 0.458333 0.813528 0.458333 0.812614 0.458984 0.811700 0.458333 0.810786 0.458333 0.809872 0.458333 0.808958 0.457682 0.808044 0.457031 0.808044 0.456380 0.807130 0.455729 0.806216 0.455078 0.806216 0.454427 0.806216 0.453776 0.806216 0.453125 0.807130 0.452474 0.807130 0.451823 0.808044 0.451823 0.808958 0.451172 0.809872 0.451172 0.810786 0.451172 0.811700 0.451172 0.812614 0.450521 0.813528 0.450521 0.814442 0.449870 0.815356 0.449870 0.816271 0.449870 0.817185 0.449870 0.818099 0.449219 0.819013 0.449219 0.819927 0.449219 0.820841 0.448568 0.821755 0.448568 0.822669 0.448568 0.823583 0.448568 0.824497 0.447917 0.825411 0.447917 0.826325 0.447917 0.827239 0.447917 0.828154 0.447266 0.829068 0.446615 0.829982 0.445964 0.830896 0.445312 0.829982 0.444661 0.829068 0.444010 0.828154 0.443359 0.827239 0.442708 0.826325 0.442057 0.825411 0.441406 0.824497 0.441406 0.823583 0.441406 0.822669 0.440755 0.821755 0.440755 0.820841 0.441406 0.819927 0.441406 0.819013 0.441406 0.818099 0.442057 0.817185 0.442708 0.816271 0.443359 0.815356 0.443359 0.814442 0.443359 0.813528 0.443359 0.812614 0.444010 0.811700 0.444661 0.810786 0.444010 0.809872 0.444010 0.808958 0.444010 0.808044 0.443359 0.807130 0.443359 0.806216 0.442708 0.806216 0.442057 0.806216 0.441406 0.805302 0.440755 0.805302 0.440104 0.806216 0.439453 0.806216 0.438802 0.807130 0.438151 0.807130 0.438151 0.808044 0.438151 0.808958 0.437500 0.809872 0.437500 0.810786 0.436849 0.811700 0.436849 0.812614 0.436849 0.813528 0.436849 0.814442 0.436849 0.815356 0.436849 0.816271 0.436849 0.817185 0.436849 0.818099 0.436849 0.819013 0.436198 0.819927 0.435547 0.820841 0.434896 0.820841 0.434245 0.821755 0.433594 0.822669 0.432943 0.823583 0.432292 0.824497 0.431641 0.825411 0.430990 0.825411 0.430339 0.825411 0.429688 0.825411 0.429036 0.824497 0.428385 0.823583 0.429036 0.822669 0.428385 0.821755 0.429036 0.820841 0.429688 0.819927 0.429688 0.819013 0.430339 0.818099 0.430339 0.817185 0.430339 0.816271 0.430339 0.815356 0.430990 0.814442 0.430990 0.813528 0.430990 0.812614 0.430990 0.811700 0.430990 0.810786 0.430990 0.809872 0.430339 0.808958 0.430339 0.808044 0.430990 0.807130 0.430339 0.806216 0.430339 0.805302 0.430990 0.804388 0.430990 0.803473 0.430339 0.802559 0.430990 0.801645 0.430990 0.800731 0.430990 0.799817 0.431641 0.798903 0.432292 0.797989 0.432943 0.797075 0.433594 0.796161 0.434245 0.796161 0.434896 0.796161 0.435547 0.795247 0.436198 0.795247 0.436849 0.795247 0.437500 0.794333 0.438151 0.794333 0.438802 0.795247 0.438802 0.794333 0.439453 0.793419 0.440104 0.792505 0.440755 0.792505 0.441406 0.791590 0.442057 0.791590 0.442708 0.791590 0.443359 0.790676 0.444010 0.789762 0.444661 0.788848 0.445312 0.788848 0.445964 0.787934 0.446615 0.787020 0.446615 0.786106 0.447266 0.785192 0.447917 0.784278 0.448568 0.783364 0.447917 0.782450 0.448568 0.781536 0.447917 0.780622 0.448568 0.779707 0.448568 0.778793 0.448568 0.777879 0.447917 0.776965 0.447917 0.776051 0.447917 0.775137 0.448568 0.774223 0.448568 0.773309 0.447917 0.772395 0.448568 0.771481 0.447917 0.770567 0.447917 0.769653 0.447917 0.768739 0.447266 0.767824 0.446615 0.766910 0.446615 0.765996 0.445964 0.765996 0.445312 0.765082 0.444661 0.765082 0.444010 0.765082 0.443359 0.765082 0.442708 0.764168 0.442057 0.765082 0.441406 0.765082 0.440755 0.764168 0.440104 0.765082 0.439453 0.765082 0.438802 0.765082 0.438151 0.765996 0.437500 0.765996 0.436849 0.765996 0.436198 0.765996 0.435547 0.765996 0.434896 0.765996 0.434245 0.765082 0.433594 0.764168 0.432943 0.763254 0.432943 0.762340 0.432943 0.761426 0.432292 0.760512 0.432943 0.759598 0.432943 0.758684 0.432943 0.757770 0.432943 0.756856 0.433594 0.755941 0.433594 0.755027 0.434245 0.754113 0.434245 0.753199 0.434245 0.752285 0.434896 0.751371 0.434896 0.750457 0.434896 0.749543 0.435547 0.748629 0.434896 0.747715 0.434896 0.746801 0.434896 0.745887 0.434245 0.744973 0.434896 0.744059 0.434896 0.743144 0.434896 0.742230 0.434896 0.741316 0.434896 0.740402 0.435547 0.739488 0.436198 0.738574 0.435547 0.737660 0.436198 0.736746 0.436849 0.735832 0.437500 0.734918 0.438151 0.734004 0.438151 0.733090 0.438802 0.732176 0.439453 0.731261 0.440104 0.730347 0.440755 0.730347 0.441406 0.729433 0.442057 0.728519 0.442708 0.727605 0.443359 0.726691 0.444010 0.725777 0.444010 0.724863 0.444661 0.723949 0.444661 0.723035 0.444661 0.722121 0.444661 0.721207 0.444010 0.720293 0.444010 0.719378 0.444661 0.718464 0.445312 0.717550 0.444661 0.716636 0.444661 0.715722 0.444010 0.715722 0.443359 0.714808 0.442708 0.714808 0.442057 0.715722 0.441406 0.714808 0.440755 0.714808 0.440104 0.714808 0.439453 0.714808 0.438802 0.714808 0.438151 0.714808 0.437500 0.714808
0 0.906901 0.712066 0.906250 0.712980 0.905599 0.713894 0.904948 0.713894 0.905599 0.714808 0.905599 0.715722 0.904948 0.716636 0.905599 0.717550 0.905599 0.718464 0.906250 0.719378 0.906250 0.720293 0.906250 0.721207 0.905599 0.722121 0.906250 0.723035 0.906901 0.723949 0.906901 0.724863 0.906250 0.725777 0.905599 0.725777 0.904948 0.724863 0.904297 0.723949 0.903646 0.723949 0.902995 0.723949 0.902344 0.724863 0.901693 0.724863 0.901042 0.724863 0.900391 0.725777 0.899740 0.726691 0.899740 0.727605 0.899089 0.728519 0.899740 0.729433 0.899089 0.730347 0.899740 0.731261 0.900391 0.732176 0.901042 0.733090 0.901042 0.734004 0.900391 0.734918 0.899740 0.735832 0.899089 0.735832 0.898438 0.735832 0.897786 0.736746 0.897135 0.737660 0.896484 0.737660 0.895833 0.738574 0.896484 0.739488 0.895833 0.740402 0.896484 0.740402 0.897135 0.741316 0.897786 0.742230 0.897786 0.743144 0.897786 0.744059 0.897786 0.744973 0.898438 0.744973 0.899089 0.744973 0.899740 0.745887 0.900391 0.744973 0.901042 0.744973 0.901693 0.744059 0.902344 0.744059 0.902995 0.744059 0.902995 0.743144 0.902995 0.742230 0.902344 0.741316 0.902995 0.740402 0.902995 0.739488 0.902344 0.738574 0.902344 0.737660 0.901693 0.736746 0.901042 0.735832 0.900391 0.734918 0.901042 0.734004 0.901693 0.733090 0.902344 0.734004 0.902995 0.734004 0.903646 0.734004 0.904297 0.733090 0.904948 0.732176 0.905599 0.731261 0.905599 0.730347 0.906250 0.729433 0.905599 0.728519 0.905599 0.727605 0.906250 0.726691 0.906250 0.725777 0.906901 0.724863 0.907552 0.723949 0.908203 0.723949 0.908854 0.723949 0.909505 0.723035 0.910156 0.723035 0.910807 0.723035 0.911458 0.723035 0.912109 0.723035 0.912760 0.723035 0.913411 0.723035 0.914062 0.723035 0.914714 0.723949 0.915365 0.723949 0.916016 0.723949 0.916667 0.723035 0.917318 0.723035 0.917969 0.722121 0.918620 0.722121 0.919271 0.721207 0.919922 0.720293 0.920573 0.719378 0.920573 0.718464 0.920573 0.717550 0.919922 0.716636 0.919271 0.715722 0.918620 0.715722 0.917969 0.714808 0.917318 0.715722 0.916667 0.714808 0.916016 0.714808 0.915365 0.714808 0.914714 0.713894 0.914062 0.713894 0.913411 0.713894 0.912760 0.712980 0.912109 0.712980 0.911458 0.712980 0.910807 0.712066 0.910156 0.712066 0.909505 0.712066 0.908854 0.712066 0.908203 0.712066 0.907552 0.712066
0 0.000651 0.706581 0.000651 0.707495 0.000651 0.708410 0.000651 0.709324 0.000651 0.710238 0.000651 0.711152 0.000651 0.712066 0.000651 0.712980 0.000651 0.713894 0.000651 0.714808 0.000651 0.715722 0.000651 0.716636 0.001302 0.716636 0.001953 0.717550 0.002604 0.717550 0.003255 0.718464 0.003906 0.719378 0.004557 0.720293 0.005208 0.721207 0.005208 0.722121 0.005208 0.723035 0.005208 0.723949 0.005208 0.724863 0.005859 0.725777 0.005859 0.726691 0.005859 0.727605 0.006510 0.728519 0.006510 0.729433 0.005859 0.730347 0.005859 0.731261 0.005208 0.732176 0.004557 0.733090 0.003906 0.734004 0.003255 0.734918 0.002604 0.735832 0.002604 0.736746 0.002604 0.737660 0.002604 0.738574 0.001953 0.739488 0.002604 0.740402 0.002604 0.741316 0.002604 0.742230 0.003255 0.743144 0.003255 0.744059 0.003906 0.744059 0.004557 0.744973 0.005208 0.745887 0.005208 0.746801 0.004557 0.747715 0.004557 0.748629 0.004557 0.749543 0.003906 0.750457 0.003255 0.751371 0.002604 0.752285 0.002604 0.753199 0.002604 0.754113 0.001953 0.755027 0.002604 0.755941 0.001953 0.756856 0.001302 0.757770 0.001302 0.758684 0.000651 0.759598 0.000651 0.760512 0.000651 0.761426 0.000651 0.762340 0.001302 0.763254 0.001302 0.764168 0.001953 0.765082 0.001302 0.765996 0.001953 0.766910 0.001953 0.767824 0.002604 0.768739 0.002604 0.769653 0.003255 0.770567 0.003906 0.770567 0.004557 0.770567 0.005208 0.769653 0.005859 0.768739 0.006510 0.767824 0.007161 0.767824 0.007812 0.766910 0.008464 0.765996 0.009115 0.765082 0.009766 0.765996 0.009115 0.765082 0.009766 0.764168 0.010417 0.763254 0.010417 0.762340 0.010417 0.761426 0.011068 0.760512 0.011068 0.759598 0.011719 0.758684 0.011719 0.757770 0.011719 0.756856 0.011719 0.755941 0.011719 0.755027 0.011719 0.754113 0.011719 0.753199 0.011068 0.752285 0.010417 0.751371 0.009766 0.750457 0.009115 0.749543 0.009766 0.748629 0.009766 0.747715 0.009115 0.747715 0.008464 0.747715 0.007812 0.747715 0.007161 0.746801 0.006510 0.745887 0.005859 0.744973 0.006510 0.744059 0.007161 0.743144 0.007812 0.742230 0.008464 0.741316 0.009115 0.741316 0.009115 0.740402 0.009766 0.739488 0.010417 0.738574 0.010417 0.737660 0.011068 0.736746 0.011719 0.735832 0.012370 0.734918 0.013021 0.734004 0.013672 0.734918 0.013672 0.734004 0.014323 0.733090 0.014974 0.732176 0.014974 0.731261 0.015625 0.730347 0.016276 0.729433 0.016276 0.728519 0.016276 0.727605 0.016927 0.726691 0.016927 0.725777 0.016927 0.724863 0.016276 0.723949 0.016276 0.723035 0.016276 0.722121 0.015625 0.721207 0.014974 0.720293 0.014974 0.719378 0.014323 0.719378 0.013672 0.719378 0.013021 0.719378 0.012370 0.719378 0.011719 0.718464 0.011068 0.718464 0.010417 0.719378 0.009766 0.719378 0.009115 0.719378 0.008464 0.719378 0.007812 0.719378 0.007161 0.719378 0.006510 0.719378 0.005859 0.718464 0.005208 0.717550 0.004557 0.716636 0.003906 0.715722 0.003906 0.714808 0.003255 0.713894 0.003255 0.712980 0.003255 0.712066 0.002604 0.711152 0.002604 0.710238 0.001953 0.709324 0.001953 0.708410 0.001302 0.707495
0 0.548177 0.695612 0.547526 0.696527 0.546875 0.696527 0.546224 0.697441 0.545573 0.698355 0.544922 0.699269 0.545573 0.700183 0.544922 0.701097 0.545573 0.702011 0.546224 0.702925 0.546224 0.703839 0.546224 0.704753 0.546875 0.705667 0.547526 0.706581 0.548177 0.707495 0.548177 0.708410 0.547526 0.709324 0.546875 0.710238 0.546224 0.710238 0.545573 0.710238 0.544922 0.710238 0.544271 0.710238 0.543620 0.711152 0.542969 0.712066 0.542318 0.712980 0.541667 0.712980 0.541016 0.712980 0.540365 0.712980 0.539714 0.713894 0.539062 0.712980 0.538411 0.713894 0.537760 0.714808 0.537109 0.714808 0.536458 0.714808 0.535807 0.714808 0.535156 0.714808 0.534505 0.714808 0.533854 0.714808 0.533203 0.714808 0.532552 0.713894 0.531901 0.713894 0.531250 0.713894 0.530599 0.712980 0.529948 0.712066 0.529297 0.711152 0.529297 0.710238 0.529297 0.709324 0.529297 0.708410 0.529297 0.707495 0.528646 0.706581 0.527995 0.705667 0.527344 0.704753 0.526693 0.703839 0.526042 0.703839 0.525391 0.703839 0.524740 0.703839 0.524089 0.703839 0.523438 0.703839 0.522786 0.704753 0.522135 0.704753 0.521484 0.704753 0.520833 0.703839 0.520182 0.704753 0.519531 0.705667 0.518880 0.705667 0.518880 0.706581 0.518880 0.707495 0.518229 0.708410 0.518229 0.709324 0.518229 0.710238 0.518229 0.711152 0.518229 0.712066 0.518229 0.712980 0.518229 0.713894 0.518880 0.714808 0.518880 0.715722 0.519531 0.715722 0.520182 0.716636 0.520833 0.716636 0.521484 0.716636 0.522135 0.717550 0.522786 0.717550 0.523438 0.717550 0.524089 0.718464 0.524740 0.718464 0.525391 0.718464 0.526042 0.719378 0.526693 0.719378 0.527344 0.719378 0.527995 0.719378 0.528646 0.719378 0.529297 0.719378 0.529948 0.720293 0.530599 0.720293 0.531250 0.721207 0.531901 0.720293 0.532552 0.721207 0.533203 0.722121 0.533854 0.722121 0.534505 0.722121 0.535156 0.723035 0.535807 0.723035 0.536458 0.723035 0.537109 0.723949 0.537760 0.724863 0.538411 0.725777 0.539062 0.726691 0.539062 0.727605 0.539714 0.728519 0.540365 0.729433 0.541016 0.730347 0.541016 0.731261 0.541667 0.732176 0.541667 0.733090 0.541667 0.734004 0.542318 0.734918 0.542318 0.735832 0.542318 0.736746 0.542318 0.737660 0.542318 0.738574 0.542969 0.739488 0.542318 0.740402 0.541667 0.741316 0.541667 0.742230 0.541667 0.743144 0.542318 0.744059 0.541667 0.744973 0.542318 0.745887 0.542318 0.746801 0.542318 0.747715 0.542318 0.748629 0.542969 0.749543 0.542318 0.750457 0.542969 0.751371 0.542969 0.752285 0.542969 0.753199 0.542969 0.754113 0.542318 0.755027 0.542969 0.755941 0.543620 0.756856 0.543620 0.757770 0.543620 0.758684 0.544271 0.759598 0.544271 0.760512 0.544922 0.761426 0.544922 0.762340 0.545573 0.763254 0.546224 0.764168 0.546875 0.765082 0.547526 0.765996 0.548177 0.766910 0.548828 0.767824 0.548828 0.768739 0.548177 0.769653 0.548828 0.770567 0.549479 0.771481 0.549479 0.772395 0.549479 0.773309 0.549479 0.774223 0.548828 0.775137 0.549479 0.776051 0.549479 0.776965 0.549479 0.777879 0.548828 0.778793 0.548828 0.779707 0.548177 0.780622 0.548177 0.781536 0.548177 0.782450 0.548177 0.783364 0.548177 0.784278 0.548177 0.785192 0.548177 0.786106 0.548177 0.787020 0.547526 0.787934 0.546875 0.788848 0.546875 0.789762 0.546224 0.790676 0.545573 0.791590 0.544922 0.791590 0.544271 0.792505 0.543620 0.793419 0.543620 0.794333 0.543620 0.795247 0.542969 0.796161 0.542969 0.797075 0.542969 0.797989 0.542969 0.798903 0.543620 0.799817 0.544271 0.799817 0.544922 0.799817 0.545573 0.799817 0.545573 0.798903 0.546224 0.797989 0.546875 0.797075 0.547526 0.796161 0.548177 0.795247 0.548828 0.795247 0.548828 0.794333 0.549479 0.793419 0.549479 0.792505 0.549479 0.791590 0.550130 0.790676 0.550781 0.789762 0.551432 0.788848 0.552083 0.787934 0.552734 0.787020 0.552734 0.786106 0.553385 0.785192 0.552734 0.784278 0.553385 0.783364 0.553385 0.782450 0.553385 0.781536 0.552734 0.780622 0.552734 0.779707 0.552083 0.778793 0.551432 0.777879 0.552083 0.776965 0.552083 0.776051 0.551432 0.775137 0.552083 0.774223 0.551432 0.773309 0.551432 0.772395 0.551432 0.771481 0.550781 0.770567 0.550781 0.769653 0.550130 0.768739 0.550781 0.767824 0.551432 0.766910 0.551432 0.765996 0.552083 0.765082 0.552083 0.764168 0.552083 0.763254 0.552734 0.762340 0.552083 0.761426 0.552083 0.760512 0.552734 0.759598 0.552083 0.758684 0.552083 0.757770 0.552083 0.756856 0.552083 0.755941 0.552734 0.755027 0.552083 0.754113 0.551432 0.753199 0.551432 0.752285 0.551432 0.751371 0.551432 0.750457 0.551432 0.749543 0.550781 0.748629 0.551432 0.747715 0.551432 0.746801 0.550781 0.745887 0.550781 0.744973 0.550781 0.744059 0.550130 0.743144 0.550781 0.742230 0.550781 0.741316 0.550130 0.740402 0.550130 0.739488 0.550130 0.738574 0.549479 0.737660 0.550130 0.736746 0.549479 0.735832 0.549479 0.734918 0.549479 0.734004 0.548828 0.733090 0.549479 0.732176 0.548828 0.731261 0.548177 0.730347 0.548177 0.729433 0.548177 0.728519 0.548828 0.727605 0.548828 0.726691 0.548828 0.725777 0.548828 0.724863 0.549479 0.723949 0.549479 0.723035 0.550130 0.722121 0.550130 0.721207 0.550130 0.720293 0.550130 0.719378 0.550781 0.718464 0.550130 0.717550 0.550781 0.716636 0.550130 0.715722 0.549479 0.714808 0.549479 0.713894 0.549479 0.712980 0.548828 0.712066 0.548177 0.711152 0.548828 0.710238 0.549479 0.709324 0.550130 0.708410 0.550781 0.708410 0.551432 0.708410 0.552083 0.708410 0.552734 0.707495 0.553385 0.707495 0.552734 0.706581 0.552734 0.705667 0.552734 0.704753 0.552734 0.703839 0.552734 0.702925 0.552734 0.702011 0.552734 0.701097 0.552083 0.700183 0.551432 0.699269 0.550781 0.698355 0.550781 0.697441 0.550130 0.696527 0.549479 0.696527 0.548828 0.696527
0 0.997396 0.691042 0.998047 0.691956 0.997396 0.692870 0.996745 0.693784 0.996094 0.692870 0.995443 0.692870 0.994792 0.693784 0.994141 0.694698 0.993490 0.694698 0.992839 0.695612 0.992188 0.696527 0.991536 0.696527 0.990885 0.696527 0.990234 0.697441 0.990234 0.698355 0.989583 0.699269 0.990234 0.700183 0.989583 0.701097 0.990234 0.702011 0.990885 0.702925 0.991536 0.703839 0.992188 0.704753 0.992188 0.705667 0.992839 0.705667 0.993490 0.706581 0.994141 0.707495 0.994792 0.708410 0.995443 0.709324 0.995443 0.710238 0.996094 0.711152 0.995443 0.712066 0.994792 0.712980 0.994141 0.713894 0.993490 0.713894 0.992839 0.714808 0.992188 0.714808 0.991536 0.713894 0.990885 0.712980 0.990234 0.712066 0.989583 0.711152 0.989583 0.710238 0.988932 0.710238 0.988281 0.710238 0.987630 0.709324 0.986979 0.709324 0.986979 0.710238 0.986979 0.711152 0.986979 0.712066 0.986979 0.712980 0.986979 0.713894 0.987630 0.714808 0.988281 0.715722 0.988281 0.716636 0.988932 0.717550 0.989583 0.718464 0.989583 0.719378 0.990234 0.720293 0.990234 0.721207 0.989583 0.722121 0.990234 0.723035 0.990234 0.723949 0.990234 0.724863 0.990885 0.725777 0.990885 0.726691 0.991536 0.726691 0.992188 0.726691 0.992839 0.725777 0.993490 0.725777 0.994141 0.724863 0.994792 0.723949 0.994792 0.723035 0.995443 0.722121 0.995443 0.721207 0.996094 0.720293 0.996745 0.719378 0.996745 0.718464 0.996745 0.717550 0.997396 0.716636 0.997396 0.715722 0.998047 0.714808 0.998698 0.713894 0.998698 0.712980 0.998698 0.712066 0.998698 0.711152 0.998698 0.710238 0.998698 0.709324 0.998698 0.708410 0.998698 0.707495 0.998698 0.706581 0.998698 0.705667 0.998698 0.704753 0.998698 0.703839 0.998698 0.702925 0.998698 0.702011 0.998698 0.701097 0.998698 0.700183 0.998698 0.699269 0.998698 0.698355 0.998698 0.697441 0.998698 0.696527 0.998698 0.695612 0.998047 0.694698 0.998047 0.693784 0.997396 0.692870 0.998047 0.691956 0.998698 0.691042 0.998047 0.691042
0 0.013021 0.684644 0.012370 0.685558 0.011719 0.686472 0.011068 0.687386 0.011068 0.688300 0.010417 0.689214 0.009766 0.690128 0.009115 0.691042 0.008464 0.691956 0.007812 0.691042 0.007161 0.691956 0.006510 0.691956 0.006510 0.692870 0.006510 0.693784 0.005859 0.694698 0.005208 0.695612 0.005208 0.696527 0.005859 0.697441 0.005859 0.698355 0.005859 0.699269 0.006510 0.700183 0.006510 0.701097 0.007161 0.702011 0.007812 0.702925 0.008464 0.703839 0.009115 0.704753 0.009115 0.705667 0.009766 0.706581 0.010417 0.707495 0.011068 0.707495 0.011719 0.708410 0.012370 0.709324 0.013021 0.710238 0.013672 0.711152 0.014323 0.711152 0.014974 0.712066 0.015625 0.712980 0.015625 0.713894 0.015625 0.714808 0.016276 0.714808 0.016927 0.713894 0.017578 0.713894 0.018229 0.714808 0.018880 0.714808 0.019531 0.714808 0.020182 0.714808 0.020833 0.715722 0.021484 0.714808 0.022135 0.715722 0.022786 0.715722 0.023438 0.715722 0.024089 0.715722 0.024740 0.715722 0.025391 0.715722 0.026042 0.714808 0.026693 0.714808 0.027344 0.713894 0.027995 0.714808 0.027995 0.713894 0.028646 0.712980 0.029297 0.712066 0.029948 0.712066 0.029948 0.711152 0.030599 0.710238 0.031250 0.709324 0.031901 0.708410 0.032552 0.707495 0.033203 0.706581 0.033854 0.705667 0.034505 0.704753 0.033854 0.703839 0.034505 0.702925 0.034505 0.702011 0.034505 0.701097 0.034505 0.700183 0.034505 0.699269 0.035156 0.698355 0.034505 0.697441 0.035156 0.696527 0.035156 0.695612 0.034505 0.694698 0.034505 0.693784 0.034505 0.692870 0.033854 0.692870 0.033203 0.691956 0.032552 0.691042 0.033203 0.690128 0.032552 0.689214 0.031901 0.690128 0.031250 0.689214 0.030599 0.688300 0.029948 0.688300 0.029297 0.688300 0.028646 0.688300 0.027995 0.689214 0.027344 0.689214 0.026693 0.689214 0.026042 0.690128 0.025391 0.690128 0.024740 0.690128 0.024089 0.690128 0.023438 0.689214 0.022786 0.690128 0.022135 0.689214 0.021484 0.689214 0.020833 0.688300 0.020182 0.687386 0.019531 0.686472 0.018880 0.686472 0.018229 0.685558 0.017578 0.685558 0.016927 0.685558 0.016276 0.684644 0.015625 0.684644 0.014974 0.684644 0.014323 0.685558 0.013672 0.685558
0 0.968750 0.673675 0.968099 0.674589 0.967448 0.675503 0.966797 0.676417 0.966146 0.677331 0.965495 0.677331 0.965495 0.678245 0.965495 0.679159 0.965495 0.680073 0.964844 0.680987 0.965495 0.681901 0.965495 0.682815 0.965495 0.683729 0.965495 0.684644 0.965495 0.685558 0.965495 0.686472 0.965495 0.687386 0.965495 0.688300 0.966146 0.689214 0.966146 0.690128 0.966146 0.691042 0.966146 0.691956 0.966146 0.692870 0.966146 0.693784 0.966797 0.694698 0.966797 0.695612 0.966797 0.696527 0.966797 0.697441 0.966797 0.698355 0.966146 0.699269 0.966146 0.700183 0.965495 0.701097 0.965495 0.702011 0.965495 0.702925 0.966146 0.703839 0.965495 0.704753 0.964844 0.705667 0.965495 0.706581 0.964844 0.707495 0.964844 0.708410 0.964844 0.709324 0.964844 0.710238 0.965495 0.711152 0.965495 0.712066 0.964844 0.712980 0.965495 0.713894 0.966146 0.714808 0.966146 0.715722 0.966797 0.716636 0.967448 0.717550 0.968099 0.718464 0.968750 0.719378 0.968750 0.720293 0.969401 0.721207 0.970052 0.722121 0.970052 0.723035 0.970703 0.723949 0.970703 0.724863 0.970703 0.725777 0.970703 0.726691 0.971354 0.727605 0.972005 0.728519 0.972656 0.729433 0.973307 0.730347 0.973307 0.731261 0.973958 0.732176 0.974609 0.733090 0.974609 0.734004 0.975260 0.734918 0.974609 0.735832 0.975260 0.736746 0.975260 0.737660 0.975911 0.738574 0.976562 0.739488 0.977214 0.740402 0.976562 0.741316 0.976562 0.742230 0.977214 0.743144 0.977865 0.744059 0.977865 0.744973 0.977865 0.745887 0.978516 0.746801 0.978516 0.747715 0.979167 0.748629 0.978516 0.749543 0.979167 0.750457 0.979167 0.751371 0.979818 0.752285 0.980469 0.753199 0.979818 0.754113 0.980469 0.755027 0.981120 0.755941 0.981771 0.756856 0.982422 0.757770 0.981771 0.758684 0.982422 0.759598 0.981771 0.760512 0.982422 0.761426 0.982422 0.762340 0.982422 0.763254 0.983073 0.764168 0.983724 0.765082 0.984375 0.765996 0.984375 0.766910 0.985026 0.766910 0.985677 0.767824 0.986328 0.768739 0.985677 0.769653 0.985677 0.770567 0.986328 0.771481 0.986328 0.772395 0.986328 0.773309 0.985677 0.774223 0.985026 0.775137 0.984375 0.775137 0.983724 0.775137 0.983073 0.775137 0.982422 0.775137 0.981771 0.775137 0.981120 0.775137 0.980469 0.774223 0.979818 0.774223 0.979167 0.773309 0.978516 0.772395 0.977865 0.772395 0.977214 0.771481 0.976562 0.770567 0.975911 0.770567 0.975260 0.769653 0.974609 0.768739 0.973958 0.767824 0.973307 0.767824 0.972656 0.766910 0.972005 0.766910 0.972005 0.767824 0.971354 0.768739 0.972005 0.769653 0.971354 0.770567 0.971354 0.771481 0.970703 0.772395 0.970052 0.773309 0.970703 0.774223 0.970052 0.775137 0.970052 0.776051 0.969401 0.776965 0.970052 0.777879 0.970052 0.778793 0.970052 0.779707 0.970703 0.780622 0.971354 0.781536 0.971354 0.782450 0.972005 0.783364 0.972656 0.782450 0.973307 0.783364 0.973958 0.783364 0.974609 0.784278 0.975260 0.785192 0.974609 0.786106 0.975260 0.785192 0.975911 0.786106 0.976562 0.785192 0.977214 0.786106 0.977865 0.786106 0.978516 0.787020 0.979167 0.787934 0.979818 0.787934 0.980469 0.788848 0.981120 0.789762 0.981771 0.790676 0.981771 0.791590 0.982422 0.791590 0.983073 0.792505 0.983724 0.793419 0.983724 0.794333 0.983724 0.795247 0.984375 0.796161 0.984375 0.797075 0.985026 0.797989 0.985026 0.798903 0.985677 0.799817 0.985026 0.800731 0.985677 0.801645 0.986328 0.802559 0.986979 0.803473 0.986328 0.804388 0.986979 0.804388 0.987630 0.805302 0.988281 0.806216 0.987630 0.807130 0.988281 0.808044 0.988281 0.808958 0.988281 0.809872 0.988281 0.810786 0.988281 0.811700 0.988281 0.812614 0.988932 0.813528 0.988281 0.814442 0.988281 0.815356 0.988932 0.816271 0.989583 0.817185 0.989583 0.818099 0.990234 0.819013 0.989583 0.819927 0.990234 0.820841 0.989583 0.821755 0.989583 0.822669 0.988932 0.823583 0.988281 0.824497 0.987630 0.825411 0.986979 0.825411 0.986328 0.826325 0.985677 0.827239 0.985026 0.827239 0.984375 0.826325 0.983724 0.826325 0.983073 0.826325 0.982422 0.826325 0.981771 0.825411 0.981771 0.826325 0.981120 0.827239 0.981771 0.828154 0.981771 0.829068 0.981771 0.829982 0.981771 0.830896 0.981120 0.831810 0.981120 0.832724 0.981120 0.833638 0.980469 0.834552 0.981120 0.835466 0.981771 0.836380 0.981771 0.837294 0.981120 0.838208 0.981120 0.839122 0.980469 0.840037 0.979818 0.840951 0.979167 0.840037 0.978516 0.839122 0.977865 0.838208 0.977865 0.837294 0.977214 0.837294 0.976562 0.836380 0.975911 0.837294 0.975260 0.837294 0.974609 0.837294 0.973958 0.838208 0.973307 0.838208 0.972656 0.838208 0.972005 0.839122 0.971354 0.838208 0.970703 0.838208 0.970052 0.838208 0.969401 0.837294 0.968750 0.836380 0.968750 0.835466 0.968750 0.834552 0.968099 0.833638 0.967448 0.832724 0.966797 0.831810 0.966146 0.830896 0.965495 0.830896 0.964844 0.830896 0.964193 0.829982 0.963542 0.829982 0.962891 0.829982 0.962240 0.829068 0.961589 0.828154 0.960938 0.827239 0.960938 0.826325 0.960938 0.825411 0.960938 0.824497 0.961589 0.823583 0.961589 0.822669 0.960938 0.821755 0.961589 0.820841 0.961589 0.819927 0.962240 0.819013 0.962240 0.818099 0.962240 0.817185 0.962240 0.816271 0.962240 0.815356 0.962891 0.814442 0.962240 0.813528 0.961589 0.812614 0.961589 0.811700 0.960938 0.810786 0.960286 0.809872 0.959635 0.810786 0.958984 0.810786 0.958333 0.810786 0.957682 0.810786 0.957031 0.810786 0.957031 0.811700 0.956380 0.812614 0.955729 0.813528 0.955078 0.814442 0.955078 0.815356 0.954427 0.816271 0.954427 0.817185 0.954427 0.818099 0.954427 0.819013 0.954427 0.819927 0.954427 0.820841 0.953776 0.821755 0.953776 0.822669 0.954427 0.823583 0.955078 0.823583 0.955729 0.824497 0.956380 0.825411 0.955729 0.826325 0.956380 0.827239 0.957031 0.828154 0.957682 0.829068 0.958333 0.829982 0.958984 0.830896 0.958984 0.831810 0.958984 0.832724 0.958333 0.833638 0.958333 0.834552 0.958984 0.835466 0.958333 0.836380 0.957682 0.837294 0.957031 0.836380 0.956380 0.837294 0.955729 0.837294 0.955078 0.837294 0.954427 0.837294 0.953776 0.837294 0.953125 0.837294 0.952474 0.836380 0.951823 0.835466 0.951823 0.834552 0.951172 0.833638 0.950521 0.832724 0.950521 0.831810 0.950521 0.830896 0.949870 0.829982 0.949870 0.829068 0.949219 0.828154 0.948568 0.827239 0.947917 0.826325 0.947266 0.826325 0.946615 0.826325 0.945964 0.827239 0.945312 0.827239 0.944661 0.827239 0.944010 0.828154 0.943359 0.829068 0.942708 0.829982 0.942708 0.830896 0.942057 0.831810 0.941406 0.832724 0.942057 0.833638 0.941406 0.834552 0.940755 0.835466 0.940104 0.836380 0.939453 0.836380 0.938802 0.837294 0.938151 0.838208 0.938151 0.839122 0.938151 0.840037 0.938151 0.840951 0.938802 0.841865 0.938802 0.842779 0.938802 0.843693 0.939453 0.844607 0.940104 0.845521 0.940755 0.846435 0.941406 0.847349 0.942057 0.847349 0.942708 0.847349 0.943359 0.848263 0.944010 0.848263 0.944661 0.847349 0.945312 0.848263 0.945964 0.848263 0.946615 0.848263 0.947266 0.847349 0.947917 0.847349 0.948568 0.847349 0.949219 0.847349 0.949870 0.847349 0.950521 0.848263 0.951172 0.849177 0.951823 0.848263 0.952474 0.849177 0.953125 0.849177 0.953776 0.848263 0.954427 0.848263 0.955078 0.848263 0.955729 0.848263 0.956380 0.847349 0.957031 0.847349 0.957682 0.846435 0.958333 0.846435 0.958984 0.845521 0.959635 0.844607 0.960286 0.844607 0.960938 0.843693 0.961589 0.843693 0.962240 0.843693 0.962891 0.843693 0.963542 0.843693 0.964193 0.844607 0.964844 0.844607 0.965495 0.844607 0.966146 0.845521 0.966797 0.845521 0.967448 0.845521 0.968099 0.846435 0.968750 0.845521 0.969401 0.845521 0.970052 0.846435 0.970703 0.846435 0.971354 0.846435 0.972005 0.847349 0.972656 0.847349 0.973307 0.847349 0.973958 0.847349 0.974609 0.848263 0.975260 0.848263 0.975911 0.848263 0.976562 0.849177 0.977214 0.849177 0.977865 0.850091 0.978516 0.849177 0.979167 0.849177 0.979818 0.849177 0.980469 0.849177 0.981120 0.849177 0.981771 0.849177 0.982422 0.848263 0.983073 0.848263 0.983724 0.847349 0.984375 0.846435 0.985026 0.846435 0.985677 0.845521 0.986328 0.845521 0.986979 0.845521 0.987630 0.844607 0.988281 0.845521 0.988932 0.844607 0.989583 0.843693 0.990234 0.843693 0.990885 0.842779 0.991536 0.842779 0.992188 0.842779 0.992839 0.842779 0.993490 0.842779 0.994141 0.842779 0.994792 0.842779 0.995443 0.842779 0.996094 0.842779 0.996745 0.842779 0.997396 0.841865 0.998047 0.841865 0.998698 0.841865 0.998698 0.840951 0.998698 0.840037 0.998698 0.839122 0.998698 0.838208 0.998047 0.837294 0.998047 0.836380 0.997396 0.835466 0.996745 0.834552 0.996745 0.833638 0.997396 0.832724 0.997396 0.831810 0.996745 0.830896 0.996745 0.829982 0.996745 0.829068 0.996094 0.828154 0.995443 0.827239 0.994792 0.826325 0.994141 0.825411 0.993490 0.824497 0.992839 0.823583 0.992839 0.822669 0.993490 0.821755 0.992839 0.820841 0.993490 0.819927 0.992839 0.819013 0.993490 0.818099 0.993490 0.817185 0.994141 0.816271 0.994141 0.815356 0.994792 0.814442 0.994792 0.813528 0.994792 0.812614 0.995443 0.811700 0.994792 0.810786 0.994792 0.809872 0.994792 0.808958 0.994792 0.808044 0.994141 0.807130 0.993490 0.806216 0.993490 0.805302 0.992839 0.804388 0.993490 0.803473 0.994141 0.802559 0.994141 0.801645 0.994792 0.800731 0.994792 0.799817 0.994792 0.798903 0.994792 0.797989 0.994792 0.797075 0.994792 0.796161 0.995443 0.795247 0.995443 0.794333 0.995443 0.793419 0.995443 0.792505 0.995443 0.791590 0.996094 0.790676 0.996094 0.789762 0.996094 0.788848 0.996745 0.787934 0.996745 0.787020 0.996094 0.786106 0.996094 0.785192 0.996094 0.784278 0.996094 0.783364 0.995443 0.782450 0.996094 0.781536 0.996094 0.780622 0.995443 0.779707 0.994792 0.778793 0.994792 0.777879 0.994141 0.776965 0.993490 0.776051 0.993490 0.775137 0.993490 0.774223 0.994141 0.773309 0.994792 0.772395 0.994141 0.771481 0.994792 0.770567 0.995443 0.769653 0.995443 0.768739 0.996094 0.767824 0.995443 0.766910 0.994792 0.765996 0.995443 0.765082 0.995443 0.764168 0.995443 0.763254 0.996094 0.762340 0.996094 0.761426 0.996094 0.760512 0.996094 0.759598 0.996745 0.758684 0.996094 0.757770 0.996094 0.756856 0.996094 0.755941 0.996745 0.755027 0.996094 0.754113 0.996094 0.753199 0.996094 0.752285 0.996745 0.751371 0.996745 0.750457 0.996745 0.749543 0.997396 0.748629 0.997396 0.747715 0.997396 0.746801 0.998047 0.745887 0.998698 0.744973 0.998698 0.744059 0.998698 0.743144 0.998698 0.742230 0.998698 0.741316 0.998698 0.740402 0.998698 0.739488 0.998698 0.738574 0.998698 0.737660 0.998698 0.736746 0.998698 0.735832 0.998698 0.734918 0.998698 0.735832 0.998047 0.736746 0.998047 0.737660 0.997396 0.738574 0.996745 0.739488 0.996094 0.740402 0.995443 0.741316 0.994792 0.741316 0.994141 0.741316 0.993490 0.741316 0.992839 0.741316 0.992188 0.741316 0.991536 0.740402 0.990885 0.741316 0.990234 0.740402 0.989583 0.739488 0.988932 0.740402 0.988281 0.741316 0.987630 0.741316 0.986979 0.742230 0.986328 0.743144 0.985677 0.742230 0.985026 0.741316 0.984375 0.740402 0.984375 0.739488 0.983724 0.738574 0.983073 0.737660 0.983724 0.736746 0.983073 0.735832 0.983073 0.734918 0.983073 0.734004 0.982422 0.733090 0.982422 0.732176 0.982422 0.731261 0.982422 0.730347 0.982422 0.729433 0.982422 0.728519 0.981771 0.727605 0.981771 0.726691 0.981771 0.725777 0.981120 0.724863 0.980469 0.723949 0.979818 0.723035 0.979818 0.722121 0.979818 0.721207 0.979167 0.720293 0.978516 0.719378 0.978516 0.718464 0.977865 0.717550 0.977214 0.716636 0.976562 0.715722 0.975911 0.714808 0.975260 0.713894 0.975260 0.712980 0.975260 0.712066 0.974609 0.711152 0.974609 0.710238 0.973958 0.709324 0.974609 0.708410 0.973958 0.707495 0.973958 0.706581 0.974609 0.705667 0.974609 0.704753 0.975260 0.703839 0.974609 0.702925 0.974609 0.702011 0.974609 0.701097 0.974609 0.700183 0.974609 0.699269 0.974609 0.698355 0.974609 0.697441 0.975260 0.696527 0.975911 0.695612 0.975260 0.694698 0.975260 0.693784 0.975260 0.692870 0.975260 0.691956 0.975260 0.691042 0.975260 0.690128 0.975260 0.689214 0.975260 0.688300 0.974609 0.687386 0.974609 0.686472 0.975260 0.685558 0.974609 0.684644 0.974609 0.683729 0.974609 0.682815 0.973958 0.681901 0.973958 0.680987 0.973958 0.680073 0.973307 0.679159 0.973307 0.678245 0.972656 0.677331 0.972656 0.676417 0.972005 0.676417 0.971354 0.675503 0.970703 0.674589 0.970052 0.674589 0.969401 0.674589
0 0.565104 0.667276 0.564453 0.668190 0.563802 0.669104 0.563151 0.669104 0.563151 0.670018 0.562500 0.670932 0.561849 0.671846 0.561198 0.672761 0.561198 0.673675 0.561198 0.674589 0.561198 0.675503 0.560547 0.676417 0.561198 0.677331 0.561849 0.678245 0.561849 0.679159 0.561849 0.680073 0.561849 0.680987 0.561849 0.681901 0.562500 0.682815 0.561849 0.683729 0.562500 0.683729 0.563151 0.684644 0.563802 0.685558 0.563151 0.686472 0.563802 0.686472 0.564453 0.687386 0.565104 0.688300 0.565104 0.687386 0.565755 0.686472 0.566406 0.685558 0.567057 0.684644 0.567708 0.683729 0.568359 0.682815 0.569010 0.683729 0.569661 0.683729 0.570312 0.682815 0.570964 0.682815 0.571615 0.681901 0.572266 0.682815 0.572917 0.682815 0.573568 0.682815 0.574219 0.682815 0.574870 0.682815 0.575521 0.683729 0.576172 0.682815 0.576823 0.683729 0.577474 0.684644 0.578125 0.684644 0.578776 0.684644 0.579427 0.685558 0.580078 0.685558 0.580729 0.686472 0.581380 0.686472 0.582031 0.687386 0.582682 0.688300 0.583333 0.689214 0.583984 0.690128 0.584635 0.691042 0.584635 0.691956 0.585286 0.692870 0.585938 0.692870 0.586589 0.693784 0.587240 0.693784 0.587891 0.694698 0.588542 0.693784 0.589193 0.694698 0.589844 0.694698 0.590495 0.694698 0.591146 0.693784 0.591797 0.694698 0.592448 0.693784 0.593099 0.694698 0.593750 0.693784 0.593750 0.692870 0.594401 0.691956 0.594401 0.691042 0.594401 0.690128 0.595052 0.689214 0.595052 0.688300 0.595052 0.687386 0.595052 0.686472 0.594401 0.685558 0.595052 0.684644 0.594401 0.683729 0.593750 0.682815 0.593750 0.681901 0.593750 0.680987 0.593099 0.680073 0.593099 0.679159 0.592448 0.678245 0.591797 0.677331 0.591146 0.677331 0.590495 0.676417 0.589844 0.675503 0.589193 0.675503 0.588542 0.674589 0.587891 0.675503 0.587240 0.674589 0.586589 0.673675 0.585938 0.674589 0.585286 0.673675 0.584635 0.674589 0.583984 0.674589 0.583333 0.675503 0.582682 0.675503 0.582031 0.674589 0.581380 0.674589 0.580729 0.675503 0.580078 0.675503 0.579427 0.675503 0.578776 0.675503 0.578125 0.674589 0.577474 0.674589 0.576823 0.674589 0.576172 0.674589 0.575521 0.674589 0.574870 0.674589 0.574219 0.674589 0.573568 0.673675 0.572917 0.673675 0.572266 0.673675 0.571615 0.672761 0.570964 0.671846 0.570312 0.670932 0.570312 0.670018 0.569661 0.669104 0.569661 0.668190 0.569010 0.668190 0.568359 0.667276 0.567708 0.667276 0.567057 0.668190 0.566406 0.668190 0.565755 0.668190
0 0.511719 0.627057 0.511068 0.627971 0.510417 0.628885 0.509766 0.627971 0.509115 0.628885 0.508464 0.629799 0.508464 0.630713 0.509115 0.631627 0.509766 0.631627 0.510417 0.632541 0.511068 0.633455 0.511719 0.634369 0.512370 0.634369 0.513021 0.634369 0.513672 0.634369 0.514323 0.635283 0.514974 0.635283 0.515625 0.635283 0.516276 0.636197 0.516927 0.637112 0.517578 0.637112 0.518229 0.638026 0.518880 0.638940 0.519531 0.639854 0.518880 0.640768 0.519531 0.641682 0.518880 0.642596 0.519531 0.643510 0.520182 0.644424 0.520833 0.645338 0.521484 0.646252 0.521484 0.647166 0.522135 0.648080 0.522135 0.648995 0.522786 0.649909 0.523438 0.650823 0.524089 0.651737 0.524740 0.652651 0.525391 0.653565 0.526042 0.654479 0.526042 0.655393 0.526693 0.656307 0.526693 0.657221 0.527344 0.658135 0.527995 0.658135 0.528646 0.659049 0.529297 0.659963 0.529948 0.660878 0.530599 0.661792 0.531250 0.662706 0.531901 0.663620 0.531901 0.664534 0.531901 0.665448 0.531901 0.666362 0.532552 0.667276 0.533203 0.668190 0.533854 0.669104 0.534505 0.670018 0.535156 0.670932 0.535807 0.671846 0.536458 0.670932 0.537109 0.670018 0.537109 0.669104 0.536458 0.668190 0.536458 0.667276 0.535807 0.666362 0.535807 0.665448 0.535156 0.664534 0.535156 0.663620 0.535156 0.662706 0.534505 0.661792 0.534505 0.660878 0.533854 0.659963 0.533854 0.659049 0.533854 0.658135 0.533854 0.657221 0.533203 0.656307 0.532552 0.655393 0.531901 0.654479 0.531250 0.653565 0.531250 0.652651 0.530599 0.651737 0.529948 0.650823 0.529297 0.650823 0.528646 0.649909 0.527995 0.648995 0.527344 0.648080 0.527344 0.647166 0.526693 0.646252 0.526042 0.645338 0.526042 0.644424 0.526042 0.643510 0.525391 0.642596 0.525391 0.641682 0.524740 0.640768 0.524089 0.639854 0.524089 0.638940 0.523438 0.638026 0.522786 0.637112 0.522135 0.636197 0.521484 0.635283 0.520833 0.636197 0.520182 0.635283 0.519531 0.634369 0.518880 0.633455 0.518229 0.632541 0.518229 0.631627 0.517578 0.630713 0.516927 0.629799 0.516927 0.628885 0.516276 0.628885 0.515625 0.628885 0.514974 0.627971 0.514323 0.627057 0.513672 0.627971 0.513021 0.627971 0.512370 0.627057
0 0.292969 0.627057 0.292318 0.627971 0.291667 0.628885 0.291016 0.627971 0.290365 0.628885 0.289714 0.628885 0.289062 0.628885 0.288411 0.628885 0.287760 0.628885 0.287109 0.629799 0.286458 0.629799 0.286458 0.630713 0.287109 0.631627 0.287109 0.632541 0.287109 0.633455 0.287109 0.634369 0.287109 0.635283 0.287109 0.636197 0.287760 0.637112 0.287760 0.638026 0.288411 0.638940 0.288411 0.639854 0.288411 0.640768 0.289062 0.641682 0.289062 0.642596 0.289714 0.643510 0.289062 0.644424 0.289714 0.645338 0.289714 0.646252 0.290365 0.647166 0.290365 0.648080 0.291016 0.648080 0.291667 0.648995 0.292318 0.649909 0.292969 0.650823 0.292969 0.651737 0.292969 0.652651 0.293620 0.653565 0.292969 0.654479 0.292969 0.655393 0.292318 0.656307 0.292318 0.657221 0.292318 0.658135 0.291667 0.659049 0.291667 0.659963 0.291016 0.660878 0.291667 0.661792 0.291667 0.662706 0.291016 0.663620 0.290365 0.664534 0.291016 0.665448 0.290365 0.666362 0.290365 0.667276 0.290365 0.668190 0.290365 0.669104 0.289714 0.670018 0.289062 0.670932 0.289062 0.671846 0.288411 0.672761 0.287760 0.673675 0.287109 0.673675 0.286458 0.674589 0.285807 0.675503 0.285156 0.676417 0.284505 0.675503 0.283854 0.676417 0.283203 0.677331 0.282552 0.677331 0.281901 0.677331 0.281250 0.677331 0.281250 0.678245 0.280599 0.679159 0.279948 0.680073 0.279297 0.680987 0.278646 0.681901 0.277995 0.682815 0.277344 0.682815 0.276693 0.683729 0.276042 0.683729 0.275391 0.684644 0.274740 0.685558 0.274089 0.686472 0.274740 0.687386 0.274089 0.688300 0.274740 0.689214 0.274740 0.690128 0.274740 0.691042 0.275391 0.690128 0.276042 0.691042 0.276693 0.691956 0.277344 0.691956 0.277995 0.691956 0.278646 0.691956 0.279297 0.691956 0.279948 0.691042 0.280599 0.691042 0.281250 0.691042 0.281901 0.690128 0.282552 0.691042 0.283203 0.690128 0.283854 0.689214 0.284505 0.689214 0.285156 0.688300 0.285807 0.688300 0.286458 0.687386 0.287109 0.687386 0.287760 0.687386 0.288411 0.687386 0.289062 0.688300 0.289714 0.689214 0.289714 0.690128 0.290365 0.691042 0.291016 0.691956 0.291667 0.692870 0.292318 0.693784 0.292969 0.693784 0.293620 0.694698 0.294271 0.695612 0.294922 0.695612 0.295573 0.695612 0.296224 0.695612 0.296875 0.696527 0.297526 0.696527 0.298177 0.696527 0.298828 0.697441 0.299479 0.697441 0.300130 0.697441 0.300781 0.698355 0.301432 0.699269 0.302083 0.700183 0.302083 0.701097 0.302734 0.701097 0.303385 0.702011 0.304036 0.702925 0.303385 0.703839 0.304036 0.704753 0.303385 0.705667 0.302734 0.706581 0.302083 0.707495 0.301432 0.707495 0.300781 0.707495 0.300130 0.708410 0.299479 0.709324 0.298828 0.709324 0.298177 0.709324 0.297526 0.709324 0.296875 0.709324 0.296224 0.709324 0.295573 0.708410 0.294922 0.707495 0.294271 0.707495 0.293620 0.707495 0.292969 0.706581 0.292318 0.706581 0.291667 0.706581 0.291016 0.705667 0.290365 0.705667 0.289714 0.706581 0.289062 0.706581 0.288411 0.707495 0.287760 0.708410 0.287109 0.709324 0.286458 0.709324 0.286458 0.710238 0.286458 0.711152 0.286458 0.712066 0.286458 0.712980 0.287109 0.713894 0.287760 0.714808 0.288411 0.714808 0.289062 0.715722 0.289714 0.716636 0.290365 0.715722 0.291016 0.715722 0.291667 0.715722 0.292318 0.714808 0.292969 0.715722 0.293620 0.715722 0.294271 0.714808 0.294922 0.714808 0.295573 0.714808 0.296224 0.714808 0.296875 0.714808 0.297526 0.714808 0.298177 0.714808 0.298828 0.715722 0.299479 0.715722 0.300130 0.714808 0.300781 0.715722 0.301432 0.715722 0.302083 0.714808 0.302734 0.714808 0.303385 0.715722 0.304036 0.715722 0.304688 0.715722 0.305339 0.716636 0.305990 0.716636 0.306641 0.716636 0.307292 0.716636 0.307943 0.717550 0.308594 0.718464 0.309245 0.719378 0.309896 0.720293 0.309896 0.721207 0.309896 0.722121 0.310547 0.723035 0.310547 0.723949 0.310547 0.724863 0.310547 0.725777 0.310547 0.726691 0.310547 0.727605 0.309896 0.728519 0.309245 0.729433 0.308594 0.729433 0.307943 0.729433 0.307292 0.730347 0.306641 0.729433 0.305990 0.729433 0.305339 0.729433 0.304688 0.729433 0.304036 0.729433 0.303385 0.729433 0.302734 0.729433 0.302083 0.728519 0.301432 0.728519 0.300781 0.729433 0.300130 0.729433 0.299479 0.728519 0.298828 0.728519 0.298177 0.728519 0.297526 0.728519 0.296875 0.728519 0.296224 0.728519 0.295573 0.727605 0.294922 0.727605 0.294271 0.727605 0.293620 0.727605 0.292969 0.727605 0.292318 0.727605 0.291667 0.727605 0.291016 0.727605 0.290365 0.728519 0.289714 0.728519 0.289062 0.729433 0.288411 0.729433 0.288411 0.730347 0.287760 0.731261 0.287109 0.732176 0.287760 0.733090 0.287109 0.734004 0.287760 0.734918 0.287760 0.735832 0.287109 0.736746 0.287760 0.737660 0.288411 0.738574 0.289062 0.738574 0.289714 0.739488 0.290365 0.740402 0.291016 0.740402 0.291667 0.740402 0.292318 0.741316 0.292969 0.742230 0.293620 0.742230 0.294271 0.742230 0.294922 0.742230 0.295573 0.742230 0.296224 0.742230 0.296875 0.743144 0.297526 0.742230 0.298177 0.742230 0.298828 0.742230 0.299479 0.742230 0.300130 0.742230 0.300781 0.742230 0.301432 0.742230 0.302083 0.743144 0.302734 0.744059 0.303385 0.744973 0.304036 0.745887 0.304688 0.746801 0.304688 0.747715 0.304688 0.748629 0.305339 0.749543 0.305339 0.750457 0.304688 0.751371 0.305339 0.752285 0.305990 0.753199 0.305339 0.754113 0.304688 0.755027 0.305339 0.755941 0.305339 0.756856 0.305339 0.757770 0.305339 0.758684 0.304688 0.759598 0.305339 0.760512 0.305339 0.761426 0.305990 0.762340 0.306641 0.763254 0.305990 0.764168 0.306641 0.765082 0.306641 0.765996 0.306641 0.766910 0.306641 0.767824 0.307292 0.768739 0.307292 0.769653 0.307943 0.770567 0.307943 0.771481 0.308594 0.772395 0.309245 0.773309 0.308594 0.774223 0.309245 0.775137 0.309896 0.775137 0.310547 0.775137 0.311198 0.775137 0.311849 0.775137 0.312500 0.774223 0.313151 0.775137 0.313802 0.774223 0.314453 0.774223 0.315104 0.775137 0.315755 0.775137 0.316406 0.776051 0.317057 0.776051 0.317708 0.775137 0.318359 0.774223 0.319010 0.773309 0.319661 0.774223 0.319661 0.773309 0.320312 0.772395 0.320964 0.771481 0.321615 0.771481 0.322266 0.771481 0.322917 0.771481 0.323568 0.770567 0.324219 0.770567 0.324870 0.770567 0.325521 0.770567 0.326172 0.769653 0.326823 0.768739 0.327474 0.767824 0.328125 0.766910 0.328776 0.765996 0.328776 0.765082 0.329427 0.764168 0.330078 0.763254 0.330078 0.762340 0.330729 0.761426 0.330078 0.760512 0.330729 0.759598 0.330729 0.758684 0.330729 0.757770 0.330078 0.756856 0.330078 0.755941 0.330078 0.755027 0.329427 0.754113 0.329427 0.753199 0.328776 0.752285 0.328125 0.753199 0.327474 0.752285 0.326823 0.751371 0.327474 0.750457 0.326823 0.749543 0.326172 0.749543 0.325521 0.748629 0.324870 0.747715 0.324219 0.746801 0.323568 0.747715 0.322917 0.747715 0.322266 0.746801 0.321615 0.746801 0.320964 0.747715 0.320312 0.747715 0.319661 0.748629 0.319010 0.749543 0.318359 0.750457 0.317708 0.751371 0.317057 0.751371 0.316406 0.752285 0.315755 0.752285 0.315104 0.753199 0.314453 0.753199 0.313802 0.753199 0.313151 0.753199 0.312500 0.753199 0.311849 0.754113 0.311198 0.753199 0.310547 0.752285 0.310547 0.751371 0.309896 0.751371 0.309245 0.750457 0.308594 0.749543 0.308594 0.748629 0.307943 0.749543 0.307292 0.748629 0.306641 0.747715 0.307292 0.746801 0.306641 0.745887 0.306641 0.744973 0.307292 0.744059 0.307292 0.743144 0.307943 0.742230 0.307943 0.741316 0.308594 0.740402 0.308594 0.739488 0.308594 0.738574 0.309245 0.737660 0.309245 0.736746 0.309896 0.735832 0.309896 0.734918 0.310547 0.734004 0.311198 0.733090 0.311849 0.732176 0.312500 0.731261 0.313151 0.732176 0.313802 0.731261 0.314453 0.731261 0.315104 0.731261 0.315755 0.731261 0.316406 0.731261 0.317057 0.731261 0.317708 0.730347 0.318359 0.730347 0.319010 0.729433 0.319661 0.729433 0.320312 0.728519 0.320964 0.727605 0.321615 0.727605 0.322266 0.726691 0.321615 0.725777 0.321615 0.724863 0.321615 0.723949 0.321615 0.723035 0.322266 0.722121 0.322917 0.721207 0.322917 0.720293 0.322917 0.719378 0.322266 0.718464 0.322266 0.717550 0.322266 0.716636 0.322266 0.715722 0.322266 0.714808 0.322266 0.713894 0.322917 0.712980 0.322266 0.712066 0.321615 0.711152 0.321615 0.710238 0.320964 0.710238 0.320312 0.709324 0.319661 0.709324 0.319010 0.709324 0.318359 0.708410 0.317708 0.708410 0.317057 0.707495 0.316406 0.706581 0.315755 0.706581 0.315104 0.705667 0.314453 0.704753 0.314453 0.703839 0.315104 0.702925 0.314453 0.702011 0.314453 0.701097 0.315104 0.700183 0.315755 0.699269 0.315755 0.698355 0.316406 0.697441 0.317057 0.696527 0.317708 0.695612 0.318359 0.694698 0.319010 0.694698 0.319661 0.695612 0.320312 0.695612 0.320964 0.695612 0.321615 0.695612 0.322266 0.694698 0.322917 0.693784 0.323568 0.693784 0.324219 0.692870 0.324870 0.691956 0.325521 0.691956 0.326172 0.691956 0.326823 0.691042 0.327474 0.691042 0.328125 0.690128 0.328776 0.689214 0.329427 0.688300 0.330078 0.688300 0.330729 0.688300 0.331380 0.688300 0.332031 0.688300 0.332682 0.688300 0.333333 0.688300 0.333984 0.689214 0.334635 0.688300 0.335286 0.688300 0.335938 0.689214 0.336589 0.688300 0.337240 0.689214 0.337891 0.688300 0.338542 0.689214 0.339193 0.688300 0.339844 0.687386 0.340495 0.687386 0.341146 0.688300 0.341797 0.687386 0.342448 0.687386 0.343099 0.687386 0.343750 0.686472 0.344401 0.686472 0.345052 0.686472 0.345703 0.685558 0.346354 0.685558 0.347005 0.685558 0.347656 0.685558 0.348307 0.685558 0.348958 0.685558 0.349609 0.685558 0.350260 0.684644 0.350911 0.684644 0.351562 0.685558 0.352214 0.685558 0.352865 0.686472 0.353516 0.687386 0.354167 0.688300 0.354818 0.688300 0.355469 0.689214 0.356120 0.690128 0.356771 0.691042 0.357422 0.691042 0.358073 0.691042 0.358724 0.691042 0.359375 0.691042 0.360026 0.691042 0.360677 0.691042 0.361328 0.691042 0.361979 0.691956 0.362630 0.691956 0.363281 0.691956 0.363932 0.691956 0.364583 0.691042 0.365234 0.690128 0.365885 0.690128 0.366536 0.689214 0.367188 0.688300 0.367839 0.687386 0.368490 0.688300 0.368490 0.687386 0.369141 0.686472 0.369792 0.685558 0.370443 0.684644 0.371094 0.684644 0.370443 0.683729 0.371094 0.682815 0.371094 0.681901 0.370443 0.680987 0.370443 0.680073 0.370443 0.679159 0.371094 0.678245 0.370443 0.677331 0.369792 0.676417 0.369141 0.675503 0.368490 0.675503 0.367839 0.675503 0.367188 0.675503 0.366536 0.674589 0.365885 0.673675 0.365234 0.672761 0.364583 0.672761 0.363932 0.671846 0.363281 0.671846 0.362630 0.671846 0.361979 0.671846 0.361328 0.671846 0.360677 0.671846 0.360026 0.670932 0.359375 0.670932 0.358724 0.670018 0.358073 0.670018 0.357422 0.670932 0.356771 0.670018 0.356120 0.669104 0.355469 0.668190 0.355469 0.667276 0.356120 0.666362 0.355469 0.665448 0.356120 0.664534 0.356771 0.663620 0.357422 0.662706 0.358073 0.661792 0.358724 0.661792 0.359375 0.660878 0.360026 0.660878 0.360677 0.660878 0.361328 0.660878 0.361979 0.660878 0.362630 0.659963 0.363281 0.659963 0.363932 0.659049 0.364583 0.659049 0.365234 0.659049 0.365885 0.658135 0.366536 0.658135 0.367188 0.658135 0.367839 0.657221 0.368490 0.656307 0.369141 0.655393 0.369141 0.654479 0.369792 0.653565 0.370443 0.652651 0.369792 0.651737 0.370443 0.650823 0.370443 0.649909 0.369792 0.648995 0.369141 0.648080 0.368490 0.647166 0.367839 0.647166 0.367188 0.646252 0.366536 0.646252 0.365885 0.646252 0.365234 0.646252 0.364583 0.645338 0.363932 0.645338 0.363281 0.646252 0.362630 0.646252 0.361979 0.646252 0.361328 0.646252 0.360677 0.646252 0.360026 0.647166 0.359375 0.648080 0.358724 0.648080 0.358073 0.648080 0.357422 0.648995 0.356771 0.648995 0.356120 0.649909 0.355469 0.650823 0.354818 0.650823 0.354167 0.650823 0.353516 0.651737 0.352865 0.652651 0.352214 0.653565 0.352214 0.654479 0.351562 0.655393 0.351562 0.656307 0.350911 0.657221 0.350911 0.658135 0.350260 0.659049 0.349609 0.659963 0.348958 0.660878 0.348958 0.661792 0.348307 0.662706 0.348307 0.663620 0.347656 0.664534 0.347005 0.665448 0.347656 0.666362 0.347005 0.667276 0.347005 0.668190 0.346354 0.669104 0.345703 0.670018 0.345052 0.670932 0.344401 0.671846 0.343750 0.671846 0.343750 0.672761 0.343099 0.673675 0.342448 0.674589 0.341797 0.673675 0.341146 0.674589 0.340495 0.675503 0.339844 0.676417 0.339193 0.676417 0.338542 0.677331 0.337891 0.678245 0.337240 0.679159 0.336589 0.679159 0.335938 0.680073 0.335286 0.680073 0.334635 0.680987 0.333984 0.680987 0.333333 0.680073 0.332682 0.679159 0.332031 0.679159 0.331380 0.679159 0.330729 0.678245 0.330078 0.678245 0.329427 0.678245 0.328776 0.678245 0.328125 0.677331 0.327474 0.677331 0.326823 0.677331 0.326172 0.677331 0.325521 0.677331 0.324870 0.678245 0.324219 0.679159 0.323568 0.679159 0.322917 0.679159 0.322266 0.680073 0.321615 0.680987 0.321615 0.681901 0.320964 0.682815 0.321615 0.683729 0.320964 0.684644 0.320964 0.685558 0.320964 0.686472 0.320964 0.687386 0.320964 0.688300 0.320964 0.689214 0.320312 0.690128 0.320312 0.691042 0.320312 0.691956 0.319661 0.692870 0.319010 0.693784 0.318359 0.694698 0.317708 0.695612 0.317057 0.694698 0.316406 0.694698 0.315755 0.695612 0.315104 0.694698 0.314453 0.695612 0.314453 0.696527 0.314453 0.697441 0.314453 0.698355 0.314453 0.699269 0.313802 0.700183 0.313151 0.701097 0.312500 0.702011 0.311849 0.702925 0.311198 0.702011 0.310547 0.702925 0.309896 0.702011 0.309245 0.701097 0.309245 0.700183 0.308594 0.699269 0.307943 0.698355 0.307943 0.697441 0.307292 0.696527 0.306641 0.695612 0.305990 0.694698 0.305339 0.694698 0.304688 0.694698 0.304036 0.693784 0.303385 0.693784 0.302734 0.693784 0.302083 0.692870 0.301432 0.691956 0.300781 0.691042 0.300130 0.690128 0.299479 0.689214 0.298828 0.690128 0.298177 0.690128 0.297526 0.689214 0.296875 0.689214 0.296224 0.689214 0.295573 0.688300 0.294922 0.687386 0.294271 0.687386 0.293620 0.687386 0.292969 0.686472 0.292318 0.685558 0.292318 0.684644 0.291667 0.683729 0.291016 0.682815 0.291016 0.681901 0.291016 0.680987 0.291016 0.680073 0.291016 0.679159 0.291667 0.678245 0.291667 0.677331 0.292318 0.676417 0.292969 0.675503 0.293620 0.674589 0.294271 0.673675 0.294922 0.672761 0.295573 0.671846 0.296224 0.671846 0.296875 0.670932 0.297526 0.670018 0.297526 0.669104 0.297526 0.668190 0.298177 0.667276 0.298177 0.666362 0.298177 0.665448 0.298828 0.664534 0.298177 0.663620 0.298177 0.662706 0.298828 0.661792 0.298828 0.660878 0.298177 0.659963 0.298177 0.659049 0.298177 0.658135 0.298177 0.657221 0.297526 0.656307 0.297526 0.655393 0.297526 0.654479 0.297526 0.653565 0.296875 0.652651 0.297526 0.651737 0.298177 0.650823 0.298828 0.649909 0.299479 0.649909 0.300130 0.650823 0.300781 0.649909 0.301432 0.649909 0.302083 0.650823 0.302734 0.650823 0.303385 0.651737 0.304036 0.652651 0.304688 0.653565 0.305339 0.654479 0.305990 0.655393 0.306641 0.656307 0.307292 0.657221 0.307943 0.657221 0.308594 0.657221 0.309245 0.658135 0.309896 0.658135 0.310547 0.657221 0.311198 0.657221 0.311849 0.657221 0.311849 0.656307 0.311198 0.655393 0.311849 0.654479 0.312500 0.653565 0.313151 0.653565 0.312500 0.652651 0.312500 0.651737 0.312500 0.650823 0.313151 0.649909 0.313151 0.648995 0.313802 0.648080 0.313151 0.647166 0.313151 0.646252 0.313151 0.645338 0.313802 0.644424 0.314453 0.643510 0.314453 0.642596 0.315104 0.641682 0.315104 0.640768 0.315104 0.639854 0.315104 0.638940 0.314453 0.638026 0.314453 0.637112 0.313802 0.637112 0.313151 0.637112 0.312500 0.636197 0.311849 0.637112 0.311198 0.637112 0.310547 0.637112 0.309896 0.637112 0.309245 0.638026 0.308594 0.638940 0.307943 0.638940 0.307292 0.638940 0.306641 0.638940 0.305990 0.638940 0.305339 0.638940 0.304688 0.638940 0.304036 0.638026 0.303385 0.637112 0.302734 0.636197 0.302734 0.635283 0.303385 0.634369 0.303385 0.633455 0.302734 0.632541 0.302734 0.631627 0.302083 0.630713 0.301432 0.629799 0.300781 0.628885 0.300130 0.628885 0.299479 0.627971 0.298828 0.627971 0.298177 0.627971 0.297526 0.627971 0.296875 0.627057 0.296224 0.627057 0.295573 0.627057 0.294922 0.627057 0.294271 0.627057 0.293620 0.627057
0 0.973307 0.599634 0.972656 0.600548 0.972005 0.601463 0.971354 0.601463 0.971354 0.602377 0.971354 0.603291 0.970703 0.604205 0.970052 0.605119 0.970703 0.606033 0.970052 0.606947 0.969401 0.607861 0.968750 0.608775 0.968099 0.609689 0.967448 0.608775 0.967448 0.609689 0.966797 0.610603 0.967448 0.611517 0.966797 0.612431 0.967448 0.613346 0.967448 0.614260 0.966797 0.615174 0.967448 0.616088 0.968099 0.617002 0.968099 0.617916 0.968750 0.618830 0.969401 0.619744 0.969401 0.620658 0.969401 0.621572 0.969401 0.622486 0.968750 0.623400 0.968750 0.624314 0.968750 0.625229 0.968099 0.626143 0.967448 0.627057 0.966797 0.627057 0.966146 0.627057 0.965495 0.627057 0.964844 0.626143 0.964193 0.625229 0.963542 0.624314 0.963542 0.623400 0.962891 0.623400 0.962240 0.622486 0.961589 0.621572 0.961589 0.620658 0.961589 0.619744 0.960938 0.618830 0.960938 0.617916 0.960938 0.617002 0.960938 0.616088 0.960938 0.615174 0.960286 0.614260 0.960286 0.613346 0.960286 0.612431 0.960286 0.611517 0.959635 0.610603 0.958984 0.609689 0.958333 0.609689 0.957682 0.608775 0.957031 0.608775 0.956380 0.609689 0.955729 0.609689 0.955078 0.610603 0.954427 0.610603 0.954427 0.611517 0.954427 0.612431 0.953776 0.613346 0.953125 0.614260 0.952474 0.613346 0.951823 0.614260 0.951172 0.614260 0.950521 0.613346 0.949870 0.613346 0.949219 0.612431 0.948568 0.611517 0.947917 0.610603 0.947917 0.609689 0.947266 0.609689 0.946615 0.609689 0.945964 0.609689 0.945312 0.608775 0.944661 0.607861 0.944661 0.606947 0.944010 0.606947 0.943359 0.606947 0.942708 0.607861 0.942057 0.607861 0.941406 0.607861 0.940755 0.607861 0.940104 0.608775 0.939453 0.609689 0.938802 0.610603 0.938151 0.611517 0.938151 0.612431 0.938151 0.613346 0.938151 0.614260 0.938151 0.615174 0.938802 0.616088 0.939453 0.617002 0.938802 0.617916 0.939453 0.617002 0.940104 0.617916 0.940755 0.618830 0.941406 0.618830 0.942057 0.618830 0.942708 0.619744 0.943359 0.620658 0.944010 0.620658 0.944661 0.621572 0.945312 0.620658 0.945964 0.620658 0.946615 0.621572 0.947266 0.621572 0.947917 0.621572 0.948568 0.621572 0.949219 0.621572 0.949870 0.622486 0.950521 0.622486 0.951172 0.622486 0.951823 0.622486 0.952474 0.623400 0.953125 0.624314 0.953125 0.625229 0.953125 0.626143 0.953776 0.627057 0.954427 0.627971 0.954427 0.628885 0.955078 0.628885 0.955729 0.629799 0.956380 0.629799 0.957031 0.629799 0.957682 0.630713 0.958333 0.630713 0.958984 0.629799 0.959635 0.629799 0.960286 0.629799 0.960938 0.628885 0.961589 0.628885 0.962240 0.629799 0.962891 0.629799 0.963542 0.629799 0.964193 0.628885 0.964844 0.628885 0.965495 0.628885 0.966146 0.629799 0.966797 0.630713 0.967448 0.631627 0.967448 0.632541 0.967448 0.633455 0.966797 0.634369 0.967448 0.635283 0.967448 0.636197 0.966797 0.637112 0.966146 0.638026 0.966797 0.638940 0.966797 0.639854 0.966797 0.640768 0.967448 0.641682 0.968099 0.642596 0.968750 0.641682 0.969401 0.642596 0.970052 0.641682 0.970703 0.641682 0.971354 0.642596 0.972005 0.642596 0.972656 0.642596 0.973307 0.643510 0.973958 0.643510 0.974609 0.644424 0.975260 0.644424 0.975911 0.645338 0.976562 0.646252 0.976562 0.647166 0.977214 0.648080 0.977214 0.648995 0.977214 0.649909 0.977865 0.650823 0.977214 0.651737 0.977865 0.652651 0.977865 0.653565 0.977865 0.654479 0.978516 0.655393 0.978516 0.656307 0.978516 0.657221 0.978516 0.658135 0.979167 0.659049 0.979818 0.659963 0.980469 0.659963 0.981120 0.660878 0.981771 0.661792 0.982422 0.662706 0.983073 0.663620 0.983073 0.664534 0.983724 0.665448 0.984375 0.666362 0.985026 0.667276 0.985677 0.667276 0.986328 0.668190 0.986979 0.669104 0.987630 0.670018 0.988281 0.670932 0.988281 0.671846 0.988932 0.672761 0.989583 0.673675 0.989583 0.674589 0.990234 0.674589 0.990885 0.675503 0.991536 0.676417 0.992188 0.677331 0.992839 0.678245 0.992839 0.679159 0.993490 0.680073 0.994141 0.680987 0.994792 0.681901 0.995443 0.682815 0.995443 0.683729 0.995443 0.684644 0.996094 0.685558 0.996094 0.686472 0.996094 0.687386 0.996745 0.688300 0.997396 0.689214 0.998047 0.689214 0.998698 0.689214 0.998698 0.688300 0.998698 0.687386 0.998698 0.686472 0.998698 0.685558 0.998698 0.684644 0.998698 0.683729 0.998698 0.682815 0.998698 0.681901 0.998698 0.680987 0.998698 0.680073 0.998698 0.679159 0.998698 0.678245 0.998698 0.677331 0.998698 0.676417 0.998698 0.675503 0.998698 0.674589 0.998698 0.673675 0.998047 0.673675 0.997396 0.672761 0.996745 0.673675 0.996094 0.672761 0.995443 0.671846 0.994792 0.670932 0.994141 0.670018 0.994141 0.669104 0.994141 0.668190 0.993490 0.667276 0.994141 0.666362 0.994141 0.665448 0.993490 0.664534 0.993490 0.663620 0.994141 0.662706 0.994141 0.661792 0.994141 0.660878 0.994141 0.659963 0.994141 0.659049 0.993490 0.658135 0.994141 0.657221 0.993490 0.656307 0.992839 0.655393 0.992188 0.654479 0.991536 0.654479 0.990885 0.653565 0.990234 0.652651 0.989583 0.651737 0.989583 0.650823 0.988932 0.649909 0.988932 0.648995 0.988932 0.648080 0.988932 0.647166 0.988281 0.646252 0.987630 0.645338 0.987630 0.644424 0.986979 0.643510 0.986328 0.642596 0.985677 0.642596 0.985026 0.641682 0.984375 0.642596 0.983724 0.641682 0.983073 0.641682 0.982422 0.641682 0.981771 0.640768 0.981120 0.639854 0.980469 0.638940 0.980469 0.638026 0.979818 0.637112 0.979818 0.636197 0.979818 0.635283 0.979818 0.634369 0.979818 0.633455 0.979167 0.632541 0.979167 0.631627 0.978516 0.630713 0.978516 0.629799 0.978516 0.628885 0.977865 0.627971 0.978516 0.627057 0.979167 0.626143 0.978516 0.625229 0.978516 0.624314 0.979167 0.623400 0.978516 0.622486 0.978516 0.621572 0.978516 0.620658 0.978516 0.619744 0.978516 0.618830 0.977865 0.617916 0.978516 0.617002 0.979167 0.616088 0.978516 0.615174 0.979167 0.614260 0.979167 0.613346 0.979167 0.612431 0.979818 0.611517 0.979818 0.610603 0.980469 0.609689 0.980469 0.608775 0.980469 0.607861 0.980469 0.606947 0.980469 0.606033 0.979818 0.605119 0.979818 0.604205 0.979818 0.603291 0.979167 0.602377 0.978516 0.601463 0.977865 0.601463 0.977214 0.601463 0.976562 0.600548 0.975911 0.600548 0.975260 0.599634 0.974609 0.599634 0.973958 0.599634
0 0.268229 0.597806 0.267578 0.598720 0.266927 0.598720 0.266276 0.599634 0.265625 0.600548 0.264974 0.600548 0.264974 0.601463 0.264323 0.602377 0.263672 0.603291 0.263021 0.604205 0.262370 0.604205 0.261719 0.605119 0.261068 0.605119 0.260417 0.606033 0.259766 0.606033 0.259115 0.606947 0.258464 0.606947 0.257812 0.606947 0.257161 0.607861 0.256510 0.608775 0.256510 0.609689 0.257161 0.610603 0.256510 0.611517 0.256510 0.612431 0.257161 0.613346 0.257161 0.614260 0.257812 0.615174 0.258464 0.616088 0.258464 0.617002 0.259115 0.617916 0.259766 0.617916 0.260417 0.618830 0.261068 0.618830 0.261719 0.619744 0.262370 0.620658 0.263021 0.621572 0.263672 0.621572 0.264323 0.622486 0.264974 0.623400 0.265625 0.622486 0.266276 0.623400 0.266927 0.623400 0.267578 0.623400 0.268229 0.624314 0.268880 0.624314 0.269531 0.625229 0.270182 0.624314 0.270833 0.625229 0.271484 0.626143 0.272135 0.625229 0.272786 0.626143 0.273438 0.626143 0.274089 0.626143 0.274740 0.627057 0.275391 0.627057 0.276042 0.627057 0.276693 0.627971 0.277344 0.627971 0.277995 0.627971 0.278646 0.627971 0.279297 0.627971 0.279948 0.627971 0.280599 0.628885 0.281250 0.628885 0.281901 0.628885 0.282552 0.628885 0.283203 0.628885 0.283854 0.627971 0.284505 0.627971 0.284505 0.627057 0.284505 0.626143 0.284505 0.625229 0.284505 0.624314 0.284505 0.623400 0.284505 0.622486 0.283854 0.622486 0.283203 0.622486 0.282552 0.621572 0.281901 0.620658 0.281250 0.619744 0.280599 0.618830 0.279948 0.617916 0.279948 0.617002 0.279297 0.616088 0.279297 0.615174 0.278646 0.614260 0.278646 0.613346 0.277995 0.612431 0.277995 0.611517 0.277344 0.610603 0.277344 0.609689 0.276693 0.608775 0.276042 0.607861 0.276042 0.606947 0.275391 0.606033 0.275391 0.605119 0.274740 0.604205 0.274089 0.603291 0.273438 0.602377 0.273438 0.601463 0.272786 0.600548 0.272135 0.599634 0.271484 0.599634 0.270833 0.599634 0.270182 0.598720 0.269531 0.598720 0.268880 0.598720
0 0.832682 0.592322 0.832031 0.593236 0.831380 0.593236 0.830729 0.594150 0.830729 0.595064 0.830078 0.595978 0.829427 0.596892 0.828776 0.597806 0.828776 0.598720 0.828776 0.599634 0.829427 0.600548 0.828776 0.601463 0.828776 0.602377 0.829427 0.603291 0.830078 0.604205 0.830729 0.605119 0.831380 0.606033 0.831380 0.606947 0.832031 0.606947 0.832682 0.607861 0.833333 0.608775 0.833984 0.608775 0.834635 0.609689 0.835286 0.609689 0.835938 0.610603 0.836589 0.609689 0.837240 0.610603 0.837891 0.609689 0.838542 0.610603 0.839193 0.611517 0.839844 0.611517 0.840495 0.610603 0.841146 0.611517 0.841797 0.612431 0.842448 0.612431 0.843099 0.613346 0.843750 0.613346 0.844401 0.614260 0.845052 0.615174 0.845703 0.616088 0.846354 0.616088 0.847005 0.616088 0.847656 0.616088 0.848307 0.616088 0.848958 0.616088 0.849609 0.616088 0.850260 0.616088 0.850911 0.615174 0.851562 0.616088 0.852214 0.615174 0.852865 0.615174 0.853516 0.615174 0.854167 0.615174 0.854818 0.615174 0.855469 0.614260 0.856120 0.614260 0.856771 0.614260 0.857422 0.614260 0.858073 0.615174 0.858724 0.614260 0.859375 0.614260 0.860026 0.614260 0.860677 0.614260 0.861328 0.614260 0.861979 0.613346 0.862630 0.614260 0.863281 0.613346 0.863932 0.613346 0.864583 0.613346 0.865234 0.613346 0.865885 0.612431 0.866536 0.612431 0.867188 0.611517 0.867839 0.612431 0.868490 0.611517 0.869141 0.610603 0.869792 0.609689 0.870443 0.609689 0.871094 0.608775 0.871745 0.607861 0.872396 0.607861 0.872396 0.606947 0.872396 0.606033 0.873047 0.605119 0.873698 0.604205 0.873698 0.603291 0.873698 0.602377 0.873047 0.601463 0.873698 0.600548 0.873698 0.599634 0.873047 0.598720 0.872396 0.597806 0.871745 0.597806 0.871094 0.597806 0.870443 0.596892 0.869792 0.596892 0.869141 0.596892 0.868490 0.595978 0.867839 0.596892 0.867188 0.595978 0.866536 0.595978 0.865885 0.596892 0.865234 0.595978 0.864583 0.595978 0.863932 0.596892 0.863281 0.595978 0.862630 0.596892 0.861979 0.597806 0.861328 0.597806 0.860677 0.597806 0.860026 0.598720 0.859375 0.598720 0.858724 0.599634 0.858073 0.600548 0.857422 0.600548 0.856771 0.601463 0.856120 0.601463 0.855469 0.601463 0.854818 0.601463 0.854167 0.602377 0.853516 0.602377 0.852865 0.603291 0.852214 0.603291 0.851562 0.604205 0.850911 0.604205 0.850260 0.605119 0.849609 0.605119 0.848958 0.606033 0.848307 0.606033 0.847656 0.606033 0.847005 0.606947 0.846354 0.606947 0.845703 0.606033 0.845052 0.606033 0.844401 0.605119 0.843750 0.604205 0.843750 0.603291 0.843750 0.602377 0.843099 0.601463 0.843099 0.600548 0.843099 0.599634 0.842448 0.598720 0.842448 0.597806 0.841797 0.596892 0.841146 0.595978 0.840495 0.595064 0.839844 0.594150 0.839193 0.594150 0.838542 0.593236 0.837891 0.593236 0.837240 0.592322 0.836589 0.592322 0.835938 0.592322 0.835286 0.592322 0.834635 0.593236 0.833984 0.593236 0.833333 0.593236
0 0.505208 0.550274 0.504557 0.551188 0.503906 0.552102 0.504557 0.553016 0.505208 0.553931 0.505208 0.554845 0.505859 0.555759 0.506510 0.556673 0.506510 0.557587 0.505859 0.558501 0.506510 0.558501 0.507161 0.559415 0.507812 0.560329 0.507161 0.561243 0.507812 0.562157 0.507812 0.563071 0.507812 0.563985 0.507812 0.564899 0.507812 0.565814 0.507812 0.566728 0.507812 0.567642 0.507812 0.568556 0.507812 0.569470 0.507812 0.570384 0.508464 0.571298 0.508464 0.572212 0.508464 0.573126 0.509115 0.574040 0.509115 0.574954 0.509115 0.575868 0.509115 0.576782 0.509766 0.577697 0.510417 0.578611 0.510417 0.579525 0.511068 0.580439 0.511719 0.581353 0.512370 0.582267 0.513021 0.583181 0.513672 0.584095 0.514323 0.584095 0.514974 0.584095 0.514323 0.583181 0.514323 0.582267 0.514974 0.581353 0.514974 0.580439 0.514323 0.579525 0.514323 0.578611 0.514323 0.577697 0.514323 0.576782 0.513672 0.575868 0.513672 0.574954 0.513672 0.574040 0.513021 0.573126 0.512370 0.572212 0.512370 0.571298 0.513021 0.570384 0.513672 0.569470 0.514323 0.569470 0.514323 0.568556 0.514974 0.567642 0.515625 0.566728 0.516276 0.566728 0.515625 0.565814 0.516276 0.564899 0.516276 0.563985 0.516927 0.563071 0.517578 0.562157 0.518229 0.562157 0.518229 0.561243 0.518880 0.560329 0.519531 0.559415 0.519531 0.558501 0.520182 0.557587 0.520833 0.556673 0.521484 0.555759 0.520833 0.554845 0.521484 0.553931 0.521484 0.553016 0.520833 0.552102 0.520182 0.551188 0.519531 0.551188 0.518880 0.552102 0.518229 0.551188 0.517578 0.551188 0.516927 0.552102 0.516276 0.552102 0.515625 0.552102 0.514974 0.553016 0.514323 0.553016 0.513672 0.553016 0.513021 0.553931 0.512370 0.553016 0.511719 0.553931 0.511068 0.553931 0.510417 0.554845 0.509766 0.554845 0.509115 0.553931 0.508464 0.553931 0.507812 0.553016 0.507161 0.552102 0.506510 0.552102 0.505859 0.551188
0 0.627604 0.548446 0.626953 0.549360 0.626302 0.550274 0.625651 0.549360 0.625000 0.550274 0.624349 0.551188 0.623698 0.551188 0.623698 0.552102 0.623047 0.553016 0.622396 0.553931 0.621745 0.553016 0.621745 0.553931 0.621094 0.554845 0.620443 0.555759 0.619792 0.556673 0.619141 0.557587 0.619141 0.558501 0.618490 0.559415 0.618490 0.560329 0.617839 0.561243 0.617188 0.562157 0.617188 0.563071 0.616536 0.563985 0.616536 0.564899 0.616536 0.565814 0.615885 0.566728 0.615234 0.567642 0.614583 0.567642 0.613932 0.566728 0.613281 0.565814 0.612630 0.564899 0.612630 0.563985 0.611979 0.563071 0.611979 0.562157 0.611328 0.562157 0.610677 0.562157 0.610026 0.563071 0.609375 0.563985 0.608724 0.564899 0.608724 0.565814 0.608724 0.566728 0.608724 0.567642 0.608073 0.568556 0.608724 0.569470 0.608724 0.570384 0.608724 0.571298 0.609375 0.572212 0.609375 0.573126 0.608724 0.574040 0.609375 0.574954 0.609375 0.575868 0.609375 0.576782 0.610026 0.577697 0.609375 0.578611 0.608724 0.579525 0.609375 0.580439 0.609375 0.581353 0.608724 0.582267 0.608724 0.583181 0.609375 0.584095 0.608724 0.585009 0.608724 0.585923 0.608073 0.586837 0.608073 0.587751 0.607422 0.588665 0.607422 0.589580 0.606771 0.590494 0.606120 0.591408 0.606771 0.592322 0.606120 0.593236 0.605469 0.594150 0.604818 0.595064 0.604167 0.595978 0.603516 0.595978 0.602865 0.595978 0.602214 0.596892 0.601562 0.597806 0.600911 0.598720 0.600260 0.598720 0.599609 0.597806 0.598958 0.598720 0.598307 0.598720 0.597656 0.599634 0.597005 0.600548 0.596354 0.600548 0.595703 0.599634 0.596354 0.600548 0.595703 0.601463 0.596354 0.602377 0.597005 0.602377 0.597656 0.602377 0.598307 0.603291 0.598958 0.603291 0.599609 0.602377 0.600260 0.603291 0.600911 0.603291 0.601562 0.603291 0.602214 0.604205 0.602865 0.605119 0.602214 0.606033 0.601562 0.606947 0.600911 0.607861 0.600260 0.607861 0.599609 0.608775 0.598958 0.609689 0.598307 0.609689 0.597656 0.609689 0.597005 0.609689 0.596354 0.610603 0.595703 0.610603 0.595052 0.611517 0.594401 0.611517 0.593750 0.611517 0.593099 0.612431 0.592448 0.612431 0.591797 0.613346 0.591146 0.614260 0.590495 0.614260 0.589844 0.615174 0.589193 0.616088 0.588542 0.617002 0.587891 0.617916 0.587240 0.618830 0.587240 0.619744 0.586589 0.620658 0.585938 0.621572 0.585286 0.622486 0.584635 0.622486 0.583984 0.623400 0.583333 0.623400 0.582682 0.623400 0.582031 0.624314 0.581380 0.623400 0.580729 0.623400 0.580078 0.624314 0.579427 0.624314 0.578776 0.625229 0.578125 0.624314 0.577474 0.625229 0.576823 0.626143 0.576172 0.626143 0.575521 0.626143 0.574870 0.626143 0.574219 0.627057 0.573568 0.626143 0.572917 0.627057 0.572266 0.626143 0.571615 0.627057 0.570964 0.627057 0.570312 0.627057 0.569661 0.626143 0.569010 0.625229 0.569010 0.624314 0.569010 0.623400 0.569010 0.622486 0.569661 0.621572 0.570312 0.620658 0.570312 0.619744 0.570964 0.618830 0.570964 0.617916 0.571615 0.617002 0.571615 0.616088 0.570964 0.615174 0.571615 0.614260 0.571615 0.613346 0.571615 0.612431 0.572266 0.611517 0.572917 0.610603 0.573568 0.609689 0.574219 0.608775 0.574870 0.607861 0.575521 0.606947 0.576172 0.606033 0.576823 0.606033 0.577474 0.605119 0.577474 0.604205 0.577474 0.603291 0.578125 0.602377 0.577474 0.601463 0.577474 0.600548 0.576823 0.599634 0.576172 0.598720 0.576172 0.597806 0.575521 0.596892 0.574870 0.595978 0.574219 0.595064 0.573568 0.595978 0.572917 0.595978 0.572917 0.596892 0.573568 0.597806 0.572917 0.598720 0.572266 0.599634 0.572266 0.600548 0.571615 0.601463 0.570964 0.602377 0.570312 0.603291 0.569661 0.602377 0.569010 0.603291 0.568359 0.604205 0.567708 0.605119 0.567708 0.606033 0.567708 0.606947 0.567708 0.607861 0.567057 0.608775 0.567057 0.609689 0.566406 0.610603 0.567057 0.611517 0.566406 0.612431 0.566406 0.613346 0.566406 0.614260 0.565755 0.615174 0.566406 0.616088 0.565755 0.617002 0.565755 0.617916 0.565755 0.618830 0.565755 0.619744 0.565755 0.620658 0.565755 0.621572 0.565104 0.622486 0.565104 0.623400 0.564453 0.624314 0.563802 0.625229 0.563151 0.626143 0.562500 0.626143 0.561849 0.625229 0.561198 0.624314 0.561198 0.623400 0.560547 0.622486 0.560547 0.621572 0.560547 0.620658 0.559896 0.620658 0.559245 0.620658 0.558594 0.619744 0.557943 0.620658 0.557292 0.621572 0.556641 0.620658 0.555990 0.621572 0.555339 0.622486 0.554688 0.622486 0.555339 0.623400 0.554688 0.624314 0.554036 0.625229 0.554688 0.626143 0.554688 0.627057 0.554688 0.627971 0.554688 0.628885 0.555339 0.629799 0.555339 0.630713 0.555990 0.630713 0.556641 0.631627 0.557292 0.632541 0.557943 0.633455 0.558594 0.633455 0.559245 0.634369 0.559245 0.633455 0.559896 0.632541 0.560547 0.631627 0.561198 0.630713 0.561849 0.631627 0.562500 0.632541 0.563151 0.633455 0.563151 0.634369 0.563802 0.634369 0.564453 0.634369 0.565104 0.634369 0.565755 0.634369 0.566406 0.633455 0.567057 0.634369 0.567708 0.633455 0.568359 0.634369 0.569010 0.633455 0.569661 0.633455 0.570312 0.632541 0.570964 0.632541 0.571615 0.632541 0.572266 0.633455 0.572917 0.632541 0.573568 0.633455 0.574219 0.634369 0.574870 0.634369 0.575521 0.635283 0.576172 0.636197 0.576823 0.637112 0.576823 0.638026 0.576823 0.638940 0.576823 0.639854 0.576172 0.640768 0.576823 0.641682 0.576823 0.642596 0.576172 0.643510 0.575521 0.644424 0.576172 0.645338 0.575521 0.646252 0.574870 0.647166 0.574870 0.648080 0.574219 0.648995 0.574219 0.649909 0.573568 0.650823 0.573568 0.651737 0.572917 0.652651 0.573568 0.653565 0.572917 0.654479 0.572917 0.655393 0.572917 0.656307 0.572917 0.657221 0.572917 0.658135 0.572917 0.659049 0.573568 0.659049 0.574219 0.659963 0.574870 0.659963 0.575521 0.659963 0.576172 0.659963 0.576823 0.660878 0.577474 0.660878 0.578125 0.659963 0.578776 0.659963 0.579427 0.659963 0.580078 0.659963 0.580729 0.659963 0.581380 0.659963 0.582031 0.659963 0.582682 0.660878 0.583333 0.659963 0.583984 0.659963 0.584635 0.660878 0.585286 0.660878 0.585938 0.661792 0.586589 0.661792 0.587240 0.660878 0.587891 0.661792 0.588542 0.660878 0.589193 0.661792 0.589844 0.660878 0.590495 0.660878 0.591146 0.659963 0.591797 0.660878 0.592448 0.659963 0.593099 0.659049 0.593750 0.659049 0.594401 0.658135 0.595052 0.658135 0.595703 0.658135 0.595703 0.657221 0.596354 0.656307 0.597005 0.655393 0.597005 0.654479 0.597656 0.653565 0.597005 0.652651 0.597656 0.651737 0.597005 0.650823 0.597005 0.649909 0.597005 0.648995 0.597005 0.648080 0.597005 0.647166 0.596354 0.647166 0.595703 0.647166 0.595052 0.646252 0.594401 0.646252 0.593750 0.645338 0.593099 0.645338 0.592448 0.644424 0.591797 0.645338 0.591146 0.644424 0.590495 0.644424 0.589844 0.645338 0.589193 0.646252 0.588542 0.647166 0.587891 0.648080 0.587240 0.648080 0.586589 0.648080 0.585938 0.648995 0.585286 0.648995 0.584635 0.649909 0.583984 0.649909 0.583333 0.649909 0.582682 0.650823 0.582031 0.651737 0.581380 0.651737 0.580729 0.651737 0.580078 0.651737 0.579427 0.652651 0.578776 0.651737 0.578125 0.650823 0.578125 0.649909 0.577474 0.648995 0.576823 0.648080 0.576823 0.647166 0.576823 0.646252 0.577474 0.645338 0.576823 0.644424 0.577474 0.643510 0.578125 0.642596 0.578776 0.641682 0.578125 0.640768 0.578776 0.639854 0.579427 0.638940 0.580078 0.638940 0.579427 0.638026 0.579427 0.637112 0.579427 0.636197 0.580078 0.635283 0.580078 0.634369 0.580729 0.633455 0.580729 0.632541 0.580729 0.631627 0.581380 0.630713 0.582031 0.629799 0.582682 0.628885 0.583333 0.627971 0.583984 0.627971 0.584635 0.627057 0.585286 0.627057 0.585938 0.627971 0.586589 0.627057 0.587240 0.627057 0.587891 0.627057 0.588542 0.626143 0.589193 0.626143 0.589844 0.626143 0.590495 0.625229 0.590495 0.624314 0.591146 0.623400 0.591797 0.622486 0.592448 0.622486 0.593099 0.621572 0.593750 0.620658 0.594401 0.619744 0.595052 0.618830 0.595703 0.618830 0.596354 0.617916 0.597005 0.617916 0.597656 0.617916 0.598307 0.617916 0.598958 0.617916 0.599609 0.617916 0.600260 0.617002 0.600911 0.617916 0.601562 0.617002 0.602214 0.617916 0.602865 0.617916 0.603516 0.617916 0.604167 0.617002 0.604818 0.617002 0.605469 0.617916 0.606120 0.617002 0.606771 0.617916 0.607422 0.617002 0.608073 0.616088 0.608724 0.616088 0.608073 0.615174 0.608724 0.614260 0.609375 0.613346 0.609375 0.612431 0.609375 0.611517 0.610026 0.610603 0.610677 0.609689 0.611328 0.608775 0.611979 0.607861 0.612630 0.607861 0.613281 0.606947 0.613932 0.607861 0.614583 0.607861 0.615234 0.607861 0.615885 0.608775 0.616536 0.609689 0.617188 0.608775 0.617839 0.609689 0.618490 0.609689 0.619141 0.609689 0.619792 0.609689 0.620443 0.609689 0.621094 0.609689 0.621745 0.608775 0.622396 0.607861 0.623047 0.607861 0.623698 0.606947 0.624349 0.606033 0.625000 0.606033 0.625000 0.605119 0.625651 0.604205 0.625000 0.603291 0.625000 0.602377 0.625651 0.601463 0.625000 0.600548 0.625000 0.599634 0.625651 0.598720 0.625000 0.597806 0.625000 0.596892 0.624349 0.595978 0.623698 0.595064 0.623047 0.595064 0.622396 0.594150 0.621745 0.593236 0.621094 0.593236 0.620443 0.592322 0.619792 0.591408 0.619141 0.590494 0.619141 0.589580 0.618490 0.588665 0.618490 0.587751 0.618490 0.586837 0.618490 0.585923 0.617839 0.585009 0.617188 0.584095 0.617188 0.583181 0.617188 0.582267 0.617839 0.581353 0.617839 0.580439 0.618490 0.579525 0.619141 0.578611 0.619141 0.577697 0.619792 0.576782 0.620443 0.575868 0.621094 0.575868 0.621745 0.575868 0.622396 0.574954 0.623047 0.574040 0.623698 0.573126 0.624349 0.572212 0.625000 0.571298 0.625651 0.570384 0.626302 0.570384 0.626302 0.569470 0.626302 0.568556 0.626953 0.567642 0.626302 0.566728 0.626953 0.565814 0.626953 0.564899 0.627604 0.563985 0.627604 0.563071 0.628255 0.562157 0.628906 0.561243 0.629557 0.560329 0.629557 0.559415 0.630208 0.558501 0.630208 0.557587 0.630859 0.556673 0.630859 0.555759 0.631510 0.554845 0.631510 0.553931 0.630859 0.553016 0.630859 0.552102 0.630859 0.551188 0.630859 0.550274 0.630208 0.550274 0.629557 0.549360 0.628906 0.549360 0.628255 0.548446
0 0.952474 0.524680 0.951823 0.525594 0.951172 0.526508 0.951172 0.527422 0.951172 0.528336 0.950521 0.529250 0.951172 0.530165 0.950521 0.531079 0.951172 0.531993 0.951172 0.532907 0.951172 0.533821 0.951823 0.534735 0.951823 0.535649 0.951172 0.536563 0.950521 0.537477 0.949870 0.538391 0.949219 0.537477 0.948568 0.537477 0.947917 0.536563 0.947266 0.535649 0.946615 0.535649 0.945964 0.535649 0.945312 0.534735 0.944661 0.535649 0.944010 0.534735 0.943359 0.534735 0.942708 0.533821 0.942057 0.534735 0.941406 0.534735 0.940755 0.534735 0.940104 0.534735 0.939453 0.534735 0.938802 0.535649 0.938151 0.536563 0.938151 0.537477 0.938802 0.538391 0.938151 0.539305 0.937500 0.540219 0.937500 0.541133 0.938151 0.542048 0.938151 0.542962 0.937500 0.543876 0.938151 0.542962 0.938802 0.543876 0.939453 0.544790 0.940104 0.544790 0.940755 0.545704 0.941406 0.546618 0.941406 0.547532 0.942057 0.548446 0.942708 0.548446 0.943359 0.547532 0.944010 0.548446 0.944661 0.548446 0.945312 0.547532 0.945964 0.546618 0.946615 0.546618 0.947266 0.546618 0.947917 0.545704 0.948568 0.545704 0.949219 0.544790 0.949870 0.543876 0.950521 0.542962 0.950521 0.542048 0.951172 0.541133 0.951823 0.540219 0.952474 0.541133 0.953125 0.540219 0.953776 0.539305 0.954427 0.540219 0.955078 0.540219 0.955729 0.540219 0.956380 0.539305 0.957031 0.540219 0.957682 0.540219 0.958333 0.539305 0.958984 0.539305 0.958984 0.538391 0.959635 0.537477 0.959635 0.536563 0.959635 0.535649 0.958984 0.534735 0.959635 0.533821 0.959635 0.532907 0.959635 0.531993 0.959635 0.531079 0.959635 0.530165 0.959635 0.529250 0.958984 0.528336 0.959635 0.527422 0.958984 0.527422 0.958333 0.526508 0.957682 0.525594 0.957031 0.526508 0.956380 0.525594 0.955729 0.525594 0.955078 0.525594 0.954427 0.524680 0.953776 0.524680 0.953125 0.524680
0 0.024740 0.519196 0.024089 0.520110 0.023438 0.521024 0.022786 0.521938 0.022135 0.522852 0.021484 0.521938 0.020833 0.522852 0.020182 0.523766 0.019531 0.524680 0.018880 0.525594 0.018229 0.526508 0.017578 0.526508 0.016927 0.527422 0.016276 0.528336 0.015625 0.529250 0.014974 0.529250 0.014323 0.529250 0.013672 0.528336 0.013021 0.528336 0.012370 0.528336 0.011719 0.527422 0.011068 0.528336 0.010417 0.527422 0.009766 0.527422 0.009115 0.527422 0.008464 0.527422 0.007812 0.528336 0.007161 0.528336 0.006510 0.528336 0.005859 0.528336 0.005208 0.528336 0.004557 0.528336 0.003906 0.528336 0.003255 0.528336 0.002604 0.528336 0.001953 0.528336 0.001302 0.529250 0.000651 0.530165 0.000651 0.531079 0.001302 0.531993 0.001953 0.532907 0.001302 0.533821 0.001953 0.534735 0.002604 0.535649 0.003255 0.535649 0.003906 0.535649 0.004557 0.536563 0.005208 0.536563 0.005859 0.537477 0.006510 0.537477 0.007161 0.538391 0.007812 0.539305 0.008464 0.539305 0.009115 0.539305 0.009766 0.539305 0.010417 0.539305 0.011068 0.539305 0.011719 0.539305 0.012370 0.539305 0.013021 0.539305 0.013672 0.539305 0.014323 0.538391 0.014974 0.538391 0.015625 0.538391 0.016276 0.538391 0.016927 0.538391 0.017578 0.539305 0.018229 0.539305 0.018880 0.539305 0.019531 0.539305 0.020182 0.539305 0.020833 0.540219 0.021484 0.540219 0.022135 0.540219 0.022786 0.540219 0.023438 0.541133 0.024089 0.540219 0.024740 0.540219 0.025391 0.541133 0.026042 0.540219 0.026693 0.540219 0.027344 0.539305 0.027995 0.538391 0.028646 0.538391 0.029297 0.538391 0.029297 0.537477 0.029297 0.536563 0.029948 0.535649 0.030599 0.534735 0.031250 0.533821 0.031250 0.532907 0.031901 0.531993 0.032552 0.531079 0.033203 0.530165 0.032552 0.529250 0.032552 0.528336 0.033203 0.527422 0.032552 0.526508 0.032552 0.525594 0.032552 0.524680 0.031901 0.523766 0.032552 0.522852 0.031901 0.522852 0.031250 0.521938 0.030599 0.521938 0.029948 0.521024 0.029297 0.520110 0.028646 0.520110 0.027995 0.519196 0.027344 0.519196 0.026693 0.520110 0.026042 0.519196 0.025391 0.519196
0 0.177734 0.516453 0.177083 0.517367 0.176432 0.517367 0.175781 0.517367 0.175130 0.517367 0.174479 0.517367 0.173828 0.517367 0.173177 0.517367 0.172526 0.518282 0.171875 0.518282 0.171224 0.519196 0.170573 0.520110 0.169922 0.520110 0.169271 0.521024 0.168620 0.521938 0.167969 0.522852 0.167318 0.522852 0.166667 0.522852 0.166667 0.523766 0.166667 0.524680 0.166016 0.525594 0.166016 0.526508 0.166016 0.527422 0.165365 0.528336 0.166016 0.529250 0.166667 0.530165 0.166016 0.531079 0.166016 0.531993 0.166667 0.532907 0.167318 0.533821 0.166667 0.534735 0.167318 0.534735 0.167969 0.535649 0.168620 0.536563 0.169271 0.536563 0.169922 0.536563 0.170573 0.536563 0.171224 0.537477 0.171875 0.537477 0.172526 0.537477 0.173177 0.537477 0.173828 0.537477 0.174479 0.537477 0.175130 0.537477 0.175781 0.537477 0.176432 0.536563 0.177083 0.536563 0.177734 0.536563 0.178385 0.535649 0.179036 0.534735 0.179688 0.533821 0.180339 0.532907 0.180990 0.531993 0.181641 0.531079 0.182292 0.531079 0.182292 0.530165 0.182292 0.529250 0.182292 0.528336 0.182292 0.527422 0.182943 0.526508 0.182943 0.525594 0.182943 0.524680 0.183594 0.523766 0.182943 0.522852 0.182943 0.521938 0.182292 0.521024 0.182292 0.520110 0.182292 0.519196 0.181641 0.519196 0.180990 0.518282 0.180339 0.517367 0.179688 0.517367 0.179036 0.517367 0.178385 0.517367
0 0.757812 0.507313 0.757161 0.508227 0.756510 0.509141 0.755859 0.508227 0.755859 0.509141 0.755208 0.510055 0.755208 0.510969 0.755208 0.511883 0.754557 0.512797 0.755208 0.513711 0.755859 0.514625 0.756510 0.515539 0.757161 0.516453 0.757812 0.517367 0.757812 0.518282 0.758464 0.517367 0.759115 0.518282 0.759766 0.519196 0.759766 0.520110 0.760417 0.520110 0.761068 0.520110 0.761719 0.520110 0.762370 0.521024 0.763021 0.521024 0.763672 0.521024 0.764323 0.521024 0.764974 0.521938 0.765625 0.521938 0.766276 0.521938 0.766927 0.522852 0.767578 0.521938 0.768229 0.521938 0.768880 0.522852 0.769531 0.523766 0.770182 0.523766 0.770833 0.523766 0.771484 0.523766 0.772135 0.523766 0.772786 0.523766 0.773438 0.523766 0.774089 0.523766 0.774740 0.523766 0.775391 0.524680 0.776042 0.524680 0.776693 0.524680 0.777344 0.524680 0.777995 0.524680 0.778646 0.525594 0.779297 0.524680 0.779948 0.524680 0.780599 0.524680 0.781250 0.524680 0.781250 0.523766 0.781901 0.522852 0.782552 0.521938 0.783203 0.522852 0.783203 0.521938 0.783203 0.521024 0.783203 0.520110 0.782552 0.519196 0.783203 0.518282 0.783203 0.517367 0.783854 0.516453 0.783203 0.515539 0.783203 0.514625 0.783203 0.513711 0.782552 0.512797 0.783203 0.511883 0.782552 0.510969 0.781901 0.510055 0.781250 0.510055 0.780599 0.509141 0.779948 0.508227 0.779297 0.509141 0.778646 0.509141 0.777995 0.508227 0.777344 0.508227 0.776693 0.508227 0.776042 0.509141 0.775391 0.509141 0.774740 0.508227 0.774089 0.509141 0.773438 0.509141 0.772786 0.509141 0.772135 0.509141 0.771484 0.509141 0.770833 0.510055 0.770182 0.510969 0.769531 0.511883 0.768880 0.512797 0.768229 0.512797 0.767578 0.512797 0.766927 0.512797 0.766276 0.511883 0.765625 0.510969 0.764974 0.510055 0.764323 0.510055 0.763672 0.509141 0.763021 0.508227 0.762370 0.508227 0.761719 0.508227 0.761068 0.507313 0.760417 0.507313 0.759766 0.507313 0.759115 0.507313 0.758464 0.507313
0 0.483724 0.499086 0.483073 0.500000 0.482422 0.500000 0.482422 0.500914 0.481771 0.501828 0.481771 0.502742 0.481771 0.503656 0.481771 0.504570 0.481771 0.505484 0.482422 0.505484 0.483073 0.506399 0.483724 0.507313 0.484375 0.508227 0.485026 0.509141 0.485677 0.510055 0.486328 0.510969 0.486979 0.511883 0.487630 0.511883 0.488281 0.512797 0.488932 0.513711 0.489583 0.514625 0.490234 0.515539 0.490234 0.516453 0.490234 0.517367 0.490885 0.518282 0.490885 0.519196 0.490234 0.520110 0.490234 0.521024 0.490885 0.521938 0.491536 0.522852 0.492188 0.522852 0.492839 0.522852 0.493490 0.522852 0.494141 0.523766 0.494792 0.523766 0.495443 0.523766 0.496094 0.524680 0.496745 0.525594 0.496745 0.526508 0.497396 0.527422 0.497396 0.528336 0.498047 0.529250 0.498047 0.530165 0.498047 0.531079 0.497396 0.531993 0.496745 0.532907 0.496094 0.533821 0.495443 0.533821 0.494792 0.533821 0.494141 0.533821 0.493490 0.533821 0.493490 0.534735 0.493490 0.535649 0.492839 0.536563 0.492188 0.537477 0.491536 0.538391 0.490885 0.539305 0.490234 0.540219 0.489583 0.539305 0.488932 0.538391 0.488281 0.538391 0.487630 0.538391 0.486979 0.537477 0.486328 0.536563 0.485677 0.535649 0.485026 0.534735 0.484375 0.533821 0.483724 0.532907 0.483073 0.531993 0.482422 0.531079 0.482422 0.530165 0.481771 0.530165 0.481120 0.529250 0.480469 0.528336 0.479818 0.527422 0.479167 0.527422 0.478516 0.526508 0.477865 0.527422 0.477214 0.527422 0.476562 0.528336 0.475911 0.528336 0.476562 0.529250 0.475911 0.530165 0.475260 0.531079 0.474609 0.531079 0.475260 0.531993 0.474609 0.532907 0.474609 0.533821 0.473958 0.534735 0.473958 0.535649 0.474609 0.536563 0.473958 0.537477 0.473958 0.538391 0.473958 0.539305 0.473958 0.540219 0.473958 0.541133 0.473958 0.542048 0.474609 0.542962 0.474609 0.543876 0.475260 0.544790 0.475911 0.544790 0.476562 0.545704 0.477214 0.546618 0.477865 0.546618 0.478516 0.546618 0.479167 0.547532 0.479818 0.546618 0.480469 0.546618 0.481120 0.546618 0.481771 0.546618 0.482422 0.546618 0.483073 0.546618 0.483724 0.546618 0.484375 0.547532 0.485026 0.548446 0.485677 0.547532 0.486328 0.548446 0.486979 0.548446 0.487630 0.549360 0.488281 0.549360 0.488932 0.550274 0.489583 0.551188 0.490234 0.552102 0.490885 0.553016 0.490885 0.553931 0.490234 0.554845 0.490885 0.555759 0.490885 0.556673 0.490885 0.557587 0.491536 0.558501 0.492188 0.559415 0.492839 0.560329 0.492839 0.561243 0.493490 0.562157 0.492839 0.563071 0.493490 0.563985 0.493490 0.564899 0.493490 0.565814 0.493490 0.566728 0.493490 0.567642 0.493490 0.568556 0.494141 0.569470 0.493490 0.570384 0.493490 0.571298 0.493490 0.572212 0.493490 0.573126 0.494141 0.574040 0.493490 0.574954 0.493490 0.575868 0.493490 0.576782 0.494141 0.577697 0.493490 0.578611 0.494141 0.579525 0.493490 0.580439 0.492839 0.581353 0.493490 0.582267 0.492839 0.583181 0.492839 0.584095 0.492839 0.585009 0.492188 0.585923 0.491536 0.586837 0.492188 0.587751 0.491536 0.588665 0.491536 0.589580 0.491536 0.590494 0.491536 0.591408 0.491536 0.592322 0.490885 0.593236 0.491536 0.594150 0.492188 0.595064 0.492188 0.595978 0.492839 0.596892 0.493490 0.597806 0.492839 0.598720 0.493490 0.599634 0.494141 0.600548 0.494792 0.601463 0.495443 0.601463 0.496094 0.601463 0.496745 0.602377 0.497396 0.603291 0.497396 0.604205 0.498047 0.604205 0.498698 0.603291 0.499349 0.604205 0.500000 0.604205 0.500651 0.605119 0.501302 0.605119 0.501953 0.605119 0.502604 0.605119 0.503255 0.605119 0.503906 0.605119 0.504557 0.606033 0.505208 0.605119 0.505859 0.604205 0.506510 0.605119 0.507161 0.606033 0.507812 0.605119 0.508464 0.605119 0.509115 0.604205 0.509766 0.604205 0.510417 0.604205 0.511068 0.603291 0.511719 0.604205 0.512370 0.604205 0.513021 0.604205 0.513672 0.605119 0.514323 0.605119 0.514974 0.606033 0.515625 0.605119 0.516276 0.605119 0.516927 0.606033 0.517578 0.606947 0.518229 0.607861 0.518229 0.608775 0.518880 0.608775 0.519531 0.609689 0.520182 0.610603 0.520833 0.610603 0.521484 0.611517 0.522135 0.612431 0.522786 0.613346 0.523438 0.614260 0.523438 0.615174 0.522786 0.616088 0.522135 0.617002 0.521484 0.617916 0.522135 0.618830 0.521484 0.619744 0.521484 0.620658 0.521484 0.621572 0.521484 0.622486 0.522135 0.623400 0.522135 0.624314 0.522135 0.625229 0.522786 0.626143 0.523438 0.627057 0.524089 0.627057 0.524740 0.627971 0.525391 0.627971 0.526042 0.628885 0.526693 0.629799 0.527344 0.630713 0.527995 0.631627 0.528646 0.632541 0.529297 0.633455 0.529948 0.634369 0.530599 0.635283 0.531250 0.635283 0.531901 0.636197 0.532552 0.635283 0.532552 0.634369 0.532552 0.633455 0.533203 0.632541 0.532552 0.631627 0.532552 0.630713 0.532552 0.629799 0.532552 0.628885 0.532552 0.627971 0.533203 0.627057 0.533203 0.626143 0.532552 0.625229 0.531901 0.624314 0.531250 0.623400 0.530599 0.622486 0.530599 0.621572 0.530599 0.620658 0.530599 0.619744 0.529948 0.618830 0.529297 0.617916 0.528646 0.617002 0.527995 0.616088 0.527344 0.615174 0.526693 0.614260 0.526042 0.613346 0.525391 0.612431 0.524740 0.611517 0.524089 0.610603 0.524089 0.609689 0.523438 0.608775 0.524089 0.607861 0.523438 0.607861 0.522786 0.606947 0.522135 0.606947 0.521484 0.606033 0.520833 0.605119 0.520182 0.604205 0.519531 0.603291 0.518880 0.602377 0.518880 0.601463 0.518229 0.600548 0.518229 0.599634 0.518229 0.598720 0.518229 0.597806 0.518229 0.596892 0.517578 0.595978 0.517578 0.595064 0.517578 0.594150 0.517578 0.593236 0.517578 0.592322 0.517578 0.591408 0.517578 0.590494 0.516927 0.589580 0.516276 0.588665 0.516276 0.587751 0.515625 0.586837 0.514974 0.585923 0.514323 0.585923 0.513672 0.585923 0.513021 0.585923 0.513021 0.586837 0.512370 0.587751 0.511719 0.588665 0.511068 0.589580 0.510417 0.589580 0.509766 0.589580 0.509115 0.589580 0.508464 0.589580 0.507812 0.589580 0.507161 0.588665 0.506510 0.587751 0.505859 0.587751 0.505208 0.586837 0.504557 0.585923 0.504557 0.585009 0.503906 0.585009 0.503255 0.584095 0.502604 0.583181 0.501953 0.583181 0.501302 0.583181 0.500651 0.583181 0.500000 0.582267 0.499349 0.582267 0.498698 0.582267 0.498047 0.581353 0.497396 0.580439 0.496745 0.579525 0.497396 0.578611 0.496745 0.577697 0.497396 0.576782 0.496745 0.575868 0.497396 0.574954 0.497396 0.574040 0.497396 0.573126 0.498047 0.572212 0.498047 0.571298 0.498047 0.570384 0.498698 0.569470 0.498698 0.568556 0.499349 0.567642 0.499349 0.566728 0.500000 0.565814 0.500651 0.564899 0.500651 0.563985 0.501302 0.563071 0.501302 0.562157 0.501302 0.561243 0.501302 0.560329 0.501302 0.559415 0.501302 0.558501 0.500651 0.557587 0.500000 0.556673 0.499349 0.555759 0.498698 0.554845 0.498698 0.553931 0.498047 0.553016 0.497396 0.552102 0.498047 0.551188 0.498047 0.550274 0.498698 0.549360 0.499349 0.548446 0.500000 0.547532 0.500651 0.547532 0.501302 0.548446 0.501302 0.547532 0.501953 0.546618 0.502604 0.545704 0.503255 0.544790 0.503906 0.543876 0.503906 0.542962 0.504557 0.542048 0.505208 0.541133 0.504557 0.540219 0.505208 0.539305 0.505208 0.538391 0.505859 0.537477 0.505859 0.536563 0.505208 0.535649 0.505859 0.534735 0.505859 0.533821 0.505859 0.532907 0.505859 0.531993 0.505859 0.531079 0.505208 0.530165 0.505208 0.529250 0.505859 0.528336 0.505208 0.527422 0.504557 0.526508 0.504557 0.525594 0.504557 0.524680 0.503906 0.524680 0.503255 0.523766 0.502604 0.522852 0.501953 0.522852 0.501302 0.522852 0.500651 0.521938 0.500000 0.521024 0.500000 0.520110 0.499349 0.519196 0.498698 0.518282 0.498047 0.517367 0.497396 0.516453 0.497396 0.515539 0.496745 0.515539 0.496094 0.514625 0.495443 0.513711 0.495443 0.512797 0.495443 0.511883 0.494792 0.510969 0.494141 0.510055 0.494141 0.509141 0.493490 0.508227 0.493490 0.507313 0.492839 0.507313 0.492188 0.506399 0.491536 0.506399 0.490885 0.505484 0.490234 0.504570 0.489583 0.504570 0.488932 0.503656 0.488281 0.503656 0.487630 0.502742 0.486979 0.501828 0.486328 0.500914 0.485677 0.500000 0.485026 0.500914 0.484375 0.500000
0 0.647135 0.490859 0.646484 0.491773 0.645833 0.492687 0.645182 0.492687 0.644531 0.492687 0.643880 0.493601 0.643229 0.493601 0.642578 0.494516 0.641927 0.494516 0.641276 0.494516 0.640625 0.495430 0.639974 0.495430 0.639323 0.496344 0.638672 0.496344 0.638021 0.496344 0.637370 0.497258 0.636719 0.497258 0.636068 0.498172 0.635417 0.498172 0.634766 0.499086 0.634115 0.500000 0.633464 0.500000 0.632812 0.500000 0.632812 0.500914 0.632812 0.501828 0.632161 0.502742 0.631510 0.503656 0.630859 0.503656 0.630208 0.504570 0.630208 0.505484 0.629557 0.506399 0.629557 0.507313 0.628906 0.508227 0.628255 0.509141 0.627604 0.510055 0.626953 0.510055 0.626302 0.510969 0.625651 0.511883 0.625000 0.511883 0.624349 0.511883 0.623698 0.512797 0.623047 0.513711 0.622396 0.513711 0.621745 0.514625 0.621094 0.515539 0.620443 0.515539 0.619792 0.516453 0.619792 0.517367 0.619141 0.518282 0.618490 0.519196 0.617839 0.520110 0.617188 0.521024 0.616536 0.521938 0.615885 0.522852 0.615234 0.522852 0.614583 0.521938 0.613932 0.521938 0.613281 0.521938 0.612630 0.521938 0.611979 0.521938 0.611328 0.521024 0.610677 0.521024 0.610026 0.521024 0.609375 0.520110 0.608724 0.521024 0.608073 0.521024 0.607422 0.520110 0.606771 0.519196 0.606120 0.519196 0.605469 0.518282 0.604818 0.518282 0.604167 0.517367 0.603516 0.517367 0.602865 0.517367 0.602214 0.517367 0.601562 0.517367 0.600911 0.518282 0.600260 0.517367 0.599609 0.518282 0.598958 0.517367 0.598307 0.518282 0.597656 0.519196 0.597005 0.519196 0.596354 0.520110 0.595703 0.521024 0.595052 0.521938 0.594401 0.522852 0.593750 0.523766 0.593099 0.524680 0.592448 0.525594 0.591797 0.525594 0.591146 0.525594 0.591146 0.526508 0.590495 0.527422 0.589844 0.528336 0.589193 0.529250 0.588542 0.530165 0.587891 0.531079 0.587240 0.530165 0.586589 0.531079 0.585938 0.531079 0.585938 0.531993 0.585286 0.532907 0.585286 0.533821 0.584635 0.534735 0.583984 0.535649 0.583333 0.535649 0.582682 0.536563 0.582031 0.537477 0.581380 0.537477 0.580729 0.537477 0.580078 0.538391 0.579427 0.538391 0.578776 0.539305 0.578125 0.540219 0.578125 0.541133 0.577474 0.542048 0.577474 0.542962 0.576823 0.543876 0.576172 0.544790 0.575521 0.545704 0.575521 0.546618 0.575521 0.547532 0.576172 0.548446 0.576823 0.549360 0.577474 0.550274 0.577474 0.551188 0.578125 0.552102 0.578776 0.553016 0.579427 0.553931 0.580078 0.553931 0.580729 0.553016 0.581380 0.552102 0.582031 0.552102 0.582682 0.552102 0.583333 0.551188 0.583984 0.551188 0.584635 0.550274 0.585286 0.550274 0.585938 0.549360 0.586589 0.548446 0.587240 0.547532 0.587891 0.546618 0.588542 0.546618 0.589193 0.545704 0.589844 0.544790 0.590495 0.545704 0.591146 0.544790 0.591797 0.544790 0.592448 0.545704 0.593099 0.545704 0.593750 0.545704 0.594401 0.546618 0.595052 0.547532 0.595703 0.548446 0.596354 0.549360 0.597005 0.549360 0.597656 0.550274 0.598307 0.550274 0.598958 0.551188 0.599609 0.551188 0.600260 0.551188 0.600911 0.551188 0.601562 0.551188 0.602214 0.552102 0.602865 0.552102 0.603516 0.552102 0.604167 0.551188 0.604818 0.551188 0.605469 0.551188 0.606120 0.550274 0.606771 0.549360 0.607422 0.548446 0.608073 0.548446 0.608073 0.547532 0.608073 0.546618 0.608073 0.545704 0.608724 0.544790 0.608073 0.543876 0.607422 0.542962 0.608073 0.542048 0.607422 0.542048 0.606771 0.541133 0.606120 0.540219 0.605469 0.540219 0.604818 0.540219 0.604167 0.540219 0.603516 0.540219 0.602865 0.539305 0.602214 0.539305 0.601562 0.539305 0.600911 0.539305 0.600260 0.538391 0.599609 0.537477 0.598958 0.536563 0.598307 0.535649 0.598958 0.534735 0.598958 0.533821 0.599609 0.532907 0.600260 0.531993 0.600911 0.531993 0.601562 0.531993 0.602214 0.531079 0.602865 0.531079 0.603516 0.531993 0.604167 0.531993 0.604818 0.532907 0.604818 0.531993 0.605469 0.531079 0.606120 0.530165 0.606771 0.529250 0.607422 0.529250 0.608073 0.528336 0.608724 0.528336 0.609375 0.528336 0.610026 0.528336 0.610677 0.527422 0.611328 0.528336 0.611979 0.528336 0.612630 0.528336 0.613281 0.529250 0.613932 0.530165 0.614583 0.530165 0.615234 0.531079 0.615885 0.531993 0.616536 0.532907 0.617188 0.533821 0.617839 0.532907 0.618490 0.533821 0.619141 0.533821 0.619792 0.534735 0.620443 0.535649 0.621094 0.536563 0.621745 0.536563 0.622396 0.536563 0.623047 0.536563 0.623698 0.536563 0.624349 0.536563 0.625000 0.536563 0.625651 0.536563 0.626302 0.536563 0.626953 0.535649 0.627604 0.534735 0.628255 0.534735 0.628255 0.533821 0.628255 0.532907 0.628906 0.531993 0.629557 0.531079 0.628906 0.530165 0.628906 0.529250 0.628906 0.528336 0.628255 0.527422 0.628255 0.526508 0.627604 0.525594 0.627604 0.524680 0.628255 0.523766 0.627604 0.522852 0.628255 0.521938 0.628906 0.521024 0.629557 0.521024 0.630208 0.520110 0.630859 0.519196 0.631510 0.519196 0.632161 0.519196 0.632812 0.518282 0.633464 0.518282 0.634115 0.517367 0.634766 0.517367 0.635417 0.516453 0.636068 0.516453 0.636719 0.517367 0.637370 0.517367 0.638021 0.516453 0.638672 0.517367 0.639323 0.517367 0.639974 0.517367 0.640625 0.518282 0.641276 0.517367 0.641927 0.517367 0.642578 0.517367 0.643229 0.518282 0.643880 0.517367 0.644531 0.518282 0.645182 0.517367 0.645833 0.516453 0.646484 0.516453 0.646484 0.515539 0.646484 0.514625 0.646484 0.513711 0.646484 0.512797 0.646484 0.511883 0.646484 0.510969 0.645833 0.510055 0.645833 0.509141 0.645182 0.509141 0.644531 0.509141 0.643880 0.508227 0.643229 0.507313 0.642578 0.506399 0.641927 0.505484 0.641927 0.504570 0.642578 0.503656 0.643229 0.502742 0.643880 0.501828 0.644531 0.501828 0.645182 0.502742 0.645833 0.501828 0.646484 0.501828 0.647135 0.501828 0.647786 0.501828 0.648438 0.500914 0.649089 0.500914 0.649740 0.500914 0.650391 0.500914 0.651042 0.500914 0.651693 0.500000 0.651693 0.499086 0.651693 0.498172 0.651693 0.497258 0.651693 0.496344 0.652344 0.495430 0.651693 0.494516 0.651693 0.493601 0.651042 0.493601 0.650391 0.492687 0.649740 0.492687 0.649089 0.491773 0.648438 0.491773 0.647786 0.491773
0 0.247396 0.481718 0.246745 0.482633 0.246094 0.483547 0.245443 0.483547 0.244792 0.484461 0.244141 0.485375 0.244792 0.486289 0.244141 0.487203 0.244792 0.488117 0.244792 0.489031 0.245443 0.489945 0.244792 0.490859 0.245443 0.491773 0.245443 0.492687 0.245443 0.493601 0.244792 0.494516 0.244792 0.495430 0.245443 0.496344 0.244792 0.497258 0.245443 0.498172 0.245443 0.499086 0.244792 0.500000 0.244792 0.500914 0.244141 0.501828 0.243490 0.502742 0.244141 0.503656 0.244792 0.504570 0.244792 0.505484 0.244792 0.506399 0.244792 0.507313 0.245443 0.508227 0.245443 0.509141 0.245443 0.510055 0.246094 0.510969 0.246745 0.511883 0.247396 0.512797 0.247396 0.513711 0.248047 0.514625 0.248698 0.515539 0.248047 0.516453 0.248698 0.517367 0.248698 0.518282 0.248698 0.519196 0.248698 0.520110 0.249349 0.521024 0.249349 0.521938 0.248698 0.522852 0.249349 0.523766 0.248698 0.524680 0.248698 0.525594 0.249349 0.526508 0.248698 0.527422 0.248047 0.528336 0.248047 0.529250 0.248698 0.530165 0.248047 0.531079 0.248047 0.531993 0.248047 0.532907 0.248698 0.533821 0.249349 0.534735 0.249349 0.535649 0.249349 0.536563 0.250000 0.537477 0.250651 0.538391 0.250651 0.539305 0.251302 0.540219 0.251953 0.540219 0.252604 0.541133 0.253255 0.542048 0.253906 0.542048 0.254557 0.542048 0.255208 0.542048 0.255859 0.542962 0.256510 0.542962 0.257161 0.542962 0.257812 0.542962 0.258464 0.543876 0.259115 0.543876 0.259766 0.543876 0.260417 0.543876 0.261068 0.543876 0.261719 0.543876 0.262370 0.543876 0.263021 0.543876 0.263672 0.542962 0.264323 0.543876 0.264974 0.544790 0.265625 0.543876 0.266276 0.544790 0.266927 0.545704 0.267578 0.546618 0.268229 0.547532 0.268880 0.547532 0.269531 0.547532 0.270182 0.548446 0.270833 0.548446 0.271484 0.549360 0.272135 0.548446 0.272786 0.549360 0.273438 0.549360 0.274089 0.549360 0.274740 0.550274 0.275391 0.549360 0.276042 0.550274 0.276693 0.549360 0.277344 0.548446 0.277995 0.549360 0.278646 0.548446 0.279297 0.547532 0.278646 0.546618 0.279297 0.545704 0.279948 0.544790 0.279948 0.543876 0.280599 0.542962 0.280599 0.542048 0.280599 0.541133 0.280599 0.540219 0.280599 0.539305 0.280599 0.538391 0.281250 0.537477 0.280599 0.536563 0.280599 0.535649 0.280599 0.534735 0.279948 0.534735 0.279297 0.534735 0.278646 0.533821 0.277995 0.532907 0.277344 0.531993 0.276693 0.531993 0.276042 0.531079 0.275391 0.530165 0.274740 0.530165 0.274089 0.529250 0.273438 0.528336 0.272786 0.527422 0.272786 0.526508 0.272135 0.526508 0.271484 0.525594 0.270833 0.524680 0.270182 0.524680 0.269531 0.523766 0.268880 0.524680 0.268229 0.524680 0.267578 0.525594 0.266927 0.525594 0.266276 0.526508 0.265625 0.527422 0.264974 0.528336 0.264323 0.528336 0.263672 0.528336 0.263021 0.528336 0.262370 0.527422 0.261719 0.526508 0.261068 0.525594 0.260417 0.525594 0.259766 0.524680 0.259115 0.523766 0.258464 0.522852 0.257812 0.523766 0.257161 0.522852 0.256510 0.521938 0.255859 0.521938 0.255208 0.521938 0.254557 0.521938 0.253906 0.521024 0.253255 0.520110 0.252604 0.519196 0.251953 0.518282 0.252604 0.517367 0.252604 0.516453 0.252604 0.515539 0.252604 0.514625 0.253255 0.513711 0.252604 0.512797 0.253255 0.511883 0.252604 0.510969 0.252604 0.510055 0.251953 0.509141 0.251953 0.508227 0.252604 0.507313 0.252604 0.506399 0.252604 0.505484 0.253255 0.504570 0.253255 0.503656 0.252604 0.502742 0.252604 0.501828 0.252604 0.500914 0.252604 0.500000 0.252604 0.499086 0.252604 0.498172 0.252604 0.497258 0.252604 0.496344 0.253255 0.495430 0.253255 0.494516 0.253255 0.493601 0.253906 0.492687 0.253255 0.491773 0.253255 0.490859 0.253255 0.489945 0.252604 0.489031 0.251953 0.488117 0.252604 0.487203 0.251953 0.486289 0.251953 0.485375 0.251302 0.484461 0.250651 0.483547 0.250651 0.482633 0.250000 0.482633 0.249349 0.482633 0.248698 0.482633 0.248047 0.482633
0 0.293620 0.444241 0.292969 0.445155 0.292318 0.445155 0.291667 0.446069 0.291016 0.446984 0.290365 0.447898 0.289714 0.448812 0.289062 0.448812 0.288411 0.449726 0.287760 0.449726 0.287109 0.450640 0.286458 0.449726 0.285807 0.448812 0.285156 0.448812 0.284505 0.448812 0.283854 0.448812 0.283203 0.448812 0.282552 0.448812 0.281901 0.448812 0.281250 0.448812 0.280599 0.448812 0.279948 0.448812 0.279297 0.449726 0.278646 0.448812 0.277995 0.449726 0.277344 0.449726 0.276693 0.449726 0.276042 0.449726 0.275391 0.450640 0.274740 0.450640 0.274089 0.451554 0.273438 0.452468 0.272786 0.453382 0.272135 0.453382 0.271484 0.454296 0.270833 0.454296 0.270182 0.455210 0.269531 0.456124 0.268880 0.456124 0.268229 0.456124 0.267578 0.455210 0.266927 0.456124 0.266276 0.456124 0.265625 0.456124 0.264974 0.455210 0.264323 0.455210 0.263672 0.454296 0.263021 0.455210 0.262370 0.454296 0.261719 0.455210 0.261068 0.456124 0.260417 0.456124 0.259766 0.456124 0.259115 0.456124 0.258464 0.457038 0.257812 0.456124 0.257161 0.457038 0.257161 0.457952 0.257161 0.458867 0.256510 0.459781 0.256510 0.460695 0.257161 0.460695 0.257812 0.461609 0.258464 0.461609 0.259115 0.462523 0.259766 0.463437 0.260417 0.462523 0.261068 0.462523 0.261719 0.462523 0.262370 0.463437 0.263021 0.463437 0.263672 0.462523 0.264323 0.462523 0.264974 0.462523 0.265625 0.461609 0.266276 0.461609 0.266927 0.461609 0.267578 0.460695 0.268229 0.460695 0.268880 0.459781 0.269531 0.460695 0.270182 0.461609 0.270833 0.461609 0.271484 0.462523 0.272135 0.462523 0.272786 0.463437 0.273438 0.463437 0.274089 0.463437 0.274740 0.463437 0.275391 0.463437 0.276042 0.463437 0.276693 0.462523 0.277344 0.462523 0.277995 0.463437 0.278646 0.462523 0.279297 0.462523 0.279948 0.462523 0.280599 0.461609 0.281250 0.460695 0.281901 0.459781 0.282552 0.460695 0.282552 0.459781 0.283203 0.458867 0.283854 0.457952 0.284505 0.457952 0.285156 0.457952 0.285807 0.457038 0.286458 0.456124 0.287109 0.456124 0.287760 0.455210 0.288411 0.455210 0.289062 0.454296 0.289714 0.454296 0.290365 0.455210 0.291016 0.455210 0.291667 0.456124 0.292318 0.456124 0.292969 0.457038 0.293620 0.457038 0.294271 0.457952 0.294922 0.457952 0.295573 0.457952 0.296224 0.457952 0.296875 0.457952 0.297526 0.457038 0.298177 0.457038 0.298828 0.457038 0.299479 0.456124 0.300130 0.456124 0.300781 0.455210 0.301432 0.454296 0.301432 0.453382 0.301432 0.452468 0.302083 0.451554 0.302083 0.450640 0.301432 0.449726 0.301432 0.448812 0.300781 0.447898 0.301432 0.446984 0.300781 0.446069 0.300130 0.446069 0.299479 0.445155 0.298828 0.445155 0.298177 0.445155 0.297526 0.445155 0.296875 0.444241 0.296224 0.444241 0.295573 0.445155 0.294922 0.444241 0.294271 0.444241
0 0.186849 0.437843 0.186198 0.438757 0.185547 0.438757 0.184896 0.439671 0.184245 0.439671 0.183594 0.440585 0.182943 0.440585 0.183594 0.441499 0.183594 0.442413 0.183594 0.443327 0.183594 0.444241 0.184245 0.445155 0.184245 0.446069 0.184245 0.446984 0.184896 0.447898 0.185547 0.448812 0.186198 0.448812 0.186849 0.449726 0.187500 0.450640 0.187500 0.451554 0.187500 0.452468 0.188151 0.453382 0.188151 0.454296 0.188802 0.455210 0.188802 0.456124 0.188802 0.457038 0.189453 0.457952 0.190104 0.457952 0.190755 0.458867 0.191406 0.459781 0.192057 0.460695 0.192708 0.459781 0.193359 0.460695 0.194010 0.460695 0.194661 0.460695 0.195312 0.461609 0.195964 0.462523 0.196615 0.461609 0.197266 0.462523 0.197917 0.461609 0.198568 0.461609 0.199219 0.462523 0.199870 0.462523 0.200521 0.462523 0.201172 0.461609 0.201823 0.462523 0.202474 0.462523 0.203125 0.462523 0.203776 0.462523 0.204427 0.462523 0.205078 0.461609 0.205729 0.461609 0.206380 0.461609 0.207031 0.461609 0.207682 0.461609 0.208333 0.460695 0.208984 0.459781 0.209635 0.460695 0.210286 0.459781 0.210938 0.458867 0.211589 0.459781 0.212240 0.458867 0.212891 0.457952 0.213542 0.457038 0.214193 0.457038 0.214844 0.456124 0.215495 0.456124 0.216146 0.456124 0.216797 0.455210 0.217448 0.456124 0.218099 0.455210 0.218750 0.455210 0.218099 0.454296 0.218750 0.453382 0.219401 0.452468 0.218750 0.451554 0.218750 0.450640 0.218750 0.449726 0.218099 0.449726 0.217448 0.449726 0.216797 0.448812 0.216146 0.447898 0.215495 0.447898 0.214844 0.446984 0.214193 0.446069 0.214844 0.445155 0.214193 0.444241 0.213542 0.444241 0.212891 0.445155 0.212240 0.444241 0.211589 0.445155 0.210938 0.445155 0.210286 0.446069 0.209635 0.446069 0.208984 0.446984 0.208333 0.446984 0.207682 0.447898 0.207031 0.446984 0.206380 0.447898 0.205729 0.447898 0.205078 0.447898 0.204427 0.448812 0.203776 0.448812 0.203125 0.448812 0.202474 0.448812 0.201823 0.449726 0.201172 0.449726 0.200521 0.449726 0.199870 0.450640 0.199219 0.449726 0.198568 0.449726 0.197917 0.449726 0.197266 0.448812 0.196615 0.447898 0.195964 0.446984 0.195312 0.446984 0.194661 0.446984 0.194010 0.446069 0.193359 0.445155 0.193359 0.444241 0.192708 0.444241 0.192057 0.443327 0.191406 0.442413 0.190755 0.441499 0.190104 0.440585 0.189453 0.439671 0.189453 0.438757 0.188802 0.439671 0.188151 0.438757 0.187500 0.438757
0 0.703125 0.365631 0.702474 0.366545 0.701823 0.366545 0.701172 0.367459 0.700521 0.368373 0.699870 0.369287 0.699219 0.370201 0.698568 0.370201 0.697917 0.371115 0.697266 0.371115 0.696615 0.372029 0.695964 0.372029 0.695312 0.371115 0.694661 0.371115 0.694010 0.371115 0.693359 0.371115 0.692708 0.371115 0.692057 0.371115 0.691406 0.372029 0.690755 0.372029 0.690104 0.372029 0.689453 0.372943 0.688802 0.372943 0.688151 0.372943 0.687500 0.373857 0.686849 0.374771 0.686198 0.375686 0.685547 0.376600 0.684896 0.377514 0.684245 0.378428 0.683594 0.379342 0.682943 0.380256 0.682292 0.380256 0.682292 0.381170 0.682943 0.382084 0.682292 0.382998 0.681641 0.383912 0.680990 0.384826 0.680990 0.385740 0.680990 0.386654 0.680339 0.387569 0.680990 0.388483 0.680990 0.389397 0.680990 0.390311 0.680339 0.391225 0.680339 0.392139 0.680990 0.393053 0.680990 0.393967 0.680339 0.394881 0.680990 0.395795 0.680339 0.396709 0.679688 0.397623 0.679036 0.398537 0.678385 0.399452 0.677734 0.399452 0.677083 0.399452 0.676432 0.399452 0.675781 0.399452 0.675130 0.400366 0.674479 0.399452 0.673828 0.398537 0.673177 0.399452 0.672526 0.400366 0.671875 0.399452 0.671224 0.399452 0.671224 0.400366 0.670573 0.401280 0.669922 0.402194 0.669271 0.402194 0.668620 0.402194 0.667969 0.401280 0.667318 0.400366 0.666667 0.399452 0.666016 0.399452 0.665365 0.398537 0.665365 0.399452 0.664714 0.400366 0.664062 0.401280 0.664714 0.402194 0.664714 0.403108 0.664714 0.404022 0.665365 0.404936 0.665365 0.405850 0.665365 0.406764 0.664714 0.407678 0.664714 0.408592 0.664714 0.409506 0.664714 0.410420 0.664714 0.411335 0.664714 0.412249 0.665365 0.413163 0.664714 0.414077 0.665365 0.414991 0.665365 0.415905 0.665365 0.416819 0.664714 0.417733 0.665365 0.418647 0.664714 0.419561 0.664062 0.420475 0.663411 0.421389 0.662760 0.421389 0.662109 0.422303 0.661458 0.423218 0.662109 0.424132 0.661458 0.425046 0.660807 0.425960 0.660156 0.425046 0.660156 0.425960 0.659505 0.426874 0.658854 0.427788 0.658854 0.428702 0.658203 0.429616 0.657552 0.430530 0.656901 0.431444 0.656250 0.432358 0.655599 0.431444 0.654948 0.432358 0.654297 0.433272 0.653646 0.432358 0.652995 0.432358 0.652344 0.433272 0.651693 0.434186 0.651042 0.434186 0.650391 0.435101 0.649740 0.435101 0.649089 0.435101 0.648438 0.435101 0.647786 0.435101 0.647135 0.435101 0.646484 0.434186 0.645833 0.435101 0.645182 0.435101 0.644531 0.434186 0.643880 0.435101 0.643229 0.434186 0.642578 0.434186 0.641927 0.433272 0.641276 0.434186 0.640625 0.434186 0.639974 0.434186 0.639323 0.435101 0.638672 0.435101 0.638021 0.436015 0.637370 0.436929 0.636719 0.436015 0.636068 0.436929 0.635417 0.436929 0.634766 0.436015 0.634115 0.436015 0.633464 0.436015 0.632812 0.436015 0.632161 0.436929 0.631510 0.436929 0.630859 0.437843 0.630208 0.438757 0.629557 0.438757 0.628906 0.439671 0.629557 0.440585 0.628906 0.441499 0.628906 0.442413 0.628906 0.443327 0.628255 0.444241 0.628255 0.445155 0.627604 0.446069 0.626953 0.446984 0.626953 0.447898 0.626953 0.448812 0.626302 0.449726 0.625651 0.450640 0.625000 0.451554 0.624349 0.452468 0.623698 0.452468 0.623047 0.452468 0.622396 0.452468 0.621745 0.452468 0.621094 0.452468 0.620443 0.452468 0.619792 0.452468 0.619141 0.452468 0.618490 0.451554 0.617839 0.450640 0.617188 0.451554 0.616536 0.452468 0.615885 0.453382 0.615234 0.453382 0.614583 0.454296 0.613932 0.454296 0.613281 0.455210 0.612630 0.456124 0.611979 0.457038 0.611328 0.457952 0.610677 0.457952 0.610026 0.458867 0.609375 0.459781 0.608724 0.460695 0.608073 0.460695 0.607422 0.461609 0.606771 0.462523 0.606120 0.461609 0.605469 0.462523 0.604818 0.463437 0.604167 0.462523 0.603516 0.463437 0.602865 0.463437 0.602214 0.463437 0.601562 0.464351 0.600911 0.464351 0.600260 0.464351 0.599609 0.465265 0.598958 0.464351 0.598307 0.463437 0.597656 0.462523 0.597005 0.461609 0.597005 0.460695 0.597005 0.459781 0.597005 0.458867 0.597656 0.457952 0.598307 0.457038 0.598958 0.456124 0.599609 0.456124 0.600260 0.455210 0.600911 0.455210 0.601562 0.454296 0.602214 0.454296 0.602865 0.453382 0.603516 0.452468 0.604167 0.451554 0.604818 0.450640 0.605469 0.449726 0.605469 0.448812 0.606120 0.447898 0.606771 0.446984 0.606120 0.446069 0.606120 0.445155 0.606120 0.444241 0.605469 0.443327 0.606120 0.442413 0.606120 0.441499 0.606120 0.440585 0.606771 0.439671 0.607422 0.438757 0.608073 0.438757 0.608724 0.438757 0.609375 0.439671 0.610026 0.438757 0.609375 0.437843 0.610026 0.436929 0.609375 0.436015 0.610026 0.435101 0.610677 0.434186 0.611328 0.434186 0.611328 0.433272 0.611979 0.432358 0.612630 0.431444 0.613281 0.432358 0.613932 0.431444 0.614583 0.430530 0.615234 0.430530 0.615885 0.429616 0.616536 0.429616 0.617188 0.428702 0.617839 0.428702 0.618490 0.429616 0.619141 0.428702 0.619792 0.427788 0.620443 0.426874 0.620443 0.425960 0.621094 0.425046 0.621745 0.424132 0.622396 0.423218 0.623047 0.422303 0.623698 0.421389 0.624349 0.420475 0.625000 0.420475 0.625000 0.419561 0.625000 0.418647 0.625651 0.417733 0.625000 0.416819 0.625000 0.415905 0.625651 0.414991 0.625000 0.414077 0.625000 0.413163 0.624349 0.412249 0.625000 0.411335 0.625000 0.410420 0.625000 0.409506 0.625651 0.408592 0.626302 0.407678 0.626953 0.406764 0.627604 0.405850 0.626953 0.404936 0.627604 0.404022 0.628255 0.403108 0.628906 0.402194 0.628255 0.401280 0.628906 0.400366 0.629557 0.399452 0.628906 0.398537 0.628906 0.397623 0.629557 0.396709 0.629557 0.395795 0.630208 0.394881 0.630859 0.393967 0.630859 0.393053 0.630859 0.392139 0.630859 0.391225 0.631510 0.390311 0.631510 0.389397 0.632161 0.388483 0.632161 0.387569 0.632812 0.386654 0.633464 0.385740 0.634115 0.384826 0.634766 0.383912 0.635417 0.383912 0.636068 0.384826 0.636719 0.383912 0.637370 0.383912 0.638021 0.384826 0.638672 0.383912 0.639323 0.382998 0.639974 0.382998 0.640625 0.382998 0.641276 0.382998 0.641927 0.382998 0.642578 0.382998 0.643229 0.382998 0.643880 0.382998 0.644531 0.382084 0.645182 0.382084 0.645833 0.382998 0.646484 0.383912 0.647135 0.382998 0.647786 0.383912 0.648438 0.383912 0.649089 0.384826 0.649740 0.383912 0.650391 0.384826 0.651042 0.383912 0.651693 0.383912 0.652344 0.382998 0.652995 0.382998 0.652344 0.382084 0.651693 0.381170 0.651693 0.380256 0.651693 0.379342 0.651693 0.378428 0.651693 0.377514 0.651693 0.376600 0.651042 0.376600 0.650391 0.376600 0.649740 0.375686 0.649089 0.376600 0.648438 0.376600 0.647786 0.376600 0.647135 0.375686 0.646484 0.374771 0.646484 0.373857 0.645833 0.372943 0.645833 0.372029 0.645833 0.371115 0.645182 0.370201 0.644531 0.369287 0.644531 0.368373 0.643880 0.368373 0.643229 0.368373 0.642578 0.368373 0.641927 0.369287 0.641276 0.369287 0.641276 0.370201 0.640625 0.371115 0.639974 0.372029 0.639323 0.372943 0.638672 0.373857 0.638021 0.373857 0.637370 0.372943 0.636719 0.373857 0.636068 0.373857 0.635417 0.373857 0.634766 0.373857 0.634115 0.373857 0.633464 0.373857 0.633464 0.374771 0.632812 0.375686 0.632161 0.376600 0.631510 0.377514 0.630859 0.378428 0.630208 0.378428 0.630208 0.379342 0.630208 0.380256 0.630208 0.381170 0.630208 0.382084 0.630208 0.382998 0.629557 0.383912 0.630208 0.384826 0.629557 0.385740 0.629557 0.386654 0.628906 0.387569 0.629557 0.388483 0.628906 0.389397 0.628255 0.390311 0.627604 0.391225 0.627604 0.392139 0.627604 0.393053 0.626953 0.393967 0.626302 0.394881 0.626953 0.395795 0.626302 0.396709 0.625651 0.397623 0.625000 0.396709 0.624349 0.395795 0.623698 0.394881 0.623698 0.393967 0.623047 0.393053 0.623698 0.392139 0.623698 0.391225 0.623698 0.390311 0.623047 0.389397 0.622396 0.389397 0.621745 0.390311 0.621094 0.391225 0.620443 0.392139 0.621094 0.393053 0.620443 0.393967 0.620443 0.394881 0.619792 0.395795 0.619141 0.396709 0.618490 0.397623 0.617839 0.398537 0.617188 0.397623 0.616536 0.397623 0.615885 0.396709 0.615234 0.395795 0.615234 0.394881 0.615234 0.393967 0.615234 0.393053 0.615234 0.392139 0.615234 0.391225 0.614583 0.390311 0.615234 0.389397 0.615885 0.388483 0.615234 0.387569 0.615885 0.386654 0.616536 0.385740 0.615885 0.384826 0.615885 0.383912 0.616536 0.382998 0.617188 0.382084 0.617839 0.381170 0.618490 0.381170 0.619141 0.380256 0.619792 0.380256 0.620443 0.379342 0.621094 0.380256 0.621094 0.379342 0.621745 0.378428 0.621745 0.377514 0.621745 0.376600 0.622396 0.375686 0.622396 0.374771 0.622396 0.373857 0.622396 0.372943 0.622396 0.372029 0.622396 0.371115 0.621745 0.371115 0.621094 0.371115 0.620443 0.371115 0.619792 0.370201 0.619141 0.369287 0.618490 0.370201 0.617839 0.369287 0.617188 0.368373 0.616536 0.369287 0.615885 0.369287 0.615234 0.370201 0.614583 0.370201 0.613932 0.370201 0.613932 0.371115 0.613932 0.372029 0.613932 0.372943 0.613932 0.373857 0.613932 0.374771 0.613932 0.375686 0.613281 0.376600 0.612630 0.377514 0.611979 0.378428 0.611328 0.378428 0.610677 0.377514 0.610026 0.377514 0.609375 0.378428 0.609375 0.379342 0.609375 0.380256 0.609375 0.381170 0.609375 0.382084 0.610026 0.382998 0.610677 0.383912 0.611328 0.384826 0.611328 0.385740 0.611979 0.386654 0.611979 0.387569 0.612630 0.388483 0.611979 0.389397 0.611328 0.390311 0.610677 0.391225 0.610026 0.392139 0.609375 0.392139 0.608724 0.393053 0.608073 0.393053 0.608073 0.393967 0.608073 0.394881 0.607422 0.395795 0.607422 0.396709 0.608073 0.397623 0.607422 0.398537 0.608073 0.399452 0.608073 0.400366 0.608724 0.401280 0.609375 0.402194 0.610026 0.403108 0.610677 0.404022 0.611328 0.404936 0.611328 0.405850 0.611328 0.406764 0.611328 0.407678 0.611979 0.408592 0.611328 0.409506 0.610677 0.410420 0.610677 0.411335 0.610026 0.412249 0.610026 0.413163 0.609375 0.414077 0.609375 0.414991 0.608724 0.415905 0.609375 0.416819 0.608724 0.417733 0.608724 0.418647 0.608073 0.419561 0.607422 0.420475 0.606771 0.421389 0.606120 0.421389 0.606120 0.422303 0.605469 0.423218 0.604818 0.424132 0.604167 0.425046 0.604167 0.425960 0.604167 0.426874 0.603516 0.427788 0.604167 0.427788 0.604818 0.428702 0.605469 0.429616 0.606120 0.428702 0.606771 0.428702 0.607422 0.429616 0.608073 0.430530 0.608724 0.431444 0.608724 0.432358 0.609375 0.433272 0.608724 0.434186 0.608724 0.435101 0.608073 0.436015 0.607422 0.436929 0.606771 0.437843 0.606120 0.438757 0.605469 0.437843 0.604818 0.436929 0.604167 0.436015 0.603516 0.436015 0.602865 0.435101 0.602214 0.435101 0.601562 0.436015 0.600911 0.435101 0.600260 0.436015 0.599609 0.436015 0.598958 0.436929 0.598307 0.436929 0.598307 0.437843 0.598958 0.438757 0.598307 0.439671 0.598958 0.440585 0.598307 0.441499 0.598958 0.442413 0.599609 0.443327 0.599609 0.444241 0.598958 0.445155 0.599609 0.446069 0.598958 0.446984 0.598307 0.447898 0.598958 0.448812 0.598958 0.449726 0.598307 0.450640 0.598958 0.451554 0.598958 0.452468 0.598307 0.453382 0.597656 0.454296 0.597005 0.455210 0.596354 0.455210 0.595703 0.455210 0.595052 0.455210 0.594401 0.456124 0.594401 0.457038 0.593750 0.457952 0.593099 0.458867 0.592448 0.459781 0.591797 0.459781 0.591797 0.460695 0.591146 0.461609 0.591146 0.462523 0.591797 0.463437 0.591797 0.464351 0.592448 0.465265 0.592448 0.466179 0.593099 0.466179 0.593750 0.467093 0.594401 0.468007 0.595052 0.468921 0.595703 0.469835 0.595703 0.470750 0.595052 0.471664 0.595052 0.472578 0.595703 0.473492 0.595052 0.474406 0.595052 0.475320 0.595052 0.476234 0.595052 0.477148 0.594401 0.478062 0.595052 0.478976 0.594401 0.479890 0.593750 0.480804 0.593099 0.479890 0.592448 0.479890 0.591797 0.479890 0.591146 0.478976 0.590495 0.478976 0.589844 0.478062 0.589193 0.478062 0.588542 0.478062 0.587891 0.478062 0.587240 0.478976 0.586589 0.478062 0.585938 0.478062 0.585286 0.478062 0.584635 0.477148 0.583984 0.476234 0.584635 0.475320 0.583984 0.474406 0.583984 0.473492 0.583984 0.472578 0.583984 0.471664 0.583333 0.470750 0.583333 0.469835 0.583333 0.468921 0.583333 0.468007 0.583333 0.467093 0.583333 0.466179 0.583333 0.465265 0.583333 0.464351 0.582682 0.463437 0.583333 0.462523 0.582682 0.461609 0.582682 0.460695 0.583333 0.459781 0.583984 0.458867 0.583984 0.457952 0.584635 0.457038 0.584635 0.456124 0.584635 0.455210 0.583984 0.454296 0.584635 0.453382 0.584635 0.452468 0.584635 0.451554 0.585286 0.450640 0.584635 0.449726 0.584635 0.448812 0.584635 0.447898 0.583984 0.447898 0.583333 0.446984 0.582682 0.446984 0.582031 0.446984 0.581380 0.446984 0.580729 0.446984 0.580078 0.447898 0.579427 0.447898 0.578776 0.446984 0.578125 0.446069 0.577474 0.445155 0.576823 0.444241 0.577474 0.443327 0.577474 0.442413 0.577474 0.441499 0.576823 0.440585 0.577474 0.439671 0.577474 0.438757 0.577474 0.437843 0.577474 0.436929 0.578125 0.436015 0.578776 0.435101 0.578776 0.434186 0.579427 0.433272 0.579427 0.432358 0.579427 0.431444 0.579427 0.430530 0.579427 0.429616 0.579427 0.428702 0.579427 0.427788 0.578776 0.427788 0.578125 0.426874 0.577474 0.425960 0.576823 0.425960 0.576172 0.425960 0.575521 0.425960 0.574870 0.425960 0.574219 0.425960 0.573568 0.425960 0.572917 0.425046 0.572266 0.424132 0.571615 0.423218 0.572266 0.422303 0.572917 0.421389 0.572917 0.420475 0.573568 0.419561 0.574219 0.418647 0.574219 0.417733 0.574219 0.416819 0.574219 0.415905 0.574219 0.414991 0.574219 0.414077 0.574870 0.413163 0.574219 0.412249 0.574219 0.411335 0.573568 0.410420 0.572917 0.409506 0.572266 0.408592 0.571615 0.407678 0.572266 0.406764 0.572266 0.405850 0.572917 0.404936 0.573568 0.404022 0.572917 0.403108 0.572917 0.402194 0.573568 0.401280 0.573568 0.400366 0.573568 0.399452 0.573568 0.398537 0.572917 0.397623 0.572917 0.396709 0.572917 0.395795 0.573568 0.394881 0.574219 0.393967 0.574870 0.393967 0.574870 0.393053 0.575521 0.392139 0.575521 0.391225 0.576172 0.390311 0.576823 0.389397 0.577474 0.388483 0.578125 0.387569 0.578776 0.386654 0.579427 0.385740 0.580078 0.385740 0.580729 0.385740 0.581380 0.384826 0.582031 0.384826 0.582682 0.384826 0.583333 0.384826 0.583984 0.383912 0.584635 0.383912 0.585286 0.383912 0.585938 0.383912 0.586589 0.382998 0.587240 0.382998 0.587891 0.382998 0.587891 0.382084 0.588542 0.381170 0.589193 0.380256 0.589193 0.379342 0.589844 0.378428 0.589844 0.377514 0.589844 0.376600 0.590495 0.375686 0.589844 0.374771 0.589193 0.373857 0.588542 0.372943 0.587891 0.372029 0.587240 0.372029 0.586589 0.371115 0.585938 0.372029 0.585286 0.372029 0.584635 0.372029 0.583984 0.372943 0.583333 0.373857 0.582682 0.374771 0.582031 0.375686 0.581380 0.376600 0.581380 0.377514 0.580729 0.378428 0.580078 0.379342 0.579427 0.380256 0.578776 0.379342 0.578125 0.379342 0.577474 0.378428 0.576823 0.378428 0.576172 0.377514 0.575521 0.377514 0.574870 0.378428 0.574219 0.378428 0.573568 0.378428 0.572917 0.378428 0.572266 0.378428 0.571615 0.378428 0.570964 0.379342 0.570312 0.378428 0.569661 0.379342 0.569010 0.380256 0.568359 0.380256 0.567708 0.381170 0.567057 0.381170 0.567057 0.382084 0.567057 0.382998 0.567057 0.383912 0.566406 0.384826 0.567057 0.385740 0.567708 0.386654 0.567708 0.387569 0.568359 0.388483 0.568359 0.389397 0.567708 0.390311 0.567708 0.391225 0.567708 0.392139 0.567708 0.393053 0.567708 0.393967 0.567708 0.394881 0.567708 0.395795 0.567708 0.396709 0.567057 0.397623 0.567057 0.398537 0.566406 0.399452 0.566406 0.400366 0.567057 0.401280 0.567057 0.402194 0.566406 0.403108 0.567057 0.404022 0.567708 0.404936 0.568359 0.405850 0.568359 0.406764 0.569010 0.407678 0.569010 0.408592 0.569010 0.409506 0.569010 0.410420 0.568359 0.411335 0.568359 0.412249 0.567708 0.413163 0.568359 0.414077 0.568359 0.414991 0.568359 0.415905 0.568359 0.416819 0.568359 0.417733 0.568359 0.418647 0.568359 0.419561 0.568359 0.420475 0.568359 0.421389 0.567708 0.422303 0.568359 0.423218 0.567708 0.424132 0.567057 0.425046 0.566406 0.425960 0.565755 0.425960 0.565104 0.425046 0.564453 0.425046 0.563802 0.425960 0.563151 0.425960 0.563151 0.426874 0.563802 0.427788 0.563151 0.428702 0.563151 0.429616 0.563802 0.429616 0.564453 0.429616 0.565104 0.430530 0.565755 0.431444 0.566406 0.431444 0.567057 0.432358 0.567708 0.433272 0.568359 0.433272 0.569010 0.434186 0.569661 0.435101 0.570312 0.436015 0.570964 0.436929 0.571615 0.437843 0.571615 0.438757 0.571615 0.439671 0.572266 0.440585 0.572266 0.441499 0.571615 0.442413 0.572266 0.443327 0.572266 0.444241 0.572917 0.445155 0.572266 0.446069 0.572917 0.446069 0.573568 0.446984 0.574219 0.447898 0.573568 0.448812 0.574219 0.447898 0.574870 0.448812 0.575521 0.449726 0.575521 0.450640 0.576172 0.451554 0.576172 0.452468 0.576172 0.453382 0.576172 0.454296 0.575521 0.455210 0.575521 0.456124 0.574870 0.457038 0.574219 0.457952 0.574219 0.458867 0.573568 0.459781 0.572917 0.460695 0.572266 0.461609 0.571615 0.460695 0.570964 0.459781 0.570964 0.458867 0.570312 0.459781 0.569661 0.458867 0.569010 0.458867 0.568359 0.457952 0.567708 0.457952 0.567057 0.457952 0.566406 0.457038 0.565755 0.457952 0.565104 0.457952 0.564453 0.458867 0.563802 0.459781 0.563151 0.460695 0.563151 0.461609 0.563802 0.462523 0.563802 0.463437 0.564453 0.464351 0.565104 0.465265 0.565755 0.465265 0.566406 0.465265 0.567057 0.466179 0.567708 0.466179 0.568359 0.466179 0.569010 0.466179 0.569661 0.466179 0.570312 0.466179 0.570964 0.466179 0.571615 0.466179 0.572266 0.467093 0.572917 0.467093 0.573568 0.468007 0.574219 0.468921 0.574870 0.469835 0.575521 0.469835 0.576172 0.470750 0.576823 0.471664 0.577474 0.472578 0.578125 0.472578 0.578776 0.473492 0.579427 0.474406 0.579427 0.475320 0.578776 0.476234 0.579427 0.477148 0.578776 0.478062 0.578776 0.478976 0.578776 0.479890 0.578776 0.480804 0.578776 0.481718 0.578776 0.482633 0.578776 0.483547 0.578776 0.484461 0.578776 0.485375 0.579427 0.486289 0.579427 0.487203 0.580078 0.488117 0.580729 0.489031 0.581380 0.489945 0.581380 0.490859 0.581380 0.491773 0.581380 0.492687 0.582031 0.492687 0.582682 0.493601 0.583333 0.494516 0.583333 0.495430 0.583984 0.494516 0.584635 0.494516 0.585286 0.494516 0.585938 0.494516 0.586589 0.494516 0.587240 0.494516 0.587891 0.493601 0.588542 0.492687 0.589193 0.491773 0.589844 0.490859 0.589193 0.489945 0.589844 0.489031 0.589844 0.488117 0.590495 0.487203 0.591146 0.486289 0.591797 0.485375 0.592448 0.484461 0.593099 0.485375 0.593099 0.484461 0.593750 0.483547 0.594401 0.482633 0.595052 0.481718 0.595703 0.480804 0.596354 0.481718 0.597005 0.482633 0.597005 0.483547 0.597656 0.483547 0.598307 0.484461 0.598958 0.484461 0.599609 0.484461 0.600260 0.485375 0.600911 0.484461 0.600911 0.483547 0.601562 0.482633 0.602214 0.481718 0.602214 0.480804 0.602214 0.479890 0.602865 0.478976 0.602865 0.478062 0.602865 0.477148 0.603516 0.476234 0.603516 0.475320 0.604167 0.474406 0.604167 0.473492 0.604818 0.472578 0.605469 0.471664 0.605469 0.470750 0.606120 0.469835 0.606120 0.468921 0.606771 0.468007 0.606771 0.467093 0.607422 0.466179 0.608073 0.465265 0.608724 0.464351 0.609375 0.464351 0.610026 0.463437 0.610677 0.462523 0.611328 0.462523 0.611979 0.463437 0.612630 0.462523 0.613281 0.462523 0.613932 0.463437 0.614583 0.463437 0.615234 0.462523 0.615885 0.463437 0.616536 0.462523 0.617188 0.461609 0.617839 0.462523 0.618490 0.461609 0.619141 0.461609 0.619792 0.462523 0.620443 0.462523 0.621094 0.462523 0.621745 0.462523 0.622396 0.462523 0.623047 0.462523 0.623698 0.463437 0.624349 0.463437 0.625000 0.462523 0.625651 0.461609 0.626302 0.461609 0.626953 0.461609 0.627604 0.461609 0.628255 0.461609 0.628906 0.462523 0.629557 0.461609 0.630208 0.462523 0.630859 0.463437 0.630859 0.464351 0.630859 0.465265 0.631510 0.466179 0.632161 0.467093 0.632161 0.468007 0.632161 0.468921 0.631510 0.469835 0.631510 0.470750 0.631510 0.471664 0.631510 0.472578 0.632161 0.473492 0.632812 0.474406 0.632812 0.475320 0.633464 0.476234 0.633464 0.477148 0.634115 0.478062 0.634115 0.478976 0.634766 0.479890 0.634766 0.480804 0.635417 0.481718 0.636068 0.482633 0.636719 0.483547 0.637370 0.483547 0.638021 0.482633 0.638672 0.482633 0.639323 0.482633 0.639974 0.481718 0.639974 0.480804 0.640625 0.479890 0.640625 0.478976 0.640625 0.478062 0.641276 0.477148 0.641927 0.476234 0.641276 0.475320 0.640625 0.474406 0.639974 0.473492 0.639974 0.472578 0.639974 0.471664 0.639974 0.470750 0.640625 0.469835 0.641276 0.468921 0.641927 0.468921 0.642578 0.468921 0.643229 0.468921 0.643880 0.468007 0.644531 0.468007 0.645182 0.468007 0.645833 0.468921 0.646484 0.468007 0.646484 0.467093 0.646484 0.466179 0.647135 0.465265 0.647135 0.464351 0.647135 0.463437 0.647786 0.462523 0.647786 0.461609 0.648438 0.460695 0.647786 0.460695 0.647135 0.459781 0.646484 0.458867 0.646484 0.457952 0.645833 0.457952 0.645182 0.458867 0.644531 0.457952 0.643880 0.458867 0.643229 0.458867 0.642578 0.458867 0.641927 0.459781 0.641276 0.459781 0.640625 0.459781 0.639974 0.460695 0.639323 0.459781 0.638672 0.459781 0.638021 0.458867 0.637370 0.458867 0.636719 0.457952 0.636068 0.457038 0.635417 0.456124 0.634766 0.455210 0.634115 0.454296 0.633464 0.454296 0.632812 0.453382 0.632161 0.452468 0.632161 0.451554 0.632161 0.450640 0.631510 0.449726 0.632161 0.448812 0.632161 0.447898 0.632161 0.446984 0.632812 0.446069 0.632812 0.445155 0.633464 0.444241 0.634115 0.443327 0.634766 0.442413 0.635417 0.442413 0.636068 0.441499 0.636719 0.441499 0.637370 0.442413 0.638021 0.442413 0.638672 0.442413 0.639323 0.443327 0.639974 0.444241 0.640625 0.444241 0.641276 0.445155 0.641927 0.446069 0.642578 0.446069 0.643229 0.446069 0.643880 0.446984 0.644531 0.447898 0.645182 0.447898 0.645833 0.447898 0.646484 0.448812 0.647135 0.449726 0.647786 0.450640 0.648438 0.450640 0.649089 0.451554 0.649740 0.451554 0.650391 0.451554 0.651042 0.451554 0.651693 0.452468 0.652344 0.452468 0.652995 0.452468 0.653646 0.452468 0.654297 0.453382 0.654948 0.453382 0.655599 0.452468 0.656250 0.452468 0.656901 0.452468 0.656250 0.451554 0.656901 0.450640 0.656250 0.449726 0.655599 0.448812 0.654948 0.448812 0.654297 0.447898 0.653646 0.447898 0.652995 0.447898 0.652344 0.446984 0.651693 0.447898 0.651042 0.447898 0.650391 0.447898 0.649740 0.446984 0.649089 0.446984 0.648438 0.446984 0.647786 0.447898 0.647135 0.446984 0.646484 0.446069 0.645833 0.445155 0.645182 0.445155 0.644531 0.445155 0.643880 0.444241 0.643229 0.443327 0.643880 0.442413 0.643880 0.441499 0.644531 0.440585 0.645182 0.439671 0.645833 0.439671 0.646484 0.439671 0.647135 0.439671 0.647786 0.439671 0.648438 0.439671 0.649089 0.440585 0.649740 0.440585 0.650391 0.440585 0.651042 0.440585 0.651693 0.441499 0.652344 0.441499 0.652995 0.441499 0.653646 0.441499 0.654297 0.442413 0.654948 0.441499 0.655599 0.442413 0.656250 0.442413 0.656901 0.442413 0.657552 0.443327 0.658203 0.442413 0.658854 0.443327 0.659505 0.444241 0.660156 0.444241 0.660807 0.445155 0.661458 0.446069 0.662109 0.446984 0.662760 0.447898 0.663411 0.447898 0.664062 0.447898 0.664714 0.447898 0.665365 0.448812 0.666016 0.449726 0.666667 0.448812 0.667318 0.449726 0.667969 0.449726 0.668620 0.449726 0.669271 0.448812 0.669922 0.448812 0.670573 0.448812 0.671224 0.449726 0.671875 0.448812 0.672526 0.449726 0.673177 0.449726 0.673828 0.449726 0.674479 0.450640 0.675130 0.449726 0.675781 0.450640 0.676432 0.449726 0.677083 0.450640 0.677734 0.450640 0.678385 0.451554 0.679036 0.451554 0.679688 0.452468 0.680339 0.452468 0.680990 0.452468 0.681641 0.453382 0.682292 0.453382 0.682943 0.453382 0.683594 0.454296 0.684245 0.454296 0.684896 0.454296 0.685547 0.453382 0.686198 0.453382 0.686849 0.453382 0.687500 0.452468 0.688151 0.452468 0.688802 0.451554 0.689453 0.451554 0.688802 0.450640 0.689453 0.449726 0.690104 0.448812 0.689453 0.447898 0.690104 0.446984 0.689453 0.446069 0.689453 0.445155 0.689453 0.444241 0.688802 0.444241 0.688151 0.443327 0.687500 0.442413 0.686849 0.443327 0.686198 0.442413 0.685547 0.441499 0.684896 0.441499 0.684245 0.440585 0.683594 0.439671 0.684245 0.438757 0.683594 0.437843 0.684245 0.436929 0.684896 0.436015 0.685547 0.435101 0.686198 0.435101 0.686849 0.434186 0.687500 0.433272 0.688151 0.434186 0.688802 0.433272 0.689453 0.433272 0.690104 0.432358 0.690755 0.432358 0.691406 0.431444 0.691406 0.430530 0.692057 0.429616 0.691406 0.428702 0.692057 0.427788 0.691406 0.426874 0.691406 0.425960 0.690755 0.425046 0.690104 0.424132 0.690104 0.423218 0.689453 0.424132 0.688802 0.423218 0.688151 0.422303 0.687500 0.421389 0.686849 0.422303 0.686198 0.422303 0.685547 0.421389 0.684896 0.422303 0.684245 0.422303 0.683594 0.422303 0.682943 0.422303 0.682292 0.421389 0.681641 0.421389 0.680990 0.422303 0.680339 0.422303 0.679688 0.422303 0.679036 0.422303 0.678385 0.423218 0.677734 0.423218 0.677083 0.424132 0.676432 0.425046 0.675781 0.425046 0.675130 0.425046 0.674479 0.425960 0.673828 0.425960 0.673177 0.426874 0.672526 0.426874 0.671875 0.426874 0.671224 0.426874 0.670573 0.427788 0.669922 0.427788 0.669271 0.427788 0.668620 0.427788 0.667969 0.426874 0.667318 0.425960 0.667318 0.425046 0.666667 0.424132 0.666016 0.423218 0.666016 0.422303 0.666016 0.421389 0.666016 0.420475 0.666667 0.419561 0.667318 0.418647 0.667969 0.418647 0.668620 0.418647 0.669271 0.417733 0.669922 0.417733 0.670573 0.416819 0.671224 0.416819 0.671875 0.415905 0.672526 0.415905 0.673177 0.414991 0.673828 0.414991 0.674479 0.414077 0.674479 0.413163 0.675130 0.412249 0.675781 0.411335 0.675130 0.410420 0.675781 0.409506 0.675781 0.408592 0.676432 0.407678 0.677083 0.406764 0.677734 0.405850 0.678385 0.404936 0.679036 0.404022 0.679688 0.403108 0.680339 0.402194 0.680990 0.401280 0.681641 0.402194 0.682292 0.401280 0.682943 0.400366 0.683594 0.400366 0.684245 0.400366 0.684896 0.399452 0.685547 0.398537 0.684896 0.397623 0.685547 0.396709 0.685547 0.395795 0.686198 0.394881 0.686198 0.393967 0.686198 0.393053 0.686198 0.392139 0.686849 0.391225 0.687500 0.390311 0.688151 0.390311 0.688802 0.390311 0.689453 0.390311 0.690104 0.389397 0.690755 0.388483 0.691406 0.388483 0.692057 0.387569 0.692708 0.386654 0.693359 0.385740 0.694010 0.384826 0.694661 0.383912 0.695312 0.382998 0.695964 0.382084 0.696615 0.382998 0.697266 0.382084 0.697917 0.382084 0.697917 0.381170 0.698568 0.380256 0.699219 0.379342 0.699870 0.378428 0.700521 0.378428 0.701172 0.379342 0.701823 0.378428 0.702474 0.378428 0.703125 0.378428 0.703776 0.378428 0.704427 0.379342 0.705078 0.379342 0.705729 0.380256 0.706380 0.379342 0.707031 0.380256 0.707682 0.380256 0.708333 0.380256 0.708984 0.380256 0.709635 0.381170 0.710286 0.380256 0.710938 0.381170 0.711589 0.381170 0.712240 0.381170 0.712891 0.381170 0.713542 0.382084 0.714193 0.382084 0.714844 0.382998 0.715495 0.383912 0.716146 0.384826 0.716797 0.385740 0.717448 0.386654 0.718099 0.387569 0.718750 0.387569 0.719401 0.388483 0.720052 0.389397 0.720703 0.389397 0.721354 0.389397 0.722005 0.389397 0.722656 0.389397 0.723307 0.389397 0.723958 0.388483 0.724609 0.387569 0.725260 0.388483 0.724609 0.387569 0.725260 0.386654 0.724609 0.385740 0.725260 0.384826 0.725911 0.383912 0.725260 0.382998 0.725911 0.382084 0.725911 0.381170 0.725911 0.380256 0.725260 0.379342 0.724609 0.378428 0.723958 0.378428 0.723307 0.377514 0.722656 0.376600 0.722656 0.375686 0.722005 0.375686 0.721354 0.374771 0.720703 0.373857 0.720052 0.372943 0.720052 0.372029 0.719401 0.371115 0.719401 0.370201 0.719401 0.369287 0.718750 0.369287 0.718099 0.368373 0.717448 0.368373 0.716797 0.368373 0.716146 0.368373 0.715495 0.368373 0.714844 0.367459 0.714193 0.368373 0.713542 0.368373 0.712891 0.368373 0.712240 0.367459 0.711589 0.368373 0.710938 0.368373 0.710286 0.368373 0.709635 0.368373 0.708984 0.368373 0.708333 0.369287 0.707682 0.368373 0.707031 0.368373 0.706380 0.367459 0.705729 0.366545 0.705078 0.366545 0.704427 0.365631 0.703776 0.365631
0 0.699219 0.313528 0.698568 0.314442 0.697917 0.314442 0.697266 0.315356 0.696615 0.315356 0.696615 0.316271 0.695964 0.317185 0.695964 0.318099 0.695312 0.319013 0.695312 0.319927 0.694661 0.320841 0.694661 0.321755 0.694010 0.322669 0.694010 0.323583 0.694010 0.324497 0.694010 0.325411 0.693359 0.326325 0.693359 0.327239 0.693359 0.328154 0.692708 0.329068 0.692057 0.329982 0.692057 0.330896 0.691406 0.331810 0.690755 0.332724 0.691406 0.333638 0.690755 0.334552 0.690104 0.335466 0.689453 0.336380 0.689453 0.337294 0.690104 0.338208 0.689453 0.339122 0.688802 0.340037 0.688151 0.340037 0.687500 0.340951 0.686849 0.341865 0.686198 0.342779 0.685547 0.343693 0.684896 0.344607 0.684896 0.345521 0.684245 0.346435 0.683594 0.347349 0.682943 0.348263 0.682292 0.349177 0.681641 0.349177 0.680990 0.350091 0.680339 0.350091 0.679688 0.350091 0.679036 0.350091 0.678385 0.350091 0.677734 0.349177 0.677083 0.350091 0.676432 0.349177 0.675781 0.349177 0.675130 0.349177 0.674479 0.348263 0.673828 0.349177 0.673177 0.348263 0.672526 0.349177 0.671875 0.348263 0.671224 0.349177 0.670573 0.348263 0.669922 0.347349 0.669271 0.348263 0.668620 0.348263 0.667969 0.348263 0.667318 0.347349 0.666667 0.348263 0.666016 0.348263 0.665365 0.348263 0.664714 0.349177 0.664062 0.349177 0.663411 0.350091 0.662760 0.351005 0.662109 0.351920 0.661458 0.352834 0.660807 0.352834 0.660156 0.353748 0.659505 0.353748 0.658854 0.353748 0.658203 0.354662 0.657552 0.354662 0.656901 0.354662 0.656250 0.354662 0.655599 0.354662 0.654948 0.354662 0.654297 0.353748 0.653646 0.354662 0.652995 0.353748 0.652344 0.353748 0.651693 0.354662 0.651042 0.354662 0.650391 0.354662 0.649740 0.355576 0.649089 0.355576 0.648438 0.355576 0.647786 0.355576 0.647135 0.355576 0.646484 0.355576 0.645833 0.356490 0.645182 0.356490 0.644531 0.355576 0.643880 0.355576 0.643229 0.354662 0.642578 0.354662 0.641927 0.353748 0.641276 0.353748 0.640625 0.354662 0.639974 0.355576 0.639974 0.356490 0.639974 0.357404 0.639974 0.358318 0.640625 0.358318 0.641276 0.358318 0.641927 0.359232 0.642578 0.358318 0.643229 0.357404 0.643880 0.358318 0.644531 0.358318 0.645182 0.358318 0.645833 0.358318 0.646484 0.358318 0.647135 0.357404 0.647786 0.358318 0.648438 0.358318 0.649089 0.357404 0.649740 0.358318 0.650391 0.359232 0.651042 0.359232 0.651693 0.359232 0.652344 0.359232 0.652995 0.360146 0.653646 0.360146 0.654297 0.360146 0.654948 0.360146 0.655599 0.361060 0.656250 0.360146 0.656901 0.361060 0.657552 0.361060 0.658203 0.361060 0.658854 0.361974 0.659505 0.361974 0.660156 0.361974 0.660807 0.362888 0.661458 0.362888 0.662109 0.363803 0.662760 0.363803 0.663411 0.363803 0.664062 0.364717 0.664714 0.363803 0.665365 0.363803 0.666016 0.363803 0.666667 0.363803 0.667318 0.362888 0.667969 0.362888 0.667318 0.361974 0.667969 0.361060 0.667318 0.360146 0.667318 0.359232 0.667318 0.358318 0.667318 0.357404 0.667969 0.356490 0.668620 0.355576 0.669271 0.355576 0.669922 0.355576 0.670573 0.355576 0.671224 0.354662 0.671875 0.355576 0.672526 0.355576 0.673177 0.355576 0.673828 0.355576 0.674479 0.355576 0.675130 0.356490 0.675781 0.356490 0.676432 0.356490 0.677083 0.356490 0.677734 0.356490 0.678385 0.356490 0.679036 0.357404 0.679688 0.356490 0.680339 0.356490 0.680990 0.356490 0.681641 0.355576 0.682292 0.356490 0.682943 0.355576 0.683594 0.354662 0.684245 0.354662 0.684896 0.355576 0.685547 0.355576 0.686198 0.354662 0.686849 0.354662 0.687500 0.354662 0.688151 0.355576 0.688802 0.355576 0.689453 0.355576 0.690104 0.355576 0.690755 0.355576 0.691406 0.354662 0.692057 0.354662 0.692708 0.355576 0.693359 0.356490 0.694010 0.355576 0.694661 0.355576 0.695312 0.355576 0.695964 0.356490 0.696615 0.356490 0.697266 0.355576 0.697917 0.354662 0.698568 0.354662 0.698568 0.353748 0.698568 0.352834 0.697917 0.351920 0.698568 0.351005 0.697917 0.350091 0.698568 0.349177 0.699219 0.348263 0.699870 0.348263 0.700521 0.347349 0.701172 0.346435 0.701823 0.347349 0.702474 0.347349 0.703125 0.347349 0.703776 0.348263 0.704427 0.348263 0.705078 0.349177 0.705729 0.350091 0.706380 0.350091 0.707031 0.350091 0.707682 0.350091 0.708333 0.350091 0.708984 0.351005 0.709635 0.351920 0.710286 0.351920 0.710938 0.351920 0.711589 0.351920 0.712240 0.351920 0.712891 0.352834 0.713542 0.353748 0.714193 0.353748 0.714844 0.353748 0.715495 0.354662 0.716146 0.353748 0.716797 0.353748 0.717448 0.353748 0.718099 0.352834 0.718099 0.351920 0.718750 0.351005 0.718750 0.350091 0.719401 0.349177 0.718750 0.348263 0.718750 0.347349 0.718099 0.346435 0.717448 0.345521 0.716797 0.344607 0.716146 0.345521 0.715495 0.344607 0.714844 0.343693 0.714193 0.343693 0.713542 0.343693 0.712891 0.342779 0.712240 0.342779 0.711589 0.341865 0.710938 0.340951 0.710286 0.340037 0.710938 0.339122 0.711589 0.338208 0.712240 0.337294 0.712891 0.337294 0.713542 0.338208 0.713542 0.337294 0.714193 0.336380 0.714844 0.335466 0.715495 0.334552 0.715495 0.333638 0.714844 0.333638 0.714193 0.332724 0.713542 0.331810 0.712891 0.330896 0.712240 0.330896 0.711589 0.330896 0.710938 0.330896 0.710286 0.329982 0.710286 0.330896 0.709635 0.331810 0.708984 0.332724 0.708333 0.333638 0.708333 0.334552 0.707682 0.335466 0.707682 0.336380 0.707031 0.337294 0.706380 0.338208 0.705729 0.338208 0.705078 0.338208 0.704427 0.339122 0.703776 0.340037 0.703125 0.340037 0.702474 0.340037 0.701823 0.339122 0.701172 0.338208 0.701172 0.337294 0.700521 0.337294 0.699870 0.337294 0.699219 0.336380 0.698568 0.336380 0.697917 0.335466 0.697266 0.334552 0.697266 0.333638 0.696615 0.332724 0.696615 0.331810 0.696615 0.330896 0.697266 0.329982 0.697917 0.329068 0.698568 0.328154 0.699219 0.327239 0.699870 0.326325 0.700521 0.325411 0.700521 0.324497 0.701172 0.323583 0.701823 0.322669 0.702474 0.321755 0.702474 0.320841 0.703125 0.319927 0.703125 0.319013 0.702474 0.318099 0.703125 0.317185 0.702474 0.316271 0.703125 0.315356 0.702474 0.314442 0.701823 0.313528 0.701172 0.313528 0.700521 0.313528 0.699870 0.314442
0 0.592448 0.290676 0.593099 0.291590 0.592448 0.292505 0.592448 0.293419 0.591797 0.294333 0.591146 0.295247 0.591797 0.296161 0.592448 0.297075 0.592448 0.297989 0.591797 0.298903 0.591146 0.299817 0.590495 0.298903 0.590495 0.299817 0.589844 0.300731 0.589193 0.301645 0.589193 0.302559 0.589193 0.303473 0.589193 0.304388 0.589193 0.305302 0.588542 0.306216 0.587891 0.307130 0.587240 0.308044 0.586589 0.308958 0.585938 0.308958 0.585286 0.308958 0.584635 0.308044 0.583984 0.307130 0.584635 0.306216 0.583984 0.305302 0.583333 0.304388 0.583333 0.303473 0.582682 0.302559 0.582031 0.301645 0.581380 0.301645 0.580729 0.301645 0.580078 0.301645 0.579427 0.301645 0.578776 0.301645 0.578125 0.300731 0.577474 0.300731 0.576823 0.299817 0.576172 0.298903 0.575521 0.298903 0.574870 0.297989 0.574219 0.297075 0.573568 0.297989 0.572917 0.297989 0.572266 0.297989 0.571615 0.297989 0.570964 0.298903 0.570312 0.298903 0.569661 0.298903 0.569010 0.299817 0.568359 0.300731 0.567708 0.301645 0.568359 0.302559 0.567708 0.303473 0.568359 0.304388 0.569010 0.304388 0.569661 0.305302 0.570312 0.306216 0.570964 0.307130 0.571615 0.307130 0.572266 0.308044 0.572917 0.308044 0.573568 0.308958 0.574219 0.309872 0.574870 0.310786 0.575521 0.310786 0.576172 0.311700 0.576823 0.312614 0.577474 0.313528 0.578125 0.314442 0.578776 0.315356 0.579427 0.316271 0.579427 0.317185 0.580078 0.318099 0.580078 0.319013 0.580078 0.319927 0.580078 0.320841 0.580078 0.321755 0.579427 0.322669 0.579427 0.323583 0.579427 0.324497 0.579427 0.325411 0.580078 0.326325 0.580078 0.327239 0.579427 0.328154 0.578776 0.329068 0.578776 0.329982 0.578776 0.330896 0.578125 0.331810 0.577474 0.332724 0.578125 0.333638 0.577474 0.334552 0.576823 0.335466 0.576823 0.336380 0.577474 0.337294 0.576823 0.338208 0.576823 0.339122 0.576823 0.340037 0.576823 0.340951 0.576172 0.341865 0.576172 0.342779 0.576172 0.343693 0.575521 0.344607 0.574870 0.345521 0.574219 0.345521 0.573568 0.346435 0.572917 0.346435 0.572917 0.347349 0.572266 0.348263 0.571615 0.349177 0.570964 0.348263 0.570964 0.349177 0.570312 0.350091 0.569661 0.351005 0.569010 0.351920 0.568359 0.352834 0.569010 0.353748 0.568359 0.354662 0.567708 0.355576 0.567057 0.355576 0.566406 0.356490 0.565755 0.357404 0.565104 0.358318 0.564453 0.359232 0.564453 0.360146 0.563802 0.361060 0.564453 0.361974 0.564453 0.362888 0.563802 0.363803 0.564453 0.364717 0.565104 0.365631 0.565104 0.366545 0.564453 0.367459 0.565104 0.367459 0.565755 0.368373 0.566406 0.369287 0.566406 0.370201 0.567057 0.369287 0.567708 0.370201 0.568359 0.371115 0.569010 0.370201 0.569661 0.371115 0.570312 0.371115 0.570964 0.370201 0.571615 0.371115 0.572266 0.371115 0.572917 0.370201 0.573568 0.369287 0.574219 0.369287 0.574870 0.369287 0.575521 0.368373 0.576172 0.368373 0.576823 0.367459 0.577474 0.367459 0.578125 0.367459 0.578125 0.366545 0.578125 0.365631 0.578776 0.364717 0.578776 0.363803 0.578125 0.362888 0.578776 0.361974 0.578125 0.362888 0.577474 0.362888 0.576823 0.361974 0.576172 0.361974 0.575521 0.362888 0.574870 0.362888 0.574219 0.363803 0.573568 0.362888 0.572917 0.362888 0.572266 0.361974 0.571615 0.361060 0.572266 0.360146 0.572266 0.359232 0.572266 0.358318 0.572266 0.357404 0.571615 0.356490 0.572266 0.355576 0.572266 0.354662 0.572917 0.353748 0.573568 0.352834 0.574219 0.351920 0.574870 0.351005 0.575521 0.351005 0.576172 0.350091 0.576823 0.351005 0.577474 0.351005 0.578125 0.351920 0.578776 0.351920 0.579427 0.352834 0.580078 0.352834 0.580729 0.351920 0.581380 0.351920 0.582031 0.351920 0.582682 0.351920 0.583333 0.351920 0.583333 0.351005 0.583984 0.350091 0.584635 0.349177 0.584635 0.348263 0.585286 0.347349 0.585938 0.346435 0.585938 0.345521 0.586589 0.344607 0.587240 0.343693 0.587891 0.342779 0.588542 0.341865 0.589193 0.341865 0.589193 0.340951 0.588542 0.340037 0.588542 0.339122 0.588542 0.338208 0.587891 0.338208 0.587240 0.337294 0.586589 0.338208 0.585938 0.338208 0.585286 0.337294 0.584635 0.336380 0.583984 0.335466 0.583333 0.334552 0.583333 0.333638 0.582682 0.332724 0.582682 0.331810 0.582682 0.330896 0.583333 0.329982 0.583984 0.329068 0.584635 0.328154 0.585286 0.327239 0.585938 0.327239 0.585938 0.326325 0.585938 0.325411 0.586589 0.324497 0.586589 0.323583 0.587240 0.322669 0.587240 0.321755 0.587891 0.320841 0.588542 0.319927 0.589193 0.319013 0.589193 0.318099 0.589844 0.317185 0.590495 0.316271 0.591146 0.315356 0.591797 0.314442 0.591797 0.313528 0.592448 0.312614 0.592448 0.311700 0.592448 0.310786 0.593099 0.309872 0.593099 0.308958 0.593099 0.308044 0.593750 0.307130 0.593099 0.306216 0.593099 0.305302 0.593099 0.304388 0.593750 0.303473 0.593099 0.302559 0.593750 0.301645 0.593099 0.300731 0.593099 0.299817 0.593099 0.298903 0.593750 0.297989 0.594401 0.297075 0.595052 0.297075 0.595703 0.296161 0.596354 0.296161 0.597005 0.297075 0.597656 0.296161 0.598307 0.296161 0.598958 0.296161 0.599609 0.295247 0.599609 0.294333 0.599609 0.293419 0.598958 0.293419 0.598307 0.292505 0.597656 0.292505 0.597005 0.291590 0.596354 0.292505 0.595703 0.291590 0.595052 0.290676 0.594401 0.290676 0.593750 0.290676 0.593099 0.291590
0 0.626953 0.288848 0.626302 0.289762 0.625651 0.290676 0.625651 0.291590 0.625000 0.292505 0.625651 0.293419 0.625651 0.294333 0.625651 0.295247 0.626302 0.296161 0.626953 0.297075 0.627604 0.297989 0.628255 0.298903 0.628906 0.299817 0.628906 0.300731 0.628906 0.301645 0.628906 0.302559 0.628906 0.303473 0.629557 0.304388 0.628906 0.305302 0.628906 0.306216 0.628906 0.307130 0.629557 0.307130 0.630208 0.308044 0.630859 0.308044 0.631510 0.307130 0.632161 0.308044 0.632812 0.308958 0.633464 0.309872 0.634115 0.310786 0.634766 0.311700 0.634766 0.312614 0.634766 0.313528 0.635417 0.314442 0.635417 0.315356 0.634766 0.316271 0.635417 0.317185 0.636068 0.318099 0.636068 0.319013 0.636719 0.319927 0.636068 0.320841 0.636719 0.321755 0.636719 0.322669 0.636719 0.323583 0.636719 0.324497 0.636068 0.325411 0.636068 0.326325 0.636719 0.327239 0.636719 0.328154 0.636068 0.329068 0.636719 0.329982 0.637370 0.330896 0.637370 0.331810 0.637370 0.332724 0.638021 0.333638 0.638672 0.332724 0.639323 0.332724 0.639974 0.331810 0.640625 0.331810 0.640625 0.330896 0.640625 0.329982 0.641276 0.329068 0.641276 0.328154 0.641927 0.327239 0.641927 0.326325 0.642578 0.325411 0.642578 0.324497 0.642578 0.323583 0.642578 0.322669 0.642578 0.321755 0.641927 0.320841 0.641927 0.319927 0.641276 0.319013 0.641276 0.318099 0.640625 0.317185 0.639974 0.316271 0.639323 0.315356 0.639323 0.314442 0.639323 0.313528 0.639323 0.312614 0.639323 0.311700 0.639974 0.310786 0.639323 0.309872 0.639974 0.308958 0.640625 0.308044 0.641276 0.308044 0.641927 0.308044 0.642578 0.308044 0.643229 0.307130 0.643880 0.308044 0.644531 0.308044 0.645182 0.307130 0.645833 0.307130 0.646484 0.306216 0.646484 0.305302 0.647135 0.304388 0.646484 0.304388 0.645833 0.303473 0.645182 0.302559 0.644531 0.301645 0.643880 0.301645 0.643229 0.300731 0.642578 0.300731 0.641927 0.300731 0.641276 0.300731 0.640625 0.300731 0.639974 0.299817 0.639323 0.300731 0.638672 0.301645 0.638021 0.301645 0.637370 0.302559 0.636719 0.302559 0.636068 0.302559 0.635417 0.302559 0.634766 0.301645 0.634115 0.300731 0.634115 0.299817 0.633464 0.298903 0.633464 0.297989 0.633464 0.297075 0.632812 0.296161 0.632812 0.295247 0.632812 0.294333 0.632161 0.293419 0.632161 0.292505 0.632161 0.291590 0.631510 0.290676 0.630859 0.289762 0.630859 0.288848 0.630208 0.288848 0.629557 0.288848 0.628906 0.288848 0.628255 0.288848 0.627604 0.288848
0 0.409505 0.268739 0.408854 0.269653 0.408203 0.269653 0.407552 0.270567 0.406901 0.270567 0.406250 0.271481 0.405599 0.271481 0.404948 0.271481 0.404948 0.272395 0.404948 0.273309 0.404297 0.274223 0.404948 0.275137 0.404297 0.276051 0.404948 0.276965 0.404297 0.277879 0.404948 0.278793 0.405599 0.279707 0.406250 0.280622 0.406250 0.281536 0.406901 0.282450 0.407552 0.283364 0.407552 0.284278 0.408203 0.285192 0.408854 0.285192 0.409505 0.284278 0.410156 0.285192 0.410807 0.284278 0.411458 0.285192 0.412109 0.285192 0.412760 0.285192 0.413411 0.285192 0.414062 0.285192 0.414714 0.285192 0.415365 0.285192 0.416016 0.286106 0.416667 0.287020 0.416016 0.287934 0.416016 0.288848 0.415365 0.289762 0.414714 0.290676 0.414062 0.290676 0.413411 0.291590 0.412760 0.292505 0.412109 0.292505 0.411458 0.293419 0.410807 0.294333 0.410807 0.295247 0.410156 0.296161 0.410807 0.297075 0.410807 0.297989 0.411458 0.298903 0.412109 0.299817 0.412760 0.300731 0.413411 0.300731 0.414062 0.300731 0.414714 0.300731 0.415365 0.300731 0.416016 0.300731 0.416667 0.300731 0.417318 0.299817 0.417969 0.298903 0.418620 0.297989 0.419271 0.298903 0.419922 0.298903 0.420573 0.297989 0.421224 0.297075 0.421875 0.296161 0.422526 0.295247 0.423177 0.295247 0.423828 0.295247 0.424479 0.295247 0.425130 0.295247 0.425781 0.295247 0.426432 0.295247 0.427083 0.296161 0.427734 0.295247 0.428385 0.296161 0.429036 0.296161 0.429688 0.297075 0.430339 0.297989 0.430990 0.298903 0.430990 0.299817 0.430339 0.300731 0.430990 0.301645 0.430990 0.302559 0.431641 0.303473 0.431641 0.304388 0.432292 0.305302 0.432943 0.305302 0.433594 0.306216 0.434245 0.306216 0.434896 0.305302 0.435547 0.306216 0.436198 0.305302 0.436849 0.305302 0.437500 0.304388 0.438151 0.304388 0.438802 0.304388 0.439453 0.305302 0.440104 0.304388 0.440755 0.303473 0.441406 0.302559 0.442057 0.302559 0.442708 0.302559 0.443359 0.302559 0.444010 0.302559 0.444661 0.301645 0.445312 0.301645 0.445964 0.301645 0.446615 0.300731 0.447266 0.301645 0.447917 0.301645 0.448568 0.302559 0.449219 0.303473 0.449870 0.303473 0.450521 0.304388 0.451172 0.304388 0.451823 0.304388 0.452474 0.305302 0.453125 0.305302 0.453776 0.305302 0.454427 0.306216 0.455078 0.306216 0.455729 0.306216 0.456380 0.307130 0.457031 0.308044 0.457682 0.307130 0.458333 0.307130 0.458984 0.307130 0.459635 0.308044 0.459635 0.307130 0.460286 0.306216 0.459635 0.305302 0.458984 0.304388 0.458984 0.303473 0.458333 0.302559 0.458333 0.301645 0.457682 0.301645 0.457031 0.300731 0.456380 0.299817 0.455729 0.298903 0.455078 0.297989 0.454427 0.297989 0.453776 0.297075 0.453125 0.296161 0.452474 0.295247 0.452474 0.294333 0.451823 0.293419 0.451172 0.292505 0.450521 0.291590 0.449870 0.291590 0.449219 0.290676 0.448568 0.289762 0.447917 0.288848 0.447917 0.287934 0.447266 0.287020 0.446615 0.286106 0.446615 0.285192 0.446615 0.284278 0.445964 0.284278 0.445312 0.284278 0.444661 0.284278 0.444010 0.284278 0.443359 0.285192 0.442708 0.286106 0.442708 0.287020 0.442057 0.287934 0.441406 0.288848 0.440755 0.289762 0.440104 0.288848 0.439453 0.289762 0.438802 0.290676 0.438151 0.290676 0.437500 0.289762 0.436849 0.288848 0.436198 0.287934 0.435547 0.287020 0.435547 0.286106 0.434896 0.285192 0.434245 0.285192 0.433594 0.284278 0.432943 0.283364 0.432292 0.284278 0.431641 0.283364 0.430990 0.283364 0.430339 0.283364 0.429688 0.282450 0.429036 0.282450 0.428385 0.282450 0.427734 0.281536 0.427083 0.281536 0.426432 0.281536 0.425781 0.280622 0.425130 0.279707 0.424479 0.279707 0.423828 0.278793 0.423177 0.278793 0.422526 0.277879 0.421875 0.276965 0.421224 0.276965 0.420573 0.276051 0.419922 0.275137 0.419271 0.276051 0.418620 0.276051 0.417969 0.275137 0.417318 0.276051 0.416667 0.276051 0.416016 0.275137 0.415365 0.274223 0.414714 0.273309 0.414062 0.272395 0.413411 0.271481 0.413411 0.270567 0.412760 0.269653 0.412109 0.269653 0.411458 0.269653 0.410807 0.269653 0.410156 0.269653
0 0.733073 0.216636 0.732422 0.217550 0.731771 0.217550 0.731120 0.218464 0.730469 0.219378 0.729818 0.218464 0.729818 0.219378 0.729167 0.220293 0.728516 0.221207 0.727865 0.222121 0.727214 0.222121 0.726562 0.223035 0.725911 0.223035 0.725260 0.223949 0.724609 0.223035 0.723958 0.223949 0.723307 0.224863 0.722656 0.225777 0.722005 0.225777 0.721354 0.226691 0.720703 0.227605 0.720703 0.228519 0.720052 0.229433 0.720052 0.230347 0.720052 0.231261 0.720052 0.232176 0.720703 0.233090 0.720703 0.234004 0.720703 0.234918 0.720703 0.235832 0.721354 0.236746 0.720703 0.237660 0.720703 0.238574 0.721354 0.239488 0.720703 0.240402 0.721354 0.240402 0.722005 0.241316 0.722656 0.242230 0.722656 0.243144 0.722656 0.244059 0.723307 0.244973 0.723958 0.245887 0.723307 0.246801 0.723958 0.247715 0.723307 0.248629 0.722656 0.249543 0.722656 0.250457 0.722656 0.251371 0.722005 0.252285 0.722005 0.253199 0.721354 0.254113 0.720703 0.255027 0.720052 0.255027 0.720052 0.255941 0.719401 0.256856 0.719401 0.257770 0.719401 0.258684 0.718750 0.259598 0.718750 0.260512 0.718750 0.261426 0.718750 0.262340 0.718099 0.263254 0.717448 0.264168 0.716797 0.265082 0.716146 0.265082 0.715495 0.265996 0.714844 0.265996 0.714193 0.266910 0.713542 0.266910 0.712891 0.266910 0.712240 0.266910 0.711589 0.267824 0.710938 0.268739 0.710286 0.269653 0.709635 0.269653 0.708984 0.270567 0.708333 0.270567 0.707682 0.270567 0.707031 0.270567 0.706380 0.271481 0.705729 0.271481 0.705078 0.271481 0.704427 0.271481 0.703776 0.271481 0.703125 0.271481 0.702474 0.271481 0.701823 0.271481 0.701172 0.271481 0.700521 0.271481 0.699870 0.271481 0.699219 0.272395 0.698568 0.272395 0.697917 0.271481 0.697266 0.272395 0.697266 0.273309 0.696615 0.274223 0.696615 0.275137 0.696615 0.276051 0.696615 0.276965 0.696615 0.277879 0.696615 0.278793 0.696615 0.279707 0.695964 0.280622 0.695312 0.281536 0.694661 0.282450 0.694010 0.282450 0.693359 0.283364 0.692708 0.284278 0.692057 0.285192 0.691406 0.286106 0.690755 0.287020 0.690104 0.287020 0.689453 0.287020 0.688802 0.287934 0.688151 0.287934 0.687500 0.287934 0.686849 0.288848 0.686198 0.287934 0.685547 0.287934 0.684896 0.287934 0.684245 0.287934 0.683594 0.288848 0.682943 0.287934 0.682292 0.288848 0.681641 0.288848 0.680990 0.288848 0.680339 0.288848 0.679688 0.288848 0.679036 0.288848 0.678385 0.287934 0.677734 0.288848 0.677083 0.288848 0.676432 0.288848 0.675781 0.288848 0.675130 0.289762 0.674479 0.288848 0.673828 0.288848 0.673177 0.289762 0.672526 0.290676 0.672526 0.291590 0.672526 0.292505 0.671875 0.293419 0.671224 0.294333 0.670573 0.295247 0.669922 0.296161 0.669922 0.297075 0.670573 0.297989 0.671224 0.298903 0.671224 0.299817 0.671875 0.298903 0.672526 0.299817 0.673177 0.298903 0.673828 0.299817 0.674479 0.299817 0.675130 0.298903 0.675781 0.299817 0.676432 0.299817 0.677083 0.298903 0.677734 0.298903 0.678385 0.298903 0.679036 0.298903 0.679688 0.299817 0.680339 0.299817 0.680990 0.299817 0.681641 0.300731 0.682292 0.300731 0.682943 0.300731 0.683594 0.299817 0.684245 0.299817 0.684896 0.299817 0.685547 0.299817 0.686198 0.299817 0.686849 0.299817 0.687500 0.299817 0.688151 0.299817 0.688802 0.300731 0.689453 0.301645 0.689453 0.302559 0.690104 0.302559 0.690755 0.303473 0.691406 0.303473 0.692057 0.303473 0.692708 0.304388 0.693359 0.304388 0.694010 0.303473 0.694661 0.303473 0.694010 0.302559 0.694661 0.301645 0.695312 0.300731 0.694661 0.299817 0.694010 0.298903 0.694661 0.297989 0.694010 0.297075 0.693359 0.297075 0.692708 0.296161 0.692057 0.295247 0.691406 0.296161 0.690755 0.295247 0.690104 0.294333 0.690755 0.293419 0.691406 0.292505 0.692057 0.291590 0.692708 0.291590 0.693359 0.290676 0.694010 0.290676 0.694661 0.291590 0.695312 0.290676 0.695964 0.290676 0.696615 0.290676 0.697266 0.289762 0.697917 0.289762 0.698568 0.288848 0.699219 0.288848 0.699870 0.288848 0.700521 0.289762 0.701172 0.289762 0.701823 0.290676 0.702474 0.290676 0.703125 0.291590 0.703776 0.292505 0.704427 0.291590 0.705078 0.290676 0.705729 0.289762 0.706380 0.288848 0.707031 0.287934 0.707682 0.287934 0.708333 0.287020 0.708984 0.287934 0.709635 0.287934 0.710286 0.287934 0.710938 0.287020 0.711589 0.287934 0.712240 0.288848 0.712891 0.288848 0.713542 0.288848 0.714193 0.289762 0.714844 0.289762 0.715495 0.289762 0.716146 0.290676 0.716797 0.291590 0.717448 0.291590 0.718099 0.292505 0.718750 0.292505 0.719401 0.291590 0.720052 0.291590 0.720703 0.292505 0.721354 0.292505 0.722005 0.292505 0.722656 0.291590 0.723307 0.291590 0.723958 0.290676 0.723307 0.289762 0.722656 0.288848 0.723307 0.287934 0.722656 0.287020 0.722005 0.287020 0.721354 0.286106 0.720703 0.286106 0.720052 0.285192 0.719401 0.285192 0.718750 0.285192 0.718099 0.284278 0.717448 0.284278 0.716797 0.284278 0.716146 0.284278 0.715495 0.284278 0.714844 0.283364 0.714193 0.282450 0.713542 0.283364 0.712891 0.283364 0.712240 0.283364 0.711589 0.282450 0.710938 0.283364 0.710286 0.283364 0.709635 0.284278 0.708984 0.283364 0.708333 0.283364 0.707682 0.284278 0.707031 0.284278 0.706380 0.283364 0.705729 0.284278 0.705078 0.284278 0.704427 0.285192 0.703776 0.285192 0.703125 0.285192 0.702474 0.285192 0.701823 0.285192 0.701172 0.285192 0.700521 0.284278 0.699870 0.284278 0.699219 0.283364 0.698568 0.282450 0.698568 0.281536 0.698568 0.280622 0.699219 0.279707 0.699870 0.278793 0.700521 0.277879 0.701172 0.278793 0.701823 0.277879 0.702474 0.277879 0.703125 0.276965 0.703776 0.276051 0.704427 0.276965 0.705078 0.276051 0.705729 0.275137 0.706380 0.275137 0.707031 0.275137 0.707682 0.274223 0.708333 0.274223 0.708984 0.273309 0.709635 0.273309 0.710286 0.273309 0.710938 0.272395 0.711589 0.273309 0.712240 0.273309 0.712891 0.272395 0.713542 0.273309 0.714193 0.273309 0.714844 0.274223 0.715495 0.275137 0.716146 0.276051 0.716797 0.276965 0.717448 0.276965 0.718099 0.277879 0.718750 0.278793 0.719401 0.277879 0.720052 0.277879 0.720703 0.276965 0.721354 0.277879 0.722005 0.276965 0.722656 0.276051 0.723307 0.275137 0.723958 0.275137 0.724609 0.276051 0.725260 0.275137 0.725911 0.276051 0.726562 0.276965 0.727214 0.276965 0.727865 0.277879 0.728516 0.278793 0.729167 0.279707 0.729818 0.280622 0.730469 0.281536 0.731120 0.282450 0.731771 0.283364 0.732422 0.284278 0.733073 0.285192 0.733724 0.286106 0.734375 0.287020 0.735026 0.287934 0.735026 0.288848 0.735677 0.289762 0.736328 0.290676 0.736979 0.291590 0.737630 0.291590 0.738281 0.292505 0.738932 0.291590 0.739583 0.292505 0.740234 0.293419 0.740885 0.294333 0.741536 0.295247 0.742188 0.296161 0.742839 0.295247 0.743490 0.295247 0.743490 0.294333 0.744141 0.293419 0.744141 0.292505 0.743490 0.291590 0.743490 0.290676 0.744141 0.289762 0.744141 0.288848 0.744141 0.287934 0.744792 0.287020 0.745443 0.286106 0.746094 0.285192 0.746745 0.285192 0.747396 0.286106 0.748047 0.286106 0.748698 0.287020 0.749349 0.287934 0.749349 0.288848 0.750000 0.287934 0.750651 0.287934 0.751302 0.287934 0.751953 0.287020 0.752604 0.287020 0.753255 0.287934 0.753906 0.287020 0.754557 0.287020 0.755208 0.286106 0.755859 0.286106 0.756510 0.285192 0.757161 0.285192 0.757161 0.284278 0.757161 0.283364 0.757161 0.282450 0.757812 0.281536 0.757812 0.280622 0.757161 0.280622 0.756510 0.279707 0.755859 0.278793 0.755208 0.278793 0.754557 0.277879 0.753906 0.277879 0.753255 0.276965 0.752604 0.276965 0.751953 0.276051 0.751302 0.275137 0.751302 0.274223 0.750651 0.273309 0.750651 0.272395 0.750651 0.271481 0.750651 0.270567 0.750000 0.269653 0.750000 0.268739 0.749349 0.269653 0.748698 0.268739 0.748047 0.268739 0.747396 0.268739 0.746745 0.269653 0.746094 0.269653 0.745443 0.269653 0.744792 0.269653 0.744141 0.270567 0.743490 0.270567 0.742839 0.270567 0.742188 0.269653 0.741536 0.268739 0.741536 0.267824 0.741536 0.266910 0.742188 0.265996 0.742839 0.265082 0.743490 0.265082 0.744141 0.264168 0.744792 0.263254 0.744792 0.262340 0.744141 0.262340 0.743490 0.261426 0.742839 0.261426 0.742188 0.261426 0.741536 0.261426 0.740885 0.261426 0.740234 0.262340 0.739583 0.261426 0.738932 0.261426 0.738281 0.261426 0.737630 0.261426 0.736979 0.262340 0.736328 0.261426 0.735677 0.262340 0.735677 0.263254 0.735026 0.264168 0.735677 0.265082 0.735026 0.265996 0.734375 0.266910 0.733724 0.265996 0.733073 0.265996 0.732422 0.266910 0.731771 0.266910 0.731120 0.266910 0.730469 0.266910 0.729818 0.266910 0.729167 0.267824 0.728516 0.266910 0.727865 0.266910 0.727214 0.266910 0.726562 0.266910 0.725911 0.265996 0.725260 0.265082 0.724609 0.264168 0.724609 0.263254 0.724609 0.262340 0.725260 0.261426 0.725911 0.260512 0.726562 0.259598 0.727214 0.258684 0.727865 0.257770 0.727865 0.256856 0.728516 0.255941 0.727865 0.255027 0.728516 0.254113 0.727865 0.253199 0.727214 0.252285 0.727214 0.251371 0.726562 0.250457 0.726562 0.249543 0.726562 0.248629 0.725911 0.247715 0.725911 0.246801 0.726562 0.245887 0.726562 0.244973 0.727214 0.244059 0.727214 0.243144 0.727865 0.242230 0.727214 0.241316 0.727865 0.240402 0.727865 0.239488 0.727865 0.238574 0.727865 0.237660 0.727865 0.236746 0.727865 0.235832 0.727865 0.234918 0.727865 0.234004 0.728516 0.233090 0.729167 0.232176 0.729818 0.231261 0.729167 0.230347 0.729818 0.229433 0.730469 0.228519 0.731120 0.227605 0.731771 0.227605 0.732422 0.226691 0.733073 0.225777 0.733724 0.224863 0.734375 0.223949 0.735026 0.223035 0.735677 0.223035 0.736328 0.222121 0.736328 0.221207 0.735677 0.220293 0.736328 0.219378 0.735677 0.218464 0.735677 0.217550 0.735026 0.217550 0.734375 0.217550 0.733724 0.217550
0 0.445312 0.207495 0.444661 0.208410 0.444010 0.208410 0.443359 0.209324 0.443359 0.210238 0.442708 0.211152 0.443359 0.212066 0.443359 0.212980 0.443359 0.213894 0.442708 0.214808 0.442708 0.215722 0.443359 0.216636 0.443359 0.217550 0.442708 0.218464 0.442708 0.219378 0.442057 0.220293 0.441406 0.221207 0.440755 0.222121 0.440755 0.223035 0.440104 0.223949 0.440755 0.224863 0.441406 0.225777 0.442057 0.226691 0.442708 0.227605 0.443359 0.228519 0.443359 0.229433 0.443359 0.230347 0.442708 0.231261 0.442057 0.232176 0.441406 0.233090 0.440755 0.233090 0.440104 0.234004 0.439453 0.234918 0.438802 0.234918 0.438151 0.234004 0.437500 0.233090 0.436849 0.232176 0.437500 0.231261 0.436849 0.230347 0.436849 0.229433 0.436198 0.229433 0.435547 0.228519 0.434896 0.227605 0.434245 0.228519 0.433594 0.227605 0.432943 0.227605 0.432292 0.226691 0.431641 0.226691 0.430990 0.227605 0.430339 0.228519 0.429688 0.229433 0.430339 0.230347 0.429688 0.231261 0.429688 0.232176 0.429036 0.233090 0.429688 0.234004 0.430339 0.234918 0.430339 0.235832 0.430990 0.235832 0.431641 0.236746 0.432292 0.236746 0.432943 0.237660 0.433594 0.237660 0.434245 0.237660 0.434896 0.238574 0.435547 0.239488 0.435547 0.240402 0.436198 0.241316 0.436849 0.241316 0.437500 0.241316 0.438151 0.241316 0.438802 0.241316 0.439453 0.242230 0.440104 0.243144 0.440755 0.242230 0.441406 0.241316 0.442057 0.241316 0.442708 0.240402 0.443359 0.240402 0.444010 0.239488 0.444661 0.239488 0.445312 0.240402 0.445964 0.240402 0.446615 0.239488 0.447266 0.239488 0.447917 0.240402 0.448568 0.239488 0.449219 0.240402 0.449870 0.241316 0.450521 0.242230 0.450521 0.243144 0.450521 0.244059 0.451172 0.244973 0.450521 0.245887 0.450521 0.246801 0.451172 0.247715 0.451172 0.248629 0.450521 0.249543 0.450521 0.250457 0.449870 0.251371 0.449870 0.252285 0.449870 0.253199 0.450521 0.254113 0.451172 0.255027 0.451172 0.255941 0.451823 0.256856 0.452474 0.257770 0.452474 0.258684 0.452474 0.259598 0.453125 0.260512 0.453125 0.261426 0.453125 0.262340 0.453776 0.263254 0.453776 0.264168 0.453776 0.265082 0.454427 0.265996 0.454427 0.266910 0.455078 0.267824 0.455078 0.268739 0.454427 0.269653 0.453776 0.270567 0.453125 0.269653 0.452474 0.269653 0.451823 0.268739 0.451172 0.267824 0.450521 0.266910 0.450521 0.265996 0.449870 0.265996 0.449219 0.265082 0.448568 0.265996 0.447917 0.265996 0.447266 0.265996 0.446615 0.266910 0.445964 0.267824 0.445964 0.268739 0.445964 0.269653 0.445312 0.270567 0.445964 0.271481 0.446615 0.272395 0.447266 0.273309 0.447917 0.272395 0.448568 0.272395 0.449219 0.272395 0.449870 0.273309 0.450521 0.273309 0.451172 0.273309 0.451823 0.274223 0.452474 0.274223 0.453125 0.273309 0.453776 0.274223 0.454427 0.274223 0.455078 0.274223 0.455729 0.274223 0.456380 0.275137 0.457031 0.276051 0.457682 0.276965 0.458333 0.277879 0.457682 0.278793 0.458333 0.279707 0.458984 0.280622 0.458984 0.281536 0.458984 0.282450 0.458333 0.283364 0.457682 0.284278 0.457682 0.285192 0.457682 0.286106 0.457682 0.287020 0.458333 0.287934 0.458984 0.288848 0.458984 0.289762 0.459635 0.290676 0.460286 0.290676 0.460938 0.291590 0.461589 0.292505 0.462240 0.293419 0.462891 0.294333 0.462891 0.295247 0.463542 0.296161 0.464193 0.297075 0.464844 0.297989 0.465495 0.298903 0.466146 0.298903 0.466797 0.299817 0.467448 0.299817 0.468099 0.300731 0.468750 0.301645 0.469401 0.302559 0.469401 0.303473 0.469401 0.304388 0.470052 0.305302 0.469401 0.306216 0.468750 0.307130 0.468750 0.308044 0.468099 0.308958 0.467448 0.309872 0.466797 0.309872 0.466146 0.309872 0.465495 0.309872 0.464844 0.309872 0.464193 0.310786 0.463542 0.310786 0.464193 0.311700 0.464844 0.312614 0.464844 0.313528 0.465495 0.313528 0.466146 0.314442 0.466797 0.315356 0.466797 0.316271 0.467448 0.317185 0.467448 0.318099 0.468099 0.319013 0.467448 0.319927 0.468099 0.320841 0.468099 0.321755 0.468750 0.321755 0.469401 0.321755 0.469401 0.320841 0.470052 0.319927 0.470052 0.319013 0.470703 0.318099 0.471354 0.317185 0.472005 0.316271 0.472656 0.316271 0.473307 0.317185 0.473958 0.318099 0.473958 0.319013 0.473958 0.319927 0.474609 0.320841 0.473958 0.321755 0.473307 0.322669 0.472656 0.322669 0.472656 0.323583 0.472656 0.324497 0.473307 0.325411 0.473958 0.326325 0.473958 0.327239 0.473307 0.328154 0.473307 0.329068 0.472656 0.329982 0.472656 0.330896 0.473307 0.331810 0.473958 0.330896 0.474609 0.330896 0.475260 0.329982 0.475911 0.330896 0.476562 0.329982 0.477214 0.329982 0.477865 0.330896 0.478516 0.331810 0.478516 0.332724 0.479167 0.333638 0.478516 0.334552 0.477865 0.335466 0.477214 0.334552 0.476562 0.335466 0.475911 0.335466 0.475260 0.336380 0.475260 0.337294 0.475260 0.338208 0.474609 0.339122 0.473958 0.340037 0.473307 0.340951 0.472656 0.341865 0.472005 0.340951 0.471354 0.341865 0.470703 0.342779 0.470052 0.343693 0.470052 0.344607 0.469401 0.345521 0.470052 0.346435 0.470052 0.347349 0.470052 0.348263 0.470703 0.349177 0.471354 0.349177 0.472005 0.350091 0.472656 0.350091 0.473307 0.349177 0.473958 0.349177 0.474609 0.350091 0.475260 0.350091 0.475911 0.349177 0.476562 0.350091 0.477214 0.349177 0.477865 0.349177 0.478516 0.349177 0.479167 0.349177 0.479818 0.348263 0.480469 0.349177 0.481120 0.348263 0.481771 0.347349 0.482422 0.347349 0.483073 0.347349 0.483724 0.348263 0.484375 0.349177 0.485026 0.349177 0.485677 0.350091 0.486328 0.351005 0.486979 0.351920 0.487630 0.352834 0.488281 0.353748 0.488932 0.353748 0.489583 0.354662 0.490234 0.355576 0.490885 0.355576 0.491536 0.356490 0.492188 0.357404 0.492839 0.357404 0.493490 0.357404 0.494141 0.358318 0.494792 0.358318 0.495443 0.359232 0.496094 0.359232 0.496745 0.360146 0.497396 0.361060 0.498047 0.361060 0.498698 0.361974 0.499349 0.362888 0.499349 0.363803 0.500000 0.363803 0.500651 0.364717 0.501302 0.364717 0.501953 0.365631 0.502604 0.366545 0.503255 0.366545 0.503906 0.366545 0.504557 0.367459 0.505208 0.367459 0.505859 0.367459 0.506510 0.368373 0.507161 0.369287 0.507161 0.370201 0.507812 0.371115 0.508464 0.372029 0.509115 0.372943 0.509766 0.373857 0.510417 0.374771 0.510417 0.375686 0.510417 0.376600 0.509766 0.377514 0.509766 0.378428 0.509766 0.379342 0.509766 0.380256 0.509766 0.381170 0.509766 0.382084 0.509766 0.382998 0.509766 0.383912 0.509766 0.384826 0.510417 0.385740 0.510417 0.386654 0.511068 0.387569 0.511719 0.388483 0.511068 0.389397 0.511068 0.390311 0.511719 0.391225 0.511719 0.392139 0.511719 0.393053 0.511068 0.393967 0.511068 0.394881 0.511068 0.395795 0.510417 0.396709 0.510417 0.397623 0.509766 0.398537 0.509115 0.399452 0.508464 0.399452 0.507812 0.398537 0.507161 0.397623 0.506510 0.396709 0.505859 0.395795 0.505208 0.394881 0.504557 0.393967 0.503906 0.393053 0.503906 0.392139 0.503255 0.392139 0.502604 0.392139 0.501953 0.391225 0.501302 0.390311 0.500651 0.391225 0.500000 0.391225 0.499349 0.390311 0.498698 0.391225 0.498047 0.391225 0.497396 0.391225 0.496745 0.391225 0.496094 0.390311 0.495443 0.389397 0.496094 0.388483 0.495443 0.387569 0.494792 0.386654 0.494792 0.385740 0.495443 0.384826 0.495443 0.383912 0.494792 0.382998 0.494792 0.382084 0.494792 0.381170 0.494792 0.380256 0.494792 0.379342 0.494141 0.378428 0.494792 0.377514 0.494141 0.376600 0.493490 0.375686 0.492839 0.375686 0.492188 0.375686 0.491536 0.374771 0.490885 0.374771 0.490234 0.373857 0.489583 0.372943 0.488932 0.372029 0.489583 0.371115 0.489583 0.370201 0.488932 0.369287 0.489583 0.368373 0.489583 0.367459 0.488932 0.366545 0.489583 0.365631 0.488932 0.364717 0.489583 0.363803 0.489583 0.362888 0.489583 0.361974 0.488932 0.361060 0.488281 0.360146 0.487630 0.360146 0.486979 0.361060 0.486328 0.361060 0.485677 0.360146 0.486328 0.361060 0.486328 0.361974 0.485677 0.362888 0.486328 0.363803 0.485677 0.364717 0.486328 0.365631 0.486328 0.366545 0.486328 0.367459 0.486979 0.368373 0.486328 0.369287 0.485677 0.370201 0.486328 0.371115 0.485677 0.372029 0.485026 0.372943 0.484375 0.372029 0.483724 0.372029 0.483073 0.372029 0.482422 0.372943 0.481771 0.372029 0.481120 0.371115 0.481120 0.370201 0.480469 0.369287 0.479818 0.368373 0.479818 0.367459 0.479167 0.366545 0.478516 0.365631 0.477865 0.365631 0.477214 0.364717 0.476562 0.364717 0.475911 0.364717 0.475260 0.364717 0.474609 0.364717 0.473958 0.365631 0.473307 0.366545 0.472656 0.367459 0.472656 0.368373 0.472656 0.369287 0.472656 0.370201 0.472005 0.371115 0.471354 0.372029 0.470703 0.372943 0.470052 0.373857 0.469401 0.373857 0.468750 0.372943 0.468099 0.372029 0.467448 0.371115 0.466797 0.370201 0.466146 0.369287 0.465495 0.368373 0.464844 0.368373 0.464193 0.368373 0.463542 0.369287 0.462891 0.368373 0.462240 0.368373 0.461589 0.369287 0.460938 0.369287 0.460286 0.370201 0.459635 0.370201 0.458984 0.370201 0.458333 0.370201 0.457682 0.369287 0.457031 0.369287 0.456380 0.370201 0.455729 0.369287 0.455078 0.369287 0.454427 0.369287 0.453776 0.369287 0.453125 0.369287 0.452474 0.370201 0.451823 0.370201 0.451172 0.370201 0.450521 0.371115 0.449870 0.371115 0.449219 0.371115 0.448568 0.372029 0.447917 0.372029 0.447266 0.372029 0.446615 0.372943 0.445964 0.373857 0.445964 0.374771 0.445312 0.375686 0.445964 0.376600 0.445312 0.377514 0.444661 0.378428 0.444661 0.379342 0.445312 0.380256 0.445312 0.381170 0.445312 0.382084 0.445964 0.382998 0.446615 0.383912 0.446615 0.384826 0.446615 0.385740 0.447266 0.385740 0.447917 0.386654 0.448568 0.387569 0.449219 0.388483 0.449219 0.389397 0.449870 0.390311 0.450521 0.391225 0.451172 0.391225 0.451823 0.391225 0.452474 0.392139 0.453125 0.391225 0.453776 0.391225 0.454427 0.390311 0.455078 0.390311 0.455729 0.390311 0.456380 0.390311 0.457031 0.389397 0.457682 0.390311 0.458333 0.391225 0.458333 0.392139 0.458984 0.393053 0.459635 0.393053 0.460286 0.392139 0.460938 0.393053 0.461589 0.392139 0.462240 0.391225 0.462891 0.390311 0.463542 0.389397 0.464193 0.389397 0.464193 0.388483 0.464193 0.387569 0.464844 0.386654 0.465495 0.385740 0.465495 0.384826 0.466146 0.383912 0.466797 0.382998 0.467448 0.382998 0.468099 0.382998 0.468750 0.382084 0.469401 0.381170 0.470052 0.381170 0.470703 0.381170 0.471354 0.381170 0.472005 0.380256 0.472656 0.381170 0.473307 0.380256 0.473958 0.380256 0.474609 0.380256 0.475260 0.380256 0.475911 0.380256 0.476562 0.380256 0.477214 0.381170 0.477865 0.381170 0.478516 0.382084 0.479167 0.382084 0.479818 0.381170 0.480469 0.382084 0.481120 0.382084 0.481771 0.382998 0.482422 0.383912 0.483073 0.383912 0.483724 0.383912 0.484375 0.384826 0.485026 0.384826 0.485677 0.385740 0.486328 0.386654 0.486979 0.387569 0.487630 0.388483 0.487630 0.389397 0.486979 0.390311 0.487630 0.391225 0.488281 0.392139 0.488281 0.393053 0.488932 0.393967 0.489583 0.394881 0.490234 0.395795 0.489583 0.396709 0.490234 0.397623 0.490885 0.398537 0.491536 0.399452 0.491536 0.400366 0.491536 0.401280 0.491536 0.402194 0.491536 0.403108 0.492188 0.404022 0.491536 0.404936 0.491536 0.405850 0.491536 0.406764 0.491536 0.407678 0.490885 0.408592 0.490885 0.409506 0.491536 0.410420 0.491536 0.411335 0.491536 0.412249 0.491536 0.413163 0.491536 0.414077 0.492188 0.414991 0.491536 0.415905 0.491536 0.416819 0.491536 0.417733 0.491536 0.418647 0.490885 0.419561 0.490885 0.420475 0.490885 0.421389 0.490885 0.422303 0.490885 0.423218 0.491536 0.424132 0.492188 0.425046 0.492839 0.425960 0.493490 0.425960 0.494141 0.426874 0.494792 0.426874 0.495443 0.427788 0.496094 0.426874 0.496745 0.427788 0.497396 0.427788 0.498047 0.427788 0.498698 0.427788 0.499349 0.428702 0.500000 0.429616 0.500651 0.430530 0.501302 0.431444 0.501953 0.431444 0.502604 0.432358 0.503255 0.432358 0.503906 0.433272 0.504557 0.434186 0.505208 0.433272 0.505859 0.432358 0.505208 0.432358 0.504557 0.431444 0.503906 0.430530 0.503906 0.429616 0.503255 0.429616 0.502604 0.428702 0.501953 0.427788 0.501302 0.426874 0.501302 0.425960 0.500651 0.425046 0.500000 0.424132 0.499349 0.423218 0.499349 0.422303 0.498698 0.421389 0.498698 0.420475 0.498698 0.419561 0.498698 0.418647 0.498698 0.417733 0.498698 0.416819 0.498047 0.415905 0.498047 0.414991 0.497396 0.414077 0.497396 0.413163 0.497396 0.412249 0.497396 0.411335 0.497396 0.410420 0.497396 0.409506 0.497396 0.408592 0.497396 0.407678 0.496745 0.406764 0.496745 0.405850 0.497396 0.404936 0.496745 0.404022 0.496745 0.403108 0.496094 0.402194 0.496745 0.401280 0.496745 0.400366 0.496094 0.399452 0.495443 0.398537 0.496094 0.397623 0.496094 0.396709 0.495443 0.395795 0.495443 0.394881 0.496094 0.393967 0.496745 0.393053 0.497396 0.393053 0.498047 0.393967 0.498698 0.394881 0.499349 0.395795 0.500000 0.395795 0.500651 0.395795 0.501302 0.396709 0.501953 0.397623 0.502604 0.398537 0.502604 0.399452 0.503255 0.400366 0.503906 0.401280 0.503255 0.402194 0.503906 0.402194 0.504557 0.403108 0.505208 0.404022 0.505208 0.404936 0.505208 0.405850 0.505859 0.406764 0.505859 0.407678 0.506510 0.408592 0.506510 0.409506 0.507161 0.410420 0.507161 0.411335 0.507161 0.412249 0.507161 0.413163 0.506510 0.414077 0.506510 0.414991 0.507161 0.415905 0.506510 0.416819 0.507161 0.417733 0.507161 0.418647 0.507161 0.419561 0.507812 0.419561 0.508464 0.419561 0.509115 0.420475 0.509766 0.420475 0.510417 0.419561 0.511068 0.419561 0.511719 0.420475 0.512370 0.421389 0.512370 0.422303 0.512370 0.423218 0.511719 0.424132 0.511719 0.425046 0.511068 0.425960 0.511719 0.426874 0.511068 0.427788 0.511719 0.428702 0.511719 0.429616 0.511719 0.430530 0.511719 0.431444 0.511068 0.432358 0.511068 0.433272 0.511068 0.434186 0.511719 0.435101 0.511719 0.436015 0.512370 0.436929 0.512370 0.437843 0.513021 0.437843 0.513672 0.438757 0.514323 0.439671 0.514974 0.440585 0.514974 0.441499 0.515625 0.442413 0.515625 0.443327 0.515625 0.444241 0.515625 0.445155 0.516276 0.446069 0.516927 0.446984 0.516276 0.447898 0.516927 0.448812 0.516927 0.449726 0.516927 0.450640 0.517578 0.451554 0.518229 0.452468 0.518880 0.453382 0.519531 0.454296 0.518880 0.455210 0.519531 0.456124 0.520182 0.457038 0.520833 0.457038 0.521484 0.457952 0.522135 0.458867 0.522135 0.459781 0.522786 0.460695 0.522786 0.461609 0.523438 0.462523 0.523438 0.463437 0.523438 0.464351 0.524089 0.465265 0.523438 0.466179 0.523438 0.467093 0.522786 0.468007 0.522135 0.468921 0.521484 0.468007 0.520833 0.467093 0.520182 0.466179 0.519531 0.465265 0.518880 0.464351 0.518229 0.463437 0.517578 0.462523 0.517578 0.461609 0.516927 0.460695 0.516276 0.459781 0.515625 0.459781 0.514974 0.458867 0.514323 0.457952 0.514323 0.457038 0.513672 0.456124 0.513672 0.455210 0.513021 0.454296 0.513021 0.453382 0.513021 0.452468 0.512370 0.452468 0.511719 0.451554 0.511068 0.451554 0.510417 0.451554 0.509766 0.452468 0.509115 0.452468 0.508464 0.452468 0.507812 0.452468 0.507161 0.453382 0.506510 0.453382 0.505859 0.453382 0.505208 0.452468 0.504557 0.453382 0.503906 0.452468 0.503255 0.451554 0.502604 0.452468 0.501953 0.452468 0.501302 0.451554 0.500651 0.451554 0.500000 0.451554 0.499349 0.451554 0.498698 0.451554 0.498047 0.451554 0.497396 0.450640 0.496745 0.449726 0.496745 0.448812 0.496094 0.447898 0.496094 0.446984 0.495443 0.446069 0.495443 0.445155 0.494792 0.444241 0.494792 0.443327 0.494141 0.442413 0.494141 0.441499 0.493490 0.441499 0.492839 0.440585 0.492188 0.439671 0.491536 0.438757 0.490885 0.438757 0.490234 0.438757 0.489583 0.438757 0.488932 0.438757 0.488281 0.437843 0.487630 0.438757 0.486979 0.438757 0.486328 0.439671 0.485677 0.440585 0.485026 0.439671 0.484375 0.440585 0.483724 0.440585 0.483073 0.439671 0.482422 0.439671 0.481771 0.439671 0.481120 0.438757 0.480469 0.439671 0.479818 0.439671 0.479167 0.438757 0.478516 0.438757 0.477865 0.438757 0.477214 0.439671 0.476562 0.440585 0.475911 0.439671 0.475260 0.440585 0.474609 0.441499 0.473958 0.442413 0.473307 0.442413 0.472656 0.443327 0.472656 0.444241 0.472005 0.445155 0.472005 0.446069 0.472005 0.446984 0.472005 0.447898 0.472656 0.448812 0.472656 0.449726 0.473307 0.450640 0.473958 0.451554 0.473958 0.452468 0.474609 0.453382 0.474609 0.454296 0.475260 0.455210 0.475260 0.456124 0.475911 0.457038 0.475911 0.457952 0.475911 0.458867 0.475911 0.459781 0.475911 0.460695 0.475260 0.461609 0.475260 0.462523 0.475911 0.463437 0.475911 0.464351 0.475260 0.465265 0.475911 0.466179 0.475911 0.467093 0.475911 0.468007 0.475911 0.468921 0.475260 0.469835 0.475911 0.470750 0.475911 0.471664 0.476562 0.472578 0.477214 0.473492 0.477865 0.473492 0.478516 0.473492 0.479167 0.474406 0.479818 0.474406 0.480469 0.473492 0.481120 0.472578 0.481120 0.471664 0.481120 0.470750 0.481771 0.469835 0.482422 0.468921 0.483073 0.468007 0.483724 0.467093 0.484375 0.467093 0.485026 0.467093 0.485677 0.466179 0.486328 0.466179 0.486979 0.466179 0.487630 0.466179 0.488281 0.466179 0.488932 0.465265 0.489583 0.465265 0.490234 0.464351 0.490885 0.463437 0.491536 0.463437 0.492188 0.462523 0.492839 0.461609 0.493490 0.462523 0.494141 0.461609 0.494792 0.460695 0.495443 0.461609 0.496094 0.461609 0.496745 0.461609 0.497396 0.461609 0.498047 0.462523 0.498698 0.462523 0.499349 0.462523 0.500000 0.462523 0.500651 0.463437 0.501302 0.463437 0.501953 0.462523 0.502604 0.463437 0.503255 0.463437 0.503906 0.464351 0.504557 0.463437 0.505208 0.464351 0.505859 0.464351 0.506510 0.463437 0.507161 0.464351 0.507812 0.464351 0.508464 0.464351 0.509115 0.463437 0.509766 0.463437 0.510417 0.464351 0.511068 0.464351 0.511719 0.464351 0.512370 0.465265 0.513021 0.466179 0.513672 0.467093 0.514323 0.467093 0.514974 0.468007 0.515625 0.468921 0.516276 0.469835 0.516276 0.470750 0.516927 0.471664 0.517578 0.472578 0.518229 0.472578 0.518880 0.473492 0.519531 0.474406 0.519531 0.475320 0.520182 0.475320 0.520833 0.476234 0.521484 0.477148 0.522135 0.478062 0.522135 0.478976 0.522786 0.479890 0.522786 0.480804 0.523438 0.481718 0.524089 0.482633 0.523438 0.483547 0.523438 0.484461 0.523438 0.485375 0.524089 0.486289 0.524089 0.487203 0.524740 0.488117 0.524089 0.489031 0.524089 0.489945 0.524089 0.490859 0.524089 0.491773 0.524089 0.492687 0.524740 0.493601 0.524740 0.494516 0.525391 0.495430 0.526042 0.496344 0.526693 0.497258 0.527344 0.498172 0.527344 0.499086 0.527995 0.500000 0.527344 0.500914 0.527995 0.501828 0.528646 0.502742 0.528646 0.503656 0.528646 0.504570 0.529297 0.505484 0.528646 0.506399 0.529297 0.507313 0.529297 0.508227 0.529948 0.509141 0.529297 0.510055 0.529297 0.510969 0.529297 0.511883 0.529297 0.512797 0.529297 0.513711 0.529948 0.514625 0.529948 0.515539 0.530599 0.516453 0.531250 0.517367 0.531901 0.517367 0.532552 0.516453 0.533203 0.517367 0.533854 0.516453 0.534505 0.517367 0.535156 0.518282 0.535807 0.517367 0.536458 0.517367 0.537109 0.518282 0.537760 0.519196 0.538411 0.520110 0.539062 0.521024 0.539062 0.521938 0.539062 0.522852 0.539714 0.523766 0.539714 0.524680 0.539062 0.525594 0.539714 0.526508 0.539714 0.527422 0.540365 0.528336 0.539714 0.529250 0.539714 0.530165 0.539062 0.531079 0.539062 0.531993 0.539062 0.532907 0.538411 0.533821 0.537760 0.534735 0.537109 0.535649 0.536458 0.536563 0.535807 0.537477 0.535156 0.538391 0.534505 0.538391 0.533854 0.537477 0.533203 0.537477 0.532552 0.537477 0.531901 0.538391 0.531250 0.538391 0.530599 0.539305 0.529948 0.540219 0.529948 0.541133 0.529948 0.542048 0.529948 0.542962 0.529948 0.543876 0.530599 0.544790 0.531250 0.545704 0.531250 0.546618 0.531250 0.547532 0.531901 0.547532 0.532552 0.548446 0.533203 0.548446 0.533854 0.548446 0.534505 0.548446 0.535156 0.548446 0.535807 0.549360 0.536458 0.548446 0.537109 0.548446 0.537760 0.548446 0.538411 0.548446 0.539062 0.548446 0.539714 0.548446 0.540365 0.549360 0.541016 0.549360 0.541667 0.549360 0.542318 0.549360 0.542969 0.549360 0.543620 0.550274 0.544271 0.549360 0.544922 0.549360 0.545573 0.549360 0.546224 0.550274 0.546875 0.551188 0.547526 0.551188 0.548177 0.551188 0.548828 0.552102 0.549479 0.553016 0.550130 0.553931 0.550781 0.554845 0.551432 0.554845 0.552083 0.555759 0.552734 0.556673 0.552734 0.557587 0.552734 0.558501 0.553385 0.559415 0.554036 0.560329 0.554036 0.561243 0.553385 0.562157 0.554036 0.563071 0.554036 0.563985 0.554688 0.564899 0.555339 0.565814 0.554688 0.566728 0.555339 0.566728 0.555990 0.567642 0.556641 0.567642 0.557292 0.567642 0.557943 0.567642 0.557943 0.566728 0.558594 0.565814 0.558594 0.564899 0.558594 0.563985 0.558594 0.563071 0.558594 0.562157 0.559245 0.561243 0.558594 0.560329 0.558594 0.559415 0.559245 0.558501 0.558594 0.557587 0.558594 0.556673 0.558594 0.555759 0.557943 0.554845 0.557943 0.553931 0.557943 0.553016 0.557943 0.552102 0.558594 0.551188 0.557943 0.550274 0.558594 0.549360 0.557943 0.548446 0.557292 0.547532 0.557943 0.546618 0.557943 0.545704 0.557292 0.544790 0.557943 0.543876 0.557943 0.542962 0.558594 0.542048 0.557943 0.541133 0.557943 0.540219 0.557943 0.539305 0.557943 0.538391 0.557292 0.537477 0.557292 0.536563 0.556641 0.535649 0.556641 0.534735 0.555990 0.534735 0.555339 0.533821 0.554688 0.532907 0.554036 0.532907 0.553385 0.531993 0.552734 0.531079 0.552083 0.530165 0.552083 0.529250 0.551432 0.528336 0.551432 0.527422 0.550781 0.526508 0.551432 0.525594 0.550781 0.524680 0.550130 0.523766 0.550781 0.522852 0.551432 0.521938 0.552083 0.521024 0.552734 0.521024 0.553385 0.521024 0.554036 0.521938 0.554688 0.522852 0.555339 0.521938 0.555990 0.522852 0.556641 0.522852 0.557292 0.521938 0.556641 0.521024 0.556641 0.520110 0.555990 0.519196 0.555339 0.518282 0.554688 0.517367 0.554688 0.516453 0.554036 0.517367 0.553385 0.516453 0.552734 0.515539 0.552083 0.514625 0.551432 0.513711 0.551432 0.512797 0.551432 0.511883 0.550781 0.510969 0.550130 0.510055 0.549479 0.509141 0.548828 0.508227 0.548828 0.507313 0.548177 0.506399 0.547526 0.505484 0.547526 0.504570 0.546875 0.503656 0.546875 0.502742 0.546875 0.501828 0.546875 0.500914 0.546224 0.500000 0.546224 0.499086 0.545573 0.498172 0.544922 0.497258 0.544922 0.496344 0.544271 0.495430 0.543620 0.494516 0.542969 0.493601 0.542969 0.492687 0.542969 0.491773 0.542318 0.490859 0.542318 0.489945 0.542318 0.489031 0.541667 0.488117 0.541667 0.487203 0.541016 0.486289 0.541016 0.485375 0.541667 0.484461 0.541016 0.483547 0.541667 0.482633 0.542318 0.481718 0.542969 0.480804 0.543620 0.480804 0.544271 0.479890 0.544922 0.478976 0.545573 0.478976 0.544922 0.478062 0.545573 0.477148 0.546224 0.476234 0.546875 0.476234 0.546224 0.475320 0.546875 0.474406 0.547526 0.473492 0.548177 0.472578 0.548177 0.471664 0.548828 0.470750 0.549479 0.469835 0.549479 0.468921 0.550130 0.468007 0.549479 0.467093 0.550130 0.466179 0.550781 0.465265 0.550781 0.464351 0.550781 0.463437 0.551432 0.462523 0.552083 0.461609 0.552083 0.460695 0.552734 0.459781 0.552083 0.458867 0.552083 0.457952 0.552734 0.457038 0.552083 0.456124 0.552734 0.455210 0.552083 0.454296 0.552734 0.453382 0.552734 0.452468 0.553385 0.451554 0.553385 0.450640 0.553385 0.449726 0.554036 0.448812 0.553385 0.447898 0.553385 0.446984 0.553385 0.446069 0.552734 0.445155 0.552734 0.444241 0.553385 0.443327 0.552734 0.442413 0.553385 0.441499 0.554036 0.440585 0.554036 0.439671 0.553385 0.438757 0.554036 0.437843 0.554688 0.436929 0.554688 0.436015 0.554688 0.435101 0.554688 0.434186 0.554036 0.433272 0.554036 0.432358 0.554036 0.431444 0.553385 0.430530 0.552734 0.429616 0.552734 0.428702 0.552734 0.427788 0.552734 0.426874 0.552083 0.425960 0.552083 0.425046 0.552734 0.424132 0.552734 0.423218 0.552734 0.422303 0.553385 0.421389 0.553385 0.420475 0.553385 0.419561 0.554036 0.418647 0.554036 0.417733 0.554036 0.416819 0.554688 0.415905 0.554036 0.414991 0.554036 0.414077 0.554036 0.413163 0.554036 0.412249 0.554688 0.411335 0.554688 0.410420 0.555339 0.409506 0.555339 0.408592 0.555339 0.407678 0.555990 0.406764 0.556641 0.405850 0.557292 0.404936 0.557943 0.404022 0.558594 0.403108 0.559245 0.402194 0.559245 0.401280 0.559896 0.400366 0.560547 0.399452 0.559896 0.398537 0.559896 0.397623 0.560547 0.396709 0.559896 0.395795 0.559245 0.394881 0.558594 0.393967 0.558594 0.393053 0.557943 0.392139 0.557943 0.391225 0.557943 0.390311 0.557292 0.389397 0.556641 0.388483 0.557292 0.387569 0.556641 0.386654 0.555990 0.385740 0.555339 0.384826 0.555990 0.383912 0.555990 0.382998 0.555339 0.382084 0.555990 0.381170 0.555339 0.380256 0.555990 0.379342 0.555339 0.378428 0.555339 0.377514 0.555990 0.376600 0.555990 0.375686 0.555339 0.374771 0.555339 0.373857 0.555339 0.372943 0.555339 0.372029 0.555990 0.371115 0.555339 0.370201 0.555990 0.369287 0.555339 0.368373 0.555990 0.367459 0.555339 0.366545 0.555339 0.365631 0.554688 0.364717 0.554688 0.363803 0.555339 0.362888 0.554688 0.361974 0.554688 0.361060 0.554036 0.361974 0.553385 0.361060 0.552734 0.360146 0.553385 0.359232 0.552734 0.358318 0.552083 0.357404 0.552083 0.356490 0.551432 0.355576 0.550781 0.354662 0.550781 0.353748 0.550130 0.352834 0.549479 0.351920 0.548828 0.351005 0.548177 0.350091 0.547526 0.350091 0.546875 0.349177 0.546224 0.348263 0.545573 0.347349 0.544922 0.346435 0.545573 0.345521 0.546224 0.344607 0.545573 0.343693 0.546224 0.342779 0.546224 0.341865 0.546224 0.340951 0.546224 0.340037 0.545573 0.339122 0.545573 0.338208 0.544922 0.337294 0.544271 0.336380 0.543620 0.335466 0.543620 0.334552 0.544271 0.333638 0.543620 0.332724 0.542969 0.331810 0.542969 0.330896 0.543620 0.329982 0.543620 0.329068 0.542969 0.328154 0.542969 0.327239 0.543620 0.326325 0.542969 0.325411 0.543620 0.324497 0.542969 0.323583 0.542969 0.322669 0.542969 0.321755 0.543620 0.320841 0.542969 0.319927 0.543620 0.319013 0.543620 0.318099 0.544271 0.317185 0.544922 0.316271 0.545573 0.315356 0.545573 0.314442 0.546224 0.313528 0.546875 0.312614 0.547526 0.311700 0.548177 0.310786 0.548828 0.309872 0.548828 0.308958 0.549479 0.308044 0.550130 0.307130 0.550781 0.306216 0.551432 0.305302 0.552083 0.304388 0.552734 0.304388 0.553385 0.303473 0.554036 0.303473 0.554036 0.302559 0.554036 0.301645 0.554036 0.300731 0.554688 0.299817 0.554036 0.298903 0.553385 0.297989 0.553385 0.297075 0.552734 0.297075 0.552083 0.297989 0.551432 0.297075 0.550781 0.296161 0.550130 0.297075 0.549479 0.297989 0.548828 0.297075 0.548177 0.297075 0.547526 0.297075 0.546875 0.297075 0.546224 0.297075 0.545573 0.297075 0.544922 0.297075 0.544271 0.297989 0.543620 0.297075 0.542969 0.297075 0.543620 0.297075 0.544271 0.297989 0.544922 0.298903 0.544271 0.299817 0.544922 0.300731 0.544922 0.301645 0.544922 0.302559 0.544922 0.303473 0.544271 0.304388 0.544271 0.305302 0.544271 0.306216 0.543620 0.307130 0.543620 0.308044 0.543620 0.308958 0.542969 0.309872 0.543620 0.310786 0.542969 0.311700 0.542969 0.312614 0.542318 0.313528 0.541667 0.314442 0.541016 0.315356 0.540365 0.315356 0.539714 0.316271 0.539062 0.316271 0.538411 0.316271 0.537760 0.316271 0.537109 0.316271 0.536458 0.315356 0.535807 0.314442 0.535156 0.315356 0.534505 0.314442 0.533854 0.313528 0.534505 0.312614 0.534505 0.311700 0.534505 0.310786 0.534505 0.309872 0.534505 0.308958 0.534505 0.308044 0.535156 0.307130 0.535156 0.306216 0.535807 0.305302 0.535156 0.304388 0.535807 0.303473 0.535807 0.302559 0.535807 0.301645 0.535807 0.300731 0.536458 0.299817 0.536458 0.298903 0.535807 0.297989 0.535807 0.297075 0.535807 0.296161 0.535156 0.295247 0.535156 0.294333 0.535156 0.293419 0.535156 0.292505 0.534505 0.291590 0.534505 0.290676 0.534505 0.289762 0.533854 0.288848 0.533854 0.287934 0.533854 0.287020 0.533203 0.286106 0.532552 0.285192 0.531901 0.284278 0.531250 0.284278 0.530599 0.283364 0.529948 0.283364 0.529297 0.282450 0.528646 0.281536 0.527995 0.281536 0.527344 0.281536 0.527344 0.282450 0.526693 0.283364 0.527344 0.284278 0.526693 0.285192 0.527344 0.286106 0.527995 0.287020 0.527344 0.287934 0.527995 0.288848 0.527995 0.289762 0.527995 0.290676 0.528646 0.291590 0.529297 0.292505 0.529297 0.293419 0.529297 0.294333 0.529948 0.295247 0.529948 0.296161 0.529948 0.297075 0.529948 0.297989 0.530599 0.298903 0.530599 0.299817 0.530599 0.300731 0.530599 0.301645 0.530599 0.302559 0.530599 0.303473 0.530599 0.304388 0.531250 0.305302 0.531250 0.306216 0.531250 0.307130 0.531901 0.308044 0.531901 0.308958 0.531901 0.309872 0.532552 0.310786 0.531901 0.311700 0.532552 0.312614 0.532552 0.313528 0.533203 0.314442 0.532552 0.315356 0.532552 0.316271 0.531901 0.317185 0.531250 0.318099 0.530599 0.319013 0.529948 0.319013 0.529297 0.318099 0.528646 0.317185 0.527995 0.318099 0.527344 0.317185 0.526693 0.317185 0.526042 0.317185 0.525391 0.316271 0.524740 0.315356 0.524089 0.314442 0.524089 0.313528 0.523438 0.312614 0.522786 0.311700 0.522135 0.310786 0.522135 0.309872 0.521484 0.308958 0.522135 0.308044 0.521484 0.307130 0.521484 0.306216 0.521484 0.305302 0.521484 0.304388 0.521484 0.303473 0.520833 0.302559 0.520833 0.301645 0.520833 0.300731 0.520182 0.299817 0.519531 0.298903 0.518880 0.297989 0.518880 0.297075 0.518229 0.296161 0.518229 0.295247 0.518880 0.294333 0.518229 0.294333 0.517578 0.293419 0.516927 0.292505 0.516276 0.292505 0.515625 0.291590 0.514974 0.290676 0.514974 0.289762 0.514323 0.288848 0.513672 0.287934 0.513021 0.287020 0.513021 0.286106 0.513672 0.285192 0.513021 0.284278 0.512370 0.283364 0.512370 0.282450 0.511719 0.281536 0.511068 0.280622 0.511068 0.279707 0.510417 0.278793 0.509766 0.277879 0.510417 0.276965 0.509766 0.276051 0.509766 0.275137 0.509766 0.274223 0.510417 0.273309 0.510417 0.272395 0.510417 0.271481 0.511068 0.270567 0.511719 0.269653 0.512370 0.268739 0.513021 0.267824 0.513672 0.268739 0.514323 0.268739 0.514974 0.268739 0.515625 0.268739 0.516276 0.269653 0.516927 0.270567 0.517578 0.269653 0.518229 0.270567 0.518880 0.271481 0.519531 0.272395 0.519531 0.273309 0.520182 0.273309 0.520833 0.274223 0.521484 0.275137 0.521484 0.276051 0.522135 0.276051 0.522786 0.276051 0.523438 0.276965 0.524089 0.276051 0.524089 0.275137 0.523438 0.274223 0.522786 0.273309 0.523438 0.272395 0.522786 0.271481 0.522786 0.270567 0.522135 0.269653 0.521484 0.268739 0.520833 0.267824 0.520182 0.266910 0.519531 0.266910 0.518880 0.265996 0.518229 0.265082 0.518229 0.264168 0.517578 0.264168 0.516927 0.263254 0.516276 0.262340 0.516276 0.261426 0.515625 0.260512 0.514974 0.259598 0.514323 0.258684 0.514974 0.257770 0.514323 0.256856 0.513672 0.255941 0.513672 0.255027 0.513021 0.254113 0.513021 0.253199 0.513021 0.252285 0.513672 0.251371 0.513021 0.250457 0.513021 0.249543 0.513021 0.248629 0.513021 0.247715 0.513021 0.246801 0.513021 0.245887 0.513021 0.244973 0.513672 0.244059 0.513672 0.243144 0.513672 0.242230 0.513672 0.241316 0.514323 0.240402 0.513672 0.239488 0.514323 0.238574 0.513672 0.237660 0.513672 0.236746 0.514323 0.235832 0.514323 0.234918 0.514323 0.234004 0.514974 0.233090 0.515625 0.232176 0.516276 0.231261 0.516927 0.230347 0.517578 0.230347 0.517578 0.229433 0.518229 0.228519 0.518229 0.227605 0.518880 0.226691 0.518880 0.225777 0.518229 0.224863 0.517578 0.224863 0.516927 0.223949 0.516276 0.223949 0.515625 0.223035 0.514974 0.222121 0.514323 0.223035 0.513672 0.223949 0.513021 0.223949 0.513021 0.224863 0.512370 0.225777 0.512370 0.226691 0.511719 0.227605 0.511719 0.228519 0.511068 0.229433 0.510417 0.230347 0.509766 0.230347 0.509115 0.231261 0.508464 0.231261 0.507812 0.232176 0.507161 0.231261 0.506510 0.232176 0.505859 0.233090 0.505859 0.234004 0.505859 0.234918 0.506510 0.235832 0.507161 0.236746 0.507161 0.237660 0.507812 0.238574 0.507812 0.239488 0.508464 0.240402 0.508464 0.241316 0.508464 0.242230 0.508464 0.243144 0.509115 0.244059 0.508464 0.244973 0.508464 0.245887 0.507812 0.246801 0.507812 0.247715 0.507161 0.248629 0.507812 0.249543 0.507161 0.250457 0.507161 0.251371 0.507161 0.252285 0.507812 0.253199 0.507812 0.254113 0.508464 0.255027 0.508464 0.255941 0.508464 0.256856 0.508464 0.257770 0.509115 0.258684 0.509115 0.259598 0.509115 0.260512 0.509115 0.261426 0.509115 0.262340 0.509766 0.263254 0.509766 0.264168 0.510417 0.265082 0.510417 0.265996 0.510417 0.266910 0.509766 0.267824 0.509115 0.268739 0.508464 0.267824 0.507812 0.268739 0.507161 0.268739 0.506510 0.268739 0.505859 0.267824 0.505208 0.266910 0.504557 0.266910 0.503906 0.265996 0.503255 0.265996 0.502604 0.265082 0.501953 0.264168 0.501302 0.263254 0.500651 0.263254 0.500000 0.263254 0.500000 0.264168 0.500000 0.265082 0.499349 0.265996 0.500000 0.266910 0.500651 0.267824 0.500651 0.268739 0.500651 0.269653 0.501302 0.270567 0.501953 0.271481 0.502604 0.271481 0.503255 0.272395 0.503906 0.271481 0.504557 0.272395 0.505208 0.273309 0.505208 0.274223 0.505859 0.274223 0.506510 0.275137 0.507161 0.276051 0.506510 0.276965 0.506510 0.277879 0.506510 0.278793 0.505859 0.279707 0.505859 0.280622 0.505208 0.281536 0.505859 0.282450 0.505859 0.283364 0.506510 0.284278 0.507161 0.285192 0.507161 0.286106 0.507161 0.287020 0.507812 0.287934 0.508464 0.288848 0.507812 0.289762 0.508464 0.290676 0.509115 0.291590 0.508464 0.292505 0.509115 0.293419 0.508464 0.294333 0.507812 0.295247 0.507161 0.296161 0.506510 0.296161 0.505859 0.296161 0.505208 0.295247 0.504557 0.295247 0.503906 0.296161 0.503255 0.297075 0.502604 0.296161 0.503255 0.297075 0.503906 0.297989 0.503906 0.298903 0.504557 0.298903 0.505208 0.298903 0.505859 0.298903 0.506510 0.298903 0.507161 0.298903 0.507812 0.298903 0.508464 0.299817 0.509115 0.300731 0.509766 0.300731 0.510417 0.301645 0.511068 0.302559 0.511719 0.301645 0.512370 0.302559 0.513021 0.303473 0.513672 0.304388 0.513672 0.305302 0.514323 0.305302 0.514974 0.306216 0.515625 0.307130 0.516276 0.308044 0.516927 0.308958 0.517578 0.309872 0.518229 0.310786 0.518229 0.311700 0.518229 0.312614 0.518880 0.313528 0.519531 0.314442 0.520182 0.315356 0.520182 0.316271 0.520182 0.317185 0.520833 0.318099 0.520833 0.319013 0.521484 0.319013 0.522135 0.319927 0.522786 0.319927 0.523438 0.319927 0.524089 0.319927 0.524740 0.319927 0.525391 0.320841 0.526042 0.321755 0.526693 0.320841 0.527344 0.319927 0.527995 0.320841 0.528646 0.321755 0.527995 0.320841 0.528646 0.319927 0.528646 0.319013 0.529297 0.318099 0.529948 0.319013 0.529948 0.319927 0.530599 0.319013 0.531250 0.318099 0.531901 0.319013 0.531901 0.319927 0.532552 0.319927 0.533203 0.319927 0.533854 0.320841 0.534505 0.321755 0.534505 0.322669 0.535156 0.323583 0.534505 0.324497 0.533854 0.325411 0.533203 0.326325 0.532552 0.326325 0.532552 0.327239 0.531901 0.328154 0.531250 0.329068 0.530599 0.329068 0.531250 0.329982 0.530599 0.330896 0.530599 0.331810 0.530599 0.332724 0.531250 0.333638 0.530599 0.334552 0.531250 0.335466 0.531901 0.335466 0.532552 0.336380 0.533203 0.336380 0.533854 0.337294 0.534505 0.337294 0.535156 0.337294 0.535807 0.338208 0.536458 0.339122 0.537109 0.338208 0.537760 0.339122 0.538411 0.340037 0.539062 0.339122 0.539714 0.339122 0.540365 0.340037 0.541016 0.340951 0.541667 0.341865 0.541667 0.342779 0.542318 0.343693 0.542318 0.344607 0.542969 0.345521 0.543620 0.345521 0.544271 0.346435 0.544922 0.346435 0.545573 0.347349 0.544922 0.348263 0.544271 0.349177 0.544271 0.350091 0.544271 0.351005 0.543620 0.351920 0.542969 0.352834 0.542969 0.353748 0.543620 0.354662 0.543620 0.355576 0.544271 0.356490 0.544271 0.357404 0.544271 0.358318 0.543620 0.359232 0.543620 0.360146 0.544271 0.361060 0.544271 0.361974 0.544271 0.362888 0.544922 0.363803 0.544922 0.364717 0.544922 0.365631 0.544922 0.366545 0.544922 0.367459 0.544271 0.368373 0.544271 0.369287 0.543620 0.370201 0.542969 0.371115 0.542318 0.372029 0.541667 0.372943 0.541016 0.373857 0.540365 0.374771 0.539714 0.374771 0.539062 0.373857 0.538411 0.373857 0.537760 0.374771 0.537109 0.373857 0.536458 0.373857 0.535807 0.372943 0.535156 0.373857 0.534505 0.373857 0.533854 0.374771 0.533203 0.375686 0.533203 0.376600 0.533203 0.377514 0.533203 0.378428 0.533203 0.379342 0.533203 0.380256 0.533854 0.381170 0.534505 0.381170 0.535156 0.382084 0.535807 0.382998 0.536458 0.383912 0.537109 0.383912 0.537760 0.384826 0.538411 0.384826 0.539062 0.385740 0.539714 0.385740 0.540365 0.385740 0.541016 0.385740 0.541667 0.386654 0.542318 0.386654 0.542969 0.386654 0.543620 0.387569 0.544271 0.386654 0.544922 0.386654 0.545573 0.387569 0.546224 0.387569 0.546875 0.388483 0.547526 0.389397 0.548177 0.390311 0.548828 0.391225 0.549479 0.391225 0.550130 0.391225 0.550781 0.391225 0.551432 0.392139 0.552083 0.393053 0.552734 0.393967 0.553385 0.394881 0.552734 0.395795 0.552734 0.396709 0.552083 0.397623 0.551432 0.398537 0.550781 0.399452 0.550130 0.400366 0.550130 0.401280 0.550130 0.402194 0.550130 0.403108 0.550130 0.404022 0.550130 0.404936 0.550781 0.405850 0.550130 0.406764 0.550130 0.407678 0.550781 0.408592 0.550781 0.409506 0.550781 0.410420 0.550781 0.411335 0.550781 0.412249 0.550130 0.413163 0.549479 0.414077 0.549479 0.414991 0.549479 0.415905 0.548828 0.416819 0.548828 0.417733 0.548828 0.418647 0.548177 0.419561 0.548177 0.420475 0.548828 0.421389 0.548828 0.422303 0.548828 0.423218 0.549479 0.424132 0.548828 0.425046 0.548828 0.425960 0.548828 0.426874 0.549479 0.427788 0.549479 0.428702 0.549479 0.429616 0.549479 0.430530 0.549479 0.431444 0.549479 0.432358 0.548828 0.433272 0.549479 0.434186 0.548828 0.435101 0.548828 0.436015 0.549479 0.436929 0.548828 0.437843 0.549479 0.438757 0.549479 0.439671 0.548828 0.440585 0.548828 0.441499 0.548177 0.442413 0.548177 0.443327 0.547526 0.444241 0.548177 0.445155 0.548177 0.446069 0.547526 0.446984 0.547526 0.447898 0.548177 0.448812 0.547526 0.449726 0.546875 0.450640 0.547526 0.451554 0.546875 0.452468 0.546875 0.453382 0.547526 0.454296 0.546875 0.455210 0.546875 0.456124 0.546875 0.457038 0.546224 0.457952 0.546224 0.458867 0.545573 0.459781 0.544922 0.460695 0.544271 0.460695 0.544922 0.461609 0.544271 0.462523 0.543620 0.463437 0.542969 0.462523 0.542318 0.463437 0.541667 0.464351 0.541016 0.464351 0.540365 0.465265 0.539714 0.465265 0.539714 0.466179 0.539714 0.467093 0.539062 0.468007 0.539062 0.468921 0.539062 0.469835 0.539714 0.470750 0.539714 0.471664 0.539714 0.472578 0.540365 0.473492 0.540365 0.474406 0.540365 0.475320 0.540365 0.476234 0.541016 0.477148 0.540365 0.478062 0.539714 0.478976 0.539062 0.479890 0.538411 0.480804 0.537760 0.481718 0.537109 0.481718 0.536458 0.480804 0.535807 0.480804 0.535156 0.481718 0.534505 0.481718 0.533854 0.480804 0.533203 0.479890 0.533203 0.480804 0.532552 0.481718 0.532552 0.482633 0.532552 0.483547 0.532552 0.484461 0.532552 0.485375 0.532552 0.486289 0.532552 0.487203 0.533203 0.488117 0.533203 0.489031 0.533203 0.489945 0.532552 0.490859 0.533203 0.491773 0.533854 0.492687 0.533854 0.493601 0.534505 0.494516 0.535156 0.495430 0.535156 0.496344 0.535156 0.497258 0.535807 0.497258 0.536458 0.497258 0.537109 0.498172 0.537760 0.498172 0.538411 0.498172 0.539062 0.499086 0.539714 0.500000 0.540365 0.500914 0.541016 0.501828 0.541016 0.502742 0.541016 0.503656 0.541016 0.504570 0.541016 0.505484 0.541016 0.506399 0.540365 0.507313 0.541016 0.508227 0.541667 0.508227 0.542318 0.509141 0.542969 0.509141 0.543620 0.509141 0.544271 0.510055 0.544922 0.510969 0.545573 0.511883 0.546224 0.511883 0.546875 0.512797 0.547526 0.513711 0.548177 0.514625 0.548828 0.515539 0.549479 0.516453 0.550130 0.517367 0.550130 0.518282 0.549479 0.519196 0.548828 0.520110 0.548177 0.520110 0.547526 0.520110 0.546875 0.521024 0.546224 0.521024 0.545573 0.521938 0.544922 0.521938 0.544271 0.521024 0.543620 0.521938 0.542969 0.521938 0.542318 0.521938 0.541667 0.521024 0.541016 0.520110 0.541667 0.519196 0.541016 0.518282 0.540365 0.517367 0.539714 0.516453 0.539062 0.515539 0.539062 0.514625 0.538411 0.513711 0.538411 0.512797 0.538411 0.511883 0.539062 0.510969 0.538411 0.510055 0.538411 0.509141 0.537760 0.508227 0.537109 0.508227 0.536458 0.507313 0.535807 0.506399 0.535156 0.505484 0.534505 0.504570 0.533854 0.504570 0.533203 0.503656 0.532552 0.502742 0.531901 0.501828 0.531901 0.500914 0.531250 0.500914 0.530599 0.500000 0.529948 0.499086 0.530599 0.498172 0.529948 0.497258 0.529948 0.496344 0.529297 0.495430 0.529297 0.494516 0.529297 0.493601 0.529297 0.492687 0.529297 0.491773 0.528646 0.490859 0.529297 0.489945 0.528646 0.489031 0.528646 0.488117 0.528646 0.487203 0.527995 0.486289 0.527344 0.485375 0.527344 0.484461 0.527344 0.483547 0.527344 0.482633 0.526693 0.481718 0.526693 0.480804 0.527344 0.479890 0.527344 0.478976 0.527995 0.478062 0.528646 0.477148 0.529297 0.476234 0.529948 0.477148 0.530599 0.477148 0.531250 0.476234 0.531901 0.476234 0.531250 0.475320 0.531250 0.474406 0.531250 0.473492 0.530599 0.472578 0.530599 0.471664 0.530599 0.470750 0.529948 0.469835 0.529297 0.468921 0.528646 0.468007 0.528646 0.467093 0.527995 0.466179 0.527995 0.465265 0.527995 0.464351 0.527344 0.463437 0.527995 0.462523 0.527344 0.461609 0.527344 0.460695 0.527344 0.459781 0.527344 0.458867 0.527344 0.457952 0.527344 0.457038 0.527344 0.456124 0.527344 0.455210 0.527995 0.454296 0.527344 0.453382 0.526693 0.452468 0.526693 0.451554 0.526042 0.450640 0.525391 0.449726 0.524740 0.448812 0.524089 0.447898 0.523438 0.446984 0.522786 0.446069 0.522135 0.445155 0.521484 0.444241 0.521484 0.443327 0.520833 0.442413 0.520833 0.441499 0.520833 0.440585 0.520182 0.439671 0.520182 0.438757 0.520182 0.437843 0.519531 0.436929 0.519531 0.436015 0.518880 0.436015 0.518229 0.435101 0.517578 0.435101 0.516927 0.434186 0.516276 0.433272 0.516927 0.432358 0.516276 0.431444 0.516276 0.430530 0.516276 0.429616 0.516927 0.428702 0.516276 0.427788 0.516276 0.426874 0.515625 0.425960 0.515625 0.425046 0.515625 0.424132 0.514974 0.423218 0.515625 0.422303 0.514974 0.421389 0.514974 0.420475 0.514974 0.419561 0.514323 0.418647 0.514323 0.417733 0.514323 0.416819 0.513672 0.415905 0.514323 0.414991 0.513672 0.414077 0.514323 0.413163 0.514323 0.412249 0.513672 0.411335 0.513672 0.410420 0.513672 0.409506 0.513021 0.408592 0.512370 0.407678 0.512370 0.406764 0.513021 0.405850 0.512370 0.404936 0.512370 0.404022 0.513021 0.403108 0.513672 0.402194 0.514323 0.401280 0.514974 0.400366 0.515625 0.399452 0.516276 0.399452 0.515625 0.398537 0.516276 0.397623 0.516927 0.396709 0.516276 0.395795 0.516927 0.394881 0.516276 0.393967 0.516927 0.393053 0.517578 0.392139 0.517578 0.391225 0.517578 0.390311 0.518229 0.389397 0.517578 0.388483 0.517578 0.387569 0.517578 0.386654 0.518229 0.385740 0.517578 0.384826 0.518229 0.383912 0.517578 0.382998 0.517578 0.382084 0.517578 0.381170 0.516927 0.380256 0.517578 0.379342 0.516927 0.379342 0.516276 0.378428 0.515625 0.378428 0.514974 0.377514 0.514323 0.376600 0.513672 0.375686 0.513021 0.374771 0.513021 0.373857 0.512370 0.373857 0.511719 0.372943 0.511068 0.372029 0.511719 0.371115 0.511068 0.370201 0.511068 0.369287 0.511068 0.368373 0.510417 0.368373 0.509766 0.367459 0.509115 0.366545 0.509115 0.365631 0.509115 0.364717 0.509115 0.363803 0.509766 0.362888 0.510417 0.361974 0.510417 0.361060 0.511068 0.360146 0.511719 0.359232 0.512370 0.358318 0.513021 0.357404 0.513672 0.356490 0.514323 0.355576 0.514323 0.354662 0.514323 0.353748 0.514323 0.352834 0.514323 0.351920 0.513672 0.351920 0.513021 0.351005 0.512370 0.350091 0.511719 0.350091 0.511068 0.351005 0.510417 0.351920 0.509766 0.351005 0.509766 0.351920 0.509115 0.352834 0.508464 0.353748 0.508464 0.354662 0.508464 0.355576 0.508464 0.356490 0.508464 0.357404 0.507812 0.358318 0.507161 0.359232 0.506510 0.360146 0.505859 0.361060 0.505208 0.361060 0.504557 0.360146 0.503906 0.360146 0.503255 0.359232 0.502604 0.358318 0.501953 0.358318 0.501302 0.357404 0.500651 0.356490 0.500000 0.356490 0.499349 0.355576 0.498698 0.354662 0.498047 0.354662 0.497396 0.353748 0.496745 0.352834 0.496094 0.353748 0.495443 0.353748 0.494792 0.353748 0.494141 0.352834 0.493490 0.351920 0.492839 0.351005 0.492188 0.350091 0.491536 0.349177 0.491536 0.348263 0.490885 0.347349 0.490234 0.346435 0.490234 0.345521 0.489583 0.344607 0.488932 0.344607 0.488281 0.343693 0.487630 0.342779 0.486979 0.341865 0.486328 0.340951 0.486328 0.340037 0.486328 0.339122 0.486328 0.338208 0.485677 0.337294 0.485677 0.336380 0.485026 0.335466 0.485026 0.334552 0.485026 0.333638 0.485026 0.332724 0.485026 0.331810 0.485026 0.330896 0.484375 0.329982 0.484375 0.329068 0.484375 0.328154 0.484375 0.327239 0.484375 0.326325 0.485026 0.325411 0.485677 0.324497 0.485677 0.323583 0.486328 0.322669 0.486979 0.321755 0.486979 0.320841 0.487630 0.319927 0.487630 0.319013 0.487630 0.318099 0.487630 0.317185 0.488281 0.316271 0.488281 0.315356 0.488932 0.314442 0.489583 0.313528 0.490234 0.312614 0.490234 0.311700 0.490885 0.310786 0.491536 0.309872 0.492188 0.308958 0.492188 0.308044 0.491536 0.307130 0.491536 0.306216 0.491536 0.305302 0.491536 0.304388 0.490885 0.303473 0.490234 0.302559 0.490234 0.301645 0.489583 0.302559 0.488932 0.301645 0.488281 0.301645 0.487630 0.301645 0.486979 0.301645 0.486328 0.301645 0.485677 0.302559 0.485026 0.302559 0.485026 0.303473 0.484375 0.304388 0.484375 0.305302 0.484375 0.306216 0.484375 0.307130 0.485026 0.308044 0.484375 0.308958 0.484375 0.309872 0.484375 0.310786 0.484375 0.311700 0.483724 0.312614 0.483073 0.313528 0.483073 0.314442 0.483073 0.315356 0.482422 0.316271 0.481771 0.317185 0.481120 0.318099 0.480469 0.318099 0.479818 0.319013 0.479167 0.319013 0.478516 0.318099 0.477865 0.317185 0.477865 0.316271 0.477214 0.315356 0.477214 0.314442 0.476562 0.313528 0.475911 0.312614 0.475911 0.311700 0.475911 0.310786 0.475911 0.309872 0.475260 0.308958 0.475911 0.308044 0.475911 0.307130 0.475260 0.306216 0.475260 0.305302 0.475260 0.304388 0.475260 0.303473 0.475260 0.302559 0.475260 0.301645 0.475911 0.300731 0.475911 0.299817 0.476562 0.298903 0.475911 0.297989 0.476562 0.297075 0.475911 0.296161 0.475911 0.295247 0.475911 0.294333 0.475911 0.293419 0.475260 0.292505 0.474609 0.291590 0.473958 0.291590 0.473307 0.291590 0.472656 0.292505 0.472005 0.292505 0.471354 0.292505 0.470703 0.292505 0.470052 0.291590 0.469401 0.291590 0.468750 0.291590 0.468099 0.290676 0.467448 0.291590 0.466797 0.291590 0.466146 0.291590 0.465495 0.290676 0.464844 0.290676 0.464193 0.290676 0.463542 0.289762 0.462891 0.288848 0.463542 0.287934 0.462891 0.287020 0.462891 0.286106 0.462891 0.285192 0.462891 0.284278 0.462891 0.283364 0.462891 0.282450 0.462891 0.281536 0.462891 0.280622 0.462240 0.279707 0.462891 0.278793 0.462891 0.277879 0.462240 0.276965 0.462240 0.276051 0.462240 0.275137 0.461589 0.274223 0.461589 0.273309 0.461589 0.272395 0.461589 0.271481 0.461589 0.270567 0.462240 0.269653 0.461589 0.269653 0.460938 0.268739 0.460286 0.267824 0.459635 0.266910 0.458984 0.265996 0.459635 0.265082 0.458984 0.264168 0.458984 0.263254 0.458333 0.262340 0.458333 0.261426 0.457682 0.260512 0.457682 0.259598 0.457031 0.258684 0.457682 0.257770 0.457031 0.258684 0.456380 0.257770 0.455729 0.256856 0.455729 0.255941 0.455729 0.255027 0.455729 0.254113 0.456380 0.253199 0.455729 0.252285 0.456380 0.251371 0.455729 0.250457 0.455729 0.249543 0.455729 0.248629 0.455729 0.247715 0.455078 0.246801 0.455078 0.245887 0.455078 0.244973 0.454427 0.244059 0.454427 0.243144 0.455078 0.242230 0.455078 0.241316 0.454427 0.240402 0.455078 0.239488 0.455078 0.238574 0.455078 0.237660 0.455078 0.236746 0.455078 0.235832 0.455078 0.234918 0.455729 0.234004 0.456380 0.233090 0.456380 0.232176 0.456380 0.231261 0.455729 0.230347 0.455078 0.229433 0.454427 0.229433 0.453776 0.229433 0.453125 0.230347 0.452474 0.229433 0.451823 0.230347 0.451172 0.231261 0.450521 0.231261 0.451172 0.232176 0.450521 0.233090 0.449870 0.234004 0.449219 0.234004 0.449870 0.234918 0.449219 0.235832 0.448568 0.236746 0.447917 0.236746 0.447266 0.235832 0.446615 0.234918 0.446615 0.234004 0.446615 0.233090 0.445964 0.232176 0.445964 0.231261 0.445964 0.230347 0.445312 0.229433 0.445964 0.228519 0.445964 0.227605 0.446615 0.226691 0.445964 0.225777 0.446615 0.224863 0.447266 0.223949 0.447917 0.223035 0.448568 0.222121 0.448568 0.221207 0.449219 0.220293 0.449219 0.219378 0.449870 0.218464 0.449870 0.217550 0.449870 0.216636 0.449870 0.215722 0.450521 0.214808 0.449870 0.213894 0.449870 0.212980 0.449870 0.212066 0.449219 0.211152 0.448568 0.210238 0.448568 0.209324 0.447917 0.208410 0.447266 0.208410 0.446615 0.208410 0.445964 0.207495
0 0.578776 0.201097 0.578125 0.202011 0.577474 0.202011 0.577474 0.202925 0.576823 0.203839 0.576823 0.204753 0.576172 0.205667 0.576823 0.206581 0.576823 0.207495 0.577474 0.208410 0.577474 0.209324 0.578125 0.209324 0.578776 0.209324 0.579427 0.209324 0.580078 0.210238 0.580729 0.211152 0.580078 0.212066 0.580729 0.212980 0.581380 0.213894 0.580729 0.214808 0.580078 0.215722 0.579427 0.216636 0.578776 0.216636 0.578125 0.217550 0.577474 0.217550 0.576823 0.217550 0.576172 0.218464 0.575521 0.218464 0.574870 0.218464 0.574219 0.218464 0.573568 0.218464 0.572917 0.218464 0.572266 0.217550 0.571615 0.216636 0.570964 0.217550 0.570312 0.216636 0.569661 0.217550 0.569661 0.218464 0.569010 0.219378 0.568359 0.220293 0.569010 0.221207 0.569010 0.222121 0.569010 0.223035 0.569661 0.223949 0.569010 0.224863 0.569661 0.225777 0.569661 0.226691 0.569010 0.227605 0.569010 0.228519 0.569010 0.229433 0.569010 0.230347 0.568359 0.231261 0.569010 0.232176 0.568359 0.233090 0.568359 0.234004 0.567708 0.234918 0.567708 0.235832 0.567057 0.236746 0.566406 0.237660 0.566406 0.238574 0.565755 0.239488 0.566406 0.240402 0.566406 0.241316 0.565755 0.242230 0.566406 0.243144 0.565755 0.244059 0.565755 0.244973 0.565755 0.245887 0.566406 0.246801 0.566406 0.247715 0.567057 0.248629 0.566406 0.249543 0.566406 0.250457 0.567057 0.251371 0.566406 0.252285 0.567057 0.253199 0.567057 0.254113 0.567057 0.255027 0.567708 0.255941 0.567708 0.256856 0.568359 0.257770 0.568359 0.258684 0.568359 0.259598 0.569010 0.260512 0.569661 0.261426 0.570312 0.262340 0.569661 0.263254 0.569010 0.264168 0.568359 0.264168 0.567708 0.264168 0.567708 0.265082 0.567057 0.265996 0.567708 0.266910 0.568359 0.267824 0.568359 0.268739 0.569010 0.269653 0.569010 0.270567 0.569661 0.271481 0.570312 0.272395 0.570964 0.273309 0.570964 0.274223 0.571615 0.274223 0.572266 0.275137 0.572917 0.276051 0.572266 0.276965 0.572917 0.276051 0.573568 0.276051 0.574219 0.276051 0.574219 0.275137 0.574870 0.274223 0.574870 0.273309 0.574870 0.272395 0.575521 0.271481 0.575521 0.270567 0.575521 0.269653 0.575521 0.268739 0.575521 0.267824 0.575521 0.266910 0.575521 0.265996 0.575521 0.265082 0.575521 0.264168 0.576172 0.263254 0.575521 0.262340 0.575521 0.261426 0.574870 0.260512 0.574870 0.259598 0.574219 0.258684 0.574870 0.257770 0.574219 0.256856 0.573568 0.255941 0.573568 0.255027 0.573568 0.254113 0.573568 0.253199 0.572917 0.252285 0.572917 0.251371 0.572266 0.250457 0.572917 0.249543 0.572266 0.248629 0.571615 0.247715 0.572266 0.246801 0.571615 0.245887 0.571615 0.244973 0.571615 0.244059 0.572266 0.243144 0.572266 0.242230 0.572917 0.241316 0.572917 0.240402 0.572266 0.239488 0.572917 0.238574 0.573568 0.237660 0.573568 0.236746 0.572917 0.235832 0.573568 0.234918 0.572917 0.234004 0.573568 0.233090 0.574219 0.232176 0.574870 0.231261 0.574870 0.230347 0.575521 0.229433 0.576172 0.228519 0.576823 0.227605 0.577474 0.226691 0.578125 0.226691 0.578776 0.225777 0.579427 0.224863 0.580078 0.223949 0.580729 0.223035 0.581380 0.223035 0.582031 0.222121 0.582682 0.222121 0.583333 0.221207 0.583984 0.220293 0.584635 0.219378 0.585286 0.218464 0.585938 0.217550 0.586589 0.216636 0.587240 0.215722 0.587891 0.214808 0.588542 0.213894 0.589193 0.213894 0.589844 0.213894 0.590495 0.212980 0.591146 0.212066 0.590495 0.211152 0.591146 0.210238 0.591146 0.209324 0.591146 0.208410 0.591146 0.207495 0.590495 0.206581 0.591146 0.205667 0.590495 0.204753 0.589844 0.203839 0.589193 0.203839 0.588542 0.202925 0.587891 0.202925 0.587240 0.202925 0.586589 0.202925 0.585938 0.203839 0.585286 0.202925 0.584635 0.202925 0.583984 0.203839 0.583333 0.203839 0.582682 0.202925 0.582031 0.202011 0.581380 0.202925 0.580729 0.202011 0.580078 0.202011 0.579427 0.202011
0 0.758464 0.193784 0.757812 0.194698 0.757161 0.195612 0.757161 0.196527 0.757161 0.197441 0.757161 0.198355 0.757161 0.199269 0.757161 0.200183 0.756510 0.201097 0.756510 0.202011 0.757161 0.202925 0.757161 0.203839 0.756510 0.204753 0.757161 0.205667 0.756510 0.206581 0.755859 0.207495 0.755208 0.207495 0.755208 0.208410 0.754557 0.209324 0.753906 0.210238 0.753255 0.210238 0.752604 0.210238 0.751953 0.209324 0.751302 0.209324 0.751302 0.210238 0.750651 0.211152 0.750651 0.212066 0.750000 0.212980 0.749349 0.213894 0.749349 0.214808 0.748698 0.215722 0.749349 0.216636 0.748698 0.217550 0.748047 0.218464 0.747396 0.219378 0.747396 0.220293 0.746745 0.221207 0.746094 0.222121 0.745443 0.223035 0.744792 0.223949 0.744141 0.224863 0.743490 0.225777 0.742839 0.226691 0.742188 0.227605 0.741536 0.228519 0.740885 0.229433 0.740234 0.229433 0.739583 0.230347 0.738932 0.231261 0.738281 0.232176 0.738281 0.233090 0.737630 0.234004 0.737630 0.234918 0.736979 0.235832 0.736979 0.236746 0.736979 0.237660 0.736328 0.238574 0.736328 0.239488 0.736328 0.240402 0.736328 0.241316 0.736328 0.242230 0.736979 0.243144 0.736328 0.244059 0.736328 0.244973 0.736979 0.245887 0.736979 0.246801 0.736328 0.247715 0.736979 0.248629 0.737630 0.249543 0.738281 0.250457 0.738932 0.249543 0.739583 0.249543 0.740234 0.249543 0.740885 0.250457 0.741536 0.249543 0.742188 0.249543 0.742839 0.248629 0.742839 0.247715 0.742839 0.246801 0.742188 0.245887 0.742188 0.244973 0.742188 0.244059 0.741536 0.243144 0.742188 0.242230 0.742188 0.241316 0.742839 0.240402 0.743490 0.239488 0.744141 0.238574 0.744141 0.237660 0.744792 0.236746 0.745443 0.235832 0.746094 0.235832 0.746745 0.234918 0.747396 0.234004 0.748047 0.233090 0.748698 0.232176 0.749349 0.232176 0.749349 0.231261 0.749349 0.230347 0.748698 0.229433 0.749349 0.228519 0.749349 0.227605 0.750000 0.226691 0.750000 0.225777 0.750651 0.224863 0.750651 0.223949 0.751302 0.223035 0.751302 0.222121 0.751953 0.221207 0.751953 0.220293 0.752604 0.219378 0.753255 0.218464 0.753255 0.217550 0.753906 0.216636 0.754557 0.215722 0.755208 0.214808 0.755859 0.214808 0.756510 0.213894 0.757161 0.212980 0.757812 0.213894 0.758464 0.213894 0.759115 0.213894 0.759766 0.213894 0.760417 0.214808 0.761068 0.215722 0.761719 0.215722 0.762370 0.216636 0.763021 0.217550 0.763672 0.217550 0.764323 0.218464 0.764974 0.218464 0.765625 0.218464 0.766276 0.218464 0.766927 0.218464 0.767578 0.218464 0.768229 0.218464 0.768880 0.218464 0.769531 0.218464 0.770182 0.217550 0.770182 0.216636 0.770833 0.215722 0.771484 0.214808 0.771484 0.213894 0.772135 0.212980 0.772786 0.212066 0.773438 0.212066 0.774089 0.212066 0.774089 0.211152 0.774740 0.210238 0.775391 0.209324 0.774740 0.208410 0.775391 0.207495 0.775391 0.206581 0.775391 0.205667 0.774740 0.204753 0.775391 0.203839 0.774740 0.203839 0.774089 0.202925 0.773438 0.202011 0.772786 0.201097 0.772135 0.200183 0.771484 0.199269 0.770833 0.199269 0.770182 0.198355 0.769531 0.197441 0.768880 0.198355 0.768229 0.197441 0.767578 0.198355 0.766927 0.197441 0.766276 0.197441 0.765625 0.197441 0.764974 0.196527 0.764323 0.196527 0.763672 0.195612 0.763021 0.196527 0.762370 0.195612 0.761719 0.194698 0.761068 0.194698 0.760417 0.193784 0.759766 0.193784 0.759115 0.193784
0 0.629557 0.185558 0.629557 0.186472 0.628906 0.187386 0.628255 0.188300 0.628255 0.189214 0.628255 0.190128 0.627604 0.191042 0.628255 0.191956 0.627604 0.192870 0.628255 0.193784 0.628255 0.194698 0.628255 0.195612 0.628255 0.196527 0.628255 0.197441 0.628255 0.198355 0.627604 0.199269 0.627604 0.200183 0.626953 0.201097 0.626302 0.202011 0.626953 0.202925 0.626953 0.203839 0.626953 0.204753 0.626302 0.205667 0.625651 0.206581 0.625651 0.207495 0.626302 0.208410 0.625651 0.209324 0.626302 0.210238 0.626302 0.211152 0.625651 0.212066 0.626302 0.212980 0.625651 0.213894 0.626302 0.214808 0.625651 0.215722 0.625000 0.216636 0.625000 0.217550 0.625000 0.218464 0.624349 0.219378 0.624349 0.220293 0.624349 0.221207 0.623698 0.222121 0.623698 0.223035 0.623047 0.223949 0.622396 0.224863 0.621745 0.225777 0.621745 0.226691 0.621094 0.227605 0.620443 0.228519 0.619792 0.227605 0.619141 0.226691 0.618490 0.225777 0.617839 0.224863 0.617188 0.223949 0.617839 0.223035 0.618490 0.222121 0.617839 0.221207 0.617839 0.220293 0.617839 0.219378 0.618490 0.218464 0.617839 0.217550 0.617839 0.216636 0.617188 0.215722 0.616536 0.214808 0.615885 0.214808 0.615234 0.214808 0.614583 0.213894 0.613932 0.212980 0.614583 0.212066 0.613932 0.212980 0.613281 0.212980 0.612630 0.212980 0.611979 0.212066 0.611328 0.212066 0.610677 0.212066 0.610026 0.211152 0.610026 0.212066 0.609375 0.212980 0.609375 0.213894 0.609375 0.214808 0.610026 0.215722 0.610677 0.216636 0.610677 0.217550 0.610677 0.218464 0.610677 0.219378 0.611328 0.220293 0.611979 0.221207 0.611979 0.222121 0.611979 0.223035 0.611979 0.223949 0.611328 0.224863 0.610677 0.225777 0.610026 0.225777 0.609375 0.224863 0.608724 0.223949 0.608073 0.223035 0.607422 0.222121 0.607422 0.221207 0.606771 0.220293 0.606120 0.220293 0.605469 0.219378 0.604818 0.218464 0.604167 0.218464 0.603516 0.217550 0.602865 0.218464 0.602214 0.217550 0.601562 0.218464 0.600911 0.218464 0.600260 0.219378 0.599609 0.220293 0.600260 0.221207 0.600260 0.222121 0.599609 0.223035 0.599609 0.223949 0.600260 0.224863 0.600911 0.225777 0.600911 0.226691 0.601562 0.227605 0.602214 0.228519 0.602865 0.229433 0.603516 0.230347 0.604167 0.231261 0.604818 0.232176 0.605469 0.233090 0.605469 0.234004 0.606120 0.233090 0.606771 0.234004 0.607422 0.234918 0.608073 0.235832 0.608073 0.236746 0.608724 0.237660 0.608073 0.238574 0.608073 0.239488 0.608724 0.240402 0.608073 0.241316 0.608724 0.242230 0.609375 0.243144 0.608724 0.244059 0.608724 0.244973 0.609375 0.245887 0.609375 0.246801 0.609375 0.247715 0.609375 0.248629 0.610026 0.249543 0.609375 0.250457 0.608724 0.251371 0.608724 0.252285 0.608724 0.253199 0.608724 0.254113 0.608073 0.255027 0.608073 0.255941 0.608073 0.256856 0.607422 0.257770 0.608073 0.258684 0.607422 0.259598 0.606771 0.260512 0.606120 0.261426 0.605469 0.260512 0.604818 0.261426 0.604167 0.262340 0.603516 0.262340 0.602865 0.262340 0.602214 0.262340 0.601562 0.262340 0.600911 0.263254 0.600260 0.263254 0.600260 0.264168 0.599609 0.265082 0.598958 0.265996 0.598307 0.265996 0.598307 0.266910 0.597656 0.267824 0.597005 0.268739 0.596354 0.269653 0.596354 0.270567 0.595703 0.271481 0.595052 0.272395 0.594401 0.273309 0.593750 0.274223 0.593099 0.274223 0.592448 0.274223 0.591797 0.273309 0.591146 0.274223 0.590495 0.274223 0.589844 0.274223 0.589193 0.275137 0.588542 0.275137 0.587891 0.274223 0.587240 0.273309 0.586589 0.272395 0.585938 0.271481 0.585286 0.270567 0.585286 0.269653 0.585286 0.268739 0.584635 0.267824 0.583984 0.266910 0.583333 0.266910 0.582682 0.265996 0.582031 0.265996 0.581380 0.265996 0.580729 0.265996 0.580078 0.266910 0.579427 0.266910 0.579427 0.267824 0.578776 0.268739 0.579427 0.269653 0.579427 0.270567 0.580078 0.271481 0.580729 0.272395 0.581380 0.273309 0.582031 0.273309 0.582682 0.274223 0.583333 0.275137 0.583984 0.275137 0.584635 0.276051 0.585286 0.276965 0.585938 0.277879 0.586589 0.278793 0.587240 0.279707 0.587891 0.278793 0.588542 0.279707 0.589193 0.280622 0.589193 0.281536 0.589844 0.281536 0.590495 0.281536 0.591146 0.282450 0.591797 0.282450 0.592448 0.281536 0.593099 0.280622 0.593099 0.279707 0.593099 0.278793 0.593750 0.277879 0.594401 0.276965 0.595052 0.276051 0.595703 0.275137 0.596354 0.275137 0.597005 0.275137 0.597656 0.275137 0.598307 0.275137 0.598958 0.274223 0.599609 0.275137 0.600260 0.276051 0.600911 0.275137 0.601562 0.274223 0.602214 0.274223 0.602865 0.273309 0.603516 0.274223 0.604167 0.275137 0.604818 0.274223 0.605469 0.273309 0.606120 0.273309 0.606771 0.273309 0.607422 0.272395 0.608073 0.272395 0.608724 0.271481 0.609375 0.271481 0.610026 0.271481 0.609375 0.270567 0.610026 0.269653 0.610677 0.268739 0.611328 0.269653 0.611979 0.268739 0.612630 0.267824 0.613281 0.267824 0.613281 0.266910 0.613932 0.265996 0.614583 0.265082 0.614583 0.264168 0.615234 0.263254 0.615885 0.262340 0.615885 0.261426 0.616536 0.260512 0.616536 0.259598 0.617188 0.258684 0.617839 0.257770 0.618490 0.256856 0.619141 0.256856 0.619792 0.256856 0.620443 0.256856 0.621094 0.255941 0.621745 0.255027 0.622396 0.254113 0.623047 0.253199 0.623698 0.253199 0.624349 0.253199 0.623698 0.252285 0.624349 0.251371 0.624349 0.250457 0.624349 0.249543 0.624349 0.248629 0.623698 0.247715 0.623047 0.246801 0.622396 0.245887 0.621745 0.246801 0.621094 0.245887 0.620443 0.246801 0.619792 0.246801 0.619141 0.246801 0.618490 0.245887 0.617839 0.244973 0.617839 0.244059 0.618490 0.243144 0.619141 0.242230 0.619792 0.241316 0.620443 0.240402 0.621094 0.239488 0.621745 0.239488 0.621745 0.238574 0.622396 0.237660 0.623047 0.236746 0.623698 0.235832 0.624349 0.234918 0.625000 0.234004 0.625651 0.233090 0.626302 0.232176 0.626953 0.231261 0.626953 0.230347 0.626953 0.229433 0.626953 0.228519 0.627604 0.227605 0.627604 0.226691 0.628255 0.225777 0.628906 0.224863 0.629557 0.224863 0.630208 0.223949 0.630859 0.223035 0.631510 0.222121 0.632161 0.222121 0.632812 0.222121 0.633464 0.222121 0.634115 0.222121 0.634766 0.222121 0.635417 0.221207 0.636068 0.220293 0.636068 0.219378 0.636719 0.218464 0.637370 0.217550 0.637370 0.216636 0.638021 0.215722 0.637370 0.214808 0.638021 0.213894 0.638021 0.212980 0.637370 0.212066 0.636719 0.211152 0.636068 0.210238 0.635417 0.209324 0.636068 0.208410 0.635417 0.207495 0.634766 0.206581 0.634115 0.205667 0.634115 0.204753 0.633464 0.204753 0.632812 0.203839 0.632161 0.202925 0.631510 0.202011 0.632161 0.201097 0.631510 0.200183 0.631510 0.199269 0.631510 0.198355 0.630859 0.197441 0.631510 0.196527 0.631510 0.195612 0.631510 0.194698 0.631510 0.193784 0.631510 0.192870 0.632161 0.191956 0.631510 0.191042 0.632161 0.190128 0.632161 0.189214 0.632161 0.188300 0.632161 0.187386 0.632161 0.186472 0.631510 0.185558 0.630859 0.185558 0.630208 0.186472
0 0.752604 0.166362 0.751953 0.167276 0.751302 0.167276 0.750651 0.167276 0.750000 0.168190 0.750000 0.169104 0.749349 0.170018 0.748698 0.170932 0.748698 0.171846 0.748698 0.172761 0.748047 0.173675 0.748047 0.174589 0.747396 0.175503 0.747396 0.176417 0.748047 0.177331 0.747396 0.178245 0.748047 0.179159 0.748047 0.180073 0.747396 0.180987 0.746745 0.181901 0.746094 0.182815 0.745443 0.183729 0.744792 0.184644 0.744141 0.184644 0.743490 0.185558 0.742839 0.186472 0.742188 0.186472 0.742188 0.187386 0.741536 0.188300 0.740885 0.189214 0.740234 0.189214 0.739583 0.190128 0.738932 0.191042 0.738281 0.191956 0.737630 0.191956 0.736979 0.192870 0.736328 0.193784 0.735677 0.193784 0.735026 0.193784 0.734375 0.194698 0.733724 0.194698 0.733073 0.194698 0.732422 0.194698 0.731771 0.195612 0.731120 0.195612 0.730469 0.195612 0.729818 0.194698 0.729167 0.195612 0.728516 0.195612 0.727865 0.195612 0.727214 0.195612 0.726562 0.195612 0.725911 0.195612 0.725260 0.196527 0.724609 0.196527 0.723958 0.196527 0.723307 0.196527 0.722656 0.195612 0.722005 0.194698 0.721354 0.194698 0.720703 0.195612 0.720052 0.195612 0.719401 0.195612 0.718750 0.195612 0.718099 0.196527 0.717448 0.197441 0.716797 0.197441 0.716797 0.198355 0.716797 0.199269 0.716146 0.200183 0.715495 0.201097 0.716146 0.202011 0.715495 0.202925 0.714844 0.203839 0.714193 0.204753 0.713542 0.205667 0.712891 0.205667 0.712240 0.205667 0.711589 0.206581 0.710938 0.206581 0.710286 0.207495 0.709635 0.207495 0.708984 0.208410 0.708333 0.208410 0.707682 0.208410 0.707031 0.209324 0.706380 0.209324 0.705729 0.208410 0.705078 0.207495 0.705078 0.206581 0.705729 0.205667 0.705729 0.204753 0.705729 0.203839 0.706380 0.202925 0.707031 0.202011 0.707031 0.201097 0.707031 0.200183 0.707682 0.199269 0.707031 0.198355 0.707682 0.197441 0.707682 0.196527 0.707031 0.195612 0.706380 0.196527 0.705729 0.195612 0.705078 0.195612 0.704427 0.196527 0.703776 0.196527 0.703125 0.197441 0.703125 0.198355 0.702474 0.199269 0.701823 0.200183 0.701823 0.201097 0.701172 0.202011 0.700521 0.202925 0.700521 0.203839 0.701172 0.204753 0.700521 0.205667 0.700521 0.206581 0.700521 0.207495 0.700521 0.208410 0.700521 0.209324 0.699870 0.210238 0.699870 0.211152 0.699219 0.212066 0.698568 0.212980 0.697917 0.212980 0.697266 0.212980 0.696615 0.213894 0.695964 0.214808 0.695312 0.214808 0.694661 0.214808 0.694010 0.215722 0.693359 0.215722 0.692708 0.215722 0.692057 0.216636 0.691406 0.217550 0.690755 0.217550 0.690104 0.218464 0.690104 0.219378 0.689453 0.220293 0.688802 0.221207 0.688151 0.222121 0.687500 0.223035 0.686849 0.223035 0.686849 0.223949 0.686849 0.224863 0.686198 0.225777 0.685547 0.226691 0.685547 0.227605 0.685547 0.228519 0.684896 0.229433 0.685547 0.230347 0.685547 0.231261 0.684896 0.232176 0.685547 0.233090 0.685547 0.234004 0.685547 0.234918 0.685547 0.235832 0.684896 0.236746 0.684245 0.237660 0.683594 0.237660 0.682943 0.238574 0.682292 0.239488 0.681641 0.240402 0.680990 0.240402 0.680339 0.241316 0.679688 0.240402 0.679036 0.239488 0.679688 0.240402 0.679036 0.241316 0.679688 0.242230 0.679688 0.243144 0.679036 0.244059 0.679688 0.244973 0.679688 0.245887 0.679688 0.246801 0.680339 0.246801 0.680339 0.245887 0.680990 0.244973 0.681641 0.244059 0.682292 0.243144 0.682943 0.243144 0.683594 0.243144 0.684245 0.242230 0.684896 0.241316 0.685547 0.241316 0.685547 0.240402 0.685547 0.239488 0.685547 0.238574 0.685547 0.237660 0.684896 0.236746 0.685547 0.235832 0.686198 0.234918 0.686849 0.234004 0.687500 0.234004 0.688151 0.233090 0.688802 0.232176 0.689453 0.233090 0.689453 0.232176 0.690104 0.231261 0.690755 0.230347 0.691406 0.229433 0.692057 0.228519 0.692057 0.227605 0.692708 0.226691 0.693359 0.225777 0.694010 0.225777 0.694010 0.224863 0.694661 0.223949 0.695312 0.223035 0.695964 0.222121 0.696615 0.222121 0.697266 0.221207 0.697917 0.221207 0.698568 0.220293 0.699219 0.220293 0.699870 0.220293 0.700521 0.219378 0.701172 0.219378 0.701823 0.218464 0.702474 0.218464 0.703125 0.218464 0.703776 0.218464 0.704427 0.217550 0.705078 0.217550 0.705729 0.217550 0.706380 0.217550 0.707031 0.217550 0.707682 0.218464 0.708333 0.218464 0.708984 0.218464 0.709635 0.218464 0.710286 0.218464 0.710938 0.218464 0.711589 0.219378 0.712240 0.218464 0.712891 0.218464 0.713542 0.217550 0.714193 0.217550 0.714193 0.216636 0.714193 0.215722 0.714844 0.214808 0.715495 0.213894 0.715495 0.212980 0.716146 0.212066 0.716797 0.211152 0.717448 0.211152 0.718099 0.211152 0.718750 0.210238 0.719401 0.210238 0.720052 0.209324 0.720703 0.210238 0.721354 0.209324 0.722005 0.210238 0.722656 0.210238 0.723307 0.209324 0.723958 0.208410 0.724609 0.207495 0.725260 0.206581 0.725911 0.207495 0.725911 0.206581 0.726562 0.205667 0.727214 0.204753 0.727865 0.203839 0.728516 0.202925 0.729167 0.203839 0.729818 0.202925 0.730469 0.202925 0.731120 0.202925 0.731771 0.202011 0.732422 0.201097 0.733073 0.202011 0.733724 0.201097 0.734375 0.200183 0.735026 0.200183 0.735677 0.199269 0.736328 0.198355 0.736979 0.198355 0.737630 0.197441 0.738281 0.196527 0.738932 0.196527 0.739583 0.197441 0.740234 0.196527 0.740885 0.196527 0.741536 0.195612 0.742188 0.195612 0.742839 0.196527 0.743490 0.196527 0.744141 0.195612 0.744792 0.195612 0.745443 0.195612 0.746094 0.194698 0.746745 0.194698 0.747396 0.194698 0.748047 0.194698 0.748698 0.193784 0.749349 0.193784 0.750000 0.192870 0.750651 0.192870 0.751302 0.192870 0.750651 0.191956 0.751302 0.191042 0.751953 0.190128 0.751953 0.189214 0.751953 0.188300 0.752604 0.187386 0.753255 0.186472 0.753906 0.185558 0.754557 0.184644 0.755208 0.183729 0.755859 0.183729 0.755859 0.182815 0.756510 0.181901 0.757161 0.180987 0.757812 0.180073 0.758464 0.179159 0.758464 0.178245 0.758464 0.177331 0.758464 0.176417 0.758464 0.175503 0.758464 0.174589 0.759115 0.173675 0.758464 0.172761 0.758464 0.171846 0.757812 0.170932 0.757161 0.170018 0.757161 0.169104 0.756510 0.168190 0.755859 0.168190 0.755208 0.168190 0.754557 0.167276 0.753906 0.168190 0.753255 0.167276
0 0.420573 0.165448 0.419922 0.166362 0.419271 0.167276 0.418620 0.168190 0.417969 0.168190 0.417318 0.169104 0.416667 0.169104 0.416016 0.170018 0.415365 0.170932 0.414714 0.170932 0.414062 0.170932 0.413411 0.170932 0.412760 0.170018 0.412109 0.170018 0.412109 0.170932 0.411458 0.171846 0.410807 0.172761 0.411458 0.173675 0.412109 0.174589 0.412760 0.174589 0.413411 0.175503 0.414062 0.175503 0.414714 0.175503 0.415365 0.176417 0.416016 0.175503 0.416667 0.174589 0.417318 0.175503 0.417969 0.176417 0.418620 0.176417 0.419271 0.177331 0.419922 0.178245 0.420573 0.179159 0.421224 0.179159 0.421875 0.180073 0.422526 0.180987 0.423177 0.181901 0.423828 0.182815 0.423828 0.183729 0.424479 0.184644 0.425130 0.185558 0.425130 0.186472 0.425781 0.187386 0.426432 0.188300 0.426432 0.189214 0.426432 0.190128 0.427083 0.191042 0.426432 0.191956 0.425781 0.192870 0.425130 0.192870 0.424479 0.192870 0.423828 0.191956 0.423177 0.191956 0.422526 0.191956 0.421875 0.191956 0.421224 0.191956 0.420573 0.191042 0.419922 0.191956 0.419271 0.191042 0.418620 0.191956 0.417969 0.192870 0.417969 0.193784 0.418620 0.194698 0.418620 0.195612 0.419271 0.196527 0.419271 0.197441 0.419922 0.198355 0.420573 0.199269 0.421224 0.199269 0.421875 0.200183 0.422526 0.201097 0.423177 0.202011 0.423828 0.201097 0.424479 0.202011 0.425130 0.202011 0.425781 0.202011 0.426432 0.202925 0.427083 0.202925 0.427734 0.203839 0.428385 0.202925 0.429036 0.203839 0.429688 0.203839 0.430339 0.203839 0.430990 0.204753 0.431641 0.205667 0.431641 0.206581 0.432292 0.207495 0.432943 0.208410 0.433594 0.209324 0.432943 0.210238 0.432943 0.211152 0.432292 0.212066 0.431641 0.212980 0.430990 0.212980 0.430339 0.212980 0.429688 0.212980 0.429036 0.212980 0.428385 0.212066 0.427734 0.212066 0.427083 0.212066 0.426432 0.212066 0.425781 0.211152 0.425130 0.210238 0.424479 0.210238 0.423828 0.210238 0.423177 0.210238 0.422526 0.209324 0.421875 0.209324 0.421224 0.210238 0.420573 0.209324 0.419922 0.210238 0.419271 0.209324 0.418620 0.209324 0.417969 0.209324 0.417318 0.208410 0.416667 0.207495 0.416016 0.208410 0.415365 0.207495 0.414714 0.206581 0.414714 0.205667 0.414714 0.204753 0.414062 0.203839 0.414062 0.202925 0.413411 0.202925 0.412760 0.202925 0.412109 0.202011 0.411458 0.202011 0.410807 0.201097 0.410156 0.201097 0.409505 0.200183 0.408854 0.200183 0.408203 0.199269 0.407552 0.200183 0.406901 0.201097 0.406250 0.200183 0.405599 0.201097 0.404948 0.202011 0.404297 0.202011 0.403646 0.202925 0.402995 0.203839 0.402995 0.204753 0.402344 0.205667 0.401693 0.206581 0.401042 0.207495 0.401042 0.208410 0.400391 0.209324 0.401042 0.210238 0.400391 0.211152 0.400391 0.212066 0.400391 0.212980 0.400391 0.213894 0.399740 0.214808 0.400391 0.215722 0.399740 0.216636 0.400391 0.217550 0.400391 0.218464 0.401042 0.219378 0.401693 0.220293 0.401693 0.221207 0.402344 0.221207 0.402995 0.222121 0.403646 0.221207 0.404297 0.222121 0.404948 0.222121 0.405599 0.222121 0.406250 0.222121 0.406901 0.221207 0.407552 0.220293 0.408203 0.221207 0.408203 0.220293 0.408854 0.219378 0.409505 0.218464 0.410156 0.218464 0.410807 0.217550 0.411458 0.216636 0.412109 0.216636 0.412760 0.215722 0.413411 0.214808 0.414062 0.214808 0.414714 0.215722 0.415365 0.215722 0.416016 0.216636 0.416667 0.216636 0.417318 0.217550 0.417969 0.218464 0.418620 0.218464 0.419271 0.219378 0.419922 0.219378 0.420573 0.219378 0.421224 0.219378 0.421875 0.219378 0.422526 0.219378 0.423177 0.219378 0.423828 0.218464 0.424479 0.218464 0.425130 0.218464 0.425781 0.217550 0.426432 0.217550 0.427083 0.218464 0.427734 0.217550 0.428385 0.217550 0.429036 0.218464 0.429688 0.217550 0.430339 0.217550 0.430990 0.218464 0.431641 0.218464 0.432292 0.218464 0.432943 0.218464 0.433594 0.218464 0.434245 0.218464 0.434896 0.218464 0.435547 0.218464 0.436198 0.217550 0.436198 0.216636 0.436198 0.215722 0.436849 0.214808 0.436849 0.213894 0.437500 0.212980 0.437500 0.212066 0.437500 0.211152 0.436849 0.210238 0.436849 0.209324 0.436198 0.208410 0.436849 0.207495 0.436198 0.206581 0.435547 0.205667 0.435547 0.204753 0.435547 0.203839 0.435547 0.202925 0.435547 0.202011 0.434896 0.201097 0.435547 0.200183 0.434896 0.199269 0.435547 0.198355 0.435547 0.197441 0.435547 0.196527 0.434896 0.195612 0.435547 0.194698 0.435547 0.193784 0.434896 0.192870 0.434896 0.191956 0.434896 0.191042 0.434896 0.190128 0.434896 0.189214 0.434245 0.188300 0.433594 0.187386 0.433594 0.186472 0.433594 0.185558 0.433594 0.184644 0.432943 0.183729 0.432292 0.182815 0.431641 0.182815 0.430990 0.181901 0.430339 0.181901 0.429688 0.180987 0.429036 0.180987 0.428385 0.180073 0.427734 0.179159 0.427734 0.178245 0.428385 0.177331 0.428385 0.176417 0.427734 0.175503 0.427734 0.174589 0.427083 0.173675 0.427734 0.172761 0.427083 0.171846 0.427083 0.170932 0.426432 0.170018 0.425781 0.169104 0.425781 0.168190 0.425130 0.167276 0.424479 0.166362 0.423828 0.166362 0.423177 0.165448 0.422526 0.165448 0.421875 0.165448 0.421224 0.166362
0 0.537109 0.164534 0.537760 0.165448 0.537760 0.166362 0.537760 0.167276 0.537109 0.168190 0.537109 0.169104 0.537760 0.170018 0.537760 0.170932 0.537109 0.171846 0.537760 0.172761 0.538411 0.173675 0.538411 0.174589 0.538411 0.175503 0.539062 0.176417 0.539062 0.177331 0.539714 0.178245 0.539714 0.179159 0.539714 0.180073 0.539062 0.180987 0.538411 0.181901 0.537760 0.182815 0.537109 0.182815 0.537760 0.183729 0.537109 0.184644 0.537109 0.185558 0.537109 0.186472 0.537760 0.187386 0.537760 0.188300 0.538411 0.189214 0.538411 0.190128 0.539062 0.191042 0.539714 0.191956 0.540365 0.191956 0.541016 0.192870 0.541667 0.191956 0.542318 0.191956 0.542969 0.192870 0.543620 0.191956 0.544271 0.191956 0.544922 0.191042 0.545573 0.191956 0.546224 0.191956 0.546875 0.192870 0.547526 0.193784 0.547526 0.194698 0.547526 0.195612 0.548177 0.196527 0.548828 0.197441 0.549479 0.196527 0.550130 0.197441 0.550781 0.198355 0.551432 0.197441 0.552083 0.198355 0.552734 0.198355 0.553385 0.199269 0.554036 0.200183 0.554688 0.201097 0.554688 0.202011 0.554688 0.202925 0.554688 0.203839 0.554036 0.204753 0.553385 0.205667 0.552734 0.206581 0.552083 0.207495 0.551432 0.207495 0.550781 0.208410 0.550130 0.208410 0.549479 0.207495 0.548828 0.207495 0.548177 0.206581 0.547526 0.206581 0.546875 0.205667 0.546224 0.204753 0.545573 0.204753 0.544922 0.203839 0.544271 0.203839 0.543620 0.202925 0.542969 0.203839 0.542318 0.203839 0.541667 0.204753 0.541016 0.204753 0.540365 0.205667 0.539714 0.205667 0.540365 0.206581 0.539714 0.207495 0.540365 0.208410 0.540365 0.209324 0.539714 0.210238 0.539062 0.211152 0.538411 0.212066 0.537760 0.211152 0.537109 0.212066 0.536458 0.212066 0.535807 0.212066 0.535156 0.212066 0.534505 0.212066 0.533854 0.211152 0.533203 0.211152 0.532552 0.211152 0.531901 0.210238 0.531250 0.210238 0.530599 0.211152 0.529948 0.211152 0.529948 0.212066 0.529297 0.212980 0.529948 0.213894 0.529297 0.214808 0.529948 0.215722 0.529948 0.216636 0.529948 0.217550 0.530599 0.218464 0.531250 0.218464 0.531901 0.218464 0.532552 0.218464 0.533203 0.218464 0.533854 0.218464 0.534505 0.219378 0.535156 0.219378 0.535807 0.219378 0.536458 0.219378 0.537109 0.220293 0.537760 0.220293 0.538411 0.220293 0.539062 0.221207 0.539714 0.220293 0.540365 0.221207 0.541016 0.222121 0.541667 0.222121 0.542318 0.221207 0.542969 0.221207 0.543620 0.220293 0.544271 0.219378 0.544271 0.218464 0.544271 0.217550 0.543620 0.216636 0.543620 0.215722 0.543620 0.214808 0.542969 0.213894 0.542969 0.212980 0.543620 0.212066 0.544271 0.211152 0.544922 0.210238 0.545573 0.209324 0.546224 0.209324 0.546875 0.209324 0.547526 0.209324 0.548177 0.210238 0.548828 0.210238 0.549479 0.211152 0.550130 0.212066 0.550130 0.212980 0.550781 0.213894 0.551432 0.214808 0.550781 0.215722 0.550130 0.216636 0.549479 0.217550 0.548828 0.218464 0.548828 0.219378 0.548177 0.220293 0.547526 0.221207 0.546875 0.222121 0.547526 0.223035 0.546875 0.223949 0.547526 0.224863 0.546875 0.225777 0.546224 0.226691 0.545573 0.226691 0.546224 0.227605 0.546224 0.228519 0.545573 0.229433 0.546224 0.230347 0.546875 0.231261 0.546875 0.232176 0.547526 0.233090 0.547526 0.234004 0.547526 0.234918 0.547526 0.235832 0.548177 0.236746 0.548177 0.237660 0.548177 0.238574 0.548177 0.239488 0.548828 0.240402 0.549479 0.241316 0.548828 0.242230 0.549479 0.243144 0.549479 0.244059 0.549479 0.244973 0.548828 0.245887 0.548828 0.246801 0.548177 0.247715 0.547526 0.248629 0.546875 0.249543 0.546875 0.250457 0.546224 0.251371 0.545573 0.252285 0.545573 0.253199 0.545573 0.254113 0.545573 0.255027 0.544922 0.255941 0.545573 0.256856 0.545573 0.257770 0.544922 0.258684 0.544271 0.259598 0.543620 0.260512 0.544271 0.261426 0.543620 0.262340 0.544271 0.263254 0.544271 0.264168 0.544271 0.265082 0.544271 0.265996 0.544271 0.266910 0.544271 0.267824 0.544271 0.268739 0.544271 0.269653 0.544922 0.270567 0.544922 0.271481 0.544922 0.272395 0.544922 0.273309 0.544271 0.274223 0.543620 0.275137 0.542969 0.276051 0.542318 0.276051 0.541667 0.276051 0.541016 0.276051 0.541016 0.276965 0.540365 0.277879 0.539714 0.278793 0.539062 0.279707 0.539062 0.280622 0.538411 0.281536 0.538411 0.282450 0.539062 0.283364 0.538411 0.284278 0.538411 0.285192 0.538411 0.286106 0.538411 0.287020 0.538411 0.287934 0.539062 0.287934 0.539714 0.287934 0.540365 0.287020 0.541016 0.287020 0.541016 0.286106 0.541667 0.285192 0.542318 0.284278 0.542969 0.284278 0.543620 0.283364 0.544271 0.282450 0.544922 0.282450 0.544922 0.281536 0.544922 0.280622 0.545573 0.279707 0.546224 0.278793 0.546875 0.278793 0.546875 0.277879 0.547526 0.276965 0.548177 0.276051 0.548828 0.275137 0.549479 0.275137 0.550130 0.275137 0.550130 0.274223 0.550781 0.273309 0.551432 0.272395 0.552083 0.271481 0.551432 0.270567 0.552083 0.269653 0.552083 0.268739 0.552734 0.267824 0.552083 0.266910 0.552734 0.265996 0.552083 0.265082 0.552734 0.264168 0.552734 0.263254 0.552734 0.262340 0.553385 0.261426 0.553385 0.260512 0.553385 0.259598 0.552734 0.258684 0.552083 0.257770 0.552083 0.256856 0.552083 0.255941 0.552734 0.255027 0.552083 0.254113 0.552734 0.253199 0.552734 0.252285 0.552734 0.251371 0.553385 0.250457 0.554036 0.249543 0.554036 0.248629 0.554688 0.247715 0.555339 0.246801 0.555339 0.245887 0.555990 0.244973 0.555339 0.244059 0.555339 0.243144 0.555339 0.242230 0.554688 0.241316 0.554688 0.240402 0.555339 0.239488 0.554688 0.238574 0.554036 0.237660 0.554036 0.236746 0.554036 0.235832 0.554688 0.234918 0.554036 0.234004 0.553385 0.233090 0.554036 0.232176 0.554688 0.231261 0.554036 0.230347 0.554688 0.229433 0.555339 0.228519 0.555990 0.227605 0.556641 0.226691 0.555990 0.225777 0.555339 0.224863 0.555339 0.223949 0.554688 0.223035 0.554688 0.222121 0.554036 0.221207 0.553385 0.220293 0.553385 0.219378 0.552734 0.218464 0.553385 0.217550 0.552734 0.216636 0.552083 0.215722 0.552734 0.214808 0.553385 0.213894 0.554036 0.214808 0.554688 0.213894 0.555339 0.212980 0.555990 0.212980 0.556641 0.212980 0.557292 0.212066 0.557943 0.211152 0.558594 0.212066 0.559245 0.211152 0.559896 0.210238 0.559896 0.209324 0.560547 0.208410 0.560547 0.207495 0.559896 0.206581 0.559245 0.205667 0.558594 0.204753 0.557943 0.203839 0.557292 0.202925 0.556641 0.202011 0.556641 0.201097 0.556641 0.200183 0.556641 0.199269 0.555990 0.198355 0.555990 0.197441 0.555339 0.196527 0.554688 0.195612 0.554688 0.194698 0.554036 0.193784 0.553385 0.192870 0.552734 0.191956 0.552734 0.191042 0.552083 0.191042 0.551432 0.190128 0.550781 0.189214 0.550781 0.188300 0.550781 0.187386 0.550130 0.186472 0.549479 0.185558 0.549479 0.184644 0.549479 0.183729 0.549479 0.182815 0.548828 0.181901 0.548828 0.180987 0.548177 0.180073 0.548177 0.179159 0.548177 0.178245 0.547526 0.177331 0.546875 0.176417 0.546875 0.175503 0.546224 0.174589 0.545573 0.173675 0.544922 0.172761 0.544271 0.171846 0.543620 0.170932 0.544271 0.170018 0.543620 0.170018 0.542969 0.169104 0.542318 0.168190 0.541667 0.167276 0.541667 0.166362 0.541016 0.165448 0.540365 0.164534 0.539714 0.164534 0.539062 0.165448 0.538411 0.165448 0.537760 0.165448
0 0.701823 0.157221 0.701172 0.158135 0.700521 0.159049 0.699870 0.158135 0.699219 0.159049 0.698568 0.159963 0.698568 0.160878 0.697917 0.161792 0.697266 0.162706 0.696615 0.162706 0.695964 0.163620 0.695312 0.164534 0.694661 0.165448 0.694010 0.165448 0.693359 0.166362 0.693359 0.167276 0.692708 0.168190 0.693359 0.169104 0.692708 0.170018 0.692057 0.170932 0.692057 0.171846 0.692057 0.172761 0.691406 0.173675 0.690755 0.174589 0.690104 0.175503 0.690104 0.176417 0.689453 0.177331 0.689453 0.178245 0.688802 0.179159 0.688151 0.180073 0.687500 0.180073 0.687500 0.180987 0.687500 0.181901 0.687500 0.182815 0.686849 0.183729 0.686198 0.184644 0.685547 0.185558 0.685547 0.186472 0.685547 0.187386 0.685547 0.188300 0.685547 0.189214 0.685547 0.190128 0.684896 0.191042 0.684896 0.191956 0.684245 0.192870 0.683594 0.193784 0.682943 0.194698 0.682943 0.195612 0.682292 0.196527 0.681641 0.197441 0.680990 0.198355 0.680339 0.198355 0.679688 0.199269 0.679036 0.200183 0.678385 0.201097 0.677734 0.201097 0.677083 0.202011 0.676432 0.202925 0.675781 0.203839 0.675130 0.202925 0.674479 0.203839 0.673828 0.203839 0.673177 0.203839 0.672526 0.202925 0.671875 0.202011 0.671224 0.201097 0.670573 0.200183 0.669922 0.199269 0.669922 0.198355 0.669271 0.197441 0.669922 0.196527 0.669271 0.195612 0.668620 0.194698 0.667969 0.193784 0.668620 0.192870 0.667969 0.191956 0.667318 0.191042 0.666667 0.190128 0.666667 0.189214 0.666016 0.188300 0.665365 0.188300 0.664714 0.187386 0.664062 0.188300 0.663411 0.189214 0.663411 0.190128 0.662760 0.191042 0.663411 0.191956 0.662760 0.192870 0.663411 0.193784 0.662760 0.194698 0.663411 0.195612 0.664062 0.196527 0.664714 0.197441 0.664714 0.198355 0.664714 0.199269 0.665365 0.200183 0.666016 0.201097 0.666667 0.202011 0.666667 0.202925 0.666667 0.203839 0.666667 0.204753 0.666667 0.205667 0.666016 0.206581 0.665365 0.207495 0.664714 0.207495 0.664062 0.207495 0.663411 0.208410 0.662760 0.209324 0.663411 0.210238 0.663411 0.211152 0.663411 0.212066 0.663411 0.212980 0.664062 0.213894 0.664714 0.214808 0.665365 0.215722 0.665365 0.216636 0.666016 0.217550 0.666016 0.218464 0.666016 0.219378 0.666016 0.220293 0.665365 0.221207 0.665365 0.222121 0.664714 0.223035 0.664062 0.223949 0.663411 0.223949 0.662760 0.223949 0.662109 0.224863 0.661458 0.223949 0.660807 0.223949 0.660156 0.223035 0.659505 0.223035 0.658854 0.223949 0.658854 0.224863 0.658854 0.225777 0.659505 0.226691 0.660156 0.227605 0.660156 0.228519 0.660807 0.229433 0.660807 0.230347 0.661458 0.231261 0.662109 0.232176 0.662760 0.233090 0.663411 0.234004 0.663411 0.234918 0.664062 0.235832 0.664714 0.236746 0.664062 0.237660 0.664714 0.238574 0.664062 0.239488 0.664714 0.240402 0.664062 0.241316 0.664714 0.242230 0.664714 0.243144 0.664714 0.244059 0.664714 0.244973 0.664714 0.245887 0.665365 0.246801 0.665365 0.247715 0.666016 0.248629 0.666016 0.249543 0.665365 0.250457 0.666016 0.251371 0.666016 0.252285 0.666016 0.253199 0.666016 0.254113 0.666016 0.255027 0.666667 0.255941 0.667318 0.256856 0.667969 0.257770 0.668620 0.258684 0.669271 0.258684 0.669922 0.259598 0.670573 0.260512 0.671224 0.261426 0.671224 0.262340 0.671875 0.263254 0.671224 0.264168 0.671224 0.265082 0.671224 0.265996 0.671875 0.266910 0.671875 0.267824 0.671224 0.268739 0.671875 0.269653 0.671875 0.270567 0.672526 0.271481 0.671875 0.272395 0.671875 0.273309 0.672526 0.274223 0.671875 0.275137 0.671875 0.276051 0.671224 0.276965 0.670573 0.277879 0.669922 0.277879 0.669271 0.277879 0.668620 0.277879 0.667969 0.278793 0.667318 0.279707 0.666667 0.279707 0.666016 0.280622 0.665365 0.281536 0.664714 0.282450 0.664062 0.282450 0.664062 0.283364 0.663411 0.284278 0.663411 0.285192 0.662760 0.286106 0.662109 0.287020 0.662760 0.287934 0.662109 0.288848 0.662109 0.289762 0.662109 0.290676 0.661458 0.291590 0.662109 0.292505 0.662109 0.293419 0.662760 0.294333 0.662109 0.295247 0.662760 0.296161 0.662760 0.297075 0.662109 0.297989 0.662109 0.298903 0.661458 0.299817 0.660807 0.300731 0.660156 0.301645 0.659505 0.302559 0.658854 0.302559 0.658203 0.303473 0.657552 0.304388 0.657552 0.305302 0.657552 0.306216 0.657552 0.307130 0.656901 0.308044 0.656250 0.308958 0.655599 0.308958 0.654948 0.308958 0.654297 0.308958 0.653646 0.309872 0.652995 0.310786 0.652344 0.311700 0.651693 0.311700 0.651693 0.312614 0.651042 0.313528 0.651693 0.314442 0.651042 0.315356 0.651693 0.315356 0.652344 0.316271 0.652995 0.317185 0.653646 0.316271 0.654297 0.316271 0.654948 0.315356 0.655599 0.315356 0.656250 0.315356 0.656901 0.314442 0.657552 0.313528 0.658203 0.312614 0.658854 0.312614 0.659505 0.312614 0.660156 0.311700 0.660807 0.311700 0.661458 0.310786 0.662109 0.309872 0.662760 0.308958 0.663411 0.308044 0.664062 0.307130 0.664714 0.307130 0.664714 0.306216 0.664062 0.305302 0.664714 0.304388 0.664714 0.303473 0.665365 0.302559 0.666016 0.301645 0.666016 0.300731 0.666667 0.299817 0.666016 0.298903 0.666016 0.297989 0.666667 0.297075 0.666667 0.296161 0.666667 0.295247 0.666667 0.294333 0.666667 0.293419 0.666667 0.292505 0.667318 0.291590 0.667969 0.290676 0.668620 0.290676 0.668620 0.289762 0.668620 0.288848 0.669271 0.287934 0.669271 0.287020 0.669922 0.286106 0.670573 0.285192 0.670573 0.284278 0.670573 0.283364 0.670573 0.282450 0.670573 0.281536 0.670573 0.280622 0.671224 0.279707 0.671224 0.278793 0.671875 0.277879 0.672526 0.276965 0.673177 0.277879 0.673828 0.276965 0.674479 0.276051 0.675130 0.276051 0.675781 0.276051 0.676432 0.275137 0.677083 0.274223 0.677734 0.275137 0.678385 0.274223 0.679036 0.273309 0.679688 0.273309 0.680339 0.272395 0.680990 0.271481 0.681641 0.270567 0.682292 0.269653 0.682943 0.268739 0.683594 0.267824 0.684245 0.266910 0.684245 0.265996 0.684896 0.265082 0.685547 0.264168 0.684896 0.263254 0.685547 0.262340 0.684896 0.261426 0.684896 0.260512 0.684896 0.259598 0.684245 0.258684 0.683594 0.258684 0.682943 0.257770 0.682292 0.257770 0.681641 0.256856 0.680990 0.255941 0.680339 0.255027 0.680339 0.254113 0.680339 0.253199 0.680990 0.252285 0.680339 0.251371 0.680339 0.250457 0.680339 0.249543 0.679688 0.248629 0.679036 0.249543 0.678385 0.248629 0.678385 0.249543 0.677734 0.250457 0.678385 0.251371 0.677734 0.252285 0.678385 0.253199 0.677734 0.254113 0.678385 0.255027 0.677734 0.255941 0.677734 0.256856 0.677083 0.257770 0.676432 0.258684 0.675781 0.259598 0.675130 0.258684 0.674479 0.259598 0.673828 0.260512 0.673177 0.259598 0.672526 0.260512 0.671875 0.259598 0.671224 0.258684 0.670573 0.257770 0.670573 0.256856 0.670573 0.255941 0.671224 0.255027 0.670573 0.254113 0.671224 0.253199 0.670573 0.252285 0.671224 0.251371 0.671224 0.250457 0.671875 0.249543 0.671875 0.248629 0.671875 0.247715 0.671875 0.246801 0.672526 0.245887 0.671875 0.244973 0.671224 0.244059 0.670573 0.243144 0.669922 0.242230 0.669922 0.241316 0.669271 0.240402 0.668620 0.239488 0.667969 0.238574 0.667969 0.237660 0.668620 0.236746 0.669271 0.235832 0.669922 0.234918 0.670573 0.235832 0.671224 0.234918 0.671875 0.234004 0.672526 0.233090 0.673177 0.233090 0.673828 0.233090 0.674479 0.232176 0.675130 0.232176 0.675781 0.231261 0.676432 0.230347 0.677083 0.229433 0.677734 0.230347 0.678385 0.229433 0.679036 0.229433 0.679688 0.228519 0.680339 0.228519 0.680990 0.227605 0.681641 0.226691 0.682292 0.225777 0.681641 0.224863 0.682292 0.223949 0.682292 0.223035 0.682292 0.222121 0.682943 0.221207 0.682292 0.220293 0.682292 0.219378 0.681641 0.219378 0.680990 0.218464 0.680339 0.219378 0.679688 0.219378 0.679036 0.220293 0.678385 0.221207 0.677734 0.222121 0.678385 0.223035 0.677734 0.223949 0.677083 0.224863 0.676432 0.225777 0.675781 0.226691 0.675130 0.227605 0.674479 0.227605 0.673828 0.227605 0.673177 0.228519 0.672526 0.227605 0.671875 0.226691 0.671224 0.225777 0.670573 0.224863 0.669922 0.223949 0.669922 0.223035 0.669922 0.222121 0.669922 0.221207 0.669922 0.220293 0.669922 0.219378 0.669922 0.218464 0.669922 0.217550 0.669922 0.216636 0.669922 0.215722 0.669922 0.214808 0.669922 0.213894 0.669271 0.212980 0.669922 0.212066 0.670573 0.211152 0.671224 0.210238 0.671875 0.210238 0.672526 0.209324 0.673177 0.209324 0.673828 0.209324 0.674479 0.209324 0.675130 0.208410 0.675781 0.209324 0.676432 0.208410 0.677083 0.207495 0.677734 0.208410 0.678385 0.208410 0.679036 0.208410 0.679688 0.208410 0.680339 0.209324 0.680990 0.208410 0.681641 0.209324 0.681641 0.208410 0.682292 0.207495 0.682943 0.206581 0.683594 0.205667 0.684245 0.205667 0.684896 0.204753 0.685547 0.203839 0.686198 0.202925 0.686198 0.202011 0.686849 0.201097 0.687500 0.200183 0.688151 0.199269 0.688802 0.199269 0.689453 0.198355 0.690104 0.197441 0.690755 0.197441 0.691406 0.196527 0.692057 0.195612 0.692708 0.194698 0.693359 0.193784 0.694010 0.192870 0.694661 0.191956 0.695312 0.191956 0.695964 0.191042 0.696615 0.191042 0.697266 0.191042 0.697917 0.190128 0.698568 0.190128 0.698568 0.189214 0.698568 0.188300 0.698568 0.187386 0.697917 0.186472 0.697266 0.185558 0.696615 0.185558 0.695964 0.185558 0.695312 0.184644 0.694661 0.183729 0.695312 0.182815 0.694661 0.181901 0.694661 0.180987 0.695312 0.180073 0.695964 0.179159 0.696615 0.178245 0.697266 0.177331 0.697917 0.178245 0.698568 0.177331 0.699219 0.177331 0.699870 0.177331 0.700521 0.177331 0.701172 0.176417 0.701172 0.175503 0.701823 0.174589 0.701172 0.173675 0.700521 0.172761 0.699870 0.172761 0.699219 0.171846 0.698568 0.172761 0.697917 0.171846 0.697266 0.170932 0.697266 0.170018 0.697917 0.169104 0.698568 0.168190 0.699219 0.168190 0.699870 0.168190 0.700521 0.167276 0.701172 0.168190 0.701823 0.168190 0.702474 0.167276 0.703125 0.166362 0.703776 0.166362 0.704427 0.165448 0.705078 0.164534 0.705078 0.163620 0.705078 0.162706 0.705078 0.161792 0.705078 0.160878 0.705078 0.159963 0.704427 0.159049 0.703776 0.158135 0.703776 0.157221 0.703125 0.158135 0.702474 0.158135
0 0.635417 0.144424 0.634766 0.145338 0.634115 0.146252 0.633464 0.147166 0.633464 0.148080 0.633464 0.148995 0.633464 0.149909 0.633464 0.150823 0.633464 0.151737 0.633464 0.152651 0.634115 0.153565 0.634115 0.154479 0.634766 0.155393 0.634766 0.156307 0.634766 0.157221 0.635417 0.158135 0.635417 0.159049 0.636068 0.159963 0.636068 0.160878 0.636719 0.161792 0.636719 0.162706 0.636719 0.163620 0.637370 0.164534 0.637370 0.165448 0.637370 0.166362 0.637370 0.167276 0.637370 0.168190 0.637370 0.169104 0.637370 0.170018 0.637370 0.170932 0.636719 0.171846 0.637370 0.170932 0.638021 0.171846 0.638672 0.172761 0.638672 0.173675 0.639323 0.173675 0.639974 0.174589 0.640625 0.175503 0.640625 0.176417 0.640625 0.177331 0.639974 0.178245 0.639323 0.179159 0.638672 0.180073 0.638021 0.180073 0.637370 0.180987 0.636719 0.180987 0.636719 0.181901 0.636719 0.182815 0.636719 0.183729 0.636719 0.184644 0.636719 0.185558 0.636719 0.186472 0.636719 0.187386 0.636719 0.188300 0.637370 0.189214 0.638021 0.190128 0.637370 0.191042 0.638021 0.191956 0.638672 0.192870 0.638021 0.193784 0.638021 0.194698 0.638021 0.195612 0.638021 0.196527 0.638021 0.197441 0.638021 0.198355 0.638021 0.199269 0.638672 0.200183 0.639323 0.201097 0.639974 0.200183 0.640625 0.199269 0.641276 0.198355 0.641927 0.197441 0.642578 0.196527 0.642578 0.195612 0.643229 0.194698 0.643229 0.193784 0.643229 0.192870 0.643880 0.191956 0.643880 0.191042 0.643880 0.190128 0.643880 0.189214 0.643880 0.188300 0.643880 0.187386 0.644531 0.186472 0.645182 0.185558 0.645833 0.184644 0.646484 0.183729 0.647135 0.183729 0.647135 0.182815 0.647786 0.181901 0.648438 0.180987 0.647786 0.180073 0.647135 0.179159 0.647786 0.178245 0.647135 0.177331 0.647135 0.176417 0.647135 0.175503 0.646484 0.175503 0.645833 0.175503 0.645182 0.174589 0.644531 0.173675 0.643880 0.172761 0.643229 0.171846 0.643229 0.170932 0.643229 0.170018 0.643229 0.169104 0.643880 0.168190 0.644531 0.167276 0.645182 0.166362 0.645182 0.165448 0.645833 0.164534 0.646484 0.163620 0.647135 0.162706 0.647135 0.161792 0.647786 0.160878 0.647786 0.159963 0.648438 0.159049 0.647786 0.158135 0.648438 0.157221 0.647786 0.156307 0.647135 0.155393 0.646484 0.154479 0.645833 0.153565 0.645182 0.153565 0.644531 0.152651 0.643880 0.151737 0.643229 0.152651 0.642578 0.152651 0.641927 0.152651 0.641276 0.151737 0.640625 0.150823 0.640625 0.149909 0.639974 0.148995 0.639323 0.148080 0.639323 0.147166 0.638672 0.146252 0.638021 0.145338 0.637370 0.145338 0.636719 0.144424 0.636068 0.144424
0 0.574219 0.129799 0.573568 0.130713 0.572917 0.130713 0.572266 0.130713 0.571615 0.130713 0.570964 0.131627 0.570312 0.131627 0.570312 0.132541 0.569661 0.133455 0.569661 0.134369 0.569010 0.135283 0.568359 0.136197 0.569010 0.137112 0.568359 0.138026 0.568359 0.138940 0.569010 0.139854 0.569010 0.140768 0.569010 0.141682 0.569661 0.142596 0.570312 0.143510 0.570964 0.144424 0.571615 0.145338 0.572266 0.145338 0.572917 0.146252 0.573568 0.147166 0.573568 0.148080 0.573568 0.148995 0.574219 0.149909 0.574219 0.150823 0.574870 0.151737 0.575521 0.152651 0.576172 0.153565 0.576172 0.154479 0.576823 0.155393 0.577474 0.156307 0.577474 0.157221 0.577474 0.158135 0.577474 0.159049 0.576823 0.159963 0.576823 0.160878 0.576172 0.161792 0.576823 0.162706 0.576823 0.163620 0.576172 0.164534 0.576823 0.165448 0.576823 0.166362 0.576823 0.167276 0.576823 0.168190 0.577474 0.169104 0.577474 0.170018 0.577474 0.170932 0.577474 0.171846 0.578125 0.172761 0.578125 0.173675 0.578125 0.174589 0.577474 0.175503 0.576823 0.176417 0.576823 0.177331 0.576172 0.178245 0.575521 0.179159 0.576172 0.180073 0.575521 0.180987 0.574870 0.181901 0.574219 0.182815 0.573568 0.182815 0.572917 0.182815 0.572266 0.183729 0.571615 0.184644 0.570964 0.184644 0.570312 0.185558 0.569661 0.186472 0.569010 0.185558 0.568359 0.186472 0.567708 0.186472 0.567057 0.186472 0.566406 0.187386 0.565755 0.187386 0.565755 0.188300 0.565104 0.189214 0.565104 0.190128 0.565104 0.191042 0.565104 0.191956 0.565755 0.192870 0.566406 0.192870 0.567057 0.193784 0.567708 0.194698 0.568359 0.193784 0.569010 0.194698 0.569661 0.193784 0.570312 0.194698 0.570964 0.195612 0.571615 0.194698 0.572266 0.193784 0.572917 0.193784 0.573568 0.193784 0.574219 0.193784 0.574870 0.193784 0.575521 0.193784 0.576172 0.192870 0.576823 0.192870 0.577474 0.193784 0.578125 0.194698 0.578776 0.195612 0.579427 0.194698 0.580078 0.194698 0.580729 0.194698 0.580729 0.193784 0.581380 0.192870 0.581380 0.191956 0.580729 0.191042 0.580078 0.190128 0.579427 0.189214 0.580078 0.188300 0.579427 0.187386 0.578776 0.186472 0.579427 0.185558 0.580078 0.184644 0.580729 0.183729 0.580729 0.182815 0.581380 0.181901 0.582031 0.180987 0.582682 0.180987 0.582682 0.180073 0.582682 0.179159 0.583333 0.178245 0.583333 0.177331 0.583333 0.176417 0.583333 0.175503 0.583984 0.174589 0.583984 0.173675 0.583984 0.172761 0.583984 0.171846 0.583984 0.170932 0.583333 0.170018 0.583984 0.169104 0.583333 0.168190 0.583333 0.167276 0.583333 0.166362 0.583984 0.165448 0.583984 0.164534 0.583984 0.163620 0.583984 0.162706 0.583984 0.161792 0.584635 0.160878 0.585286 0.159963 0.585286 0.159049 0.585286 0.158135 0.585938 0.157221 0.586589 0.156307 0.587240 0.155393 0.587240 0.154479 0.587240 0.153565 0.587891 0.152651 0.587240 0.151737 0.587240 0.150823 0.586589 0.149909 0.585938 0.148995 0.585286 0.148995 0.584635 0.148995 0.584635 0.149909 0.584635 0.150823 0.583984 0.151737 0.583333 0.152651 0.583333 0.153565 0.582682 0.154479 0.582031 0.155393 0.581380 0.154479 0.580729 0.153565 0.580078 0.152651 0.580078 0.151737 0.580078 0.150823 0.579427 0.149909 0.579427 0.148995 0.579427 0.148080 0.579427 0.147166 0.578776 0.146252 0.578125 0.145338 0.578125 0.144424 0.578125 0.143510 0.578776 0.142596 0.578125 0.141682 0.578125 0.140768 0.578125 0.139854 0.577474 0.138940 0.578125 0.138026 0.578125 0.137112 0.578125 0.136197 0.578125 0.135283 0.578776 0.134369 0.578125 0.133455 0.577474 0.132541 0.576823 0.132541 0.576172 0.131627 0.575521 0.130713 0.574870 0.130713
0 0.551432 0.127057 0.550781 0.127971 0.550130 0.128885 0.549479 0.128885 0.548828 0.129799 0.548177 0.130713 0.547526 0.131627 0.546875 0.130713 0.546224 0.130713 0.545573 0.129799 0.544922 0.128885 0.544271 0.127971 0.543620 0.128885 0.542969 0.127971 0.542318 0.127971 0.541667 0.127971 0.541016 0.128885 0.540365 0.129799 0.539714 0.130713 0.539714 0.131627 0.539714 0.132541 0.539714 0.133455 0.539062 0.134369 0.539062 0.135283 0.539062 0.136197 0.539062 0.137112 0.539062 0.138026 0.539062 0.138940 0.538411 0.139854 0.537760 0.140768 0.537109 0.141682 0.536458 0.142596 0.535807 0.143510 0.535156 0.142596 0.534505 0.141682 0.533854 0.140768 0.533203 0.141682 0.532552 0.142596 0.531901 0.143510 0.531901 0.144424 0.532552 0.145338 0.532552 0.146252 0.533203 0.147166 0.533203 0.148080 0.533203 0.148995 0.533854 0.149909 0.533854 0.150823 0.533854 0.151737 0.533203 0.152651 0.532552 0.153565 0.531901 0.154479 0.531250 0.154479 0.530599 0.155393 0.529948 0.154479 0.529297 0.154479 0.528646 0.155393 0.527995 0.156307 0.527344 0.157221 0.526693 0.158135 0.526042 0.157221 0.525391 0.158135 0.524740 0.158135 0.524089 0.158135 0.523438 0.157221 0.522786 0.156307 0.522786 0.155393 0.522135 0.154479 0.522786 0.153565 0.522135 0.152651 0.522135 0.151737 0.521484 0.151737 0.520833 0.150823 0.520182 0.150823 0.519531 0.149909 0.518880 0.148995 0.518880 0.148080 0.518880 0.147166 0.519531 0.146252 0.520182 0.145338 0.520833 0.144424 0.521484 0.144424 0.522135 0.144424 0.522786 0.145338 0.523438 0.145338 0.524089 0.146252 0.524740 0.147166 0.525391 0.147166 0.526042 0.148080 0.526693 0.148995 0.527344 0.148995 0.527995 0.148995 0.527995 0.148080 0.527995 0.147166 0.527344 0.146252 0.527995 0.145338 0.527344 0.144424 0.526693 0.143510 0.526693 0.142596 0.526042 0.141682 0.526042 0.140768 0.526042 0.139854 0.526042 0.138940 0.525391 0.138026 0.524740 0.137112 0.524740 0.136197 0.524089 0.136197 0.523438 0.136197 0.522786 0.136197 0.522135 0.136197 0.521484 0.136197 0.520833 0.137112 0.520833 0.138026 0.520182 0.138940 0.520833 0.139854 0.520182 0.140768 0.519531 0.141682 0.518880 0.142596 0.518229 0.143510 0.517578 0.142596 0.516927 0.142596 0.516276 0.141682 0.515625 0.140768 0.514974 0.139854 0.514323 0.139854 0.513672 0.139854 0.513021 0.139854 0.512370 0.139854 0.511719 0.139854 0.511068 0.139854 0.511719 0.140768 0.511719 0.141682 0.511719 0.142596 0.512370 0.142596 0.513021 0.143510 0.513672 0.144424 0.514323 0.145338 0.514974 0.146252 0.515625 0.146252 0.516276 0.147166 0.516927 0.147166 0.517578 0.148080 0.518229 0.148080 0.518880 0.148995 0.519531 0.149909 0.518880 0.150823 0.518880 0.151737 0.518880 0.152651 0.518880 0.153565 0.518880 0.154479 0.518880 0.155393 0.518880 0.156307 0.518880 0.157221 0.519531 0.156307 0.520182 0.157221 0.520833 0.158135 0.520833 0.159049 0.520182 0.159963 0.520833 0.160878 0.521484 0.161792 0.522135 0.162706 0.522786 0.163620 0.522786 0.164534 0.523438 0.165448 0.524089 0.166362 0.524740 0.167276 0.524740 0.168190 0.525391 0.169104 0.526042 0.170018 0.526693 0.170932 0.527344 0.170018 0.527995 0.170932 0.528646 0.171846 0.529297 0.170932 0.529948 0.170932 0.530599 0.170018 0.530599 0.169104 0.529948 0.168190 0.529948 0.167276 0.529948 0.166362 0.529948 0.165448 0.529948 0.164534 0.530599 0.163620 0.531250 0.162706 0.531901 0.161792 0.532552 0.161792 0.533203 0.161792 0.533854 0.160878 0.534505 0.160878 0.535156 0.160878 0.534505 0.159963 0.534505 0.159049 0.533854 0.158135 0.534505 0.157221 0.534505 0.156307 0.535156 0.155393 0.535807 0.154479 0.536458 0.155393 0.537109 0.154479 0.537760 0.155393 0.538411 0.156307 0.539062 0.156307 0.539714 0.157221 0.540365 0.156307 0.541016 0.155393 0.541667 0.156307 0.541016 0.155393 0.541667 0.154479 0.541667 0.153565 0.541667 0.152651 0.541667 0.151737 0.541667 0.150823 0.541667 0.149909 0.541016 0.148995 0.541667 0.148080 0.541016 0.147166 0.541667 0.146252 0.541667 0.145338 0.542318 0.144424 0.542318 0.143510 0.542969 0.142596 0.543620 0.141682 0.544271 0.141682 0.544922 0.141682 0.545573 0.141682 0.546224 0.140768 0.546875 0.140768 0.547526 0.140768 0.548177 0.139854 0.548828 0.138940 0.549479 0.138940 0.550130 0.138026 0.550781 0.138940 0.551432 0.138026 0.552083 0.138026 0.552734 0.137112 0.553385 0.137112 0.554036 0.137112 0.554688 0.136197 0.555339 0.136197 0.555990 0.135283 0.556641 0.136197 0.557292 0.135283 0.557943 0.136197 0.557943 0.135283 0.557943 0.134369 0.558594 0.133455 0.557943 0.132541 0.558594 0.131627 0.557943 0.130713 0.557292 0.129799 0.556641 0.128885 0.555990 0.127971 0.555339 0.127971 0.554688 0.127971 0.554036 0.127971 0.553385 0.127971 0.552734 0.127971 0.552083 0.127971
0 0.453125 0.110603 0.452474 0.111517 0.451823 0.112431 0.451172 0.112431 0.451823 0.113346 0.451172 0.114260 0.450521 0.115174 0.449870 0.115174 0.449219 0.116088 0.448568 0.116088 0.447917 0.117002 0.447266 0.117002 0.446615 0.117002 0.445964 0.116088 0.445312 0.117002 0.444661 0.117002 0.444010 0.117916 0.443359 0.117916 0.442708 0.118830 0.442708 0.119744 0.442057 0.120658 0.442057 0.121572 0.442057 0.122486 0.441406 0.123400 0.441406 0.124314 0.441406 0.125229 0.440755 0.126143 0.441406 0.127057 0.441406 0.127971 0.441406 0.128885 0.442057 0.128885 0.442708 0.128885 0.443359 0.129799 0.444010 0.130713 0.444661 0.129799 0.445312 0.129799 0.445964 0.129799 0.446615 0.130713 0.447266 0.129799 0.447917 0.129799 0.448568 0.129799 0.449219 0.129799 0.449870 0.129799 0.450521 0.128885 0.451172 0.128885 0.451823 0.127971 0.452474 0.127057 0.453125 0.127057 0.453776 0.127057 0.454427 0.127057 0.455078 0.127971 0.455729 0.127971 0.456380 0.127971 0.457031 0.128885 0.457682 0.129799 0.458333 0.129799 0.458984 0.129799 0.459635 0.130713 0.460286 0.129799 0.460938 0.129799 0.461589 0.130713 0.462240 0.129799 0.462891 0.129799 0.463542 0.130713 0.464193 0.129799 0.464844 0.129799 0.465495 0.129799 0.466146 0.129799 0.466797 0.128885 0.467448 0.129799 0.468099 0.130713 0.468099 0.131627 0.468750 0.132541 0.469401 0.133455 0.470052 0.134369 0.470052 0.135283 0.470052 0.136197 0.470703 0.137112 0.470703 0.138026 0.471354 0.138026 0.472005 0.138940 0.472656 0.139854 0.472656 0.140768 0.472656 0.141682 0.473307 0.142596 0.473958 0.143510 0.474609 0.144424 0.474609 0.145338 0.473958 0.146252 0.474609 0.147166 0.474609 0.148080 0.475260 0.148995 0.474609 0.149909 0.474609 0.150823 0.473958 0.151737 0.474609 0.152651 0.473958 0.153565 0.473958 0.154479 0.473958 0.155393 0.473958 0.156307 0.473307 0.157221 0.472656 0.158135 0.472005 0.157221 0.471354 0.157221 0.470703 0.156307 0.470052 0.155393 0.470703 0.154479 0.470052 0.153565 0.470052 0.152651 0.469401 0.151737 0.468750 0.150823 0.468099 0.149909 0.468099 0.148995 0.468099 0.148080 0.467448 0.147166 0.467448 0.146252 0.467448 0.145338 0.466797 0.144424 0.466146 0.143510 0.465495 0.143510 0.464844 0.142596 0.464193 0.141682 0.463542 0.141682 0.462891 0.140768 0.462240 0.140768 0.461589 0.140768 0.460938 0.141682 0.460286 0.141682 0.460286 0.142596 0.459635 0.143510 0.459635 0.144424 0.459635 0.145338 0.460286 0.146252 0.460286 0.147166 0.460286 0.148080 0.460286 0.148995 0.460286 0.149909 0.460286 0.150823 0.460286 0.151737 0.460938 0.152651 0.460286 0.153565 0.460938 0.153565 0.461589 0.154479 0.462240 0.154479 0.462891 0.155393 0.463542 0.156307 0.464193 0.157221 0.464844 0.157221 0.465495 0.157221 0.466146 0.157221 0.466797 0.157221 0.467448 0.158135 0.468099 0.159049 0.468750 0.159963 0.468099 0.160878 0.468750 0.161792 0.469401 0.160878 0.470052 0.161792 0.470703 0.161792 0.471354 0.162706 0.472005 0.163620 0.472656 0.164534 0.472656 0.165448 0.473307 0.166362 0.473958 0.165448 0.474609 0.166362 0.475260 0.167276 0.475911 0.168190 0.476562 0.169104 0.477214 0.170018 0.477214 0.170932 0.477865 0.170018 0.478516 0.170932 0.479167 0.170018 0.479818 0.170932 0.480469 0.171846 0.481120 0.171846 0.481771 0.172761 0.482422 0.173675 0.483073 0.174589 0.483724 0.175503 0.483724 0.176417 0.483724 0.177331 0.483724 0.178245 0.483073 0.179159 0.483073 0.180073 0.483073 0.180987 0.482422 0.181901 0.481771 0.182815 0.481120 0.182815 0.480469 0.181901 0.479818 0.181901 0.479167 0.180987 0.478516 0.180073 0.479167 0.179159 0.478516 0.178245 0.477865 0.178245 0.477214 0.177331 0.476562 0.176417 0.475911 0.177331 0.475260 0.177331 0.474609 0.177331 0.473958 0.178245 0.473307 0.179159 0.473958 0.180073 0.473958 0.180987 0.474609 0.181901 0.475260 0.182815 0.475911 0.181901 0.476562 0.181901 0.477214 0.182815 0.477865 0.182815 0.478516 0.182815 0.479167 0.183729 0.479818 0.184644 0.479167 0.183729 0.479818 0.182815 0.480469 0.181901 0.481120 0.182815 0.481771 0.183729 0.481120 0.184644 0.481771 0.183729 0.482422 0.184644 0.483073 0.185558 0.483724 0.185558 0.484375 0.185558 0.485026 0.184644 0.485677 0.185558 0.486328 0.186472 0.486979 0.187386 0.487630 0.188300 0.487630 0.189214 0.486979 0.190128 0.486328 0.191042 0.486979 0.191956 0.487630 0.192870 0.486979 0.193784 0.487630 0.194698 0.487630 0.195612 0.487630 0.196527 0.486979 0.197441 0.486328 0.198355 0.485677 0.199269 0.485026 0.199269 0.484375 0.198355 0.483724 0.198355 0.483073 0.199269 0.482422 0.199269 0.481771 0.199269 0.481120 0.198355 0.480469 0.199269 0.479818 0.199269 0.479818 0.200183 0.479818 0.201097 0.479818 0.202011 0.479167 0.202925 0.479818 0.203839 0.479167 0.204753 0.478516 0.205667 0.479167 0.206581 0.479167 0.207495 0.478516 0.208410 0.477865 0.209324 0.477865 0.210238 0.477865 0.211152 0.477214 0.212066 0.476562 0.212980 0.475911 0.212980 0.475260 0.213894 0.475260 0.214808 0.474609 0.215722 0.473958 0.216636 0.473307 0.216636 0.473307 0.217550 0.473958 0.218464 0.473958 0.219378 0.474609 0.219378 0.475260 0.219378 0.475911 0.220293 0.476562 0.221207 0.477214 0.221207 0.477865 0.221207 0.478516 0.221207 0.479167 0.222121 0.479818 0.222121 0.480469 0.222121 0.481120 0.223035 0.481771 0.223949 0.482422 0.224863 0.483073 0.224863 0.483724 0.224863 0.484375 0.225777 0.485026 0.226691 0.485677 0.227605 0.485677 0.228519 0.485677 0.229433 0.486328 0.228519 0.486979 0.229433 0.487630 0.230347 0.487630 0.231261 0.488281 0.232176 0.488281 0.233090 0.488281 0.234004 0.488932 0.234918 0.488932 0.235832 0.489583 0.236746 0.489583 0.237660 0.490234 0.238574 0.490885 0.239488 0.490885 0.240402 0.490885 0.241316 0.491536 0.242230 0.490885 0.243144 0.490885 0.244059 0.490885 0.244973 0.490885 0.245887 0.490234 0.246801 0.490885 0.247715 0.490234 0.248629 0.490234 0.249543 0.490234 0.250457 0.490234 0.251371 0.489583 0.252285 0.490234 0.253199 0.490234 0.254113 0.490885 0.255027 0.491536 0.255941 0.492188 0.255941 0.492839 0.256856 0.493490 0.256856 0.494141 0.257770 0.494792 0.257770 0.495443 0.257770 0.496094 0.257770 0.496745 0.258684 0.497396 0.257770 0.498047 0.258684 0.498698 0.259598 0.499349 0.259598 0.499349 0.258684 0.500000 0.257770 0.499349 0.256856 0.499349 0.255941 0.498698 0.255941 0.498047 0.255027 0.497396 0.255027 0.496745 0.254113 0.496094 0.253199 0.495443 0.252285 0.495443 0.251371 0.495443 0.250457 0.494792 0.249543 0.495443 0.248629 0.494792 0.247715 0.494792 0.246801 0.494792 0.245887 0.494141 0.244973 0.494792 0.244059 0.494792 0.243144 0.495443 0.242230 0.496094 0.241316 0.495443 0.240402 0.495443 0.239488 0.495443 0.238574 0.495443 0.237660 0.496094 0.236746 0.495443 0.235832 0.494792 0.234918 0.495443 0.234004 0.494792 0.233090 0.494141 0.232176 0.494141 0.231261 0.493490 0.230347 0.494141 0.229433 0.493490 0.229433 0.492839 0.228519 0.492188 0.227605 0.492188 0.226691 0.491536 0.225777 0.492188 0.224863 0.491536 0.223949 0.491536 0.223035 0.490885 0.222121 0.490885 0.221207 0.490885 0.220293 0.490234 0.219378 0.489583 0.218464 0.489583 0.217550 0.488932 0.217550 0.488281 0.218464 0.487630 0.217550 0.486979 0.217550 0.486328 0.217550 0.485677 0.217550 0.485026 0.216636 0.484375 0.215722 0.483724 0.214808 0.483073 0.213894 0.483073 0.212980 0.483073 0.212066 0.483724 0.211152 0.483073 0.210238 0.483724 0.209324 0.483724 0.208410 0.484375 0.207495 0.483724 0.206581 0.484375 0.205667 0.485026 0.204753 0.485026 0.203839 0.485677 0.202925 0.486328 0.202011 0.486979 0.201097 0.487630 0.201097 0.488281 0.201097 0.488932 0.200183 0.489583 0.201097 0.490234 0.200183 0.490885 0.199269 0.490885 0.198355 0.490885 0.197441 0.490885 0.196527 0.490234 0.195612 0.490885 0.194698 0.490885 0.193784 0.490885 0.192870 0.490885 0.191956 0.491536 0.191042 0.492188 0.190128 0.492188 0.189214 0.492188 0.188300 0.492839 0.187386 0.492188 0.186472 0.492839 0.185558 0.492188 0.184644 0.492188 0.183729 0.492188 0.182815 0.491536 0.181901 0.491536 0.180987 0.490885 0.180073 0.490234 0.179159 0.490234 0.178245 0.489583 0.178245 0.488932 0.177331 0.488281 0.176417 0.488281 0.175503 0.487630 0.174589 0.488281 0.173675 0.487630 0.172761 0.486979 0.171846 0.486328 0.170932 0.485677 0.170018 0.485026 0.169104 0.485677 0.168190 0.485677 0.167276 0.485026 0.166362 0.484375 0.165448 0.483724 0.164534 0.483073 0.163620 0.482422 0.162706 0.482422 0.161792 0.481771 0.160878 0.482422 0.159963 0.482422 0.159049 0.481771 0.158135 0.481771 0.157221 0.481120 0.156307 0.481120 0.155393 0.481120 0.154479 0.481771 0.153565 0.481771 0.152651 0.481771 0.151737 0.482422 0.150823 0.481771 0.149909 0.481771 0.148995 0.481120 0.148080 0.480469 0.147166 0.480469 0.146252 0.479818 0.145338 0.479818 0.144424 0.479818 0.143510 0.479818 0.142596 0.479167 0.141682 0.478516 0.140768 0.479167 0.139854 0.478516 0.138940 0.478516 0.138026 0.478516 0.137112 0.477865 0.136197 0.477214 0.135283 0.476562 0.134369 0.475911 0.133455 0.475260 0.132541 0.474609 0.131627 0.473958 0.130713 0.473307 0.129799 0.473307 0.128885 0.472656 0.128885 0.472005 0.128885 0.471354 0.127971 0.470703 0.127971 0.470052 0.127971 0.469401 0.128885 0.468750 0.129799 0.468099 0.128885 0.467448 0.127971 0.466797 0.127057 0.466797 0.126143 0.467448 0.125229 0.466797 0.124314 0.466146 0.123400 0.466146 0.122486 0.466146 0.121572 0.465495 0.120658 0.465495 0.119744 0.465495 0.118830 0.465495 0.117916 0.464844 0.117916 0.464193 0.117002 0.463542 0.116088 0.462891 0.115174 0.462891 0.114260 0.462240 0.114260 0.461589 0.113346 0.460938 0.112431 0.460286 0.112431 0.459635 0.111517 0.458984 0.111517 0.458333 0.111517 0.457682 0.111517 0.457031 0.110603 0.456380 0.111517 0.455729 0.110603 0.455078 0.110603 0.454427 0.110603 0.453776 0.111517
0 0.511719 0.088665 0.511068 0.089580 0.510417 0.090494 0.509766 0.090494 0.509115 0.091408 0.508464 0.092322 0.509115 0.093236 0.508464 0.094150 0.509115 0.095064 0.509766 0.095978 0.509766 0.096892 0.510417 0.097806 0.511068 0.098720 0.511068 0.099634 0.511719 0.100548 0.511719 0.101463 0.511719 0.102377 0.511719 0.103291 0.511719 0.104205 0.512370 0.105119 0.512370 0.106033 0.513021 0.106947 0.513672 0.106947 0.514323 0.106947 0.514974 0.107861 0.515625 0.106947 0.516276 0.107861 0.516927 0.108775 0.517578 0.109689 0.518229 0.110603 0.517578 0.111517 0.517578 0.112431 0.517578 0.113346 0.517578 0.114260 0.516927 0.115174 0.516276 0.116088 0.516276 0.117002 0.516927 0.117916 0.516276 0.118830 0.515625 0.119744 0.514974 0.120658 0.514323 0.121572 0.513672 0.121572 0.513021 0.121572 0.512370 0.121572 0.511719 0.122486 0.511068 0.122486 0.510417 0.122486 0.509766 0.122486 0.509115 0.122486 0.508464 0.122486 0.507812 0.122486 0.507161 0.123400 0.506510 0.122486 0.505859 0.123400 0.505208 0.122486 0.504557 0.121572 0.503906 0.121572 0.503255 0.120658 0.502604 0.120658 0.501953 0.119744 0.501302 0.118830 0.500651 0.117916 0.500000 0.117002 0.500000 0.116088 0.499349 0.115174 0.498698 0.114260 0.499349 0.113346 0.500000 0.112431 0.500000 0.111517 0.500000 0.110603 0.500651 0.109689 0.501302 0.108775 0.501953 0.108775 0.502604 0.109689 0.503255 0.108775 0.503906 0.108775 0.504557 0.109689 0.505208 0.109689 0.505859 0.108775 0.506510 0.107861 0.506510 0.106947 0.505859 0.106033 0.505208 0.105119 0.505208 0.104205 0.504557 0.105119 0.503906 0.105119 0.503255 0.105119 0.502604 0.104205 0.501953 0.103291 0.501302 0.102377 0.501302 0.101463 0.501302 0.100548 0.500651 0.099634 0.500651 0.098720 0.500000 0.097806 0.500000 0.096892 0.499349 0.096892 0.498698 0.095978 0.498047 0.095064 0.497396 0.095978 0.496745 0.095064 0.496094 0.095064 0.495443 0.094150 0.494792 0.093236 0.494141 0.094150 0.493490 0.095064 0.492839 0.095978 0.492188 0.095978 0.491536 0.096892 0.491536 0.097806 0.491536 0.098720 0.491536 0.099634 0.491536 0.100548 0.491536 0.101463 0.491536 0.102377 0.490885 0.103291 0.490885 0.104205 0.491536 0.105119 0.490885 0.106033 0.491536 0.106947 0.492188 0.107861 0.492188 0.108775 0.492188 0.109689 0.492839 0.110603 0.492839 0.111517 0.492839 0.112431 0.493490 0.113346 0.493490 0.114260 0.494141 0.115174 0.494792 0.116088 0.495443 0.117002 0.496094 0.117916 0.496094 0.118830 0.496745 0.119744 0.496745 0.120658 0.496745 0.121572 0.497396 0.122486 0.497396 0.123400 0.498047 0.124314 0.498698 0.125229 0.499349 0.126143 0.500000 0.127057 0.500651 0.127971 0.501302 0.127971 0.501953 0.127057 0.502604 0.127971 0.503255 0.128885 0.503906 0.129799 0.504557 0.130713 0.504557 0.131627 0.504557 0.132541 0.505208 0.133455 0.504557 0.134369 0.504557 0.135283 0.505208 0.136197 0.505208 0.137112 0.504557 0.138026 0.505208 0.138026 0.505859 0.138940 0.506510 0.138026 0.507161 0.138026 0.507812 0.138026 0.508464 0.138026 0.509115 0.138026 0.509766 0.138026 0.509115 0.137112 0.509766 0.136197 0.509766 0.135283 0.509766 0.134369 0.509115 0.133455 0.509115 0.132541 0.509115 0.131627 0.508464 0.130713 0.508464 0.129799 0.508464 0.128885 0.509115 0.127971 0.509115 0.127057 0.509766 0.126143 0.510417 0.125229 0.511068 0.125229 0.511719 0.125229 0.512370 0.126143 0.513021 0.126143 0.513672 0.127057 0.514323 0.127971 0.514974 0.127971 0.515625 0.128885 0.516276 0.128885 0.516927 0.128885 0.517578 0.128885 0.518229 0.128885 0.518880 0.127971 0.519531 0.127971 0.518880 0.127057 0.518229 0.126143 0.518229 0.125229 0.517578 0.124314 0.516927 0.123400 0.516927 0.122486 0.516276 0.121572 0.515625 0.120658 0.515625 0.119744 0.516276 0.118830 0.516927 0.118830 0.517578 0.117916 0.518229 0.117002 0.518880 0.117002 0.519531 0.117002 0.520182 0.117916 0.520833 0.117002 0.521484 0.117916 0.522135 0.118830 0.522786 0.119744 0.523438 0.120658 0.524089 0.119744 0.524740 0.119744 0.525391 0.119744 0.525391 0.118830 0.525391 0.117916 0.526042 0.117002 0.526042 0.116088 0.526042 0.115174 0.525391 0.114260 0.525391 0.113346 0.526042 0.112431 0.526042 0.111517 0.525391 0.110603 0.526042 0.109689 0.525391 0.108775 0.526042 0.107861 0.526693 0.106947 0.526042 0.107861 0.525391 0.106947 0.524740 0.106033 0.524740 0.105119 0.524089 0.105119 0.523438 0.104205 0.522786 0.103291 0.522135 0.103291 0.521484 0.103291 0.520833 0.103291 0.520182 0.103291 0.519531 0.103291 0.518880 0.104205 0.518229 0.105119 0.517578 0.104205 0.516927 0.104205 0.516276 0.103291 0.515625 0.102377 0.514974 0.101463 0.514323 0.100548 0.513672 0.100548 0.513021 0.099634 0.512370 0.098720 0.513021 0.097806 0.513021 0.096892 0.513672 0.095978 0.513672 0.095064 0.513672 0.094150 0.513672 0.093236 0.513672 0.092322 0.513672 0.091408 0.513672 0.090494 0.513672 0.089580 0.513021 0.088665 0.512370 0.089580
0 0.556641 0.084095 0.555990 0.085009 0.555339 0.085009 0.554688 0.085009 0.554036 0.085009 0.553385 0.085009 0.552734 0.085009 0.552083 0.085923 0.551432 0.085923 0.550781 0.085923 0.550130 0.085923 0.549479 0.086837 0.548828 0.086837 0.548177 0.086837 0.547526 0.085923 0.546875 0.086837 0.546224 0.086837 0.546224 0.087751 0.546224 0.088665 0.546224 0.089580 0.546224 0.090494 0.546224 0.091408 0.546224 0.092322 0.546875 0.093236 0.546875 0.094150 0.547526 0.094150 0.548177 0.094150 0.548828 0.094150 0.549479 0.094150 0.550130 0.095064 0.550781 0.095978 0.551432 0.095064 0.552083 0.095978 0.552734 0.096892 0.552734 0.097806 0.553385 0.098720 0.553385 0.099634 0.553385 0.100548 0.553385 0.101463 0.552734 0.102377 0.552083 0.103291 0.551432 0.103291 0.550781 0.104205 0.550781 0.105119 0.550130 0.106033 0.550130 0.106947 0.549479 0.107861 0.549479 0.108775 0.549479 0.109689 0.549479 0.110603 0.548828 0.111517 0.548828 0.112431 0.549479 0.113346 0.549479 0.114260 0.549479 0.115174 0.549479 0.116088 0.548828 0.117002 0.548828 0.117916 0.548828 0.118830 0.548828 0.119744 0.548828 0.120658 0.549479 0.121572 0.550130 0.121572 0.550781 0.121572 0.551432 0.122486 0.552083 0.121572 0.552734 0.121572 0.553385 0.120658 0.552734 0.119744 0.553385 0.118830 0.554036 0.117916 0.554036 0.117002 0.553385 0.116088 0.553385 0.115174 0.554036 0.114260 0.554036 0.113346 0.554688 0.112431 0.554036 0.111517 0.554688 0.110603 0.555339 0.109689 0.555990 0.109689 0.556641 0.108775 0.557292 0.107861 0.557292 0.106947 0.557943 0.106033 0.558594 0.105119 0.559245 0.106033 0.559245 0.105119 0.559896 0.104205 0.560547 0.103291 0.560547 0.102377 0.560547 0.101463 0.559896 0.100548 0.560547 0.099634 0.560547 0.098720 0.559896 0.097806 0.559245 0.096892 0.559245 0.095978 0.558594 0.095064 0.557943 0.094150 0.558594 0.093236 0.558594 0.092322 0.558594 0.091408 0.558594 0.090494 0.559245 0.089580 0.559245 0.088665 0.558594 0.087751 0.558594 0.086837 0.558594 0.085923 0.557943 0.085923 0.557292 0.085009
