0 0.942708 0.893053 0.942057 0.893967 0.941406 0.893967 0.940755 0.893967 0.940104 0.894881 0.939453 0.894881 0.939453 0.895795 0.939453 0.896709 0.938802 0.897623 0.938151 0.898537 0.938151 0.899452 0.937500 0.900366 0.936849 0.901280 0.936849 0.902194 0.937500 0.903108 0.938151 0.904022 0.938802 0.904022 0.939453 0.904022 0.940104 0.903108 0.940755 0.903108 0.941406 0.903108 0.942057 0.904022 0.942708 0.903108 0.943359 0.902194 0.944010 0.903108 0.944661 0.904022 0.945312 0.903108 0.945964 0.902194 0.946615 0.901280 0.947266 0.902194 0.946615 0.901280 0.947266 0.900366 0.947266 0.899452 0.947917 0.898537 0.947266 0.898537 0.946615 0.897623 0.945964 0.896709 0.945312 0.895795 0.944661 0.894881 0.944010 0.893967 0.943359 0.893967
0 0.419271 0.882998 0.418620 0.883912 0.417969 0.884826 0.417318 0.884826 0.417969 0.885740 0.417318 0.886654 0.417969 0.887569 0.417318 0.888483 0.417318 0.889397 0.417969 0.890311 0.418620 0.891225 0.418620 0.892139 0.419271 0.893053 0.418620 0.893967 0.419271 0.894881 0.419922 0.894881 0.420573 0.893967 0.421224 0.894881 0.421875 0.895795 0.422526 0.894881 0.423177 0.895795 0.423177 0.894881 0.423828 0.893967 0.423828 0.893053 0.424479 0.892139 0.425130 0.891225 0.425130 0.890311 0.425130 0.889397 0.425781 0.888483 0.425781 0.887569 0.425130 0.886654 0.425130 0.885740 0.424479 0.885740 0.423828 0.884826 0.423177 0.883912 0.422526 0.883912 0.421875 0.882998 0.421224 0.883912 0.420573 0.882998 0.419922 0.882998
0 0.904297 0.882084 0.903646 0.882998 0.902995 0.882998 0.902344 0.882998 0.901693 0.883912 0.901042 0.884826 0.900391 0.885740 0.900391 0.886654 0.899740 0.887569 0.900391 0.888483 0.901042 0.889397 0.901693 0.890311 0.901693 0.891225 0.902344 0.890311 0.902995 0.891225 0.903646 0.891225 0.904297 0.891225 0.904948 0.891225 0.905599 0.891225 0.906250 0.890311 0.906901 0.890311 0.907552 0.889397 0.908203 0.889397 0.908203 0.888483 0.907552 0.887569 0.907552 0.886654 0.906901 0.885740 0.906250 0.884826 0.906250 0.883912 0.905599 0.883912 0.904948 0.882998
0 0.336589 0.882084 0.335938 0.882998 0.335286 0.883912 0.334635 0.882998 0.333984 0.883912 0.333333 0.883912 0.333984 0.884826 0.333333 0.885740 0.333333 0.886654 0.333984 0.887569 0.333333 0.888483 0.333984 0.889397 0.334635 0.890311 0.335286 0.891225 0.335938 0.891225 0.336589 0.892139 0.337240 0.891225 0.337891 0.891225 0.337240 0.890311 0.337891 0.889397 0.338542 0.888483 0.339193 0.888483 0.339844 0.888483 0.340495 0.887569 0.339844 0.886654 0.339844 0.885740 0.339844 0.884826 0.339193 0.884826 0.338542 0.883912 0.337891 0.883912 0.337240 0.882998
0 0.293620 0.882084 0.292969 0.882998 0.293620 0.883912 0.294271 0.884826 0.294922 0.885740 0.295573 0.886654 0.295573 0.887569 0.295573 0.888483 0.296224 0.889397 0.296875 0.889397 0.297526 0.890311 0.298177 0.891225 0.297526 0.892139 0.298177 0.892139 0.298828 0.892139 0.299479 0.893053 0.300130 0.892139 0.300781 0.891225 0.301432 0.891225 0.301432 0.890311 0.302083 0.889397 0.301432 0.888483 0.302083 0.887569 0.301432 0.886654 0.301432 0.885740 0.300781 0.884826 0.300130 0.883912 0.299479 0.883912 0.298828 0.884826 0.298177 0.884826 0.297526 0.884826 0.296875 0.884826 0.296224 0.883912 0.295573 0.882998 0.295573 0.882084 0.294922 0.882084 0.294271 0.882084
0 0.967448 0.879342 0.966797 0.880256 0.966146 0.880256 0.965495 0.880256 0.964844 0.881170 0.964193 0.882084 0.964193 0.882998 0.964193 0.883912 0.964193 0.884826 0.964193 0.885740 0.964193 0.886654 0.964844 0.887569 0.964844 0.888483 0.964844 0.889397 0.965495 0.890311 0.966146 0.891225 0.966797 0.891225 0.967448 0.892139 0.968099 0.892139 0.968750 0.892139 0.969401 0.891225 0.970052 0.890311 0.970052 0.889397 0.970703 0.888483 0.971354 0.887569 0.970703 0.886654 0.970703 0.885740 0.970703 0.884826 0.971354 0.883912 0.970703 0.882998 0.970703 0.882084 0.970052 0.881170 0.969401 0.880256 0.968750 0.880256 0.968099 0.879342
0 0.830078 0.876600 0.829427 0.877514 0.828776 0.878428 0.828776 0.879342 0.828776 0.880256 0.829427 0.881170 0.829427 0.882084 0.829427 0.882998 0.829427 0.883912 0.830078 0.883912 0.830729 0.884826 0.831380 0.884826 0.832031 0.884826 0.832682 0.885740 0.833333 0.886654 0.833984 0.886654 0.834635 0.886654 0.835286 0.885740 0.835938 0.886654 0.835938 0.885740 0.836589 0.884826 0.837240 0.883912 0.837891 0.883912 0.838542 0.882998 0.839193 0.882084 0.839844 0.882084 0.840495 0.882084 0.841146 0.882084 0.841797 0.881170 0.842448 0.880256 0.842448 0.879342 0.841797 0.878428 0.841146 0.877514 0.840495 0.877514 0.839844 0.877514 0.839193 0.878428 0.838542 0.878428 0.838542 0.879342 0.837891 0.880256 0.837240 0.881170 0.836589 0.881170 0.835938 0.881170 0.835286 0.880256 0.834635 0.879342 0.833984 0.878428 0.833333 0.877514 0.832682 0.876600 0.832031 0.876600 0.831380 0.876600 0.830729 0.876600
0 0.695964 0.876600 0.695964 0.877514 0.695312 0.878428 0.694661 0.879342 0.694661 0.880256 0.694010 0.881170 0.693359 0.882084 0.693359 0.882998 0.693359 0.883912 0.693359 0.884826 0.694010 0.885740 0.694661 0.886654 0.695312 0.886654 0.695964 0.886654 0.696615 0.886654 0.697266 0.886654 0.697917 0.885740 0.698568 0.886654 0.699219 0.885740 0.699870 0.884826 0.700521 0.884826 0.701172 0.885740 0.700521 0.884826 0.699870 0.883912 0.699870 0.882998 0.699870 0.882084 0.699219 0.881170 0.698568 0.880256 0.697917 0.879342 0.697917 0.878428 0.697266 0.877514 0.696615 0.876600
0 0.402995 0.875686 0.402344 0.876600 0.401693 0.876600 0.401693 0.877514 0.401693 0.878428 0.401042 0.879342 0.401042 0.880256 0.401042 0.881170 0.401693 0.882084 0.402344 0.882084 0.402995 0.882998 0.403646 0.883912 0.404297 0.884826 0.404948 0.884826 0.405599 0.884826 0.406250 0.883912 0.406901 0.882998 0.406901 0.882084 0.407552 0.881170 0.408203 0.880256 0.407552 0.879342 0.406901 0.878428 0.406250 0.877514 0.406250 0.876600 0.405599 0.876600 0.404948 0.876600 0.404297 0.876600 0.403646 0.875686
0 0.608724 0.874771 0.608073 0.875686 0.607422 0.875686 0.606771 0.876600 0.606120 0.877514 0.605469 0.878428 0.604818 0.879342 0.605469 0.879342 0.606120 0.880256 0.606771 0.881170 0.607422 0.881170 0.608073 0.881170 0.608724 0.882084 0.609375 0.882084 0.610026 0.882084 0.610677 0.881170 0.611328 0.881170 0.611979 0.881170 0.612630 0.882084 0.613281 0.881170 0.613281 0.880256 0.612630 0.879342 0.611979 0.878428 0.611328 0.877514 0.610677 0.876600 0.610026 0.875686 0.610026 0.874771 0.609375 0.874771
0 0.450521 0.874771 0.450521 0.875686 0.449870 0.876600 0.449219 0.877514 0.448568 0.878428 0.447917 0.879342 0.448568 0.880256 0.448568 0.881170 0.448568 0.882084 0.449219 0.882998 0.449870 0.883912 0.449870 0.884826 0.450521 0.883912 0.451172 0.884826 0.451823 0.885740 0.452474 0.885740 0.453125 0.885740 0.453776 0.885740 0.454427 0.886654 0.455078 0.885740 0.455729 0.885740 0.456380 0.884826 0.456380 0.883912 0.455729 0.882998 0.455078 0.882084 0.455729 0.881170 0.455729 0.880256 0.455078 0.879342 0.455729 0.878428 0.455078 0.877514 0.454427 0.876600 0.453776 0.876600 0.453125 0.875686 0.452474 0.875686 0.451823 0.874771 0.451172 0.874771
0 0.052083 0.872029 0.051432 0.872943 0.050781 0.872943 0.050130 0.872943 0.049479 0.872943 0.049479 0.873857 0.049479 0.874771 0.048828 0.875686 0.049479 0.876600 0.048828 0.877514 0.049479 0.878428 0.049479 0.879342 0.049479 0.880256 0.050130 0.879342 0.050781 0.880256 0.051432 0.881170 0.051432 0.882084 0.052083 0.882084 0.052734 0.882998 0.053385 0.882084 0.054036 0.881170 0.054688 0.882084 0.055339 0.881170 0.055339 0.880256 0.055990 0.879342 0.055990 0.878428 0.055990 0.877514 0.055990 0.876600 0.055339 0.875686 0.055339 0.874771 0.054688 0.874771 0.054036 0.873857 0.053385 0.872943 0.052734 0.872029
0 0.723958 0.871115 0.723307 0.872029 0.722656 0.872943 0.722005 0.873857 0.722005 0.874771 0.721354 0.875686 0.721354 0.876600 0.721354 0.877514 0.721354 0.878428 0.720703 0.879342 0.720703 0.880256 0.721354 0.881170 0.721354 0.882084 0.722005 0.882084 0.722656 0.882084 0.723307 0.882084 0.723958 0.882084 0.724609 0.882084 0.725260 0.882998 0.725911 0.883912 0.725911 0.884826 0.725911 0.885740 0.726562 0.886654 0.726562 0.887569 0.726562 0.888483 0.726562 0.889397 0.727214 0.890311 0.727865 0.891225 0.728516 0.891225 0.729167 0.891225 0.729818 0.892139 0.730469 0.892139 0.731120 0.891225 0.731771 0.891225 0.732422 0.890311 0.733073 0.890311 0.733724 0.891225 0.734375 0.892139 0.734375 0.893053 0.734375 0.893967 0.733724 0.894881 0.733724 0.895795 0.733073 0.896709 0.733073 0.897623 0.733724 0.898537 0.734375 0.899452 0.735026 0.899452 0.735677 0.900366 0.736328 0.901280 0.736979 0.901280 0.737630 0.901280 0.738281 0.902194 0.738932 0.901280 0.739583 0.901280 0.740234 0.901280 0.740885 0.901280 0.740885 0.900366 0.741536 0.899452 0.742188 0.898537 0.742839 0.897623 0.743490 0.896709 0.743490 0.895795 0.742839 0.894881 0.743490 0.893967 0.744141 0.893053 0.744141 0.892139 0.743490 0.892139 0.742839 0.891225 0.742188 0.891225 0.741536 0.891225 0.740885 0.892139 0.740234 0.891225 0.739583 0.891225 0.738932 0.892139 0.738281 0.891225 0.737630 0.891225 0.736979 0.891225 0.736328 0.890311 0.735677 0.891225 0.735026 0.891225 0.734375 0.892139 0.733724 0.891225 0.733073 0.890311 0.732422 0.889397 0.732422 0.888483 0.733073 0.887569 0.732422 0.886654 0.731771 0.885740 0.731771 0.884826 0.731120 0.883912 0.730469 0.882998 0.729818 0.882084 0.729818 0.881170 0.730469 0.880256 0.730469 0.879342 0.731120 0.878428 0.731771 0.877514 0.732422 0.876600 0.733073 0.875686 0.732422 0.874771 0.732422 0.873857 0.732422 0.872943 0.731771 0.872029 0.731771 0.871115 0.731120 0.872029 0.730469 0.872029 0.729818 0.871115 0.729167 0.871115 0.728516 0.871115 0.727865 0.872029 0.727214 0.872029 0.726562 0.872943 0.725911 0.872943 0.725260 0.872029 0.724609 0.872029
0 0.973307 0.870201 0.972656 0.871115 0.972005 0.871115 0.971354 0.872029 0.970703 0.872029 0.971354 0.872943 0.970703 0.873857 0.970703 0.874771 0.970703 0.875686 0.971354 0.875686 0.972005 0.876600 0.972656 0.877514 0.972656 0.878428 0.973307 0.877514 0.973958 0.878428 0.974609 0.878428 0.975260 0.879342 0.975911 0.880256 0.976562 0.881170 0.977214 0.882084 0.977214 0.882998 0.977865 0.883912 0.978516 0.884826 0.978516 0.885740 0.979167 0.886654 0.979818 0.887569 0.979818 0.888483 0.980469 0.889397 0.980469 0.890311 0.981120 0.891225 0.981771 0.892139 0.982422 0.891225 0.983073 0.891225 0.983724 0.890311 0.983724 0.889397 0.983724 0.888483 0.983724 0.887569 0.983073 0.886654 0.982422 0.885740 0.982422 0.884826 0.983073 0.883912 0.983724 0.882998 0.984375 0.882998 0.985026 0.883912 0.985677 0.883912 0.986328 0.884826 0.986979 0.884826 0.987630 0.885740 0.988281 0.886654 0.988932 0.885740 0.989583 0.885740 0.990234 0.884826 0.990885 0.883912 0.991536 0.883912 0.992188 0.884826 0.992839 0.884826 0.993490 0.883912 0.993490 0.882998 0.992839 0.882084 0.992839 0.881170 0.992188 0.880256 0.992188 0.879342 0.991536 0.878428 0.991536 0.877514 0.991536 0.876600 0.990885 0.876600 0.990234 0.875686 0.989583 0.874771 0.988932 0.874771 0.988281 0.873857 0.987630 0.872943 0.986979 0.872029 0.986328 0.871115 0.986979 0.870201 0.986328 0.871115 0.985677 0.871115 0.985026 0.871115 0.984375 0.872029 0.983724 0.871115 0.983073 0.872029 0.983724 0.872943 0.983073 0.873857 0.983073 0.874771 0.982422 0.875686 0.981771 0.876600 0.981120 0.875686 0.980469 0.875686 0.979818 0.875686 0.979167 0.876600 0.978516 0.876600 0.977865 0.876600 0.977214 0.875686 0.976562 0.876600 0.975911 0.875686 0.975260 0.874771 0.975911 0.873857 0.975260 0.872943 0.974609 0.872029 0.973958 0.871115 0.973958 0.870201
0 0.807292 0.869287 0.807292 0.870201 0.806641 0.871115 0.805990 0.872029 0.805339 0.872943 0.804688 0.872943 0.804036 0.872943 0.803385 0.872943 0.802734 0.872943 0.802083 0.872943 0.801432 0.872943 0.800781 0.872943 0.800130 0.872029 0.799479 0.872943 0.798828 0.873857 0.798177 0.872943 0.798177 0.873857 0.797526 0.874771 0.796875 0.875686 0.796224 0.875686 0.796224 0.876600 0.795573 0.877514 0.794922 0.878428 0.794922 0.879342 0.795573 0.880256 0.795573 0.881170 0.795573 0.882084 0.796224 0.882084 0.796875 0.882998 0.797526 0.882084 0.798177 0.882084 0.798828 0.882084 0.799479 0.882084 0.800130 0.881170 0.800781 0.880256 0.801432 0.879342 0.802083 0.878428 0.802734 0.878428 0.803385 0.878428 0.804036 0.877514 0.804688 0.877514 0.805339 0.877514 0.805990 0.878428 0.806641 0.879342 0.807292 0.880256 0.807943 0.880256 0.808594 0.881170 0.809245 0.880256 0.809896 0.879342 0.810547 0.878428 0.811198 0.877514 0.811849 0.877514 0.812500 0.876600 0.813151 0.875686 0.813802 0.875686 0.814453 0.874771 0.813802 0.873857 0.813802 0.872943 0.813802 0.872029 0.813151 0.871115 0.813151 0.870201 0.812500 0.871115 0.811849 0.870201 0.811198 0.870201 0.810547 0.870201 0.809896 0.869287 0.809245 0.870201 0.808594 0.870201 0.807943 0.869287
0 0.554036 0.869287 0.554036 0.870201 0.554036 0.871115 0.554036 0.872029 0.553385 0.872943 0.552734 0.873857 0.552083 0.874771 0.551432 0.875686 0.551432 0.876600 0.551432 0.877514 0.550781 0.878428 0.551432 0.879342 0.552083 0.880256 0.551432 0.881170 0.550781 0.882084 0.550130 0.881170 0.549479 0.881170 0.548828 0.880256 0.548177 0.879342 0.547526 0.879342 0.546875 0.878428 0.546224 0.878428 0.545573 0.878428 0.544922 0.878428 0.544922 0.879342 0.544271 0.880256 0.544922 0.881170 0.545573 0.882084 0.545573 0.882998 0.546224 0.883912 0.546875 0.884826 0.547526 0.883912 0.548177 0.883912 0.548828 0.884826 0.549479 0.885740 0.550130 0.886654 0.549479 0.887569 0.550130 0.888483 0.550781 0.888483 0.551432 0.888483 0.552083 0.888483 0.552734 0.888483 0.552083 0.887569 0.552734 0.886654 0.552734 0.885740 0.552734 0.884826 0.553385 0.883912 0.554036 0.882998 0.554036 0.882084 0.554688 0.881170 0.555339 0.880256 0.555990 0.879342 0.555339 0.878428 0.555339 0.877514 0.555990 0.876600 0.555339 0.875686 0.555990 0.874771 0.555339 0.873857 0.555990 0.872943 0.555339 0.872029 0.555339 0.871115 0.555339 0.870201 0.555339 0.869287 0.554688 0.869287
0 0.518229 0.869287 0.517578 0.870201 0.516927 0.870201 0.516927 0.871115 0.516927 0.872029 0.516276 0.872943 0.516276 0.873857 0.515625 0.874771 0.514974 0.875686 0.514323 0.875686 0.513672 0.875686 0.513021 0.875686 0.512370 0.876600 0.512370 0.877514 0.512370 0.878428 0.511719 0.879342 0.512370 0.880256 0.512370 0.881170 0.512370 0.882084 0.513021 0.882998 0.513672 0.883912 0.514323 0.883912 0.514974 0.883912 0.515625 0.883912 0.516276 0.883912 0.516927 0.882998 0.517578 0.882084 0.518229 0.882998 0.518880 0.882998 0.519531 0.883912 0.520182 0.882998 0.520833 0.883912 0.520182 0.882998 0.520833 0.882084 0.520182 0.881170 0.519531 0.881170 0.518880 0.881170 0.518229 0.880256 0.517578 0.879342 0.517578 0.878428 0.516927 0.877514 0.517578 0.876600 0.518229 0.875686 0.518880 0.876600 0.519531 0.875686 0.520182 0.874771 0.520182 0.873857 0.520833 0.872943 0.521484 0.872029 0.520833 0.872029 0.520182 0.871115 0.519531 0.870201 0.519531 0.869287 0.518880 0.869287
0 0.506510 0.869287 0.505859 0.870201 0.505208 0.871115 0.504557 0.871115 0.503906 0.872029 0.503255 0.872029 0.502604 0.872029 0.501953 0.871115 0.502604 0.872029 0.501953 0.872943 0.501302 0.873857 0.500651 0.874771 0.500000 0.874771 0.500651 0.875686 0.500000 0.876600 0.499349 0.877514 0.500000 0.878428 0.500000 0.879342 0.499349 0.880256 0.500000 0.881170 0.500651 0.882084 0.501302 0.882998 0.501953 0.883912 0.501953 0.884826 0.502604 0.883912 0.503255 0.883912 0.503906 0.884826 0.503906 0.883912 0.504557 0.882998 0.505208 0.882084 0.505859 0.882084 0.506510 0.881170 0.507161 0.881170 0.507812 0.880256 0.507812 0.879342 0.507812 0.878428 0.507812 0.877514 0.508464 0.876600 0.508464 0.875686 0.509115 0.874771 0.508464 0.873857 0.509115 0.872943 0.509766 0.872029 0.509115 0.871115 0.509115 0.870201 0.508464 0.871115 0.507812 0.870201 0.507161 0.870201
0 0.124349 0.869287 0.123698 0.870201 0.123047 0.871115 0.122396 0.870201 0.121745 0.871115 0.121745 0.872029 0.121745 0.872943 0.121094 0.873857 0.121745 0.874771 0.122396 0.875686 0.121745 0.876600 0.122396 0.877514 0.123047 0.878428 0.122396 0.879342 0.122396 0.880256 0.123047 0.881170 0.123698 0.882084 0.124349 0.882084 0.125000 0.881170 0.125000 0.880256 0.124349 0.879342 0.124349 0.878428 0.124349 0.877514 0.125000 0.876600 0.125651 0.875686 0.126302 0.874771 0.126953 0.875686 0.126302 0.874771 0.126953 0.873857 0.126302 0.872943 0.125651 0.872029 0.126302 0.871115 0.125651 0.870201 0.125000 0.869287
0 0.753906 0.868373 0.753255 0.869287 0.752604 0.870201 0.751953 0.871115 0.751302 0.870201 0.750651 0.871115 0.750651 0.872029 0.750000 0.872943 0.750000 0.873857 0.749349 0.874771 0.748698 0.875686 0.748047 0.876600 0.747396 0.876600 0.746745 0.876600 0.746094 0.875686 0.745443 0.876600 0.744792 0.876600 0.744141 0.876600 0.744141 0.877514 0.744141 0.878428 0.744792 0.879342 0.744792 0.880256 0.744141 0.881170 0.744792 0.882084 0.745443 0.882998 0.746094 0.883912 0.746745 0.882998 0.747396 0.883912 0.748047 0.884826 0.748698 0.883912 0.749349 0.884826 0.750000 0.884826 0.750651 0.885740 0.751302 0.884826 0.751953 0.883912 0.752604 0.884826 0.753255 0.885740 0.753906 0.884826 0.754557 0.884826 0.755208 0.885740 0.755859 0.886654 0.755859 0.887569 0.756510 0.888483 0.757161 0.889397 0.757812 0.890311 0.758464 0.891225 0.759115 0.891225 0.759766 0.890311 0.760417 0.890311 0.761068 0.889397 0.761719 0.889397 0.761068 0.888483 0.761719 0.887569 0.761719 0.886654 0.761068 0.885740 0.761719 0.884826 0.761068 0.885740 0.760417 0.884826 0.759766 0.883912 0.759115 0.883912 0.758464 0.883912 0.757812 0.884826 0.757161 0.883912 0.756510 0.882998 0.755859 0.882084 0.755208 0.881170 0.755859 0.880256 0.755859 0.879342 0.756510 0.878428 0.757161 0.877514 0.757161 0.876600 0.757812 0.875686 0.758464 0.874771 0.759115 0.873857 0.759115 0.872943 0.759115 0.872029 0.759766 0.871115 0.759115 0.870201 0.758464 0.869287 0.757812 0.870201 0.757161 0.870201 0.756510 0.869287 0.755859 0.868373 0.755208 0.868373 0.754557 0.868373
0 0.442057 0.868373 0.441406 0.869287 0.440755 0.869287 0.440104 0.870201 0.439453 0.871115 0.438802 0.871115 0.438151 0.871115 0.438151 0.872029 0.437500 0.872943 0.436849 0.873857 0.436198 0.873857 0.435547 0.873857 0.434896 0.872943 0.434245 0.873857 0.433594 0.873857 0.432943 0.873857 0.432292 0.874771 0.432292 0.875686 0.431641 0.876600 0.431641 0.877514 0.432292 0.878428 0.432292 0.879342 0.432292 0.880256 0.432943 0.881170 0.432292 0.882084 0.432943 0.882998 0.432292 0.883912 0.432943 0.883912 0.433594 0.884826 0.434245 0.885740 0.433594 0.886654 0.434245 0.886654 0.434896 0.886654 0.435547 0.887569 0.436198 0.888483 0.436849 0.888483 0.437500 0.887569 0.438151 0.887569 0.438802 0.888483 0.438802 0.887569 0.439453 0.886654 0.440104 0.885740 0.440755 0.884826 0.441406 0.885740 0.442057 0.884826 0.441406 0.883912 0.442057 0.882998 0.442057 0.882084 0.442708 0.881170 0.443359 0.880256 0.444010 0.879342 0.444661 0.878428 0.445312 0.877514 0.445964 0.876600 0.445964 0.875686 0.445312 0.874771 0.445964 0.873857 0.445312 0.872943 0.445964 0.872029 0.445312 0.871115 0.444661 0.870201 0.444010 0.870201 0.443359 0.869287 0.442708 0.868373
0 0.598307 0.866545 0.597656 0.867459 0.597005 0.868373 0.596354 0.868373 0.595703 0.869287 0.595052 0.870201 0.594401 0.869287 0.593750 0.868373 0.593099 0.868373 0.592448 0.868373 0.591797 0.867459 0.591146 0.868373 0.590495 0.868373 0.589844 0.869287 0.589844 0.870201 0.590495 0.871115 0.590495 0.872029 0.591146 0.872943 0.591797 0.873857 0.592448 0.872943 0.593099 0.873857 0.593750 0.872943 0.594401 0.873857 0.595052 0.874771 0.595052 0.875686 0.594401 0.876600 0.593750 0.877514 0.593750 0.878428 0.593099 0.879342 0.593099 0.880256 0.592448 0.881170 0.593099 0.882084 0.592448 0.882998 0.593099 0.883912 0.593099 0.884826 0.593099 0.885740 0.593750 0.886654 0.594401 0.887569 0.595052 0.886654 0.595703 0.887569 0.596354 0.887569 0.597005 0.888483 0.597656 0.887569 0.598307 0.887569 0.598958 0.886654 0.599609 0.886654 0.599609 0.885740 0.599609 0.884826 0.599609 0.883912 0.600260 0.882998 0.600260 0.882084 0.600260 0.881170 0.599609 0.880256 0.599609 0.879342 0.598958 0.878428 0.599609 0.877514 0.600260 0.876600 0.600911 0.875686 0.600911 0.874771 0.601562 0.873857 0.602214 0.872943 0.602214 0.872029 0.602214 0.871115 0.601562 0.870201 0.601562 0.869287 0.600911 0.869287 0.600260 0.868373 0.599609 0.867459 0.598958 0.866545
0 0.416667 0.865631 0.416016 0.866545 0.415365 0.867459 0.414714 0.867459 0.414714 0.868373 0.414062 0.869287 0.414062 0.870201 0.414714 0.871115 0.414714 0.872029 0.414714 0.872943 0.415365 0.873857 0.416016 0.874771 0.416667 0.874771 0.417318 0.874771 0.417969 0.873857 0.418620 0.874771 0.419271 0.875686 0.419922 0.875686 0.420573 0.876600 0.421224 0.877514 0.421875 0.876600 0.422526 0.875686 0.423177 0.875686 0.423177 0.874771 0.423828 0.873857 0.423177 0.872943 0.422526 0.872029 0.422526 0.871115 0.421875 0.871115 0.421224 0.870201 0.420573 0.869287 0.421224 0.868373 0.420573 0.867459 0.419922 0.866545 0.419922 0.865631 0.419271 0.865631 0.418620 0.866545 0.417969 0.865631 0.417318 0.865631
0 0.343750 0.865631 0.343099 0.866545 0.342448 0.866545 0.343099 0.867459 0.343099 0.868373 0.342448 0.869287 0.343099 0.870201 0.342448 0.871115 0.342448 0.872029 0.342448 0.872943 0.341797 0.873857 0.342448 0.874771 0.343099 0.875686 0.343750 0.876600 0.344401 0.876600 0.345052 0.877514 0.345703 0.877514 0.346354 0.876600 0.347005 0.877514 0.347656 0.876600 0.348307 0.876600 0.348307 0.875686 0.348307 0.874771 0.348958 0.873857 0.348307 0.872943 0.348958 0.872029 0.348958 0.871115 0.348307 0.870201 0.348307 0.869287 0.348958 0.868373 0.348307 0.867459 0.348307 0.866545 0.347656 0.865631 0.347005 0.865631 0.346354 0.866545 0.345703 0.865631 0.345052 0.865631 0.344401 0.865631
0 0.881510 0.864717 0.880859 0.865631 0.880208 0.865631 0.879557 0.865631 0.878906 0.866545 0.878255 0.866545 0.878255 0.867459 0.877604 0.868373 0.877604 0.869287 0.876953 0.870201 0.876302 0.871115 0.876953 0.872029 0.876302 0.872943 0.876953 0.873857 0.876953 0.874771 0.876302 0.875686 0.876953 0.876600 0.876953 0.877514 0.876302 0.878428 0.875651 0.879342 0.875000 0.878428 0.875000 0.879342 0.874349 0.880256 0.875000 0.881170 0.874349 0.882084 0.874349 0.882998 0.875000 0.883912 0.875000 0.884826 0.875651 0.885740 0.876302 0.886654 0.876302 0.887569 0.876953 0.886654 0.877604 0.886654 0.878255 0.885740 0.878906 0.885740 0.879557 0.885740 0.879557 0.884826 0.880208 0.883912 0.880208 0.882998 0.880859 0.882084 0.880859 0.881170 0.880859 0.880256 0.881510 0.879342 0.882161 0.878428 0.882812 0.878428 0.883464 0.879342 0.884115 0.880256 0.884766 0.881170 0.884766 0.882084 0.884766 0.882998 0.884115 0.883912 0.884766 0.884826 0.885417 0.884826 0.886068 0.885740 0.886719 0.886654 0.886068 0.887569 0.886719 0.887569 0.887370 0.888483 0.888021 0.889397 0.888021 0.890311 0.888672 0.890311 0.889323 0.889397 0.889974 0.888483 0.890625 0.887569 0.890625 0.886654 0.891276 0.885740 0.891276 0.884826 0.891276 0.883912 0.891276 0.882998 0.890625 0.882084 0.891276 0.881170 0.890625 0.880256 0.889974 0.879342 0.889323 0.878428 0.888672 0.877514 0.888672 0.876600 0.888021 0.876600 0.887370 0.877514 0.886719 0.878428 0.886068 0.877514 0.885417 0.876600 0.884766 0.875686 0.884766 0.874771 0.885417 0.873857 0.885417 0.872943 0.886068 0.872029 0.886068 0.871115 0.886068 0.870201 0.885417 0.869287 0.884766 0.868373 0.884115 0.868373 0.883464 0.867459 0.882812 0.866545 0.882161 0.865631
0 0.276693 0.864717 0.276042 0.865631 0.275391 0.865631 0.274740 0.866545 0.274089 0.866545 0.273438 0.867459 0.273438 0.868373 0.272786 0.869287 0.272135 0.870201 0.271484 0.871115 0.270833 0.871115 0.270182 0.870201 0.269531 0.869287 0.268880 0.869287 0.268229 0.868373 0.267578 0.867459 0.266927 0.867459 0.266276 0.866545 0.265625 0.866545 0.264974 0.867459 0.264323 0.866545 0.263672 0.867459 0.263021 0.867459 0.262370 0.867459 0.261719 0.868373 0.261068 0.868373 0.260417 0.868373 0.260417 0.869287 0.260417 0.870201 0.259766 0.871115 0.259766 0.872029 0.260417 0.872943 0.260417 0.873857 0.260417 0.874771 0.260417 0.875686 0.261068 0.876600 0.261068 0.877514 0.261719 0.877514 0.262370 0.878428 0.263021 0.879342 0.262370 0.880256 0.263021 0.880256 0.263672 0.879342 0.264323 0.880256 0.264974 0.879342 0.264974 0.878428 0.265625 0.877514 0.266276 0.876600 0.266927 0.875686 0.267578 0.874771 0.268229 0.875686 0.268880 0.876600 0.269531 0.875686 0.270182 0.875686 0.270833 0.874771 0.271484 0.875686 0.271484 0.874771 0.270833 0.873857 0.271484 0.872943 0.271484 0.872029 0.271484 0.871115 0.272135 0.870201 0.272786 0.869287 0.273438 0.870201 0.274089 0.871115 0.274089 0.872029 0.274740 0.872029 0.275391 0.872943 0.276042 0.873857 0.276693 0.872943 0.277344 0.873857 0.277995 0.873857 0.278646 0.874771 0.279297 0.875686 0.279297 0.876600 0.278646 0.877514 0.279297 0.878428 0.279948 0.879342 0.279948 0.880256 0.280599 0.880256 0.281250 0.881170 0.281901 0.881170 0.282552 0.882084 0.283203 0.882084 0.283854 0.882084 0.284505 0.881170 0.285156 0.880256 0.285807 0.879342 0.286458 0.878428 0.286458 0.877514 0.287109 0.876600 0.287760 0.875686 0.287109 0.875686 0.286458 0.874771 0.285807 0.874771 0.285156 0.873857 0.284505 0.872943 0.283854 0.872029 0.283203 0.872029 0.282552 0.872029 0.281901 0.872029 0.281250 0.872943 0.280599 0.872029 0.279948 0.872029 0.279297 0.871115 0.278646 0.870201 0.277995 0.869287 0.277995 0.868373 0.278646 0.867459 0.277995 0.866545 0.277344 0.865631
0 0.921224 0.861060 0.921224 0.861974 0.920573 0.862888 0.919922 0.863803 0.919271 0.864717 0.919271 0.865631 0.918620 0.866545 0.919271 0.867459 0.919271 0.868373 0.919271 0.869287 0.919271 0.870201 0.919922 0.871115 0.920573 0.872029 0.919922 0.872943 0.919271 0.873857 0.918620 0.874771 0.917969 0.874771 0.917318 0.873857 0.916667 0.872943 0.916016 0.872029 0.915365 0.871115 0.914714 0.870201 0.914062 0.869287 0.914062 0.868373 0.914062 0.867459 0.913411 0.867459 0.912760 0.867459 0.912760 0.868373 0.912109 0.869287 0.912109 0.870201 0.912760 0.871115 0.912760 0.872029 0.912760 0.872943 0.913411 0.873857 0.913411 0.874771 0.912760 0.875686 0.912109 0.876600 0.911458 0.876600 0.912109 0.877514 0.911458 0.878428 0.910807 0.879342 0.910156 0.880256 0.910807 0.881170 0.911458 0.882084 0.911458 0.882998 0.911458 0.883912 0.912109 0.884826 0.912760 0.885740 0.912109 0.886654 0.912760 0.886654 0.913411 0.887569 0.914062 0.888483 0.914714 0.889397 0.915365 0.890311 0.916016 0.889397 0.916667 0.890311 0.917318 0.889397 0.917969 0.888483 0.918620 0.888483 0.919271 0.888483 0.919922 0.888483 0.920573 0.888483 0.921224 0.889397 0.921875 0.888483 0.922526 0.889397 0.923177 0.890311 0.923828 0.891225 0.923177 0.890311 0.923177 0.889397 0.923828 0.888483 0.924479 0.887569 0.925130 0.886654 0.925781 0.887569 0.926432 0.887569 0.927083 0.888483 0.927734 0.888483 0.928385 0.888483 0.929036 0.889397 0.929688 0.888483 0.930339 0.887569 0.930339 0.886654 0.930990 0.885740 0.931641 0.886654 0.931641 0.887569 0.932292 0.888483 0.932943 0.889397 0.932943 0.890311 0.933594 0.889397 0.934245 0.890311 0.934896 0.890311 0.935547 0.890311 0.936198 0.890311 0.936849 0.890311 0.936198 0.889397 0.936849 0.888483 0.936849 0.887569 0.937500 0.886654 0.938151 0.885740 0.938151 0.884826 0.938802 0.883912 0.938151 0.882998 0.937500 0.882084 0.936849 0.881170 0.936849 0.880256 0.936849 0.879342 0.936198 0.878428 0.936849 0.877514 0.936198 0.876600 0.935547 0.875686 0.934896 0.874771 0.934245 0.873857 0.934245 0.872943 0.933594 0.873857 0.932943 0.873857 0.932292 0.873857 0.932292 0.874771 0.931641 0.875686 0.930990 0.876600 0.930990 0.877514 0.930990 0.878428 0.930990 0.879342 0.930990 0.880256 0.930990 0.881170 0.930990 0.882084 0.931641 0.882998 0.930990 0.883912 0.931641 0.884826 0.930990 0.885740 0.930339 0.886654 0.929688 0.885740 0.929036 0.884826 0.929688 0.883912 0.929036 0.884826 0.928385 0.883912 0.927734 0.883912 0.927083 0.882998 0.926432 0.882998 0.925781 0.882998 0.925130 0.882084 0.924479 0.882998 0.923828 0.882084 0.923177 0.881170 0.922526 0.880256 0.923177 0.879342 0.922526 0.878428 0.922526 0.877514 0.922526 0.876600 0.921875 0.875686 0.921224 0.874771 0.920573 0.873857 0.919922 0.872943 0.920573 0.872029 0.921224 0.871115 0.921875 0.870201 0.922526 0.869287 0.922526 0.868373 0.921875 0.867459 0.921875 0.866545 0.922526 0.865631 0.921875 0.864717 0.921224 0.863803 0.921875 0.862888 0.922526 0.861974 0.921875 0.861060
0 0.139323 0.861060 0.139974 0.861974 0.139974 0.862888 0.139323 0.863803 0.138672 0.864717 0.138021 0.865631 0.137370 0.865631 0.136719 0.866545 0.136719 0.867459 0.137370 0.868373 0.136719 0.869287 0.136719 0.870201 0.136068 0.871115 0.136068 0.872029 0.135417 0.872943 0.135417 0.873857 0.136068 0.874771 0.136068 0.875686 0.136068 0.876600 0.136719 0.877514 0.137370 0.877514 0.138021 0.877514 0.138672 0.878428 0.139323 0.877514 0.139974 0.876600 0.140625 0.875686 0.141276 0.875686 0.141276 0.874771 0.141276 0.873857 0.141927 0.872943 0.141927 0.872029 0.141927 0.871115 0.141927 0.870201 0.141927 0.869287 0.141276 0.868373 0.140625 0.869287 0.139974 0.868373 0.139323 0.867459 0.139974 0.866545 0.139323 0.865631 0.139974 0.864717 0.140625 0.863803 0.140625 0.862888 0.139974 0.861974
0 0.035156 0.861060 0.034505 0.861974 0.033854 0.862888 0.033854 0.863803 0.033854 0.864717 0.033203 0.865631 0.033203 0.866545 0.033203 0.867459 0.033203 0.868373 0.033203 0.869287 0.033854 0.869287 0.034505 0.870201 0.035156 0.870201 0.035807 0.871115 0.036458 0.872029 0.037109 0.872029 0.037760 0.872029 0.038411 0.872029 0.039062 0.871115 0.039714 0.871115 0.039714 0.870201 0.040365 0.869287 0.041016 0.868373 0.041667 0.868373 0.041667 0.867459 0.041016 0.866545 0.041667 0.865631 0.041016 0.864717 0.040365 0.863803 0.039714 0.862888 0.039062 0.861974 0.039062 0.861060 0.038411 0.861060 0.037760 0.861974 0.037109 0.861060 0.036458 0.861060 0.035807 0.861060
0 0.712240 0.860146 0.711589 0.861060 0.710938 0.861060 0.710286 0.861974 0.709635 0.861974 0.708984 0.861974 0.708333 0.862888 0.708984 0.863803 0.708333 0.864717 0.707682 0.865631 0.707031 0.866545 0.706380 0.866545 0.705729 0.865631 0.705078 0.865631 0.704427 0.864717 0.703776 0.863803 0.703776 0.862888 0.703125 0.862888 0.703125 0.863803 0.702474 0.864717 0.703125 0.865631 0.703125 0.866545 0.703125 0.867459 0.703125 0.868373 0.703776 0.869287 0.704427 0.870201 0.704427 0.871115 0.703776 0.872029 0.704427 0.872943 0.703776 0.873857 0.704427 0.874771 0.704427 0.875686 0.705078 0.876600 0.704427 0.877514 0.705078 0.878428 0.705078 0.879342 0.705729 0.880256 0.705078 0.881170 0.705078 0.882084 0.704427 0.882998 0.703776 0.883912 0.704427 0.884826 0.704427 0.885740 0.705078 0.886654 0.705729 0.885740 0.706380 0.885740 0.707031 0.884826 0.707682 0.884826 0.708333 0.883912 0.708333 0.882998 0.708333 0.882084 0.708984 0.881170 0.708984 0.880256 0.709635 0.879342 0.710286 0.878428 0.710286 0.877514 0.710286 0.876600 0.710938 0.875686 0.710286 0.874771 0.710938 0.873857 0.711589 0.872943 0.710938 0.872029 0.711589 0.871115 0.712240 0.870201 0.712891 0.869287 0.712891 0.868373 0.713542 0.867459 0.712891 0.866545 0.713542 0.865631 0.714193 0.864717 0.713542 0.863803 0.714193 0.862888 0.713542 0.861974 0.714193 0.861060 0.713542 0.861974 0.712891 0.861060
0 0.690104 0.860146 0.689453 0.861060 0.688802 0.861974 0.688151 0.861974 0.687500 0.862888 0.686849 0.862888 0.686849 0.863803 0.686198 0.864717 0.685547 0.865631 0.684896 0.866545 0.684245 0.866545 0.683594 0.867459 0.682943 0.868373 0.682292 0.868373 0.681641 0.869287 0.681641 0.870201 0.681641 0.871115 0.681641 0.872029 0.681641 0.872943 0.682292 0.873857 0.682943 0.873857 0.683594 0.873857 0.684245 0.874771 0.684896 0.875686 0.685547 0.875686 0.686198 0.875686 0.686849 0.875686 0.687500 0.876600 0.688151 0.875686 0.688802 0.875686 0.689453 0.874771 0.690104 0.874771 0.690755 0.873857 0.691406 0.874771 0.691406 0.873857 0.692057 0.872943 0.692708 0.872029 0.693359 0.872029 0.694010 0.872029 0.693359 0.871115 0.693359 0.870201 0.694010 0.869287 0.694661 0.868373 0.694661 0.867459 0.694661 0.866545 0.695312 0.865631 0.694661 0.864717 0.694661 0.863803 0.694661 0.862888 0.694010 0.861974 0.693359 0.861060 0.692708 0.861060 0.692057 0.861060 0.691406 0.861060 0.690755 0.861060
0 0.948568 0.856490 0.947917 0.857404 0.947917 0.858318 0.947266 0.859232 0.947266 0.860146 0.946615 0.861060 0.947266 0.861974 0.947266 0.862888 0.947266 0.863803 0.947917 0.864717 0.947917 0.865631 0.948568 0.866545 0.947917 0.867459 0.948568 0.868373 0.947917 0.869287 0.947266 0.870201 0.947266 0.871115 0.947266 0.872029 0.947266 0.872943 0.947266 0.873857 0.947266 0.874771 0.946615 0.875686 0.947266 0.876600 0.947917 0.877514 0.948568 0.878428 0.949219 0.877514 0.949870 0.877514 0.950521 0.877514 0.951172 0.876600 0.951823 0.875686 0.951172 0.874771 0.951823 0.873857 0.951823 0.872943 0.952474 0.872029 0.951823 0.871115 0.951823 0.870201 0.951172 0.869287 0.950521 0.868373 0.950521 0.867459 0.950521 0.866545 0.951172 0.865631 0.950521 0.864717 0.951172 0.863803 0.951823 0.862888 0.951823 0.861974 0.951823 0.861060 0.951823 0.860146 0.951172 0.859232 0.950521 0.858318 0.950521 0.857404 0.949870 0.858318 0.949219 0.857404
0 0.186849 0.855576 0.186198 0.856490 0.185547 0.857404 0.186198 0.858318 0.186198 0.859232 0.186849 0.860146 0.187500 0.861060 0.188151 0.861060 0.188802 0.861974 0.189453 0.862888 0.190104 0.863803 0.189453 0.864717 0.188802 0.864717 0.188151 0.865631 0.187500 0.865631 0.186849 0.866545 0.186849 0.867459 0.186849 0.868373 0.186849 0.869287 0.186849 0.870201 0.187500 0.871115 0.187500 0.872029 0.188151 0.871115 0.188802 0.872029 0.189453 0.872029 0.190104 0.872029 0.190104 0.871115 0.190755 0.870201 0.191406 0.869287 0.190755 0.868373 0.190755 0.867459 0.190104 0.866545 0.190755 0.865631 0.190104 0.864717 0.190755 0.863803 0.190104 0.863803 0.189453 0.862888 0.190104 0.861974 0.190755 0.861974 0.191406 0.861060 0.192057 0.861974 0.192708 0.861060 0.193359 0.860146 0.194010 0.860146 0.194661 0.860146 0.195312 0.859232 0.195964 0.858318 0.196615 0.859232 0.196615 0.860146 0.197266 0.861060 0.197266 0.861974 0.197266 0.862888 0.197266 0.863803 0.197266 0.864717 0.196615 0.865631 0.196615 0.866545 0.197266 0.867459 0.197266 0.868373 0.197917 0.869287 0.198568 0.869287 0.199219 0.869287 0.199870 0.869287 0.200521 0.869287 0.201172 0.868373 0.201823 0.868373 0.202474 0.867459 0.203125 0.866545 0.203776 0.867459 0.204427 0.866545 0.205078 0.867459 0.205729 0.867459 0.206380 0.868373 0.207031 0.868373 0.207682 0.869287 0.208333 0.870201 0.208333 0.871115 0.208984 0.872029 0.209635 0.871115 0.210286 0.870201 0.210286 0.869287 0.209635 0.869287 0.208984 0.868373 0.208333 0.867459 0.208333 0.866545 0.208984 0.865631 0.208984 0.864717 0.208333 0.863803 0.207682 0.862888 0.207682 0.861974 0.207031 0.861060 0.206380 0.861974 0.205729 0.861060 0.205078 0.861060 0.204427 0.860146 0.203776 0.861060 0.203125 0.861060 0.202474 0.861974 0.201823 0.861974 0.201172 0.862888 0.200521 0.862888 0.199870 0.861974 0.199219 0.861974 0.198568 0.861060 0.197917 0.861974 0.197266 0.861060 0.196615 0.860146 0.196615 0.859232 0.196615 0.858318 0.196615 0.857404 0.196615 0.856490 0.195964 0.857404 0.195964 0.858318 0.195312 0.859232 0.194661 0.858318 0.194661 0.857404 0.194010 0.857404 0.193359 0.857404 0.192708 0.856490 0.192057 0.857404 0.191406 0.857404 0.190755 0.856490 0.190104 0.856490 0.189453 0.856490 0.188802 0.856490 0.188151 0.856490 0.187500 0.855576
0 0.461589 0.853748 0.460938 0.854662 0.460286 0.855576 0.460286 0.856490 0.459635 0.857404 0.458984 0.858318 0.459635 0.859232 0.459635 0.860146 0.460286 0.861060 0.459635 0.861974 0.460286 0.861974 0.460938 0.862888 0.461589 0.863803 0.462240 0.864717 0.462240 0.865631 0.461589 0.866545 0.462240 0.867459 0.462240 0.868373 0.461589 0.869287 0.462240 0.868373 0.462891 0.869287 0.463542 0.868373 0.464193 0.869287 0.464193 0.868373 0.464844 0.867459 0.465495 0.866545 0.466146 0.865631 0.466797 0.865631 0.467448 0.865631 0.468099 0.866545 0.468750 0.865631 0.469401 0.866545 0.470052 0.867459 0.470703 0.868373 0.471354 0.869287 0.472005 0.870201 0.472656 0.871115 0.473307 0.871115 0.473958 0.871115 0.474609 0.870201 0.475260 0.871115 0.475911 0.871115 0.476562 0.870201 0.477214 0.870201 0.477865 0.871115 0.477865 0.870201 0.478516 0.869287 0.479167 0.870201 0.479167 0.871115 0.479818 0.872029 0.480469 0.872029 0.481120 0.872029 0.481771 0.872943 0.482422 0.873857 0.483073 0.874771 0.483724 0.874771 0.484375 0.874771 0.485026 0.875686 0.485677 0.876600 0.486328 0.877514 0.485677 0.878428 0.486328 0.877514 0.486979 0.878428 0.487630 0.879342 0.486979 0.880256 0.486328 0.881170 0.486979 0.880256 0.487630 0.880256 0.487630 0.879342 0.486979 0.878428 0.486979 0.877514 0.486979 0.876600 0.486328 0.875686 0.486328 0.874771 0.486328 0.873857 0.486979 0.872943 0.486979 0.872029 0.486328 0.871115 0.486328 0.870201 0.486328 0.869287 0.486328 0.868373 0.485677 0.867459 0.485026 0.867459 0.484375 0.866545 0.483724 0.866545 0.483073 0.866545 0.482422 0.865631 0.482422 0.866545 0.481771 0.867459 0.481120 0.868373 0.480469 0.867459 0.479818 0.868373 0.479818 0.869287 0.479167 0.870201 0.478516 0.869287 0.477865 0.868373 0.477214 0.867459 0.477214 0.866545 0.477865 0.865631 0.478516 0.864717 0.479167 0.864717 0.479167 0.863803 0.479167 0.862888 0.479167 0.861974 0.479818 0.861060 0.479818 0.860146 0.479167 0.859232 0.478516 0.858318 0.478516 0.857404 0.477865 0.857404 0.477214 0.857404 0.476562 0.856490 0.475911 0.856490 0.475260 0.856490 0.474609 0.857404 0.473958 0.858318 0.473307 0.859232 0.472656 0.860146 0.472005 0.860146 0.471354 0.861060 0.470703 0.861060 0.470052 0.860146 0.469401 0.859232 0.468750 0.858318 0.468750 0.857404 0.468099 0.856490 0.467448 0.855576 0.466797 0.854662 0.466146 0.855576 0.465495 0.855576 0.464844 0.855576 0.464193 0.855576 0.463542 0.855576 0.462891 0.855576 0.462240 0.854662
0 0.658203 0.852834 0.657552 0.853748 0.656901 0.853748 0.656250 0.853748 0.655599 0.854662 0.654948 0.854662 0.654297 0.855576 0.653646 0.856490 0.652995 0.855576 0.652344 0.856490 0.652344 0.857404 0.651693 0.858318 0.651042 0.859232 0.650391 0.859232 0.650391 0.860146 0.650391 0.861060 0.650391 0.861974 0.650391 0.862888 0.651042 0.863803 0.651693 0.864717 0.652344 0.865631 0.652995 0.866545 0.653646 0.865631 0.654297 0.866545 0.654948 0.867459 0.655599 0.866545 0.656250 0.866545 0.656901 0.867459 0.657552 0.867459 0.658203 0.867459 0.658854 0.868373 0.659505 0.869287 0.659505 0.870201 0.660156 0.871115 0.660156 0.872029 0.660807 0.872943 0.660807 0.873857 0.661458 0.874771 0.662109 0.875686 0.662109 0.876600 0.662760 0.877514 0.662760 0.878428 0.662109 0.879342 0.662760 0.880256 0.662760 0.881170 0.662760 0.882084 0.663411 0.882998 0.664062 0.883912 0.664714 0.882998 0.665365 0.882084 0.666016 0.881170 0.665365 0.880256 0.665365 0.879342 0.665365 0.878428 0.665365 0.877514 0.665365 0.876600 0.666016 0.875686 0.666667 0.874771 0.666667 0.873857 0.667318 0.872943 0.666667 0.872029 0.667318 0.871115 0.667318 0.870201 0.667318 0.869287 0.667318 0.868373 0.666667 0.867459 0.666016 0.867459 0.665365 0.866545 0.664714 0.865631 0.665365 0.864717 0.666016 0.863803 0.666667 0.863803 0.666016 0.862888 0.666016 0.861974 0.665365 0.861060 0.665365 0.860146 0.665365 0.859232 0.664714 0.859232 0.664062 0.858318 0.663411 0.857404 0.662760 0.856490 0.662109 0.856490 0.661458 0.855576 0.660807 0.854662 0.660156 0.853748 0.660156 0.852834 0.659505 0.853748 0.658854 0.853748
0 0.340495 0.852834 0.340495 0.853748 0.340495 0.854662 0.341146 0.855576 0.341797 0.855576 0.342448 0.856490 0.343099 0.857404 0.343750 0.858318 0.343750 0.859232 0.343750 0.860146 0.343099 0.861060 0.343750 0.861974 0.343750 0.862888 0.343750 0.863803 0.344401 0.863803 0.345052 0.863803 0.345703 0.863803 0.345052 0.862888 0.345703 0.861974 0.346354 0.861060 0.347005 0.861974 0.347005 0.861060 0.347656 0.860146 0.347656 0.859232 0.348307 0.858318 0.347656 0.857404 0.347005 0.856490 0.347656 0.855576 0.347005 0.856490 0.346354 0.855576 0.345703 0.854662 0.345052 0.854662 0.344401 0.853748 0.343750 0.852834 0.343099 0.852834 0.342448 0.852834 0.341797 0.852834 0.341146 0.852834
0 0.522786 0.851920 0.522135 0.852834 0.521484 0.852834 0.520833 0.852834 0.520182 0.852834 0.519531 0.853748 0.518880 0.853748 0.519531 0.854662 0.518880 0.855576 0.518229 0.856490 0.518880 0.857404 0.518229 0.858318 0.517578 0.859232 0.518229 0.860146 0.518229 0.861060 0.518880 0.861974 0.519531 0.862888 0.520182 0.863803 0.520182 0.864717 0.520833 0.864717 0.521484 0.864717 0.522135 0.865631 0.522786 0.865631 0.523438 0.866545 0.524089 0.866545 0.524740 0.866545 0.525391 0.867459 0.526042 0.867459 0.526693 0.868373 0.527344 0.868373 0.527995 0.869287 0.528646 0.869287 0.529297 0.869287 0.529948 0.870201 0.530599 0.869287 0.531250 0.869287 0.531901 0.869287 0.532552 0.868373 0.533203 0.869287 0.533854 0.870201 0.533854 0.871115 0.533854 0.872029 0.534505 0.872943 0.535156 0.873857 0.535156 0.874771 0.535807 0.874771 0.536458 0.875686 0.537109 0.874771 0.537760 0.875686 0.538411 0.874771 0.539062 0.875686 0.539714 0.876600 0.540365 0.876600 0.541016 0.876600 0.541667 0.876600 0.542318 0.875686 0.542318 0.874771 0.542318 0.873857 0.541667 0.872943 0.542318 0.872029 0.541667 0.871115 0.541667 0.870201 0.541667 0.869287 0.541667 0.868373 0.541667 0.867459 0.541016 0.866545 0.541667 0.865631 0.541016 0.864717 0.541016 0.863803 0.541667 0.862888 0.541016 0.861974 0.540365 0.861060 0.539714 0.860146 0.539714 0.859232 0.539062 0.858318 0.539062 0.857404 0.539714 0.856490 0.539062 0.855576 0.539062 0.854662 0.538411 0.854662 0.537760 0.853748 0.537109 0.853748 0.536458 0.854662 0.535807 0.855576 0.535807 0.856490 0.535807 0.857404 0.536458 0.858318 0.536458 0.859232 0.536458 0.860146 0.536458 0.861060 0.536458 0.861974 0.536458 0.862888 0.536458 0.863803 0.536458 0.864717 0.535807 0.865631 0.535156 0.866545 0.534505 0.867459 0.533854 0.868373 0.533203 0.869287 0.532552 0.868373 0.531901 0.867459 0.532552 0.866545 0.531901 0.865631 0.531901 0.864717 0.532552 0.863803 0.531901 0.862888 0.531250 0.861974 0.530599 0.861060 0.529948 0.861060 0.529297 0.860146 0.528646 0.859232 0.527995 0.858318 0.528646 0.857404 0.527995 0.856490 0.527344 0.855576 0.526693 0.854662 0.526042 0.853748 0.526042 0.852834 0.525391 0.852834 0.524740 0.852834 0.524089 0.851920 0.523438 0.851920
0 0.610677 0.851005 0.610026 0.851920 0.610026 0.852834 0.610026 0.853748 0.610026 0.854662 0.609375 0.855576 0.608724 0.856490 0.608073 0.857404 0.607422 0.858318 0.607422 0.859232 0.608073 0.860146 0.608724 0.861060 0.609375 0.861974 0.608724 0.862888 0.608073 0.863803 0.608073 0.864717 0.608073 0.865631 0.607422 0.866545 0.607422 0.867459 0.608073 0.867459 0.608724 0.867459 0.609375 0.867459 0.610026 0.866545 0.610677 0.865631 0.610026 0.864717 0.610026 0.863803 0.609375 0.863803 0.608724 0.862888 0.609375 0.861974 0.610026 0.861060 0.610677 0.860146 0.611328 0.859232 0.611979 0.858318 0.612630 0.859232 0.613281 0.859232 0.613932 0.858318 0.613281 0.857404 0.612630 0.856490 0.613281 0.855576 0.612630 0.854662 0.612630 0.853748 0.611979 0.852834 0.611979 0.851920 0.611328 0.851005
0 0.640625 0.850091 0.640625 0.851005 0.639974 0.851920 0.639323 0.852834 0.638672 0.853748 0.638021 0.853748 0.637370 0.854662 0.636719 0.853748 0.636068 0.853748 0.635417 0.854662 0.635417 0.855576 0.635417 0.856490 0.635417 0.857404 0.635417 0.858318 0.636068 0.859232 0.636068 0.860146 0.636719 0.861060 0.636719 0.861974 0.637370 0.862888 0.636719 0.863803 0.636068 0.864717 0.635417 0.865631 0.634766 0.866545 0.634115 0.866545 0.634766 0.867459 0.634115 0.868373 0.634115 0.869287 0.634115 0.870201 0.634115 0.871115 0.633464 0.872029 0.632812 0.872943 0.632161 0.872029 0.631510 0.872029 0.630859 0.872943 0.630208 0.872943 0.629557 0.872029 0.629557 0.872943 0.628906 0.873857 0.628255 0.874771 0.628255 0.875686 0.627604 0.876600 0.626953 0.877514 0.627604 0.878428 0.627604 0.879342 0.628255 0.879342 0.628906 0.880256 0.629557 0.881170 0.630208 0.881170 0.630859 0.880256 0.631510 0.879342 0.632161 0.879342 0.632812 0.879342 0.633464 0.878428 0.634115 0.879342 0.634766 0.880256 0.635417 0.881170 0.636068 0.882084 0.636068 0.882998 0.636719 0.883912 0.637370 0.884826 0.637370 0.885740 0.636719 0.886654 0.637370 0.886654 0.638021 0.887569 0.638672 0.887569 0.639323 0.887569 0.638672 0.886654 0.639323 0.885740 0.639323 0.884826 0.638672 0.883912 0.638672 0.882998 0.638021 0.882084 0.638021 0.881170 0.638021 0.880256 0.638672 0.879342 0.638021 0.878428 0.637370 0.877514 0.638021 0.876600 0.637370 0.876600 0.636719 0.875686 0.636068 0.874771 0.636068 0.873857 0.636719 0.872943 0.636719 0.872029 0.637370 0.871115 0.636719 0.870201 0.637370 0.869287 0.638021 0.868373 0.638672 0.868373 0.639323 0.868373 0.639974 0.869287 0.639974 0.868373 0.640625 0.867459 0.641276 0.866545 0.641927 0.866545 0.641276 0.866545 0.640625 0.865631 0.639974 0.864717 0.639323 0.863803 0.639323 0.862888 0.639974 0.861974 0.640625 0.861060 0.641276 0.861060 0.641276 0.860146 0.640625 0.859232 0.641276 0.858318 0.641927 0.857404 0.642578 0.858318 0.643229 0.858318 0.643229 0.857404 0.643229 0.856490 0.643880 0.855576 0.643229 0.854662 0.643880 0.853748 0.644531 0.852834 0.643880 0.851920 0.643229 0.851005 0.642578 0.851005 0.641927 0.851005 0.641276 0.851005
0 0.483073 0.850091 0.483073 0.851005 0.483073 0.851920 0.483724 0.852834 0.484375 0.852834 0.485026 0.853748 0.485677 0.854662 0.485677 0.855576 0.485677 0.856490 0.485677 0.857404 0.486328 0.858318 0.486328 0.859232 0.486979 0.860146 0.487630 0.860146 0.488281 0.860146 0.488932 0.859232 0.489583 0.860146 0.489583 0.859232 0.490234 0.858318 0.489583 0.857404 0.490234 0.856490 0.490234 0.855576 0.489583 0.854662 0.488932 0.853748 0.488281 0.852834 0.488281 0.851920 0.487630 0.852834 0.486979 0.851920 0.486328 0.851920 0.485677 0.851005 0.485026 0.850091 0.484375 0.850091 0.483724 0.850091
0 0.363932 0.850091 0.363281 0.851005 0.362630 0.851920 0.361979 0.851005 0.361328 0.851005 0.360677 0.851920 0.360026 0.851920 0.359375 0.852834 0.358724 0.851920 0.358073 0.852834 0.358073 0.853748 0.358073 0.854662 0.358073 0.855576 0.358724 0.856490 0.359375 0.856490 0.360026 0.857404 0.360677 0.857404 0.361328 0.858318 0.361979 0.858318 0.362630 0.857404 0.363281 0.858318 0.363932 0.859232 0.364583 0.860146 0.365234 0.860146 0.365885 0.861060 0.366536 0.861060 0.367188 0.861060 0.367839 0.861974 0.368490 0.862888 0.367839 0.863803 0.367839 0.864717 0.368490 0.865631 0.367839 0.866545 0.367839 0.867459 0.368490 0.868373 0.367839 0.869287 0.367188 0.870201 0.366536 0.871115 0.365885 0.870201 0.365234 0.871115 0.364583 0.870201 0.363932 0.870201 0.363281 0.871115 0.362630 0.871115 0.361979 0.870201 0.361328 0.870201 0.360677 0.871115 0.360677 0.872029 0.360677 0.872943 0.360677 0.873857 0.361328 0.874771 0.360677 0.875686 0.361328 0.875686 0.361979 0.876600 0.362630 0.876600 0.363281 0.875686 0.363932 0.875686 0.364583 0.876600 0.365234 0.876600 0.365885 0.877514 0.366536 0.877514 0.367188 0.877514 0.367839 0.877514 0.368490 0.878428 0.369141 0.878428 0.369792 0.877514 0.370443 0.876600 0.371094 0.875686 0.371745 0.874771 0.372396 0.873857 0.372396 0.872943 0.372396 0.872029 0.373047 0.871115 0.373698 0.870201 0.374349 0.870201 0.375000 0.869287 0.375651 0.868373 0.376302 0.867459 0.376302 0.866545 0.376953 0.865631 0.376953 0.864717 0.376953 0.863803 0.376302 0.862888 0.376953 0.861974 0.376302 0.861060 0.375651 0.860146 0.375651 0.859232 0.375000 0.858318 0.375000 0.857404 0.375000 0.856490 0.375000 0.855576 0.375000 0.854662 0.375651 0.853748 0.375000 0.852834 0.375000 0.851920 0.374349 0.851005 0.374349 0.850091 0.373698 0.851005 0.373047 0.851920 0.373047 0.852834 0.373047 0.853748 0.373047 0.854662 0.373047 0.855576 0.372396 0.856490 0.371745 0.857404 0.371094 0.858318 0.370443 0.859232 0.369792 0.858318 0.369141 0.857404 0.369141 0.856490 0.369141 0.855576 0.369141 0.854662 0.368490 0.853748 0.368490 0.852834 0.367839 0.853748 0.367188 0.853748 0.366536 0.852834 0.365885 0.852834 0.365234 0.851920 0.364583 0.851005
0 0.846354 0.849177 0.845703 0.850091 0.845052 0.850091 0.845052 0.851005 0.844401 0.851920 0.845052 0.852834 0.845052 0.853748 0.845703 0.854662 0.845703 0.855576 0.846354 0.856490 0.845703 0.857404 0.845052 0.858318 0.844401 0.858318 0.843750 0.859232 0.843099 0.860146 0.842448 0.860146 0.841797 0.860146 0.841146 0.860146 0.841146 0.861060 0.840495 0.861974 0.839844 0.862888 0.840495 0.863803 0.839844 0.864717 0.839844 0.865631 0.839844 0.866545 0.839844 0.867459 0.839844 0.868373 0.839844 0.869287 0.839844 0.870201 0.839844 0.871115 0.840495 0.872029 0.841146 0.872943 0.841797 0.873857 0.842448 0.872943 0.843099 0.872943 0.843750 0.872029 0.844401 0.872943 0.845052 0.872029 0.845703 0.872029 0.846354 0.872943 0.847005 0.872029 0.847656 0.871115 0.848307 0.870201 0.848958 0.870201 0.849609 0.871115 0.850260 0.870201 0.850911 0.869287 0.851562 0.869287 0.852214 0.869287 0.852865 0.869287 0.853516 0.868373 0.854167 0.869287 0.854818 0.869287 0.855469 0.869287 0.856120 0.870201 0.856771 0.870201 0.857422 0.870201 0.858073 0.871115 0.858724 0.870201 0.859375 0.871115 0.860026 0.872029 0.860677 0.871115 0.861328 0.872029 0.861979 0.872943 0.861328 0.873857 0.860677 0.874771 0.860026 0.873857 0.859375 0.874771 0.858724 0.875686 0.858073 0.876600 0.858724 0.877514 0.858724 0.878428 0.858073 0.879342 0.858724 0.879342 0.859375 0.880256 0.860026 0.881170 0.860677 0.882084 0.861328 0.882998 0.861979 0.883912 0.862630 0.883912 0.863281 0.882998 0.863932 0.882998 0.864583 0.882084 0.865234 0.882084 0.865234 0.881170 0.865234 0.880256 0.865234 0.879342 0.865234 0.878428 0.865885 0.877514 0.866536 0.876600 0.865885 0.875686 0.866536 0.874771 0.866536 0.873857 0.866536 0.872943 0.867188 0.872029 0.867188 0.871115 0.866536 0.870201 0.867188 0.869287 0.867839 0.868373 0.868490 0.867459 0.868490 0.866545 0.869141 0.865631 0.869792 0.864717 0.870443 0.863803 0.871094 0.863803 0.871745 0.862888 0.872396 0.861974 0.872396 0.861060 0.873047 0.860146 0.873698 0.859232 0.873047 0.858318 0.872396 0.857404 0.872396 0.856490 0.871745 0.856490 0.871094 0.855576 0.870443 0.855576 0.870443 0.856490 0.869792 0.857404 0.869141 0.858318 0.868490 0.857404 0.869141 0.858318 0.868490 0.859232 0.867839 0.860146 0.867188 0.861060 0.866536 0.861974 0.865885 0.861060 0.865234 0.860146 0.864583 0.860146 0.863932 0.859232 0.863281 0.860146 0.862630 0.860146 0.861979 0.861060 0.861328 0.861060 0.860677 0.860146 0.860026 0.859232 0.859375 0.860146 0.858724 0.860146 0.858073 0.859232 0.857422 0.859232 0.856771 0.858318 0.856120 0.857404 0.855469 0.857404 0.854818 0.858318 0.854167 0.858318 0.853516 0.858318 0.853516 0.859232 0.852865 0.860146 0.852214 0.861060 0.851562 0.860146 0.850911 0.859232 0.850260 0.858318 0.850260 0.857404 0.850260 0.856490 0.850911 0.855576 0.850260 0.854662 0.849609 0.853748 0.849609 0.852834 0.848958 0.851920 0.848958 0.851005 0.848307 0.850091 0.847656 0.849177 0.847005 0.850091
0 0.971354 0.848263 0.970703 0.849177 0.970052 0.849177 0.969401 0.850091 0.969401 0.851005 0.968750 0.851920 0.968750 0.852834 0.969401 0.853748 0.968750 0.854662 0.968750 0.855576 0.969401 0.856490 0.968750 0.857404 0.968099 0.858318 0.967448 0.859232 0.966797 0.859232 0.966146 0.860146 0.965495 0.860146 0.964844 0.859232 0.964193 0.858318 0.964844 0.857404 0.964193 0.858318 0.963542 0.857404 0.962891 0.856490 0.962240 0.855576 0.961589 0.856490 0.960938 0.857404 0.960938 0.858318 0.960938 0.859232 0.960938 0.860146 0.960286 0.861060 0.960938 0.861974 0.960286 0.862888 0.960938 0.863803 0.961589 0.864717 0.961589 0.865631 0.962240 0.866545 0.962240 0.867459 0.962240 0.868373 0.962891 0.869287 0.963542 0.870201 0.964193 0.871115 0.964844 0.870201 0.965495 0.870201 0.966146 0.870201 0.966797 0.870201 0.966797 0.869287 0.967448 0.868373 0.968099 0.867459 0.968099 0.866545 0.968099 0.865631 0.968750 0.864717 0.969401 0.863803 0.968750 0.862888 0.968099 0.861974 0.968750 0.861060 0.968750 0.860146 0.969401 0.859232 0.970052 0.858318 0.970703 0.857404 0.971354 0.857404 0.972005 0.857404 0.972656 0.856490 0.972656 0.855576 0.972656 0.854662 0.973307 0.853748 0.973958 0.852834 0.973958 0.851920 0.974609 0.851005 0.973958 0.850091 0.973307 0.849177 0.972656 0.849177 0.972005 0.848263
0 0.904297 0.847349 0.903646 0.848263 0.902995 0.848263 0.902344 0.849177 0.901693 0.850091 0.901042 0.851005 0.900391 0.851005 0.900391 0.851920 0.900391 0.852834 0.899740 0.853748 0.899089 0.854662 0.898438 0.855576 0.897786 0.856490 0.898438 0.857404 0.899089 0.858318 0.898438 0.859232 0.897786 0.860146 0.898438 0.860146 0.899089 0.861060 0.899740 0.861974 0.900391 0.861974 0.901042 0.862888 0.901693 0.862888 0.902344 0.863803 0.902995 0.864717 0.902344 0.865631 0.902344 0.866545 0.902995 0.867459 0.902995 0.868373 0.902995 0.869287 0.902344 0.870201 0.901693 0.871115 0.901042 0.871115 0.900391 0.871115 0.899740 0.871115 0.899089 0.871115 0.898438 0.870201 0.897786 0.869287 0.897786 0.868373 0.897135 0.867459 0.897135 0.866545 0.897786 0.865631 0.897135 0.866545 0.896484 0.866545 0.895833 0.866545 0.895833 0.867459 0.895833 0.868373 0.895182 0.869287 0.894531 0.870201 0.895182 0.870201 0.895833 0.871115 0.896484 0.871115 0.897135 0.872029 0.897786 0.872943 0.897786 0.873857 0.898438 0.872943 0.899089 0.873857 0.899740 0.874771 0.899089 0.875686 0.899740 0.875686 0.900391 0.876600 0.901042 0.877514 0.901693 0.876600 0.902344 0.876600 0.902995 0.875686 0.903646 0.875686 0.903646 0.874771 0.903646 0.873857 0.904297 0.872943 0.904297 0.872029 0.904948 0.871115 0.904948 0.870201 0.904948 0.869287 0.904948 0.868373 0.904948 0.867459 0.904948 0.866545 0.904297 0.865631 0.904948 0.864717 0.904948 0.863803 0.904297 0.862888 0.903646 0.861974 0.903646 0.861060 0.903646 0.860146 0.902995 0.859232 0.902995 0.858318 0.903646 0.857404 0.904297 0.856490 0.904297 0.855576 0.904948 0.854662 0.905599 0.853748 0.906250 0.852834 0.906901 0.852834 0.906901 0.851920 0.907552 0.851005 0.908203 0.850091 0.907552 0.849177 0.906901 0.848263 0.906250 0.848263 0.905599 0.847349 0.904948 0.848263
0 0.023438 0.847349 0.022786 0.848263 0.022135 0.849177 0.021484 0.849177 0.020833 0.850091 0.020182 0.851005 0.019531 0.851005 0.018880 0.851920 0.018229 0.851920 0.017578 0.851005 0.016927 0.851005 0.016276 0.850091 0.015625 0.851005 0.014974 0.850091 0.014323 0.850091 0.013672 0.849177 0.013021 0.850091 0.012370 0.851005 0.012370 0.851920 0.011719 0.852834 0.011719 0.853748 0.011719 0.854662 0.011068 0.855576 0.011719 0.856490 0.012370 0.857404 0.012370 0.858318 0.013021 0.859232 0.013672 0.859232 0.014323 0.860146 0.014974 0.860146 0.015625 0.861060 0.016276 0.861974 0.016927 0.862888 0.016276 0.863803 0.016927 0.864717 0.016927 0.865631 0.017578 0.865631 0.018229 0.865631 0.018880 0.865631 0.019531 0.865631 0.020182 0.865631 0.020833 0.865631 0.021484 0.866545 0.022135 0.867459 0.022786 0.868373 0.022786 0.869287 0.022786 0.870201 0.023438 0.869287 0.024089 0.870201 0.024740 0.871115 0.024089 0.872029 0.024740 0.872029 0.025391 0.872029 0.026042 0.871115 0.026693 0.871115 0.027344 0.870201 0.027344 0.869287 0.027995 0.868373 0.027995 0.867459 0.027995 0.866545 0.027344 0.865631 0.026693 0.864717 0.026042 0.863803 0.025391 0.863803 0.024740 0.863803 0.024089 0.863803 0.023438 0.863803 0.022786 0.862888 0.022135 0.861974 0.021484 0.861060 0.022135 0.860146 0.022135 0.859232 0.022786 0.858318 0.023438 0.857404 0.022786 0.856490 0.022786 0.855576 0.022786 0.854662 0.023438 0.853748 0.022786 0.852834 0.022786 0.851920 0.022786 0.851005 0.022135 0.850091 0.022135 0.849177 0.022786 0.848263
0 0.275391 0.843693 0.274740 0.844607 0.274089 0.845521 0.273438 0.844607 0.272786 0.845521 0.272135 0.845521 0.271484 0.844607 0.270833 0.845521 0.270182 0.846435 0.270833 0.847349 0.270182 0.848263 0.269531 0.849177 0.268880 0.850091 0.269531 0.851005 0.270182 0.851920 0.270833 0.852834 0.271484 0.853748 0.272135 0.854662 0.272786 0.855576 0.272786 0.856490 0.273438 0.857404 0.273438 0.858318 0.274089 0.859232 0.274740 0.859232 0.275391 0.859232 0.276042 0.860146 0.276693 0.861060 0.276693 0.860146 0.277344 0.859232 0.277995 0.858318 0.277995 0.857404 0.277995 0.856490 0.277995 0.855576 0.278646 0.854662 0.277995 0.853748 0.278646 0.852834 0.278646 0.851920 0.278646 0.851005 0.278646 0.850091 0.278646 0.849177 0.279297 0.848263 0.278646 0.847349 0.277995 0.846435 0.277344 0.845521 0.277995 0.844607 0.277344 0.843693 0.276693 0.844607 0.276042 0.843693
0 0.932292 0.842779 0.932943 0.843693 0.932943 0.844607 0.932943 0.845521 0.932943 0.846435 0.932292 0.847349 0.932292 0.848263 0.932292 0.849177 0.932292 0.850091 0.932943 0.851005 0.932292 0.851920 0.932943 0.852834 0.932943 0.853748 0.932292 0.854662 0.932943 0.855576 0.932943 0.856490 0.932943 0.857404 0.932943 0.858318 0.932292 0.859232 0.932943 0.860146 0.933594 0.861060 0.933594 0.861974 0.934245 0.862888 0.933594 0.863803 0.933594 0.864717 0.933594 0.865631 0.934245 0.865631 0.934896 0.865631 0.935547 0.865631 0.934896 0.864717 0.934245 0.864717 0.933594 0.863803 0.934245 0.862888 0.934896 0.862888 0.935547 0.861974 0.936198 0.861974 0.936849 0.861974 0.937500 0.861974 0.936849 0.861060 0.937500 0.860146 0.936849 0.859232 0.936198 0.858318 0.936849 0.857404 0.937500 0.856490 0.938151 0.855576 0.938802 0.854662 0.939453 0.853748 0.940104 0.852834 0.939453 0.851920 0.939453 0.851005 0.938802 0.851005 0.938151 0.850091 0.937500 0.849177 0.936849 0.848263 0.936198 0.847349 0.936849 0.846435 0.936198 0.845521 0.936849 0.844607 0.936198 0.844607 0.935547 0.843693 0.934896 0.842779 0.934245 0.842779 0.933594 0.843693 0.932943 0.843693
0 0.777995 0.842779 0.777344 0.843693 0.776693 0.843693 0.776042 0.844607 0.776042 0.845521 0.775391 0.846435 0.775391 0.847349 0.775391 0.848263 0.775391 0.849177 0.775391 0.850091 0.775391 0.851005 0.776042 0.851920 0.776693 0.852834 0.776693 0.853748 0.777344 0.854662 0.777344 0.855576 0.777995 0.855576 0.778646 0.855576 0.779297 0.856490 0.779948 0.857404 0.780599 0.858318 0.780599 0.859232 0.781250 0.860146 0.781901 0.861060 0.781901 0.861974 0.782552 0.862888 0.783203 0.863803 0.782552 0.864717 0.781901 0.865631 0.781901 0.866545 0.781250 0.867459 0.780599 0.868373 0.779948 0.868373 0.779297 0.868373 0.778646 0.868373 0.777995 0.867459 0.777344 0.867459 0.776693 0.866545 0.776042 0.866545 0.775391 0.867459 0.774740 0.868373 0.774089 0.869287 0.774089 0.870201 0.773438 0.871115 0.772786 0.872029 0.772135 0.872943 0.772135 0.873857 0.771484 0.874771 0.770833 0.875686 0.770182 0.876600 0.769531 0.876600 0.768880 0.876600 0.768229 0.877514 0.767578 0.877514 0.766927 0.878428 0.766927 0.879342 0.766276 0.880256 0.766276 0.881170 0.765625 0.882084 0.766276 0.882084 0.766927 0.882998 0.767578 0.883912 0.766927 0.884826 0.767578 0.884826 0.768229 0.884826 0.768880 0.885740 0.769531 0.885740 0.770182 0.884826 0.770833 0.884826 0.771484 0.884826 0.771484 0.883912 0.772135 0.882998 0.772786 0.882084 0.773438 0.882084 0.774089 0.881170 0.774740 0.880256 0.775391 0.880256 0.776042 0.881170 0.776693 0.880256 0.777344 0.879342 0.777995 0.878428 0.778646 0.877514 0.779297 0.878428 0.778646 0.877514 0.779297 0.876600 0.779948 0.875686 0.780599 0.875686 0.781250 0.874771 0.781901 0.874771 0.782552 0.875686 0.783203 0.875686 0.783854 0.876600 0.784505 0.876600 0.785156 0.877514 0.785807 0.877514 0.786458 0.876600 0.787109 0.877514 0.787760 0.876600 0.788411 0.875686 0.789062 0.874771 0.789714 0.875686 0.789062 0.874771 0.789714 0.873857 0.789714 0.872943 0.789714 0.872029 0.790365 0.871115 0.790365 0.870201 0.789714 0.869287 0.789062 0.868373 0.789714 0.867459 0.789714 0.866545 0.789714 0.865631 0.790365 0.864717 0.791016 0.863803 0.791667 0.862888 0.792318 0.861974 0.792969 0.861974 0.792969 0.861060 0.792318 0.860146 0.791667 0.859232 0.791016 0.860146 0.790365 0.861060 0.789714 0.861060 0.789062 0.861974 0.788411 0.862888 0.787760 0.862888 0.787109 0.862888 0.786458 0.861974 0.785807 0.861060 0.785807 0.860146 0.785156 0.859232 0.785156 0.858318 0.785156 0.857404 0.784505 0.856490 0.784505 0.855576 0.783854 0.856490 0.783203 0.855576 0.782552 0.854662 0.781901 0.855576 0.781250 0.855576 0.780599 0.855576 0.779948 0.854662 0.779297 0.853748 0.779297 0.852834 0.779297 0.851920 0.779948 0.851005 0.779297 0.850091 0.779948 0.849177 0.779948 0.848263 0.779948 0.847349 0.779948 0.846435 0.779297 0.845521 0.779297 0.844607 0.778646 0.843693
0 0.050130 0.840951 0.050130 0.841865 0.050130 0.842779 0.050130 0.843693 0.049479 0.844607 0.049479 0.845521 0.050130 0.845521 0.050781 0.846435 0.051432 0.847349 0.052083 0.848263 0.052734 0.848263 0.053385 0.849177 0.052734 0.850091 0.052083 0.851005 0.052083 0.851920 0.052083 0.852834 0.052083 0.853748 0.052083 0.854662 0.052083 0.855576 0.052083 0.856490 0.052734 0.857404 0.052083 0.858318 0.051432 0.859232 0.050781 0.860146 0.050130 0.860146 0.049479 0.859232 0.048828 0.858318 0.048177 0.858318 0.047526 0.858318 0.046875 0.858318 0.046224 0.858318 0.046224 0.859232 0.045573 0.860146 0.044922 0.861060 0.044922 0.861974 0.045573 0.862888 0.045573 0.863803 0.045573 0.864717 0.045573 0.865631 0.046224 0.865631 0.046875 0.866545 0.047526 0.866545 0.048177 0.867459 0.048828 0.867459 0.049479 0.867459 0.050130 0.866545 0.050781 0.866545 0.050781 0.865631 0.050781 0.864717 0.051432 0.863803 0.052083 0.862888 0.052734 0.861974 0.053385 0.862888 0.054036 0.862888 0.054688 0.863803 0.055339 0.864717 0.055990 0.865631 0.056641 0.866545 0.057292 0.866545 0.057292 0.865631 0.057292 0.864717 0.057943 0.863803 0.058594 0.862888 0.058594 0.861974 0.058594 0.861060 0.058594 0.860146 0.059245 0.859232 0.059245 0.858318 0.058594 0.857404 0.059245 0.856490 0.059245 0.855576 0.058594 0.854662 0.058594 0.853748 0.058594 0.852834 0.057943 0.851920 0.057943 0.851005 0.057943 0.850091 0.057292 0.850091 0.056641 0.850091 0.055990 0.850091 0.055339 0.850091 0.054688 0.849177 0.054036 0.850091 0.053385 0.849177 0.052734 0.848263 0.053385 0.847349 0.052734 0.846435 0.053385 0.845521 0.053385 0.844607 0.054036 0.843693 0.054036 0.842779 0.053385 0.841865 0.052734 0.840951 0.052083 0.841865 0.051432 0.840951 0.050781 0.840951
0 0.704427 0.838208 0.704427 0.839122 0.704427 0.840037 0.703776 0.840951 0.703776 0.841865 0.703776 0.842779 0.704427 0.843693 0.704427 0.844607 0.704427 0.845521 0.704427 0.846435 0.704427 0.847349 0.704427 0.848263 0.703776 0.849177 0.703776 0.850091 0.703125 0.851005 0.702474 0.851920 0.701823 0.852834 0.701172 0.851920 0.700521 0.851920 0.699870 0.851005 0.699219 0.850091 0.699219 0.849177 0.698568 0.850091 0.697917 0.849177 0.697917 0.850091 0.697266 0.851005 0.697917 0.851920 0.697266 0.852834 0.697917 0.853748 0.698568 0.854662 0.699219 0.855576 0.699219 0.856490 0.699870 0.857404 0.700521 0.858318 0.701172 0.858318 0.701823 0.859232 0.702474 0.859232 0.703125 0.858318 0.703776 0.857404 0.704427 0.856490 0.705078 0.855576 0.705729 0.855576 0.706380 0.855576 0.706380 0.854662 0.707031 0.853748 0.707682 0.852834 0.708333 0.852834 0.707682 0.851920 0.707031 0.851005 0.707682 0.850091 0.707682 0.849177 0.708333 0.848263 0.708984 0.847349 0.708984 0.846435 0.709635 0.845521 0.709635 0.844607 0.709635 0.843693 0.710286 0.842779 0.710938 0.841865 0.710286 0.840951 0.709635 0.840037 0.708984 0.840037 0.708333 0.839122 0.707682 0.839122 0.707031 0.838208 0.706380 0.838208 0.705729 0.839122 0.705078 0.838208
0 0.757812 0.837294 0.757161 0.838208 0.756510 0.838208 0.755859 0.839122 0.755208 0.839122 0.755859 0.840037 0.755859 0.840951 0.755208 0.841865 0.755859 0.842779 0.755859 0.843693 0.755859 0.844607 0.755859 0.845521 0.755208 0.846435 0.754557 0.847349 0.755208 0.848263 0.755208 0.849177 0.755859 0.850091 0.755859 0.851005 0.756510 0.851920 0.757161 0.852834 0.757812 0.853748 0.758464 0.853748 0.759115 0.854662 0.759766 0.854662 0.760417 0.855576 0.761068 0.856490 0.761068 0.857404 0.761719 0.858318 0.761068 0.859232 0.761719 0.859232 0.762370 0.860146 0.763021 0.860146 0.763672 0.859232 0.764323 0.858318 0.764974 0.857404 0.765625 0.856490 0.765625 0.855576 0.765625 0.854662 0.766276 0.853748 0.765625 0.852834 0.764974 0.851920 0.764974 0.851005 0.764323 0.850091 0.764323 0.849177 0.764974 0.848263 0.764323 0.847349 0.763672 0.846435 0.764323 0.845521 0.763672 0.844607 0.763672 0.843693 0.763021 0.842779 0.762370 0.841865 0.762370 0.840951 0.762370 0.840037 0.761719 0.839122 0.761719 0.838208 0.761068 0.838208 0.760417 0.838208 0.759766 0.837294 0.759115 0.837294 0.758464 0.837294
0 0.113932 0.837294 0.113281 0.838208 0.112630 0.839122 0.113281 0.840037 0.112630 0.840951 0.112630 0.841865 0.112630 0.842779 0.112630 0.843693 0.113281 0.842779 0.113932 0.843693 0.114583 0.844607 0.114583 0.845521 0.113932 0.846435 0.113281 0.847349 0.112630 0.846435 0.111979 0.847349 0.111328 0.848263 0.110677 0.848263 0.110026 0.848263 0.109375 0.849177 0.108724 0.848263 0.108073 0.848263 0.107422 0.848263 0.107422 0.849177 0.106771 0.850091 0.106771 0.851005 0.107422 0.851920 0.107422 0.852834 0.108073 0.853748 0.108073 0.854662 0.107422 0.855576 0.106771 0.856490 0.106771 0.857404 0.106771 0.858318 0.106120 0.859232 0.106120 0.860146 0.106771 0.861060 0.107422 0.861974 0.108073 0.861060 0.108724 0.861974 0.109375 0.861060 0.110026 0.861060 0.110026 0.860146 0.110677 0.859232 0.111328 0.858318 0.111979 0.858318 0.112630 0.859232 0.113281 0.860146 0.113932 0.861060 0.113932 0.861974 0.113281 0.862888 0.113281 0.863803 0.113281 0.864717 0.113932 0.865631 0.114583 0.866545 0.115234 0.867459 0.115885 0.866545 0.116536 0.866545 0.117188 0.867459 0.117839 0.867459 0.118490 0.867459 0.119141 0.866545 0.119792 0.866545 0.119141 0.865631 0.119792 0.864717 0.120443 0.863803 0.121094 0.863803 0.121745 0.862888 0.122396 0.861974 0.123047 0.861974 0.123698 0.861974 0.124349 0.861060 0.125000 0.860146 0.125651 0.859232 0.126302 0.858318 0.126953 0.858318 0.127604 0.858318 0.126953 0.857404 0.126953 0.856490 0.127604 0.855576 0.126953 0.854662 0.127604 0.853748 0.127604 0.852834 0.127604 0.851920 0.126953 0.851005 0.126302 0.850091 0.125651 0.850091 0.125000 0.850091 0.124349 0.850091 0.123698 0.851005 0.123047 0.851920 0.122396 0.852834 0.121745 0.851920 0.121094 0.852834 0.120443 0.852834 0.119792 0.851920 0.119141 0.851005 0.119141 0.850091 0.118490 0.849177 0.117839 0.848263 0.117188 0.847349 0.117839 0.846435 0.118490 0.845521 0.119141 0.844607 0.119792 0.843693 0.120443 0.842779 0.121094 0.842779 0.121745 0.842779 0.122396 0.842779 0.123047 0.841865 0.123047 0.840951 0.123698 0.840037 0.123047 0.839122 0.122396 0.839122 0.121745 0.839122 0.121094 0.839122 0.120443 0.839122 0.119792 0.838208 0.119141 0.837294 0.118490 0.837294 0.117839 0.838208 0.117188 0.837294 0.116536 0.837294 0.115885 0.838208 0.115234 0.838208 0.114583 0.838208
0 0.630208 0.836380 0.629557 0.837294 0.628906 0.837294 0.628906 0.838208 0.628906 0.839122 0.628255 0.840037 0.627604 0.840951 0.626953 0.840037 0.626302 0.840037 0.625651 0.839122 0.625000 0.840037 0.624349 0.840037 0.624349 0.840951 0.623698 0.841865 0.623698 0.842779 0.624349 0.843693 0.624349 0.844607 0.623698 0.845521 0.623698 0.846435 0.624349 0.847349 0.625000 0.848263 0.624349 0.849177 0.624349 0.850091 0.625000 0.851005 0.625651 0.851920 0.625000 0.852834 0.625651 0.853748 0.625651 0.854662 0.625651 0.855576 0.626302 0.856490 0.626302 0.857404 0.626953 0.858318 0.626302 0.859232 0.625651 0.860146 0.625000 0.861060 0.624349 0.861060 0.623698 0.860146 0.623047 0.860146 0.622396 0.859232 0.621745 0.860146 0.621094 0.860146 0.620443 0.860146 0.619792 0.860146 0.619141 0.859232 0.618490 0.860146 0.617839 0.859232 0.617188 0.858318 0.617839 0.857404 0.617839 0.856490 0.617188 0.856490 0.616536 0.857404 0.615885 0.857404 0.615234 0.858318 0.615885 0.859232 0.616536 0.860146 0.617188 0.861060 0.617839 0.861974 0.617188 0.862888 0.617839 0.863803 0.617839 0.864717 0.617839 0.865631 0.617188 0.866545 0.617839 0.867459 0.618490 0.868373 0.618490 0.869287 0.618490 0.870201 0.617839 0.871115 0.617839 0.872029 0.617839 0.872943 0.617188 0.873857 0.617839 0.874771 0.617839 0.875686 0.617839 0.876600 0.618490 0.876600 0.619141 0.876600 0.619792 0.877514 0.620443 0.876600 0.621094 0.876600 0.621745 0.875686 0.622396 0.874771 0.623047 0.874771 0.623698 0.873857 0.624349 0.874771 0.625000 0.873857 0.625000 0.872943 0.625000 0.872029 0.625000 0.871115 0.625000 0.870201 0.625651 0.869287 0.625651 0.868373 0.626302 0.867459 0.626953 0.866545 0.626302 0.865631 0.626953 0.864717 0.626953 0.863803 0.626953 0.862888 0.626302 0.861974 0.626953 0.861060 0.626302 0.860146 0.626302 0.859232 0.626953 0.858318 0.627604 0.857404 0.628255 0.856490 0.628906 0.855576 0.628255 0.854662 0.628906 0.853748 0.628906 0.852834 0.628906 0.851920 0.629557 0.851005 0.630208 0.850091 0.630859 0.850091 0.630208 0.849177 0.630208 0.848263 0.629557 0.847349 0.629557 0.846435 0.629557 0.845521 0.629557 0.844607 0.630208 0.843693 0.630859 0.842779 0.631510 0.842779 0.632161 0.841865 0.632812 0.841865 0.632812 0.840951 0.632812 0.840037 0.632812 0.839122 0.632161 0.838208 0.632161 0.837294 0.631510 0.837294 0.630859 0.836380
0 0.069010 0.836380 0.068359 0.837294 0.067708 0.837294 0.067057 0.837294 0.067057 0.838208 0.067057 0.839122 0.066406 0.840037 0.067057 0.840951 0.066406 0.841865 0.065755 0.842779 0.065755 0.843693 0.066406 0.844607 0.065755 0.845521 0.065104 0.846435 0.065104 0.847349 0.065104 0.848263 0.065104 0.849177 0.065104 0.850091 0.064453 0.851005 0.065104 0.851920 0.065104 0.852834 0.065104 0.853748 0.065755 0.854662 0.066406 0.855576 0.067057 0.856490 0.067057 0.857404 0.066406 0.858318 0.065755 0.859232 0.065104 0.860146 0.064453 0.860146 0.063802 0.861060 0.063151 0.861060 0.063151 0.861974 0.063151 0.862888 0.063151 0.863803 0.063151 0.864717 0.063802 0.865631 0.064453 0.865631 0.065104 0.865631 0.065755 0.866545 0.066406 0.866545 0.067057 0.867459 0.067708 0.868373 0.067708 0.869287 0.067708 0.870201 0.067057 0.871115 0.067057 0.872029 0.066406 0.872943 0.067057 0.872943 0.067708 0.873857 0.068359 0.874771 0.069010 0.874771 0.069010 0.873857 0.069661 0.872943 0.069010 0.872029 0.069010 0.871115 0.069661 0.870201 0.069661 0.869287 0.070312 0.868373 0.070964 0.867459 0.071615 0.867459 0.072266 0.866545 0.072917 0.867459 0.073568 0.868373 0.074219 0.869287 0.074870 0.870201 0.075521 0.870201 0.076172 0.869287 0.076823 0.869287 0.076823 0.868373 0.077474 0.867459 0.078125 0.866545 0.078776 0.866545 0.078125 0.865631 0.078776 0.864717 0.078125 0.865631 0.077474 0.864717 0.076823 0.863803 0.076172 0.863803 0.075521 0.862888 0.074870 0.863803 0.074219 0.864717 0.073568 0.865631 0.073568 0.866545 0.072917 0.867459 0.072266 0.866545 0.072266 0.865631 0.071615 0.864717 0.070964 0.864717 0.070312 0.863803 0.069661 0.862888 0.069661 0.861974 0.070312 0.861060 0.070964 0.860146 0.071615 0.859232 0.070964 0.858318 0.071615 0.857404 0.072266 0.856490 0.072917 0.855576 0.073568 0.854662 0.074219 0.853748 0.073568 0.852834 0.073568 0.851920 0.073568 0.851005 0.073568 0.850091 0.073568 0.849177 0.072917 0.848263 0.072917 0.847349 0.072266 0.846435 0.071615 0.845521 0.071615 0.844607 0.070964 0.843693 0.071615 0.842779 0.070964 0.841865 0.070312 0.840951 0.070964 0.840037 0.070312 0.839122 0.069661 0.838208 0.070312 0.837294 0.070964 0.836380 0.070312 0.837294 0.069661 0.837294
0 0.037760 0.834552 0.037109 0.835466 0.036458 0.836380 0.035807 0.837294 0.036458 0.838208 0.036458 0.839122 0.035807 0.840037 0.035156 0.840951 0.035807 0.841865 0.035156 0.842779 0.034505 0.843693 0.033854 0.843693 0.033854 0.844607 0.034505 0.845521 0.034505 0.846435 0.033854 0.847349 0.034505 0.848263 0.035156 0.849177 0.035156 0.850091 0.035807 0.850091 0.036458 0.851005 0.037109 0.851920 0.037760 0.852834 0.038411 0.851920 0.039062 0.852834 0.039714 0.851920 0.040365 0.851005 0.040365 0.850091 0.039714 0.849177 0.040365 0.848263 0.039714 0.847349 0.039062 0.846435 0.038411 0.845521 0.037760 0.844607 0.038411 0.843693 0.038411 0.842779 0.039062 0.841865 0.039714 0.840951 0.040365 0.840037 0.041016 0.840037 0.040365 0.839122 0.041016 0.838208 0.040365 0.837294 0.041016 0.836380 0.040365 0.835466 0.039714 0.835466 0.039062 0.834552 0.038411 0.835466
0 0.452474 0.833638 0.451823 0.834552 0.451172 0.834552 0.451172 0.835466 0.451823 0.836380 0.451172 0.837294 0.451823 0.838208 0.452474 0.839122 0.452474 0.840037 0.452474 0.840951 0.453125 0.841865 0.453776 0.842779 0.453776 0.843693 0.453125 0.844607 0.453776 0.845521 0.454427 0.846435 0.455078 0.847349 0.455729 0.848263 0.456380 0.848263 0.457031 0.849177 0.457682 0.848263 0.458333 0.848263 0.457682 0.847349 0.458333 0.846435 0.457682 0.845521 0.457682 0.844607 0.457031 0.843693 0.456380 0.842779 0.456380 0.841865 0.455729 0.840951 0.455729 0.840037 0.455729 0.839122 0.455729 0.838208 0.455078 0.837294 0.455078 0.836380 0.454427 0.835466 0.454427 0.834552 0.453776 0.834552 0.453125 0.834552
0 0.821615 0.832724 0.820964 0.833638 0.820312 0.833638 0.819661 0.833638 0.819661 0.834552 0.819010 0.835466 0.819661 0.836380 0.819010 0.837294 0.819661 0.838208 0.819010 0.839122 0.819661 0.839122 0.820312 0.840037 0.820964 0.840951 0.821615 0.841865 0.820964 0.842779 0.821615 0.843693 0.822266 0.844607 0.821615 0.845521 0.820964 0.846435 0.821615 0.847349 0.821615 0.848263 0.820964 0.849177 0.821615 0.850091 0.820964 0.851005 0.820312 0.851920 0.819661 0.852834 0.819010 0.852834 0.818359 0.853748 0.817708 0.852834 0.817057 0.853748 0.817057 0.854662 0.817057 0.855576 0.817057 0.856490 0.816406 0.857404 0.817057 0.858318 0.817057 0.859232 0.817057 0.860146 0.817057 0.861060 0.816406 0.861974 0.816406 0.862888 0.815755 0.863803 0.815104 0.864717 0.815104 0.865631 0.815104 0.866545 0.815104 0.867459 0.815104 0.868373 0.815104 0.869287 0.815755 0.869287 0.816406 0.870201 0.817057 0.871115 0.816406 0.872029 0.817057 0.872943 0.817057 0.873857 0.817057 0.874771 0.817057 0.875686 0.817057 0.876600 0.817708 0.876600 0.818359 0.877514 0.819010 0.878428 0.819010 0.877514 0.819661 0.876600 0.819661 0.875686 0.820312 0.874771 0.820964 0.873857 0.821615 0.873857 0.822266 0.872943 0.822917 0.872943 0.822917 0.872029 0.823568 0.871115 0.824219 0.870201 0.823568 0.869287 0.824219 0.868373 0.824870 0.867459 0.824870 0.866545 0.824219 0.865631 0.823568 0.864717 0.824219 0.863803 0.824219 0.862888 0.824870 0.861974 0.824870 0.861060 0.825521 0.860146 0.826172 0.859232 0.826823 0.860146 0.826823 0.859232 0.826823 0.858318 0.826823 0.857404 0.826823 0.856490 0.826172 0.855576 0.825521 0.854662 0.826172 0.853748 0.825521 0.854662 0.824870 0.853748 0.824219 0.852834 0.824870 0.851920 0.824219 0.851005 0.824219 0.850091 0.824870 0.849177 0.825521 0.848263 0.826172 0.847349 0.826823 0.846435 0.827474 0.846435 0.828125 0.846435 0.828125 0.845521 0.828776 0.844607 0.829427 0.843693 0.830078 0.842779 0.830078 0.841865 0.830729 0.840951 0.831380 0.840037 0.832031 0.839122 0.832031 0.838208 0.831380 0.837294 0.830729 0.836380 0.830729 0.835466 0.830078 0.835466 0.829427 0.835466 0.828776 0.835466 0.828125 0.835466 0.827474 0.835466 0.826823 0.836380 0.826172 0.836380 0.825521 0.835466 0.824870 0.835466 0.824219 0.834552 0.823568 0.833638 0.822917 0.833638 0.822266 0.832724
0 0.809896 0.832724 0.809245 0.833638 0.809245 0.834552 0.809245 0.835466 0.808594 0.836380 0.808594 0.837294 0.808594 0.838208 0.808594 0.839122 0.808594 0.840037 0.807943 0.840951 0.807943 0.841865 0.807943 0.842779 0.808594 0.843693 0.808594 0.844607 0.807943 0.845521 0.808594 0.846435 0.808594 0.847349 0.807943 0.848263 0.807292 0.849177 0.806641 0.849177 0.805990 0.848263 0.805339 0.847349 0.804688 0.848263 0.804036 0.847349 0.803385 0.847349 0.802734 0.848263 0.802083 0.849177 0.802083 0.850091 0.802083 0.851005 0.802083 0.851920 0.802734 0.852834 0.803385 0.853748 0.803385 0.854662 0.803385 0.855576 0.804036 0.856490 0.804688 0.857404 0.804688 0.858318 0.805339 0.859232 0.805990 0.860146 0.805990 0.861060 0.806641 0.861974 0.807292 0.862888 0.807943 0.863803 0.807292 0.864717 0.806641 0.865631 0.806641 0.866545 0.807292 0.866545 0.806641 0.865631 0.807292 0.864717 0.807943 0.863803 0.807292 0.862888 0.807292 0.861974 0.807292 0.861060 0.807943 0.860146 0.807943 0.859232 0.808594 0.858318 0.809245 0.857404 0.809896 0.856490 0.809896 0.855576 0.809245 0.854662 0.809245 0.853748 0.809896 0.852834 0.810547 0.851920 0.810547 0.851005 0.811198 0.850091 0.811198 0.849177 0.811849 0.848263 0.812500 0.847349 0.811849 0.846435 0.811849 0.845521 0.812500 0.844607 0.813151 0.843693 0.813802 0.842779 0.814453 0.841865 0.814453 0.840951 0.815104 0.840037 0.815104 0.839122 0.814453 0.838208 0.814453 0.837294 0.814453 0.836380 0.814453 0.835466 0.815104 0.834552 0.814453 0.834552 0.813802 0.833638 0.813151 0.833638 0.812500 0.833638 0.811849 0.833638 0.811198 0.832724 0.810547 0.832724
0 0.616536 0.829068 0.616536 0.829982 0.616536 0.830896 0.615885 0.831810 0.615885 0.832724 0.615885 0.833638 0.615885 0.834552 0.616536 0.835466 0.617188 0.836380 0.617188 0.837294 0.617839 0.838208 0.617839 0.839122 0.618490 0.840037 0.619141 0.840951 0.619141 0.841865 0.619141 0.842779 0.619792 0.842779 0.620443 0.843693 0.621094 0.844607 0.621745 0.843693 0.622396 0.842779 0.621745 0.841865 0.621094 0.840951 0.621094 0.840037 0.621094 0.839122 0.620443 0.838208 0.621094 0.837294 0.620443 0.836380 0.621094 0.835466 0.620443 0.834552 0.620443 0.833638 0.619792 0.832724 0.620443 0.831810 0.619792 0.830896 0.619141 0.829982 0.619141 0.829068 0.618490 0.829068 0.617839 0.829068 0.617188 0.829068
0 0.507812 0.829068 0.507161 0.829982 0.506510 0.829982 0.505859 0.830896 0.505208 0.830896 0.505208 0.831810 0.504557 0.832724 0.504557 0.833638 0.503906 0.834552 0.503906 0.835466 0.503255 0.836380 0.503255 0.837294 0.503255 0.838208 0.502604 0.839122 0.501953 0.840037 0.501302 0.840951 0.500651 0.840037 0.500000 0.839122 0.500651 0.838208 0.500000 0.837294 0.500651 0.836380 0.500651 0.835466 0.500000 0.834552 0.500000 0.833638 0.500651 0.832724 0.500000 0.833638 0.499349 0.832724 0.498698 0.832724 0.498047 0.832724 0.497396 0.833638 0.496745 0.833638 0.496745 0.834552 0.496094 0.835466 0.496745 0.836380 0.496094 0.837294 0.496745 0.838208 0.496745 0.839122 0.496094 0.840037 0.496745 0.840951 0.496745 0.841865 0.497396 0.842779 0.498047 0.843693 0.498047 0.844607 0.498047 0.845521 0.498698 0.846435 0.498698 0.847349 0.498698 0.848263 0.499349 0.849177 0.499349 0.850091 0.498698 0.851005 0.499349 0.851920 0.498698 0.852834 0.499349 0.853748 0.499349 0.854662 0.498698 0.855576 0.498698 0.856490 0.498047 0.857404 0.497396 0.858318 0.496745 0.858318 0.496094 0.858318 0.495443 0.859232 0.494792 0.859232 0.494141 0.860146 0.493490 0.860146 0.493490 0.861060 0.493490 0.861974 0.493490 0.862888 0.493490 0.863803 0.494141 0.864717 0.494792 0.865631 0.495443 0.866545 0.496094 0.867459 0.496745 0.868373 0.497396 0.868373 0.498047 0.868373 0.498698 0.869287 0.499349 0.869287 0.500000 0.868373 0.500651 0.868373 0.501302 0.869287 0.501302 0.868373 0.501953 0.867459 0.502604 0.866545 0.503255 0.865631 0.503906 0.865631 0.503906 0.864717 0.503255 0.863803 0.503906 0.862888 0.503906 0.861974 0.503255 0.861060 0.503255 0.860146 0.503255 0.859232 0.503255 0.858318 0.502604 0.857404 0.501953 0.856490 0.502604 0.855576 0.503255 0.854662 0.503906 0.853748 0.503255 0.852834 0.502604 0.851920 0.502604 0.851005 0.502604 0.850091 0.502604 0.849177 0.503255 0.848263 0.503906 0.847349 0.504557 0.847349 0.505208 0.846435 0.505859 0.845521 0.505859 0.844607 0.506510 0.843693 0.506510 0.842779 0.506510 0.841865 0.507161 0.840951 0.507812 0.840037 0.508464 0.839122 0.509115 0.838208 0.509115 0.837294 0.509115 0.836380 0.509766 0.835466 0.509115 0.834552 0.509766 0.833638 0.509115 0.832724 0.509766 0.831810 0.510417 0.830896 0.509766 0.831810 0.509115 0.830896 0.508464 0.829982
0 0.420573 0.827239 0.419922 0.828154 0.419271 0.828154 0.418620 0.828154 0.417969 0.828154 0.417318 0.829068 0.416667 0.829068 0.416667 0.829982 0.416016 0.830896 0.416016 0.831810 0.416016 0.832724 0.416016 0.833638 0.416016 0.834552 0.416016 0.835466 0.415365 0.836380 0.416016 0.837294 0.415365 0.838208 0.415365 0.839122 0.414714 0.840037 0.415365 0.840951 0.414714 0.841865 0.414714 0.842779 0.414714 0.843693 0.414062 0.844607 0.414714 0.845521 0.415365 0.846435 0.415365 0.847349 0.414714 0.848263 0.414714 0.849177 0.414062 0.850091 0.413411 0.851005 0.413411 0.851920 0.412760 0.852834 0.412109 0.853748 0.412109 0.854662 0.411458 0.855576 0.410807 0.856490 0.410156 0.856490 0.409505 0.856490 0.408854 0.855576 0.409505 0.856490 0.409505 0.857404 0.409505 0.858318 0.409505 0.859232 0.410156 0.860146 0.410156 0.861060 0.410156 0.861974 0.410807 0.861060 0.411458 0.861060 0.412109 0.860146 0.412760 0.859232 0.413411 0.859232 0.414062 0.859232 0.414714 0.859232 0.415365 0.859232 0.416016 0.858318 0.416667 0.857404 0.416667 0.856490 0.416016 0.855576 0.416667 0.854662 0.417318 0.853748 0.417969 0.854662 0.417969 0.853748 0.418620 0.852834 0.419271 0.851920 0.419922 0.851920 0.419922 0.851005 0.420573 0.850091 0.421224 0.849177 0.421875 0.850091 0.421875 0.849177 0.421224 0.849177 0.420573 0.848263 0.419922 0.847349 0.419922 0.846435 0.419922 0.845521 0.420573 0.844607 0.421224 0.843693 0.421875 0.843693 0.422526 0.843693 0.422526 0.842779 0.422526 0.841865 0.423177 0.840951 0.422526 0.840037 0.422526 0.839122 0.422526 0.838208 0.421875 0.838208 0.421224 0.837294 0.420573 0.836380 0.421224 0.835466 0.420573 0.834552 0.421224 0.833638 0.421875 0.832724 0.421224 0.831810 0.420573 0.830896 0.421224 0.829982 0.421224 0.829068 0.420573 0.828154
0 0.961589 0.825411 0.960938 0.826325 0.960286 0.827239 0.959635 0.827239 0.958984 0.828154 0.958333 0.828154 0.957682 0.829068 0.957031 0.829982 0.957031 0.830896 0.956380 0.831810 0.957031 0.832724 0.957031 0.833638 0.956380 0.834552 0.956380 0.835466 0.955729 0.836380 0.955078 0.837294 0.954427 0.838208 0.955078 0.839122 0.954427 0.840037 0.954427 0.840951 0.955078 0.841865 0.955729 0.842779 0.956380 0.843693 0.957031 0.844607 0.957031 0.845521 0.957682 0.845521 0.958333 0.846435 0.958984 0.847349 0.959635 0.847349 0.960286 0.848263 0.960938 0.849177 0.961589 0.848263 0.962240 0.848263 0.962891 0.849177 0.963542 0.850091 0.962891 0.851005 0.963542 0.851920 0.963542 0.852834 0.964193 0.853748 0.964844 0.854662 0.965495 0.854662 0.966146 0.853748 0.966797 0.852834 0.967448 0.852834 0.967448 0.851920 0.966797 0.851920 0.966146 0.851005 0.965495 0.850091 0.965495 0.849177 0.964844 0.848263 0.964844 0.847349 0.964193 0.846435 0.964844 0.845521 0.965495 0.844607 0.965495 0.843693 0.965495 0.842779 0.966146 0.841865 0.965495 0.840951 0.965495 0.840037 0.966146 0.839122 0.965495 0.838208 0.966146 0.837294 0.965495 0.836380 0.965495 0.835466 0.965495 0.834552 0.964844 0.833638 0.964844 0.832724 0.965495 0.831810 0.965495 0.830896 0.965495 0.829982 0.964844 0.829068 0.965495 0.828154 0.964844 0.827239 0.964844 0.826325 0.964193 0.826325 0.963542 0.826325 0.962891 0.826325 0.962240 0.825411
0 0.081380 0.825411 0.080729 0.826325 0.080078 0.827239 0.079427 0.828154 0.078776 0.829068 0.078125 0.829982 0.077474 0.830896 0.076823 0.831810 0.076823 0.832724 0.077474 0.833638 0.077474 0.834552 0.078125 0.835466 0.078125 0.836380 0.077474 0.837294 0.078125 0.836380 0.078776 0.837294 0.079427 0.838208 0.080078 0.837294 0.080729 0.837294 0.080729 0.836380 0.080729 0.835466 0.081380 0.834552 0.081380 0.833638 0.082031 0.832724 0.082031 0.831810 0.082682 0.830896 0.082031 0.829982 0.082682 0.829068 0.082682 0.828154 0.082682 0.827239 0.082031 0.826325
0 0.158203 0.824497 0.158854 0.825411 0.158203 0.826325 0.157552 0.827239 0.157552 0.828154 0.156901 0.829068 0.157552 0.829982 0.157552 0.830896 0.157552 0.831810 0.156901 0.832724 0.156901 0.833638 0.157552 0.834552 0.158203 0.835466 0.158203 0.836380 0.158854 0.837294 0.159505 0.837294 0.160156 0.838208 0.160807 0.839122 0.161458 0.840037 0.162109 0.840951 0.162760 0.841865 0.163411 0.842779 0.164062 0.843693 0.164714 0.844607 0.164714 0.845521 0.165365 0.845521 0.166016 0.845521 0.166667 0.845521 0.167318 0.846435 0.167969 0.846435 0.168620 0.847349 0.169271 0.846435 0.169922 0.847349 0.170573 0.848263 0.169922 0.849177 0.170573 0.850091 0.169922 0.851005 0.169271 0.851920 0.168620 0.852834 0.167969 0.853748 0.167318 0.852834 0.166667 0.852834 0.166016 0.853748 0.165365 0.852834 0.164714 0.853748 0.164062 0.852834 0.163411 0.852834 0.162760 0.853748 0.162109 0.853748 0.161458 0.854662 0.160807 0.855576 0.160156 0.855576 0.159505 0.856490 0.159505 0.857404 0.159505 0.858318 0.159505 0.859232 0.159505 0.860146 0.159505 0.861060 0.158854 0.861974 0.158854 0.862888 0.159505 0.863803 0.158854 0.864717 0.158203 0.865631 0.157552 0.864717 0.156901 0.863803 0.156250 0.862888 0.155599 0.861974 0.154948 0.861060 0.154297 0.860146 0.154948 0.859232 0.154948 0.858318 0.154297 0.857404 0.153646 0.857404 0.152995 0.856490 0.152344 0.856490 0.151693 0.855576 0.151042 0.854662 0.151693 0.853748 0.151693 0.852834 0.152344 0.851920 0.152344 0.851005 0.151693 0.850091 0.151693 0.849177 0.151693 0.848263 0.151693 0.847349 0.151693 0.846435 0.152344 0.845521 0.151693 0.844607 0.151042 0.844607 0.150391 0.844607 0.149740 0.844607 0.149089 0.844607 0.148438 0.845521 0.147786 0.845521 0.147786 0.846435 0.147135 0.847349 0.146484 0.848263 0.145833 0.847349 0.145182 0.846435 0.145182 0.845521 0.145833 0.844607 0.145182 0.845521 0.144531 0.845521 0.143880 0.844607 0.143229 0.844607 0.143229 0.845521 0.142578 0.846435 0.141927 0.847349 0.141927 0.848263 0.142578 0.849177 0.142578 0.850091 0.142578 0.851005 0.142578 0.851920 0.143229 0.852834 0.143880 0.852834 0.144531 0.851920 0.145182 0.851920 0.145833 0.851920 0.146484 0.851005 0.147135 0.851005 0.147786 0.851920 0.148438 0.852834 0.149089 0.853748 0.149740 0.854662 0.149740 0.855576 0.150391 0.856490 0.150391 0.857404 0.149740 0.858318 0.149089 0.859232 0.148438 0.859232 0.149089 0.860146 0.149089 0.861060 0.149089 0.861974 0.148438 0.862888 0.149089 0.863803 0.149089 0.864717 0.149089 0.865631 0.149089 0.866545 0.149740 0.867459 0.149740 0.868373 0.150391 0.869287 0.151042 0.870201 0.150391 0.871115 0.151042 0.871115 0.151693 0.872029 0.152344 0.871115 0.152995 0.871115 0.153646 0.872029 0.154297 0.872029 0.154948 0.871115 0.155599 0.871115 0.156250 0.870201 0.156901 0.869287 0.156901 0.868373 0.157552 0.867459 0.157552 0.866545 0.158203 0.865631 0.158854 0.864717 0.159505 0.864717 0.160156 0.865631 0.160807 0.865631 0.161458 0.865631 0.162109 0.866545 0.162760 0.867459 0.163411 0.866545 0.164062 0.866545 0.164714 0.867459 0.165365 0.866545 0.166016 0.865631 0.166667 0.864717 0.167318 0.865631 0.167969 0.865631 0.168620 0.866545 0.169271 0.867459 0.169922 0.867459 0.170573 0.867459 0.171224 0.868373 0.171875 0.868373 0.172526 0.867459 0.173177 0.867459 0.173828 0.868373 0.174479 0.869287 0.175130 0.870201 0.174479 0.871115 0.175130 0.870201 0.175781 0.871115 0.176432 0.872029 0.177083 0.872943 0.177734 0.872029 0.178385 0.872029 0.179036 0.871115 0.179688 0.871115 0.180339 0.870201 0.180339 0.869287 0.180339 0.868373 0.180339 0.867459 0.179688 0.866545 0.180339 0.865631 0.179688 0.864717 0.179688 0.863803 0.179036 0.863803 0.178385 0.862888 0.177734 0.863803 0.177083 0.862888 0.176432 0.863803 0.175781 0.862888 0.175130 0.863803 0.174479 0.864717 0.173828 0.864717 0.173177 0.863803 0.172526 0.862888 0.172526 0.861974 0.171875 0.861974 0.171224 0.861974 0.170573 0.861974 0.169922 0.861974 0.169271 0.861060 0.168620 0.860146 0.169271 0.859232 0.169271 0.858318 0.169922 0.857404 0.170573 0.856490 0.171224 0.855576 0.171875 0.854662 0.172526 0.854662 0.173177 0.854662 0.173828 0.855576 0.174479 0.855576 0.174479 0.854662 0.174479 0.853748 0.175130 0.852834 0.175130 0.851920 0.174479 0.851005 0.174479 0.850091 0.174479 0.849177 0.173828 0.848263 0.173177 0.847349 0.172526 0.847349 0.171875 0.846435 0.171224 0.845521 0.171224 0.844607 0.170573 0.845521 0.169922 0.845521 0.169271 0.844607 0.168620 0.843693 0.167969 0.842779 0.167318 0.842779 0.166667 0.841865 0.166016 0.840951 0.166016 0.840037 0.166016 0.839122 0.166667 0.838208 0.166016 0.837294 0.166667 0.836380 0.167318 0.835466 0.167969 0.835466 0.168620 0.835466 0.169271 0.835466 0.169922 0.835466 0.170573 0.835466 0.169922 0.834552 0.170573 0.833638 0.170573 0.832724 0.170573 0.831810 0.169922 0.830896 0.170573 0.829982 0.171224 0.829068 0.170573 0.829068 0.169922 0.828154 0.169271 0.827239 0.169271 0.826325 0.168620 0.825411 0.167969 0.825411 0.167318 0.826325 0.166667 0.827239 0.166016 0.828154 0.165365 0.829068 0.164714 0.828154 0.164062 0.829068 0.163411 0.829068 0.162760 0.829068 0.162109 0.828154 0.161458 0.828154 0.160807 0.827239 0.160156 0.826325 0.159505 0.826325 0.158854 0.825411
0 0.796875 0.821755 0.796224 0.822669 0.795573 0.823583 0.794922 0.823583 0.794271 0.824497 0.794922 0.825411 0.794271 0.826325 0.794922 0.827239 0.794271 0.828154 0.794271 0.829068 0.794271 0.829982 0.793620 0.830896 0.792969 0.831810 0.792318 0.832724 0.791667 0.833638 0.791667 0.834552 0.791016 0.835466 0.791016 0.836380 0.790365 0.837294 0.789714 0.838208 0.789062 0.839122 0.788411 0.839122 0.789062 0.840037 0.788411 0.840951 0.787760 0.841865 0.787109 0.842779 0.786458 0.843693 0.787109 0.844607 0.787760 0.845521 0.788411 0.846435 0.787760 0.845521 0.788411 0.844607 0.789062 0.843693 0.789714 0.843693 0.790365 0.843693 0.791016 0.843693 0.791667 0.842779 0.792318 0.841865 0.792318 0.840951 0.792969 0.840037 0.793620 0.839122 0.794271 0.838208 0.794922 0.838208 0.795573 0.837294 0.796224 0.836380 0.796875 0.835466 0.797526 0.834552 0.797526 0.833638 0.797526 0.832724 0.796875 0.831810 0.796224 0.830896 0.796224 0.829982 0.796875 0.829068 0.797526 0.828154 0.798177 0.827239 0.798828 0.826325 0.798177 0.825411 0.798828 0.824497 0.798828 0.823583 0.798177 0.822669 0.797526 0.821755
0 0.878906 0.819013 0.878255 0.819927 0.877604 0.819927 0.876953 0.819927 0.876302 0.819927 0.875651 0.820841 0.875651 0.821755 0.875651 0.822669 0.875651 0.823583 0.875651 0.824497 0.875651 0.825411 0.876302 0.826325 0.876302 0.827239 0.876953 0.827239 0.877604 0.827239 0.878255 0.828154 0.878906 0.828154 0.879557 0.828154 0.880208 0.829068 0.880859 0.829068 0.881510 0.829982 0.882161 0.829982 0.882812 0.830896 0.883464 0.830896 0.884115 0.831810 0.884766 0.832724 0.884115 0.833638 0.883464 0.834552 0.882812 0.835466 0.882161 0.835466 0.881510 0.834552 0.880859 0.834552 0.880208 0.835466 0.879557 0.835466 0.878906 0.835466 0.878906 0.836380 0.879557 0.837294 0.878906 0.838208 0.879557 0.839122 0.880208 0.839122 0.880859 0.840037 0.881510 0.840037 0.882161 0.840951 0.882812 0.840951 0.883464 0.840951 0.884115 0.840037 0.884766 0.840037 0.885417 0.840951 0.886068 0.840037 0.886719 0.840037 0.887370 0.840037 0.888021 0.840037 0.888672 0.840951 0.889323 0.840037 0.889974 0.840951 0.890625 0.841865 0.890625 0.842779 0.891276 0.843693 0.891276 0.844607 0.891276 0.845521 0.891927 0.846435 0.892578 0.847349 0.892578 0.848263 0.893229 0.849177 0.893880 0.850091 0.893229 0.851005 0.893880 0.851920 0.893229 0.852834 0.893229 0.853748 0.893880 0.854662 0.894531 0.853748 0.895182 0.854662 0.895833 0.853748 0.896484 0.852834 0.895833 0.851920 0.896484 0.851005 0.895833 0.850091 0.896484 0.849177 0.897135 0.848263 0.896484 0.847349 0.896484 0.846435 0.896484 0.845521 0.896484 0.844607 0.895833 0.843693 0.895833 0.842779 0.895182 0.841865 0.894531 0.840951 0.894531 0.840037 0.893880 0.839122 0.893229 0.839122 0.892578 0.839122 0.891927 0.838208 0.891276 0.838208 0.890625 0.837294 0.889974 0.837294 0.889323 0.836380 0.888672 0.835466 0.888021 0.834552 0.888021 0.833638 0.887370 0.832724 0.888021 0.831810 0.887370 0.830896 0.887370 0.829982 0.886719 0.829068 0.886068 0.828154 0.885417 0.827239 0.885417 0.826325 0.884766 0.826325 0.884115 0.825411 0.883464 0.824497 0.883464 0.823583 0.882812 0.823583 0.882161 0.823583 0.881510 0.822669 0.880859 0.821755 0.880859 0.820841 0.880208 0.820841 0.879557 0.819927
0 0.007161 0.818099 0.006510 0.819013 0.005859 0.819013 0.005208 0.819013 0.004557 0.819013 0.003906 0.819013 0.003255 0.819927 0.002604 0.819927 0.002604 0.820841 0.002604 0.821755 0.003255 0.822669 0.003255 0.823583 0.003906 0.824497 0.003906 0.825411 0.004557 0.824497 0.005208 0.825411 0.005859 0.826325 0.006510 0.827239 0.007161 0.827239 0.007812 0.828154 0.008464 0.829068 0.009115 0.829982 0.009766 0.830896 0.010417 0.829982 0.011068 0.830896 0.011719 0.831810 0.011719 0.832724 0.012370 0.833638 0.013021 0.833638 0.013672 0.834552 0.013021 0.833638 0.013021 0.832724 0.013021 0.831810 0.013021 0.830896 0.013672 0.829982 0.013021 0.829068 0.013021 0.828154 0.013021 0.827239 0.013021 0.826325 0.012370 0.825411 0.011719 0.825411 0.011068 0.824497 0.010417 0.823583 0.009766 0.822669 0.009115 0.822669 0.008464 0.821755 0.007812 0.820841 0.007812 0.819927 0.007161 0.819013
0 0.488281 0.817185 0.487630 0.818099 0.488281 0.819013 0.487630 0.819927 0.487630 0.820841 0.487630 0.821755 0.488281 0.822669 0.488281 0.823583 0.488281 0.824497 0.488932 0.825411 0.488932 0.826325 0.489583 0.825411 0.490234 0.826325 0.490885 0.827239 0.490885 0.828154 0.491536 0.829068 0.492188 0.829982 0.492839 0.829982 0.493490 0.829982 0.492839 0.829068 0.492839 0.828154 0.493490 0.827239 0.492839 0.826325 0.492839 0.825411 0.492188 0.824497 0.492188 0.823583 0.491536 0.822669 0.491536 0.821755 0.491536 0.820841 0.491536 0.819927 0.490885 0.819013 0.490885 0.818099 0.490234 0.817185 0.489583 0.817185 0.488932 0.817185
0 0.289714 0.816271 0.289062 0.817185 0.288411 0.817185 0.287760 0.818099 0.287109 0.819013 0.286458 0.819013 0.285807 0.819927 0.285156 0.820841 0.285156 0.821755 0.285807 0.822669 0.285156 0.823583 0.285807 0.824497 0.285807 0.825411 0.286458 0.826325 0.287109 0.827239 0.286458 0.828154 0.287109 0.829068 0.286458 0.829982 0.286458 0.830896 0.286458 0.831810 0.285807 0.832724 0.285156 0.833638 0.285807 0.834552 0.286458 0.835466 0.286458 0.836380 0.287109 0.837294 0.287760 0.838208 0.288411 0.839122 0.289062 0.840037 0.289714 0.840951 0.289714 0.841865 0.290365 0.842779 0.291016 0.841865 0.291667 0.842779 0.292318 0.843693 0.292969 0.842779 0.293620 0.843693 0.294271 0.844607 0.294922 0.845521 0.294271 0.846435 0.294271 0.847349 0.294271 0.848263 0.293620 0.849177 0.292969 0.850091 0.292318 0.851005 0.291667 0.851920 0.291016 0.851920 0.290365 0.851005 0.289714 0.851920 0.289062 0.852834 0.288411 0.853748 0.288411 0.854662 0.287760 0.855576 0.288411 0.856490 0.288411 0.857404 0.289062 0.857404 0.289714 0.858318 0.290365 0.859232 0.290365 0.860146 0.291016 0.861060 0.291667 0.861974 0.292318 0.862888 0.292969 0.863803 0.293620 0.864717 0.293620 0.865631 0.294271 0.866545 0.294271 0.867459 0.293620 0.868373 0.292969 0.869287 0.292318 0.870201 0.291667 0.871115 0.291016 0.872029 0.290365 0.872943 0.290365 0.873857 0.289714 0.874771 0.289062 0.875686 0.289714 0.876600 0.290365 0.877514 0.290365 0.878428 0.291016 0.879342 0.291667 0.878428 0.292318 0.878428 0.292318 0.877514 0.292969 0.876600 0.292969 0.875686 0.293620 0.874771 0.294271 0.873857 0.294922 0.872943 0.294922 0.872029 0.295573 0.871115 0.296224 0.870201 0.296875 0.869287 0.297526 0.868373 0.298177 0.867459 0.298828 0.866545 0.299479 0.867459 0.300130 0.866545 0.299479 0.865631 0.299479 0.864717 0.300130 0.863803 0.299479 0.862888 0.299479 0.861974 0.300130 0.861060 0.300130 0.860146 0.300781 0.859232 0.300130 0.858318 0.299479 0.857404 0.299479 0.856490 0.299479 0.855576 0.299479 0.854662 0.299479 0.853748 0.298828 0.852834 0.299479 0.851920 0.299479 0.851005 0.298828 0.851005 0.298177 0.850091 0.297526 0.849177 0.296875 0.848263 0.296224 0.847349 0.296224 0.846435 0.296224 0.845521 0.295573 0.844607 0.295573 0.843693 0.295573 0.842779 0.294922 0.841865 0.294271 0.840951 0.294271 0.840037 0.294922 0.839122 0.294271 0.838208 0.294922 0.837294 0.294922 0.836380 0.294922 0.835466 0.295573 0.834552 0.295573 0.833638 0.295573 0.832724 0.296224 0.831810 0.296875 0.830896 0.296224 0.829982 0.295573 0.829068 0.294922 0.828154 0.294271 0.829068 0.293620 0.828154 0.292969 0.828154 0.292318 0.829068 0.291667 0.828154 0.291016 0.827239 0.291667 0.826325 0.291016 0.825411 0.291016 0.824497 0.291667 0.823583 0.291016 0.822669 0.290365 0.821755 0.291016 0.820841 0.291016 0.819927 0.291667 0.819013 0.291016 0.818099 0.290365 0.817185
0 0.791016 0.814442 0.790365 0.815356 0.789714 0.815356 0.789062 0.816271 0.788411 0.817185 0.787760 0.816271 0.787109 0.815356 0.786458 0.816271 0.785807 0.816271 0.786458 0.817185 0.787109 0.818099 0.787109 0.819013 0.787109 0.819927 0.786458 0.820841 0.787109 0.821755 0.787109 0.822669 0.787760 0.823583 0.787760 0.824497 0.788411 0.824497 0.789062 0.823583 0.789062 0.822669 0.789714 0.821755 0.790365 0.820841 0.791016 0.819927 0.791667 0.819013 0.792318 0.818099 0.792969 0.818099 0.793620 0.817185 0.794271 0.817185 0.794271 0.816271 0.793620 0.815356 0.792969 0.814442 0.792318 0.815356 0.791667 0.814442
0 0.908854 0.810786 0.908203 0.811700 0.907552 0.811700 0.906901 0.812614 0.906250 0.812614 0.905599 0.813528 0.904948 0.814442 0.904297 0.815356 0.903646 0.815356 0.903646 0.816271 0.903646 0.817185 0.903646 0.818099 0.902995 0.819013 0.903646 0.819927 0.903646 0.820841 0.903646 0.821755 0.903646 0.822669 0.903646 0.823583 0.903646 0.824497 0.903646 0.825411 0.903646 0.826325 0.902995 0.827239 0.902344 0.828154 0.902344 0.829068 0.901693 0.829982 0.901042 0.830896 0.900391 0.829982 0.899740 0.829068 0.899089 0.828154 0.898438 0.827239 0.898438 0.826325 0.897786 0.825411 0.897135 0.826325 0.896484 0.827239 0.896484 0.828154 0.897135 0.829068 0.896484 0.829982 0.897135 0.830896 0.897135 0.831810 0.897786 0.832724 0.897135 0.833638 0.897786 0.834552 0.898438 0.835466 0.897786 0.836380 0.897786 0.837294 0.897786 0.838208 0.898438 0.839122 0.897786 0.840037 0.898438 0.840037 0.899089 0.839122 0.899740 0.838208 0.900391 0.839122 0.901042 0.838208 0.901042 0.837294 0.901693 0.836380 0.902344 0.835466 0.902995 0.834552 0.903646 0.835466 0.904297 0.834552 0.904948 0.834552 0.905599 0.833638 0.906250 0.833638 0.906901 0.832724 0.907552 0.831810 0.908203 0.831810 0.908203 0.830896 0.908854 0.829982 0.908203 0.829068 0.907552 0.828154 0.907552 0.827239 0.908203 0.826325 0.908203 0.825411 0.908854 0.824497 0.909505 0.823583 0.910156 0.823583 0.910807 0.822669 0.911458 0.822669 0.910807 0.821755 0.911458 0.820841 0.911458 0.819927 0.912109 0.819013 0.911458 0.818099 0.912109 0.817185 0.911458 0.816271 0.912109 0.815356 0.911458 0.814442 0.912109 0.813528 0.912109 0.812614 0.911458 0.811700 0.911458 0.810786 0.910807 0.811700 0.910156 0.811700 0.909505 0.810786
0 0.565755 0.809872 0.565104 0.810786 0.564453 0.811700 0.565104 0.812614 0.565104 0.813528 0.565104 0.814442 0.565104 0.815356 0.565755 0.816271 0.566406 0.817185 0.565755 0.818099 0.565755 0.819013 0.565755 0.819927 0.566406 0.820841 0.566406 0.821755 0.565755 0.822669 0.566406 0.823583 0.567057 0.822669 0.567708 0.823583 0.568359 0.823583 0.569010 0.823583 0.569661 0.823583 0.569661 0.822669 0.570312 0.821755 0.570964 0.820841 0.571615 0.820841 0.571615 0.819927 0.572266 0.819013 0.572266 0.818099 0.572917 0.817185 0.573568 0.816271 0.573568 0.815356 0.574219 0.814442 0.574219 0.813528 0.574870 0.812614 0.574219 0.811700 0.574219 0.810786 0.573568 0.810786 0.572917 0.809872 0.572266 0.809872 0.571615 0.809872 0.570964 0.810786 0.570312 0.811700 0.569661 0.812614 0.569010 0.812614 0.568359 0.811700 0.567708 0.810786 0.567057 0.809872 0.566406 0.810786
0 0.550781 0.808958 0.551432 0.809872 0.550781 0.810786 0.550130 0.811700 0.550781 0.812614 0.550781 0.813528 0.550781 0.814442 0.551432 0.815356 0.552083 0.816271 0.552734 0.817185 0.553385 0.818099 0.554036 0.819013 0.554688 0.819927 0.554036 0.820841 0.554688 0.821755 0.555339 0.822669 0.555990 0.823583 0.555990 0.824497 0.556641 0.825411 0.556641 0.826325 0.557292 0.827239 0.557943 0.828154 0.557943 0.829068 0.558594 0.829068 0.559245 0.829068 0.559896 0.829982 0.560547 0.830896 0.561198 0.831810 0.561198 0.832724 0.560547 0.833638 0.559896 0.834552 0.560547 0.835466 0.560547 0.836380 0.559896 0.837294 0.560547 0.838208 0.561198 0.838208 0.561849 0.839122 0.562500 0.838208 0.563151 0.838208 0.563802 0.838208 0.564453 0.839122 0.564453 0.840037 0.563802 0.840951 0.564453 0.841865 0.565104 0.842779 0.564453 0.843693 0.563802 0.844607 0.563151 0.845521 0.562500 0.845521 0.563151 0.846435 0.563151 0.847349 0.563802 0.848263 0.564453 0.849177 0.564453 0.850091 0.565104 0.851005 0.565755 0.851920 0.565755 0.852834 0.566406 0.853748 0.566406 0.854662 0.567057 0.855576 0.567057 0.856490 0.566406 0.857404 0.565755 0.858318 0.565104 0.859232 0.564453 0.859232 0.564453 0.860146 0.563802 0.861060 0.563151 0.861974 0.562500 0.862888 0.561849 0.863803 0.561849 0.864717 0.562500 0.865631 0.562500 0.866545 0.562500 0.867459 0.563151 0.868373 0.563802 0.869287 0.564453 0.869287 0.565104 0.869287 0.565755 0.870201 0.566406 0.870201 0.567057 0.871115 0.567708 0.872029 0.568359 0.872943 0.569010 0.873857 0.569010 0.874771 0.569661 0.875686 0.570312 0.875686 0.570964 0.876600 0.570964 0.875686 0.570964 0.874771 0.571615 0.873857 0.571615 0.872943 0.571615 0.872029 0.571615 0.871115 0.572266 0.870201 0.572917 0.869287 0.573568 0.870201 0.574219 0.869287 0.574870 0.870201 0.575521 0.871115 0.576172 0.872029 0.576823 0.872943 0.577474 0.872943 0.578125 0.872943 0.578776 0.872029 0.579427 0.872943 0.580078 0.872943 0.580729 0.872943 0.581380 0.872029 0.582031 0.871115 0.582682 0.871115 0.583333 0.872029 0.583333 0.872943 0.583333 0.873857 0.583984 0.873857 0.584635 0.874771 0.585286 0.874771 0.585938 0.874771 0.586589 0.873857 0.587240 0.873857 0.587240 0.872943 0.586589 0.872029 0.585938 0.871115 0.585286 0.871115 0.584635 0.870201 0.583984 0.869287 0.584635 0.870201 0.583984 0.871115 0.583333 0.872029 0.582682 0.871115 0.582031 0.870201 0.581380 0.869287 0.580729 0.868373 0.580078 0.867459 0.579427 0.866545 0.578776 0.865631 0.578125 0.865631 0.577474 0.865631 0.576823 0.866545 0.576172 0.866545 0.575521 0.866545 0.574870 0.867459 0.574219 0.866545 0.573568 0.865631 0.573568 0.864717 0.573568 0.863803 0.573568 0.862888 0.573568 0.861974 0.572917 0.861060 0.572917 0.860146 0.573568 0.859232 0.572917 0.858318 0.573568 0.857404 0.574219 0.856490 0.574219 0.855576 0.573568 0.854662 0.573568 0.853748 0.572917 0.853748 0.572266 0.852834 0.571615 0.853748 0.570964 0.853748 0.570312 0.853748 0.569661 0.852834 0.569010 0.851920 0.569010 0.851005 0.568359 0.850091 0.569010 0.849177 0.568359 0.848263 0.568359 0.847349 0.568359 0.846435 0.569010 0.845521 0.569010 0.844607 0.568359 0.843693 0.569010 0.842779 0.569661 0.841865 0.570312 0.840951 0.570964 0.840951 0.571615 0.840037 0.572266 0.840037 0.572266 0.839122 0.572917 0.838208 0.572917 0.837294 0.573568 0.836380 0.572917 0.835466 0.572917 0.834552 0.572266 0.833638 0.572266 0.832724 0.571615 0.831810 0.571615 0.830896 0.570964 0.830896 0.570312 0.829982 0.569661 0.829068 0.569661 0.829982 0.569010 0.830896 0.568359 0.831810 0.568359 0.832724 0.568359 0.833638 0.567708 0.834552 0.567057 0.835466 0.566406 0.836380 0.565755 0.836380 0.565104 0.835466 0.564453 0.834552 0.564453 0.833638 0.563802 0.832724 0.563151 0.831810 0.562500 0.830896 0.562500 0.829982 0.561849 0.829068 0.562500 0.828154 0.561849 0.827239 0.561849 0.826325 0.561198 0.825411 0.561849 0.824497 0.561849 0.823583 0.561849 0.822669 0.561849 0.821755 0.561849 0.820841 0.561849 0.819927 0.562500 0.819013 0.561849 0.818099 0.561198 0.817185 0.561849 0.816271 0.561849 0.815356 0.561198 0.814442 0.560547 0.813528 0.560547 0.812614 0.560547 0.811700 0.559896 0.810786 0.559245 0.810786 0.558594 0.810786 0.557943 0.810786 0.557292 0.809872 0.556641 0.810786 0.555990 0.810786 0.555339 0.810786 0.554688 0.809872 0.554036 0.809872 0.553385 0.809872 0.552734 0.809872 0.552083 0.809872 0.551432 0.809872
0 0.180990 0.808958 0.180990 0.809872 0.180339 0.810786 0.179688 0.811700 0.179688 0.812614 0.179688 0.813528 0.179688 0.814442 0.179688 0.815356 0.179688 0.816271 0.180339 0.817185 0.180990 0.818099 0.180990 0.819013 0.181641 0.819927 0.182292 0.820841 0.182292 0.821755 0.182292 0.822669 0.182943 0.823583 0.183594 0.824497 0.182943 0.825411 0.183594 0.826325 0.182943 0.827239 0.183594 0.828154 0.184245 0.829068 0.183594 0.829982 0.184245 0.830896 0.184245 0.831810 0.184896 0.832724 0.185547 0.833638 0.186198 0.834552 0.186198 0.835466 0.186849 0.836380 0.186849 0.837294 0.186849 0.838208 0.187500 0.839122 0.188151 0.840037 0.188802 0.840037 0.189453 0.840951 0.190104 0.841865 0.190755 0.841865 0.191406 0.841865 0.192057 0.840951 0.192708 0.841865 0.193359 0.842779 0.193359 0.843693 0.192708 0.844607 0.192057 0.845521 0.191406 0.846435 0.191406 0.847349 0.190755 0.848263 0.191406 0.849177 0.191406 0.850091 0.192057 0.851005 0.192057 0.851920 0.192708 0.852834 0.193359 0.851920 0.194010 0.852834 0.194661 0.853748 0.195312 0.852834 0.195964 0.851920 0.196615 0.851920 0.197266 0.852834 0.197917 0.853748 0.198568 0.853748 0.199219 0.853748 0.199870 0.852834 0.200521 0.851920 0.199870 0.851005 0.199870 0.850091 0.200521 0.849177 0.199870 0.848263 0.199219 0.847349 0.198568 0.846435 0.197917 0.845521 0.197266 0.844607 0.196615 0.843693 0.197266 0.842779 0.197917 0.841865 0.197917 0.840951 0.198568 0.840037 0.199219 0.839122 0.199870 0.839122 0.199219 0.838208 0.199219 0.837294 0.199219 0.836380 0.199219 0.835466 0.199219 0.834552 0.199219 0.833638 0.198568 0.832724 0.197917 0.832724 0.197266 0.831810 0.196615 0.831810 0.196615 0.832724 0.195964 0.833638 0.195312 0.834552 0.195964 0.835466 0.195312 0.836380 0.195964 0.837294 0.195312 0.838208 0.195312 0.839122 0.195964 0.840037 0.196615 0.840951 0.197266 0.841865 0.197266 0.842779 0.196615 0.843693 0.195964 0.844607 0.195312 0.845521 0.194661 0.844607 0.194010 0.843693 0.193359 0.842779 0.192708 0.841865 0.192708 0.840951 0.192057 0.840037 0.192708 0.839122 0.192708 0.838208 0.192708 0.837294 0.193359 0.836380 0.192708 0.837294 0.192057 0.836380 0.191406 0.835466 0.191406 0.834552 0.190755 0.833638 0.190755 0.832724 0.190755 0.831810 0.190104 0.830896 0.190755 0.829982 0.190104 0.829068 0.190104 0.828154 0.189453 0.827239 0.189453 0.826325 0.189453 0.825411 0.189453 0.824497 0.189453 0.823583 0.188802 0.822669 0.188151 0.821755 0.187500 0.821755 0.186849 0.820841 0.186198 0.821755 0.185547 0.820841 0.184896 0.819927 0.184896 0.819013 0.184896 0.818099 0.184245 0.817185 0.184896 0.816271 0.184245 0.815356 0.183594 0.814442 0.183594 0.813528 0.182943 0.812614 0.182943 0.811700 0.182292 0.810786 0.182292 0.809872 0.181641 0.809872
0 0.734375 0.803473 0.734375 0.804388 0.733724 0.805302 0.733724 0.806216 0.733724 0.807130 0.733073 0.808044 0.732422 0.808958 0.731771 0.808958 0.731120 0.808044 0.730469 0.808044 0.729818 0.808044 0.729167 0.808044 0.728516 0.808044 0.728516 0.808958 0.727865 0.809872 0.728516 0.810786 0.728516 0.811700 0.729167 0.812614 0.728516 0.813528 0.729167 0.814442 0.729167 0.815356 0.728516 0.816271 0.727865 0.817185 0.727214 0.818099 0.727865 0.818099 0.728516 0.819013 0.729167 0.819927 0.729167 0.820841 0.729818 0.819927 0.730469 0.819927 0.731120 0.819927 0.731771 0.819013 0.732422 0.818099 0.733073 0.819013 0.733724 0.819927 0.734375 0.820841 0.734375 0.821755 0.735026 0.822669 0.735677 0.823583 0.735026 0.824497 0.734375 0.825411 0.733724 0.826325 0.733073 0.826325 0.732422 0.826325 0.731771 0.825411 0.731120 0.826325 0.730469 0.827239 0.731120 0.828154 0.731120 0.829068 0.731120 0.829982 0.730469 0.830896 0.729818 0.831810 0.729167 0.831810 0.728516 0.831810 0.727865 0.831810 0.727865 0.832724 0.727865 0.833638 0.728516 0.834552 0.727865 0.835466 0.727214 0.836380 0.726562 0.837294 0.725911 0.836380 0.725260 0.836380 0.724609 0.836380 0.723958 0.835466 0.723307 0.834552 0.723307 0.833638 0.723307 0.832724 0.722656 0.832724 0.722005 0.831810 0.721354 0.831810 0.720703 0.831810 0.720052 0.832724 0.720052 0.833638 0.720052 0.834552 0.720052 0.835466 0.720052 0.836380 0.720703 0.837294 0.721354 0.838208 0.722005 0.839122 0.722005 0.840037 0.722656 0.840037 0.723307 0.840037 0.723958 0.840951 0.724609 0.841865 0.725260 0.842779 0.725260 0.843693 0.725911 0.843693 0.726562 0.844607 0.727214 0.845521 0.727865 0.846435 0.727865 0.847349 0.728516 0.848263 0.729167 0.849177 0.729167 0.850091 0.729818 0.851005 0.729167 0.851920 0.729167 0.852834 0.728516 0.853748 0.727865 0.854662 0.727214 0.854662 0.726562 0.855576 0.725911 0.854662 0.725260 0.853748 0.724609 0.852834 0.723958 0.851920 0.723307 0.851005 0.722656 0.851005 0.722005 0.851005 0.721354 0.851005 0.721354 0.851920 0.721354 0.852834 0.720703 0.853748 0.721354 0.854662 0.720703 0.855576 0.720703 0.856490 0.721354 0.857404 0.721354 0.858318 0.722005 0.859232 0.722005 0.860146 0.722005 0.861060 0.722656 0.861060 0.723307 0.861974 0.723958 0.861974 0.724609 0.861974 0.725260 0.861974 0.725911 0.861974 0.726562 0.861060 0.727214 0.861974 0.727865 0.861974 0.728516 0.862888 0.729167 0.861974 0.729818 0.862888 0.730469 0.862888 0.731120 0.861974 0.731771 0.861060 0.732422 0.860146 0.733073 0.859232 0.733724 0.859232 0.734375 0.859232 0.735026 0.858318 0.735677 0.857404 0.736328 0.857404 0.736328 0.856490 0.735677 0.855576 0.736328 0.854662 0.736328 0.853748 0.735677 0.852834 0.735677 0.851920 0.735026 0.851920 0.734375 0.851005 0.733724 0.850091 0.734375 0.849177 0.733724 0.848263 0.733724 0.847349 0.733073 0.846435 0.733073 0.845521 0.733724 0.844607 0.733073 0.843693 0.733724 0.842779 0.733724 0.841865 0.734375 0.840951 0.733724 0.840037 0.733724 0.839122 0.733724 0.838208 0.733724 0.837294 0.734375 0.836380 0.734375 0.835466 0.735026 0.834552 0.735026 0.833638 0.735677 0.832724 0.735677 0.831810 0.735677 0.830896 0.736328 0.829982 0.736979 0.829068 0.736328 0.828154 0.736979 0.827239 0.737630 0.826325 0.738281 0.825411 0.738932 0.825411 0.739583 0.824497 0.740234 0.824497 0.740885 0.824497 0.740885 0.823583 0.741536 0.822669 0.742188 0.821755 0.741536 0.820841 0.742188 0.819927 0.741536 0.819927 0.740885 0.819013 0.740234 0.818099 0.740885 0.817185 0.740234 0.818099 0.739583 0.817185 0.738932 0.816271 0.738932 0.815356 0.739583 0.814442 0.740234 0.813528 0.739583 0.812614 0.740234 0.811700 0.740234 0.810786 0.740885 0.809872 0.740234 0.808958 0.740234 0.808044 0.739583 0.807130 0.739583 0.806216 0.738932 0.805302 0.738932 0.804388 0.738281 0.805302 0.737630 0.805302 0.736979 0.805302 0.736328 0.804388 0.735677 0.805302 0.735026 0.804388
0 0.984375 0.802559 0.984375 0.803473 0.983724 0.804388 0.984375 0.805302 0.984375 0.806216 0.983724 0.807130 0.984375 0.807130 0.985026 0.808044 0.985677 0.808958 0.985677 0.809872 0.985677 0.810786 0.986328 0.811700 0.986979 0.812614 0.986979 0.813528 0.987630 0.814442 0.988281 0.815356 0.988932 0.816271 0.988932 0.817185 0.989583 0.816271 0.990234 0.817185 0.990885 0.818099 0.991536 0.817185 0.990885 0.816271 0.990234 0.815356 0.990885 0.814442 0.990234 0.813528 0.989583 0.812614 0.988932 0.811700 0.988932 0.810786 0.988281 0.809872 0.987630 0.808958 0.987630 0.808044 0.987630 0.807130 0.986979 0.806216 0.986979 0.805302 0.986979 0.804388 0.986328 0.804388 0.985677 0.803473 0.985026 0.802559
0 0.624349 0.802559 0.623698 0.803473 0.623047 0.804388 0.622396 0.805302 0.621745 0.806216 0.621094 0.807130 0.620443 0.808044 0.620443 0.808958 0.619792 0.809872 0.620443 0.810786 0.619792 0.811700 0.619792 0.812614 0.620443 0.813528 0.620443 0.814442 0.620443 0.815356 0.620443 0.816271 0.620443 0.817185 0.620443 0.818099 0.620443 0.819013 0.620443 0.819927 0.620443 0.820841 0.621094 0.821755 0.621094 0.822669 0.621745 0.823583 0.622396 0.824497 0.623047 0.825411 0.623698 0.826325 0.624349 0.827239 0.625000 0.828154 0.625000 0.829068 0.625000 0.829982 0.625000 0.830896 0.625000 0.831810 0.625651 0.831810 0.626302 0.831810 0.626953 0.831810 0.626953 0.830896 0.627604 0.829982 0.628255 0.829068 0.628906 0.828154 0.629557 0.828154 0.630208 0.828154 0.630859 0.827239 0.631510 0.827239 0.632161 0.826325 0.632812 0.826325 0.633464 0.826325 0.634115 0.826325 0.634766 0.825411 0.635417 0.824497 0.635417 0.823583 0.636068 0.822669 0.635417 0.821755 0.636068 0.820841 0.635417 0.819927 0.634766 0.819013 0.634766 0.818099 0.634115 0.818099 0.633464 0.817185 0.632812 0.817185 0.632161 0.816271 0.631510 0.815356 0.630859 0.814442 0.630859 0.813528 0.630208 0.812614 0.630859 0.811700 0.630859 0.810786 0.630208 0.809872 0.630859 0.808958 0.630208 0.808044 0.630208 0.807130 0.630208 0.806216 0.629557 0.805302 0.628906 0.804388 0.628255 0.803473 0.627604 0.803473 0.626953 0.804388 0.626302 0.803473 0.625651 0.803473 0.625000 0.803473
0 0.305339 0.802559 0.305339 0.803473 0.304688 0.804388 0.304036 0.805302 0.303385 0.805302 0.302734 0.806216 0.302734 0.807130 0.302083 0.808044 0.302083 0.808958 0.301432 0.809872 0.301432 0.810786 0.300781 0.811700 0.300781 0.812614 0.301432 0.813528 0.302083 0.814442 0.302734 0.815356 0.303385 0.816271 0.304036 0.816271 0.304688 0.817185 0.305339 0.818099 0.305339 0.819013 0.305339 0.819927 0.305339 0.820841 0.305990 0.821755 0.305990 0.822669 0.305990 0.823583 0.306641 0.824497 0.305990 0.825411 0.305990 0.826325 0.305990 0.827239 0.306641 0.828154 0.306641 0.829068 0.306641 0.829982 0.307292 0.830896 0.307943 0.830896 0.308594 0.830896 0.309245 0.831810 0.309896 0.832724 0.309896 0.833638 0.310547 0.834552 0.311198 0.835466 0.311849 0.836380 0.312500 0.837294 0.312500 0.838208 0.312500 0.839122 0.312500 0.840037 0.312500 0.840951 0.312500 0.841865 0.313151 0.842779 0.313151 0.843693 0.313802 0.844607 0.313151 0.845521 0.312500 0.846435 0.311849 0.847349 0.311198 0.847349 0.311198 0.848263 0.311849 0.849177 0.311198 0.850091 0.311198 0.851005 0.311849 0.851920 0.311849 0.852834 0.312500 0.853748 0.312500 0.854662 0.312500 0.855576 0.312500 0.856490 0.312500 0.857404 0.311849 0.858318 0.311198 0.859232 0.310547 0.860146 0.309896 0.861060 0.309245 0.861974 0.309245 0.862888 0.309896 0.863803 0.309245 0.864717 0.309896 0.865631 0.310547 0.865631 0.311198 0.865631 0.311849 0.866545 0.312500 0.865631 0.313151 0.865631 0.313802 0.864717 0.314453 0.864717 0.315104 0.863803 0.315755 0.863803 0.316406 0.863803 0.317057 0.862888 0.317708 0.861974 0.318359 0.861060 0.319010 0.860146 0.319661 0.860146 0.320312 0.860146 0.320964 0.861060 0.321615 0.861974 0.322266 0.861974 0.322917 0.861974 0.323568 0.862888 0.324219 0.861974 0.324870 0.861974 0.325521 0.861974 0.326172 0.861974 0.326823 0.861060 0.327474 0.861060 0.328125 0.861974 0.328776 0.861060 0.329427 0.861974 0.330078 0.861974 0.330729 0.861060 0.331380 0.861060 0.332031 0.860146 0.332682 0.859232 0.332682 0.858318 0.333333 0.857404 0.332682 0.856490 0.332031 0.855576 0.332031 0.854662 0.331380 0.853748 0.330729 0.853748 0.330078 0.854662 0.329427 0.853748 0.328776 0.852834 0.328125 0.851920 0.327474 0.851005 0.326823 0.850091 0.327474 0.849177 0.328125 0.848263 0.328776 0.848263 0.329427 0.848263 0.330078 0.848263 0.330729 0.848263 0.331380 0.847349 0.332031 0.846435 0.332682 0.846435 0.333333 0.845521 0.333333 0.844607 0.333984 0.843693 0.333333 0.842779 0.332682 0.841865 0.332682 0.840951 0.332682 0.840037 0.333333 0.839122 0.333333 0.838208 0.333984 0.837294 0.334635 0.836380 0.335286 0.837294 0.334635 0.836380 0.334635 0.835466 0.335286 0.834552 0.334635 0.833638 0.335286 0.832724 0.335938 0.831810 0.336589 0.830896 0.337240 0.829982 0.337240 0.829068 0.337891 0.828154 0.338542 0.827239 0.338542 0.826325 0.338542 0.825411 0.337891 0.824497 0.337240 0.824497 0.336589 0.823583 0.335938 0.823583 0.335286 0.823583 0.334635 0.824497 0.333984 0.825411 0.333333 0.826325 0.333333 0.827239 0.332682 0.828154 0.332031 0.829068 0.332031 0.829982 0.331380 0.830896 0.330729 0.831810 0.330729 0.832724 0.330729 0.833638 0.331380 0.834552 0.330729 0.835466 0.330729 0.836380 0.331380 0.837294 0.330729 0.838208 0.330078 0.839122 0.329427 0.840037 0.328776 0.840951 0.328776 0.841865 0.328776 0.842779 0.328776 0.843693 0.329427 0.844607 0.328776 0.845521 0.328125 0.846435 0.328776 0.847349 0.328125 0.848263 0.327474 0.849177 0.326823 0.850091 0.326172 0.849177 0.325521 0.849177 0.324870 0.850091 0.324219 0.849177 0.323568 0.850091 0.322917 0.851005 0.322266 0.851920 0.321615 0.851920 0.320964 0.852834 0.320312 0.851920 0.319661 0.851005 0.319661 0.850091 0.319010 0.849177 0.318359 0.848263 0.318359 0.847349 0.317708 0.847349 0.317057 0.847349 0.316406 0.846435 0.315755 0.845521 0.315104 0.844607 0.315755 0.843693 0.316406 0.842779 0.316406 0.841865 0.317057 0.840951 0.317708 0.840037 0.317708 0.839122 0.317057 0.838208 0.316406 0.839122 0.315755 0.839122 0.315104 0.838208 0.314453 0.838208 0.313802 0.837294 0.313151 0.836380 0.313151 0.835466 0.313151 0.834552 0.313802 0.833638 0.313151 0.832724 0.313151 0.831810 0.313802 0.830896 0.313151 0.830896 0.312500 0.829982 0.311849 0.829068 0.311849 0.828154 0.311198 0.827239 0.311849 0.826325 0.311198 0.825411 0.310547 0.824497 0.311198 0.823583 0.310547 0.822669 0.309896 0.821755 0.309896 0.820841 0.309896 0.819927 0.309896 0.819013 0.309245 0.818099 0.308594 0.817185 0.308594 0.816271 0.307943 0.815356 0.308594 0.814442 0.308594 0.813528 0.308594 0.812614 0.308594 0.811700 0.309245 0.810786 0.308594 0.809872 0.308594 0.808958 0.307943 0.808044 0.307292 0.807130 0.307292 0.806216 0.306641 0.805302 0.305990 0.804388 0.305339 0.803473
0 0.967448 0.800731 0.968099 0.801645 0.967448 0.802559 0.966797 0.803473 0.966146 0.803473 0.966146 0.804388 0.965495 0.805302 0.965495 0.806216 0.964844 0.807130 0.965495 0.808044 0.965495 0.808958 0.966146 0.808958 0.966797 0.809872 0.967448 0.810786 0.967448 0.811700 0.968099 0.812614 0.968750 0.813528 0.969401 0.812614 0.970052 0.812614 0.970703 0.813528 0.971354 0.814442 0.970703 0.815356 0.971354 0.816271 0.970703 0.817185 0.971354 0.817185 0.972005 0.818099 0.972656 0.818099 0.973307 0.818099 0.973958 0.819013 0.974609 0.819927 0.975260 0.819013 0.975911 0.819927 0.976562 0.819927 0.977214 0.819927 0.977865 0.820841 0.978516 0.820841 0.979167 0.820841 0.979818 0.821755 0.980469 0.822669 0.980469 0.823583 0.981120 0.824497 0.981771 0.825411 0.981120 0.826325 0.981120 0.827239 0.981120 0.828154 0.981771 0.829068 0.982422 0.829982 0.983073 0.830896 0.983073 0.831810 0.983724 0.832724 0.983724 0.833638 0.984375 0.832724 0.985026 0.832724 0.985677 0.833638 0.986328 0.833638 0.986979 0.833638 0.987630 0.834552 0.988281 0.835466 0.988932 0.836380 0.988281 0.837294 0.988932 0.838208 0.988932 0.839122 0.989583 0.839122 0.990234 0.840037 0.990885 0.840951 0.991536 0.841865 0.992188 0.840951 0.992839 0.841865 0.993490 0.840951 0.993490 0.840037 0.992839 0.839122 0.992839 0.838208 0.993490 0.837294 0.993490 0.836380 0.992839 0.836380 0.992188 0.835466 0.991536 0.834552 0.990885 0.833638 0.990234 0.832724 0.989583 0.831810 0.988932 0.831810 0.988281 0.831810 0.987630 0.830896 0.986979 0.830896 0.986328 0.829982 0.985677 0.829068 0.985677 0.828154 0.985026 0.827239 0.984375 0.826325 0.985026 0.825411 0.984375 0.825411 0.983724 0.824497 0.983073 0.823583 0.982422 0.822669 0.982422 0.821755 0.981771 0.820841 0.981771 0.819927 0.982422 0.819013 0.981771 0.819013 0.981120 0.818099 0.980469 0.817185 0.979818 0.817185 0.979167 0.816271 0.978516 0.816271 0.977865 0.815356 0.977214 0.814442 0.977865 0.815356 0.977214 0.816271 0.976562 0.817185 0.975911 0.816271 0.975260 0.815356 0.975260 0.814442 0.974609 0.814442 0.973958 0.814442 0.973307 0.813528 0.972656 0.812614 0.973307 0.811700 0.972656 0.810786 0.972656 0.809872 0.972656 0.808958 0.973307 0.808044 0.973307 0.807130 0.972656 0.806216 0.972656 0.805302 0.972005 0.804388 0.972005 0.803473 0.971354 0.802559 0.970703 0.801645 0.970052 0.800731 0.969401 0.800731 0.968750 0.800731 0.968099 0.801645
0 0.066406 0.797989 0.065755 0.798903 0.065104 0.799817 0.064453 0.799817 0.063802 0.800731 0.063151 0.799817 0.063802 0.800731 0.063802 0.801645 0.063151 0.802559 0.063151 0.803473 0.063802 0.804388 0.063151 0.805302 0.063802 0.806216 0.064453 0.807130 0.064453 0.808044 0.065104 0.808958 0.065755 0.809872 0.066406 0.810786 0.067057 0.811700 0.067057 0.812614 0.067708 0.813528 0.067057 0.814442 0.066406 0.815356 0.066406 0.816271 0.065755 0.817185 0.065104 0.818099 0.064453 0.818099 0.063802 0.818099 0.063151 0.817185 0.062500 0.818099 0.061849 0.818099 0.061849 0.819013 0.061849 0.819927 0.061849 0.820841 0.061849 0.821755 0.061849 0.822669 0.061198 0.823583 0.060547 0.824497 0.059896 0.825411 0.059245 0.825411 0.059245 0.826325 0.058594 0.827239 0.059245 0.828154 0.059896 0.829068 0.059896 0.829982 0.059896 0.830896 0.060547 0.831810 0.059896 0.832724 0.060547 0.832724 0.061198 0.833638 0.061849 0.834552 0.062500 0.833638 0.063151 0.833638 0.063151 0.832724 0.063802 0.831810 0.064453 0.830896 0.065104 0.829982 0.065755 0.829068 0.066406 0.829982 0.067057 0.829982 0.067708 0.829982 0.068359 0.829068 0.068359 0.828154 0.068359 0.827239 0.068359 0.826325 0.068359 0.825411 0.069010 0.824497 0.069010 0.823583 0.069661 0.822669 0.069661 0.821755 0.069010 0.820841 0.069661 0.819927 0.070312 0.819013 0.070964 0.818099 0.070312 0.817185 0.070964 0.816271 0.070964 0.815356 0.071615 0.814442 0.070964 0.813528 0.070964 0.812614 0.070312 0.811700 0.070964 0.810786 0.070312 0.809872 0.070312 0.808958 0.069661 0.808044 0.069661 0.807130 0.070312 0.806216 0.069661 0.805302 0.069661 0.804388 0.069661 0.803473 0.069010 0.802559 0.069010 0.801645 0.068359 0.800731 0.067708 0.799817 0.067708 0.798903 0.067057 0.798903
0 0.909505 0.789762 0.908854 0.790676 0.908203 0.790676 0.907552 0.790676 0.906901 0.790676 0.906901 0.791590 0.906250 0.792505 0.905599 0.793419 0.905599 0.794333 0.906250 0.795247 0.905599 0.796161 0.904948 0.797075 0.904297 0.797075 0.904297 0.797989 0.903646 0.798903 0.902995 0.799817 0.902344 0.800731 0.902995 0.801645 0.902995 0.802559 0.903646 0.802559 0.904297 0.802559 0.904948 0.801645 0.905599 0.802559 0.905599 0.801645 0.904948 0.800731 0.905599 0.799817 0.906250 0.798903 0.906901 0.797989 0.907552 0.797075 0.908203 0.797989 0.908854 0.797075 0.909505 0.797075 0.910156 0.797075 0.910807 0.797075 0.910156 0.796161 0.910807 0.795247 0.910807 0.794333 0.910807 0.793419 0.910156 0.792505 0.910156 0.791590 0.909505 0.790676
0 0.688151 0.789762 0.687500 0.790676 0.686849 0.791590 0.686198 0.792505 0.685547 0.792505 0.684896 0.793419 0.684896 0.794333 0.684245 0.795247 0.684896 0.796161 0.684896 0.797075 0.684245 0.797989 0.684896 0.798903 0.684245 0.799817 0.684896 0.800731 0.684896 0.801645 0.685547 0.802559 0.685547 0.803473 0.686198 0.803473 0.686849 0.804388 0.687500 0.805302 0.688151 0.806216 0.688802 0.806216 0.689453 0.807130 0.690104 0.808044 0.690755 0.808958 0.690755 0.809872 0.691406 0.810786 0.690755 0.811700 0.690104 0.812614 0.689453 0.813528 0.688802 0.813528 0.688151 0.813528 0.687500 0.812614 0.686849 0.811700 0.686198 0.810786 0.685547 0.810786 0.684896 0.810786 0.684245 0.810786 0.683594 0.811700 0.682943 0.811700 0.682292 0.812614 0.681641 0.812614 0.680990 0.812614 0.680339 0.812614 0.679688 0.812614 0.679036 0.812614 0.678385 0.812614 0.677734 0.812614 0.677083 0.811700 0.676432 0.810786 0.675781 0.810786 0.675130 0.809872 0.674479 0.809872 0.673828 0.809872 0.673177 0.808958 0.673828 0.809872 0.673177 0.810786 0.673177 0.811700 0.672526 0.812614 0.672526 0.813528 0.672526 0.814442 0.672526 0.815356 0.671875 0.816271 0.671875 0.817185 0.671224 0.818099 0.671875 0.819013 0.671875 0.819927 0.671875 0.820841 0.671224 0.821755 0.670573 0.822669 0.669922 0.821755 0.669271 0.820841 0.668620 0.819927 0.667969 0.819013 0.667969 0.818099 0.667318 0.817185 0.667318 0.816271 0.667318 0.815356 0.667318 0.814442 0.666667 0.813528 0.666667 0.812614 0.666667 0.811700 0.666016 0.810786 0.666016 0.809872 0.666016 0.808958 0.665365 0.808044 0.666016 0.807130 0.666016 0.806216 0.666016 0.805302 0.666667 0.804388 0.666016 0.803473 0.666016 0.802559 0.665365 0.801645 0.664714 0.800731 0.664062 0.799817 0.663411 0.798903 0.663411 0.797989 0.662760 0.797075 0.662109 0.797989 0.661458 0.797989 0.660807 0.797989 0.660156 0.797075 0.659505 0.797075 0.658854 0.797075 0.658203 0.797989 0.657552 0.798903 0.656901 0.798903 0.656250 0.799817 0.655599 0.800731 0.656250 0.801645 0.655599 0.802559 0.655599 0.803473 0.655599 0.804388 0.654948 0.805302 0.654948 0.806216 0.655599 0.807130 0.655599 0.808044 0.655599 0.808958 0.656250 0.809872 0.656250 0.810786 0.656901 0.811700 0.657552 0.811700 0.658203 0.812614 0.658854 0.812614 0.659505 0.813528 0.660156 0.813528 0.660807 0.813528 0.661458 0.814442 0.662109 0.813528 0.662760 0.814442 0.663411 0.814442 0.664062 0.814442 0.664714 0.815356 0.665365 0.816271 0.666016 0.817185 0.665365 0.818099 0.666016 0.819013 0.666667 0.819927 0.666016 0.820841 0.666016 0.821755 0.666667 0.822669 0.666016 0.823583 0.665365 0.824497 0.666016 0.825411 0.666016 0.826325 0.666667 0.826325 0.667318 0.827239 0.667969 0.827239 0.668620 0.828154 0.669271 0.829068 0.669922 0.829982 0.670573 0.829982 0.671224 0.830896 0.671875 0.831810 0.671875 0.832724 0.671875 0.833638 0.672526 0.834552 0.672526 0.835466 0.673177 0.836380 0.672526 0.837294 0.673177 0.838208 0.673828 0.839122 0.673177 0.840037 0.673177 0.840951 0.672526 0.841865 0.671875 0.842779 0.671224 0.843693 0.671875 0.844607 0.672526 0.845521 0.672526 0.846435 0.673177 0.847349 0.673177 0.848263 0.673177 0.849177 0.672526 0.850091 0.671875 0.851005 0.671224 0.851920 0.670573 0.851920 0.671224 0.852834 0.671224 0.853748 0.671224 0.854662 0.671875 0.855576 0.671875 0.856490 0.672526 0.857404 0.672526 0.858318 0.672526 0.859232 0.672526 0.860146 0.673177 0.861060 0.673177 0.861974 0.672526 0.862888 0.673177 0.863803 0.673177 0.864717 0.673177 0.865631 0.672526 0.866545 0.673177 0.867459 0.673828 0.868373 0.673177 0.869287 0.673177 0.870201 0.673177 0.871115 0.673177 0.872029 0.673177 0.872943 0.673828 0.873857 0.673828 0.874771 0.674479 0.875686 0.675130 0.876600 0.675130 0.877514 0.675781 0.878428 0.675781 0.879342 0.675781 0.880256 0.676432 0.881170 0.676432 0.882084 0.677083 0.882998 0.677734 0.882998 0.678385 0.882998 0.677734 0.882084 0.678385 0.881170 0.679036 0.880256 0.679036 0.879342 0.679036 0.878428 0.678385 0.878428 0.677734 0.877514 0.677083 0.876600 0.677734 0.875686 0.677083 0.874771 0.677734 0.873857 0.678385 0.872943 0.679036 0.872943 0.678385 0.872029 0.678385 0.871115 0.677734 0.870201 0.677734 0.869287 0.677083 0.869287 0.676432 0.868373 0.675781 0.867459 0.675130 0.866545 0.675130 0.865631 0.674479 0.864717 0.673828 0.863803 0.673177 0.863803 0.672526 0.862888 0.673177 0.861974 0.673828 0.861974 0.674479 0.861060 0.673828 0.860146 0.673828 0.859232 0.674479 0.858318 0.674479 0.857404 0.674479 0.856490 0.675130 0.855576 0.674479 0.854662 0.675130 0.853748 0.675781 0.852834 0.676432 0.853748 0.675781 0.852834 0.676432 0.851920 0.677083 0.851005 0.677734 0.851920 0.678385 0.851005 0.679036 0.850091 0.679688 0.849177 0.679688 0.848263 0.679036 0.847349 0.678385 0.847349 0.677734 0.847349 0.677083 0.847349 0.676432 0.846435 0.675781 0.845521 0.675781 0.844607 0.675130 0.843693 0.675781 0.842779 0.675781 0.841865 0.676432 0.840951 0.676432 0.840037 0.676432 0.839122 0.675781 0.838208 0.675781 0.837294 0.675781 0.836380 0.675781 0.835466 0.675130 0.834552 0.675130 0.833638 0.675130 0.832724 0.675781 0.831810 0.676432 0.830896 0.677083 0.829982 0.677734 0.829982 0.678385 0.829068 0.679036 0.829068 0.679688 0.829068 0.680339 0.829068 0.680339 0.828154 0.680990 0.827239 0.681641 0.826325 0.682292 0.826325 0.682943 0.827239 0.683594 0.826325 0.684245 0.826325 0.684896 0.825411 0.685547 0.824497 0.686198 0.823583 0.686849 0.823583 0.687500 0.822669 0.688151 0.821755 0.688802 0.821755 0.689453 0.820841 0.690104 0.819927 0.690755 0.820841 0.691406 0.819927 0.692057 0.819013 0.692708 0.819927 0.692057 0.819013 0.692057 0.818099 0.692708 0.817185 0.693359 0.816271 0.694010 0.815356 0.694661 0.816271 0.695312 0.815356 0.695964 0.816271 0.696615 0.815356 0.697266 0.815356 0.697266 0.814442 0.697917 0.813528 0.697917 0.812614 0.697917 0.811700 0.698568 0.810786 0.699219 0.809872 0.699870 0.808958 0.699219 0.808044 0.699870 0.807130 0.700521 0.806216 0.699870 0.805302 0.700521 0.804388 0.701172 0.803473 0.700521 0.802559 0.701172 0.801645 0.701823 0.800731 0.701172 0.799817 0.701172 0.798903 0.701172 0.797989 0.701172 0.797075 0.700521 0.796161 0.699870 0.795247 0.699219 0.794333 0.698568 0.795247 0.697917 0.795247 0.697266 0.794333 0.696615 0.793419 0.695964 0.794333 0.695312 0.795247 0.694661 0.795247 0.694010 0.795247 0.693359 0.794333 0.692708 0.793419 0.692708 0.792505 0.692708 0.791590 0.692057 0.790676 0.691406 0.790676 0.690755 0.790676 0.690104 0.790676 0.689453 0.790676 0.688802 0.789762
0 0.257161 0.789762 0.257161 0.790676 0.256510 0.791590 0.255859 0.792505 0.255208 0.792505 0.254557 0.792505 0.254557 0.793419 0.254557 0.794333 0.254557 0.795247 0.254557 0.796161 0.254557 0.797075 0.253906 0.797989 0.254557 0.798903 0.254557 0.799817 0.254557 0.800731 0.253906 0.801645 0.253906 0.802559 0.253255 0.803473 0.252604 0.804388 0.251953 0.803473 0.251302 0.802559 0.251302 0.801645 0.251302 0.800731 0.250651 0.799817 0.251302 0.798903 0.250651 0.797989 0.250000 0.798903 0.249349 0.798903 0.248698 0.799817 0.248047 0.798903 0.248698 0.799817 0.248047 0.800731 0.248698 0.801645 0.249349 0.802559 0.249349 0.803473 0.248698 0.804388 0.248047 0.805302 0.247396 0.806216 0.246745 0.807130 0.246745 0.808044 0.246745 0.808958 0.247396 0.809872 0.248047 0.810786 0.248047 0.811700 0.248698 0.812614 0.249349 0.812614 0.250000 0.813528 0.250651 0.814442 0.250000 0.815356 0.249349 0.816271 0.248698 0.815356 0.248047 0.816271 0.247396 0.816271 0.246745 0.815356 0.246094 0.815356 0.245443 0.816271 0.246094 0.817185 0.246745 0.818099 0.247396 0.818099 0.248047 0.819013 0.248698 0.819927 0.248698 0.820841 0.248698 0.821755 0.249349 0.822669 0.249349 0.823583 0.249349 0.824497 0.248698 0.825411 0.248047 0.826325 0.247396 0.827239 0.246745 0.827239 0.246745 0.828154 0.246745 0.829068 0.246745 0.829982 0.247396 0.830896 0.248047 0.831810 0.247396 0.832724 0.248047 0.833638 0.248698 0.834552 0.248698 0.835466 0.248047 0.836380 0.248698 0.837294 0.248698 0.838208 0.248698 0.839122 0.249349 0.840037 0.248698 0.840951 0.249349 0.841865 0.249349 0.842779 0.248698 0.843693 0.248698 0.844607 0.248047 0.845521 0.247396 0.846435 0.246745 0.847349 0.246094 0.848263 0.245443 0.847349 0.244792 0.848263 0.244141 0.848263 0.244141 0.849177 0.244141 0.850091 0.244141 0.851005 0.243490 0.851920 0.242839 0.852834 0.242188 0.852834 0.241536 0.852834 0.240885 0.853748 0.240234 0.854662 0.239583 0.853748 0.238932 0.854662 0.238281 0.855576 0.238932 0.856490 0.238932 0.857404 0.238932 0.858318 0.239583 0.859232 0.240234 0.860146 0.239583 0.861060 0.240234 0.861974 0.239583 0.862888 0.239583 0.863803 0.239583 0.864717 0.239583 0.865631 0.240234 0.864717 0.240885 0.865631 0.241536 0.866545 0.242188 0.866545 0.241536 0.865631 0.242188 0.864717 0.242839 0.863803 0.242839 0.862888 0.243490 0.861974 0.244141 0.861060 0.244792 0.861060 0.245443 0.861060 0.246094 0.860146 0.246745 0.860146 0.247396 0.861060 0.248047 0.861060 0.248698 0.860146 0.249349 0.861060 0.250000 0.861974 0.249349 0.862888 0.250000 0.863803 0.250000 0.864717 0.249349 0.865631 0.250000 0.866545 0.250000 0.867459 0.250651 0.868373 0.250000 0.869287 0.250651 0.869287 0.251302 0.870201 0.251953 0.869287 0.252604 0.868373 0.253255 0.869287 0.253906 0.868373 0.253906 0.867459 0.254557 0.866545 0.253906 0.865631 0.254557 0.864717 0.255208 0.863803 0.255859 0.863803 0.255859 0.862888 0.255859 0.861974 0.256510 0.861060 0.255859 0.860146 0.256510 0.859232 0.256510 0.858318 0.255859 0.857404 0.255208 0.856490 0.255208 0.855576 0.254557 0.854662 0.254557 0.853748 0.254557 0.852834 0.255208 0.851920 0.254557 0.851005 0.255208 0.850091 0.254557 0.850091 0.253906 0.849177 0.253255 0.848263 0.252604 0.847349 0.253255 0.846435 0.253255 0.845521 0.253906 0.844607 0.253255 0.843693 0.252604 0.842779 0.252604 0.841865 0.253255 0.840951 0.252604 0.840037 0.251953 0.839122 0.251953 0.838208 0.251953 0.837294 0.251302 0.836380 0.251302 0.835466 0.251953 0.834552 0.251953 0.833638 0.251953 0.832724 0.252604 0.831810 0.252604 0.830896 0.252604 0.829982 0.253255 0.829068 0.252604 0.828154 0.253255 0.827239 0.253906 0.826325 0.254557 0.825411 0.255208 0.826325 0.255859 0.825411 0.256510 0.825411 0.257161 0.824497 0.257812 0.823583 0.257161 0.822669 0.257812 0.821755 0.257812 0.820841 0.257161 0.819927 0.256510 0.819013 0.257161 0.818099 0.257161 0.817185 0.257161 0.816271 0.257812 0.815356 0.257812 0.814442 0.257161 0.813528 0.256510 0.812614 0.255859 0.813528 0.255208 0.814442 0.254557 0.813528 0.253906 0.812614 0.253906 0.811700 0.253906 0.810786 0.254557 0.809872 0.255208 0.808958 0.254557 0.808044 0.255208 0.807130 0.255208 0.806216 0.255859 0.805302 0.256510 0.804388 0.257161 0.803473 0.257812 0.803473 0.258464 0.803473 0.259115 0.803473 0.259766 0.804388 0.260417 0.803473 0.260417 0.802559 0.260417 0.801645 0.260417 0.800731 0.260417 0.799817 0.260417 0.798903 0.261068 0.797989 0.261068 0.797075 0.261068 0.796161 0.261068 0.795247 0.260417 0.794333 0.259766 0.793419 0.259766 0.792505 0.259115 0.792505 0.258464 0.791590 0.257812 0.790676
0 0.373047 0.787020 0.372396 0.787934 0.371745 0.787934 0.371094 0.787934 0.370443 0.787934 0.369792 0.788848 0.369141 0.788848 0.368490 0.788848 0.367839 0.788848 0.367188 0.788848 0.366536 0.788848 0.365885 0.788848 0.365234 0.788848 0.365234 0.789762 0.365234 0.790676 0.365234 0.791590 0.364583 0.792505 0.365234 0.793419 0.365234 0.794333 0.365885 0.795247 0.365885 0.796161 0.366536 0.796161 0.367188 0.797075 0.367839 0.797989 0.367839 0.798903 0.367188 0.799817 0.366536 0.800731 0.366536 0.801645 0.365885 0.802559 0.365234 0.803473 0.365885 0.804388 0.366536 0.805302 0.366536 0.806216 0.367188 0.807130 0.367839 0.808044 0.367188 0.808958 0.366536 0.809872 0.365885 0.810786 0.365885 0.811700 0.366536 0.812614 0.366536 0.813528 0.367188 0.813528 0.367839 0.814442 0.368490 0.815356 0.368490 0.816271 0.368490 0.817185 0.368490 0.818099 0.368490 0.819013 0.367839 0.819927 0.368490 0.820841 0.368490 0.821755 0.369141 0.822669 0.368490 0.823583 0.369141 0.822669 0.369792 0.823583 0.370443 0.824497 0.369792 0.825411 0.370443 0.826325 0.370443 0.827239 0.369792 0.828154 0.369141 0.829068 0.368490 0.828154 0.367839 0.828154 0.367188 0.827239 0.366536 0.827239 0.365885 0.826325 0.365234 0.827239 0.365234 0.828154 0.365885 0.829068 0.366536 0.829982 0.366536 0.830896 0.367188 0.830896 0.367839 0.830896 0.368490 0.831810 0.369141 0.832724 0.369141 0.833638 0.369141 0.834552 0.369141 0.835466 0.369141 0.836380 0.369141 0.837294 0.369141 0.838208 0.369792 0.839122 0.370443 0.840037 0.370443 0.840951 0.369792 0.841865 0.370443 0.842779 0.370443 0.843693 0.371094 0.843693 0.371745 0.843693 0.371745 0.842779 0.372396 0.841865 0.371745 0.840951 0.372396 0.840037 0.371745 0.839122 0.372396 0.838208 0.372396 0.837294 0.372396 0.836380 0.373047 0.835466 0.373047 0.834552 0.373047 0.833638 0.373698 0.832724 0.374349 0.831810 0.375000 0.830896 0.375651 0.830896 0.376302 0.831810 0.375651 0.830896 0.376302 0.829982 0.376953 0.829068 0.377604 0.829068 0.376953 0.828154 0.376953 0.827239 0.377604 0.826325 0.378255 0.825411 0.378255 0.824497 0.378906 0.823583 0.378906 0.822669 0.378906 0.821755 0.378255 0.820841 0.378255 0.819927 0.377604 0.820841 0.376953 0.819927 0.376302 0.819013 0.376302 0.819927 0.375651 0.820841 0.375651 0.821755 0.375651 0.822669 0.375000 0.823583 0.374349 0.824497 0.373698 0.823583 0.373047 0.823583 0.372396 0.822669 0.371745 0.821755 0.371745 0.820841 0.372396 0.819927 0.372396 0.819013 0.372396 0.818099 0.372396 0.817185 0.373047 0.816271 0.373698 0.815356 0.374349 0.814442 0.375000 0.814442 0.375651 0.814442 0.376302 0.813528 0.376953 0.812614 0.377604 0.811700 0.376953 0.810786 0.376953 0.809872 0.376302 0.810786 0.375651 0.810786 0.375000 0.810786 0.374349 0.811700 0.373698 0.811700 0.373047 0.812614 0.372396 0.813528 0.371745 0.812614 0.371094 0.811700 0.370443 0.810786 0.370443 0.809872 0.371094 0.808958 0.371094 0.808044 0.371094 0.807130 0.371745 0.806216 0.372396 0.805302 0.372396 0.804388 0.371745 0.803473 0.371094 0.802559 0.371745 0.801645 0.372396 0.800731 0.373047 0.799817 0.372396 0.798903 0.372396 0.797989 0.373047 0.797075 0.373698 0.796161 0.374349 0.795247 0.374349 0.794333 0.375000 0.793419 0.374349 0.792505 0.374349 0.791590 0.373698 0.790676 0.373698 0.789762 0.374349 0.788848 0.373698 0.789762 0.373047 0.788848 0.372396 0.787934
0 0.000651 0.787020 0.000651 0.787934 0.000651 0.788848 0.000651 0.789762 0.000651 0.790676 0.000651 0.791590 0.000651 0.792505 0.000651 0.793419 0.000651 0.794333 0.000651 0.795247 0.000651 0.796161 0.000651 0.797075 0.000651 0.797989 0.000651 0.798903 0.000651 0.799817 0.000651 0.800731 0.001302 0.800731 0.001953 0.801645 0.002604 0.802559 0.003255 0.803473 0.003255 0.804388 0.003906 0.805302 0.003906 0.806216 0.003906 0.807130 0.004557 0.807130 0.005208 0.808044 0.005859 0.808958 0.005859 0.809872 0.006510 0.810786 0.006510 0.811700 0.007161 0.811700 0.007812 0.811700 0.008464 0.812614 0.009115 0.812614 0.009766 0.813528 0.010417 0.814442 0.011068 0.814442 0.011719 0.815356 0.012370 0.815356 0.013021 0.814442 0.013672 0.813528 0.013672 0.812614 0.014323 0.811700 0.014974 0.810786 0.014323 0.809872 0.014974 0.808958 0.014323 0.808044 0.014974 0.807130 0.014974 0.806216 0.014323 0.805302 0.013672 0.805302 0.013672 0.806216 0.013021 0.807130 0.012370 0.808044 0.013021 0.808958 0.012370 0.809872 0.011719 0.810786 0.011068 0.809872 0.010417 0.808958 0.009766 0.808044 0.009115 0.807130 0.009115 0.806216 0.008464 0.805302 0.008464 0.804388 0.007812 0.803473 0.007161 0.802559 0.007161 0.801645 0.006510 0.801645 0.005859 0.800731 0.005208 0.799817 0.005208 0.798903 0.005208 0.797989 0.005208 0.797075 0.005208 0.796161 0.005208 0.795247 0.005208 0.794333 0.005208 0.793419 0.005208 0.792505 0.004557 0.792505 0.003906 0.791590 0.003255 0.790676 0.002604 0.789762 0.001953 0.788848 0.001302 0.787934 0.001302 0.787020
0 0.397135 0.785192 0.397135 0.786106 0.396484 0.787020 0.395833 0.787934 0.395833 0.788848 0.395833 0.789762 0.395833 0.790676 0.395833 0.791590 0.395833 0.792505 0.395833 0.793419 0.396484 0.794333 0.397135 0.795247 0.396484 0.796161 0.397135 0.797075 0.397135 0.797989 0.396484 0.798903 0.396484 0.799817 0.396484 0.800731 0.395833 0.801645 0.396484 0.801645 0.397135 0.802559 0.397786 0.803473 0.398438 0.804388 0.399089 0.803473 0.399740 0.803473 0.400391 0.804388 0.401042 0.805302 0.401693 0.806216 0.402344 0.807130 0.402995 0.808044 0.402995 0.808958 0.402344 0.809872 0.402344 0.810786 0.401693 0.811700 0.401693 0.812614 0.401042 0.813528 0.401042 0.814442 0.400391 0.815356 0.400391 0.816271 0.400391 0.817185 0.399740 0.818099 0.400391 0.819013 0.400391 0.819927 0.400391 0.820841 0.400391 0.821755 0.400391 0.822669 0.400391 0.823583 0.400391 0.824497 0.399740 0.825411 0.399740 0.826325 0.399740 0.827239 0.399089 0.828154 0.398438 0.829068 0.397786 0.828154 0.397135 0.827239 0.396484 0.826325 0.396484 0.825411 0.396484 0.824497 0.395833 0.823583 0.395833 0.822669 0.395182 0.821755 0.395182 0.820841 0.395182 0.819927 0.394531 0.819013 0.394531 0.818099 0.393880 0.817185 0.393229 0.816271 0.392578 0.815356 0.392578 0.814442 0.391927 0.815356 0.391276 0.816271 0.390625 0.817185 0.390625 0.818099 0.390625 0.819013 0.389974 0.819927 0.390625 0.820841 0.391276 0.821755 0.391276 0.822669 0.391276 0.823583 0.391276 0.824497 0.391927 0.825411 0.391927 0.826325 0.392578 0.827239 0.393229 0.826325 0.393880 0.827239 0.394531 0.828154 0.394531 0.829068 0.395182 0.829982 0.395182 0.830896 0.394531 0.831810 0.394531 0.832724 0.395182 0.833638 0.395182 0.834552 0.395182 0.835466 0.395833 0.835466 0.396484 0.836380 0.397135 0.837294 0.397135 0.838208 0.397786 0.839122 0.397135 0.840037 0.397135 0.840951 0.397786 0.841865 0.397786 0.842779 0.397786 0.843693 0.397786 0.844607 0.398438 0.845521 0.398438 0.846435 0.399089 0.847349 0.399740 0.848263 0.400391 0.849177 0.399740 0.850091 0.400391 0.851005 0.400391 0.851920 0.400391 0.852834 0.401042 0.853748 0.400391 0.854662 0.401042 0.855576 0.401042 0.856490 0.401693 0.857404 0.401693 0.858318 0.401042 0.859232 0.400391 0.860146 0.399740 0.861060 0.399089 0.861974 0.398438 0.862888 0.397786 0.861974 0.397135 0.861060 0.396484 0.860146 0.395833 0.859232 0.395182 0.859232 0.394531 0.859232 0.393880 0.859232 0.393229 0.858318 0.392578 0.857404 0.391927 0.856490 0.391927 0.855576 0.391276 0.855576 0.390625 0.855576 0.389974 0.855576 0.389323 0.855576 0.388672 0.856490 0.388021 0.856490 0.387370 0.856490 0.386719 0.856490 0.386068 0.856490 0.385417 0.856490 0.384766 0.856490 0.384115 0.855576 0.383464 0.856490 0.382812 0.857404 0.382161 0.857404 0.381510 0.858318 0.380859 0.859232 0.380859 0.860146 0.380859 0.861060 0.380859 0.861974 0.381510 0.861974 0.382161 0.861974 0.382812 0.862888 0.383464 0.862888 0.384115 0.863803 0.384766 0.863803 0.385417 0.863803 0.386068 0.864717 0.386719 0.864717 0.387370 0.864717 0.388021 0.864717 0.388672 0.864717 0.389323 0.865631 0.389974 0.865631 0.390625 0.865631 0.391276 0.864717 0.391927 0.865631 0.392578 0.865631 0.393229 0.866545 0.393880 0.867459 0.393880 0.868373 0.393880 0.869287 0.394531 0.870201 0.394531 0.871115 0.395182 0.871115 0.395833 0.870201 0.396484 0.871115 0.397135 0.872029 0.397786 0.871115 0.398438 0.871115 0.399089 0.870201 0.399740 0.870201 0.400391 0.870201 0.401042 0.870201 0.401693 0.870201 0.402344 0.870201 0.402995 0.870201 0.403646 0.870201 0.404297 0.869287 0.404948 0.868373 0.405599 0.867459 0.405599 0.866545 0.406250 0.865631 0.405599 0.864717 0.405599 0.863803 0.405599 0.862888 0.404948 0.861974 0.404948 0.861060 0.404297 0.861060 0.403646 0.860146 0.402995 0.859232 0.403646 0.858318 0.402995 0.857404 0.402995 0.856490 0.403646 0.855576 0.404297 0.854662 0.404948 0.853748 0.405599 0.852834 0.405599 0.851920 0.406250 0.851005 0.405599 0.850091 0.406250 0.849177 0.406901 0.848263 0.407552 0.847349 0.406901 0.846435 0.407552 0.845521 0.408203 0.844607 0.407552 0.843693 0.406901 0.842779 0.406901 0.841865 0.406250 0.841865 0.405599 0.840951 0.404948 0.840951 0.404297 0.840951 0.403646 0.841865 0.402995 0.841865 0.402344 0.842779 0.401693 0.843693 0.401042 0.842779 0.400391 0.841865 0.399740 0.840951 0.400391 0.840037 0.400391 0.839122 0.401042 0.838208 0.401042 0.837294 0.401693 0.836380 0.401693 0.835466 0.401693 0.834552 0.401042 0.833638 0.401693 0.832724 0.401042 0.831810 0.401693 0.830896 0.401693 0.829982 0.402344 0.829068 0.402995 0.828154 0.403646 0.828154 0.404297 0.827239 0.404948 0.826325 0.405599 0.825411 0.406250 0.824497 0.406901 0.823583 0.406901 0.822669 0.407552 0.821755 0.406901 0.820841 0.406901 0.819927 0.406250 0.819013 0.406250 0.818099 0.405599 0.817185 0.404948 0.816271 0.404948 0.815356 0.405599 0.814442 0.406250 0.813528 0.406250 0.812614 0.406901 0.811700 0.406250 0.810786 0.406250 0.809872 0.406250 0.808958 0.406901 0.808044 0.406250 0.807130 0.406901 0.806216 0.406250 0.805302 0.406901 0.804388 0.407552 0.803473 0.408203 0.802559 0.408854 0.801645 0.408854 0.800731 0.409505 0.799817 0.410156 0.798903 0.410807 0.798903 0.411458 0.798903 0.412109 0.797989 0.412760 0.797075 0.413411 0.797989 0.414062 0.797075 0.414714 0.796161 0.414714 0.795247 0.415365 0.794333 0.416016 0.793419 0.416016 0.792505 0.416016 0.791590 0.416016 0.790676 0.416016 0.789762 0.416667 0.788848 0.416016 0.787934 0.416016 0.787020 0.415365 0.787020 0.414714 0.787934 0.414062 0.788848 0.413411 0.788848 0.412760 0.787934 0.412109 0.788848 0.411458 0.789762 0.410807 0.789762 0.410156 0.790676 0.409505 0.791590 0.408854 0.791590 0.408854 0.792505 0.408203 0.793419 0.407552 0.794333 0.406901 0.795247 0.406250 0.795247 0.406250 0.796161 0.406250 0.797075 0.405599 0.797989 0.404948 0.798903 0.404297 0.799817 0.403646 0.798903 0.402995 0.797989 0.402995 0.797075 0.402344 0.796161 0.402995 0.795247 0.402344 0.794333 0.402344 0.793419 0.402344 0.792505 0.402995 0.791590 0.402344 0.790676 0.401693 0.789762 0.401693 0.788848 0.401693 0.787934 0.401042 0.787934 0.400391 0.787020 0.399740 0.787020 0.399089 0.786106 0.398438 0.786106 0.397786 0.786106
0 0.215495 0.785192 0.215495 0.786106 0.214844 0.787020 0.214844 0.787934 0.214193 0.788848 0.214193 0.789762 0.214193 0.790676 0.214844 0.791590 0.215495 0.792505 0.215495 0.793419 0.216146 0.794333 0.216797 0.795247 0.217448 0.796161 0.216797 0.797075 0.217448 0.797989 0.217448 0.798903 0.217448 0.799817 0.218099 0.800731 0.218750 0.801645 0.218099 0.802559 0.218750 0.803473 0.218750 0.804388 0.218750 0.805302 0.218750 0.806216 0.218750 0.807130 0.218099 0.808044 0.217448 0.808958 0.216797 0.809872 0.216146 0.808958 0.215495 0.808044 0.214844 0.807130 0.215495 0.806216 0.214844 0.805302 0.214193 0.804388 0.213542 0.803473 0.214193 0.802559 0.213542 0.803473 0.212891 0.803473 0.212240 0.803473 0.211589 0.802559 0.211589 0.803473 0.210938 0.804388 0.210286 0.805302 0.209635 0.805302 0.208984 0.805302 0.208333 0.805302 0.207682 0.806216 0.207031 0.807130 0.207682 0.806216 0.208333 0.807130 0.208984 0.808044 0.208333 0.808958 0.208984 0.808044 0.209635 0.808044 0.210286 0.808958 0.210938 0.809872 0.211589 0.809872 0.212240 0.809872 0.212891 0.810786 0.213542 0.810786 0.214193 0.810786 0.214844 0.811700 0.215495 0.812614 0.215495 0.813528 0.215495 0.814442 0.216146 0.815356 0.216797 0.816271 0.217448 0.817185 0.217448 0.818099 0.218099 0.819013 0.217448 0.819927 0.216797 0.820841 0.217448 0.821755 0.217448 0.822669 0.217448 0.823583 0.217448 0.824497 0.216797 0.825411 0.216797 0.826325 0.216146 0.827239 0.215495 0.828154 0.214844 0.828154 0.214193 0.827239 0.213542 0.826325 0.212891 0.827239 0.212240 0.828154 0.211589 0.829068 0.210938 0.829982 0.211589 0.830896 0.211589 0.831810 0.212240 0.832724 0.212240 0.833638 0.212891 0.834552 0.212891 0.835466 0.213542 0.836380 0.213542 0.837294 0.214193 0.838208 0.214844 0.839122 0.214193 0.840037 0.213542 0.840951 0.214193 0.841865 0.213542 0.842779 0.212891 0.843693 0.213542 0.844607 0.213542 0.845521 0.214193 0.846435 0.214193 0.847349 0.214193 0.848263 0.214844 0.849177 0.214844 0.850091 0.214193 0.851005 0.214193 0.851920 0.213542 0.852834 0.213542 0.853748 0.213542 0.854662 0.213542 0.855576 0.212891 0.856490 0.212891 0.857404 0.213542 0.858318 0.213542 0.859232 0.212891 0.860146 0.212891 0.861060 0.213542 0.861974 0.212891 0.862888 0.212891 0.863803 0.213542 0.864717 0.214193 0.864717 0.214844 0.863803 0.215495 0.862888 0.216146 0.863803 0.216797 0.862888 0.217448 0.862888 0.218099 0.862888 0.218750 0.862888 0.218099 0.861974 0.218750 0.861060 0.219401 0.860146 0.220052 0.859232 0.220703 0.859232 0.221354 0.860146 0.222005 0.861060 0.222656 0.861974 0.223307 0.862888 0.223958 0.862888 0.224609 0.862888 0.225260 0.863803 0.225911 0.863803 0.226562 0.864717 0.227214 0.865631 0.227865 0.866545 0.227865 0.867459 0.228516 0.868373 0.229167 0.869287 0.229818 0.870201 0.230469 0.871115 0.230469 0.872029 0.231120 0.872029 0.231771 0.871115 0.232422 0.872029 0.233073 0.871115 0.233724 0.872029 0.234375 0.871115 0.235026 0.871115 0.235026 0.870201 0.235026 0.869287 0.235026 0.868373 0.235026 0.867459 0.235026 0.866545 0.234375 0.865631 0.234375 0.864717 0.233724 0.863803 0.233724 0.862888 0.233073 0.862888 0.232422 0.862888 0.231771 0.861974 0.231120 0.861974 0.230469 0.861060 0.229818 0.860146 0.229167 0.859232 0.228516 0.858318 0.227865 0.857404 0.227865 0.856490 0.227865 0.855576 0.227214 0.855576 0.226562 0.854662 0.225911 0.853748 0.225260 0.853748 0.224609 0.852834 0.223958 0.853748 0.223307 0.853748 0.222656 0.854662 0.222005 0.854662 0.221354 0.853748 0.220703 0.852834 0.220052 0.851920 0.220052 0.851005 0.219401 0.851005 0.218750 0.850091 0.218099 0.849177 0.218099 0.848263 0.217448 0.847349 0.216797 0.846435 0.217448 0.845521 0.216797 0.844607 0.216146 0.843693 0.216146 0.842779 0.216146 0.841865 0.216797 0.840951 0.216146 0.840037 0.216797 0.839122 0.217448 0.838208 0.218099 0.839122 0.218750 0.838208 0.219401 0.837294 0.220052 0.838208 0.220703 0.838208 0.221354 0.838208 0.222005 0.839122 0.222656 0.838208 0.223307 0.837294 0.223958 0.836380 0.224609 0.835466 0.225260 0.835466 0.225911 0.834552 0.226562 0.834552 0.227214 0.835466 0.227214 0.834552 0.227865 0.833638 0.228516 0.832724 0.228516 0.831810 0.228516 0.830896 0.229167 0.829982 0.228516 0.829068 0.227865 0.829068 0.227214 0.828154 0.226562 0.827239 0.225911 0.827239 0.225260 0.828154 0.224609 0.828154 0.223958 0.829068 0.223958 0.829982 0.223307 0.830896 0.222656 0.831810 0.222005 0.832724 0.221354 0.832724 0.220703 0.833638 0.220052 0.832724 0.219401 0.831810 0.219401 0.830896 0.220052 0.829982 0.220052 0.829068 0.220703 0.828154 0.220052 0.827239 0.220052 0.826325 0.220052 0.825411 0.220052 0.824497 0.220052 0.823583 0.220703 0.822669 0.220703 0.821755 0.221354 0.820841 0.220703 0.819927 0.221354 0.819013 0.222005 0.818099 0.222656 0.818099 0.222005 0.817185 0.222005 0.816271 0.221354 0.815356 0.222005 0.814442 0.222005 0.813528 0.222656 0.812614 0.223307 0.811700 0.223958 0.810786 0.224609 0.809872 0.225260 0.808958 0.225911 0.808044 0.226562 0.808044 0.226562 0.807130 0.226562 0.806216 0.227214 0.805302 0.227865 0.804388 0.227214 0.803473 0.226562 0.802559 0.227214 0.801645 0.227865 0.800731 0.228516 0.799817 0.229167 0.799817 0.229167 0.798903 0.229818 0.797989 0.230469 0.797075 0.229818 0.797075 0.229167 0.796161 0.228516 0.795247 0.227865 0.795247 0.227214 0.794333 0.226562 0.794333 0.225911 0.793419 0.225260 0.794333 0.224609 0.794333 0.223958 0.793419 0.223307 0.793419 0.222656 0.794333 0.222656 0.795247 0.222005 0.796161 0.221354 0.797075 0.220703 0.797989 0.220052 0.797075 0.219401 0.797989 0.218750 0.797075 0.218099 0.796161 0.217448 0.796161 0.216797 0.795247 0.217448 0.794333 0.218099 0.794333 0.217448 0.793419 0.218099 0.792505 0.218099 0.791590 0.218099 0.790676 0.218750 0.789762 0.218750 0.788848 0.218099 0.787934 0.218099 0.787020 0.218099 0.786106 0.217448 0.785192 0.216797 0.785192 0.216146 0.786106
0 0.896484 0.777879 0.895833 0.778793 0.895182 0.779707 0.895182 0.780622 0.895182 0.781536 0.894531 0.782450 0.893880 0.783364 0.893229 0.784278 0.892578 0.783364 0.891927 0.784278 0.891276 0.784278 0.890625 0.784278 0.890625 0.785192 0.891276 0.786106 0.890625 0.787020 0.889974 0.787934 0.890625 0.788848 0.891276 0.789762 0.891276 0.790676 0.891276 0.791590 0.891276 0.792505 0.891276 0.793419 0.891276 0.794333 0.890625 0.795247 0.890625 0.796161 0.891276 0.797075 0.890625 0.797989 0.889974 0.798903 0.889323 0.799817 0.888672 0.799817 0.888021 0.798903 0.887370 0.798903 0.886719 0.797989 0.886068 0.797989 0.885417 0.797989 0.884766 0.797989 0.884115 0.798903 0.883464 0.798903 0.882812 0.799817 0.882161 0.799817 0.882161 0.800731 0.882812 0.801645 0.883464 0.802559 0.884115 0.803473 0.884766 0.803473 0.885417 0.804388 0.886068 0.805302 0.886068 0.806216 0.886719 0.806216 0.887370 0.806216 0.888021 0.806216 0.888672 0.807130 0.889323 0.808044 0.889323 0.808958 0.889974 0.809872 0.889323 0.810786 0.889974 0.811700 0.890625 0.812614 0.891276 0.813528 0.891927 0.814442 0.891927 0.815356 0.892578 0.816271 0.893229 0.817185 0.893880 0.818099 0.894531 0.819013 0.895182 0.819013 0.895833 0.819927 0.896484 0.820841 0.896484 0.821755 0.897135 0.820841 0.897786 0.821755 0.898438 0.822669 0.897786 0.823583 0.898438 0.822669 0.897786 0.821755 0.898438 0.820841 0.899089 0.819927 0.899740 0.819013 0.900391 0.819013 0.899740 0.818099 0.900391 0.817185 0.901042 0.816271 0.901693 0.815356 0.901693 0.814442 0.901042 0.813528 0.901693 0.812614 0.901693 0.811700 0.901042 0.810786 0.900391 0.811700 0.899740 0.812614 0.899089 0.812614 0.898438 0.812614 0.897786 0.813528 0.897135 0.813528 0.896484 0.813528 0.895833 0.812614 0.895182 0.811700 0.894531 0.811700 0.893880 0.810786 0.893229 0.809872 0.892578 0.809872 0.891927 0.808958 0.891276 0.808044 0.890625 0.807130 0.889974 0.806216 0.890625 0.805302 0.889974 0.804388 0.889974 0.803473 0.890625 0.802559 0.889974 0.801645 0.889323 0.800731 0.889323 0.799817 0.889974 0.798903 0.890625 0.798903 0.891276 0.798903 0.891927 0.799817 0.892578 0.798903 0.893229 0.798903 0.893880 0.798903 0.894531 0.797989 0.895182 0.797075 0.895182 0.796161 0.895182 0.795247 0.895833 0.794333 0.896484 0.793419 0.896484 0.792505 0.897135 0.791590 0.897786 0.790676 0.898438 0.790676 0.899089 0.789762 0.899740 0.788848 0.900391 0.789762 0.900391 0.788848 0.901042 0.787934 0.901693 0.787020 0.901693 0.786106 0.902344 0.785192 0.902344 0.784278 0.902995 0.783364 0.902344 0.782450 0.902344 0.781536 0.901693 0.780622 0.901693 0.779707 0.901042 0.779707 0.900391 0.778793 0.899740 0.778793 0.899089 0.777879 0.898438 0.777879 0.897786 0.778793 0.897135 0.777879
0 0.872396 0.777879 0.871745 0.778793 0.871094 0.778793 0.870443 0.778793 0.869792 0.779707 0.869141 0.780622 0.869141 0.781536 0.868490 0.782450 0.869141 0.783364 0.869141 0.784278 0.869141 0.785192 0.869141 0.786106 0.869792 0.786106 0.870443 0.787020 0.871094 0.787934 0.871745 0.788848 0.871094 0.789762 0.871745 0.788848 0.872396 0.788848 0.873047 0.789762 0.873698 0.790676 0.874349 0.791590 0.875000 0.792505 0.875651 0.793419 0.875651 0.794333 0.876302 0.795247 0.876953 0.794333 0.877604 0.795247 0.878255 0.794333 0.878906 0.794333 0.879557 0.795247 0.880208 0.794333 0.880859 0.794333 0.881510 0.795247 0.882161 0.796161 0.882812 0.796161 0.883464 0.795247 0.882812 0.794333 0.883464 0.793419 0.883464 0.792505 0.883464 0.791590 0.884115 0.790676 0.883464 0.789762 0.883464 0.788848 0.882812 0.789762 0.882161 0.788848 0.881510 0.788848 0.880859 0.787934 0.880208 0.787934 0.879557 0.787020 0.878906 0.786106 0.878255 0.785192 0.878255 0.784278 0.878255 0.783364 0.877604 0.782450 0.876953 0.781536 0.876302 0.780622 0.875651 0.779707 0.875651 0.778793 0.875000 0.778793 0.874349 0.777879 0.873698 0.777879 0.873047 0.777879
0 0.602214 0.772395 0.601562 0.773309 0.600911 0.773309 0.600911 0.774223 0.600911 0.775137 0.600260 0.776051 0.600260 0.776965 0.599609 0.777879 0.599609 0.778793 0.599609 0.779707 0.598958 0.780622 0.598958 0.781536 0.598307 0.782450 0.597656 0.783364 0.597005 0.784278 0.596354 0.783364 0.595703 0.782450 0.595052 0.781536 0.595052 0.780622 0.594401 0.780622 0.593750 0.780622 0.593099 0.779707 0.592448 0.780622 0.591797 0.780622 0.591797 0.781536 0.591146 0.782450 0.591797 0.783364 0.591797 0.784278 0.591146 0.785192 0.590495 0.786106 0.589844 0.787020 0.589193 0.787934 0.589844 0.788848 0.589193 0.789762 0.589193 0.790676 0.589193 0.791590 0.589193 0.792505 0.589193 0.793419 0.589844 0.793419 0.590495 0.793419 0.591146 0.794333 0.591797 0.795247 0.592448 0.796161 0.592448 0.797075 0.593099 0.797989 0.593099 0.798903 0.593099 0.799817 0.593099 0.800731 0.592448 0.801645 0.592448 0.802559 0.591797 0.803473 0.591146 0.804388 0.591146 0.805302 0.590495 0.806216 0.589844 0.807130 0.590495 0.808044 0.591146 0.808958 0.591146 0.809872 0.591146 0.810786 0.591797 0.811700 0.591146 0.812614 0.590495 0.813528 0.589844 0.813528 0.589193 0.812614 0.588542 0.811700 0.587891 0.810786 0.587240 0.810786 0.586589 0.810786 0.585938 0.810786 0.585286 0.810786 0.584635 0.811700 0.583984 0.812614 0.583984 0.813528 0.583984 0.814442 0.583984 0.815356 0.584635 0.816271 0.583984 0.817185 0.583333 0.818099 0.583984 0.819013 0.583984 0.819927 0.583333 0.820841 0.583984 0.821755 0.584635 0.822669 0.585286 0.823583 0.585286 0.824497 0.584635 0.825411 0.583984 0.826325 0.583984 0.827239 0.583984 0.828154 0.583984 0.829068 0.583984 0.829982 0.584635 0.830896 0.585286 0.831810 0.585938 0.832724 0.586589 0.833638 0.587240 0.834552 0.586589 0.835466 0.586589 0.836380 0.586589 0.837294 0.587240 0.838208 0.587240 0.839122 0.587240 0.840037 0.587240 0.840951 0.587891 0.841865 0.587240 0.842779 0.586589 0.843693 0.585938 0.842779 0.585286 0.843693 0.584635 0.844607 0.584635 0.845521 0.583984 0.846435 0.583333 0.847349 0.583984 0.848263 0.583984 0.849177 0.583333 0.850091 0.583984 0.851005 0.583984 0.851920 0.584635 0.852834 0.584635 0.853748 0.584635 0.854662 0.583984 0.855576 0.583984 0.856490 0.583984 0.857404 0.584635 0.858318 0.584635 0.859232 0.584635 0.860146 0.584635 0.861060 0.583984 0.861974 0.583333 0.862888 0.582682 0.863803 0.582031 0.864717 0.582682 0.865631 0.582682 0.866545 0.583333 0.866545 0.583984 0.867459 0.584635 0.866545 0.585286 0.865631 0.584635 0.864717 0.585286 0.863803 0.585938 0.862888 0.586589 0.861974 0.587240 0.862888 0.587891 0.862888 0.588542 0.862888 0.589193 0.861974 0.589844 0.861974 0.590495 0.861974 0.591146 0.861060 0.591146 0.860146 0.591797 0.859232 0.592448 0.858318 0.591797 0.857404 0.591797 0.856490 0.592448 0.855576 0.591797 0.854662 0.592448 0.853748 0.592448 0.852834 0.593099 0.851920 0.592448 0.851005 0.591797 0.850091 0.591797 0.849177 0.591146 0.848263 0.591797 0.847349 0.592448 0.846435 0.593099 0.846435 0.592448 0.845521 0.592448 0.844607 0.592448 0.843693 0.592448 0.842779 0.591797 0.841865 0.591797 0.840951 0.591146 0.841865 0.590495 0.840951 0.589844 0.840037 0.590495 0.839122 0.589844 0.838208 0.589193 0.837294 0.589193 0.836380 0.589844 0.835466 0.589193 0.834552 0.589193 0.833638 0.589844 0.832724 0.590495 0.831810 0.591146 0.830896 0.591797 0.831810 0.592448 0.830896 0.593099 0.829982 0.593750 0.829068 0.593750 0.828154 0.594401 0.827239 0.593750 0.826325 0.593099 0.825411 0.593750 0.824497 0.593099 0.823583 0.592448 0.822669 0.592448 0.821755 0.591797 0.820841 0.591797 0.819927 0.591146 0.819013 0.591797 0.818099 0.592448 0.817185 0.591797 0.816271 0.592448 0.815356 0.593099 0.814442 0.593750 0.814442 0.594401 0.814442 0.595052 0.813528 0.595703 0.812614 0.596354 0.811700 0.597005 0.810786 0.597656 0.811700 0.597656 0.812614 0.597656 0.811700 0.597656 0.810786 0.597656 0.809872 0.597005 0.809872 0.597005 0.810786 0.596354 0.811700 0.595703 0.810786 0.595703 0.809872 0.595052 0.808958 0.595052 0.808044 0.594401 0.807130 0.593750 0.806216 0.593750 0.805302 0.594401 0.804388 0.595052 0.803473 0.595703 0.802559 0.596354 0.801645 0.597005 0.801645 0.597656 0.802559 0.598307 0.801645 0.598958 0.801645 0.599609 0.802559 0.600260 0.801645 0.600911 0.801645 0.601562 0.801645 0.601562 0.800731 0.600911 0.799817 0.600911 0.798903 0.600260 0.797989 0.600260 0.797075 0.599609 0.796161 0.599609 0.795247 0.598958 0.794333 0.599609 0.793419 0.600260 0.792505 0.600911 0.792505 0.601562 0.792505 0.602214 0.792505 0.602865 0.793419 0.603516 0.793419 0.604167 0.792505 0.604818 0.792505 0.604167 0.791590 0.604818 0.790676 0.604167 0.789762 0.604167 0.788848 0.603516 0.787934 0.604167 0.787020 0.603516 0.786106 0.604167 0.785192 0.603516 0.784278 0.604167 0.783364 0.603516 0.782450 0.604167 0.781536 0.604818 0.780622 0.605469 0.779707 0.606120 0.779707 0.606771 0.778793 0.606120 0.777879 0.606771 0.776965 0.606771 0.776051 0.606771 0.775137 0.606120 0.775137 0.605469 0.774223 0.604818 0.773309 0.604167 0.772395 0.603516 0.772395 0.602865 0.772395
0 0.031901 0.770567 0.031250 0.771481 0.030599 0.771481 0.029948 0.772395 0.029948 0.773309 0.029297 0.774223 0.029297 0.775137 0.028646 0.776051 0.027995 0.776965 0.027344 0.777879 0.026693 0.778793 0.026693 0.779707 0.026042 0.780622 0.025391 0.781536 0.025391 0.782450 0.024740 0.783364 0.024089 0.784278 0.023438 0.785192 0.022786 0.786106 0.022135 0.786106 0.022135 0.787020 0.022135 0.787934 0.021484 0.788848 0.021484 0.789762 0.021484 0.790676 0.020833 0.791590 0.020182 0.792505 0.019531 0.793419 0.018880 0.792505 0.018229 0.791590 0.018229 0.790676 0.018229 0.789762 0.017578 0.788848 0.017578 0.787934 0.016927 0.787934 0.016276 0.787020 0.015625 0.787020 0.014974 0.787020 0.014323 0.787020 0.013672 0.787934 0.013672 0.788848 0.013672 0.789762 0.014323 0.790676 0.014974 0.791590 0.015625 0.792505 0.016276 0.792505 0.016927 0.793419 0.017578 0.794333 0.018229 0.795247 0.018880 0.796161 0.019531 0.797075 0.020182 0.797989 0.020182 0.798903 0.020833 0.799817 0.020182 0.800731 0.020182 0.801645 0.020182 0.802559 0.020833 0.803473 0.020833 0.804388 0.020182 0.805302 0.020833 0.806216 0.020833 0.807130 0.020833 0.808044 0.020833 0.808958 0.020182 0.809872 0.020833 0.810786 0.020833 0.811700 0.020833 0.812614 0.020182 0.813528 0.020182 0.814442 0.020182 0.815356 0.019531 0.816271 0.019531 0.817185 0.019531 0.818099 0.019531 0.819013 0.020182 0.819927 0.019531 0.820841 0.019531 0.821755 0.020182 0.822669 0.019531 0.823583 0.019531 0.824497 0.018880 0.825411 0.019531 0.826325 0.018880 0.827239 0.018229 0.828154 0.018880 0.829068 0.018229 0.829982 0.017578 0.830896 0.017578 0.831810 0.017578 0.832724 0.016927 0.833638 0.017578 0.834552 0.016927 0.835466 0.016276 0.836380 0.016276 0.837294 0.015625 0.838208 0.014974 0.839122 0.014323 0.840037 0.013672 0.840951 0.013021 0.841865 0.012370 0.842779 0.011719 0.841865 0.011068 0.840951 0.010417 0.840951 0.009766 0.840037 0.009115 0.839122 0.008464 0.840037 0.007812 0.840951 0.007161 0.840951 0.006510 0.840951 0.006510 0.841865 0.007161 0.842779 0.007161 0.843693 0.007161 0.844607 0.007812 0.845521 0.008464 0.845521 0.009115 0.846435 0.009115 0.845521 0.009766 0.844607 0.010417 0.843693 0.011068 0.842779 0.011719 0.843693 0.012370 0.842779 0.013021 0.841865 0.013672 0.842779 0.013672 0.843693 0.014323 0.844607 0.014974 0.844607 0.015625 0.843693 0.016276 0.843693 0.016927 0.842779 0.017578 0.841865 0.018229 0.841865 0.018229 0.840951 0.018880 0.840037 0.018880 0.839122 0.018880 0.838208 0.019531 0.837294 0.020182 0.836380 0.020833 0.835466 0.021484 0.834552 0.022135 0.833638 0.022135 0.832724 0.022786 0.831810 0.022786 0.830896 0.022786 0.829982 0.022135 0.829982 0.021484 0.829068 0.020833 0.828154 0.021484 0.827239 0.020833 0.826325 0.021484 0.825411 0.022135 0.824497 0.022786 0.823583 0.023438 0.823583 0.022786 0.822669 0.023438 0.821755 0.024089 0.820841 0.024740 0.820841 0.024089 0.819927 0.024740 0.819013 0.024740 0.818099 0.025391 0.817185 0.026042 0.816271 0.026693 0.815356 0.027344 0.815356 0.027995 0.814442 0.028646 0.813528 0.028646 0.812614 0.029297 0.811700 0.029297 0.810786 0.029297 0.809872 0.029297 0.808958 0.028646 0.808044 0.027995 0.808044 0.027344 0.807130 0.026693 0.808044 0.026042 0.808044 0.025391 0.808958 0.024740 0.808958 0.024089 0.808044 0.023438 0.807130 0.023438 0.806216 0.023438 0.805302 0.022786 0.804388 0.023438 0.803473 0.024089 0.802559 0.024740 0.801645 0.025391 0.801645 0.025391 0.800731 0.025391 0.799817 0.025391 0.798903 0.024740 0.798903 0.024089 0.797989 0.023438 0.797989 0.022786 0.797989 0.022135 0.797075 0.021484 0.797989 0.020833 0.797075 0.020182 0.796161 0.020182 0.795247 0.020833 0.794333 0.021484 0.793419 0.022135 0.793419 0.022786 0.793419 0.023438 0.792505 0.024089 0.792505 0.024089 0.791590 0.024089 0.790676 0.024740 0.789762 0.025391 0.788848 0.026042 0.788848 0.026693 0.787934 0.027344 0.787934 0.027995 0.787934 0.028646 0.787020 0.029297 0.787934 0.029297 0.787020 0.029297 0.786106 0.029948 0.785192 0.030599 0.784278 0.029948 0.783364 0.029297 0.782450 0.029948 0.781536 0.030599 0.780622 0.031250 0.780622 0.031901 0.779707 0.032552 0.779707 0.033203 0.780622 0.033854 0.779707 0.034505 0.778793 0.035156 0.778793 0.035807 0.778793 0.036458 0.778793 0.037109 0.777879 0.036458 0.776965 0.037109 0.776051 0.037109 0.775137 0.037109 0.774223 0.036458 0.773309 0.036458 0.772395 0.035807 0.771481 0.035156 0.770567 0.034505 0.771481 0.033854 0.770567 0.033203 0.770567 0.032552 0.770567
0 0.014323 0.768739 0.013672 0.769653 0.013021 0.769653 0.012370 0.770567 0.013021 0.771481 0.012370 0.772395 0.012370 0.773309 0.012370 0.774223 0.013021 0.775137 0.013021 0.776051 0.013672 0.776965 0.014323 0.777879 0.014974 0.778793 0.015625 0.779707 0.016276 0.780622 0.016927 0.781536 0.017578 0.781536 0.018229 0.782450 0.018880 0.781536 0.019531 0.782450 0.019531 0.781536 0.020182 0.780622 0.020182 0.779707 0.020182 0.778793 0.020833 0.777879 0.020833 0.776965 0.021484 0.776051 0.020833 0.775137 0.020182 0.774223 0.020182 0.773309 0.020833 0.772395 0.020833 0.771481 0.020182 0.771481 0.019531 0.771481 0.018880 0.771481 0.018229 0.771481 0.017578 0.771481 0.016927 0.770567 0.016276 0.769653 0.015625 0.769653 0.014974 0.768739
0 0.080729 0.767824 0.080729 0.768739 0.080078 0.769653 0.079427 0.770567 0.078776 0.771481 0.078776 0.772395 0.078776 0.773309 0.078776 0.774223 0.078776 0.775137 0.078776 0.776051 0.078125 0.776965 0.078776 0.777879 0.078125 0.778793 0.078125 0.779707 0.077474 0.780622 0.076823 0.781536 0.076172 0.782450 0.075521 0.782450 0.075521 0.783364 0.075521 0.784278 0.074870 0.785192 0.074219 0.786106 0.074870 0.787020 0.074870 0.787934 0.074870 0.788848 0.074870 0.789762 0.074870 0.790676 0.075521 0.791590 0.076172 0.792505 0.075521 0.793419 0.076172 0.793419 0.076823 0.794333 0.077474 0.795247 0.078125 0.796161 0.078125 0.797075 0.078776 0.797989 0.078776 0.798903 0.079427 0.799817 0.080078 0.800731 0.079427 0.801645 0.080078 0.800731 0.080729 0.801645 0.081380 0.802559 0.081380 0.803473 0.081380 0.804388 0.081380 0.805302 0.081380 0.806216 0.081380 0.807130 0.082031 0.808044 0.082682 0.808958 0.082682 0.809872 0.083333 0.810786 0.083984 0.810786 0.084635 0.811700 0.085286 0.812614 0.085938 0.813528 0.085938 0.814442 0.086589 0.815356 0.086589 0.816271 0.087240 0.817185 0.086589 0.818099 0.086589 0.819013 0.086589 0.819927 0.087240 0.820841 0.087240 0.821755 0.087240 0.822669 0.087240 0.823583 0.087240 0.824497 0.087240 0.825411 0.087891 0.826325 0.087240 0.827239 0.087891 0.828154 0.087891 0.829068 0.087240 0.829982 0.087891 0.830896 0.087240 0.831810 0.087891 0.832724 0.087891 0.833638 0.087240 0.834552 0.086589 0.835466 0.086589 0.836380 0.086589 0.837294 0.085938 0.838208 0.085286 0.839122 0.085938 0.840037 0.086589 0.840951 0.085938 0.841865 0.085286 0.841865 0.084635 0.842779 0.083984 0.843693 0.083333 0.843693 0.082682 0.844607 0.082031 0.844607 0.081380 0.843693 0.081380 0.844607 0.080729 0.845521 0.080729 0.846435 0.080729 0.847349 0.080078 0.848263 0.080078 0.849177 0.080078 0.850091 0.080078 0.851005 0.080078 0.851920 0.080729 0.852834 0.081380 0.853748 0.082031 0.854662 0.082682 0.855576 0.082682 0.856490 0.082682 0.857404 0.083333 0.858318 0.082682 0.859232 0.082682 0.860146 0.082682 0.861060 0.083333 0.861060 0.083984 0.861974 0.084635 0.861974 0.085286 0.861974 0.085938 0.861974 0.086589 0.862888 0.087240 0.863803 0.087891 0.862888 0.088542 0.862888 0.089193 0.862888 0.089844 0.862888 0.089844 0.861974 0.090495 0.861060 0.091146 0.860146 0.091797 0.861060 0.092448 0.861060 0.093099 0.861974 0.093750 0.861974 0.094401 0.861974 0.095052 0.861060 0.095703 0.861974 0.096354 0.861974 0.097005 0.861974 0.097656 0.861060 0.098307 0.861974 0.098307 0.861060 0.098307 0.860146 0.098958 0.859232 0.099609 0.858318 0.099609 0.857404 0.100260 0.856490 0.099609 0.855576 0.100260 0.854662 0.099609 0.853748 0.098958 0.852834 0.099609 0.851920 0.098958 0.851005 0.098958 0.850091 0.098307 0.849177 0.097656 0.848263 0.097005 0.848263 0.096354 0.848263 0.095703 0.848263 0.095052 0.848263 0.094401 0.849177 0.093750 0.849177 0.093750 0.850091 0.093099 0.851005 0.092448 0.851920 0.091797 0.852834 0.091797 0.853748 0.091797 0.854662 0.091146 0.855576 0.090495 0.856490 0.089844 0.856490 0.089193 0.856490 0.088542 0.856490 0.087891 0.856490 0.087240 0.855576 0.086589 0.854662 0.086589 0.853748 0.086589 0.852834 0.087240 0.851920 0.086589 0.851005 0.086589 0.850091 0.087240 0.849177 0.087240 0.848263 0.087891 0.847349 0.087240 0.846435 0.087240 0.845521 0.086589 0.844607 0.085938 0.843693 0.086589 0.842779 0.085938 0.841865 0.086589 0.840951 0.087240 0.840037 0.087891 0.839122 0.087891 0.838208 0.088542 0.837294 0.089193 0.836380 0.089844 0.836380 0.090495 0.835466 0.091146 0.835466 0.091797 0.834552 0.091797 0.833638 0.091146 0.832724 0.091797 0.831810 0.092448 0.830896 0.092448 0.829982 0.092448 0.829068 0.092448 0.828154 0.092448 0.827239 0.091797 0.826325 0.092448 0.825411 0.092448 0.824497 0.093099 0.823583 0.093750 0.822669 0.093750 0.821755 0.094401 0.820841 0.093750 0.819927 0.093099 0.819013 0.092448 0.818099 0.091797 0.819013 0.091146 0.818099 0.090495 0.819013 0.089844 0.819013 0.089193 0.818099 0.088542 0.817185 0.089193 0.816271 0.088542 0.815356 0.089193 0.814442 0.089844 0.813528 0.090495 0.812614 0.091146 0.811700 0.091797 0.810786 0.092448 0.811700 0.091797 0.810786 0.092448 0.809872 0.092448 0.808958 0.093099 0.808044 0.093750 0.807130 0.094401 0.807130 0.095052 0.806216 0.095703 0.805302 0.096354 0.804388 0.097005 0.803473 0.097656 0.802559 0.097656 0.801645 0.098307 0.800731 0.097656 0.799817 0.097005 0.798903 0.097656 0.797989 0.097656 0.797075 0.097005 0.796161 0.097005 0.795247 0.097656 0.794333 0.097005 0.793419 0.096354 0.794333 0.095703 0.795247 0.095052 0.794333 0.094401 0.794333 0.093750 0.793419 0.093099 0.794333 0.092448 0.794333 0.091797 0.794333 0.091146 0.795247 0.091146 0.796161 0.091146 0.797075 0.091146 0.797989 0.091146 0.798903 0.091146 0.799817 0.091146 0.800731 0.091146 0.801645 0.090495 0.802559 0.089844 0.803473 0.090495 0.804388 0.089844 0.805302 0.089844 0.806216 0.089193 0.807130 0.088542 0.808044 0.087891 0.808958 0.087240 0.808044 0.086589 0.807130 0.085938 0.806216 0.085938 0.805302 0.085938 0.804388 0.085938 0.803473 0.085286 0.802559 0.085286 0.801645 0.084635 0.800731 0.083984 0.799817 0.083984 0.798903 0.083333 0.797989 0.083333 0.797075 0.082682 0.796161 0.082031 0.795247 0.081380 0.794333 0.080729 0.793419 0.081380 0.792505 0.081380 0.791590 0.082031 0.790676 0.082031 0.789762 0.082682 0.788848 0.083333 0.787934 0.083984 0.787934 0.083333 0.787020 0.083984 0.786106 0.084635 0.785192 0.085286 0.784278 0.085938 0.783364 0.086589 0.783364 0.087240 0.782450 0.087891 0.781536 0.087240 0.780622 0.087240 0.779707 0.087891 0.778793 0.087891 0.777879 0.087891 0.776965 0.087891 0.776051 0.087891 0.775137 0.087891 0.774223 0.087240 0.773309 0.087240 0.772395 0.086589 0.771481 0.086589 0.770567 0.085938 0.770567 0.085286 0.769653 0.084635 0.769653 0.083984 0.768739 0.083333 0.768739 0.082682 0.768739 0.082031 0.767824 0.081380 0.767824
0 0.198568 0.765082 0.197917 0.765996 0.197266 0.765996 0.196615 0.765996 0.196615 0.766910 0.195964 0.767824 0.195964 0.768739 0.196615 0.769653 0.196615 0.770567 0.197266 0.771481 0.196615 0.772395 0.197266 0.773309 0.197266 0.774223 0.197917 0.774223 0.198568 0.774223 0.199219 0.775137 0.199870 0.776051 0.200521 0.776965 0.201172 0.777879 0.201823 0.777879 0.202474 0.778793 0.203125 0.779707 0.203776 0.779707 0.204427 0.780622 0.205078 0.781536 0.205729 0.782450 0.205078 0.783364 0.205729 0.784278 0.205729 0.785192 0.205729 0.786106 0.205078 0.787020 0.204427 0.787934 0.203776 0.787020 0.203125 0.786106 0.202474 0.785192 0.201823 0.785192 0.201172 0.784278 0.200521 0.783364 0.199870 0.783364 0.199219 0.782450 0.198568 0.782450 0.198568 0.783364 0.197917 0.784278 0.197917 0.785192 0.197266 0.786106 0.197266 0.787020 0.197917 0.787934 0.198568 0.788848 0.199219 0.789762 0.199219 0.790676 0.199870 0.791590 0.200521 0.792505 0.201172 0.793419 0.201823 0.793419 0.202474 0.794333 0.203125 0.794333 0.203776 0.793419 0.204427 0.793419 0.205078 0.794333 0.205729 0.793419 0.206380 0.794333 0.207031 0.795247 0.206380 0.796161 0.207031 0.797075 0.207031 0.797989 0.207682 0.797989 0.208333 0.797989 0.208984 0.798903 0.209635 0.798903 0.210286 0.799817 0.210938 0.798903 0.210286 0.797989 0.210938 0.797075 0.210938 0.796161 0.210286 0.795247 0.209635 0.794333 0.208984 0.793419 0.209635 0.792505 0.208984 0.791590 0.208333 0.790676 0.208333 0.789762 0.208333 0.788848 0.208984 0.787934 0.208984 0.787020 0.209635 0.786106 0.209635 0.785192 0.209635 0.784278 0.209635 0.783364 0.208984 0.782450 0.209635 0.781536 0.208984 0.780622 0.208333 0.779707 0.207682 0.778793 0.207031 0.777879 0.206380 0.776965 0.205729 0.776051 0.206380 0.775137 0.205729 0.774223 0.205729 0.773309 0.205078 0.772395 0.204427 0.771481 0.205078 0.770567 0.204427 0.770567 0.203776 0.769653 0.203125 0.768739 0.203776 0.767824 0.203125 0.766910 0.202474 0.765996 0.201823 0.765996 0.201172 0.765082 0.200521 0.765082 0.199870 0.765082 0.199219 0.765996
0 0.104818 0.759598 0.104818 0.760512 0.104818 0.761426 0.104167 0.762340 0.104818 0.763254 0.104167 0.764168 0.104167 0.765082 0.104818 0.764168 0.105469 0.765082 0.106120 0.765996 0.105469 0.766910 0.105469 0.767824 0.106120 0.768739 0.106771 0.768739 0.107422 0.769653 0.108073 0.770567 0.108724 0.769653 0.109375 0.770567 0.110026 0.770567 0.110677 0.771481 0.111328 0.772395 0.111979 0.773309 0.112630 0.773309 0.113281 0.774223 0.113932 0.774223 0.114583 0.774223 0.115234 0.774223 0.115885 0.775137 0.116536 0.776051 0.116536 0.776965 0.117188 0.777879 0.116536 0.778793 0.115885 0.779707 0.115885 0.780622 0.115885 0.781536 0.116536 0.782450 0.117188 0.783364 0.117188 0.784278 0.117839 0.785192 0.117188 0.786106 0.117188 0.787020 0.117839 0.787934 0.117839 0.788848 0.117839 0.789762 0.118490 0.788848 0.119141 0.789762 0.119792 0.790676 0.120443 0.790676 0.121094 0.791590 0.121745 0.792505 0.121094 0.793419 0.121094 0.794333 0.121094 0.795247 0.121094 0.796161 0.121094 0.797075 0.121094 0.797989 0.121094 0.798903 0.120443 0.799817 0.120443 0.800731 0.119792 0.801645 0.119792 0.802559 0.119141 0.803473 0.118490 0.804388 0.117839 0.805302 0.118490 0.806216 0.117839 0.807130 0.117188 0.808044 0.116536 0.807130 0.115885 0.806216 0.115234 0.807130 0.114583 0.806216 0.113932 0.807130 0.113281 0.806216 0.112630 0.806216 0.111979 0.807130 0.111328 0.808044 0.110677 0.807130 0.110026 0.808044 0.109375 0.808044 0.108724 0.808958 0.108073 0.809872 0.108724 0.810786 0.108724 0.811700 0.109375 0.812614 0.109375 0.813528 0.110026 0.813528 0.110677 0.813528 0.111328 0.813528 0.111979 0.812614 0.112630 0.811700 0.113281 0.811700 0.113932 0.812614 0.114583 0.813528 0.115234 0.813528 0.115885 0.814442 0.116536 0.815356 0.116536 0.816271 0.115885 0.817185 0.116536 0.818099 0.115885 0.819013 0.115234 0.819927 0.114583 0.819927 0.115234 0.820841 0.115234 0.821755 0.115885 0.821755 0.116536 0.821755 0.117188 0.820841 0.117839 0.821755 0.118490 0.821755 0.118490 0.820841 0.119141 0.819927 0.119792 0.819013 0.119792 0.818099 0.120443 0.817185 0.120443 0.816271 0.119792 0.815356 0.119792 0.814442 0.120443 0.813528 0.121094 0.812614 0.121745 0.812614 0.121745 0.811700 0.122396 0.810786 0.123047 0.809872 0.123698 0.808958 0.123047 0.808044 0.123047 0.807130 0.123698 0.806216 0.123047 0.805302 0.123047 0.804388 0.123698 0.803473 0.124349 0.802559 0.125000 0.801645 0.125000 0.800731 0.125000 0.799817 0.125000 0.798903 0.125000 0.797989 0.124349 0.797075 0.125000 0.796161 0.124349 0.795247 0.124349 0.794333 0.124349 0.793419 0.125000 0.792505 0.125651 0.791590 0.126302 0.790676 0.126953 0.791590 0.127604 0.792505 0.128255 0.791590 0.128906 0.790676 0.129557 0.790676 0.128906 0.789762 0.128906 0.788848 0.128255 0.787934 0.127604 0.787020 0.128255 0.786106 0.128906 0.786106 0.129557 0.785192 0.130208 0.784278 0.130208 0.783364 0.130859 0.782450 0.131510 0.781536 0.132161 0.782450 0.132812 0.782450 0.133464 0.782450 0.134115 0.781536 0.134766 0.782450 0.134766 0.781536 0.135417 0.780622 0.135417 0.779707 0.135417 0.778793 0.134766 0.777879 0.135417 0.776965 0.135417 0.776051 0.135417 0.775137 0.136068 0.774223 0.135417 0.773309 0.136068 0.772395 0.136719 0.771481 0.137370 0.772395 0.138021 0.771481 0.138672 0.771481 0.139323 0.771481 0.139323 0.770567 0.139323 0.769653 0.139974 0.768739 0.140625 0.767824 0.141276 0.767824 0.141927 0.768739 0.141276 0.767824 0.141276 0.766910 0.141927 0.765996 0.142578 0.765082 0.141927 0.764168 0.142578 0.763254 0.142578 0.762340 0.141927 0.761426 0.142578 0.760512 0.141927 0.760512 0.141276 0.759598 0.140625 0.759598 0.139974 0.760512 0.139323 0.760512 0.138672 0.760512 0.138021 0.759598 0.137370 0.760512 0.136719 0.760512 0.136068 0.760512 0.135417 0.761426 0.134766 0.760512 0.134115 0.761426 0.134766 0.762340 0.134766 0.763254 0.134766 0.764168 0.134115 0.765082 0.134115 0.765996 0.133464 0.766910 0.133464 0.767824 0.133464 0.768739 0.133464 0.769653 0.133464 0.770567 0.132812 0.771481 0.132161 0.772395 0.131510 0.772395 0.130859 0.773309 0.130208 0.773309 0.130208 0.774223 0.129557 0.775137 0.128906 0.776051 0.128906 0.776965 0.128255 0.777879 0.127604 0.778793 0.127604 0.779707 0.128255 0.780622 0.128255 0.781536 0.128255 0.782450 0.127604 0.783364 0.126953 0.784278 0.127604 0.785192 0.128255 0.786106 0.127604 0.787020 0.126953 0.787934 0.126302 0.787020 0.125651 0.787934 0.125000 0.788848 0.124349 0.787934 0.123698 0.788848 0.123047 0.788848 0.122396 0.787934 0.121745 0.787020 0.121094 0.786106 0.121094 0.785192 0.121094 0.784278 0.121094 0.783364 0.121094 0.782450 0.121094 0.781536 0.120443 0.780622 0.121094 0.779707 0.120443 0.780622 0.119792 0.779707 0.119141 0.778793 0.119141 0.777879 0.118490 0.776965 0.119141 0.776051 0.119792 0.775137 0.119141 0.774223 0.118490 0.773309 0.117839 0.772395 0.117188 0.771481 0.117188 0.770567 0.116536 0.771481 0.115885 0.770567 0.115234 0.769653 0.114583 0.769653 0.113932 0.768739 0.113281 0.769653 0.112630 0.768739 0.111979 0.767824 0.111328 0.766910 0.111328 0.765996 0.110677 0.765082 0.110026 0.764168 0.109375 0.763254 0.109375 0.762340 0.110026 0.761426 0.109375 0.760512 0.108724 0.761426 0.108073 0.760512 0.107422 0.759598 0.106771 0.759598 0.106120 0.760512 0.105469 0.759598
0 0.880208 0.756856 0.879557 0.757770 0.878906 0.758684 0.878255 0.757770 0.877604 0.758684 0.876953 0.759598 0.876302 0.758684 0.876302 0.759598 0.875651 0.760512 0.875000 0.761426 0.875651 0.762340 0.875651 0.763254 0.875651 0.764168 0.875000 0.765082 0.875651 0.765996 0.875651 0.766910 0.875000 0.767824 0.875651 0.768739 0.875651 0.769653 0.875651 0.770567 0.876302 0.771481 0.876953 0.772395 0.876953 0.773309 0.876953 0.774223 0.877604 0.774223 0.878255 0.775137 0.878906 0.776051 0.879557 0.776965 0.880208 0.776965 0.880859 0.777879 0.881510 0.778793 0.881510 0.779707 0.882161 0.780622 0.882812 0.781536 0.883464 0.782450 0.884115 0.782450 0.884766 0.783364 0.885417 0.783364 0.886068 0.783364 0.886719 0.782450 0.887370 0.781536 0.888021 0.780622 0.888672 0.779707 0.888672 0.778793 0.888672 0.777879 0.889323 0.776965 0.889323 0.776051 0.889323 0.775137 0.889323 0.774223 0.889323 0.773309 0.889974 0.772395 0.889974 0.771481 0.890625 0.770567 0.889974 0.769653 0.889974 0.768739 0.890625 0.767824 0.889974 0.766910 0.889974 0.765996 0.889974 0.765082 0.889974 0.764168 0.889323 0.763254 0.889974 0.762340 0.889323 0.761426 0.888672 0.760512 0.888021 0.759598 0.887370 0.758684 0.886719 0.757770 0.886068 0.758684 0.885417 0.757770 0.884766 0.757770 0.884115 0.757770 0.883464 0.756856 0.882812 0.756856 0.882161 0.757770 0.881510 0.757770 0.880859 0.756856
0 0.235677 0.756856 0.235677 0.757770 0.235026 0.758684 0.234375 0.759598 0.233724 0.758684 0.233073 0.759598 0.232422 0.759598 0.231771 0.758684 0.231120 0.759598 0.231120 0.760512 0.230469 0.761426 0.230469 0.762340 0.229818 0.763254 0.229167 0.764168 0.228516 0.764168 0.229167 0.765082 0.228516 0.765996 0.227865 0.766910 0.227865 0.767824 0.227214 0.768739 0.227214 0.769653 0.226562 0.770567 0.227214 0.771481 0.227214 0.772395 0.227865 0.773309 0.227865 0.774223 0.227214 0.775137 0.226562 0.776051 0.225911 0.776965 0.225260 0.777879 0.224609 0.778793 0.223958 0.779707 0.223307 0.779707 0.223307 0.780622 0.223958 0.781536 0.223307 0.782450 0.223958 0.783364 0.223958 0.784278 0.223307 0.785192 0.223307 0.786106 0.223958 0.787020 0.223307 0.787934 0.223958 0.787934 0.224609 0.788848 0.225260 0.788848 0.225911 0.787934 0.226562 0.787934 0.227214 0.787020 0.227865 0.786106 0.227214 0.785192 0.226562 0.784278 0.227214 0.783364 0.227865 0.782450 0.227865 0.781536 0.227865 0.780622 0.228516 0.779707 0.229167 0.778793 0.229818 0.777879 0.230469 0.776965 0.231120 0.776965 0.231120 0.776051 0.231120 0.775137 0.230469 0.774223 0.229818 0.773309 0.230469 0.772395 0.230469 0.771481 0.230469 0.770567 0.231120 0.769653 0.231771 0.768739 0.232422 0.767824 0.233073 0.766910 0.233724 0.765996 0.234375 0.766910 0.235026 0.765996 0.235677 0.765082 0.236328 0.765996 0.236979 0.765082 0.237630 0.765082 0.238281 0.765082 0.238932 0.765996 0.239583 0.765996 0.240234 0.765082 0.240885 0.765082 0.241536 0.765996 0.242188 0.765082 0.242839 0.764168 0.242188 0.763254 0.242188 0.762340 0.241536 0.761426 0.241536 0.760512 0.240885 0.759598 0.240885 0.758684 0.240234 0.758684 0.239583 0.757770 0.238932 0.758684 0.238281 0.757770 0.237630 0.757770 0.236979 0.757770 0.236328 0.757770
0 0.755859 0.754113 0.755208 0.755027 0.754557 0.755941 0.753906 0.755941 0.753906 0.756856 0.753906 0.757770 0.753906 0.758684 0.753906 0.759598 0.754557 0.760512 0.753906 0.761426 0.754557 0.762340 0.755208 0.763254 0.755859 0.763254 0.756510 0.763254 0.757161 0.764168 0.757812 0.764168 0.758464 0.764168 0.759115 0.764168 0.759766 0.764168 0.760417 0.765082 0.761068 0.765996 0.761719 0.766910 0.762370 0.766910 0.763021 0.766910 0.763672 0.766910 0.764323 0.767824 0.764974 0.768739 0.765625 0.769653 0.766276 0.770567 0.766927 0.770567 0.767578 0.771481 0.768229 0.772395 0.767578 0.773309 0.768229 0.774223 0.767578 0.775137 0.768229 0.776051 0.768880 0.776965 0.769531 0.777879 0.770182 0.778793 0.769531 0.779707 0.768880 0.780622 0.768229 0.779707 0.767578 0.778793 0.766927 0.779707 0.766276 0.778793 0.765625 0.778793 0.764974 0.777879 0.764323 0.778793 0.763672 0.778793 0.763021 0.778793 0.762370 0.778793 0.762370 0.779707 0.761719 0.780622 0.761719 0.781536 0.761719 0.782450 0.762370 0.783364 0.763021 0.784278 0.763672 0.783364 0.764323 0.784278 0.764974 0.785192 0.765625 0.784278 0.766276 0.785192 0.766927 0.784278 0.767578 0.785192 0.768229 0.784278 0.768880 0.785192 0.769531 0.786106 0.770182 0.786106 0.770833 0.787020 0.771484 0.787020 0.772135 0.786106 0.772786 0.787020 0.773438 0.787934 0.773438 0.788848 0.773438 0.789762 0.774089 0.790676 0.774089 0.791590 0.773438 0.792505 0.772786 0.793419 0.772786 0.794333 0.772786 0.795247 0.773438 0.796161 0.773438 0.797075 0.774089 0.797989 0.774089 0.798903 0.774740 0.799817 0.774089 0.800731 0.773438 0.801645 0.772786 0.801645 0.772135 0.801645 0.771484 0.801645 0.770833 0.800731 0.770182 0.799817 0.769531 0.799817 0.768880 0.800731 0.768229 0.799817 0.767578 0.800731 0.767578 0.801645 0.767578 0.802559 0.767578 0.803473 0.768229 0.803473 0.768880 0.803473 0.769531 0.804388 0.770182 0.804388 0.770833 0.803473 0.771484 0.804388 0.772135 0.803473 0.772786 0.803473 0.773438 0.804388 0.774089 0.804388 0.774740 0.803473 0.775391 0.803473 0.776042 0.802559 0.776693 0.803473 0.777344 0.804388 0.777344 0.805302 0.777995 0.806216 0.777995 0.807130 0.777344 0.808044 0.776693 0.808958 0.776042 0.809872 0.776042 0.810786 0.776693 0.811700 0.776042 0.812614 0.776042 0.813528 0.776693 0.814442 0.777344 0.815356 0.777995 0.816271 0.777995 0.817185 0.777995 0.818099 0.778646 0.819013 0.778646 0.819927 0.778646 0.820841 0.778646 0.821755 0.777995 0.822669 0.778646 0.823583 0.779297 0.824497 0.778646 0.825411 0.778646 0.826325 0.779297 0.827239 0.779297 0.828154 0.779297 0.829068 0.779948 0.829068 0.780599 0.829982 0.781250 0.830896 0.781901 0.831810 0.782552 0.832724 0.783203 0.833638 0.783203 0.834552 0.783854 0.835466 0.783203 0.836380 0.783854 0.837294 0.783854 0.838208 0.783854 0.839122 0.784505 0.838208 0.785156 0.837294 0.785807 0.837294 0.785807 0.836380 0.785807 0.835466 0.786458 0.834552 0.786458 0.833638 0.786458 0.832724 0.787109 0.831810 0.787109 0.830896 0.787109 0.829982 0.786458 0.829068 0.785807 0.828154 0.785807 0.827239 0.785156 0.828154 0.784505 0.828154 0.783854 0.827239 0.783203 0.826325 0.783203 0.825411 0.782552 0.825411 0.781901 0.824497 0.781250 0.823583 0.781901 0.822669 0.782552 0.821755 0.781901 0.820841 0.781250 0.819927 0.781901 0.819013 0.781901 0.818099 0.781250 0.817185 0.781250 0.816271 0.780599 0.815356 0.780599 0.814442 0.780599 0.813528 0.779948 0.812614 0.779297 0.811700 0.779948 0.810786 0.779948 0.809872 0.779297 0.808958 0.779297 0.808044 0.779948 0.807130 0.779948 0.806216 0.779948 0.805302 0.780599 0.804388 0.781250 0.803473 0.781250 0.802559 0.781901 0.801645 0.781901 0.800731 0.782552 0.799817 0.783203 0.798903 0.783854 0.797989 0.784505 0.797075 0.785156 0.796161 0.785807 0.795247 0.786458 0.794333 0.787109 0.794333 0.787760 0.793419 0.788411 0.793419 0.789062 0.792505 0.789714 0.792505 0.790365 0.791590 0.791016 0.791590 0.791667 0.790676 0.792318 0.790676 0.792969 0.790676 0.793620 0.789762 0.794271 0.789762 0.794922 0.789762 0.795573 0.790676 0.796224 0.790676 0.796875 0.791590 0.796875 0.790676 0.797526 0.789762 0.796875 0.788848 0.796875 0.787934 0.796224 0.787020 0.795573 0.786106 0.794922 0.787020 0.794271 0.786106 0.793620 0.785192 0.792969 0.784278 0.792318 0.783364 0.792969 0.782450 0.792969 0.781536 0.793620 0.780622 0.794271 0.779707 0.794922 0.778793 0.795573 0.778793 0.796224 0.779707 0.796875 0.780622 0.796875 0.781536 0.797526 0.781536 0.798177 0.782450 0.798828 0.782450 0.799479 0.781536 0.800130 0.781536 0.800781 0.780622 0.801432 0.780622 0.802083 0.780622 0.802734 0.780622 0.803385 0.779707 0.804036 0.780622 0.804688 0.780622 0.805339 0.779707 0.805990 0.779707 0.806641 0.779707 0.807292 0.779707 0.807943 0.778793 0.808594 0.779707 0.809245 0.779707 0.809896 0.778793 0.810547 0.777879 0.811198 0.777879 0.810547 0.776965 0.810547 0.776051 0.809896 0.775137 0.810547 0.774223 0.809896 0.773309 0.809245 0.773309 0.808594 0.772395 0.807943 0.772395 0.807292 0.773309 0.806641 0.772395 0.805990 0.773309 0.805339 0.773309 0.804688 0.773309 0.804036 0.774223 0.803385 0.775137 0.802734 0.774223 0.802083 0.775137 0.801432 0.775137 0.800781 0.776051 0.800130 0.775137 0.799479 0.776051 0.798828 0.776965 0.798177 0.777879 0.797526 0.778793 0.796875 0.779707 0.796224 0.779707 0.795573 0.778793 0.795573 0.777879 0.795573 0.776965 0.794922 0.776051 0.794922 0.775137 0.794271 0.775137 0.793620 0.774223 0.792969 0.773309 0.792318 0.774223 0.791667 0.775137 0.791016 0.775137 0.790365 0.776051 0.790365 0.776965 0.789714 0.777879 0.789714 0.778793 0.789714 0.779707 0.789714 0.780622 0.789714 0.781536 0.789714 0.782450 0.790365 0.783364 0.789714 0.784278 0.789062 0.785192 0.789062 0.786106 0.788411 0.787020 0.787760 0.787934 0.787109 0.787020 0.786458 0.787934 0.785807 0.788848 0.785156 0.789762 0.784505 0.790676 0.783854 0.791590 0.783203 0.792505 0.783203 0.793419 0.783203 0.794333 0.782552 0.795247 0.782552 0.796161 0.782552 0.797075 0.781901 0.797989 0.781250 0.798903 0.780599 0.798903 0.779948 0.799817 0.779297 0.799817 0.778646 0.800731 0.777995 0.799817 0.777344 0.798903 0.777995 0.797989 0.777995 0.797075 0.777995 0.796161 0.778646 0.795247 0.777995 0.794333 0.777995 0.793419 0.777995 0.792505 0.777344 0.791590 0.777344 0.790676 0.776693 0.789762 0.776693 0.788848 0.776042 0.787934 0.775391 0.787934 0.774740 0.787020 0.774089 0.786106 0.773438 0.785192 0.772786 0.784278 0.772135 0.783364 0.772786 0.782450 0.772786 0.781536 0.772135 0.780622 0.772135 0.779707 0.771484 0.778793 0.770833 0.777879 0.771484 0.776965 0.770833 0.776051 0.771484 0.775137 0.770833 0.776051 0.770182 0.775137 0.769531 0.774223 0.769531 0.773309 0.769531 0.772395 0.769531 0.771481 0.768880 0.770567 0.768880 0.769653 0.768880 0.768739 0.768229 0.767824 0.768880 0.766910 0.768229 0.765996 0.767578 0.765082 0.768229 0.764168 0.768229 0.763254 0.768229 0.762340 0.768229 0.761426 0.767578 0.760512 0.768229 0.759598 0.767578 0.758684 0.766927 0.757770 0.766276 0.756856 0.765625 0.757770 0.764974 0.757770 0.764323 0.756856 0.763672 0.757770 0.763021 0.757770 0.762370 0.756856 0.761719 0.755941 0.761068 0.755027 0.760417 0.754113 0.759766 0.755027 0.759115 0.754113 0.758464 0.754113 0.757812 0.755027 0.757161 0.755027 0.756510 0.755027
0 0.464844 0.754113 0.464193 0.755027 0.463542 0.755027 0.464193 0.755941 0.463542 0.756856 0.463542 0.757770 0.463542 0.758684 0.462891 0.759598 0.462240 0.760512 0.461589 0.759598 0.460938 0.758684 0.460286 0.757770 0.460286 0.758684 0.459635 0.759598 0.459635 0.760512 0.459635 0.761426 0.458984 0.762340 0.459635 0.763254 0.458984 0.764168 0.458984 0.765082 0.458984 0.765996 0.458984 0.766910 0.458333 0.767824 0.458984 0.768739 0.458333 0.769653 0.458333 0.770567 0.457682 0.771481 0.458333 0.772395 0.458333 0.773309 0.458333 0.774223 0.458984 0.775137 0.459635 0.776051 0.459635 0.776965 0.458984 0.777879 0.458984 0.778793 0.458984 0.779707 0.459635 0.780622 0.458984 0.781536 0.459635 0.782450 0.459635 0.783364 0.460286 0.784278 0.459635 0.785192 0.458984 0.786106 0.458333 0.787020 0.457682 0.787934 0.457031 0.787020 0.456380 0.787934 0.455729 0.787934 0.455078 0.787934 0.454427 0.787020 0.453776 0.786106 0.453776 0.785192 0.453776 0.784278 0.453125 0.783364 0.452474 0.782450 0.451823 0.782450 0.451172 0.781536 0.450521 0.780622 0.449870 0.780622 0.449219 0.779707 0.448568 0.778793 0.448568 0.777879 0.448568 0.776965 0.447917 0.776051 0.447266 0.775137 0.446615 0.774223 0.445964 0.773309 0.445312 0.773309 0.444661 0.773309 0.444010 0.772395 0.443359 0.772395 0.442708 0.773309 0.442057 0.774223 0.441406 0.774223 0.440755 0.774223 0.440755 0.775137 0.440104 0.776051 0.440104 0.776965 0.439453 0.777879 0.439453 0.778793 0.440104 0.779707 0.440104 0.780622 0.440755 0.781536 0.440104 0.782450 0.440755 0.783364 0.441406 0.783364 0.442057 0.783364 0.442708 0.784278 0.443359 0.785192 0.444010 0.784278 0.444661 0.784278 0.445312 0.785192 0.445964 0.784278 0.446615 0.785192 0.447266 0.785192 0.447917 0.785192 0.448568 0.785192 0.449219 0.785192 0.449870 0.786106 0.450521 0.787020 0.451172 0.787934 0.451823 0.788848 0.452474 0.789762 0.453125 0.790676 0.452474 0.791590 0.451823 0.792505 0.451172 0.792505 0.450521 0.793419 0.450521 0.794333 0.450521 0.795247 0.451172 0.796161 0.451823 0.797075 0.452474 0.797075 0.453125 0.797075 0.453776 0.797075 0.454427 0.796161 0.455078 0.797075 0.455729 0.797989 0.456380 0.798903 0.457031 0.799817 0.457682 0.800731 0.457682 0.801645 0.457682 0.802559 0.457031 0.803473 0.456380 0.804388 0.455729 0.804388 0.455078 0.805302 0.454427 0.804388 0.453776 0.803473 0.453125 0.804388 0.452474 0.804388 0.452474 0.805302 0.452474 0.806216 0.453125 0.806216 0.453776 0.807130 0.454427 0.808044 0.455078 0.808044 0.455729 0.807130 0.456380 0.807130 0.457031 0.806216 0.457682 0.806216 0.458333 0.807130 0.458984 0.808044 0.458984 0.808958 0.459635 0.809872 0.458984 0.810786 0.458333 0.811700 0.458984 0.812614 0.458333 0.813528 0.457682 0.814442 0.457031 0.815356 0.457031 0.816271 0.457031 0.817185 0.456380 0.818099 0.455729 0.819013 0.456380 0.819927 0.456380 0.820841 0.457031 0.821755 0.457682 0.822669 0.458333 0.823583 0.458984 0.824497 0.459635 0.824497 0.460286 0.825411 0.460938 0.826325 0.460938 0.827239 0.461589 0.828154 0.460938 0.829068 0.460286 0.829982 0.459635 0.830896 0.458984 0.829982 0.458984 0.830896 0.458333 0.831810 0.457682 0.832724 0.457682 0.833638 0.458333 0.833638 0.458984 0.833638 0.459635 0.834552 0.460286 0.835466 0.460938 0.836380 0.461589 0.837294 0.460938 0.838208 0.461589 0.839122 0.461589 0.840037 0.460938 0.840951 0.460938 0.841865 0.461589 0.842779 0.460938 0.843693 0.461589 0.844607 0.460938 0.845521 0.460286 0.846435 0.460938 0.847349 0.461589 0.848263 0.460938 0.849177 0.460286 0.850091 0.460938 0.851005 0.461589 0.850091 0.462240 0.850091 0.462891 0.849177 0.463542 0.848263 0.463542 0.847349 0.464193 0.846435 0.464844 0.845521 0.464844 0.844607 0.464193 0.843693 0.464844 0.842779 0.464844 0.841865 0.464844 0.840951 0.464844 0.840037 0.465495 0.839122 0.464844 0.838208 0.465495 0.837294 0.464844 0.836380 0.464844 0.835466 0.464844 0.834552 0.464844 0.833638 0.464193 0.832724 0.464844 0.831810 0.465495 0.830896 0.466146 0.829982 0.466146 0.829068 0.466797 0.828154 0.467448 0.827239 0.468099 0.827239 0.468750 0.826325 0.468750 0.825411 0.468750 0.824497 0.469401 0.823583 0.469401 0.822669 0.470052 0.821755 0.470703 0.820841 0.470052 0.819927 0.470052 0.819013 0.470703 0.818099 0.470703 0.817185 0.470052 0.816271 0.469401 0.815356 0.468750 0.816271 0.468099 0.817185 0.467448 0.818099 0.466797 0.817185 0.466797 0.818099 0.466146 0.819013 0.465495 0.819927 0.464844 0.819013 0.464193 0.819927 0.463542 0.819013 0.462891 0.818099 0.462891 0.817185 0.462891 0.816271 0.462891 0.815356 0.462240 0.814442 0.462891 0.813528 0.462240 0.812614 0.461589 0.811700 0.461589 0.810786 0.461589 0.809872 0.462240 0.808958 0.461589 0.808044 0.461589 0.807130 0.461589 0.806216 0.461589 0.805302 0.460938 0.805302 0.460286 0.804388 0.459635 0.803473 0.459635 0.802559 0.458984 0.801645 0.459635 0.800731 0.458984 0.799817 0.458333 0.798903 0.458984 0.797989 0.458333 0.797075 0.458984 0.796161 0.459635 0.795247 0.460286 0.795247 0.460286 0.794333 0.460938 0.793419 0.461589 0.792505 0.462240 0.791590 0.462891 0.790676 0.463542 0.790676 0.462891 0.789762 0.462891 0.788848 0.463542 0.787934 0.462891 0.787020 0.462891 0.786106 0.462891 0.785192 0.462891 0.784278 0.462891 0.783364 0.463542 0.782450 0.464193 0.781536 0.464844 0.780622 0.465495 0.779707 0.466146 0.779707 0.466797 0.778793 0.467448 0.777879 0.468099 0.777879 0.468750 0.777879 0.469401 0.776965 0.470052 0.776051 0.470703 0.775137 0.471354 0.774223 0.472005 0.774223 0.472656 0.774223 0.473307 0.774223 0.473958 0.774223 0.474609 0.773309 0.475260 0.772395 0.474609 0.771481 0.474609 0.770567 0.474609 0.769653 0.473958 0.768739 0.473307 0.767824 0.472656 0.766910 0.472005 0.767824 0.471354 0.768739 0.470703 0.768739 0.470052 0.769653 0.469401 0.770567 0.468750 0.771481 0.468099 0.771481 0.467448 0.771481 0.466797 0.772395 0.466146 0.773309 0.465495 0.774223 0.464844 0.775137 0.464193 0.774223 0.463542 0.774223 0.462891 0.773309 0.462240 0.772395 0.462240 0.771481 0.461589 0.772395 0.460938 0.771481 0.460286 0.770567 0.460938 0.769653 0.460286 0.768739 0.460938 0.767824 0.460938 0.766910 0.460938 0.765996 0.461589 0.765082 0.462240 0.764168 0.462891 0.765082 0.463542 0.764168 0.464193 0.765082 0.464844 0.764168 0.465495 0.763254 0.466146 0.763254 0.466146 0.762340 0.466797 0.761426 0.467448 0.760512 0.468099 0.759598 0.468099 0.758684 0.468099 0.757770 0.468750 0.756856 0.468750 0.755941 0.468099 0.755941 0.467448 0.755027 0.466797 0.754113 0.466146 0.755027 0.465495 0.754113
0 0.214844 0.752285 0.214193 0.753199 0.213542 0.754113 0.212891 0.755027 0.213542 0.755941 0.214193 0.756856 0.214193 0.757770 0.214193 0.758684 0.214844 0.759598 0.215495 0.760512 0.216146 0.761426 0.216797 0.761426 0.217448 0.761426 0.218099 0.761426 0.218750 0.762340 0.219401 0.762340 0.220052 0.763254 0.220703 0.763254 0.221354 0.764168 0.222005 0.764168 0.222656 0.765082 0.223307 0.764168 0.223958 0.763254 0.224609 0.762340 0.224609 0.761426 0.223958 0.760512 0.224609 0.759598 0.223958 0.758684 0.223307 0.757770 0.222656 0.758684 0.222005 0.757770 0.221354 0.756856 0.220703 0.755941 0.220052 0.755027 0.220052 0.754113 0.219401 0.755027 0.218750 0.755027 0.218099 0.754113 0.217448 0.754113 0.216797 0.753199 0.216146 0.753199 0.215495 0.753199
0 0.966797 0.746801 0.966146 0.747715 0.965495 0.748629 0.964844 0.748629 0.964844 0.749543 0.965495 0.750457 0.965495 0.751371 0.965495 0.752285 0.966146 0.752285 0.966797 0.752285 0.967448 0.753199 0.968099 0.754113 0.968750 0.755027 0.968750 0.755941 0.969401 0.756856 0.970052 0.755941 0.970703 0.755941 0.971354 0.756856 0.972005 0.756856 0.972656 0.757770 0.973307 0.758684 0.973958 0.759598 0.974609 0.760512 0.975260 0.760512 0.975911 0.759598 0.976562 0.760512 0.977214 0.760512 0.977865 0.760512 0.978516 0.761426 0.979167 0.762340 0.979818 0.761426 0.980469 0.762340 0.981120 0.763254 0.981771 0.762340 0.982422 0.763254 0.983073 0.763254 0.983724 0.763254 0.984375 0.764168 0.985026 0.765082 0.985677 0.764168 0.986328 0.765082 0.986979 0.765996 0.986328 0.766910 0.986979 0.765996 0.987630 0.766910 0.988281 0.767824 0.987630 0.768739 0.988281 0.769653 0.987630 0.770567 0.987630 0.771481 0.986979 0.772395 0.987630 0.773309 0.988281 0.774223 0.988932 0.774223 0.989583 0.774223 0.990234 0.775137 0.990885 0.776051 0.990885 0.776965 0.990234 0.777879 0.989583 0.778793 0.989583 0.779707 0.989583 0.780622 0.988932 0.781536 0.988281 0.782450 0.987630 0.782450 0.986979 0.783364 0.986328 0.782450 0.985677 0.781536 0.985677 0.782450 0.985026 0.783364 0.985677 0.784278 0.985026 0.785192 0.985677 0.785192 0.986328 0.786106 0.986979 0.787020 0.987630 0.786106 0.988281 0.786106 0.988932 0.785192 0.989583 0.785192 0.989583 0.784278 0.990234 0.783364 0.990885 0.782450 0.990885 0.781536 0.990885 0.780622 0.991536 0.779707 0.992188 0.778793 0.992839 0.778793 0.992188 0.778793 0.991536 0.777879 0.990885 0.776965 0.990885 0.776051 0.990234 0.775137 0.990885 0.774223 0.991536 0.773309 0.992188 0.772395 0.992839 0.773309 0.992188 0.772395 0.992839 0.771481 0.993490 0.770567 0.992839 0.769653 0.992188 0.768739 0.992188 0.767824 0.992188 0.766910 0.992839 0.765996 0.992839 0.765082 0.993490 0.764168 0.994141 0.763254 0.994792 0.763254 0.995443 0.762340 0.996094 0.761426 0.996745 0.761426 0.997396 0.760512 0.998047 0.760512 0.998698 0.760512 0.998698 0.759598 0.998698 0.758684 0.998698 0.757770 0.998698 0.756856 0.998698 0.755941 0.998698 0.755027 0.998047 0.755941 0.997396 0.756856 0.996745 0.757770 0.996094 0.758684 0.996094 0.759598 0.995443 0.760512 0.994792 0.761426 0.994141 0.761426 0.993490 0.761426 0.992839 0.762340 0.992188 0.762340 0.991536 0.761426 0.990885 0.762340 0.990234 0.762340 0.989583 0.761426 0.990234 0.762340 0.989583 0.763254 0.988932 0.764168 0.988281 0.763254 0.987630 0.762340 0.987630 0.761426 0.986979 0.762340 0.986328 0.761426 0.985677 0.760512 0.985026 0.761426 0.984375 0.760512 0.983724 0.761426 0.983073 0.760512 0.982422 0.759598 0.981771 0.758684 0.981120 0.757770 0.981120 0.756856 0.980469 0.755941 0.980469 0.755027 0.979818 0.755027 0.979167 0.755027 0.978516 0.755941 0.977865 0.755941 0.977214 0.755027 0.976562 0.754113 0.975911 0.754113 0.975260 0.753199 0.974609 0.752285 0.973958 0.751371 0.973307 0.750457 0.972656 0.749543 0.972005 0.748629 0.971354 0.748629 0.970703 0.747715 0.970052 0.747715 0.969401 0.747715 0.968750 0.746801 0.968099 0.747715 0.967448 0.747715
0 0.306641 0.741316 0.305990 0.742230 0.305339 0.743144 0.304688 0.743144 0.304688 0.744059 0.305339 0.744973 0.304688 0.745887 0.304036 0.746801 0.304688 0.747715 0.304036 0.748629 0.304036 0.749543 0.304688 0.750457 0.305339 0.751371 0.305990 0.752285 0.306641 0.753199 0.307292 0.754113 0.307943 0.754113 0.308594 0.755027 0.309245 0.755027 0.309896 0.754113 0.310547 0.755027 0.311198 0.755027 0.311849 0.755027 0.312500 0.755027 0.313151 0.755941 0.313802 0.756856 0.314453 0.757770 0.314453 0.758684 0.315104 0.759598 0.315755 0.759598 0.316406 0.759598 0.317057 0.759598 0.317708 0.759598 0.318359 0.760512 0.319010 0.759598 0.319661 0.760512 0.320312 0.761426 0.320312 0.762340 0.320312 0.763254 0.320312 0.764168 0.320964 0.765082 0.320312 0.765996 0.319661 0.766910 0.319010 0.767824 0.318359 0.766910 0.317708 0.766910 0.317057 0.765996 0.316406 0.765996 0.315755 0.765996 0.315104 0.765082 0.314453 0.765082 0.313802 0.765996 0.313151 0.765996 0.313802 0.766910 0.313151 0.767824 0.313802 0.768739 0.314453 0.768739 0.315104 0.768739 0.315755 0.769653 0.316406 0.769653 0.317057 0.769653 0.317708 0.769653 0.318359 0.770567 0.319010 0.771481 0.319661 0.772395 0.320312 0.773309 0.319661 0.774223 0.319661 0.775137 0.319010 0.776051 0.318359 0.776965 0.317708 0.776051 0.317057 0.775137 0.316406 0.774223 0.315755 0.775137 0.315104 0.775137 0.314453 0.776051 0.314453 0.776965 0.314453 0.777879 0.315104 0.778793 0.315755 0.779707 0.316406 0.779707 0.317057 0.779707 0.317708 0.779707 0.318359 0.780622 0.319010 0.781536 0.319010 0.782450 0.319661 0.783364 0.320312 0.784278 0.320964 0.785192 0.321615 0.786106 0.321615 0.787020 0.321615 0.787934 0.321615 0.788848 0.321615 0.789762 0.321615 0.790676 0.321615 0.791590 0.321615 0.792505 0.320964 0.793419 0.321615 0.794333 0.321615 0.795247 0.322266 0.796161 0.322266 0.797075 0.321615 0.797989 0.322266 0.798903 0.322266 0.799817 0.322266 0.800731 0.322917 0.801645 0.322266 0.802559 0.321615 0.803473 0.320964 0.803473 0.320312 0.803473 0.319661 0.802559 0.319010 0.802559 0.318359 0.802559 0.317708 0.801645 0.317057 0.802559 0.317057 0.803473 0.316406 0.804388 0.316406 0.805302 0.317057 0.806216 0.317708 0.807130 0.318359 0.808044 0.317708 0.808958 0.318359 0.809872 0.318359 0.810786 0.319010 0.811700 0.318359 0.812614 0.318359 0.813528 0.319010 0.814442 0.319010 0.815356 0.319010 0.816271 0.319661 0.817185 0.319661 0.818099 0.319010 0.819013 0.319661 0.819927 0.319661 0.820841 0.320312 0.821755 0.319661 0.822669 0.319661 0.823583 0.319010 0.824497 0.319661 0.825411 0.319010 0.826325 0.319010 0.827239 0.319661 0.828154 0.319010 0.829068 0.318359 0.829982 0.317708 0.829982 0.317708 0.830896 0.317708 0.831810 0.318359 0.832724 0.318359 0.833638 0.319010 0.832724 0.319010 0.831810 0.319010 0.830896 0.319661 0.829982 0.320312 0.829068 0.320964 0.829068 0.321615 0.829982 0.320964 0.829068 0.321615 0.828154 0.322266 0.827239 0.322917 0.827239 0.322266 0.826325 0.322266 0.825411 0.322266 0.824497 0.322917 0.823583 0.323568 0.822669 0.324219 0.821755 0.324870 0.820841 0.324219 0.819927 0.324870 0.819013 0.324870 0.818099 0.324219 0.817185 0.323568 0.816271 0.324219 0.815356 0.324219 0.814442 0.324870 0.813528 0.325521 0.812614 0.326172 0.811700 0.326823 0.811700 0.327474 0.810786 0.328125 0.809872 0.328776 0.808958 0.329427 0.808044 0.330078 0.808044 0.330078 0.807130 0.330078 0.806216 0.330729 0.805302 0.330078 0.804388 0.329427 0.803473 0.328776 0.802559 0.328125 0.802559 0.327474 0.802559 0.326823 0.803473 0.326172 0.802559 0.325521 0.803473 0.324870 0.803473 0.324219 0.803473 0.323568 0.802559 0.323568 0.801645 0.324219 0.800731 0.323568 0.799817 0.324219 0.798903 0.324870 0.797989 0.325521 0.797075 0.325521 0.796161 0.326172 0.795247 0.326823 0.794333 0.327474 0.793419 0.328125 0.792505 0.328776 0.791590 0.329427 0.790676 0.330078 0.791590 0.330729 0.791590 0.331380 0.790676 0.332031 0.789762 0.332682 0.789762 0.333333 0.789762 0.333984 0.789762 0.333984 0.788848 0.333333 0.787934 0.333333 0.787020 0.332682 0.787020 0.332031 0.786106 0.331380 0.785192 0.331380 0.784278 0.330729 0.785192 0.330078 0.784278 0.329427 0.784278 0.328776 0.783364 0.328125 0.782450 0.327474 0.781536 0.328125 0.780622 0.327474 0.779707 0.328125 0.778793 0.327474 0.777879 0.326823 0.777879 0.326172 0.776965 0.325521 0.776965 0.324870 0.776965 0.324219 0.776051 0.323568 0.776965 0.322917 0.776051 0.322266 0.775137 0.322266 0.774223 0.321615 0.773309 0.322266 0.772395 0.322917 0.771481 0.323568 0.772395 0.324219 0.772395 0.324870 0.772395 0.325521 0.771481 0.325521 0.770567 0.325521 0.769653 0.325521 0.768739 0.324870 0.767824 0.324219 0.767824 0.323568 0.766910 0.322917 0.765996 0.323568 0.765082 0.324219 0.764168 0.324870 0.763254 0.325521 0.763254 0.326172 0.762340 0.326823 0.762340 0.327474 0.761426 0.328125 0.760512 0.328776 0.759598 0.329427 0.758684 0.330078 0.758684 0.330729 0.759598 0.331380 0.758684 0.332031 0.759598 0.332682 0.760512 0.333333 0.760512 0.333984 0.760512 0.334635 0.760512 0.335286 0.760512 0.335938 0.759598 0.335938 0.758684 0.335286 0.757770 0.335286 0.756856 0.334635 0.755941 0.334635 0.755027 0.333984 0.755027 0.333333 0.754113 0.332682 0.754113 0.332031 0.753199 0.331380 0.754113 0.330729 0.753199 0.330078 0.754113 0.329427 0.755027 0.328776 0.755027 0.328125 0.755027 0.327474 0.755027 0.326823 0.755941 0.326823 0.756856 0.326172 0.757770 0.325521 0.758684 0.324870 0.758684 0.324219 0.759598 0.323568 0.760512 0.322917 0.759598 0.322266 0.760512 0.321615 0.759598 0.320964 0.758684 0.320964 0.757770 0.320312 0.757770 0.319661 0.757770 0.319010 0.757770 0.318359 0.756856 0.317708 0.755941 0.317057 0.755027 0.316406 0.754113 0.315755 0.753199 0.315104 0.752285 0.315104 0.751371 0.314453 0.750457 0.313802 0.749543 0.313151 0.748629 0.313802 0.747715 0.313151 0.748629 0.312500 0.747715 0.311849 0.746801 0.311198 0.745887 0.310547 0.744973 0.310547 0.744059 0.309896 0.744059 0.309245 0.743144 0.308594 0.743144 0.307943 0.742230 0.307292 0.742230
0 0.216797 0.737660 0.216146 0.738574 0.215495 0.739488 0.214844 0.739488 0.214844 0.740402 0.214193 0.741316 0.213542 0.742230 0.214193 0.743144 0.214844 0.744059 0.215495 0.744973 0.216146 0.745887 0.216797 0.744973 0.217448 0.745887 0.218099 0.745887 0.218750 0.745887 0.219401 0.745887 0.220052 0.745887 0.220703 0.745887 0.221354 0.745887 0.222005 0.745887 0.222656 0.746801 0.223307 0.746801 0.223958 0.747715 0.224609 0.748629 0.225260 0.748629 0.225911 0.749543 0.226562 0.750457 0.227214 0.751371 0.227865 0.752285 0.227865 0.753199 0.228516 0.753199 0.229167 0.753199 0.229818 0.754113 0.229818 0.753199 0.230469 0.752285 0.231120 0.751371 0.231771 0.751371 0.232422 0.750457 0.233073 0.749543 0.233724 0.749543 0.234375 0.750457 0.235026 0.749543 0.235677 0.749543 0.236328 0.749543 0.236979 0.748629 0.237630 0.747715 0.238281 0.747715 0.238932 0.746801 0.238281 0.746801 0.237630 0.745887 0.236979 0.744973 0.236328 0.744059 0.235677 0.743144 0.235677 0.742230 0.235026 0.743144 0.234375 0.744059 0.233724 0.744059 0.233073 0.744059 0.232422 0.744973 0.231771 0.744059 0.231120 0.744059 0.230469 0.744973 0.229818 0.744973 0.229167 0.745887 0.228516 0.746801 0.227865 0.745887 0.227214 0.744973 0.226562 0.744059 0.225911 0.744059 0.225260 0.743144 0.224609 0.742230 0.223958 0.741316 0.223307 0.740402 0.222656 0.739488 0.222005 0.739488 0.221354 0.739488 0.220703 0.739488 0.220052 0.738574 0.219401 0.738574 0.218750 0.738574 0.218099 0.738574 0.217448 0.737660
0 0.020182 0.735832 0.019531 0.736746 0.018880 0.737660 0.018229 0.737660 0.017578 0.738574 0.016927 0.739488 0.016276 0.739488 0.016276 0.740402 0.016927 0.741316 0.016276 0.742230 0.016276 0.743144 0.016927 0.744059 0.016927 0.744973 0.016927 0.745887 0.016927 0.746801 0.016276 0.747715 0.015625 0.748629 0.014974 0.748629 0.014323 0.747715 0.013672 0.747715 0.013021 0.747715 0.012370 0.747715 0.011719 0.747715 0.011068 0.747715 0.010417 0.746801 0.009766 0.747715 0.009115 0.747715 0.008464 0.747715 0.007812 0.747715 0.007812 0.748629 0.008464 0.749543 0.007812 0.750457 0.007812 0.751371 0.007161 0.752285 0.007812 0.753199 0.008464 0.754113 0.009115 0.755027 0.008464 0.755941 0.008464 0.756856 0.009115 0.757770 0.009766 0.757770 0.010417 0.758684 0.011068 0.758684 0.011719 0.759598 0.012370 0.759598 0.013021 0.760512 0.013672 0.760512 0.014323 0.760512 0.014974 0.761426 0.015625 0.761426 0.016276 0.761426 0.016927 0.761426 0.017578 0.762340 0.018229 0.761426 0.018880 0.762340 0.019531 0.763254 0.019531 0.764168 0.020182 0.765082 0.020833 0.765996 0.020833 0.766910 0.020833 0.767824 0.021484 0.768739 0.022135 0.768739 0.022786 0.767824 0.023438 0.768739 0.024089 0.767824 0.024740 0.766910 0.025391 0.765996 0.026042 0.766910 0.026693 0.765996 0.027344 0.765082 0.027995 0.765082 0.028646 0.764168 0.029297 0.763254 0.029948 0.764168 0.030599 0.763254 0.031250 0.762340 0.031901 0.761426 0.031250 0.760512 0.031901 0.759598 0.031250 0.758684 0.031250 0.757770 0.030599 0.757770 0.029948 0.756856 0.029297 0.756856 0.028646 0.755941 0.027995 0.756856 0.027344 0.756856 0.026693 0.757770 0.026693 0.758684 0.026042 0.759598 0.025391 0.760512 0.024740 0.761426 0.024089 0.762340 0.023438 0.761426 0.022786 0.760512 0.022786 0.759598 0.023438 0.758684 0.023438 0.757770 0.023438 0.756856 0.023438 0.755941 0.024089 0.755027 0.024089 0.754113 0.024089 0.753199 0.024089 0.752285 0.024089 0.751371 0.024740 0.750457 0.025391 0.749543 0.026042 0.749543 0.026693 0.748629 0.027344 0.747715 0.027995 0.746801 0.028646 0.745887 0.027995 0.744973 0.027995 0.744059 0.028646 0.743144 0.027995 0.743144 0.027344 0.742230 0.026693 0.741316 0.026042 0.740402 0.026042 0.739488 0.025391 0.738574 0.024740 0.737660 0.025391 0.736746 0.024740 0.737660 0.024089 0.736746 0.023438 0.736746 0.022786 0.735832 0.022135 0.735832 0.021484 0.736746 0.020833 0.736746
0 0.336589 0.734004 0.335938 0.734918 0.335286 0.734918 0.334635 0.735832 0.333984 0.736746 0.333333 0.737660 0.332682 0.738574 0.332031 0.739488 0.332031 0.740402 0.331380 0.741316 0.330729 0.742230 0.330078 0.743144 0.330078 0.744059 0.329427 0.744973 0.328776 0.745887 0.329427 0.746801 0.328776 0.747715 0.329427 0.747715 0.330078 0.747715 0.330729 0.748629 0.331380 0.748629 0.332031 0.749543 0.332682 0.748629 0.333333 0.748629 0.333984 0.747715 0.334635 0.748629 0.335286 0.747715 0.335938 0.747715 0.336589 0.748629 0.337240 0.747715 0.337891 0.747715 0.338542 0.747715 0.339193 0.747715 0.339844 0.746801 0.340495 0.746801 0.341146 0.745887 0.341797 0.745887 0.342448 0.744973 0.343099 0.744973 0.343099 0.744059 0.343099 0.743144 0.343099 0.742230 0.342448 0.741316 0.343099 0.740402 0.342448 0.739488 0.341797 0.739488 0.341146 0.738574 0.340495 0.737660 0.341146 0.736746 0.340495 0.735832 0.340495 0.734918 0.339844 0.734918 0.339193 0.734004 0.338542 0.734004 0.337891 0.734004 0.337240 0.734004
0 0.982422 0.733090 0.981771 0.734004 0.981120 0.734918 0.980469 0.735832 0.981120 0.736746 0.981771 0.737660 0.981771 0.738574 0.982422 0.738574 0.983073 0.738574 0.983724 0.739488 0.984375 0.739488 0.985026 0.739488 0.985677 0.740402 0.986328 0.740402 0.986979 0.740402 0.987630 0.740402 0.988281 0.740402 0.988932 0.739488 0.989583 0.739488 0.989583 0.738574 0.988932 0.737660 0.988281 0.736746 0.987630 0.735832 0.987630 0.734918 0.986979 0.734918 0.986328 0.734918 0.985677 0.734004 0.985026 0.733090 0.984375 0.734004 0.983724 0.733090 0.983073 0.734004
0 0.798177 0.733090 0.797526 0.734004 0.796875 0.734004 0.796224 0.734004 0.795573 0.734918 0.794922 0.734918 0.794922 0.735832 0.794271 0.736746 0.793620 0.737660 0.792969 0.738574 0.792318 0.739488 0.792969 0.740402 0.792318 0.741316 0.792969 0.742230 0.792318 0.743144 0.792318 0.744059 0.791667 0.744973 0.792318 0.745887 0.792969 0.746801 0.792969 0.747715 0.792969 0.748629 0.792318 0.749543 0.791667 0.750457 0.791016 0.751371 0.790365 0.750457 0.789714 0.751371 0.790365 0.752285 0.791016 0.753199 0.790365 0.754113 0.789714 0.755027 0.789062 0.755941 0.788411 0.756856 0.788411 0.757770 0.787760 0.758684 0.787109 0.759598 0.786458 0.758684 0.785807 0.759598 0.786458 0.760512 0.785807 0.761426 0.785156 0.762340 0.784505 0.761426 0.783854 0.762340 0.783203 0.763254 0.782552 0.763254 0.781901 0.762340 0.782552 0.763254 0.782552 0.764168 0.782552 0.765082 0.782552 0.765996 0.782552 0.766910 0.782552 0.767824 0.781901 0.768739 0.781250 0.769653 0.780599 0.770567 0.779948 0.770567 0.779297 0.769653 0.778646 0.768739 0.777995 0.767824 0.777344 0.766910 0.776693 0.767824 0.776042 0.767824 0.776042 0.768739 0.776042 0.769653 0.776693 0.770567 0.776042 0.771481 0.776693 0.772395 0.777344 0.773309 0.777344 0.774223 0.776693 0.775137 0.777344 0.776051 0.777344 0.776965 0.777344 0.777879 0.777344 0.778793 0.777344 0.779707 0.777995 0.779707 0.778646 0.780622 0.779297 0.779707 0.779297 0.778793 0.779948 0.777879 0.780599 0.776965 0.780599 0.776051 0.780599 0.775137 0.781250 0.774223 0.781901 0.773309 0.781901 0.772395 0.781901 0.771481 0.782552 0.770567 0.782552 0.769653 0.783203 0.768739 0.783854 0.767824 0.784505 0.767824 0.785156 0.766910 0.785807 0.766910 0.785156 0.765996 0.785807 0.765082 0.786458 0.764168 0.787109 0.764168 0.787760 0.764168 0.788411 0.763254 0.788411 0.762340 0.789062 0.761426 0.789714 0.760512 0.790365 0.759598 0.791016 0.758684 0.791667 0.758684 0.792318 0.758684 0.792969 0.758684 0.793620 0.757770 0.794271 0.758684 0.794922 0.758684 0.795573 0.757770 0.796224 0.757770 0.796875 0.757770 0.797526 0.756856 0.798177 0.757770 0.798828 0.757770 0.799479 0.756856 0.800130 0.756856 0.799479 0.755941 0.799479 0.755027 0.798828 0.754113 0.799479 0.753199 0.799479 0.752285 0.800130 0.751371 0.800130 0.750457 0.800130 0.749543 0.800130 0.748629 0.800781 0.747715 0.801432 0.746801 0.802083 0.745887 0.802734 0.744973 0.803385 0.744973 0.804036 0.744059 0.803385 0.743144 0.803385 0.742230 0.803385 0.741316 0.803385 0.740402 0.802734 0.739488 0.802734 0.738574 0.802083 0.737660 0.801432 0.737660 0.800781 0.736746 0.800130 0.735832 0.799479 0.734918 0.798828 0.734004
0 0.445964 0.732176 0.445312 0.733090 0.444661 0.733090 0.444010 0.733090 0.443359 0.733090 0.442708 0.734004 0.442057 0.734004 0.442057 0.734918 0.442057 0.735832 0.441406 0.736746 0.442057 0.737660 0.441406 0.738574 0.442057 0.739488 0.442708 0.740402 0.442708 0.741316 0.442708 0.742230 0.442708 0.743144 0.442057 0.744059 0.442057 0.744973 0.442057 0.745887 0.442708 0.746801 0.442708 0.747715 0.442708 0.748629 0.442708 0.749543 0.443359 0.750457 0.444010 0.751371 0.444010 0.752285 0.444661 0.753199 0.445312 0.753199 0.445964 0.753199 0.446615 0.753199 0.447266 0.753199 0.447917 0.752285 0.448568 0.753199 0.449219 0.752285 0.449870 0.752285 0.450521 0.751371 0.451172 0.752285 0.451823 0.752285 0.452474 0.751371 0.453125 0.751371 0.453776 0.751371 0.454427 0.751371 0.455078 0.751371 0.455729 0.751371 0.456380 0.752285 0.457031 0.752285 0.457682 0.752285 0.458333 0.751371 0.458984 0.752285 0.459635 0.753199 0.458984 0.754113 0.458333 0.755027 0.458984 0.754113 0.459635 0.755027 0.460286 0.755941 0.460286 0.755027 0.460938 0.754113 0.460286 0.753199 0.459635 0.752285 0.458984 0.752285 0.458333 0.751371 0.457682 0.750457 0.457682 0.749543 0.457682 0.748629 0.457031 0.748629 0.456380 0.747715 0.455729 0.746801 0.455729 0.745887 0.455078 0.744973 0.455078 0.744059 0.455078 0.743144 0.455078 0.742230 0.455078 0.741316 0.454427 0.740402 0.453776 0.739488 0.453125 0.739488 0.452474 0.738574 0.451823 0.737660 0.451172 0.737660 0.450521 0.736746 0.449870 0.735832 0.449219 0.734918 0.449219 0.734004 0.448568 0.734004 0.447917 0.733090 0.447266 0.733090 0.446615 0.733090
0 0.667318 0.722121 0.666667 0.723035 0.666016 0.723949 0.666016 0.724863 0.665365 0.725777 0.665365 0.726691 0.666016 0.727605 0.665365 0.728519 0.664714 0.729433 0.665365 0.730347 0.664714 0.731261 0.664062 0.732176 0.664062 0.733090 0.664714 0.734004 0.665365 0.734918 0.664714 0.735832 0.664714 0.736746 0.664714 0.737660 0.664714 0.738574 0.665365 0.739488 0.664714 0.740402 0.664714 0.741316 0.664714 0.742230 0.665365 0.743144 0.665365 0.744059 0.666016 0.744973 0.666016 0.745887 0.666667 0.744973 0.667318 0.745887 0.667969 0.745887 0.668620 0.746801 0.669271 0.746801 0.669922 0.747715 0.669922 0.746801 0.669922 0.745887 0.670573 0.744973 0.669922 0.744059 0.669922 0.743144 0.669922 0.742230 0.669271 0.741316 0.669271 0.740402 0.668620 0.739488 0.667969 0.738574 0.667318 0.737660 0.667318 0.736746 0.667969 0.735832 0.667318 0.734918 0.667318 0.734004 0.667969 0.733090 0.668620 0.732176 0.669271 0.731261 0.669922 0.730347 0.670573 0.729433 0.671224 0.729433 0.671875 0.729433 0.672526 0.728519 0.671875 0.727605 0.671875 0.726691 0.671875 0.725777 0.671875 0.724863 0.671875 0.723949 0.671224 0.723949 0.670573 0.723035 0.669922 0.723035 0.669271 0.723949 0.668620 0.723035 0.667969 0.722121
0 0.471354 0.720293 0.471354 0.721207 0.470703 0.722121 0.470052 0.723035 0.469401 0.723949 0.470052 0.724863 0.469401 0.725777 0.468750 0.726691 0.468099 0.727605 0.468099 0.728519 0.468099 0.729433 0.467448 0.730347 0.467448 0.731261 0.467448 0.732176 0.466797 0.733090 0.466146 0.734004 0.465495 0.734004 0.464844 0.734004 0.464193 0.734918 0.463542 0.734918 0.464193 0.735832 0.464193 0.736746 0.464193 0.737660 0.464844 0.738574 0.464844 0.739488 0.464193 0.740402 0.463542 0.741316 0.462891 0.742230 0.462240 0.743144 0.461589 0.743144 0.460938 0.742230 0.460938 0.741316 0.460286 0.740402 0.460286 0.739488 0.460286 0.738574 0.459635 0.737660 0.460286 0.736746 0.459635 0.735832 0.458984 0.734918 0.459635 0.734004 0.458984 0.733090 0.458984 0.732176 0.458333 0.732176 0.457682 0.731261 0.457031 0.732176 0.456380 0.733090 0.455729 0.734004 0.455729 0.734918 0.456380 0.735832 0.456380 0.736746 0.457031 0.736746 0.457682 0.737660 0.458333 0.738574 0.458984 0.739488 0.458984 0.740402 0.459635 0.741316 0.460286 0.742230 0.460286 0.743144 0.460938 0.742230 0.461589 0.743144 0.462240 0.744059 0.461589 0.744973 0.461589 0.745887 0.461589 0.746801 0.461589 0.747715 0.462240 0.747715 0.462891 0.747715 0.463542 0.747715 0.464193 0.746801 0.464193 0.745887 0.464844 0.744973 0.464844 0.744059 0.465495 0.743144 0.466146 0.742230 0.466797 0.742230 0.467448 0.741316 0.467448 0.740402 0.468099 0.739488 0.468750 0.738574 0.469401 0.738574 0.470052 0.738574 0.470703 0.737660 0.471354 0.736746 0.472005 0.736746 0.472005 0.735832 0.472656 0.734918 0.473307 0.734004 0.473307 0.733090 0.473307 0.732176 0.473958 0.731261 0.473958 0.730347 0.473307 0.729433 0.473307 0.728519 0.473958 0.727605 0.473307 0.726691 0.473307 0.725777 0.473958 0.724863 0.474609 0.723949 0.475260 0.723035 0.475911 0.723035 0.475911 0.722121 0.475911 0.721207 0.475911 0.720293 0.475260 0.720293 0.474609 0.721207 0.473958 0.720293 0.473307 0.720293 0.472656 0.721207 0.472005 0.721207
0 0.981771 0.718464 0.982422 0.718464 0.983073 0.719378 0.983724 0.720293 0.984375 0.721207 0.985026 0.722121 0.985026 0.723035 0.985677 0.723035 0.986328 0.723949 0.986979 0.724863 0.986979 0.725777 0.987630 0.726691 0.988281 0.726691 0.988932 0.727605 0.989583 0.728519 0.990234 0.727605 0.990885 0.728519 0.991536 0.729433 0.992188 0.730347 0.992839 0.731261 0.992188 0.732176 0.992839 0.733090 0.992188 0.734004 0.992839 0.734004 0.993490 0.734918 0.994141 0.735832 0.993490 0.736746 0.994141 0.735832 0.994141 0.734918 0.994792 0.734004 0.995443 0.733090 0.996094 0.733090 0.996745 0.733090 0.997396 0.733090 0.998047 0.733090 0.998698 0.734004 0.998698 0.733090 0.998698 0.732176 0.998698 0.731261 0.998698 0.730347 0.998698 0.729433 0.998698 0.728519 0.998698 0.727605 0.998047 0.728519 0.997396 0.729433 0.996745 0.729433 0.996094 0.730347 0.995443 0.731261 0.994792 0.730347 0.994141 0.730347 0.993490 0.729433 0.992839 0.728519 0.992839 0.727605 0.992188 0.726691 0.992839 0.725777 0.992188 0.724863 0.992188 0.723949 0.991536 0.723035 0.991536 0.722121 0.991536 0.721207 0.991536 0.720293 0.990885 0.720293 0.990234 0.720293 0.989583 0.720293 0.988932 0.720293 0.988281 0.720293 0.987630 0.720293 0.986979 0.720293 0.986328 0.719378 0.985677 0.719378 0.985026 0.718464 0.984375 0.718464 0.983724 0.718464 0.983073 0.719378 0.982422 0.718464
0 0.573568 0.714808 0.572917 0.715722 0.572266 0.715722 0.571615 0.716636 0.570964 0.716636 0.570312 0.717550 0.569661 0.717550 0.569010 0.717550 0.569010 0.718464 0.568359 0.719378 0.567708 0.720293 0.567057 0.719378 0.567708 0.720293 0.567057 0.721207 0.566406 0.722121 0.565755 0.722121 0.565104 0.723035 0.565755 0.723949 0.565104 0.724863 0.565755 0.725777 0.565755 0.726691 0.565755 0.727605 0.565755 0.728519 0.566406 0.729433 0.565755 0.730347 0.565755 0.731261 0.565755 0.732176 0.565755 0.733090 0.565755 0.734004 0.565104 0.734918 0.564453 0.735832 0.563802 0.734918 0.563151 0.734918 0.562500 0.734918 0.561849 0.734004 0.561198 0.734918 0.560547 0.734918 0.559896 0.735832 0.559896 0.736746 0.560547 0.737660 0.560547 0.738574 0.560547 0.739488 0.561198 0.740402 0.560547 0.741316 0.561198 0.740402 0.561849 0.741316 0.562500 0.742230 0.563151 0.743144 0.563802 0.744059 0.563151 0.744973 0.562500 0.745887 0.561849 0.746801 0.561198 0.747715 0.560547 0.747715 0.559896 0.748629 0.559245 0.749543 0.559245 0.750457 0.559245 0.751371 0.559896 0.751371 0.560547 0.751371 0.561198 0.752285 0.561849 0.753199 0.562500 0.754113 0.563151 0.755027 0.562500 0.755941 0.563151 0.756856 0.563151 0.757770 0.563802 0.758684 0.563802 0.759598 0.563802 0.760512 0.564453 0.761426 0.565104 0.762340 0.564453 0.763254 0.564453 0.764168 0.563802 0.765082 0.563151 0.765996 0.563151 0.766910 0.563802 0.767824 0.563802 0.768739 0.564453 0.769653 0.565104 0.770567 0.564453 0.771481 0.565104 0.772395 0.565755 0.773309 0.566406 0.774223 0.565755 0.775137 0.565104 0.776051 0.565755 0.776051 0.566406 0.776965 0.567057 0.777879 0.567057 0.778793 0.567708 0.779707 0.567708 0.780622 0.568359 0.781536 0.569010 0.782450 0.568359 0.783364 0.567708 0.784278 0.567057 0.784278 0.566406 0.784278 0.565755 0.784278 0.565104 0.785192 0.564453 0.785192 0.563802 0.786106 0.563151 0.787020 0.562500 0.787020 0.561849 0.787020 0.561849 0.787934 0.561849 0.788848 0.562500 0.789762 0.563151 0.790676 0.563802 0.791590 0.563151 0.792505 0.563151 0.793419 0.562500 0.794333 0.561849 0.795247 0.561198 0.796161 0.560547 0.796161 0.561198 0.797075 0.561198 0.797989 0.561849 0.798903 0.562500 0.797989 0.563151 0.797989 0.562500 0.797075 0.563151 0.796161 0.563802 0.795247 0.564453 0.795247 0.565104 0.795247 0.565755 0.795247 0.565755 0.794333 0.566406 0.793419 0.567057 0.792505 0.567708 0.791590 0.568359 0.791590 0.569010 0.791590 0.569661 0.790676 0.569661 0.789762 0.570312 0.788848 0.569661 0.787934 0.569661 0.787020 0.569661 0.786106 0.570312 0.785192 0.570964 0.784278 0.570312 0.783364 0.570312 0.782450 0.570964 0.781536 0.571615 0.780622 0.570964 0.779707 0.570964 0.778793 0.571615 0.777879 0.572266 0.776965 0.572917 0.777879 0.573568 0.776965 0.574219 0.776965 0.574870 0.776051 0.575521 0.776051 0.576172 0.776965 0.576823 0.776051 0.577474 0.775137 0.577474 0.774223 0.577474 0.773309 0.577474 0.772395 0.576823 0.771481 0.576172 0.770567 0.576172 0.769653 0.576823 0.768739 0.577474 0.767824 0.578125 0.766910 0.578776 0.766910 0.579427 0.765996 0.580078 0.765082 0.580729 0.764168 0.581380 0.763254 0.582031 0.763254 0.582682 0.763254 0.583333 0.764168 0.583984 0.763254 0.584635 0.763254 0.585286 0.763254 0.585938 0.763254 0.586589 0.763254 0.586589 0.762340 0.587240 0.761426 0.586589 0.760512 0.585938 0.759598 0.586589 0.758684 0.585938 0.757770 0.585938 0.756856 0.585286 0.755941 0.585286 0.755027 0.585938 0.754113 0.586589 0.753199 0.586589 0.752285 0.587240 0.751371 0.587891 0.750457 0.588542 0.750457 0.589193 0.750457 0.589844 0.749543 0.590495 0.750457 0.591146 0.749543 0.591797 0.748629 0.591797 0.747715 0.591797 0.746801 0.592448 0.745887 0.591797 0.744973 0.592448 0.744059 0.591797 0.744059 0.591146 0.743144 0.590495 0.743144 0.589844 0.742230 0.589193 0.742230 0.588542 0.742230 0.587891 0.742230 0.587240 0.741316 0.586589 0.741316 0.585938 0.740402 0.585286 0.739488 0.584635 0.738574 0.583984 0.738574 0.583333 0.738574 0.582682 0.738574 0.582682 0.739488 0.582031 0.740402 0.582031 0.741316 0.581380 0.742230 0.582031 0.743144 0.582031 0.744059 0.582031 0.744973 0.582031 0.745887 0.582031 0.746801 0.582682 0.747715 0.582682 0.748629 0.582031 0.749543 0.581380 0.750457 0.581380 0.751371 0.581380 0.752285 0.581380 0.753199 0.580729 0.754113 0.581380 0.755027 0.581380 0.755941 0.581380 0.756856 0.580729 0.757770 0.580729 0.758684 0.580078 0.759598 0.579427 0.760512 0.578776 0.759598 0.578125 0.759598 0.577474 0.758684 0.576823 0.757770 0.576172 0.757770 0.575521 0.757770 0.574870 0.758684 0.574870 0.759598 0.575521 0.760512 0.574870 0.761426 0.574870 0.762340 0.574870 0.763254 0.574219 0.764168 0.574219 0.765082 0.574870 0.765996 0.574219 0.766910 0.574870 0.767824 0.574219 0.768739 0.573568 0.769653 0.572917 0.769653 0.572266 0.770567 0.571615 0.770567 0.570964 0.770567 0.570312 0.771481 0.569661 0.771481 0.569010 0.771481 0.569661 0.772395 0.569661 0.773309 0.569010 0.774223 0.568359 0.775137 0.567708 0.775137 0.567057 0.774223 0.566406 0.774223 0.565755 0.773309 0.566406 0.772395 0.566406 0.771481 0.567057 0.770567 0.567708 0.769653 0.567057 0.768739 0.567057 0.767824 0.567057 0.766910 0.567708 0.765996 0.567057 0.765082 0.567708 0.764168 0.568359 0.763254 0.569010 0.762340 0.569010 0.761426 0.569010 0.760512 0.569010 0.759598 0.569661 0.758684 0.570312 0.757770 0.570964 0.757770 0.570964 0.756856 0.571615 0.755941 0.571615 0.755027 0.571615 0.754113 0.571615 0.753199 0.570964 0.752285 0.570964 0.751371 0.571615 0.750457 0.572266 0.749543 0.572917 0.748629 0.573568 0.747715 0.574219 0.747715 0.574219 0.746801 0.574870 0.745887 0.575521 0.744973 0.574870 0.744059 0.574219 0.743144 0.573568 0.742230 0.572917 0.743144 0.572266 0.742230 0.571615 0.742230 0.570964 0.742230 0.570312 0.742230 0.569661 0.743144 0.569010 0.743144 0.569010 0.744059 0.569010 0.744973 0.568359 0.745887 0.569010 0.746801 0.569010 0.747715 0.568359 0.748629 0.569010 0.749543 0.569010 0.750457 0.568359 0.751371 0.569010 0.752285 0.568359 0.753199 0.569010 0.754113 0.568359 0.755027 0.568359 0.755941 0.568359 0.756856 0.567708 0.757770 0.567057 0.758684 0.566406 0.757770 0.565755 0.756856 0.565755 0.755941 0.565104 0.755027 0.564453 0.754113 0.564453 0.753199 0.564453 0.752285 0.563802 0.751371 0.564453 0.750457 0.564453 0.749543 0.564453 0.748629 0.563802 0.747715 0.563802 0.746801 0.564453 0.745887 0.565104 0.744973 0.565755 0.744059 0.566406 0.743144 0.567057 0.742230 0.566406 0.741316 0.566406 0.740402 0.567057 0.739488 0.567708 0.738574 0.568359 0.737660 0.569010 0.736746 0.569661 0.736746 0.569661 0.735832 0.570312 0.734918 0.570964 0.734004 0.571615 0.734004 0.570964 0.733090 0.571615 0.732176 0.570964 0.731261 0.570964 0.730347 0.570312 0.729433 0.570964 0.728519 0.571615 0.727605 0.572266 0.726691 0.572266 0.725777 0.572917 0.724863 0.573568 0.723949 0.574219 0.724863 0.574870 0.723949 0.575521 0.723949 0.576172 0.723035 0.576823 0.723949 0.576823 0.723035 0.577474 0.722121 0.577474 0.721207 0.577474 0.720293 0.577474 0.719378 0.577474 0.718464 0.578125 0.717550 0.577474 0.717550 0.576823 0.716636 0.576172 0.715722 0.575521 0.715722 0.574870 0.714808 0.574219 0.715722
0 0.236328 0.713894 0.235677 0.714808 0.235026 0.715722 0.234375 0.714808 0.234375 0.715722 0.233724 0.716636 0.233724 0.717550 0.233073 0.718464 0.233073 0.719378 0.233073 0.720293 0.232422 0.721207 0.232422 0.722121 0.231771 0.723035 0.231120 0.723949 0.231120 0.724863 0.230469 0.725777 0.229818 0.726691 0.229167 0.727605 0.229167 0.728519 0.228516 0.729433 0.229167 0.730347 0.229818 0.731261 0.230469 0.732176 0.229818 0.733090 0.229818 0.734004 0.229818 0.734918 0.229167 0.735832 0.229818 0.736746 0.229818 0.737660 0.229818 0.738574 0.230469 0.739488 0.230469 0.740402 0.231120 0.740402 0.231771 0.740402 0.232422 0.739488 0.232422 0.738574 0.233073 0.737660 0.232422 0.736746 0.232422 0.735832 0.233073 0.734918 0.232422 0.734004 0.233073 0.733090 0.233073 0.732176 0.233724 0.731261 0.234375 0.730347 0.235026 0.729433 0.235677 0.729433 0.236328 0.728519 0.236979 0.729433 0.237630 0.729433 0.238281 0.730347 0.238932 0.730347 0.239583 0.729433 0.240234 0.729433 0.240885 0.730347 0.241536 0.729433 0.242188 0.730347 0.242839 0.730347 0.243490 0.729433 0.244141 0.730347 0.244792 0.729433 0.245443 0.729433 0.246094 0.728519 0.246094 0.727605 0.246094 0.726691 0.245443 0.725777 0.246094 0.724863 0.246094 0.723949 0.245443 0.723035 0.244792 0.722121 0.244141 0.721207 0.243490 0.720293 0.242839 0.719378 0.242839 0.718464 0.242188 0.717550 0.241536 0.716636 0.240885 0.715722 0.240234 0.716636 0.239583 0.715722 0.238932 0.715722 0.238281 0.714808 0.237630 0.715722 0.236979 0.714808
0 0.343099 0.712066 0.342448 0.712980 0.341797 0.712980 0.341797 0.713894 0.341146 0.714808 0.341146 0.715722 0.341146 0.716636 0.340495 0.717550 0.339844 0.718464 0.339193 0.719378 0.338542 0.720293 0.337891 0.721207 0.337240 0.721207 0.337240 0.722121 0.336589 0.723035 0.335938 0.723949 0.335938 0.724863 0.335938 0.725777 0.336589 0.726691 0.337240 0.726691 0.337891 0.726691 0.338542 0.726691 0.339193 0.727605 0.339844 0.726691 0.340495 0.725777 0.341146 0.724863 0.341797 0.723949 0.342448 0.723949 0.343099 0.724863 0.343750 0.723949 0.344401 0.724863 0.345052 0.724863 0.345703 0.724863 0.346354 0.723949 0.346354 0.723035 0.347005 0.722121 0.347656 0.721207 0.347005 0.720293 0.347656 0.719378 0.347005 0.718464 0.346354 0.717550 0.347005 0.716636 0.346354 0.716636 0.345703 0.715722 0.345052 0.714808 0.345052 0.713894 0.344401 0.713894 0.343750 0.712980
0 0.311849 0.711152 0.311849 0.712066 0.312500 0.712980 0.312500 0.713894 0.313151 0.714808 0.313151 0.715722 0.312500 0.716636 0.311849 0.717550 0.311198 0.717550 0.310547 0.718464 0.309896 0.719378 0.309245 0.720293 0.308594 0.720293 0.308594 0.721207 0.307943 0.722121 0.308594 0.723035 0.308594 0.723949 0.307943 0.724863 0.307943 0.725777 0.307943 0.726691 0.308594 0.727605 0.309245 0.728519 0.309896 0.729433 0.309896 0.730347 0.310547 0.730347 0.311198 0.731261 0.311849 0.730347 0.312500 0.730347 0.313151 0.731261 0.313802 0.732176 0.314453 0.732176 0.315104 0.733090 0.315755 0.733090 0.316406 0.734004 0.317057 0.734918 0.317708 0.735832 0.317708 0.736746 0.317708 0.737660 0.317708 0.738574 0.317708 0.739488 0.318359 0.740402 0.318359 0.741316 0.318359 0.742230 0.319010 0.743144 0.319010 0.744059 0.319661 0.744973 0.319661 0.745887 0.320312 0.746801 0.320312 0.747715 0.320964 0.748629 0.320964 0.749543 0.320964 0.750457 0.321615 0.751371 0.320964 0.752285 0.321615 0.753199 0.321615 0.754113 0.322266 0.754113 0.322917 0.753199 0.323568 0.753199 0.324219 0.752285 0.324870 0.751371 0.325521 0.750457 0.326172 0.749543 0.325521 0.748629 0.325521 0.747715 0.324870 0.747715 0.324219 0.747715 0.323568 0.746801 0.322917 0.745887 0.322266 0.744973 0.321615 0.744059 0.322266 0.743144 0.321615 0.742230 0.321615 0.741316 0.321615 0.740402 0.321615 0.739488 0.321615 0.738574 0.321615 0.737660 0.320964 0.736746 0.320312 0.735832 0.320964 0.734918 0.320312 0.734004 0.320312 0.733090 0.320312 0.732176 0.320964 0.731261 0.320312 0.730347 0.319661 0.729433 0.319010 0.728519 0.318359 0.727605 0.319010 0.726691 0.318359 0.725777 0.318359 0.724863 0.319010 0.723949 0.319010 0.723035 0.318359 0.722121 0.317708 0.721207 0.317708 0.720293 0.317057 0.719378 0.316406 0.718464 0.316406 0.717550 0.316406 0.716636 0.316406 0.715722 0.315755 0.714808 0.315104 0.713894 0.315104 0.712980 0.314453 0.712066 0.313802 0.712066 0.313151 0.711152 0.312500 0.711152
0 0.134115 0.703839 0.133464 0.704753 0.132812 0.704753 0.132161 0.704753 0.131510 0.704753 0.130859 0.705667 0.130208 0.705667 0.129557 0.705667 0.128906 0.706581 0.128255 0.706581 0.128255 0.707495 0.127604 0.708410 0.126953 0.709324 0.126302 0.708410 0.126953 0.709324 0.126953 0.710238 0.127604 0.710238 0.128255 0.711152 0.128906 0.712066 0.129557 0.711152 0.130208 0.710238 0.130859 0.711152 0.131510 0.711152 0.132161 0.711152 0.132812 0.711152 0.133464 0.710238 0.134115 0.710238 0.134766 0.709324 0.135417 0.709324 0.134766 0.708410 0.135417 0.707495 0.135417 0.706581 0.134766 0.705667 0.134766 0.704753 0.135417 0.703839 0.134766 0.704753
0 0.245443 0.694698 0.245443 0.695612 0.244792 0.696527 0.244141 0.697441 0.243490 0.696527 0.243490 0.697441 0.242839 0.698355 0.242188 0.699269 0.242839 0.700183 0.242188 0.701097 0.242188 0.702011 0.241536 0.702925 0.242188 0.703839 0.242839 0.704753 0.243490 0.704753 0.244141 0.704753 0.244792 0.703839 0.245443 0.703839 0.246094 0.702925 0.246745 0.702925 0.247396 0.703839 0.247396 0.702925 0.248047 0.702011 0.248698 0.701097 0.248698 0.700183 0.248047 0.699269 0.248047 0.698355 0.248698 0.697441 0.248047 0.696527 0.247396 0.696527 0.246745 0.695612 0.246094 0.695612
0 0.210286 0.693784 0.209635 0.694698 0.208984 0.694698 0.208333 0.695612 0.207682 0.695612 0.207031 0.696527 0.206380 0.697441 0.205729 0.698355 0.205729 0.699269 0.205729 0.700183 0.205729 0.701097 0.205729 0.702011 0.205078 0.702925 0.205078 0.703839 0.205078 0.704753 0.205078 0.705667 0.205078 0.706581 0.205078 0.707495 0.205729 0.708410 0.205729 0.709324 0.206380 0.710238 0.206380 0.711152 0.207031 0.710238 0.207682 0.710238 0.208333 0.710238 0.208984 0.710238 0.209635 0.711152 0.210286 0.712066 0.210938 0.712066 0.211589 0.712980 0.212240 0.713894 0.212891 0.714808 0.213542 0.715722 0.214193 0.716636 0.214193 0.717550 0.214844 0.718464 0.215495 0.719378 0.216146 0.720293 0.216797 0.721207 0.216797 0.722121 0.216797 0.723035 0.217448 0.723035 0.218099 0.723949 0.218750 0.724863 0.219401 0.723949 0.220052 0.724863 0.220703 0.725777 0.221354 0.725777 0.222005 0.725777 0.222656 0.724863 0.223307 0.725777 0.223958 0.725777 0.224609 0.725777 0.225260 0.725777 0.225911 0.724863 0.226562 0.724863 0.227214 0.723949 0.227865 0.723035 0.228516 0.723035 0.227865 0.722121 0.227865 0.721207 0.228516 0.720293 0.229167 0.719378 0.228516 0.718464 0.228516 0.717550 0.227865 0.716636 0.227865 0.715722 0.227214 0.715722 0.226562 0.714808 0.225911 0.715722 0.225260 0.714808 0.224609 0.715722 0.223958 0.716636 0.223307 0.716636 0.222656 0.717550 0.222005 0.717550 0.221354 0.716636 0.220703 0.715722 0.220052 0.714808 0.219401 0.713894 0.220052 0.712980 0.219401 0.712066 0.218750 0.711152 0.219401 0.710238 0.219401 0.709324 0.219401 0.708410 0.218750 0.707495 0.218099 0.706581 0.218099 0.705667 0.217448 0.704753 0.216797 0.703839 0.216797 0.702925 0.216797 0.702011 0.216146 0.701097 0.216146 0.700183 0.215495 0.699269 0.215495 0.698355 0.215495 0.697441 0.214844 0.696527 0.214844 0.695612 0.214193 0.694698 0.213542 0.695612 0.212891 0.694698 0.212240 0.694698 0.211589 0.694698 0.210938 0.694698
0 0.774740 0.692870 0.774089 0.693784 0.773438 0.693784 0.772786 0.694698 0.772135 0.693784 0.771484 0.694698 0.770833 0.694698 0.770833 0.695612 0.770833 0.696527 0.770182 0.697441 0.770833 0.698355 0.770182 0.699269 0.770833 0.700183 0.771484 0.701097 0.772135 0.702011 0.772135 0.702925 0.772786 0.703839 0.772135 0.704753 0.772135 0.705667 0.772786 0.706581 0.772786 0.707495 0.773438 0.708410 0.773438 0.709324 0.773438 0.710238 0.773438 0.711152 0.773438 0.712066 0.772786 0.712980 0.772135 0.713894 0.771484 0.712980 0.770833 0.712066 0.770182 0.711152 0.769531 0.710238 0.768880 0.709324 0.768880 0.708410 0.769531 0.707495 0.768880 0.707495 0.768229 0.706581 0.767578 0.705667 0.767578 0.704753 0.766927 0.703839 0.766276 0.702925 0.765625 0.703839 0.764974 0.702925 0.764323 0.702011 0.764323 0.701097 0.763672 0.700183 0.763021 0.699269 0.762370 0.698355 0.761719 0.698355 0.761068 0.698355 0.760417 0.697441 0.759766 0.696527 0.759115 0.695612 0.758464 0.695612 0.757812 0.695612 0.757161 0.695612 0.756510 0.695612 0.755859 0.696527 0.755208 0.696527 0.754557 0.697441 0.754557 0.698355 0.754557 0.699269 0.753906 0.700183 0.753906 0.701097 0.753906 0.702011 0.753255 0.702925 0.753255 0.703839 0.753906 0.703839 0.754557 0.704753 0.755208 0.705667 0.755208 0.706581 0.755859 0.706581 0.756510 0.707495 0.757161 0.708410 0.756510 0.709324 0.757161 0.710238 0.757812 0.711152 0.757812 0.712066 0.758464 0.712980 0.759115 0.713894 0.759115 0.714808 0.759766 0.714808 0.760417 0.715722 0.761068 0.715722 0.761719 0.714808 0.762370 0.714808 0.763021 0.714808 0.763021 0.713894 0.763672 0.712980 0.764323 0.712066 0.764974 0.712980 0.765625 0.713894 0.766276 0.714808 0.766276 0.715722 0.766927 0.716636 0.767578 0.716636 0.768229 0.717550 0.768880 0.717550 0.769531 0.717550 0.770182 0.717550 0.770833 0.718464 0.771484 0.718464 0.772135 0.719378 0.772786 0.720293 0.773438 0.721207 0.774089 0.722121 0.774740 0.723035 0.775391 0.723949 0.776042 0.724863 0.775391 0.725777 0.774740 0.726691 0.774089 0.726691 0.773438 0.727605 0.772786 0.727605 0.772135 0.726691 0.771484 0.725777 0.771484 0.724863 0.770833 0.723949 0.770182 0.723949 0.769531 0.723949 0.768880 0.723949 0.768229 0.724863 0.767578 0.725777 0.766927 0.726691 0.767578 0.727605 0.767578 0.728519 0.768229 0.728519 0.768880 0.728519 0.769531 0.729433 0.770182 0.730347 0.770833 0.731261 0.770182 0.732176 0.770182 0.733090 0.769531 0.734004 0.768880 0.734918 0.769531 0.735832 0.770182 0.736746 0.770833 0.736746 0.771484 0.736746 0.772135 0.736746 0.772786 0.736746 0.773438 0.736746 0.774089 0.736746 0.774740 0.737660 0.775391 0.738574 0.776042 0.739488 0.776042 0.740402 0.776693 0.741316 0.777344 0.742230 0.777995 0.743144 0.777995 0.744059 0.777344 0.744973 0.776693 0.745887 0.776042 0.746801 0.775391 0.746801 0.774740 0.745887 0.774089 0.744973 0.773438 0.744059 0.772786 0.743144 0.772786 0.742230 0.772135 0.742230 0.771484 0.742230 0.770833 0.741316 0.770182 0.741316 0.769531 0.741316 0.768880 0.740402 0.768229 0.741316 0.767578 0.742230 0.766927 0.742230 0.766927 0.743144 0.766927 0.744059 0.766927 0.744973 0.766927 0.745887 0.767578 0.746801 0.768229 0.747715 0.768880 0.748629 0.769531 0.747715 0.770182 0.748629 0.770833 0.747715 0.771484 0.748629 0.772135 0.749543 0.772135 0.748629 0.772786 0.747715 0.773438 0.746801 0.774089 0.747715 0.774740 0.747715 0.775391 0.748629 0.776042 0.749543 0.776042 0.750457 0.775391 0.751371 0.776042 0.752285 0.776693 0.753199 0.777344 0.753199 0.777995 0.754113 0.778646 0.755027 0.779297 0.755941 0.779297 0.756856 0.779948 0.757770 0.780599 0.758684 0.780599 0.759598 0.781250 0.760512 0.781250 0.759598 0.781901 0.758684 0.782552 0.757770 0.781901 0.756856 0.781901 0.755941 0.781250 0.755027 0.781250 0.754113 0.781250 0.753199 0.781250 0.752285 0.781250 0.751371 0.781901 0.750457 0.781901 0.749543 0.782552 0.748629 0.782552 0.747715 0.782552 0.746801 0.782552 0.745887 0.781901 0.744973 0.782552 0.744059 0.781901 0.744059 0.781250 0.743144 0.780599 0.743144 0.779948 0.742230 0.779297 0.741316 0.779297 0.740402 0.779948 0.739488 0.779948 0.738574 0.780599 0.737660 0.781250 0.736746 0.780599 0.735832 0.781250 0.734918 0.780599 0.734004 0.780599 0.733090 0.779948 0.733090 0.779297 0.733090 0.778646 0.734004 0.777995 0.734918 0.777344 0.734918 0.776693 0.734918 0.776042 0.734004 0.775391 0.733090 0.775391 0.732176 0.774740 0.731261 0.775391 0.730347 0.776042 0.729433 0.776693 0.728519 0.777344 0.727605 0.777995 0.726691 0.778646 0.725777 0.779297 0.726691 0.779948 0.726691 0.780599 0.725777 0.781250 0.726691 0.781901 0.726691 0.782552 0.725777 0.783203 0.724863 0.783854 0.724863 0.784505 0.723949 0.785156 0.723949 0.785807 0.723949 0.786458 0.723949 0.787109 0.723949 0.787760 0.723035 0.788411 0.722121 0.788411 0.721207 0.789062 0.720293 0.789062 0.719378 0.789062 0.718464 0.789062 0.717550 0.788411 0.716636 0.787760 0.715722 0.787109 0.715722 0.786458 0.715722 0.785807 0.715722 0.785156 0.716636 0.784505 0.716636 0.783854 0.715722 0.783854 0.716636 0.783203 0.717550 0.782552 0.718464 0.781901 0.718464 0.781250 0.719378 0.780599 0.720293 0.779948 0.721207 0.779297 0.722121 0.778646 0.721207 0.777995 0.722121 0.777344 0.721207 0.776693 0.720293 0.776693 0.719378 0.776693 0.718464 0.776042 0.717550 0.776042 0.716636 0.776693 0.715722 0.776042 0.714808 0.776042 0.713894 0.776693 0.712980 0.776042 0.712066 0.776042 0.711152 0.776693 0.710238 0.776042 0.709324 0.776693 0.708410 0.776042 0.707495 0.776693 0.706581 0.777344 0.705667 0.777995 0.705667 0.777344 0.704753 0.777995 0.703839 0.778646 0.702925 0.777995 0.702011 0.778646 0.701097 0.779297 0.700183 0.778646 0.699269 0.777995 0.698355 0.777344 0.697441 0.776693 0.696527 0.776693 0.695612 0.776693 0.694698 0.776042 0.693784 0.775391 0.692870
0 0.791667 0.688300 0.791016 0.689214 0.790365 0.689214 0.789714 0.690128 0.789062 0.690128 0.788411 0.690128 0.787760 0.691042 0.787109 0.691956 0.786458 0.692870 0.785807 0.693784 0.785807 0.694698 0.785807 0.695612 0.785156 0.696527 0.785156 0.697441 0.785807 0.697441 0.786458 0.696527 0.787109 0.696527 0.787760 0.696527 0.788411 0.696527 0.789062 0.696527 0.789714 0.695612 0.790365 0.696527 0.791016 0.695612 0.791667 0.695612 0.792318 0.695612 0.792969 0.695612 0.793620 0.694698 0.794271 0.693784 0.793620 0.692870 0.794271 0.691956 0.793620 0.691042 0.793620 0.690128 0.793620 0.689214 0.792969 0.689214 0.792318 0.689214
0 0.222656 0.688300 0.222005 0.689214 0.221354 0.690128 0.222005 0.691042 0.221354 0.691956 0.222005 0.692870 0.222656 0.693784 0.222656 0.694698 0.223307 0.695612 0.223958 0.694698 0.224609 0.695612 0.225260 0.696527 0.225911 0.697441 0.226562 0.698355 0.227214 0.698355 0.227865 0.698355 0.228516 0.698355 0.229167 0.699269 0.229818 0.699269 0.229818 0.698355 0.229167 0.697441 0.228516 0.696527 0.227865 0.695612 0.227214 0.694698 0.227214 0.693784 0.226562 0.692870 0.226562 0.691956 0.225911 0.691042 0.226562 0.690128 0.225911 0.690128 0.225260 0.689214 0.224609 0.688300 0.223958 0.689214 0.223307 0.688300
0 0.333333 0.684644 0.332682 0.685558 0.332682 0.686472 0.332031 0.687386 0.331380 0.688300 0.331380 0.689214 0.331380 0.690128 0.332031 0.691042 0.331380 0.691956 0.331380 0.692870 0.331380 0.693784 0.330729 0.694698 0.330078 0.695612 0.330078 0.696527 0.329427 0.697441 0.329427 0.698355 0.328776 0.699269 0.328776 0.700183 0.328125 0.701097 0.327474 0.702011 0.326823 0.702925 0.326823 0.703839 0.327474 0.704753 0.326823 0.705667 0.326172 0.706581 0.326172 0.707495 0.325521 0.708410 0.325521 0.709324 0.326172 0.710238 0.326823 0.709324 0.327474 0.709324 0.328125 0.708410 0.328776 0.707495 0.329427 0.706581 0.328776 0.705667 0.328776 0.704753 0.329427 0.703839 0.329427 0.702925 0.330078 0.702011 0.330729 0.701097 0.331380 0.701097 0.332031 0.701097 0.332682 0.700183 0.333333 0.701097 0.333984 0.702011 0.334635 0.701097 0.335286 0.701097 0.335938 0.702011 0.336589 0.701097 0.337240 0.700183 0.337891 0.700183 0.337891 0.699269 0.338542 0.698355 0.339193 0.697441 0.339844 0.696527 0.340495 0.695612 0.341146 0.695612 0.341146 0.694698 0.340495 0.693784 0.341146 0.692870 0.340495 0.691956 0.339844 0.691042 0.339193 0.690128 0.338542 0.689214 0.337891 0.688300 0.337891 0.687386 0.337240 0.686472 0.336589 0.687386 0.335938 0.686472 0.335286 0.685558 0.334635 0.685558 0.333984 0.685558
0 0.535807 0.682815 0.535156 0.683729 0.534505 0.683729 0.533854 0.683729 0.533203 0.683729 0.532552 0.683729 0.531901 0.683729 0.531250 0.684644 0.530599 0.684644 0.530599 0.685558 0.529948 0.686472 0.529948 0.687386 0.529948 0.688300 0.529297 0.689214 0.529297 0.690128 0.529948 0.691042 0.529297 0.691956 0.529948 0.692870 0.529297 0.693784 0.529297 0.694698 0.529948 0.695612 0.529948 0.696527 0.529297 0.697441 0.529948 0.698355 0.530599 0.699269 0.530599 0.700183 0.531250 0.701097 0.531901 0.702011 0.531901 0.702925 0.531250 0.703839 0.530599 0.704753 0.529948 0.703839 0.529297 0.702925 0.529297 0.702011 0.528646 0.702011 0.527995 0.702011 0.527344 0.701097 0.526693 0.702011 0.526042 0.702011 0.525391 0.702925 0.525391 0.703839 0.526042 0.704753 0.526042 0.705667 0.526042 0.706581 0.526042 0.707495 0.526042 0.708410 0.526693 0.709324 0.526693 0.710238 0.527344 0.711152 0.527995 0.712066 0.527995 0.712980 0.528646 0.713894 0.528646 0.714808 0.529297 0.715722 0.529948 0.716636 0.529297 0.717550 0.529948 0.718464 0.529297 0.719378 0.529948 0.720293 0.529297 0.721207 0.529297 0.722121 0.528646 0.723035 0.527995 0.723949 0.527344 0.723949 0.526693 0.723035 0.526042 0.722121 0.525391 0.721207 0.524740 0.720293 0.524740 0.719378 0.524740 0.718464 0.524740 0.717550 0.524089 0.716636 0.523438 0.715722 0.522786 0.716636 0.522135 0.715722 0.521484 0.714808 0.520833 0.715722 0.520182 0.716636 0.519531 0.716636 0.518880 0.717550 0.518229 0.717550 0.518229 0.718464 0.518229 0.719378 0.518229 0.720293 0.517578 0.721207 0.518229 0.722121 0.518880 0.723035 0.518880 0.723949 0.519531 0.724863 0.520182 0.725777 0.520833 0.726691 0.521484 0.727605 0.521484 0.728519 0.522135 0.729433 0.522786 0.730347 0.522786 0.731261 0.522786 0.732176 0.522135 0.733090 0.522135 0.734004 0.522786 0.734918 0.522135 0.735832 0.521484 0.736746 0.520833 0.737660 0.520833 0.738574 0.520833 0.739488 0.521484 0.740402 0.522135 0.741316 0.521484 0.742230 0.522135 0.743144 0.522135 0.744059 0.522786 0.744973 0.522135 0.745887 0.522135 0.746801 0.521484 0.747715 0.520833 0.748629 0.520182 0.749543 0.519531 0.750457 0.518880 0.750457 0.518880 0.751371 0.519531 0.752285 0.519531 0.753199 0.520182 0.754113 0.520182 0.755027 0.520833 0.755941 0.521484 0.756856 0.521484 0.757770 0.522135 0.758684 0.522135 0.759598 0.522786 0.760512 0.522786 0.761426 0.522786 0.762340 0.523438 0.763254 0.522786 0.764168 0.522135 0.765082 0.521484 0.765996 0.522135 0.766910 0.521484 0.767824 0.521484 0.768739 0.520833 0.769653 0.520833 0.770567 0.520833 0.771481 0.520182 0.772395 0.520182 0.773309 0.520182 0.774223 0.519531 0.775137 0.520182 0.776051 0.520182 0.776965 0.519531 0.777879 0.518880 0.778793 0.518229 0.778793 0.517578 0.777879 0.516927 0.777879 0.516276 0.777879 0.515625 0.777879 0.514974 0.778793 0.514974 0.779707 0.515625 0.780622 0.516276 0.781536 0.516927 0.781536 0.517578 0.782450 0.518229 0.783364 0.518229 0.784278 0.518880 0.785192 0.518229 0.786106 0.518229 0.787020 0.518229 0.787934 0.518229 0.788848 0.518880 0.789762 0.518229 0.790676 0.518880 0.791590 0.518229 0.792505 0.518229 0.793419 0.517578 0.794333 0.516927 0.795247 0.516276 0.794333 0.515625 0.793419 0.514974 0.792505 0.514974 0.791590 0.514974 0.790676 0.515625 0.789762 0.514974 0.788848 0.514974 0.787934 0.514323 0.787020 0.514323 0.786106 0.513672 0.785192 0.513021 0.784278 0.512370 0.783364 0.511719 0.784278 0.511068 0.783364 0.510417 0.783364 0.509766 0.783364 0.509115 0.783364 0.508464 0.784278 0.507812 0.785192 0.507812 0.786106 0.507812 0.787020 0.508464 0.787934 0.509115 0.788848 0.509766 0.788848 0.510417 0.789762 0.511068 0.789762 0.511719 0.790676 0.512370 0.791590 0.513021 0.792505 0.513672 0.793419 0.514323 0.794333 0.514323 0.795247 0.514323 0.796161 0.514323 0.797075 0.514323 0.797989 0.514323 0.798903 0.513672 0.799817 0.513672 0.800731 0.513021 0.801645 0.512370 0.802559 0.511719 0.803473 0.511068 0.803473 0.510417 0.804388 0.509766 0.803473 0.510417 0.804388 0.509766 0.805302 0.510417 0.806216 0.510417 0.807130 0.509766 0.808044 0.509115 0.808958 0.508464 0.809872 0.507812 0.810786 0.507161 0.810786 0.506510 0.810786 0.505859 0.809872 0.505208 0.808958 0.504557 0.808044 0.503906 0.807130 0.503906 0.806216 0.503906 0.805302 0.503906 0.804388 0.503906 0.803473 0.503255 0.802559 0.502604 0.801645 0.503255 0.800731 0.503255 0.799817 0.502604 0.798903 0.502604 0.797989 0.501953 0.797075 0.501953 0.796161 0.501302 0.795247 0.500651 0.795247 0.500000 0.796161 0.499349 0.796161 0.499349 0.797075 0.500000 0.797989 0.499349 0.798903 0.499349 0.799817 0.499349 0.800731 0.500000 0.801645 0.500000 0.802559 0.500000 0.803473 0.500000 0.804388 0.499349 0.805302 0.498698 0.806216 0.498047 0.806216 0.498698 0.807130 0.499349 0.808044 0.499349 0.808958 0.498698 0.809872 0.499349 0.810786 0.499349 0.811700 0.500000 0.811700 0.500651 0.811700 0.501302 0.812614 0.501953 0.813528 0.501953 0.814442 0.502604 0.813528 0.503255 0.814442 0.503906 0.814442 0.504557 0.815356 0.505208 0.816271 0.505208 0.817185 0.505208 0.818099 0.505208 0.819013 0.504557 0.819927 0.503906 0.820841 0.503906 0.821755 0.503906 0.822669 0.503255 0.823583 0.502604 0.824497 0.501953 0.825411 0.501302 0.825411 0.500651 0.824497 0.500000 0.823583 0.500000 0.822669 0.500000 0.821755 0.499349 0.820841 0.498698 0.819927 0.499349 0.819013 0.498698 0.818099 0.498047 0.818099 0.497396 0.818099 0.496745 0.818099 0.496094 0.819013 0.496094 0.819927 0.496094 0.820841 0.496745 0.821755 0.496745 0.822669 0.497396 0.823583 0.498047 0.824497 0.498047 0.825411 0.498698 0.826325 0.498698 0.827239 0.499349 0.828154 0.500000 0.829068 0.500000 0.829982 0.500651 0.829068 0.501302 0.828154 0.501953 0.827239 0.502604 0.826325 0.503255 0.826325 0.503906 0.825411 0.504557 0.824497 0.505208 0.824497 0.505859 0.823583 0.505859 0.822669 0.506510 0.821755 0.507161 0.820841 0.507812 0.820841 0.507161 0.819927 0.507161 0.819013 0.507812 0.818099 0.508464 0.817185 0.509115 0.817185 0.509766 0.816271 0.510417 0.815356 0.511068 0.815356 0.511719 0.815356 0.512370 0.816271 0.513021 0.815356 0.513672 0.816271 0.514323 0.817185 0.514974 0.816271 0.515625 0.815356 0.515625 0.814442 0.515625 0.813528 0.514974 0.812614 0.514974 0.811700 0.514974 0.810786 0.514974 0.809872 0.515625 0.808958 0.516276 0.808044 0.516927 0.807130 0.516927 0.806216 0.517578 0.805302 0.518229 0.804388 0.518880 0.803473 0.519531 0.803473 0.518880 0.802559 0.519531 0.801645 0.520182 0.800731 0.520182 0.799817 0.520182 0.798903 0.520833 0.797989 0.521484 0.797075 0.521484 0.796161 0.521484 0.795247 0.522135 0.794333 0.522786 0.793419 0.523438 0.793419 0.524089 0.792505 0.524089 0.791590 0.524089 0.790676 0.524740 0.789762 0.524089 0.788848 0.523438 0.787934 0.524089 0.787020 0.523438 0.786106 0.523438 0.785192 0.523438 0.784278 0.523438 0.783364 0.524089 0.782450 0.524740 0.781536 0.525391 0.780622 0.526042 0.779707 0.526693 0.778793 0.527344 0.778793 0.527995 0.777879 0.528646 0.776965 0.529297 0.777879 0.529948 0.778793 0.530599 0.777879 0.531250 0.778793 0.531901 0.778793 0.532552 0.778793 0.533203 0.779707 0.533203 0.778793 0.533854 0.777879 0.534505 0.776965 0.535156 0.776051 0.535807 0.776051 0.536458 0.775137 0.535807 0.774223 0.535807 0.773309 0.535807 0.772395 0.535807 0.771481 0.535156 0.770567 0.534505 0.769653 0.533854 0.770567 0.533203 0.769653 0.532552 0.769653 0.531901 0.769653 0.531250 0.769653 0.530599 0.770567 0.529948 0.770567 0.529297 0.771481 0.528646 0.772395 0.527995 0.772395 0.527344 0.771481 0.526693 0.770567 0.526693 0.769653 0.526693 0.768739 0.526042 0.767824 0.526042 0.766910 0.526693 0.765996 0.527344 0.765082 0.527995 0.764168 0.528646 0.763254 0.529297 0.763254 0.529948 0.762340 0.530599 0.761426 0.531250 0.761426 0.531901 0.760512 0.531901 0.759598 0.532552 0.758684 0.533203 0.757770 0.533854 0.757770 0.534505 0.756856 0.535156 0.756856 0.535807 0.756856 0.536458 0.757770 0.536458 0.756856 0.537109 0.755941 0.537760 0.755027 0.538411 0.755027 0.539062 0.754113 0.538411 0.753199 0.539062 0.752285 0.539714 0.751371 0.539062 0.750457 0.539062 0.749543 0.539062 0.748629 0.539062 0.747715 0.538411 0.747715 0.537760 0.746801 0.537109 0.745887 0.536458 0.744973 0.535807 0.744973 0.535156 0.744973 0.534505 0.745887 0.533854 0.744973 0.533203 0.745887 0.532552 0.746801 0.532552 0.747715 0.531901 0.748629 0.531250 0.749543 0.530599 0.750457 0.529948 0.751371 0.529948 0.752285 0.530599 0.753199 0.529948 0.754113 0.529297 0.755027 0.528646 0.755941 0.527995 0.755941 0.527344 0.756856 0.526693 0.756856 0.526042 0.755941 0.525391 0.755941 0.524740 0.755941 0.524089 0.755027 0.523438 0.754113 0.524089 0.753199 0.524089 0.752285 0.524089 0.751371 0.524740 0.750457 0.525391 0.749543 0.526042 0.748629 0.526693 0.748629 0.527344 0.747715 0.527995 0.746801 0.527344 0.745887 0.527344 0.744973 0.526693 0.744059 0.526042 0.743144 0.526042 0.742230 0.525391 0.741316 0.525391 0.740402 0.526042 0.739488 0.526042 0.738574 0.525391 0.737660 0.526042 0.736746 0.526042 0.735832 0.526042 0.734918 0.526693 0.734004 0.526693 0.733090 0.526693 0.732176 0.527344 0.731261 0.527344 0.730347 0.527995 0.729433 0.528646 0.728519 0.529297 0.727605 0.529948 0.727605 0.530599 0.727605 0.531250 0.726691 0.531901 0.725777 0.531901 0.724863 0.532552 0.723949 0.533203 0.723035 0.533854 0.722121 0.534505 0.722121 0.535156 0.721207 0.535807 0.721207 0.535807 0.720293 0.536458 0.719378 0.537109 0.718464 0.537760 0.717550 0.538411 0.716636 0.539062 0.715722 0.539714 0.715722 0.540365 0.716636 0.541016 0.716636 0.541667 0.717550 0.542318 0.716636 0.542969 0.716636 0.543620 0.717550 0.544271 0.716636 0.544922 0.717550 0.545573 0.717550 0.546224 0.718464 0.546875 0.717550 0.547526 0.717550 0.548177 0.717550 0.548828 0.718464 0.548177 0.717550 0.548828 0.716636 0.549479 0.715722 0.550130 0.715722 0.550781 0.716636 0.551432 0.715722 0.552083 0.715722 0.552734 0.714808 0.553385 0.714808 0.554036 0.714808 0.554688 0.713894 0.555339 0.713894 0.555990 0.712980 0.556641 0.712066 0.555990 0.711152 0.555339 0.710238 0.555990 0.709324 0.555990 0.708410 0.555339 0.707495 0.555339 0.706581 0.555990 0.705667 0.555339 0.704753 0.555339 0.703839 0.555990 0.702925 0.555339 0.702011 0.554688 0.701097 0.554688 0.700183 0.554036 0.700183 0.553385 0.699269 0.552734 0.698355 0.552083 0.698355 0.551432 0.699269 0.550781 0.698355 0.550130 0.698355 0.549479 0.697441 0.548828 0.697441 0.548177 0.698355 0.547526 0.698355 0.546875 0.698355 0.546224 0.699269 0.545573 0.700183 0.544922 0.701097 0.544922 0.702011 0.544271 0.702925 0.543620 0.703839 0.542969 0.703839 0.542318 0.704753 0.541667 0.705667 0.541016 0.706581 0.540365 0.707495 0.539714 0.708410 0.539062 0.708410 0.538411 0.708410 0.537760 0.707495 0.537109 0.706581 0.537109 0.705667 0.537109 0.704753 0.537109 0.703839 0.537760 0.702925 0.538411 0.702011 0.539062 0.701097 0.539062 0.700183 0.539714 0.699269 0.540365 0.698355 0.541016 0.697441 0.541667 0.696527 0.542318 0.695612 0.542969 0.696527 0.543620 0.695612 0.544271 0.694698 0.544922 0.693784 0.544922 0.692870 0.545573 0.691956 0.545573 0.691042 0.545573 0.690128 0.545573 0.689214 0.544922 0.688300 0.545573 0.687386 0.544922 0.686472 0.544922 0.685558 0.544271 0.685558 0.543620 0.685558 0.542969 0.684644 0.542318 0.683729 0.541667 0.684644 0.541016 0.683729 0.540365 0.682815 0.539714 0.683729 0.539062 0.683729 0.538411 0.682815 0.537760 0.682815 0.537109 0.683729 0.536458 0.682815
0 0.651693 0.681901 0.651042 0.682815 0.650391 0.682815 0.649740 0.682815 0.649740 0.683729 0.649740 0.684644 0.649089 0.685558 0.649089 0.686472 0.649740 0.687386 0.649089 0.688300 0.649089 0.689214 0.649089 0.690128 0.648438 0.691042 0.647786 0.691956 0.647135 0.691956 0.646484 0.691956 0.645833 0.691042 0.645182 0.691956 0.644531 0.691042 0.644531 0.691956 0.643880 0.692870 0.643229 0.693784 0.643229 0.694698 0.643229 0.695612 0.643229 0.696527 0.643880 0.697441 0.644531 0.698355 0.643880 0.699269 0.644531 0.700183 0.645182 0.701097 0.645833 0.702011 0.645833 0.702925 0.646484 0.702925 0.647135 0.703839 0.647786 0.703839 0.648438 0.704753 0.649089 0.705667 0.649740 0.706581 0.649740 0.707495 0.650391 0.708410 0.649740 0.709324 0.649089 0.710238 0.648438 0.711152 0.647786 0.712066 0.647135 0.712066 0.646484 0.712980 0.647135 0.713894 0.647135 0.714808 0.647786 0.715722 0.648438 0.716636 0.647786 0.717550 0.647135 0.718464 0.646484 0.719378 0.646484 0.720293 0.647135 0.721207 0.647786 0.721207 0.648438 0.722121 0.649089 0.723035 0.649740 0.722121 0.650391 0.722121 0.651042 0.723035 0.651693 0.723949 0.652344 0.724863 0.652995 0.725777 0.652995 0.726691 0.652995 0.727605 0.653646 0.728519 0.654297 0.729433 0.654948 0.730347 0.654948 0.731261 0.655599 0.732176 0.656250 0.733090 0.655599 0.734004 0.656250 0.734918 0.656250 0.735832 0.656250 0.736746 0.656250 0.737660 0.656250 0.738574 0.656250 0.739488 0.656250 0.740402 0.655599 0.741316 0.654948 0.742230 0.654297 0.743144 0.653646 0.744059 0.653646 0.744973 0.654297 0.744973 0.654948 0.745887 0.655599 0.745887 0.656250 0.746801 0.656901 0.746801 0.657552 0.747715 0.658203 0.748629 0.657552 0.749543 0.658203 0.748629 0.658854 0.749543 0.659505 0.750457 0.660156 0.751371 0.659505 0.752285 0.660156 0.753199 0.660807 0.754113 0.660807 0.755027 0.661458 0.755941 0.662109 0.756856 0.661458 0.757770 0.662109 0.758684 0.662109 0.759598 0.662760 0.760512 0.663411 0.761426 0.663411 0.762340 0.662760 0.763254 0.663411 0.762340 0.664062 0.763254 0.664714 0.764168 0.665365 0.763254 0.666016 0.764168 0.666667 0.765082 0.666016 0.765996 0.666667 0.766910 0.666667 0.767824 0.666667 0.768739 0.667318 0.769653 0.666667 0.770567 0.666667 0.771481 0.667318 0.772395 0.666667 0.773309 0.666016 0.774223 0.665365 0.773309 0.664714 0.773309 0.664062 0.772395 0.663411 0.772395 0.662760 0.771481 0.662109 0.771481 0.661458 0.771481 0.661458 0.772395 0.661458 0.773309 0.661458 0.774223 0.662109 0.775137 0.662760 0.776051 0.663411 0.775137 0.664062 0.776051 0.664714 0.776965 0.664714 0.777879 0.664062 0.778793 0.664714 0.779707 0.665365 0.780622 0.664714 0.781536 0.665365 0.782450 0.666016 0.783364 0.665365 0.784278 0.666016 0.785192 0.666667 0.786106 0.666016 0.787020 0.665365 0.787934 0.666016 0.787020 0.666667 0.787934 0.667318 0.788848 0.667969 0.787934 0.667969 0.787020 0.667318 0.786106 0.666667 0.786106 0.666016 0.785192 0.666667 0.784278 0.666016 0.783364 0.665365 0.782450 0.666016 0.781536 0.666667 0.780622 0.667318 0.779707 0.667969 0.778793 0.668620 0.778793 0.669271 0.777879 0.669922 0.777879 0.670573 0.776965 0.671224 0.776965 0.671875 0.776965 0.672526 0.777879 0.673177 0.776965 0.673828 0.776051 0.674479 0.776051 0.674479 0.775137 0.675130 0.774223 0.674479 0.774223 0.673828 0.773309 0.673177 0.774223 0.672526 0.773309 0.671875 0.774223 0.671224 0.775137 0.670573 0.775137 0.669922 0.776051 0.669271 0.775137 0.668620 0.774223 0.667969 0.773309 0.668620 0.772395 0.669271 0.771481 0.668620 0.770567 0.668620 0.769653 0.669271 0.768739 0.669922 0.767824 0.670573 0.767824 0.671224 0.766910 0.671875 0.767824 0.671875 0.766910 0.672526 0.765996 0.672526 0.765082 0.671875 0.764168 0.671224 0.763254 0.671224 0.762340 0.671224 0.761426 0.671224 0.760512 0.671224 0.759598 0.671875 0.758684 0.672526 0.757770 0.673177 0.756856 0.673828 0.755941 0.674479 0.756856 0.675130 0.755941 0.675781 0.755941 0.676432 0.755027 0.677083 0.754113 0.677734 0.753199 0.678385 0.754113 0.678385 0.753199 0.679036 0.752285 0.679688 0.751371 0.680339 0.750457 0.680339 0.749543 0.680990 0.748629 0.681641 0.747715 0.682292 0.747715 0.682943 0.748629 0.682943 0.747715 0.683594 0.746801 0.684245 0.745887 0.684896 0.745887 0.685547 0.745887 0.685547 0.744973 0.686198 0.744059 0.686198 0.743144 0.685547 0.742230 0.685547 0.741316 0.684896 0.740402 0.684896 0.739488 0.684245 0.739488 0.683594 0.738574 0.682943 0.739488 0.682292 0.740402 0.681641 0.740402 0.681641 0.741316 0.680990 0.742230 0.680339 0.743144 0.679688 0.742230 0.680339 0.743144 0.679688 0.744059 0.679036 0.744973 0.678385 0.744973 0.677734 0.744059 0.677083 0.743144 0.677734 0.742230 0.677083 0.741316 0.677734 0.740402 0.677083 0.739488 0.676432 0.738574 0.675781 0.739488 0.675130 0.740402 0.674479 0.739488 0.675130 0.740402 0.675130 0.741316 0.675130 0.742230 0.675781 0.743144 0.675130 0.744059 0.674479 0.744973 0.674479 0.745887 0.674479 0.746801 0.673828 0.747715 0.673177 0.748629 0.672526 0.749543 0.672526 0.750457 0.672526 0.751371 0.673177 0.752285 0.672526 0.753199 0.673177 0.754113 0.672526 0.755027 0.671875 0.755941 0.671224 0.756856 0.670573 0.756856 0.669922 0.756856 0.669271 0.756856 0.668620 0.755941 0.667969 0.756856 0.667969 0.757770 0.667318 0.758684 0.666667 0.759598 0.666016 0.758684 0.665365 0.757770 0.664714 0.758684 0.664062 0.757770 0.663411 0.756856 0.662760 0.755941 0.663411 0.755027 0.663411 0.754113 0.664062 0.753199 0.664714 0.752285 0.664062 0.753199 0.663411 0.754113 0.662760 0.753199 0.662109 0.752285 0.662760 0.751371 0.662760 0.750457 0.662109 0.749543 0.662109 0.748629 0.661458 0.747715 0.660807 0.746801 0.660807 0.745887 0.660156 0.744973 0.660156 0.744059 0.659505 0.743144 0.659505 0.742230 0.658854 0.741316 0.658854 0.740402 0.659505 0.739488 0.659505 0.738574 0.659505 0.737660 0.658854 0.736746 0.659505 0.735832 0.658854 0.734918 0.658203 0.734004 0.657552 0.733090 0.657552 0.732176 0.658203 0.731261 0.657552 0.730347 0.657552 0.729433 0.658203 0.728519 0.657552 0.727605 0.658203 0.726691 0.658203 0.725777 0.658203 0.724863 0.658203 0.723949 0.657552 0.723035 0.657552 0.722121 0.658203 0.721207 0.658203 0.720293 0.657552 0.720293 0.656901 0.720293 0.656250 0.719378 0.655599 0.718464 0.654948 0.717550 0.654297 0.716636 0.653646 0.715722 0.654297 0.714808 0.654948 0.713894 0.655599 0.712980 0.656250 0.712066 0.656901 0.712066 0.657552 0.712980 0.658203 0.712066 0.658854 0.712066 0.659505 0.711152 0.660156 0.711152 0.659505 0.710238 0.660156 0.709324 0.660156 0.708410 0.660807 0.707495 0.660156 0.707495 0.659505 0.706581 0.658854 0.705667 0.658203 0.704753 0.657552 0.703839 0.656901 0.704753 0.656250 0.703839 0.655599 0.704753 0.654948 0.704753 0.654297 0.705667 0.653646 0.704753 0.652995 0.703839 0.652344 0.702925 0.652344 0.702011 0.652995 0.701097 0.653646 0.700183 0.654297 0.700183 0.654948 0.699269 0.654948 0.698355 0.654948 0.697441 0.655599 0.696527 0.654948 0.695612 0.655599 0.694698 0.655599 0.693784 0.654948 0.692870 0.655599 0.691956 0.655599 0.691042 0.655599 0.690128 0.655599 0.689214 0.655599 0.688300 0.656250 0.687386 0.655599 0.687386 0.654948 0.686472 0.654297 0.685558 0.653646 0.684644 0.652995 0.683729 0.652344 0.682815
0 0.763672 0.678245 0.763021 0.679159 0.762370 0.680073 0.761719 0.679159 0.762370 0.680073 0.761719 0.680987 0.762370 0.681901 0.763021 0.682815 0.763021 0.683729 0.763672 0.683729 0.764323 0.684644 0.764974 0.683729 0.765625 0.684644 0.766276 0.685558 0.765625 0.686472 0.765625 0.687386 0.765625 0.688300 0.764974 0.689214 0.764974 0.690128 0.764974 0.691042 0.765625 0.691042 0.766276 0.691042 0.766927 0.691042 0.767578 0.690128 0.768229 0.689214 0.768229 0.688300 0.768880 0.687386 0.768880 0.686472 0.768229 0.685558 0.768880 0.684644 0.768229 0.683729 0.768229 0.682815 0.768229 0.681901 0.767578 0.680987 0.766927 0.680073 0.766276 0.680073 0.765625 0.679159 0.764974 0.679159 0.764323 0.679159
0 0.440755 0.665448 0.440755 0.666362 0.440104 0.667276 0.439453 0.668190 0.440104 0.669104 0.440104 0.670018 0.440104 0.670932 0.440755 0.671846 0.440755 0.672761 0.441406 0.672761 0.442057 0.673675 0.442708 0.673675 0.443359 0.673675 0.444010 0.673675 0.444661 0.673675 0.445312 0.672761 0.445964 0.673675 0.446615 0.673675 0.447266 0.672761 0.447917 0.672761 0.448568 0.672761 0.449219 0.672761 0.449870 0.671846 0.450521 0.671846 0.451172 0.671846 0.451823 0.671846 0.452474 0.671846 0.453125 0.672761 0.452474 0.671846 0.453125 0.670932 0.452474 0.670018 0.453125 0.669104 0.452474 0.668190 0.451823 0.668190 0.451172 0.668190 0.450521 0.668190 0.449870 0.667276 0.449219 0.667276 0.448568 0.667276 0.447917 0.667276 0.447266 0.666362 0.446615 0.665448 0.445964 0.665448 0.445312 0.665448 0.444661 0.665448 0.444010 0.665448 0.443359 0.665448 0.442708 0.665448 0.442057 0.665448 0.441406 0.665448
0 0.125000 0.662706 0.125000 0.663620 0.124349 0.664534 0.124349 0.665448 0.124349 0.666362 0.124349 0.667276 0.124349 0.668190 0.123698 0.669104 0.124349 0.670018 0.125000 0.670932 0.125651 0.671846 0.125651 0.672761 0.126302 0.673675 0.126953 0.674589 0.126953 0.675503 0.127604 0.675503 0.128255 0.675503 0.128906 0.676417 0.129557 0.677331 0.129557 0.678245 0.130208 0.678245 0.130859 0.679159 0.131510 0.680073 0.131510 0.680987 0.132161 0.681901 0.132812 0.682815 0.132161 0.683729 0.132161 0.684644 0.131510 0.685558 0.130859 0.686472 0.130208 0.686472 0.129557 0.686472 0.128906 0.686472 0.128255 0.687386 0.127604 0.686472 0.126953 0.687386 0.126302 0.686472 0.125651 0.685558 0.125651 0.684644 0.125000 0.685558 0.124349 0.685558 0.123698 0.686472 0.123698 0.687386 0.124349 0.687386 0.125000 0.688300 0.125651 0.689214 0.126302 0.690128 0.125651 0.691042 0.125651 0.691956 0.125651 0.692870 0.125000 0.693784 0.124349 0.694698 0.124349 0.695612 0.125000 0.696527 0.125000 0.697441 0.124349 0.698355 0.124349 0.699269 0.123698 0.700183 0.123698 0.701097 0.124349 0.702011 0.123698 0.702925 0.123698 0.703839 0.123698 0.704753 0.123047 0.705667 0.122396 0.705667 0.123047 0.705667 0.123698 0.704753 0.124349 0.704753 0.125000 0.704753 0.124349 0.703839 0.125000 0.702925 0.125651 0.702011 0.126302 0.702011 0.126953 0.701097 0.127604 0.701097 0.127604 0.700183 0.128255 0.699269 0.128255 0.698355 0.127604 0.697441 0.128255 0.696527 0.128255 0.695612 0.128906 0.694698 0.129557 0.693784 0.130208 0.692870 0.130208 0.691956 0.130859 0.691042 0.131510 0.690128 0.132161 0.689214 0.132812 0.688300 0.133464 0.688300 0.134115 0.687386 0.134766 0.687386 0.135417 0.687386 0.136068 0.687386 0.136719 0.688300 0.137370 0.688300 0.138021 0.688300 0.138672 0.689214 0.139323 0.689214 0.139974 0.690128 0.140625 0.689214 0.141276 0.689214 0.141927 0.690128 0.142578 0.690128 0.143229 0.690128 0.143880 0.689214 0.144531 0.688300 0.144531 0.687386 0.144531 0.686472 0.145182 0.685558 0.144531 0.685558 0.143880 0.684644 0.143229 0.684644 0.142578 0.683729 0.141927 0.682815 0.141276 0.681901 0.141276 0.680987 0.141927 0.680073 0.142578 0.679159 0.141927 0.678245 0.142578 0.677331 0.142578 0.676417 0.143229 0.675503 0.142578 0.675503 0.141927 0.674589 0.141276 0.674589 0.140625 0.673675 0.139974 0.673675 0.139323 0.674589 0.138672 0.673675 0.138021 0.672761 0.137370 0.671846 0.138021 0.670932 0.137370 0.670018 0.137370 0.669104 0.136719 0.669104 0.136068 0.668190 0.135417 0.667276 0.134766 0.666362 0.135417 0.665448 0.134766 0.665448 0.134115 0.664534 0.133464 0.665448 0.132812 0.666362 0.132161 0.667276 0.132812 0.668190 0.132812 0.669104 0.132812 0.670018 0.132161 0.670932 0.131510 0.671846 0.130859 0.672761 0.130208 0.671846 0.129557 0.670932 0.129557 0.670018 0.129557 0.669104 0.128906 0.668190 0.129557 0.667276 0.128906 0.666362 0.128255 0.665448 0.128255 0.664534 0.127604 0.663620 0.127604 0.662706 0.126953 0.662706 0.126302 0.662706 0.125651 0.662706
0 0.750651 0.661792 0.750000 0.662706 0.749349 0.663620 0.748698 0.664534 0.748698 0.665448 0.748698 0.666362 0.748698 0.667276 0.748698 0.668190 0.748047 0.669104 0.748047 0.670018 0.748698 0.670932 0.748698 0.671846 0.748698 0.672761 0.748047 0.673675 0.748047 0.674589 0.748047 0.675503 0.748047 0.676417 0.748698 0.677331 0.748698 0.678245 0.749349 0.679159 0.750000 0.680073 0.750651 0.679159 0.751302 0.680073 0.751953 0.680987 0.751953 0.681901 0.752604 0.681901 0.753255 0.680987 0.753906 0.681901 0.754557 0.682815 0.755208 0.681901 0.755859 0.681901 0.756510 0.681901 0.757161 0.680987 0.757812 0.680987 0.757812 0.680073 0.757161 0.679159 0.757161 0.678245 0.757161 0.677331 0.757812 0.676417 0.757161 0.675503 0.756510 0.675503 0.755859 0.676417 0.755208 0.677331 0.754557 0.677331 0.753906 0.676417 0.753255 0.677331 0.752604 0.676417 0.751953 0.675503 0.751302 0.674589 0.751302 0.673675 0.751302 0.672761 0.751953 0.671846 0.751953 0.670932 0.752604 0.670018 0.753255 0.669104 0.752604 0.668190 0.752604 0.667276 0.753255 0.666362 0.753906 0.665448 0.753255 0.664534 0.752604 0.663620 0.751953 0.662706 0.751302 0.662706
0 0.309245 0.655393 0.308594 0.656307 0.308594 0.657221 0.307943 0.658135 0.307292 0.659049 0.307292 0.659963 0.307292 0.660878 0.307292 0.661792 0.307943 0.662706 0.307943 0.663620 0.307943 0.664534 0.307943 0.665448 0.308594 0.666362 0.307943 0.667276 0.307292 0.668190 0.306641 0.669104 0.305990 0.670018 0.305339 0.670018 0.305990 0.670932 0.305339 0.671846 0.305990 0.672761 0.305990 0.673675 0.306641 0.673675 0.307292 0.673675 0.307943 0.673675 0.308594 0.673675 0.309245 0.673675 0.309896 0.673675 0.310547 0.674589 0.311198 0.674589 0.311849 0.675503 0.312500 0.676417 0.312500 0.677331 0.313151 0.678245 0.313802 0.679159 0.313802 0.680073 0.313802 0.680987 0.314453 0.680987 0.315104 0.681901 0.315755 0.681901 0.316406 0.682815 0.317057 0.683729 0.317708 0.684644 0.318359 0.683729 0.319010 0.684644 0.319661 0.685558 0.319661 0.686472 0.319661 0.687386 0.320312 0.688300 0.320312 0.689214 0.319661 0.690128 0.319010 0.691042 0.318359 0.691956 0.318359 0.692870 0.318359 0.693784 0.317708 0.694698 0.317708 0.695612 0.318359 0.696527 0.318359 0.697441 0.319010 0.698355 0.318359 0.699269 0.318359 0.700183 0.317708 0.701097 0.317057 0.702011 0.316406 0.701097 0.315755 0.700183 0.315104 0.699269 0.314453 0.698355 0.315104 0.697441 0.315104 0.696527 0.315104 0.695612 0.314453 0.695612 0.313802 0.694698 0.313151 0.693784 0.313151 0.692870 0.312500 0.691956 0.312500 0.691042 0.312500 0.690128 0.311849 0.689214 0.311198 0.688300 0.310547 0.687386 0.309896 0.686472 0.309245 0.685558 0.308594 0.684644 0.307943 0.683729 0.307292 0.682815 0.307943 0.681901 0.307292 0.681901 0.306641 0.680987 0.305990 0.680073 0.305339 0.679159 0.304688 0.678245 0.304036 0.679159 0.303385 0.679159 0.302734 0.679159 0.302083 0.680073 0.301432 0.680073 0.301432 0.680987 0.302083 0.681901 0.301432 0.682815 0.300781 0.683729 0.301432 0.683729 0.302083 0.684644 0.302734 0.685558 0.303385 0.686472 0.304036 0.687386 0.304036 0.688300 0.304688 0.689214 0.305339 0.690128 0.305339 0.691042 0.305990 0.691956 0.306641 0.691956 0.307292 0.692870 0.307943 0.692870 0.308594 0.693784 0.309245 0.693784 0.309896 0.694698 0.310547 0.695612 0.310547 0.696527 0.310547 0.697441 0.310547 0.698355 0.311198 0.698355 0.311849 0.699269 0.312500 0.700183 0.312500 0.701097 0.313151 0.701097 0.313802 0.702011 0.314453 0.702011 0.315104 0.702011 0.315755 0.702925 0.316406 0.702011 0.317057 0.702011 0.317708 0.702011 0.318359 0.702925 0.317708 0.702011 0.317708 0.701097 0.318359 0.700183 0.319010 0.700183 0.319661 0.701097 0.319010 0.700183 0.319010 0.699269 0.319661 0.698355 0.319661 0.697441 0.320312 0.696527 0.320964 0.695612 0.320964 0.694698 0.320964 0.693784 0.320964 0.692870 0.321615 0.691956 0.322266 0.691042 0.322917 0.690128 0.323568 0.689214 0.323568 0.688300 0.323568 0.687386 0.324219 0.686472 0.324870 0.685558 0.325521 0.685558 0.326172 0.684644 0.326172 0.683729 0.326823 0.682815 0.327474 0.681901 0.328125 0.681901 0.328776 0.681901 0.329427 0.680987 0.330078 0.680987 0.330078 0.680073 0.330729 0.679159 0.331380 0.678245 0.331380 0.677331 0.332031 0.676417 0.332682 0.675503 0.333333 0.675503 0.333984 0.675503 0.334635 0.674589 0.335286 0.673675 0.335938 0.673675 0.336589 0.672761 0.337240 0.672761 0.337891 0.671846 0.337240 0.670932 0.337240 0.670018 0.337240 0.669104 0.337240 0.668190 0.337240 0.667276 0.336589 0.666362 0.335938 0.665448 0.335286 0.665448 0.334635 0.664534 0.333984 0.664534 0.333333 0.663620 0.332682 0.663620 0.332031 0.663620 0.331380 0.664534 0.330729 0.664534 0.330078 0.665448 0.329427 0.666362 0.328776 0.667276 0.328125 0.668190 0.327474 0.669104 0.326823 0.670018 0.326172 0.670932 0.325521 0.671846 0.325521 0.672761 0.325521 0.673675 0.325521 0.674589 0.325521 0.675503 0.325521 0.676417 0.325521 0.677331 0.325521 0.678245 0.325521 0.679159 0.324870 0.680073 0.324870 0.680987 0.324219 0.681901 0.323568 0.682815 0.322917 0.682815 0.322266 0.682815 0.321615 0.683729 0.320964 0.683729 0.320312 0.682815 0.319661 0.682815 0.319010 0.681901 0.318359 0.680987 0.317708 0.680073 0.317057 0.679159 0.317057 0.678245 0.317057 0.677331 0.317057 0.676417 0.316406 0.675503 0.315755 0.674589 0.315755 0.673675 0.315104 0.672761 0.314453 0.671846 0.314453 0.670932 0.314453 0.670018 0.314453 0.669104 0.314453 0.668190 0.313802 0.667276 0.313802 0.666362 0.314453 0.665448 0.313802 0.664534 0.314453 0.663620 0.314453 0.662706 0.314453 0.661792 0.314453 0.660878 0.314453 0.659963 0.313802 0.659049 0.313802 0.658135 0.313151 0.657221 0.313151 0.656307 0.312500 0.656307 0.311849 0.655393 0.311198 0.656307 0.310547 0.655393 0.309896 0.656307
0 0.972656 0.652651 0.972005 0.653565 0.971354 0.654479 0.970703 0.655393 0.970703 0.656307 0.970052 0.657221 0.970052 0.658135 0.969401 0.659049 0.969401 0.659963 0.969401 0.660878 0.969401 0.661792 0.969401 0.662706 0.970052 0.663620 0.970703 0.664534 0.970703 0.665448 0.971354 0.666362 0.971354 0.667276 0.972005 0.668190 0.972005 0.669104 0.972005 0.670018 0.972656 0.670932 0.972656 0.671846 0.972656 0.672761 0.972005 0.673675 0.971354 0.674589 0.970703 0.673675 0.970052 0.674589 0.970052 0.675503 0.970703 0.676417 0.970052 0.677331 0.970052 0.678245 0.970703 0.679159 0.971354 0.680073 0.971354 0.680987 0.972005 0.680073 0.972656 0.680073 0.973307 0.680073 0.973958 0.679159 0.973958 0.678245 0.974609 0.677331 0.975260 0.676417 0.975911 0.676417 0.975911 0.675503 0.976562 0.674589 0.977214 0.673675 0.977865 0.673675 0.978516 0.672761 0.979167 0.673675 0.979818 0.672761 0.980469 0.672761 0.980469 0.671846 0.981120 0.670932 0.981120 0.670018 0.980469 0.669104 0.980469 0.668190 0.980469 0.667276 0.979818 0.666362 0.979167 0.665448 0.978516 0.666362 0.977865 0.666362 0.977214 0.666362 0.976562 0.665448 0.975911 0.664534 0.975260 0.663620 0.975260 0.662706 0.975260 0.661792 0.975911 0.660878 0.975911 0.659963 0.975260 0.659049 0.975260 0.658135 0.974609 0.657221 0.974609 0.656307 0.974609 0.655393 0.974609 0.654479 0.973958 0.653565 0.973307 0.653565
0 0.988281 0.649909 0.987630 0.650823 0.988281 0.651737 0.987630 0.652651 0.988281 0.653565 0.987630 0.654479 0.988281 0.655393 0.988932 0.656307 0.989583 0.657221 0.990234 0.658135 0.990885 0.659049 0.991536 0.658135 0.992188 0.659049 0.992839 0.659963 0.992188 0.660878 0.991536 0.661792 0.992188 0.660878 0.992839 0.661792 0.993490 0.662706 0.992839 0.663620 0.993490 0.664534 0.992839 0.665448 0.993490 0.664534 0.994141 0.665448 0.994792 0.665448 0.994792 0.664534 0.995443 0.663620 0.994792 0.662706 0.994792 0.661792 0.994792 0.660878 0.994792 0.659963 0.995443 0.659049 0.994792 0.658135 0.994792 0.657221 0.994792 0.656307 0.994792 0.655393 0.994141 0.655393 0.993490 0.655393 0.992839 0.654479 0.992188 0.653565 0.992839 0.652651 0.992188 0.651737 0.991536 0.650823 0.990885 0.650823 0.990234 0.650823 0.989583 0.651737 0.988932 0.650823
0 0.494792 0.649909 0.494141 0.650823 0.493490 0.651737 0.492839 0.651737 0.493490 0.652651 0.493490 0.653565 0.493490 0.654479 0.493490 0.655393 0.493490 0.656307 0.492839 0.657221 0.492839 0.658135 0.493490 0.659049 0.494141 0.659963 0.493490 0.660878 0.494141 0.660878 0.494792 0.659963 0.495443 0.659049 0.496094 0.659963 0.496745 0.660878 0.497396 0.661792 0.497396 0.662706 0.496745 0.663620 0.496094 0.664534 0.495443 0.665448 0.494792 0.665448 0.494141 0.665448 0.493490 0.666362 0.492839 0.665448 0.492188 0.664534 0.491536 0.665448 0.490885 0.666362 0.491536 0.667276 0.490885 0.668190 0.490234 0.669104 0.489583 0.669104 0.488932 0.669104 0.488281 0.670018 0.487630 0.670932 0.486979 0.670018 0.486328 0.669104 0.485677 0.668190 0.485677 0.667276 0.486328 0.666362 0.485677 0.665448 0.486328 0.664534 0.486328 0.663620 0.486979 0.662706 0.487630 0.663620 0.488281 0.664534 0.488932 0.663620 0.489583 0.664534 0.490234 0.663620 0.490885 0.662706 0.491536 0.661792 0.490885 0.661792 0.490234 0.660878 0.489583 0.659963 0.488932 0.659049 0.488281 0.659963 0.487630 0.660878 0.487630 0.661792 0.486979 0.662706 0.486328 0.663620 0.485677 0.662706 0.485026 0.663620 0.484375 0.663620 0.483724 0.662706 0.484375 0.663620 0.483724 0.664534 0.484375 0.665448 0.483724 0.666362 0.483724 0.667276 0.483073 0.668190 0.482422 0.669104 0.482422 0.670018 0.482422 0.670932 0.482422 0.671846 0.482422 0.672761 0.482422 0.673675 0.481771 0.674589 0.482422 0.675503 0.482422 0.676417 0.482422 0.677331 0.482422 0.678245 0.482422 0.679159 0.483073 0.680073 0.483073 0.680987 0.483073 0.681901 0.483073 0.682815 0.483724 0.683729 0.483073 0.684644 0.483724 0.685558 0.483073 0.686472 0.482422 0.687386 0.481771 0.687386 0.481120 0.688300 0.480469 0.688300 0.480469 0.689214 0.479818 0.690128 0.479818 0.691042 0.479818 0.691956 0.480469 0.692870 0.480469 0.693784 0.480469 0.694698 0.480469 0.695612 0.480469 0.696527 0.479818 0.697441 0.479818 0.698355 0.479167 0.699269 0.478516 0.700183 0.477865 0.700183 0.477214 0.700183 0.476562 0.701097 0.475911 0.700183 0.475911 0.701097 0.475260 0.702011 0.474609 0.702925 0.474609 0.703839 0.474609 0.704753 0.474609 0.705667 0.475260 0.706581 0.475260 0.707495 0.475260 0.708410 0.475260 0.709324 0.475911 0.710238 0.475911 0.711152 0.475260 0.712066 0.475911 0.712980 0.475911 0.713894 0.475911 0.714808 0.475911 0.715722 0.476562 0.715722 0.477214 0.715722 0.477865 0.716636 0.478516 0.717550 0.478516 0.718464 0.479167 0.719378 0.479818 0.720293 0.480469 0.721207 0.481120 0.721207 0.481771 0.720293 0.482422 0.720293 0.483073 0.721207 0.483073 0.720293 0.483724 0.719378 0.484375 0.718464 0.484375 0.717550 0.485026 0.716636 0.484375 0.715722 0.485026 0.714808 0.485677 0.713894 0.485677 0.712980 0.486328 0.712066 0.485677 0.711152 0.486328 0.710238 0.485677 0.709324 0.486328 0.708410 0.485677 0.707495 0.486328 0.706581 0.485677 0.705667 0.485026 0.704753 0.484375 0.703839 0.483724 0.702925 0.483724 0.702011 0.483724 0.701097 0.483073 0.700183 0.483073 0.699269 0.483724 0.698355 0.483724 0.697441 0.483073 0.696527 0.483073 0.695612 0.482422 0.694698 0.481771 0.693784 0.482422 0.692870 0.483073 0.691956 0.483724 0.691042 0.484375 0.691042 0.485026 0.690128 0.485677 0.691042 0.486328 0.690128 0.486979 0.690128 0.487630 0.691042 0.488281 0.690128 0.488932 0.690128 0.488932 0.689214 0.488932 0.688300 0.488281 0.687386 0.488281 0.686472 0.488932 0.685558 0.489583 0.684644 0.490234 0.685558 0.490885 0.685558 0.491536 0.686472 0.492188 0.686472 0.492839 0.685558 0.493490 0.686472 0.494141 0.685558 0.494792 0.685558 0.494792 0.684644 0.494792 0.683729 0.495443 0.682815 0.494792 0.681901 0.494792 0.680987 0.494141 0.680073 0.493490 0.679159 0.492839 0.679159 0.492188 0.679159 0.491536 0.679159 0.490885 0.679159 0.490234 0.679159 0.489583 0.679159 0.488932 0.680073 0.488281 0.680073 0.487630 0.680987 0.486979 0.681901 0.486328 0.681901 0.485677 0.680987 0.485026 0.680073 0.485026 0.679159 0.485677 0.678245 0.485677 0.677331 0.486328 0.676417 0.486328 0.675503 0.486979 0.674589 0.487630 0.673675 0.488281 0.673675 0.487630 0.672761 0.488281 0.671846 0.488932 0.670932 0.489583 0.671846 0.490234 0.670932 0.490885 0.670018 0.491536 0.670932 0.492188 0.670932 0.492839 0.670018 0.493490 0.670018 0.494141 0.670018 0.494792 0.670932 0.495443 0.670018 0.496094 0.670932 0.496745 0.670018 0.497396 0.670018 0.498047 0.670932 0.498698 0.670018 0.499349 0.669104 0.500000 0.668190 0.500651 0.668190 0.501302 0.668190 0.501953 0.667276 0.502604 0.667276 0.503255 0.667276 0.503906 0.666362 0.503906 0.665448 0.504557 0.664534 0.504557 0.663620 0.503906 0.662706 0.503255 0.661792 0.503906 0.660878 0.504557 0.659963 0.505208 0.659963 0.505859 0.660878 0.506510 0.659963 0.507161 0.660878 0.507812 0.661792 0.508464 0.661792 0.509115 0.662706 0.509766 0.661792 0.510417 0.662706 0.511068 0.662706 0.511719 0.661792 0.512370 0.662706 0.513021 0.661792 0.513021 0.660878 0.513021 0.659963 0.512370 0.659049 0.513021 0.658135 0.513021 0.657221 0.512370 0.656307 0.512370 0.655393 0.512370 0.654479 0.512370 0.653565 0.511719 0.653565 0.511068 0.652651 0.510417 0.651737 0.509766 0.651737 0.509115 0.650823 0.508464 0.650823 0.507812 0.650823 0.507161 0.649909 0.506510 0.649909 0.505859 0.649909 0.505208 0.649909 0.504557 0.649909 0.503906 0.649909 0.503255 0.650823 0.502604 0.650823 0.501953 0.650823 0.501302 0.651737 0.500651 0.651737 0.500000 0.651737 0.499349 0.652651 0.498698 0.652651 0.498047 0.651737 0.497396 0.650823 0.496745 0.650823 0.496094 0.649909 0.495443 0.649909
0 0.755859 0.642596 0.756510 0.643510 0.755859 0.644424 0.755208 0.645338 0.754557 0.645338 0.753906 0.646252 0.753906 0.647166 0.754557 0.648080 0.754557 0.648995 0.754557 0.649909 0.755208 0.649909 0.755859 0.649909 0.756510 0.649909 0.757161 0.650823 0.757812 0.650823 0.758464 0.651737 0.759115 0.651737 0.759766 0.652651 0.760417 0.651737 0.761068 0.651737 0.761719 0.651737 0.762370 0.652651 0.763021 0.653565 0.763021 0.654479 0.763021 0.655393 0.762370 0.656307 0.761719 0.657221 0.761068 0.657221 0.761068 0.658135 0.760417 0.659049 0.761068 0.659963 0.760417 0.660878 0.759766 0.661792 0.760417 0.660878 0.761068 0.660878 0.761719 0.661792 0.762370 0.661792 0.763021 0.662706 0.763672 0.662706 0.764323 0.662706 0.764974 0.663620 0.765625 0.663620 0.766276 0.663620 0.766927 0.664534 0.767578 0.665448 0.767578 0.666362 0.768229 0.665448 0.768880 0.665448 0.769531 0.666362 0.770182 0.667276 0.770833 0.668190 0.771484 0.668190 0.772135 0.667276 0.772786 0.668190 0.772135 0.667276 0.772786 0.666362 0.773438 0.665448 0.774089 0.664534 0.774740 0.665448 0.775391 0.665448 0.776042 0.664534 0.776693 0.665448 0.777344 0.665448 0.777995 0.664534 0.778646 0.663620 0.779297 0.662706 0.779297 0.661792 0.779297 0.660878 0.779297 0.659963 0.779948 0.659049 0.780599 0.658135 0.781250 0.658135 0.781901 0.657221 0.782552 0.656307 0.782552 0.655393 0.781901 0.654479 0.781250 0.653565 0.780599 0.653565 0.779948 0.653565 0.779297 0.653565 0.778646 0.653565 0.777995 0.654479 0.777344 0.655393 0.776693 0.654479 0.776693 0.655393 0.776042 0.656307 0.775391 0.657221 0.774740 0.658135 0.774089 0.659049 0.774089 0.659963 0.774089 0.660878 0.773438 0.661792 0.772786 0.662706 0.772135 0.661792 0.771484 0.662706 0.770833 0.662706 0.770182 0.662706 0.769531 0.662706 0.768880 0.663620 0.768229 0.662706 0.767578 0.661792 0.767578 0.660878 0.767578 0.659963 0.766927 0.659049 0.766927 0.658135 0.767578 0.657221 0.766927 0.656307 0.766927 0.655393 0.767578 0.654479 0.766927 0.653565 0.766276 0.653565 0.765625 0.652651 0.764974 0.651737 0.764323 0.652651 0.763672 0.651737 0.763021 0.650823 0.762370 0.650823 0.761719 0.649909 0.761068 0.648995 0.760417 0.648080 0.760417 0.647166 0.759766 0.646252 0.759766 0.645338 0.759115 0.645338 0.758464 0.645338 0.757812 0.644424 0.757161 0.644424 0.756510 0.643510
0 0.727865 0.642596 0.728516 0.643510 0.727865 0.644424 0.727214 0.645338 0.726562 0.646252 0.727214 0.647166 0.727214 0.648080 0.726562 0.648995 0.727214 0.649909 0.727214 0.650823 0.727865 0.650823 0.728516 0.651737 0.729167 0.652651 0.729818 0.652651 0.730469 0.653565 0.731120 0.654479 0.731120 0.655393 0.731771 0.656307 0.732422 0.657221 0.731771 0.658135 0.731120 0.659049 0.731120 0.659963 0.730469 0.660878 0.731120 0.661792 0.731120 0.662706 0.730469 0.663620 0.730469 0.664534 0.731120 0.665448 0.730469 0.666362 0.729818 0.667276 0.729167 0.667276 0.728516 0.667276 0.727865 0.668190 0.727214 0.669104 0.727214 0.670018 0.726562 0.670932 0.726562 0.671846 0.727214 0.672761 0.727214 0.673675 0.727865 0.672761 0.728516 0.672761 0.729167 0.673675 0.729818 0.672761 0.730469 0.672761 0.731120 0.673675 0.731771 0.672761 0.732422 0.671846 0.733073 0.670932 0.733724 0.670932 0.734375 0.670018 0.735026 0.669104 0.735677 0.668190 0.736328 0.667276 0.736979 0.668190 0.737630 0.667276 0.738281 0.668190 0.738932 0.669104 0.739583 0.669104 0.740234 0.670018 0.740885 0.670932 0.740885 0.671846 0.740885 0.672761 0.740234 0.673675 0.739583 0.674589 0.738932 0.675503 0.738281 0.674589 0.737630 0.674589 0.736979 0.674589 0.736328 0.674589 0.735677 0.674589 0.735677 0.675503 0.735677 0.676417 0.735677 0.677331 0.735677 0.678245 0.736328 0.679159 0.736328 0.680073 0.736979 0.680073 0.737630 0.680987 0.738281 0.680073 0.738932 0.680073 0.739583 0.679159 0.740234 0.678245 0.740885 0.679159 0.741536 0.678245 0.742188 0.677331 0.742839 0.677331 0.743490 0.676417 0.744141 0.677331 0.744792 0.676417 0.745443 0.677331 0.746094 0.677331 0.746745 0.676417 0.746745 0.675503 0.746745 0.674589 0.746094 0.673675 0.745443 0.673675 0.744792 0.672761 0.744141 0.671846 0.744141 0.670932 0.743490 0.670018 0.742839 0.669104 0.742188 0.668190 0.741536 0.667276 0.740885 0.666362 0.740885 0.665448 0.740885 0.664534 0.740885 0.663620 0.741536 0.662706 0.742188 0.661792 0.742839 0.661792 0.742188 0.660878 0.742188 0.659963 0.742188 0.659049 0.742188 0.658135 0.741536 0.657221 0.740885 0.656307 0.740885 0.655393 0.740234 0.656307 0.739583 0.655393 0.738932 0.654479 0.738281 0.654479 0.737630 0.653565 0.736979 0.653565 0.736328 0.652651 0.735677 0.651737 0.735026 0.650823 0.735026 0.649909 0.734375 0.648995 0.734375 0.648080 0.733724 0.647166 0.733073 0.646252 0.732422 0.646252 0.731771 0.645338 0.731120 0.644424 0.730469 0.643510 0.729818 0.643510 0.729167 0.642596 0.728516 0.643510
0 0.929036 0.640768 0.928385 0.641682 0.927734 0.641682 0.927083 0.641682 0.926432 0.641682 0.925781 0.641682 0.925130 0.642596 0.924479 0.643510 0.925130 0.644424 0.925130 0.645338 0.925781 0.646252 0.925781 0.647166 0.926432 0.647166 0.927083 0.648080 0.927734 0.648080 0.928385 0.648080 0.929036 0.648080 0.929688 0.648995 0.930339 0.648995 0.930990 0.648995 0.931641 0.648080 0.932292 0.647166 0.932943 0.647166 0.933594 0.647166 0.934245 0.647166 0.934896 0.647166 0.935547 0.648080 0.936198 0.648080 0.936849 0.648080 0.937500 0.648080 0.938151 0.648080 0.938802 0.648080 0.939453 0.648080 0.940104 0.648080 0.940755 0.648995 0.941406 0.649909 0.942057 0.650823 0.942708 0.651737 0.943359 0.652651 0.944010 0.653565 0.944661 0.654479 0.944661 0.655393 0.945312 0.656307 0.945964 0.657221 0.946615 0.657221 0.947266 0.657221 0.947917 0.658135 0.948568 0.659049 0.947917 0.659963 0.948568 0.660878 0.949219 0.661792 0.949219 0.662706 0.949870 0.663620 0.950521 0.663620 0.951172 0.663620 0.951823 0.664534 0.952474 0.665448 0.953125 0.666362 0.953125 0.667276 0.952474 0.668190 0.953125 0.669104 0.952474 0.670018 0.951823 0.670932 0.951172 0.671846 0.950521 0.671846 0.949870 0.670932 0.949219 0.670018 0.949219 0.670932 0.948568 0.671846 0.947917 0.670932 0.947266 0.670018 0.946615 0.670932 0.945964 0.670018 0.945312 0.669104 0.945312 0.668190 0.944661 0.668190 0.944010 0.667276 0.943359 0.666362 0.942708 0.665448 0.942057 0.664534 0.942057 0.663620 0.941406 0.663620 0.940755 0.663620 0.940104 0.662706 0.939453 0.661792 0.940104 0.660878 0.939453 0.661792 0.938802 0.660878 0.938151 0.660878 0.937500 0.659963 0.936849 0.659963 0.936198 0.659049 0.935547 0.658135 0.934896 0.657221 0.934896 0.656307 0.934245 0.656307 0.933594 0.655393 0.932943 0.654479 0.932292 0.654479 0.931641 0.653565 0.930990 0.652651 0.930339 0.652651 0.929688 0.652651 0.929036 0.653565 0.928385 0.652651 0.928385 0.653565 0.927734 0.654479 0.927083 0.655393 0.927083 0.656307 0.927083 0.657221 0.927734 0.658135 0.927734 0.659049 0.927734 0.659963 0.928385 0.660878 0.928385 0.661792 0.929036 0.662706 0.929688 0.662706 0.930339 0.663620 0.930990 0.663620 0.931641 0.664534 0.932292 0.665448 0.932943 0.665448 0.933594 0.666362 0.934245 0.667276 0.934896 0.668190 0.935547 0.669104 0.935547 0.670018 0.936198 0.670932 0.936198 0.671846 0.936849 0.671846 0.937500 0.672761 0.938151 0.673675 0.938802 0.672761 0.939453 0.673675 0.940104 0.672761 0.940755 0.672761 0.941406 0.672761 0.942057 0.671846 0.942708 0.672761 0.943359 0.671846 0.944010 0.671846 0.944661 0.671846 0.945312 0.670932 0.945964 0.670018 0.946615 0.670932 0.947266 0.671846 0.947917 0.670932 0.948568 0.671846 0.948568 0.672761 0.949219 0.673675 0.949870 0.674589 0.949870 0.675503 0.949870 0.676417 0.949219 0.677331 0.949219 0.678245 0.949219 0.679159 0.948568 0.680073 0.949219 0.680987 0.949870 0.681901 0.950521 0.680987 0.951172 0.680987 0.951823 0.680073 0.952474 0.679159 0.953125 0.680073 0.953776 0.679159 0.954427 0.679159 0.955078 0.680073 0.955729 0.680987 0.955729 0.681901 0.955078 0.682815 0.955078 0.683729 0.955729 0.684644 0.955729 0.685558 0.955729 0.686472 0.956380 0.686472 0.957031 0.687386 0.957682 0.688300 0.957682 0.689214 0.958333 0.690128 0.958984 0.690128 0.959635 0.690128 0.960286 0.691042 0.960938 0.691956 0.961589 0.692870 0.962240 0.693784 0.962891 0.693784 0.963542 0.693784 0.964193 0.693784 0.964844 0.693784 0.965495 0.694698 0.966146 0.695612 0.966797 0.694698 0.967448 0.694698 0.968099 0.693784 0.968750 0.693784 0.969401 0.692870 0.970052 0.693784 0.970703 0.693784 0.971354 0.693784 0.972005 0.694698 0.972656 0.695612 0.973307 0.696527 0.973958 0.697441 0.974609 0.697441 0.975260 0.698355 0.975911 0.699269 0.976562 0.700183 0.975911 0.701097 0.976562 0.702011 0.977214 0.702925 0.976562 0.703839 0.977214 0.704753 0.977865 0.705667 0.978516 0.706581 0.979167 0.707495 0.978516 0.708410 0.977865 0.709324 0.977214 0.709324 0.976562 0.709324 0.975911 0.709324 0.975260 0.708410 0.974609 0.708410 0.974609 0.709324 0.973958 0.710238 0.973958 0.711152 0.973307 0.712066 0.973958 0.712980 0.973958 0.713894 0.974609 0.713894 0.975260 0.713894 0.975911 0.714808 0.976562 0.714808 0.977214 0.713894 0.977865 0.713894 0.978516 0.713894 0.979167 0.712980 0.979818 0.712066 0.980469 0.711152 0.981120 0.712066 0.981771 0.712980 0.982422 0.713894 0.982422 0.714808 0.982422 0.715722 0.983073 0.715722 0.983724 0.716636 0.984375 0.716636 0.985026 0.716636 0.985677 0.715722 0.985026 0.714808 0.985677 0.713894 0.985677 0.712980 0.986328 0.712066 0.986979 0.711152 0.987630 0.710238 0.988281 0.710238 0.988932 0.710238 0.989583 0.709324 0.990234 0.708410 0.990885 0.708410 0.990885 0.707495 0.990885 0.706581 0.990234 0.705667 0.990234 0.704753 0.989583 0.704753 0.988932 0.704753 0.988281 0.703839 0.987630 0.702925 0.987630 0.702011 0.987630 0.701097 0.988281 0.700183 0.988281 0.699269 0.988281 0.698355 0.988281 0.697441 0.987630 0.696527 0.988281 0.695612 0.987630 0.694698 0.988281 0.693784 0.988932 0.692870 0.989583 0.691956 0.990234 0.691956 0.990234 0.691042 0.990885 0.690128 0.991536 0.689214 0.992188 0.689214 0.992839 0.688300 0.993490 0.688300 0.993490 0.687386 0.994141 0.686472 0.994792 0.685558 0.995443 0.685558 0.996094 0.684644 0.996745 0.684644 0.996745 0.683729 0.997396 0.682815 0.996745 0.681901 0.996745 0.680987 0.996745 0.680073 0.996745 0.679159 0.996094 0.678245 0.996745 0.677331 0.996745 0.676417 0.997396 0.675503 0.998047 0.674589 0.998698 0.674589 0.998698 0.673675 0.998698 0.672761 0.998698 0.671846 0.998698 0.670932 0.998047 0.670932 0.997396 0.670932 0.996745 0.670018 0.996094 0.670018 0.995443 0.670018 0.994792 0.669104 0.994141 0.668190 0.993490 0.669104 0.992839 0.669104 0.992188 0.670018 0.992839 0.670932 0.993490 0.671846 0.994141 0.672761 0.993490 0.673675 0.992839 0.674589 0.993490 0.675503 0.992839 0.676417 0.993490 0.677331 0.993490 0.678245 0.993490 0.679159 0.992839 0.680073 0.992839 0.680987 0.992839 0.681901 0.992188 0.682815 0.991536 0.683729 0.990885 0.682815 0.990234 0.683729 0.989583 0.684644 0.988932 0.683729 0.989583 0.684644 0.988932 0.685558 0.988281 0.686472 0.987630 0.687386 0.986979 0.688300 0.986328 0.688300 0.986328 0.689214 0.985677 0.690128 0.985677 0.691042 0.985677 0.691956 0.986328 0.692870 0.985677 0.693784 0.985677 0.694698 0.985677 0.695612 0.985026 0.696527 0.985026 0.697441 0.985026 0.698355 0.985026 0.699269 0.985026 0.700183 0.984375 0.701097 0.984375 0.702011 0.985026 0.702925 0.985677 0.703839 0.986328 0.704753 0.986328 0.705667 0.986328 0.706581 0.985677 0.707495 0.985677 0.708410 0.985026 0.709324 0.985026 0.710238 0.984375 0.711152 0.983724 0.712066 0.983073 0.711152 0.982422 0.712066 0.981771 0.711152 0.981120 0.710238 0.980469 0.709324 0.981120 0.708410 0.980469 0.707495 0.979818 0.706581 0.979818 0.705667 0.980469 0.704753 0.980469 0.703839 0.979818 0.702925 0.980469 0.702011 0.979818 0.701097 0.980469 0.700183 0.979818 0.700183 0.979167 0.699269 0.978516 0.698355 0.978516 0.697441 0.978516 0.696527 0.977865 0.695612 0.977214 0.694698 0.976562 0.693784 0.975911 0.692870 0.975911 0.691956 0.976562 0.691042 0.976562 0.690128 0.976562 0.689214 0.976562 0.688300 0.976562 0.687386 0.975911 0.687386 0.975260 0.687386 0.974609 0.687386 0.973958 0.686472 0.973307 0.686472 0.972656 0.686472 0.972005 0.687386 0.971354 0.687386 0.970703 0.687386 0.970052 0.687386 0.969401 0.688300 0.968750 0.689214 0.968099 0.690128 0.967448 0.690128 0.966797 0.690128 0.966146 0.690128 0.965495 0.689214 0.964844 0.689214 0.964193 0.688300 0.963542 0.688300 0.962891 0.687386 0.962240 0.686472 0.961589 0.685558 0.961589 0.684644 0.960938 0.683729 0.960286 0.682815 0.959635 0.682815 0.958984 0.681901 0.958333 0.680987 0.958333 0.680073 0.958984 0.679159 0.958984 0.678245 0.958333 0.677331 0.957682 0.676417 0.957031 0.675503 0.956380 0.674589 0.956380 0.673675 0.955729 0.672761 0.956380 0.671846 0.955729 0.670932 0.956380 0.670018 0.955729 0.669104 0.956380 0.668190 0.956380 0.667276 0.956380 0.666362 0.956380 0.665448 0.956380 0.664534 0.956380 0.663620 0.957031 0.662706 0.956380 0.663620 0.955729 0.663620 0.955078 0.663620 0.954427 0.664534 0.953776 0.663620 0.953125 0.662706 0.953125 0.661792 0.952474 0.660878 0.951823 0.659963 0.951823 0.659049 0.951172 0.658135 0.950521 0.657221 0.949870 0.656307 0.949870 0.655393 0.949219 0.654479 0.948568 0.653565 0.948568 0.652651 0.947917 0.651737 0.947266 0.650823 0.947917 0.649909 0.947917 0.648995 0.947917 0.648080 0.947917 0.647166 0.947917 0.646252 0.947917 0.645338 0.947266 0.644424 0.947266 0.643510 0.946615 0.643510 0.945964 0.644424 0.945312 0.643510 0.944661 0.643510 0.944010 0.643510 0.943359 0.642596 0.942708 0.642596 0.942057 0.643510 0.941406 0.642596 0.940755 0.642596 0.940104 0.642596 0.939453 0.643510 0.938802 0.643510 0.938151 0.643510 0.937500 0.643510 0.936849 0.643510 0.936198 0.642596 0.935547 0.642596 0.934896 0.642596 0.934245 0.642596 0.933594 0.641682 0.932943 0.641682 0.932292 0.641682 0.931641 0.640768 0.930990 0.640768 0.930339 0.640768 0.929688 0.640768
0 0.991536 0.639854 0.991536 0.640768 0.990885 0.641682 0.990234 0.642596 0.989583 0.642596 0.989583 0.643510 0.990234 0.644424 0.990885 0.645338 0.990885 0.646252 0.991536 0.647166 0.991536 0.648080 0.992188 0.648080 0.992839 0.648995 0.993490 0.649909 0.994141 0.650823 0.994792 0.651737 0.994792 0.652651 0.995443 0.652651 0.996094 0.653565 0.996745 0.652651 0.997396 0.653565 0.998047 0.653565 0.998698 0.652651 0.998698 0.651737 0.998698 0.650823 0.998698 0.649909 0.998698 0.648995 0.998698 0.648080 0.998698 0.647166 0.998698 0.646252 0.998698 0.645338 0.998698 0.644424 0.998698 0.643510 0.998047 0.644424 0.997396 0.644424 0.996745 0.644424 0.996094 0.645338 0.995443 0.644424 0.994792 0.643510 0.994141 0.642596 0.993490 0.641682 0.992839 0.640768 0.992188 0.639854
0 0.086589 0.639854 0.085938 0.640768 0.085286 0.641682 0.085286 0.642596 0.084635 0.643510 0.083984 0.644424 0.083333 0.644424 0.083984 0.645338 0.083333 0.646252 0.083333 0.647166 0.082682 0.648080 0.082682 0.648995 0.082682 0.649909 0.082682 0.650823 0.082682 0.651737 0.082682 0.652651 0.082682 0.653565 0.083333 0.654479 0.083984 0.655393 0.084635 0.656307 0.085286 0.657221 0.085286 0.658135 0.085938 0.659049 0.086589 0.659963 0.087240 0.660878 0.087891 0.660878 0.088542 0.661792 0.089193 0.662706 0.089844 0.663620 0.089844 0.664534 0.089193 0.665448 0.088542 0.666362 0.087891 0.666362 0.087240 0.666362 0.086589 0.666362 0.085938 0.665448 0.085286 0.665448 0.084635 0.664534 0.083984 0.664534 0.083333 0.664534 0.082682 0.665448 0.082031 0.666362 0.082031 0.667276 0.081380 0.668190 0.081380 0.669104 0.081380 0.670018 0.080729 0.670932 0.081380 0.671846 0.082031 0.672761 0.082031 0.673675 0.082682 0.673675 0.083333 0.673675 0.083984 0.673675 0.084635 0.673675 0.085286 0.673675 0.085938 0.674589 0.086589 0.673675 0.087240 0.672761 0.087891 0.673675 0.088542 0.673675 0.089193 0.674589 0.089844 0.673675 0.090495 0.674589 0.091146 0.673675 0.091797 0.672761 0.092448 0.672761 0.093099 0.672761 0.093750 0.673675 0.094401 0.674589 0.095052 0.675503 0.095052 0.676417 0.095703 0.677331 0.096354 0.678245 0.097005 0.678245 0.097656 0.679159 0.098307 0.680073 0.098958 0.680987 0.098958 0.681901 0.098958 0.682815 0.099609 0.683729 0.099609 0.684644 0.099609 0.685558 0.100260 0.686472 0.100911 0.687386 0.100911 0.688300 0.101562 0.689214 0.102214 0.690128 0.102865 0.691042 0.102865 0.691956 0.102865 0.692870 0.103516 0.692870 0.104167 0.692870 0.104818 0.693784 0.105469 0.692870 0.106120 0.693784 0.106771 0.694698 0.107422 0.694698 0.108073 0.695612 0.108724 0.695612 0.109375 0.696527 0.110026 0.697441 0.109375 0.698355 0.109375 0.699269 0.110026 0.699269 0.110677 0.700183 0.111328 0.699269 0.111979 0.700183 0.112630 0.700183 0.113281 0.701097 0.113932 0.700183 0.114583 0.701097 0.115234 0.701097 0.115885 0.702011 0.116536 0.702925 0.116536 0.703839 0.117188 0.704753 0.116536 0.705667 0.116536 0.706581 0.117188 0.707495 0.117839 0.708410 0.118490 0.708410 0.119141 0.709324 0.119792 0.710238 0.120443 0.711152 0.120443 0.712066 0.121094 0.712980 0.121094 0.713894 0.121745 0.714808 0.121745 0.715722 0.121094 0.716636 0.121094 0.717550 0.120443 0.718464 0.120443 0.719378 0.119792 0.720293 0.120443 0.721207 0.120443 0.722121 0.121094 0.723035 0.120443 0.723949 0.120443 0.724863 0.119792 0.725777 0.119141 0.726691 0.119141 0.727605 0.119141 0.728519 0.118490 0.729433 0.118490 0.730347 0.119141 0.731261 0.119792 0.732176 0.120443 0.733090 0.121094 0.734004 0.121094 0.734918 0.121094 0.735832 0.121745 0.736746 0.121745 0.737660 0.122396 0.738574 0.122396 0.739488 0.122396 0.740402 0.121745 0.741316 0.121745 0.742230 0.121094 0.743144 0.120443 0.744059 0.119792 0.744973 0.119141 0.745887 0.118490 0.744973 0.117839 0.745887 0.117188 0.745887 0.116536 0.745887 0.115885 0.744973 0.115234 0.744059 0.114583 0.743144 0.113932 0.744059 0.113281 0.743144 0.112630 0.742230 0.111979 0.741316 0.111979 0.740402 0.111328 0.739488 0.111328 0.738574 0.111979 0.737660 0.111979 0.736746 0.111328 0.735832 0.111328 0.734918 0.111328 0.734004 0.110677 0.733090 0.110677 0.732176 0.111328 0.731261 0.111979 0.730347 0.111979 0.729433 0.112630 0.728519 0.112630 0.727605 0.113281 0.726691 0.113281 0.725777 0.113932 0.724863 0.113281 0.725777 0.112630 0.725777 0.111979 0.724863 0.111328 0.724863 0.110677 0.723949 0.110026 0.723035 0.109375 0.722121 0.109375 0.721207 0.108724 0.721207 0.108073 0.720293 0.107422 0.719378 0.107422 0.718464 0.106771 0.717550 0.106120 0.716636 0.106771 0.715722 0.106120 0.714808 0.106120 0.713894 0.106771 0.712980 0.106120 0.712066 0.105469 0.711152 0.104818 0.710238 0.104818 0.709324 0.104818 0.708410 0.104167 0.707495 0.104167 0.706581 0.103516 0.707495 0.102865 0.707495 0.102214 0.706581 0.101562 0.706581 0.100911 0.706581 0.100260 0.706581 0.099609 0.706581 0.099609 0.707495 0.098958 0.708410 0.098958 0.709324 0.099609 0.710238 0.099609 0.711152 0.098958 0.712066 0.098958 0.712980 0.098307 0.713894 0.097656 0.714808 0.097005 0.714808 0.096354 0.715722 0.095703 0.715722 0.095703 0.716636 0.096354 0.717550 0.097005 0.718464 0.097005 0.719378 0.097005 0.720293 0.097656 0.719378 0.098307 0.720293 0.098958 0.721207 0.099609 0.721207 0.100260 0.722121 0.100911 0.722121 0.101562 0.721207 0.102214 0.721207 0.102865 0.720293 0.103516 0.720293 0.104167 0.721207 0.104818 0.721207 0.105469 0.722121 0.106120 0.723035 0.106771 0.723949 0.106771 0.724863 0.106771 0.725777 0.107422 0.726691 0.108073 0.727605 0.108073 0.728519 0.108073 0.729433 0.108073 0.730347 0.108724 0.731261 0.108724 0.732176 0.108724 0.733090 0.108073 0.734004 0.108724 0.734918 0.109375 0.735832 0.108724 0.736746 0.108073 0.737660 0.107422 0.737660 0.106771 0.738574 0.106120 0.737660 0.105469 0.736746 0.104818 0.736746 0.104167 0.736746 0.103516 0.735832 0.102865 0.735832 0.102214 0.735832 0.101562 0.735832 0.100911 0.734918 0.100260 0.734004 0.099609 0.734918 0.098958 0.734004 0.098307 0.733090 0.097656 0.732176 0.097005 0.731261 0.096354 0.730347 0.095703 0.729433 0.095052 0.729433 0.094401 0.728519 0.093750 0.728519 0.093099 0.728519 0.092448 0.729433 0.091797 0.729433 0.091146 0.729433 0.091146 0.730347 0.090495 0.731261 0.090495 0.732176 0.090495 0.733090 0.090495 0.734004 0.090495 0.734918 0.091146 0.734918 0.091797 0.735832 0.092448 0.736746 0.093099 0.737660 0.093750 0.737660 0.094401 0.738574 0.095052 0.738574 0.095703 0.738574 0.096354 0.739488 0.097005 0.738574 0.097656 0.739488 0.098307 0.738574 0.098958 0.739488 0.099609 0.740402 0.100260 0.740402 0.100911 0.740402 0.101562 0.740402 0.102214 0.740402 0.102865 0.740402 0.103516 0.741316 0.104167 0.742230 0.104818 0.741316 0.105469 0.742230 0.106120 0.743144 0.106771 0.744059 0.107422 0.744973 0.108073 0.744973 0.108724 0.744973 0.109375 0.745887 0.110026 0.746801 0.110677 0.745887 0.111328 0.746801 0.111979 0.746801 0.112630 0.747715 0.113281 0.748629 0.113932 0.749543 0.114583 0.749543 0.115234 0.750457 0.115885 0.751371 0.116536 0.752285 0.117188 0.753199 0.117188 0.754113 0.117188 0.755027 0.116536 0.755941 0.116536 0.756856 0.116536 0.757770 0.117188 0.758684 0.116536 0.759598 0.116536 0.760512 0.117188 0.761426 0.116536 0.762340 0.117188 0.763254 0.117188 0.764168 0.117839 0.765082 0.118490 0.765082 0.119141 0.765996 0.119792 0.766910 0.119141 0.767824 0.119792 0.766910 0.120443 0.766910 0.121094 0.765996 0.121745 0.765996 0.121745 0.765082 0.122396 0.764168 0.121745 0.763254 0.122396 0.762340 0.123047 0.761426 0.122396 0.760512 0.121745 0.759598 0.121094 0.758684 0.120443 0.757770 0.120443 0.756856 0.119792 0.755941 0.119792 0.755027 0.119792 0.754113 0.119141 0.753199 0.119141 0.752285 0.119141 0.751371 0.119792 0.750457 0.120443 0.749543 0.121094 0.748629 0.121745 0.747715 0.122396 0.748629 0.122396 0.747715 0.123047 0.746801 0.123698 0.745887 0.124349 0.744973 0.125000 0.744059 0.125651 0.743144 0.126302 0.743144 0.126953 0.742230 0.127604 0.742230 0.128255 0.742230 0.128906 0.742230 0.129557 0.742230 0.130208 0.742230 0.130859 0.741316 0.130859 0.740402 0.131510 0.739488 0.131510 0.738574 0.132161 0.737660 0.132812 0.736746 0.132161 0.735832 0.131510 0.734918 0.131510 0.734004 0.130859 0.734004 0.130208 0.734004 0.129557 0.733090 0.128906 0.734004 0.128255 0.734004 0.127604 0.734004 0.126953 0.734918 0.126302 0.735832 0.125651 0.735832 0.125000 0.735832 0.124349 0.734918 0.123698 0.734004 0.123698 0.733090 0.123047 0.732176 0.123047 0.731261 0.123698 0.730347 0.123698 0.729433 0.123047 0.728519 0.123698 0.727605 0.123047 0.726691 0.123047 0.725777 0.123698 0.724863 0.124349 0.723949 0.125000 0.723035 0.125651 0.722121 0.126302 0.721207 0.126953 0.720293 0.127604 0.720293 0.127604 0.719378 0.127604 0.718464 0.126953 0.717550 0.126302 0.716636 0.125651 0.715722 0.125651 0.714808 0.125000 0.715722 0.124349 0.714808 0.123698 0.713894 0.123047 0.712980 0.123047 0.712066 0.122396 0.711152 0.121745 0.710238 0.121094 0.709324 0.121094 0.708410 0.120443 0.707495 0.121094 0.706581 0.120443 0.705667 0.119792 0.704753 0.119792 0.703839 0.119141 0.702925 0.118490 0.702011 0.119141 0.701097 0.119141 0.700183 0.118490 0.699269 0.119141 0.698355 0.118490 0.697441 0.119141 0.696527 0.119141 0.695612 0.118490 0.694698 0.117839 0.695612 0.117188 0.694698 0.116536 0.693784 0.115885 0.692870 0.116536 0.691956 0.117188 0.691042 0.117188 0.690128 0.117839 0.689214 0.117188 0.688300 0.117188 0.687386 0.116536 0.686472 0.117188 0.685558 0.116536 0.684644 0.115885 0.683729 0.115234 0.684644 0.114583 0.684644 0.113932 0.685558 0.113281 0.685558 0.113281 0.686472 0.112630 0.687386 0.113281 0.688300 0.113932 0.689214 0.113932 0.690128 0.113932 0.691042 0.114583 0.691956 0.113932 0.692870 0.113281 0.693784 0.112630 0.693784 0.111979 0.692870 0.111328 0.691956 0.111328 0.691042 0.110677 0.691042 0.110026 0.690128 0.109375 0.689214 0.109375 0.688300 0.108724 0.687386 0.108073 0.687386 0.107422 0.686472 0.106771 0.685558 0.106120 0.684644 0.105469 0.684644 0.104818 0.683729 0.104167 0.682815 0.104167 0.681901 0.103516 0.680987 0.102865 0.680073 0.102865 0.679159 0.102214 0.678245 0.101562 0.677331 0.101562 0.676417 0.101562 0.675503 0.102214 0.674589 0.102865 0.673675 0.102865 0.672761 0.103516 0.671846 0.104167 0.670932 0.104167 0.670018 0.104818 0.669104 0.105469 0.668190 0.105469 0.667276 0.105469 0.666362 0.106120 0.665448 0.106120 0.664534 0.106771 0.663620 0.106771 0.662706 0.106771 0.661792 0.106120 0.660878 0.106771 0.659963 0.107422 0.659049 0.106771 0.658135 0.107422 0.657221 0.106771 0.656307 0.106771 0.655393 0.106120 0.655393 0.105469 0.654479 0.104818 0.653565 0.104818 0.652651 0.104167 0.652651 0.103516 0.652651 0.102865 0.652651 0.102214 0.653565 0.101562 0.653565 0.100911 0.654479 0.100260 0.655393 0.099609 0.655393 0.100260 0.656307 0.100260 0.657221 0.099609 0.658135 0.100260 0.659049 0.100260 0.659963 0.100260 0.660878 0.100260 0.661792 0.100260 0.662706 0.100260 0.663620 0.100911 0.664534 0.100260 0.665448 0.100911 0.666362 0.100260 0.667276 0.100911 0.668190 0.100911 0.669104 0.100260 0.670018 0.100260 0.670932 0.099609 0.671846 0.098958 0.672761 0.098307 0.671846 0.097656 0.670932 0.097005 0.670018 0.096354 0.669104 0.096354 0.668190 0.095703 0.667276 0.096354 0.666362 0.096354 0.665448 0.095703 0.664534 0.095703 0.663620 0.095052 0.662706 0.095052 0.661792 0.095052 0.660878 0.095052 0.659963 0.095052 0.659049 0.095703 0.658135 0.095703 0.657221 0.095703 0.656307 0.095703 0.655393 0.096354 0.654479 0.096354 0.653565 0.096354 0.652651 0.097005 0.651737 0.097005 0.650823 0.096354 0.649909 0.095703 0.648995 0.095052 0.648080 0.095052 0.647166 0.094401 0.646252 0.094401 0.645338 0.094401 0.644424 0.093750 0.643510 0.093750 0.642596 0.093099 0.642596 0.092448 0.642596 0.091797 0.642596 0.091146 0.641682 0.090495 0.640768 0.089844 0.640768 0.089193 0.640768 0.088542 0.639854 0.087891 0.640768 0.087240 0.640768
0 0.481771 0.629799 0.481120 0.630713 0.480469 0.630713 0.479818 0.630713 0.479167 0.631627 0.478516 0.631627 0.477865 0.632541 0.477214 0.632541 0.476562 0.632541 0.475911 0.633455 0.475260 0.633455 0.474609 0.634369 0.473958 0.633455 0.474609 0.634369 0.474609 0.635283 0.474609 0.636197 0.475260 0.636197 0.475911 0.636197 0.476562 0.637112 0.477214 0.637112 0.477865 0.636197 0.478516 0.637112 0.479167 0.637112 0.479818 0.636197 0.480469 0.635283 0.481120 0.634369 0.481771 0.635283 0.482422 0.634369 0.483073 0.633455 0.483724 0.633455 0.483073 0.632541 0.483073 0.631627 0.483724 0.630713 0.483073 0.630713 0.482422 0.629799
0 0.824219 0.627971 0.824219 0.628885 0.823568 0.629799 0.822917 0.630713 0.822266 0.631627 0.822266 0.632541 0.822266 0.633455 0.822917 0.634369 0.822266 0.635283 0.822917 0.636197 0.823568 0.637112 0.823568 0.638026 0.822917 0.638940 0.822266 0.639854 0.821615 0.640768 0.820964 0.639854 0.820312 0.639854 0.819661 0.638940 0.819010 0.638026 0.819661 0.637112 0.820312 0.636197 0.820964 0.635283 0.820312 0.634369 0.819661 0.635283 0.819010 0.634369 0.818359 0.634369 0.817708 0.634369 0.817708 0.635283 0.817057 0.636197 0.817057 0.637112 0.817057 0.638026 0.816406 0.638940 0.816406 0.639854 0.815755 0.640768 0.815755 0.641682 0.816406 0.642596 0.815755 0.643510 0.815104 0.644424 0.814453 0.644424 0.813802 0.645338 0.813151 0.646252 0.812500 0.646252 0.811849 0.647166 0.811198 0.648080 0.810547 0.648080 0.809896 0.648080 0.809245 0.648995 0.808594 0.649909 0.807943 0.649909 0.807943 0.650823 0.808594 0.650823 0.809245 0.650823 0.809896 0.651737 0.810547 0.652651 0.809896 0.653565 0.809245 0.654479 0.808594 0.655393 0.807943 0.655393 0.807292 0.655393 0.806641 0.654479 0.805990 0.655393 0.805339 0.655393 0.804688 0.656307 0.804036 0.657221 0.803385 0.657221 0.802734 0.656307 0.802083 0.655393 0.802083 0.654479 0.802083 0.653565 0.801432 0.652651 0.800781 0.651737 0.801432 0.650823 0.800781 0.650823 0.800130 0.649909 0.799479 0.649909 0.798828 0.648995 0.798177 0.648995 0.797526 0.648995 0.796875 0.649909 0.796224 0.650823 0.796224 0.651737 0.796224 0.652651 0.796224 0.653565 0.796875 0.654479 0.796875 0.655393 0.796875 0.656307 0.797526 0.657221 0.797526 0.658135 0.796875 0.659049 0.796224 0.659963 0.795573 0.659963 0.795573 0.660878 0.795573 0.661792 0.794922 0.662706 0.794271 0.663620 0.794922 0.664534 0.794922 0.665448 0.794271 0.666362 0.793620 0.667276 0.792969 0.668190 0.792318 0.668190 0.791667 0.668190 0.791016 0.668190 0.790365 0.669104 0.789714 0.670018 0.789062 0.670932 0.788411 0.670018 0.787760 0.669104 0.788411 0.668190 0.787760 0.667276 0.787760 0.666362 0.787760 0.665448 0.787760 0.664534 0.787109 0.663620 0.787109 0.662706 0.787109 0.661792 0.786458 0.660878 0.785807 0.661792 0.785156 0.661792 0.785156 0.662706 0.784505 0.663620 0.783854 0.664534 0.784505 0.665448 0.785156 0.666362 0.784505 0.667276 0.785156 0.668190 0.785807 0.669104 0.785807 0.670018 0.785156 0.670932 0.784505 0.671846 0.785156 0.672761 0.785156 0.673675 0.784505 0.674589 0.783854 0.675503 0.783203 0.676417 0.782552 0.677331 0.781901 0.678245 0.781901 0.679159 0.782552 0.680073 0.781901 0.680987 0.781250 0.681901 0.780599 0.681901 0.781250 0.682815 0.781901 0.683729 0.781901 0.684644 0.782552 0.684644 0.783203 0.684644 0.783854 0.684644 0.784505 0.684644 0.785156 0.684644 0.785156 0.683729 0.784505 0.682815 0.785156 0.681901 0.785156 0.680987 0.785156 0.680073 0.785807 0.679159 0.785807 0.678245 0.785156 0.677331 0.785156 0.676417 0.785156 0.675503 0.785807 0.674589 0.786458 0.673675 0.787109 0.673675 0.787760 0.672761 0.788411 0.673675 0.789062 0.672761 0.789714 0.673675 0.790365 0.674589 0.791016 0.673675 0.791667 0.674589 0.792318 0.675503 0.792318 0.676417 0.792969 0.675503 0.793620 0.676417 0.794271 0.676417 0.794922 0.676417 0.795573 0.676417 0.796224 0.677331 0.796875 0.676417 0.797526 0.677331 0.798177 0.676417 0.798828 0.676417 0.799479 0.675503 0.799479 0.674589 0.799479 0.673675 0.798828 0.672761 0.798828 0.671846 0.798177 0.670932 0.797526 0.671846 0.796875 0.672761 0.796224 0.671846 0.795573 0.670932 0.794922 0.670018 0.794271 0.669104 0.794922 0.668190 0.794271 0.667276 0.794271 0.666362 0.794922 0.665448 0.795573 0.665448 0.796224 0.665448 0.796875 0.665448 0.797526 0.664534 0.798177 0.664534 0.798828 0.664534 0.799479 0.664534 0.800130 0.664534 0.800130 0.663620 0.800781 0.662706 0.801432 0.661792 0.802083 0.660878 0.802734 0.659963 0.803385 0.659049 0.804036 0.659963 0.804688 0.659049 0.805339 0.659049 0.805990 0.659049 0.806641 0.659963 0.807292 0.659963 0.807943 0.659963 0.808594 0.660878 0.809245 0.660878 0.809896 0.660878 0.810547 0.661792 0.811198 0.662706 0.811849 0.661792 0.812500 0.662706 0.813151 0.663620 0.813802 0.662706 0.814453 0.663620 0.815104 0.662706 0.815755 0.661792 0.816406 0.660878 0.817057 0.660878 0.816406 0.659963 0.816406 0.659049 0.816406 0.658135 0.816406 0.657221 0.816406 0.656307 0.815755 0.656307 0.815104 0.655393 0.814453 0.655393 0.813802 0.654479 0.813151 0.653565 0.813151 0.652651 0.812500 0.651737 0.813151 0.650823 0.813802 0.649909 0.814453 0.649909 0.815104 0.648995 0.815755 0.648080 0.816406 0.648995 0.817057 0.648080 0.817708 0.647166 0.818359 0.648080 0.819010 0.648080 0.819661 0.647166 0.820312 0.648080 0.819661 0.647166 0.820312 0.646252 0.820964 0.645338 0.821615 0.646252 0.822266 0.645338 0.822917 0.645338 0.823568 0.644424 0.824219 0.644424 0.824870 0.643510 0.825521 0.642596 0.826172 0.643510 0.826823 0.643510 0.827474 0.643510 0.828125 0.644424 0.828776 0.645338 0.829427 0.644424 0.830078 0.644424 0.830729 0.644424 0.831380 0.643510 0.831380 0.642596 0.832031 0.641682 0.832031 0.640768 0.831380 0.639854 0.832031 0.638940 0.831380 0.638026 0.830729 0.637112 0.830078 0.637112 0.829427 0.636197 0.828776 0.635283 0.828125 0.634369 0.827474 0.633455 0.828125 0.632541 0.827474 0.631627 0.826823 0.630713 0.827474 0.629799 0.826823 0.628885 0.826172 0.628885 0.825521 0.629799 0.824870 0.628885
0 0.799479 0.624314 0.798828 0.625229 0.798177 0.626143 0.797526 0.626143 0.796875 0.627057 0.796224 0.627971 0.796224 0.628885 0.796224 0.629799 0.796224 0.630713 0.796875 0.631627 0.797526 0.631627 0.798177 0.632541 0.798828 0.633455 0.798828 0.634369 0.799479 0.634369 0.800130 0.635283 0.800781 0.635283 0.801432 0.636197 0.802083 0.637112 0.801432 0.638026 0.802083 0.638940 0.802083 0.639854 0.802734 0.640768 0.803385 0.641682 0.803385 0.642596 0.804036 0.643510 0.804036 0.644424 0.804036 0.645338 0.804688 0.644424 0.805339 0.645338 0.805990 0.646252 0.806641 0.646252 0.806641 0.645338 0.806641 0.644424 0.807292 0.643510 0.806641 0.642596 0.807292 0.641682 0.806641 0.640768 0.806641 0.639854 0.807292 0.638940 0.806641 0.638026 0.805990 0.637112 0.805990 0.636197 0.805339 0.635283 0.804688 0.634369 0.805339 0.633455 0.804688 0.633455 0.804036 0.632541 0.803385 0.631627 0.802734 0.630713 0.802083 0.629799 0.802083 0.628885 0.801432 0.627971 0.802083 0.627057 0.801432 0.627057 0.800781 0.626143 0.800130 0.625229
0 0.774089 0.623400 0.773438 0.624314 0.772786 0.624314 0.772135 0.624314 0.771484 0.624314 0.770833 0.625229 0.770182 0.626143 0.770182 0.627057 0.769531 0.627971 0.768880 0.628885 0.768229 0.629799 0.767578 0.630713 0.766927 0.629799 0.766276 0.628885 0.765625 0.627971 0.764974 0.627057 0.764323 0.626143 0.763672 0.627057 0.763021 0.627971 0.763672 0.628885 0.763672 0.629799 0.763672 0.630713 0.763672 0.631627 0.763021 0.632541 0.763672 0.633455 0.764323 0.634369 0.764974 0.634369 0.765625 0.634369 0.766276 0.635283 0.766927 0.634369 0.767578 0.634369 0.768229 0.633455 0.768880 0.632541 0.769531 0.631627 0.770182 0.632541 0.770833 0.632541 0.771484 0.631627 0.772135 0.632541 0.772786 0.632541 0.773438 0.632541 0.774089 0.632541 0.774740 0.631627 0.775391 0.631627 0.776042 0.630713 0.776693 0.630713 0.777344 0.631627 0.777995 0.630713 0.778646 0.630713 0.777995 0.629799 0.777995 0.628885 0.778646 0.627971 0.778646 0.627057 0.777995 0.626143 0.778646 0.625229 0.777995 0.625229 0.777344 0.624314 0.776693 0.624314 0.776042 0.623400 0.775391 0.624314 0.774740 0.624314
0 0.320312 0.621572 0.319661 0.622486 0.319010 0.623400 0.318359 0.623400 0.317708 0.623400 0.317708 0.624314 0.317708 0.625229 0.318359 0.626143 0.317708 0.627057 0.318359 0.627971 0.318359 0.628885 0.319010 0.629799 0.319010 0.630713 0.318359 0.631627 0.319010 0.632541 0.318359 0.633455 0.317708 0.634369 0.317057 0.634369 0.316406 0.634369 0.315755 0.633455 0.315104 0.632541 0.314453 0.633455 0.313802 0.632541 0.313151 0.633455 0.312500 0.633455 0.311849 0.634369 0.311198 0.634369 0.311849 0.634369 0.312500 0.635283 0.313151 0.636197 0.313802 0.637112 0.313802 0.638026 0.314453 0.638940 0.315104 0.638940 0.315755 0.639854 0.316406 0.639854 0.317057 0.640768 0.317708 0.641682 0.318359 0.641682 0.319010 0.642596 0.319661 0.643510 0.320312 0.644424 0.319661 0.645338 0.319010 0.646252 0.318359 0.647166 0.317708 0.646252 0.317057 0.645338 0.316406 0.644424 0.315755 0.643510 0.315104 0.644424 0.314453 0.643510 0.313802 0.643510 0.313802 0.644424 0.313802 0.645338 0.313151 0.646252 0.313802 0.647166 0.313802 0.648080 0.314453 0.648995 0.315104 0.648995 0.315755 0.649909 0.316406 0.650823 0.317057 0.650823 0.317708 0.650823 0.318359 0.651737 0.319010 0.652651 0.319661 0.653565 0.320312 0.654479 0.320312 0.655393 0.320312 0.656307 0.320964 0.657221 0.320312 0.658135 0.320312 0.659049 0.320964 0.659963 0.320312 0.660878 0.320964 0.661792 0.320964 0.662706 0.321615 0.663620 0.321615 0.664534 0.322266 0.664534 0.322917 0.664534 0.323568 0.663620 0.324219 0.663620 0.324219 0.662706 0.324870 0.661792 0.325521 0.660878 0.326172 0.660878 0.326823 0.659963 0.327474 0.659963 0.328125 0.660878 0.328125 0.659963 0.328776 0.659049 0.329427 0.658135 0.328776 0.657221 0.329427 0.656307 0.328776 0.655393 0.328125 0.655393 0.327474 0.655393 0.326823 0.655393 0.326172 0.656307 0.325521 0.657221 0.324870 0.658135 0.324219 0.659049 0.323568 0.658135 0.322917 0.658135 0.322266 0.657221 0.321615 0.656307 0.322266 0.655393 0.322266 0.654479 0.321615 0.653565 0.320964 0.652651 0.320964 0.651737 0.321615 0.650823 0.320964 0.649909 0.321615 0.648995 0.321615 0.648080 0.322266 0.647166 0.322917 0.646252 0.323568 0.646252 0.324219 0.645338 0.324870 0.644424 0.324870 0.643510 0.325521 0.642596 0.326172 0.641682 0.326823 0.641682 0.327474 0.640768 0.328125 0.640768 0.328776 0.640768 0.329427 0.639854 0.330078 0.639854 0.330078 0.638940 0.329427 0.638026 0.329427 0.637112 0.329427 0.636197 0.330078 0.635283 0.329427 0.635283 0.328776 0.634369 0.328125 0.633455 0.327474 0.633455 0.326823 0.634369 0.326172 0.634369 0.325521 0.634369 0.324870 0.635283 0.324219 0.636197 0.323568 0.637112 0.322917 0.638026 0.322266 0.638940 0.321615 0.638940 0.320964 0.638026 0.320312 0.637112 0.320964 0.636197 0.320964 0.635283 0.321615 0.634369 0.322266 0.633455 0.322917 0.633455 0.322917 0.632541 0.323568 0.631627 0.324219 0.630713 0.324870 0.630713 0.325521 0.629799 0.326172 0.628885 0.326823 0.627971 0.327474 0.627057 0.328125 0.626143 0.328776 0.625229 0.328125 0.624314 0.327474 0.623400 0.327474 0.622486 0.326823 0.622486 0.326172 0.622486 0.325521 0.622486 0.324870 0.622486 0.324219 0.622486 0.323568 0.621572 0.322917 0.622486 0.322266 0.623400 0.321615 0.622486 0.320964 0.622486
0 0.414062 0.620658 0.413411 0.621572 0.412760 0.621572 0.413411 0.622486 0.412760 0.623400 0.412760 0.624314 0.412109 0.625229 0.411458 0.626143 0.412109 0.627057 0.412760 0.627971 0.413411 0.627971 0.414062 0.627971 0.414714 0.628885 0.415365 0.627971 0.416016 0.628885 0.416667 0.629799 0.417318 0.629799 0.417969 0.628885 0.418620 0.629799 0.419271 0.628885 0.419922 0.629799 0.420573 0.629799 0.421224 0.630713 0.421875 0.631627 0.422526 0.631627 0.423177 0.631627 0.423828 0.632541 0.424479 0.632541 0.425130 0.632541 0.425781 0.632541 0.426432 0.631627 0.426432 0.630713 0.426432 0.629799 0.425781 0.628885 0.425781 0.627971 0.425130 0.627971 0.424479 0.627057 0.423828 0.627971 0.423177 0.627057 0.422526 0.627057 0.421875 0.627971 0.421224 0.627057 0.420573 0.626143 0.420573 0.625229 0.419922 0.625229 0.419271 0.624314 0.418620 0.623400 0.418620 0.622486 0.417969 0.622486 0.417318 0.621572 0.416667 0.620658 0.416016 0.620658 0.415365 0.620658 0.414714 0.620658
0 0.977865 0.619744 0.977214 0.620658 0.976562 0.620658 0.975911 0.621572 0.976562 0.622486 0.976562 0.623400 0.976562 0.624314 0.976562 0.625229 0.976562 0.626143 0.976562 0.627057 0.976562 0.627971 0.976562 0.628885 0.977214 0.629799 0.977214 0.630713 0.977865 0.631627 0.977865 0.632541 0.977865 0.633455 0.977865 0.634369 0.978516 0.635283 0.978516 0.636197 0.979167 0.637112 0.979818 0.637112 0.980469 0.637112 0.981120 0.636197 0.981771 0.637112 0.982422 0.636197 0.983073 0.636197 0.982422 0.635283 0.981771 0.634369 0.982422 0.633455 0.981771 0.632541 0.982422 0.631627 0.981771 0.630713 0.981120 0.629799 0.980469 0.628885 0.981120 0.627971 0.980469 0.627057 0.980469 0.626143 0.979818 0.625229 0.980469 0.624314 0.980469 0.623400 0.979818 0.622486 0.979167 0.621572 0.979167 0.620658 0.979167 0.619744 0.978516 0.619744
0 0.744141 0.616088 0.743490 0.617002 0.742839 0.617002 0.742188 0.617002 0.742188 0.617916 0.742188 0.618830 0.741536 0.619744 0.741536 0.620658 0.742188 0.620658 0.742839 0.621572 0.743490 0.622486 0.744141 0.623400 0.744792 0.624314 0.745443 0.623400 0.746094 0.624314 0.746745 0.625229 0.747396 0.625229 0.748047 0.624314 0.748698 0.624314 0.749349 0.623400 0.750000 0.623400 0.750651 0.624314 0.751302 0.623400 0.751953 0.622486 0.752604 0.622486 0.753255 0.623400 0.753906 0.622486 0.754557 0.623400 0.754557 0.622486 0.755208 0.621572 0.755208 0.620658 0.754557 0.619744 0.754557 0.618830 0.754557 0.617916 0.754557 0.617002 0.753906 0.616088 0.753255 0.617002 0.752604 0.617916 0.751953 0.617916 0.751302 0.618830 0.750651 0.618830 0.750000 0.617916 0.749349 0.617002 0.748698 0.617002 0.748047 0.616088 0.747396 0.617002 0.746745 0.616088 0.746094 0.616088 0.745443 0.616088 0.744792 0.617002
0 0.468099 0.613346 0.467448 0.614260 0.466797 0.615174 0.466797 0.616088 0.467448 0.616088 0.468099 0.617002 0.468750 0.617916 0.468750 0.618830 0.468750 0.619744 0.469401 0.620658 0.469401 0.621572 0.469401 0.622486 0.469401 0.623400 0.470052 0.624314 0.470703 0.625229 0.470703 0.626143 0.470052 0.627057 0.470703 0.627971 0.470052 0.628885 0.470052 0.629799 0.469401 0.630713 0.469401 0.631627 0.469401 0.632541 0.468750 0.633455 0.469401 0.634369 0.468750 0.635283 0.468099 0.636197 0.468750 0.637112 0.469401 0.638026 0.468750 0.638940 0.469401 0.639854 0.469401 0.640768 0.469401 0.641682 0.469401 0.642596 0.469401 0.643510 0.469401 0.644424 0.470052 0.645338 0.470052 0.646252 0.469401 0.647166 0.469401 0.648080 0.469401 0.648995 0.468750 0.649909 0.469401 0.650823 0.468750 0.651737 0.468099 0.652651 0.467448 0.652651 0.466797 0.653565 0.466146 0.653565 0.465495 0.652651 0.464844 0.651737 0.464844 0.650823 0.464193 0.650823 0.463542 0.651737 0.463542 0.652651 0.463542 0.653565 0.463542 0.654479 0.463542 0.655393 0.463542 0.656307 0.462891 0.657221 0.463542 0.658135 0.464193 0.659049 0.464193 0.659963 0.464193 0.660878 0.464193 0.661792 0.464193 0.662706 0.464193 0.663620 0.463542 0.664534 0.463542 0.665448 0.464193 0.666362 0.464844 0.666362 0.465495 0.666362 0.466146 0.666362 0.466146 0.665448 0.466797 0.664534 0.466146 0.663620 0.466797 0.662706 0.466797 0.661792 0.466146 0.660878 0.466797 0.659963 0.466146 0.659049 0.466146 0.658135 0.466797 0.657221 0.467448 0.656307 0.468099 0.656307 0.468099 0.655393 0.468750 0.654479 0.469401 0.653565 0.470052 0.653565 0.470703 0.652651 0.470052 0.651737 0.470703 0.650823 0.470703 0.649909 0.470703 0.648995 0.471354 0.648080 0.472005 0.647166 0.472656 0.646252 0.473307 0.646252 0.473958 0.647166 0.474609 0.646252 0.475260 0.645338 0.475911 0.645338 0.476562 0.644424 0.477214 0.643510 0.477865 0.643510 0.478516 0.643510 0.479167 0.643510 0.479818 0.643510 0.480469 0.643510 0.481120 0.644424 0.481771 0.644424 0.482422 0.643510 0.483073 0.643510 0.483724 0.644424 0.484375 0.643510 0.485026 0.643510 0.485677 0.643510 0.486328 0.644424 0.486979 0.643510 0.487630 0.643510 0.488281 0.642596 0.488932 0.643510 0.489583 0.643510 0.490234 0.642596 0.490885 0.641682 0.491536 0.641682 0.492188 0.641682 0.492839 0.640768 0.493490 0.640768 0.492839 0.639854 0.492839 0.638940 0.493490 0.638026 0.493490 0.637112 0.492839 0.636197 0.493490 0.635283 0.493490 0.634369 0.492839 0.634369 0.492188 0.633455 0.491536 0.632541 0.490885 0.633455 0.490234 0.633455 0.489583 0.633455 0.488932 0.633455 0.488281 0.633455 0.487630 0.634369 0.486979 0.635283 0.486328 0.636197 0.485677 0.637112 0.485026 0.636197 0.485026 0.637112 0.484375 0.638026 0.483724 0.638940 0.483073 0.638940 0.482422 0.639854 0.481771 0.638940 0.481120 0.639854 0.480469 0.639854 0.479818 0.638940 0.479167 0.638940 0.478516 0.638940 0.477865 0.639854 0.477214 0.638940 0.476562 0.639854 0.475911 0.640768 0.475260 0.641682 0.474609 0.641682 0.473958 0.641682 0.473307 0.642596 0.472656 0.641682 0.472005 0.640768 0.471354 0.639854 0.471354 0.638940 0.470703 0.638026 0.470703 0.637112 0.470703 0.636197 0.470052 0.635283 0.470703 0.634369 0.471354 0.633455 0.471354 0.632541 0.472005 0.631627 0.472005 0.630713 0.472656 0.629799 0.473307 0.628885 0.473958 0.627971 0.474609 0.627971 0.475260 0.627057 0.475911 0.626143 0.476562 0.627057 0.476562 0.626143 0.477214 0.625229 0.477865 0.624314 0.478516 0.623400 0.479167 0.622486 0.479818 0.622486 0.480469 0.621572 0.481120 0.621572 0.481771 0.621572 0.482422 0.621572 0.483073 0.620658 0.483724 0.621572 0.483073 0.620658 0.483724 0.619744 0.483724 0.618830 0.483724 0.617916 0.483724 0.617002 0.483724 0.616088 0.483073 0.616088 0.482422 0.615174 0.481771 0.615174 0.481120 0.615174 0.480469 0.616088 0.479818 0.616088 0.479167 0.617002 0.478516 0.617002 0.478516 0.617916 0.477865 0.618830 0.477214 0.619744 0.476562 0.619744 0.475911 0.620658 0.475260 0.620658 0.474609 0.621572 0.473958 0.622486 0.473307 0.621572 0.472656 0.620658 0.472005 0.619744 0.472005 0.618830 0.471354 0.617916 0.470703 0.617002 0.470052 0.616088 0.469401 0.615174 0.469401 0.614260 0.468750 0.614260
0 0.205729 0.607861 0.205078 0.608775 0.204427 0.608775 0.203776 0.609689 0.203125 0.610603 0.202474 0.611517 0.202474 0.612431 0.202474 0.613346 0.203125 0.614260 0.203125 0.615174 0.202474 0.616088 0.203125 0.617002 0.203776 0.617002 0.204427 0.617916 0.205078 0.618830 0.205729 0.618830 0.206380 0.619744 0.207031 0.619744 0.207682 0.620658 0.208333 0.620658 0.208984 0.621572 0.209635 0.621572 0.210286 0.621572 0.210938 0.622486 0.211589 0.623400 0.211589 0.624314 0.212240 0.624314 0.212891 0.624314 0.213542 0.625229 0.214193 0.626143 0.214844 0.627057 0.215495 0.627971 0.216146 0.628885 0.216797 0.629799 0.216797 0.630713 0.217448 0.631627 0.218099 0.632541 0.218750 0.631627 0.219401 0.632541 0.220052 0.632541 0.220703 0.633455 0.221354 0.634369 0.222005 0.633455 0.222656 0.634369 0.223307 0.634369 0.223958 0.635283 0.224609 0.636197 0.225260 0.637112 0.225260 0.638026 0.225911 0.638940 0.225911 0.639854 0.226562 0.640768 0.227214 0.641682 0.227865 0.641682 0.228516 0.641682 0.229167 0.642596 0.229818 0.642596 0.230469 0.642596 0.231120 0.643510 0.231771 0.643510 0.232422 0.644424 0.233073 0.643510 0.233724 0.643510 0.234375 0.643510 0.235026 0.643510 0.235677 0.643510 0.236328 0.644424 0.236979 0.645338 0.236979 0.646252 0.237630 0.647166 0.236979 0.648080 0.236328 0.648995 0.235677 0.649909 0.236328 0.650823 0.236328 0.651737 0.236328 0.652651 0.236328 0.653565 0.235677 0.654479 0.235026 0.655393 0.234375 0.655393 0.233724 0.655393 0.233073 0.654479 0.232422 0.654479 0.231771 0.654479 0.231120 0.655393 0.231120 0.656307 0.231120 0.657221 0.231120 0.658135 0.231771 0.658135 0.232422 0.659049 0.233073 0.659049 0.233724 0.658135 0.234375 0.659049 0.235026 0.658135 0.235677 0.659049 0.236328 0.658135 0.236979 0.659049 0.237630 0.659963 0.238281 0.660878 0.237630 0.661792 0.238281 0.662706 0.238932 0.663620 0.238281 0.664534 0.238281 0.665448 0.238932 0.666362 0.238932 0.667276 0.238932 0.668190 0.239583 0.668190 0.240234 0.668190 0.240885 0.668190 0.241536 0.669104 0.242188 0.670018 0.241536 0.670932 0.240885 0.671846 0.240234 0.672761 0.239583 0.672761 0.238932 0.671846 0.238281 0.670932 0.237630 0.670018 0.236979 0.669104 0.236328 0.668190 0.235677 0.668190 0.235026 0.667276 0.234375 0.666362 0.233724 0.666362 0.233073 0.666362 0.232422 0.666362 0.231771 0.665448 0.231120 0.664534 0.231120 0.665448 0.230469 0.666362 0.231120 0.667276 0.231120 0.668190 0.231120 0.669104 0.231771 0.670018 0.232422 0.670932 0.233073 0.670932 0.233724 0.671846 0.234375 0.672761 0.235026 0.672761 0.235677 0.672761 0.236328 0.673675 0.236979 0.674589 0.237630 0.675503 0.238281 0.676417 0.238932 0.677331 0.238932 0.678245 0.239583 0.679159 0.239583 0.680073 0.239583 0.680987 0.239583 0.681901 0.240234 0.681901 0.240885 0.681901 0.240885 0.680987 0.241536 0.680073 0.241536 0.679159 0.242188 0.678245 0.242839 0.677331 0.243490 0.677331 0.244141 0.676417 0.244792 0.675503 0.245443 0.675503 0.246094 0.674589 0.246745 0.674589 0.247396 0.674589 0.248047 0.675503 0.248698 0.675503 0.248047 0.674589 0.248698 0.673675 0.249349 0.672761 0.250000 0.673675 0.250651 0.672761 0.251302 0.671846 0.251302 0.670932 0.250651 0.670018 0.250651 0.669104 0.250000 0.668190 0.249349 0.667276 0.248698 0.666362 0.248047 0.666362 0.247396 0.666362 0.246745 0.667276 0.246094 0.667276 0.245443 0.668190 0.244792 0.667276 0.244141 0.666362 0.243490 0.665448 0.244141 0.664534 0.243490 0.663620 0.242839 0.662706 0.242188 0.662706 0.241536 0.661792 0.240885 0.661792 0.240234 0.660878 0.239583 0.659963 0.239583 0.659049 0.239583 0.658135 0.239583 0.657221 0.240234 0.656307 0.239583 0.655393 0.240234 0.654479 0.240885 0.653565 0.240885 0.652651 0.240885 0.651737 0.240234 0.650823 0.240885 0.649909 0.241536 0.648995 0.241536 0.648080 0.241536 0.647166 0.242188 0.646252 0.242188 0.645338 0.242839 0.644424 0.242188 0.643510 0.242839 0.642596 0.242188 0.641682 0.242188 0.640768 0.241536 0.639854 0.242188 0.638940 0.242188 0.638026 0.241536 0.638026 0.240885 0.638026 0.240234 0.638026 0.239583 0.638940 0.238932 0.639854 0.238281 0.640768 0.237630 0.641682 0.236979 0.641682 0.236328 0.640768 0.235677 0.640768 0.235026 0.639854 0.234375 0.639854 0.233724 0.638940 0.233073 0.638940 0.232422 0.638940 0.231771 0.638026 0.231120 0.637112 0.230469 0.636197 0.229818 0.635283 0.229818 0.634369 0.229167 0.633455 0.229167 0.632541 0.229167 0.631627 0.229167 0.630713 0.228516 0.629799 0.227865 0.629799 0.227214 0.628885 0.226562 0.629799 0.225911 0.628885 0.225260 0.628885 0.224609 0.627971 0.223958 0.627057 0.223307 0.627057 0.222656 0.626143 0.222005 0.625229 0.222005 0.624314 0.221354 0.623400 0.220703 0.622486 0.220052 0.621572 0.220052 0.620658 0.219401 0.619744 0.218750 0.619744 0.218099 0.618830 0.217448 0.617916 0.216797 0.617002 0.216146 0.617002 0.215495 0.616088 0.214844 0.615174 0.214193 0.614260 0.213542 0.614260 0.212891 0.613346 0.212240 0.612431 0.211589 0.612431 0.210938 0.611517 0.210286 0.610603 0.209635 0.610603 0.208984 0.609689 0.208333 0.609689 0.207682 0.608775 0.207031 0.608775 0.206380 0.608775
0 0.811849 0.603291 0.811198 0.604205 0.810547 0.604205 0.810547 0.605119 0.810547 0.606033 0.809896 0.606947 0.809245 0.607861 0.808594 0.606947 0.807943 0.606033 0.808594 0.606947 0.807943 0.607861 0.807943 0.608775 0.808594 0.609689 0.807943 0.610603 0.807292 0.611517 0.806641 0.610603 0.805990 0.609689 0.806641 0.608775 0.806641 0.607861 0.805990 0.606947 0.805990 0.606033 0.805339 0.606947 0.804688 0.606033 0.804688 0.606947 0.804036 0.607861 0.803385 0.608775 0.802734 0.608775 0.802734 0.609689 0.803385 0.610603 0.802734 0.611517 0.802083 0.612431 0.802083 0.613346 0.802083 0.614260 0.802734 0.615174 0.803385 0.616088 0.804036 0.617002 0.804036 0.617916 0.804688 0.618830 0.804036 0.619744 0.804036 0.620658 0.804688 0.620658 0.805339 0.620658 0.805990 0.621572 0.806641 0.621572 0.807292 0.621572 0.807292 0.620658 0.807943 0.619744 0.807943 0.618830 0.807943 0.617916 0.807943 0.617002 0.808594 0.616088 0.809245 0.615174 0.809896 0.616088 0.810547 0.615174 0.810547 0.614260 0.810547 0.613346 0.809896 0.612431 0.810547 0.611517 0.809896 0.610603 0.810547 0.609689 0.811198 0.608775 0.811849 0.609689 0.811849 0.608775 0.812500 0.607861 0.813151 0.606947 0.813802 0.606033 0.813151 0.605119 0.812500 0.604205
0 0.132161 0.601463 0.131510 0.602377 0.130859 0.603291 0.130208 0.602377 0.129557 0.602377 0.128906 0.602377 0.128906 0.603291 0.128255 0.604205 0.128255 0.605119 0.127604 0.606033 0.128255 0.606947 0.128255 0.607861 0.128255 0.608775 0.128906 0.609689 0.128906 0.610603 0.128255 0.611517 0.128906 0.612431 0.128906 0.613346 0.128255 0.614260 0.127604 0.615174 0.126953 0.614260 0.126302 0.613346 0.126302 0.612431 0.126302 0.611517 0.125651 0.610603 0.125651 0.609689 0.125000 0.608775 0.125000 0.607861 0.124349 0.606947 0.123698 0.606033 0.123047 0.606033 0.122396 0.606947 0.121745 0.606947 0.121094 0.606947 0.120443 0.607861 0.119792 0.607861 0.119141 0.608775 0.118490 0.609689 0.117839 0.610603 0.117839 0.611517 0.117188 0.612431 0.117188 0.613346 0.117188 0.614260 0.117839 0.615174 0.117839 0.616088 0.118490 0.617002 0.119141 0.617002 0.119792 0.617002 0.120443 0.617916 0.121094 0.618830 0.121094 0.619744 0.121745 0.620658 0.121745 0.621572 0.121094 0.622486 0.121745 0.623400 0.121094 0.624314 0.121094 0.625229 0.121094 0.626143 0.121094 0.627057 0.121745 0.627971 0.121745 0.628885 0.121094 0.629799 0.121094 0.630713 0.120443 0.631627 0.120443 0.632541 0.121094 0.633455 0.120443 0.634369 0.121094 0.633455 0.121745 0.634369 0.122396 0.635283 0.122396 0.636197 0.123047 0.636197 0.123698 0.637112 0.124349 0.637112 0.125000 0.637112 0.125651 0.638026 0.126302 0.638026 0.126953 0.638026 0.127604 0.638940 0.128255 0.639854 0.128906 0.640768 0.128906 0.641682 0.129557 0.642596 0.130208 0.643510 0.130859 0.644424 0.130859 0.645338 0.130208 0.646252 0.130208 0.647166 0.129557 0.648080 0.129557 0.648995 0.129557 0.649909 0.130208 0.650823 0.130859 0.651737 0.130859 0.652651 0.131510 0.653565 0.131510 0.654479 0.131510 0.655393 0.132161 0.656307 0.132161 0.657221 0.132812 0.657221 0.133464 0.658135 0.134115 0.659049 0.133464 0.659963 0.134115 0.659963 0.134766 0.660878 0.135417 0.661792 0.136068 0.661792 0.136719 0.662706 0.137370 0.661792 0.138021 0.661792 0.138672 0.661792 0.139323 0.660878 0.139974 0.661792 0.140625 0.662706 0.141276 0.661792 0.141927 0.661792 0.142578 0.661792 0.143229 0.660878 0.143229 0.659963 0.143229 0.659049 0.143880 0.658135 0.144531 0.657221 0.145182 0.656307 0.144531 0.655393 0.144531 0.654479 0.145182 0.653565 0.145833 0.652651 0.146484 0.651737 0.146484 0.650823 0.147135 0.649909 0.147786 0.648995 0.148438 0.648995 0.148438 0.648080 0.149089 0.647166 0.149740 0.646252 0.149740 0.645338 0.149740 0.644424 0.149740 0.643510 0.149089 0.642596 0.148438 0.641682 0.147786 0.640768 0.147135 0.640768 0.146484 0.640768 0.145833 0.639854 0.145182 0.639854 0.144531 0.640768 0.143880 0.640768 0.143229 0.640768 0.142578 0.641682 0.141927 0.642596 0.141927 0.643510 0.141276 0.644424 0.140625 0.645338 0.139974 0.645338 0.139323 0.645338 0.138672 0.644424 0.138021 0.644424 0.137370 0.645338 0.136719 0.644424 0.136068 0.645338 0.135417 0.646252 0.134766 0.647166 0.134115 0.646252 0.133464 0.645338 0.132812 0.644424 0.132812 0.643510 0.132161 0.642596 0.132812 0.641682 0.133464 0.640768 0.134115 0.641682 0.134115 0.640768 0.134766 0.639854 0.135417 0.638940 0.136068 0.638026 0.136719 0.637112 0.137370 0.636197 0.138021 0.635283 0.138672 0.636197 0.138672 0.635283 0.139323 0.634369 0.139974 0.633455 0.140625 0.632541 0.141276 0.631627 0.141927 0.631627 0.141927 0.630713 0.142578 0.629799 0.143229 0.628885 0.143229 0.627971 0.143880 0.627057 0.143880 0.626143 0.144531 0.625229 0.144531 0.624314 0.145182 0.623400 0.145182 0.622486 0.145833 0.621572 0.145182 0.620658 0.145182 0.619744 0.144531 0.618830 0.143880 0.617916 0.143880 0.617002 0.143229 0.616088 0.143880 0.615174 0.143229 0.614260 0.143229 0.613346 0.143229 0.612431 0.143229 0.611517 0.143880 0.610603 0.143229 0.609689 0.142578 0.608775 0.142578 0.607861 0.141927 0.607861 0.141276 0.606947 0.140625 0.606947 0.139974 0.606033 0.139323 0.606033 0.138672 0.606033 0.138021 0.605119 0.137370 0.605119 0.136719 0.606033 0.136068 0.605119 0.135417 0.606033 0.134766 0.606033 0.134115 0.605119 0.133464 0.605119 0.132812 0.604205 0.132161 0.603291 0.131510 0.602377
0 0.997396 0.599634 0.996745 0.600548 0.996094 0.601463 0.995443 0.602377 0.994792 0.603291 0.994792 0.604205 0.994141 0.605119 0.994792 0.606033 0.994792 0.606947 0.994792 0.607861 0.994141 0.608775 0.993490 0.609689 0.994141 0.610603 0.993490 0.611517 0.993490 0.612431 0.992839 0.613346 0.992188 0.614260 0.991536 0.613346 0.990885 0.612431 0.990885 0.611517 0.990234 0.610603 0.990234 0.609689 0.990234 0.608775 0.990234 0.607861 0.990234 0.606947 0.990234 0.606033 0.990234 0.605119 0.989583 0.604205 0.988932 0.603291 0.988281 0.603291 0.987630 0.603291 0.986979 0.603291 0.986979 0.604205 0.986979 0.605119 0.986979 0.606033 0.986328 0.606947 0.986328 0.607861 0.985677 0.608775 0.986328 0.609689 0.986328 0.610603 0.986979 0.611517 0.986979 0.612431 0.986979 0.613346 0.986979 0.614260 0.986979 0.615174 0.987630 0.616088 0.988281 0.617002 0.988932 0.617002 0.989583 0.616088 0.990234 0.617002 0.990885 0.617916 0.990885 0.618830 0.991536 0.617916 0.992188 0.617002 0.992839 0.617002 0.993490 0.617002 0.994141 0.617916 0.994141 0.617002 0.994792 0.616088 0.994792 0.615174 0.995443 0.614260 0.994792 0.613346 0.994792 0.612431 0.995443 0.611517 0.995443 0.610603 0.996094 0.609689 0.996745 0.608775 0.997396 0.607861 0.997396 0.606947 0.997396 0.606033 0.998047 0.605119 0.998698 0.604205 0.998698 0.603291 0.998698 0.602377 0.998698 0.601463 0.998698 0.600548 0.998047 0.600548
0 0.736979 0.592322 0.736328 0.593236 0.735677 0.593236 0.735677 0.594150 0.735026 0.595064 0.734375 0.595978 0.734375 0.596892 0.734375 0.597806 0.735026 0.598720 0.734375 0.599634 0.735026 0.598720 0.735677 0.599634 0.736328 0.600548 0.735677 0.601463 0.736328 0.600548 0.736979 0.600548 0.737630 0.601463 0.738281 0.602377 0.738932 0.602377 0.739583 0.603291 0.740234 0.603291 0.740885 0.603291 0.741536 0.604205 0.742188 0.604205 0.742839 0.605119 0.743490 0.606033 0.743490 0.606947 0.744141 0.607861 0.744792 0.607861 0.745443 0.608775 0.746094 0.607861 0.746745 0.608775 0.747396 0.609689 0.748047 0.609689 0.748698 0.610603 0.749349 0.611517 0.750000 0.611517 0.750651 0.612431 0.751302 0.612431 0.751953 0.612431 0.752604 0.612431 0.753255 0.613346 0.753255 0.612431 0.753906 0.611517 0.753906 0.610603 0.753906 0.609689 0.753906 0.608775 0.753906 0.607861 0.753255 0.607861 0.752604 0.606947 0.751953 0.606947 0.751302 0.606947 0.750651 0.606947 0.750000 0.606033 0.749349 0.606033 0.748698 0.605119 0.748047 0.604205 0.747396 0.603291 0.747396 0.602377 0.746745 0.601463 0.746745 0.600548 0.746094 0.600548 0.745443 0.599634 0.744792 0.598720 0.744141 0.597806 0.743490 0.596892 0.742839 0.595978 0.742839 0.595064 0.742188 0.594150 0.742188 0.593236 0.741536 0.592322 0.740885 0.592322 0.740234 0.592322 0.739583 0.592322 0.738932 0.593236 0.738281 0.592322 0.737630 0.592322
0 0.399740 0.591408 0.399089 0.592322 0.398438 0.592322 0.398438 0.593236 0.398438 0.594150 0.398438 0.595064 0.398438 0.595978 0.398438 0.596892 0.398438 0.597806 0.399089 0.597806 0.399740 0.598720 0.400391 0.598720 0.401042 0.598720 0.401693 0.599634 0.402344 0.599634 0.402995 0.599634 0.403646 0.599634 0.404297 0.599634 0.404948 0.599634 0.405599 0.599634 0.406250 0.598720 0.406901 0.598720 0.407552 0.597806 0.408203 0.598720 0.408854 0.597806 0.409505 0.597806 0.408854 0.597806 0.408203 0.596892 0.407552 0.595978 0.406901 0.595978 0.406250 0.595064 0.405599 0.594150 0.404948 0.595064 0.404297 0.594150 0.403646 0.593236 0.402995 0.592322 0.402344 0.592322 0.401693 0.591408 0.401042 0.592322 0.400391 0.591408
0 0.774740 0.590494 0.774089 0.591408 0.773438 0.591408 0.772786 0.591408 0.772135 0.591408 0.771484 0.592322 0.770833 0.591408 0.770182 0.592322 0.769531 0.593236 0.768880 0.594150 0.768229 0.595064 0.767578 0.595064 0.766927 0.595064 0.766276 0.595978 0.765625 0.595064 0.765625 0.595978 0.764974 0.596892 0.764323 0.597806 0.763672 0.597806 0.763021 0.598720 0.762370 0.598720 0.762370 0.599634 0.761719 0.600548 0.761068 0.601463 0.760417 0.602377 0.759766 0.603291 0.759115 0.604205 0.758464 0.605119 0.758464 0.606033 0.758464 0.606947 0.757812 0.607861 0.757161 0.608775 0.757812 0.608775 0.758464 0.609689 0.758464 0.608775 0.759115 0.607861 0.759766 0.606947 0.760417 0.606947 0.761068 0.606033 0.761719 0.606033 0.761719 0.605119 0.762370 0.604205 0.763021 0.603291 0.763672 0.602377 0.764323 0.601463 0.764974 0.600548 0.765625 0.601463 0.766276 0.602377 0.765625 0.601463 0.766276 0.600548 0.766927 0.599634 0.767578 0.599634 0.768229 0.598720 0.768880 0.598720 0.769531 0.598720 0.770182 0.598720 0.770833 0.599634 0.771484 0.600548 0.772135 0.599634 0.772786 0.599634 0.773438 0.599634 0.774089 0.600548 0.774740 0.601463 0.775391 0.600548 0.775391 0.599634 0.776042 0.598720 0.776693 0.597806 0.776693 0.596892 0.777344 0.595978 0.776693 0.595064 0.776693 0.594150 0.776693 0.593236 0.776693 0.592322 0.776042 0.592322 0.775391 0.591408
0 0.259766 0.585923 0.259115 0.586837 0.258464 0.587751 0.257812 0.587751 0.257161 0.588665 0.256510 0.587751 0.255859 0.588665 0.255208 0.588665 0.254557 0.589580 0.253906 0.590494 0.253906 0.591408 0.253255 0.592322 0.252604 0.593236 0.252604 0.594150 0.251953 0.595064 0.251953 0.595978 0.251953 0.596892 0.251302 0.597806 0.251953 0.598720 0.251302 0.599634 0.250651 0.600548 0.251302 0.601463 0.250651 0.602377 0.251302 0.603291 0.250651 0.604205 0.250000 0.605119 0.250000 0.606033 0.250000 0.606947 0.249349 0.607861 0.249349 0.608775 0.248698 0.609689 0.248047 0.610603 0.247396 0.611517 0.246745 0.611517 0.246745 0.612431 0.246094 0.613346 0.245443 0.614260 0.246094 0.615174 0.246094 0.616088 0.246094 0.617002 0.246094 0.617916 0.246094 0.618830 0.245443 0.619744 0.245443 0.620658 0.246094 0.621572 0.246094 0.622486 0.245443 0.623400 0.246094 0.624314 0.246094 0.625229 0.245443 0.626143 0.244792 0.627057 0.245443 0.627057 0.246094 0.627057 0.245443 0.626143 0.246094 0.625229 0.246745 0.625229 0.247396 0.624314 0.248047 0.623400 0.248698 0.622486 0.249349 0.621572 0.250000 0.620658 0.250651 0.619744 0.251302 0.619744 0.251953 0.618830 0.252604 0.617916 0.253255 0.617002 0.253906 0.616088 0.254557 0.616088 0.255208 0.617002 0.255859 0.617002 0.256510 0.617002 0.257161 0.617002 0.257812 0.616088 0.258464 0.617002 0.259115 0.616088 0.259766 0.616088 0.260417 0.615174 0.261068 0.615174 0.261719 0.615174 0.262370 0.615174 0.263021 0.614260 0.263672 0.614260 0.264323 0.614260 0.264974 0.613346 0.265625 0.612431 0.265625 0.611517 0.266276 0.610603 0.265625 0.609689 0.265625 0.608775 0.266276 0.607861 0.265625 0.608775 0.264974 0.607861 0.264323 0.606947 0.263672 0.606033 0.263672 0.605119 0.263021 0.605119 0.262370 0.605119 0.261719 0.605119 0.261068 0.605119 0.260417 0.605119 0.259766 0.605119 0.259115 0.606033 0.258464 0.606033 0.257812 0.606947 0.257161 0.607861 0.256510 0.608775 0.255859 0.609689 0.255208 0.610603 0.254557 0.610603 0.253906 0.609689 0.253255 0.608775 0.253255 0.607861 0.253906 0.606947 0.253906 0.606033 0.254557 0.605119 0.255208 0.604205 0.255208 0.603291 0.255859 0.602377 0.255859 0.601463 0.256510 0.600548 0.256510 0.599634 0.257161 0.598720 0.257812 0.597806 0.258464 0.597806 0.259115 0.596892 0.259766 0.596892 0.260417 0.596892 0.261068 0.596892 0.261719 0.596892 0.262370 0.595978 0.263021 0.595064 0.263672 0.594150 0.263672 0.593236 0.263672 0.592322 0.263021 0.591408 0.263021 0.590494 0.263021 0.589580 0.262370 0.588665 0.261719 0.588665 0.261068 0.587751 0.260417 0.586837
0 0.795573 0.585009 0.794922 0.585923 0.794271 0.585923 0.794922 0.586837 0.794922 0.587751 0.794922 0.588665 0.794271 0.589580 0.794922 0.590494 0.794922 0.591408 0.794922 0.592322 0.794922 0.593236 0.795573 0.594150 0.796224 0.595064 0.795573 0.595978 0.795573 0.596892 0.795573 0.597806 0.794922 0.598720 0.795573 0.598720 0.796224 0.599634 0.796875 0.600548 0.797526 0.601463 0.798177 0.602377 0.798828 0.602377 0.799479 0.603291 0.800130 0.604205 0.800781 0.603291 0.800781 0.602377 0.801432 0.601463 0.802083 0.600548 0.802734 0.600548 0.802734 0.599634 0.802083 0.598720 0.802083 0.597806 0.801432 0.597806 0.800781 0.596892 0.800130 0.595978 0.799479 0.595064 0.800130 0.594150 0.800781 0.593236 0.801432 0.593236 0.800781 0.592322 0.801432 0.591408 0.802083 0.590494 0.801432 0.589580 0.802083 0.588665 0.801432 0.587751 0.800781 0.588665 0.800130 0.588665 0.799479 0.587751 0.798828 0.587751 0.798177 0.587751 0.797526 0.586837 0.796875 0.585923 0.796224 0.585009
0 0.449219 0.582267 0.448568 0.583181 0.447917 0.583181 0.448568 0.584095 0.447917 0.585009 0.448568 0.585923 0.448568 0.586837 0.449219 0.587751 0.448568 0.588665 0.447917 0.589580 0.447266 0.590494 0.446615 0.590494 0.445964 0.591408 0.445312 0.591408 0.444661 0.592322 0.444661 0.593236 0.444010 0.594150 0.444010 0.595064 0.444010 0.595978 0.444010 0.596892 0.444010 0.597806 0.444010 0.598720 0.444010 0.599634 0.444010 0.600548 0.444010 0.601463 0.444010 0.602377 0.444661 0.603291 0.445312 0.604205 0.445964 0.605119 0.446615 0.606033 0.447266 0.606033 0.447917 0.606033 0.448568 0.606947 0.449219 0.606947 0.449870 0.606947 0.450521 0.606947 0.451172 0.606947 0.451823 0.606947 0.452474 0.607861 0.453125 0.607861 0.453776 0.608775 0.454427 0.607861 0.455078 0.608775 0.455729 0.609689 0.456380 0.610603 0.456380 0.611517 0.456380 0.612431 0.455729 0.613346 0.455078 0.614260 0.454427 0.614260 0.453776 0.614260 0.453125 0.614260 0.452474 0.614260 0.451823 0.613346 0.451172 0.614260 0.450521 0.614260 0.449870 0.615174 0.449219 0.615174 0.448568 0.615174 0.448568 0.616088 0.447917 0.617002 0.447266 0.617916 0.447266 0.618830 0.447266 0.619744 0.447917 0.620658 0.448568 0.621572 0.449219 0.622486 0.449870 0.623400 0.450521 0.624314 0.451172 0.624314 0.451823 0.624314 0.452474 0.624314 0.453125 0.624314 0.453776 0.623400 0.454427 0.624314 0.455078 0.625229 0.455729 0.626143 0.456380 0.627057 0.456380 0.627971 0.457031 0.628885 0.456380 0.629799 0.457031 0.630713 0.457031 0.631627 0.456380 0.632541 0.456380 0.633455 0.456380 0.634369 0.455729 0.635283 0.455078 0.636197 0.455729 0.637112 0.455729 0.638026 0.455729 0.638940 0.455078 0.639854 0.454427 0.640768 0.455078 0.641682 0.455729 0.642596 0.455729 0.643510 0.455078 0.644424 0.455078 0.645338 0.454427 0.646252 0.453776 0.647166 0.453125 0.648080 0.452474 0.647166 0.451823 0.648080 0.451172 0.647166 0.450521 0.646252 0.449870 0.645338 0.449219 0.645338 0.448568 0.646252 0.447917 0.646252 0.447266 0.647166 0.446615 0.647166 0.445964 0.648080 0.445312 0.648080 0.444661 0.648080 0.444010 0.647166 0.443359 0.646252 0.442708 0.645338 0.442057 0.644424 0.442057 0.643510 0.441406 0.642596 0.441406 0.641682 0.441406 0.640768 0.440755 0.639854 0.440104 0.638940 0.439453 0.638026 0.438802 0.638026 0.438151 0.637112 0.437500 0.637112 0.436849 0.637112 0.436198 0.636197 0.435547 0.637112 0.434896 0.637112 0.434245 0.637112 0.433594 0.638026 0.432943 0.638026 0.432292 0.638026 0.431641 0.638026 0.430990 0.638940 0.430339 0.638940 0.430339 0.639854 0.430339 0.640768 0.430339 0.641682 0.429688 0.642596 0.430339 0.643510 0.430339 0.644424 0.430339 0.645338 0.430339 0.646252 0.429688 0.647166 0.430339 0.648080 0.430339 0.648995 0.430339 0.649909 0.430990 0.650823 0.430990 0.651737 0.431641 0.652651 0.432292 0.653565 0.432943 0.653565 0.433594 0.654479 0.434245 0.654479 0.434896 0.655393 0.435547 0.656307 0.436198 0.656307 0.436849 0.656307 0.437500 0.656307 0.438151 0.656307 0.438802 0.656307 0.439453 0.655393 0.440104 0.656307 0.440755 0.656307 0.441406 0.656307 0.442057 0.655393 0.442708 0.654479 0.443359 0.654479 0.444010 0.653565 0.444661 0.654479 0.445312 0.653565 0.445964 0.653565 0.446615 0.653565 0.447266 0.654479 0.447917 0.654479 0.448568 0.653565 0.449219 0.654479 0.449870 0.654479 0.450521 0.655393 0.451172 0.655393 0.451823 0.656307 0.452474 0.656307 0.453125 0.657221 0.453776 0.658135 0.453776 0.659049 0.453776 0.659963 0.454427 0.660878 0.455078 0.661792 0.454427 0.662706 0.455078 0.663620 0.455729 0.664534 0.455078 0.665448 0.455729 0.666362 0.455729 0.667276 0.456380 0.668190 0.457031 0.669104 0.457682 0.670018 0.457031 0.670932 0.456380 0.671846 0.455729 0.672761 0.456380 0.673675 0.456380 0.674589 0.457031 0.674589 0.457682 0.675503 0.458333 0.676417 0.458333 0.677331 0.458984 0.678245 0.459635 0.679159 0.459635 0.680073 0.460286 0.680987 0.460286 0.681901 0.460938 0.682815 0.460286 0.683729 0.459635 0.684644 0.460286 0.685558 0.459635 0.686472 0.458984 0.687386 0.458333 0.687386 0.457682 0.688300 0.457031 0.687386 0.456380 0.688300 0.455729 0.687386 0.455078 0.687386 0.454427 0.687386 0.453776 0.686472 0.453125 0.685558 0.453125 0.684644 0.452474 0.683729 0.451823 0.683729 0.451172 0.683729 0.450521 0.682815 0.449870 0.682815 0.449219 0.683729 0.448568 0.684644 0.447917 0.683729 0.447266 0.684644 0.446615 0.685558 0.446615 0.686472 0.445964 0.687386 0.446615 0.688300 0.445964 0.689214 0.446615 0.690128 0.447266 0.691042 0.447266 0.691956 0.447917 0.691042 0.448568 0.691956 0.449219 0.692870 0.449870 0.692870 0.450521 0.692870 0.451172 0.693784 0.451823 0.692870 0.452474 0.692870 0.453125 0.693784 0.453776 0.693784 0.454427 0.693784 0.455078 0.693784 0.455729 0.694698 0.456380 0.694698 0.457031 0.693784 0.457682 0.694698 0.458333 0.695612 0.458333 0.696527 0.458984 0.697441 0.458984 0.698355 0.458333 0.699269 0.458333 0.700183 0.458984 0.700183 0.459635 0.701097 0.460286 0.702011 0.460938 0.702925 0.461589 0.703839 0.461589 0.704753 0.460938 0.705667 0.461589 0.706581 0.462240 0.707495 0.462891 0.707495 0.463542 0.708410 0.464193 0.709324 0.464844 0.710238 0.465495 0.711152 0.465495 0.712066 0.464844 0.712980 0.465495 0.713894 0.465495 0.714808 0.465495 0.715722 0.466146 0.716636 0.466146 0.717550 0.466146 0.718464 0.466146 0.719378 0.466797 0.719378 0.467448 0.719378 0.468099 0.718464 0.467448 0.717550 0.468099 0.716636 0.468750 0.715722 0.468099 0.714808 0.467448 0.713894 0.468099 0.712980 0.467448 0.712066 0.467448 0.711152 0.466797 0.710238 0.467448 0.709324 0.466797 0.709324 0.466146 0.708410 0.465495 0.707495 0.466146 0.706581 0.465495 0.705667 0.465495 0.704753 0.465495 0.703839 0.466146 0.702925 0.466797 0.702011 0.467448 0.702011 0.468099 0.701097 0.468750 0.700183 0.468750 0.699269 0.469401 0.698355 0.470052 0.697441 0.470703 0.696527 0.470703 0.695612 0.470703 0.694698 0.470703 0.693784 0.470703 0.692870 0.470052 0.691956 0.469401 0.691042 0.468750 0.691956 0.468099 0.691956 0.467448 0.692870 0.466797 0.691956 0.466797 0.692870 0.466146 0.693784 0.466146 0.694698 0.465495 0.695612 0.464844 0.696527 0.464193 0.697441 0.463542 0.697441 0.462891 0.698355 0.462240 0.697441 0.461589 0.696527 0.461589 0.695612 0.461589 0.694698 0.460938 0.693784 0.461589 0.692870 0.462240 0.691956 0.462240 0.691042 0.462891 0.690128 0.462891 0.689214 0.462891 0.688300 0.462891 0.687386 0.462891 0.686472 0.462891 0.685558 0.462240 0.684644 0.462240 0.683729 0.462240 0.682815 0.462891 0.681901 0.463542 0.680987 0.464193 0.680073 0.464844 0.680073 0.465495 0.679159 0.466146 0.679159 0.466797 0.679159 0.466797 0.678245 0.467448 0.677331 0.466797 0.676417 0.467448 0.675503 0.467448 0.674589 0.467448 0.673675 0.466797 0.673675 0.466146 0.672761 0.465495 0.671846 0.464844 0.671846 0.464193 0.671846 0.463542 0.671846 0.462891 0.672761 0.462891 0.673675 0.462240 0.674589 0.461589 0.675503 0.460938 0.675503 0.460286 0.674589 0.459635 0.673675 0.459635 0.672761 0.458984 0.671846 0.458984 0.670932 0.458984 0.670018 0.458984 0.669104 0.458333 0.668190 0.458333 0.667276 0.458984 0.666362 0.458984 0.665448 0.458984 0.664534 0.458333 0.663620 0.458984 0.662706 0.458984 0.661792 0.458333 0.660878 0.457682 0.659963 0.457682 0.659049 0.457031 0.658135 0.456380 0.657221 0.456380 0.656307 0.455729 0.655393 0.455729 0.654479 0.455078 0.653565 0.455078 0.652651 0.455729 0.651737 0.455729 0.650823 0.455078 0.649909 0.455729 0.648995 0.456380 0.648080 0.457031 0.647166 0.457682 0.647166 0.458333 0.646252 0.458984 0.646252 0.458333 0.645338 0.458984 0.644424 0.458984 0.643510 0.459635 0.642596 0.460286 0.641682 0.460286 0.640768 0.460938 0.639854 0.461589 0.638940 0.462240 0.638026 0.461589 0.637112 0.462240 0.636197 0.462891 0.635283 0.462240 0.634369 0.462240 0.633455 0.462240 0.632541 0.462240 0.631627 0.462891 0.630713 0.462240 0.629799 0.461589 0.628885 0.461589 0.627971 0.460938 0.627057 0.460938 0.626143 0.460286 0.625229 0.460286 0.624314 0.459635 0.623400 0.459635 0.622486 0.458984 0.621572 0.459635 0.620658 0.458984 0.619744 0.458984 0.618830 0.458333 0.617916 0.458333 0.617002 0.457682 0.616088 0.458333 0.615174 0.457682 0.614260 0.457682 0.613346 0.457682 0.612431 0.458333 0.611517 0.457682 0.610603 0.458333 0.609689 0.458333 0.608775 0.458333 0.607861 0.458984 0.606947 0.458984 0.606033 0.459635 0.605119 0.460286 0.604205 0.460938 0.603291 0.461589 0.602377 0.462240 0.601463 0.462891 0.601463 0.463542 0.602377 0.464193 0.601463 0.464844 0.601463 0.465495 0.601463 0.466146 0.600548 0.466797 0.600548 0.467448 0.599634 0.468099 0.599634 0.468099 0.598720 0.468750 0.597806 0.468750 0.596892 0.468750 0.595978 0.468099 0.595064 0.467448 0.594150 0.466797 0.593236 0.466146 0.593236 0.465495 0.593236 0.464844 0.594150 0.464193 0.595064 0.463542 0.595978 0.462891 0.596892 0.462240 0.597806 0.461589 0.597806 0.460938 0.596892 0.460286 0.597806 0.459635 0.597806 0.458984 0.598720 0.458333 0.599634 0.457682 0.600548 0.457031 0.600548 0.456380 0.599634 0.455729 0.598720 0.455078 0.597806 0.455078 0.596892 0.455078 0.595978 0.454427 0.595064 0.454427 0.594150 0.453776 0.593236 0.453776 0.592322 0.453125 0.591408 0.453776 0.590494 0.454427 0.589580 0.454427 0.588665 0.454427 0.587751 0.455078 0.586837 0.454427 0.585923 0.454427 0.585009 0.453776 0.585009 0.453125 0.584095 0.452474 0.583181 0.451823 0.583181 0.451172 0.583181 0.450521 0.582267 0.449870 0.582267
0 0.501953 0.568556 0.501302 0.569470 0.500651 0.569470 0.500000 0.570384 0.499349 0.570384 0.498698 0.571298 0.498698 0.572212 0.498047 0.573126 0.498047 0.574040 0.497396 0.574954 0.498047 0.575868 0.497396 0.576782 0.497396 0.577697 0.496745 0.578611 0.496094 0.579525 0.496094 0.580439 0.496094 0.581353 0.495443 0.582267 0.494792 0.583181 0.494141 0.584095 0.494141 0.585009 0.493490 0.585923 0.492839 0.586837 0.492188 0.587751 0.491536 0.588665 0.490885 0.588665 0.490234 0.589580 0.489583 0.589580 0.488932 0.589580 0.488281 0.588665 0.487630 0.589580 0.487630 0.590494 0.487630 0.591408 0.486979 0.592322 0.486979 0.593236 0.486979 0.594150 0.486979 0.595064 0.486979 0.595978 0.486979 0.596892 0.486979 0.597806 0.487630 0.598720 0.487630 0.599634 0.486979 0.600548 0.486328 0.601463 0.485677 0.602377 0.485026 0.603291 0.484375 0.604205 0.483724 0.605119 0.483073 0.605119 0.482422 0.606033 0.481771 0.606033 0.481120 0.606033 0.480469 0.606947 0.479818 0.606033 0.479167 0.606947 0.478516 0.606947 0.477865 0.606947 0.477214 0.606947 0.476562 0.606947 0.475911 0.607861 0.475260 0.607861 0.474609 0.608775 0.473958 0.609689 0.473958 0.610603 0.473958 0.611517 0.473958 0.612431 0.473958 0.613346 0.474609 0.614260 0.475260 0.614260 0.475911 0.613346 0.476562 0.613346 0.477214 0.614260 0.477865 0.613346 0.478516 0.612431 0.479167 0.611517 0.479818 0.610603 0.480469 0.610603 0.481120 0.610603 0.481771 0.609689 0.482422 0.610603 0.483073 0.610603 0.483724 0.609689 0.484375 0.608775 0.485026 0.608775 0.485677 0.607861 0.486328 0.608775 0.486979 0.608775 0.486979 0.607861 0.487630 0.606947 0.488281 0.606033 0.488932 0.605119 0.489583 0.604205 0.490234 0.605119 0.490885 0.604205 0.491536 0.603291 0.492188 0.603291 0.492839 0.602377 0.493490 0.602377 0.494141 0.603291 0.494792 0.604205 0.495443 0.605119 0.496094 0.606033 0.496745 0.606947 0.497396 0.606947 0.498047 0.606947 0.498698 0.606033 0.499349 0.606033 0.500000 0.605119 0.500651 0.605119 0.501302 0.606033 0.501953 0.605119 0.502604 0.604205 0.503255 0.604205 0.503906 0.604205 0.504557 0.605119 0.505208 0.604205 0.505859 0.603291 0.505208 0.602377 0.505208 0.601463 0.505208 0.600548 0.505859 0.599634 0.505208 0.598720 0.505208 0.597806 0.504557 0.596892 0.503906 0.595978 0.503906 0.595064 0.503255 0.595064 0.502604 0.595064 0.501953 0.595064 0.501302 0.595064 0.500651 0.594150 0.500000 0.595064 0.499349 0.595064 0.498698 0.595978 0.498047 0.596892 0.497396 0.596892 0.496745 0.597806 0.496094 0.598720 0.495443 0.599634 0.494792 0.599634 0.494141 0.599634 0.493490 0.599634 0.492839 0.598720 0.492188 0.598720 0.491536 0.597806 0.490885 0.596892 0.490234 0.595978 0.490885 0.595064 0.491536 0.594150 0.492188 0.594150 0.492839 0.593236 0.493490 0.594150 0.494141 0.593236 0.494792 0.592322 0.495443 0.591408 0.496094 0.590494 0.496745 0.589580 0.497396 0.588665 0.498047 0.587751 0.498698 0.586837 0.499349 0.585923 0.500000 0.585923 0.500651 0.585923 0.501302 0.585009 0.501953 0.585009 0.502604 0.585923 0.503255 0.585923 0.503906 0.585923 0.504557 0.585009 0.505208 0.584095 0.504557 0.583181 0.503906 0.582267 0.504557 0.581353 0.503906 0.580439 0.503906 0.579525 0.504557 0.578611 0.505208 0.577697 0.505208 0.576782 0.505208 0.575868 0.505859 0.574954 0.505859 0.574040 0.505208 0.573126 0.505859 0.572212 0.505859 0.571298 0.505859 0.570384 0.505208 0.569470 0.504557 0.569470 0.503906 0.568556 0.503255 0.568556 0.502604 0.568556
0 0.753255 0.566728 0.752604 0.567642 0.751953 0.567642 0.751953 0.568556 0.751302 0.569470 0.750651 0.570384 0.751302 0.571298 0.751953 0.572212 0.752604 0.573126 0.753255 0.574040 0.753906 0.574040 0.754557 0.574954 0.755208 0.575868 0.755859 0.576782 0.756510 0.577697 0.757161 0.578611 0.756510 0.579525 0.755859 0.580439 0.755208 0.580439 0.754557 0.581353 0.753906 0.582267 0.753255 0.583181 0.752604 0.584095 0.753255 0.585009 0.753255 0.585923 0.753906 0.586837 0.754557 0.587751 0.755208 0.588665 0.755859 0.589580 0.756510 0.590494 0.756510 0.591408 0.757161 0.592322 0.757812 0.593236 0.758464 0.593236 0.759115 0.594150 0.759766 0.593236 0.760417 0.594150 0.761068 0.593236 0.761719 0.593236 0.761719 0.592322 0.762370 0.591408 0.761719 0.590494 0.761068 0.589580 0.760417 0.588665 0.761068 0.587751 0.760417 0.588665 0.759766 0.588665 0.759115 0.588665 0.758464 0.587751 0.757812 0.586837 0.757812 0.585923 0.757812 0.585009 0.758464 0.584095 0.757812 0.583181 0.757812 0.582267 0.757812 0.581353 0.758464 0.580439 0.759115 0.579525 0.759766 0.578611 0.760417 0.579525 0.760417 0.578611 0.761068 0.577697 0.761719 0.576782 0.761719 0.575868 0.762370 0.574954 0.761719 0.574040 0.761068 0.573126 0.761068 0.572212 0.760417 0.573126 0.759766 0.572212 0.759115 0.573126 0.758464 0.573126 0.757812 0.573126 0.757161 0.572212 0.756510 0.571298 0.756510 0.570384 0.756510 0.569470 0.755859 0.569470 0.755208 0.568556 0.754557 0.567642 0.753906 0.567642
0 0.477214 0.565814 0.476562 0.566728 0.475911 0.566728 0.475260 0.567642 0.474609 0.567642 0.473958 0.568556 0.473307 0.569470 0.472656 0.570384 0.472005 0.571298 0.471354 0.571298 0.470703 0.572212 0.470052 0.573126 0.469401 0.574040 0.468750 0.574954 0.468750 0.575868 0.468750 0.576782 0.468099 0.577697 0.468099 0.578611 0.467448 0.579525 0.466797 0.580439 0.466146 0.581353 0.465495 0.580439 0.464844 0.581353 0.464193 0.582267 0.463542 0.583181 0.462891 0.583181 0.462240 0.583181 0.461589 0.584095 0.460938 0.583181 0.460938 0.584095 0.460286 0.585009 0.460286 0.585923 0.460286 0.586837 0.460938 0.587751 0.461589 0.588665 0.462240 0.589580 0.462891 0.589580 0.463542 0.589580 0.464193 0.588665 0.464844 0.587751 0.465495 0.586837 0.466146 0.585923 0.466797 0.585009 0.466797 0.584095 0.467448 0.583181 0.468099 0.582267 0.468750 0.582267 0.469401 0.581353 0.470052 0.582267 0.470703 0.582267 0.471354 0.582267 0.472005 0.583181 0.472656 0.584095 0.473307 0.584095 0.473958 0.584095 0.474609 0.585009 0.475260 0.585923 0.475911 0.585923 0.476562 0.585923 0.477214 0.585923 0.477865 0.585923 0.477865 0.585009 0.477865 0.584095 0.478516 0.583181 0.479167 0.582267 0.478516 0.581353 0.478516 0.580439 0.478516 0.579525 0.477865 0.578611 0.478516 0.577697 0.477865 0.576782 0.478516 0.575868 0.479167 0.574954 0.479818 0.574954 0.480469 0.574954 0.481120 0.574040 0.481771 0.574040 0.482422 0.574040 0.482422 0.573126 0.482422 0.572212 0.481771 0.571298 0.482422 0.570384 0.481771 0.569470 0.481771 0.568556 0.481771 0.567642 0.481120 0.567642 0.480469 0.567642 0.479818 0.566728 0.479167 0.566728 0.478516 0.566728 0.477865 0.566728
0 0.757161 0.554845 0.756510 0.555759 0.755859 0.556673 0.755859 0.557587 0.756510 0.558501 0.757161 0.559415 0.757161 0.560329 0.757812 0.559415 0.758464 0.560329 0.759115 0.561243 0.759115 0.562157 0.759766 0.563071 0.760417 0.563985 0.760417 0.564899 0.761068 0.565814 0.760417 0.566728 0.761068 0.567642 0.761719 0.568556 0.761068 0.569470 0.761719 0.568556 0.762370 0.568556 0.763021 0.567642 0.763672 0.567642 0.763021 0.566728 0.763672 0.565814 0.763672 0.564899 0.763672 0.563985 0.763021 0.563071 0.763672 0.562157 0.763021 0.561243 0.763672 0.560329 0.763021 0.559415 0.763672 0.558501 0.763672 0.557587 0.763021 0.556673 0.762370 0.555759 0.761719 0.556673 0.761068 0.556673 0.760417 0.555759 0.759766 0.554845 0.759115 0.555759 0.758464 0.555759 0.757812 0.554845
0 0.488932 0.553016 0.488281 0.553931 0.487630 0.553931 0.486979 0.554845 0.486328 0.555759 0.486979 0.556673 0.486328 0.557587 0.486979 0.558501 0.487630 0.558501 0.488281 0.559415 0.488932 0.560329 0.489583 0.560329 0.490234 0.559415 0.490885 0.560329 0.491536 0.560329 0.492188 0.560329 0.492839 0.560329 0.493490 0.560329 0.494141 0.561243 0.494792 0.560329 0.495443 0.561243 0.496094 0.561243 0.496745 0.561243 0.497396 0.562157 0.498047 0.561243 0.498698 0.560329 0.499349 0.560329 0.500000 0.561243 0.499349 0.560329 0.500000 0.559415 0.499349 0.558501 0.498698 0.557587 0.498698 0.556673 0.498047 0.556673 0.497396 0.556673 0.496745 0.555759 0.496094 0.554845 0.495443 0.554845 0.494792 0.554845 0.494141 0.553931 0.493490 0.553931 0.492839 0.553931 0.492188 0.553931 0.491536 0.553016 0.490885 0.553931 0.490234 0.553931 0.489583 0.553931
0 0.782552 0.540219 0.781901 0.541133 0.781250 0.541133 0.780599 0.542048 0.779948 0.542048 0.779297 0.542962 0.778646 0.542048 0.777995 0.542962 0.777344 0.543876 0.776693 0.542962 0.776042 0.543876 0.775391 0.542962 0.774740 0.543876 0.774089 0.543876 0.773438 0.544790 0.773438 0.545704 0.772786 0.546618 0.773438 0.547532 0.772786 0.548446 0.772135 0.549360 0.771484 0.549360 0.770833 0.550274 0.770182 0.550274 0.769531 0.550274 0.768880 0.550274 0.768229 0.551188 0.767578 0.552102 0.767578 0.553016 0.766927 0.553931 0.766276 0.554845 0.766276 0.555759 0.766276 0.556673 0.766927 0.557587 0.766927 0.558501 0.767578 0.558501 0.768229 0.557587 0.768880 0.558501 0.769531 0.558501 0.770182 0.557587 0.770833 0.557587 0.771484 0.556673 0.772135 0.555759 0.772135 0.554845 0.772135 0.553931 0.772786 0.553016 0.772786 0.552102 0.773438 0.551188 0.774089 0.550274 0.774740 0.551188 0.775391 0.551188 0.776042 0.551188 0.776693 0.551188 0.777344 0.552102 0.777995 0.552102 0.778646 0.553016 0.779297 0.552102 0.779948 0.553016 0.780599 0.553016 0.781250 0.553016 0.781901 0.552102 0.782552 0.551188 0.783203 0.552102 0.783854 0.551188 0.784505 0.551188 0.784505 0.550274 0.785156 0.549360 0.784505 0.548446 0.785156 0.547532 0.785156 0.546618 0.785156 0.545704 0.785156 0.544790 0.785156 0.543876 0.784505 0.542962 0.783854 0.542048 0.783203 0.541133
0 0.463542 0.534735 0.462891 0.535649 0.462240 0.535649 0.461589 0.536563 0.460938 0.536563 0.460938 0.537477 0.460286 0.538391 0.460286 0.539305 0.460286 0.540219 0.459635 0.541133 0.460286 0.542048 0.460286 0.542962 0.460286 0.543876 0.460938 0.544790 0.461589 0.545704 0.461589 0.546618 0.462240 0.547532 0.462240 0.548446 0.462891 0.549360 0.463542 0.550274 0.463542 0.551188 0.464193 0.552102 0.464193 0.553016 0.464844 0.553931 0.464844 0.554845 0.464844 0.555759 0.465495 0.556673 0.466146 0.556673 0.466797 0.557587 0.467448 0.558501 0.468099 0.559415 0.468750 0.560329 0.468750 0.561243 0.469401 0.561243 0.470052 0.560329 0.470703 0.559415 0.471354 0.558501 0.472005 0.557587 0.472656 0.557587 0.473307 0.556673 0.473958 0.555759 0.474609 0.555759 0.475260 0.555759 0.475911 0.554845 0.476562 0.554845 0.475911 0.553931 0.476562 0.553016 0.475911 0.552102 0.476562 0.551188 0.476562 0.550274 0.475911 0.549360 0.475911 0.548446 0.475260 0.547532 0.474609 0.546618 0.473958 0.545704 0.473307 0.544790 0.472656 0.543876 0.472005 0.542962 0.471354 0.542048 0.470703 0.541133 0.470052 0.540219 0.469401 0.539305 0.469401 0.538391 0.468750 0.539305 0.468099 0.538391 0.467448 0.538391 0.466797 0.537477 0.466146 0.536563 0.465495 0.535649 0.464844 0.536563 0.464193 0.535649
0 0.434245 0.531079 0.433594 0.531993 0.432943 0.531993 0.432292 0.531993 0.431641 0.531993 0.430990 0.531993 0.430339 0.531993 0.430339 0.532907 0.429688 0.533821 0.429036 0.534735 0.428385 0.534735 0.428385 0.535649 0.428385 0.536563 0.428385 0.537477 0.428385 0.538391 0.427734 0.539305 0.427083 0.540219 0.427734 0.541133 0.428385 0.542048 0.427734 0.542962 0.428385 0.543876 0.429036 0.543876 0.429688 0.544790 0.430339 0.545704 0.430990 0.545704 0.431641 0.546618 0.432292 0.547532 0.432292 0.548446 0.432292 0.549360 0.432292 0.550274 0.432292 0.551188 0.431641 0.552102 0.431641 0.553016 0.430990 0.553931 0.431641 0.554845 0.431641 0.555759 0.431641 0.556673 0.431641 0.557587 0.430990 0.558501 0.430339 0.559415 0.430990 0.560329 0.430990 0.561243 0.430990 0.562157 0.431641 0.563071 0.432292 0.563985 0.432943 0.564899 0.432943 0.565814 0.433594 0.565814 0.434245 0.566728 0.434896 0.567642 0.435547 0.568556 0.436198 0.569470 0.436849 0.570384 0.437500 0.571298 0.438151 0.571298 0.438802 0.571298 0.439453 0.571298 0.440104 0.572212 0.440755 0.572212 0.441406 0.573126 0.442057 0.572212 0.442708 0.572212 0.443359 0.573126 0.444010 0.572212 0.444661 0.572212 0.445312 0.572212 0.445964 0.571298 0.446615 0.571298 0.447266 0.572212 0.447917 0.572212 0.448568 0.572212 0.449219 0.572212 0.449870 0.573126 0.450521 0.574040 0.451172 0.574040 0.451823 0.574954 0.452474 0.575868 0.453125 0.575868 0.453776 0.576782 0.454427 0.576782 0.455078 0.576782 0.455729 0.576782 0.456380 0.576782 0.457031 0.576782 0.457682 0.576782 0.458333 0.576782 0.458984 0.576782 0.459635 0.575868 0.459635 0.574954 0.459635 0.574040 0.460286 0.573126 0.459635 0.574040 0.458984 0.573126 0.458333 0.572212 0.457682 0.571298 0.457031 0.570384 0.456380 0.570384 0.455729 0.569470 0.455078 0.568556 0.454427 0.567642 0.453776 0.566728 0.453125 0.565814 0.453125 0.564899 0.453125 0.563985 0.453125 0.563071 0.453125 0.562157 0.453125 0.561243 0.453776 0.560329 0.453125 0.559415 0.452474 0.558501 0.453125 0.557587 0.452474 0.556673 0.451823 0.555759 0.451172 0.554845 0.450521 0.553931 0.450521 0.553016 0.450521 0.552102 0.450521 0.551188 0.450521 0.550274 0.449870 0.549360 0.449870 0.548446 0.449219 0.547532 0.448568 0.546618 0.449219 0.545704 0.448568 0.544790 0.447917 0.543876 0.447266 0.543876 0.446615 0.542962 0.445964 0.542048 0.445312 0.541133 0.444661 0.540219 0.444010 0.540219 0.443359 0.540219 0.442708 0.539305 0.442057 0.538391 0.441406 0.539305 0.440755 0.538391 0.440104 0.537477 0.440104 0.536563 0.440104 0.535649 0.439453 0.534735 0.440104 0.533821 0.439453 0.532907 0.438802 0.531993 0.438151 0.531993 0.437500 0.531993 0.436849 0.531079 0.436198 0.531079 0.435547 0.531079 0.434896 0.531993
0 0.917969 0.527422 0.917318 0.528336 0.916667 0.528336 0.916667 0.529250 0.916016 0.530165 0.916016 0.531079 0.915365 0.531993 0.916016 0.532907 0.915365 0.533821 0.915365 0.534735 0.915365 0.535649 0.915365 0.536563 0.914714 0.537477 0.914062 0.538391 0.914714 0.539305 0.915365 0.540219 0.915365 0.541133 0.916016 0.542048 0.916016 0.542962 0.916667 0.543876 0.916667 0.544790 0.917318 0.545704 0.917318 0.546618 0.917318 0.547532 0.917318 0.548446 0.916667 0.549360 0.916016 0.550274 0.915365 0.550274 0.914714 0.550274 0.914062 0.549360 0.913411 0.550274 0.913411 0.551188 0.912760 0.552102 0.912760 0.553016 0.912109 0.553931 0.912760 0.554845 0.912109 0.555759 0.912109 0.556673 0.912760 0.557587 0.912760 0.558501 0.912109 0.559415 0.912760 0.560329 0.913411 0.561243 0.913411 0.562157 0.914062 0.563071 0.914714 0.563071 0.915365 0.563071 0.916016 0.563985 0.916667 0.563985 0.917318 0.563985 0.917969 0.563985 0.918620 0.563985 0.919271 0.563071 0.919922 0.563985 0.920573 0.563071 0.921224 0.563071 0.921875 0.562157 0.922526 0.562157 0.923177 0.563071 0.923828 0.563985 0.924479 0.564899 0.924479 0.565814 0.925130 0.566728 0.925781 0.567642 0.925781 0.568556 0.926432 0.569470 0.926432 0.570384 0.927083 0.571298 0.927734 0.571298 0.928385 0.572212 0.929036 0.573126 0.929688 0.574040 0.930339 0.574954 0.930339 0.575868 0.930990 0.576782 0.931641 0.577697 0.930990 0.578611 0.931641 0.577697 0.932292 0.578611 0.932943 0.579525 0.933594 0.579525 0.934245 0.579525 0.934896 0.580439 0.935547 0.579525 0.936198 0.578611 0.936849 0.577697 0.937500 0.578611 0.938151 0.577697 0.938802 0.577697 0.939453 0.577697 0.940104 0.578611 0.940755 0.578611 0.941406 0.578611 0.942057 0.579525 0.942708 0.580439 0.943359 0.581353 0.943359 0.582267 0.942708 0.583181 0.942057 0.584095 0.941406 0.584095 0.940755 0.583181 0.940104 0.582267 0.939453 0.582267 0.938802 0.582267 0.938151 0.582267 0.937500 0.582267 0.936849 0.581353 0.936198 0.582267 0.935547 0.583181 0.934896 0.584095 0.934896 0.585009 0.934245 0.585923 0.934245 0.586837 0.934896 0.587751 0.934896 0.588665 0.935547 0.588665 0.936198 0.589580 0.936849 0.589580 0.937500 0.590494 0.938151 0.590494 0.938802 0.590494 0.939453 0.589580 0.940104 0.590494 0.940755 0.589580 0.941406 0.589580 0.942057 0.589580 0.942708 0.589580 0.943359 0.588665 0.944010 0.588665 0.944661 0.588665 0.945312 0.589580 0.945964 0.590494 0.946615 0.591408 0.947266 0.592322 0.947917 0.593236 0.948568 0.593236 0.949219 0.593236 0.949870 0.593236 0.950521 0.592322 0.951172 0.592322 0.951823 0.592322 0.952474 0.593236 0.953125 0.593236 0.953776 0.594150 0.954427 0.595064 0.954427 0.595978 0.955078 0.596892 0.955729 0.597806 0.955729 0.598720 0.956380 0.599634 0.957031 0.600548 0.957682 0.601463 0.957682 0.602377 0.958333 0.603291 0.957682 0.604205 0.958333 0.605119 0.958333 0.606033 0.958333 0.606947 0.958984 0.607861 0.958984 0.608775 0.959635 0.609689 0.958984 0.610603 0.958984 0.611517 0.959635 0.611517 0.960286 0.612431 0.960938 0.613346 0.960938 0.614260 0.960286 0.615174 0.959635 0.616088 0.958984 0.616088 0.958333 0.617002 0.957682 0.616088 0.957031 0.615174 0.956380 0.614260 0.955729 0.613346 0.956380 0.612431 0.955729 0.611517 0.955078 0.610603 0.954427 0.609689 0.953776 0.608775 0.953776 0.607861 0.953125 0.606947 0.953125 0.606033 0.952474 0.605119 0.951823 0.604205 0.951172 0.603291 0.950521 0.602377 0.949870 0.601463 0.949219 0.602377 0.948568 0.602377 0.947917 0.601463 0.947266 0.601463 0.946615 0.602377 0.945964 0.603291 0.945312 0.603291 0.945964 0.604205 0.945312 0.605119 0.945312 0.606033 0.945964 0.606947 0.945964 0.607861 0.946615 0.608775 0.947266 0.609689 0.947917 0.610603 0.948568 0.611517 0.949219 0.611517 0.949870 0.612431 0.950521 0.612431 0.951172 0.613346 0.951823 0.613346 0.952474 0.614260 0.953125 0.615174 0.953776 0.616088 0.953125 0.617002 0.953776 0.617916 0.953776 0.618830 0.954427 0.619744 0.955078 0.620658 0.955729 0.620658 0.956380 0.621572 0.957031 0.620658 0.957682 0.619744 0.958333 0.619744 0.958984 0.620658 0.959635 0.620658 0.960286 0.620658 0.960938 0.621572 0.961589 0.622486 0.961589 0.623400 0.960938 0.624314 0.961589 0.625229 0.962240 0.626143 0.962891 0.627057 0.963542 0.627971 0.962891 0.628885 0.962240 0.629799 0.961589 0.630713 0.960938 0.630713 0.960938 0.631627 0.960286 0.632541 0.959635 0.633455 0.958984 0.634369 0.959635 0.635283 0.959635 0.636197 0.958984 0.637112 0.958984 0.638026 0.958984 0.638940 0.958333 0.639854 0.957682 0.640768 0.957031 0.640768 0.957682 0.641682 0.957031 0.642596 0.957031 0.643510 0.957031 0.644424 0.957031 0.645338 0.956380 0.646252 0.955729 0.647166 0.955078 0.647166 0.954427 0.647166 0.953776 0.646252 0.953125 0.646252 0.952474 0.647166 0.951823 0.647166 0.952474 0.648080 0.952474 0.648995 0.952474 0.649909 0.953125 0.650823 0.953776 0.650823 0.954427 0.650823 0.955078 0.651737 0.955729 0.652651 0.956380 0.653565 0.957031 0.654479 0.957682 0.655393 0.958333 0.656307 0.958984 0.655393 0.959635 0.656307 0.960286 0.655393 0.960938 0.655393 0.961589 0.655393 0.962240 0.654479 0.962240 0.653565 0.962891 0.652651 0.962240 0.652651 0.961589 0.651737 0.960938 0.651737 0.960286 0.650823 0.959635 0.649909 0.959635 0.648995 0.959635 0.648080 0.959635 0.647166 0.958984 0.646252 0.959635 0.645338 0.960286 0.644424 0.960938 0.644424 0.961589 0.643510 0.962240 0.643510 0.962240 0.642596 0.962240 0.641682 0.962891 0.640768 0.963542 0.639854 0.964193 0.640768 0.964844 0.639854 0.965495 0.638940 0.965495 0.638026 0.964844 0.637112 0.965495 0.636197 0.965495 0.635283 0.965495 0.634369 0.966146 0.633455 0.966797 0.632541 0.967448 0.632541 0.967448 0.631627 0.968099 0.630713 0.967448 0.629799 0.967448 0.628885 0.967448 0.627971 0.967448 0.627057 0.967448 0.626143 0.967448 0.625229 0.966797 0.624314 0.966797 0.623400 0.966146 0.622486 0.965495 0.621572 0.965495 0.620658 0.966146 0.619744 0.966146 0.618830 0.966146 0.617916 0.966146 0.617002 0.965495 0.616088 0.964844 0.615174 0.964193 0.614260 0.963542 0.613346 0.962891 0.612431 0.963542 0.611517 0.964193 0.610603 0.964193 0.609689 0.964844 0.608775 0.965495 0.607861 0.965495 0.606947 0.966146 0.606033 0.966146 0.605119 0.966797 0.604205 0.967448 0.603291 0.968099 0.602377 0.968099 0.601463 0.967448 0.600548 0.968099 0.599634 0.967448 0.598720 0.967448 0.597806 0.968099 0.596892 0.967448 0.595978 0.966797 0.595064 0.966146 0.595064 0.965495 0.594150 0.964844 0.593236 0.964193 0.592322 0.964844 0.591408 0.964844 0.590494 0.964193 0.590494 0.963542 0.589580 0.962891 0.589580 0.962240 0.589580 0.961589 0.589580 0.960938 0.588665 0.960286 0.587751 0.960938 0.586837 0.961589 0.585923 0.960938 0.585009 0.961589 0.584095 0.962240 0.583181 0.962891 0.583181 0.962891 0.582267 0.963542 0.581353 0.964193 0.580439 0.964844 0.579525 0.965495 0.579525 0.964844 0.578611 0.964844 0.577697 0.964844 0.576782 0.964193 0.575868 0.964193 0.574954 0.964193 0.574040 0.963542 0.573126 0.963542 0.572212 0.963542 0.571298 0.962891 0.570384 0.962240 0.569470 0.961589 0.568556 0.960938 0.569470 0.960286 0.568556 0.959635 0.568556 0.958984 0.569470 0.958333 0.569470 0.957682 0.568556 0.957031 0.569470 0.956380 0.569470 0.957031 0.570384 0.956380 0.571298 0.955729 0.572212 0.955729 0.573126 0.955729 0.574040 0.955729 0.574954 0.955729 0.575868 0.955729 0.576782 0.955078 0.577697 0.954427 0.578611 0.953776 0.577697 0.953125 0.576782 0.952474 0.577697 0.951823 0.577697 0.951172 0.578611 0.951823 0.579525 0.951172 0.580439 0.951172 0.581353 0.951172 0.582267 0.951823 0.583181 0.951823 0.584095 0.951823 0.585009 0.952474 0.585923 0.951823 0.586837 0.951172 0.587751 0.950521 0.588665 0.949870 0.587751 0.949219 0.586837 0.948568 0.585923 0.947917 0.585009 0.947917 0.584095 0.947266 0.583181 0.947266 0.582267 0.946615 0.582267 0.945964 0.581353 0.945312 0.580439 0.945312 0.579525 0.945312 0.578611 0.945312 0.577697 0.945312 0.576782 0.945312 0.575868 0.945312 0.574954 0.945312 0.574040 0.944661 0.573126 0.945312 0.572212 0.945964 0.571298 0.946615 0.570384 0.947266 0.570384 0.947917 0.570384 0.948568 0.569470 0.949219 0.568556 0.949870 0.568556 0.950521 0.567642 0.950521 0.566728 0.950521 0.565814 0.951172 0.564899 0.951172 0.563985 0.951172 0.563071 0.951172 0.562157 0.951823 0.561243 0.952474 0.560329 0.953125 0.559415 0.953125 0.558501 0.953125 0.557587 0.953776 0.556673 0.953776 0.555759 0.953776 0.554845 0.953776 0.553931 0.953776 0.553016 0.953125 0.552102 0.953125 0.551188 0.952474 0.551188 0.951823 0.551188 0.951172 0.550274 0.950521 0.551188 0.949870 0.550274 0.949219 0.551188 0.948568 0.551188 0.947917 0.551188 0.947266 0.552102 0.946615 0.552102 0.945964 0.553016 0.945964 0.553931 0.945964 0.554845 0.945312 0.555759 0.945312 0.556673 0.944661 0.557587 0.944010 0.558501 0.943359 0.559415 0.942708 0.558501 0.942057 0.557587 0.941406 0.556673 0.940755 0.556673 0.940104 0.556673 0.939453 0.556673 0.938802 0.556673 0.938151 0.557587 0.937500 0.557587 0.936849 0.558501 0.936849 0.559415 0.936849 0.560329 0.936849 0.561243 0.936849 0.562157 0.936849 0.563071 0.936198 0.563985 0.936849 0.564899 0.937500 0.565814 0.938151 0.566728 0.938802 0.567642 0.938802 0.568556 0.939453 0.568556 0.940104 0.569470 0.940755 0.569470 0.941406 0.570384 0.942057 0.571298 0.942708 0.572212 0.942708 0.573126 0.942057 0.574040 0.941406 0.574954 0.940755 0.575868 0.940104 0.574954 0.939453 0.574954 0.938802 0.574954 0.938151 0.574954 0.937500 0.574040 0.936849 0.573126 0.936198 0.572212 0.935547 0.571298 0.934896 0.570384 0.934245 0.569470 0.934245 0.568556 0.933594 0.567642 0.932943 0.566728 0.932292 0.565814 0.931641 0.564899 0.930990 0.563985 0.930990 0.563071 0.930990 0.562157 0.930990 0.561243 0.930990 0.560329 0.931641 0.559415 0.931641 0.558501 0.930990 0.557587 0.931641 0.556673 0.930990 0.555759 0.930990 0.554845 0.930990 0.553931 0.930339 0.553016 0.929688 0.552102 0.929036 0.552102 0.928385 0.551188 0.927734 0.550274 0.927734 0.549360 0.927734 0.548446 0.927734 0.547532 0.927734 0.546618 0.928385 0.545704 0.927734 0.544790 0.928385 0.543876 0.929036 0.542962 0.929036 0.542048 0.929036 0.541133 0.929036 0.540219 0.929036 0.539305 0.929688 0.538391 0.929036 0.538391 0.928385 0.537477 0.927734 0.536563 0.927083 0.536563 0.926432 0.537477 0.925781 0.536563 0.925130 0.535649 0.925130 0.534735 0.924479 0.533821 0.924479 0.532907 0.925130 0.531993 0.924479 0.531079 0.924479 0.530165 0.923828 0.530165 0.923177 0.529250 0.922526 0.529250 0.921875 0.528336 0.921224 0.527422 0.920573 0.527422 0.919922 0.528336 0.919271 0.528336 0.918620 0.528336
0 0.397135 0.512797 0.396484 0.513711 0.395833 0.514625 0.395182 0.515539 0.395182 0.516453 0.395833 0.517367 0.395182 0.518282 0.395182 0.519196 0.395182 0.520110 0.395833 0.521024 0.395833 0.521938 0.395833 0.522852 0.395182 0.523766 0.395833 0.524680 0.395833 0.525594 0.395182 0.526508 0.395833 0.527422 0.395833 0.528336 0.395833 0.529250 0.395833 0.530165 0.395833 0.531079 0.395833 0.531993 0.396484 0.532907 0.396484 0.533821 0.395833 0.534735 0.395182 0.535649 0.394531 0.534735 0.393880 0.534735 0.393229 0.534735 0.392578 0.535649 0.391927 0.534735 0.391276 0.534735 0.390625 0.534735 0.389974 0.534735 0.389323 0.534735 0.389323 0.535649 0.388672 0.536563 0.388672 0.537477 0.389323 0.538391 0.389323 0.539305 0.389323 0.540219 0.389974 0.541133 0.390625 0.541133 0.391276 0.542048 0.391927 0.541133 0.392578 0.542048 0.393229 0.542962 0.393880 0.542962 0.394531 0.542962 0.395182 0.542962 0.395833 0.543876 0.396484 0.544790 0.397135 0.545704 0.397135 0.546618 0.396484 0.547532 0.395833 0.548446 0.395182 0.549360 0.394531 0.549360 0.393880 0.550274 0.393229 0.550274 0.392578 0.549360 0.391927 0.550274 0.391276 0.549360 0.390625 0.549360 0.389974 0.548446 0.389323 0.547532 0.388672 0.547532 0.388021 0.546618 0.387370 0.545704 0.387370 0.544790 0.386719 0.543876 0.386068 0.542962 0.385417 0.542962 0.384766 0.542962 0.384115 0.542962 0.383464 0.542962 0.382812 0.543876 0.382161 0.543876 0.382161 0.544790 0.381510 0.545704 0.380859 0.546618 0.381510 0.547532 0.381510 0.548446 0.381510 0.549360 0.381510 0.550274 0.380859 0.551188 0.381510 0.552102 0.380859 0.553016 0.381510 0.553931 0.381510 0.554845 0.382161 0.555759 0.382812 0.556673 0.383464 0.557587 0.383464 0.558501 0.384115 0.557587 0.384766 0.558501 0.385417 0.557587 0.386068 0.558501 0.386719 0.557587 0.387370 0.556673 0.388021 0.556673 0.388672 0.556673 0.389323 0.556673 0.389974 0.555759 0.390625 0.555759 0.391276 0.554845 0.391927 0.554845 0.392578 0.554845 0.393229 0.554845 0.393880 0.555759 0.394531 0.554845 0.395182 0.554845 0.395833 0.554845 0.396484 0.554845 0.397135 0.554845 0.397786 0.555759 0.398438 0.556673 0.399089 0.557587 0.398438 0.558501 0.399089 0.558501 0.399740 0.559415 0.400391 0.560329 0.400391 0.561243 0.401042 0.562157 0.401042 0.563071 0.400391 0.563985 0.399740 0.564899 0.399089 0.564899 0.398438 0.565814 0.397786 0.566728 0.397135 0.566728 0.396484 0.567642 0.396484 0.568556 0.396484 0.569470 0.397135 0.569470 0.397786 0.570384 0.398438 0.571298 0.398438 0.572212 0.399089 0.571298 0.399740 0.571298 0.400391 0.571298 0.401042 0.571298 0.401693 0.571298 0.402344 0.571298 0.402995 0.571298 0.403646 0.571298 0.404297 0.572212 0.404948 0.572212 0.405599 0.573126 0.406250 0.574040 0.406901 0.574954 0.407552 0.575868 0.408203 0.575868 0.408854 0.576782 0.409505 0.577697 0.410156 0.578611 0.410807 0.579525 0.410807 0.580439 0.410807 0.581353 0.410156 0.582267 0.409505 0.583181 0.408854 0.582267 0.408203 0.583181 0.407552 0.583181 0.406901 0.583181 0.406250 0.582267 0.405599 0.581353 0.405599 0.580439 0.404948 0.579525 0.404297 0.578611 0.403646 0.578611 0.402995 0.577697 0.402344 0.577697 0.401693 0.577697 0.401042 0.578611 0.400391 0.577697 0.399740 0.577697 0.399089 0.578611 0.398438 0.578611 0.398438 0.579525 0.399089 0.580439 0.399089 0.581353 0.399740 0.581353 0.400391 0.582267 0.401042 0.582267 0.401693 0.582267 0.402344 0.583181 0.402995 0.583181 0.403646 0.583181 0.404297 0.584095 0.404948 0.585009 0.405599 0.584095 0.406250 0.584095 0.406901 0.585009 0.407552 0.585923 0.408203 0.585923 0.408854 0.586837 0.409505 0.587751 0.410156 0.588665 0.410807 0.589580 0.410807 0.590494 0.410807 0.591408 0.411458 0.592322 0.412109 0.593236 0.412760 0.594150 0.412760 0.595064 0.412109 0.595978 0.411458 0.596892 0.412109 0.597806 0.412760 0.598720 0.413411 0.599634 0.414062 0.600548 0.414062 0.601463 0.414714 0.602377 0.414714 0.603291 0.415365 0.604205 0.416016 0.604205 0.416667 0.604205 0.416016 0.603291 0.416667 0.602377 0.416016 0.601463 0.416667 0.600548 0.416016 0.599634 0.416667 0.598720 0.417318 0.597806 0.416667 0.596892 0.417318 0.595978 0.417318 0.595064 0.417969 0.594150 0.417318 0.593236 0.417318 0.592322 0.416667 0.593236 0.416016 0.593236 0.415365 0.593236 0.414714 0.592322 0.414062 0.591408 0.413411 0.590494 0.412760 0.589580 0.412760 0.588665 0.413411 0.587751 0.413411 0.586837 0.412760 0.585923 0.412760 0.585009 0.412760 0.584095 0.412760 0.583181 0.412760 0.582267 0.412760 0.581353 0.413411 0.580439 0.414062 0.579525 0.414714 0.578611 0.414714 0.577697 0.414714 0.576782 0.414714 0.575868 0.414062 0.574954 0.414714 0.574040 0.414714 0.573126 0.414062 0.572212 0.414714 0.571298 0.415365 0.570384 0.416016 0.571298 0.415365 0.570384 0.415365 0.569470 0.416016 0.568556 0.416016 0.567642 0.416667 0.566728 0.416667 0.565814 0.416667 0.564899 0.416667 0.563985 0.416667 0.563071 0.416667 0.562157 0.416016 0.561243 0.416667 0.560329 0.416667 0.559415 0.416667 0.558501 0.417318 0.557587 0.417318 0.556673 0.417318 0.555759 0.417969 0.554845 0.417318 0.553931 0.417318 0.553016 0.417318 0.552102 0.416667 0.551188 0.416016 0.550274 0.415365 0.549360 0.414714 0.549360 0.414062 0.548446 0.413411 0.548446 0.412760 0.549360 0.412109 0.549360 0.411458 0.549360 0.411458 0.550274 0.410807 0.551188 0.411458 0.552102 0.411458 0.553016 0.411458 0.553931 0.412109 0.554845 0.412109 0.555759 0.412109 0.556673 0.412109 0.557587 0.412760 0.558501 0.412109 0.559415 0.412760 0.560329 0.413411 0.561243 0.412760 0.562157 0.413411 0.563071 0.413411 0.563985 0.413411 0.564899 0.413411 0.565814 0.413411 0.566728 0.413411 0.567642 0.412760 0.568556 0.413411 0.569470 0.414062 0.570384 0.413411 0.571298 0.412760 0.572212 0.412109 0.573126 0.411458 0.572212 0.410807 0.572212 0.410156 0.571298 0.409505 0.570384 0.410156 0.569470 0.409505 0.569470 0.408854 0.568556 0.408203 0.568556 0.407552 0.569470 0.406901 0.569470 0.406250 0.569470 0.405599 0.568556 0.404948 0.567642 0.404297 0.566728 0.404948 0.565814 0.404297 0.564899 0.404297 0.563985 0.404297 0.563071 0.403646 0.562157 0.403646 0.561243 0.404297 0.560329 0.403646 0.559415 0.403646 0.558501 0.402995 0.557587 0.403646 0.556673 0.402995 0.555759 0.403646 0.554845 0.403646 0.553931 0.402995 0.553016 0.402995 0.552102 0.402344 0.551188 0.401693 0.551188 0.401042 0.550274 0.400391 0.549360 0.400391 0.548446 0.400391 0.547532 0.400391 0.546618 0.400391 0.545704 0.401042 0.544790 0.400391 0.543876 0.401042 0.542962 0.400391 0.542048 0.399740 0.541133 0.400391 0.540219 0.400391 0.539305 0.400391 0.538391 0.399740 0.537477 0.400391 0.536563 0.401042 0.535649 0.401693 0.534735 0.402344 0.533821 0.402995 0.532907 0.402995 0.531993 0.402995 0.531079 0.403646 0.530165 0.403646 0.529250 0.403646 0.528336 0.404297 0.527422 0.403646 0.526508 0.404297 0.525594 0.403646 0.524680 0.403646 0.523766 0.404297 0.522852 0.404297 0.521938 0.404297 0.521024 0.404297 0.520110 0.404948 0.519196 0.404948 0.518282 0.404297 0.518282 0.403646 0.517367 0.402995 0.516453 0.402995 0.515539 0.403646 0.514625 0.402995 0.514625 0.402344 0.513711 0.401693 0.512797 0.401042 0.512797 0.400391 0.513711 0.399740 0.512797 0.399089 0.512797 0.398438 0.513711 0.397786 0.512797
0 0.442057 0.507313 0.441406 0.508227 0.440755 0.508227 0.440104 0.509141 0.440104 0.510055 0.439453 0.510969 0.439453 0.511883 0.438802 0.512797 0.438151 0.513711 0.437500 0.513711 0.436849 0.512797 0.436198 0.512797 0.435547 0.511883 0.434896 0.510969 0.434245 0.511883 0.433594 0.512797 0.432943 0.511883 0.432292 0.512797 0.431641 0.513711 0.430990 0.513711 0.430339 0.514625 0.429688 0.514625 0.429688 0.515539 0.429036 0.516453 0.429036 0.517367 0.429688 0.518282 0.429688 0.519196 0.429688 0.520110 0.430339 0.521024 0.430339 0.521938 0.430990 0.522852 0.431641 0.522852 0.432292 0.522852 0.432943 0.522852 0.433594 0.522852 0.434245 0.523766 0.434896 0.522852 0.435547 0.523766 0.436198 0.523766 0.436849 0.523766 0.437500 0.523766 0.438151 0.522852 0.438802 0.523766 0.438802 0.522852 0.438151 0.521938 0.437500 0.521024 0.437500 0.520110 0.438151 0.519196 0.438151 0.518282 0.438802 0.517367 0.439453 0.516453 0.440104 0.517367 0.440755 0.518282 0.441406 0.519196 0.442057 0.520110 0.441406 0.521024 0.441406 0.521938 0.440755 0.522852 0.441406 0.523766 0.440755 0.524680 0.440755 0.525594 0.441406 0.526508 0.442057 0.527422 0.442708 0.527422 0.443359 0.526508 0.444010 0.525594 0.443359 0.524680 0.443359 0.523766 0.444010 0.522852 0.444010 0.521938 0.444010 0.521024 0.444010 0.520110 0.444661 0.519196 0.444010 0.518282 0.444010 0.517367 0.444010 0.516453 0.444661 0.515539 0.444010 0.514625 0.444661 0.513711 0.444661 0.512797 0.445312 0.511883 0.444661 0.510969 0.444661 0.510055 0.444661 0.509141 0.444010 0.509141 0.443359 0.508227 0.442708 0.507313
0 0.497396 0.479890 0.496745 0.480804 0.496094 0.481718 0.495443 0.482633 0.495443 0.483547 0.495443 0.484461 0.494792 0.485375 0.494141 0.486289 0.494792 0.487203 0.494141 0.488117 0.493490 0.489031 0.492839 0.488117 0.492188 0.488117 0.491536 0.487203 0.490885 0.486289 0.490234 0.485375 0.490234 0.484461 0.489583 0.483547 0.488932 0.482633 0.488281 0.482633 0.487630 0.483547 0.486979 0.483547 0.486328 0.484461 0.486328 0.485375 0.485677 0.486289 0.485026 0.487203 0.485026 0.488117 0.484375 0.489031 0.485026 0.489945 0.485026 0.490859 0.485026 0.491773 0.485677 0.492687 0.485026 0.493601 0.485026 0.494516 0.485677 0.495430 0.486328 0.496344 0.486979 0.496344 0.487630 0.496344 0.488281 0.497258 0.488932 0.497258 0.489583 0.498172 0.490234 0.499086 0.490885 0.500000 0.490885 0.500914 0.490885 0.501828 0.490885 0.502742 0.490234 0.503656 0.490885 0.504570 0.490234 0.505484 0.489583 0.506399 0.490234 0.507313 0.490234 0.508227 0.490234 0.509141 0.490234 0.510055 0.490234 0.510969 0.490234 0.511883 0.489583 0.512797 0.488932 0.513711 0.488281 0.513711 0.487630 0.513711 0.486979 0.512797 0.486328 0.513711 0.485677 0.512797 0.485026 0.512797 0.484375 0.511883 0.483724 0.510969 0.483724 0.510055 0.483073 0.509141 0.482422 0.509141 0.481771 0.508227 0.481120 0.507313 0.480469 0.507313 0.479818 0.507313 0.479167 0.507313 0.478516 0.507313 0.477865 0.507313 0.477214 0.507313 0.476562 0.508227 0.475911 0.509141 0.476562 0.510055 0.475911 0.510969 0.476562 0.511883 0.476562 0.512797 0.476562 0.513711 0.476562 0.514625 0.477214 0.515539 0.477865 0.516453 0.478516 0.517367 0.479167 0.518282 0.479167 0.519196 0.479167 0.520110 0.479818 0.521024 0.480469 0.521024 0.481120 0.521938 0.481771 0.521024 0.482422 0.521938 0.483073 0.522852 0.483724 0.523766 0.484375 0.523766 0.485026 0.524680 0.485677 0.525594 0.486328 0.526508 0.486328 0.527422 0.486328 0.528336 0.485677 0.529250 0.485026 0.530165 0.484375 0.531079 0.483724 0.531079 0.483724 0.531993 0.483073 0.532907 0.482422 0.533821 0.482422 0.534735 0.481771 0.535649 0.482422 0.536563 0.481771 0.537477 0.481120 0.538391 0.481771 0.539305 0.481120 0.540219 0.481120 0.541133 0.481120 0.542048 0.481120 0.542962 0.481120 0.543876 0.481771 0.544790 0.481771 0.545704 0.481771 0.546618 0.482422 0.546618 0.483073 0.546618 0.483724 0.547532 0.484375 0.548446 0.485026 0.547532 0.485677 0.546618 0.486328 0.546618 0.486979 0.546618 0.487630 0.546618 0.488281 0.545704 0.488932 0.546618 0.489583 0.546618 0.490234 0.546618 0.490885 0.547532 0.491536 0.547532 0.492188 0.547532 0.492839 0.547532 0.493490 0.546618 0.494141 0.547532 0.494792 0.546618 0.495443 0.547532 0.496094 0.547532 0.496745 0.546618 0.497396 0.546618 0.498047 0.547532 0.498698 0.547532 0.499349 0.546618 0.500000 0.546618 0.500651 0.547532 0.501302 0.547532 0.501953 0.546618 0.502604 0.546618 0.503255 0.546618 0.503906 0.547532 0.504557 0.548446 0.505208 0.548446 0.505859 0.548446 0.506510 0.548446 0.507161 0.547532 0.507812 0.547532 0.507812 0.546618 0.508464 0.545704 0.509115 0.544790 0.509766 0.543876 0.510417 0.543876 0.511068 0.543876 0.511719 0.542962 0.512370 0.542048 0.513021 0.542048 0.513672 0.541133 0.513021 0.540219 0.513021 0.539305 0.513672 0.538391 0.513672 0.537477 0.513021 0.536563 0.512370 0.535649 0.512370 0.534735 0.511719 0.534735 0.511068 0.533821 0.510417 0.533821 0.509766 0.533821 0.509115 0.532907 0.508464 0.531993 0.507812 0.531079 0.507161 0.530165 0.506510 0.530165 0.505859 0.530165 0.505208 0.530165 0.504557 0.531079 0.503906 0.531079 0.503255 0.531079 0.502604 0.531993 0.501953 0.531079 0.501302 0.531993 0.500651 0.532907 0.500651 0.533821 0.500000 0.534735 0.499349 0.535649 0.498698 0.535649 0.498047 0.536563 0.497396 0.536563 0.496745 0.536563 0.496094 0.536563 0.495443 0.536563 0.494792 0.535649 0.494141 0.535649 0.493490 0.535649 0.492839 0.534735 0.492188 0.533821 0.492188 0.532907 0.492188 0.531993 0.492188 0.531079 0.492839 0.530165 0.492188 0.529250 0.492839 0.528336 0.493490 0.527422 0.494141 0.526508 0.494141 0.525594 0.494141 0.524680 0.494792 0.523766 0.495443 0.522852 0.496094 0.522852 0.496745 0.522852 0.497396 0.521938 0.498047 0.521938 0.498698 0.521938 0.499349 0.521938 0.500000 0.522852 0.500651 0.522852 0.501302 0.521938 0.501953 0.521938 0.502604 0.521024 0.503255 0.520110 0.503255 0.519196 0.503255 0.518282 0.503255 0.517367 0.502604 0.516453 0.502604 0.515539 0.503255 0.514625 0.503906 0.513711 0.504557 0.513711 0.505208 0.513711 0.505859 0.513711 0.506510 0.513711 0.507161 0.513711 0.507812 0.514625 0.508464 0.514625 0.509115 0.514625 0.509766 0.514625 0.510417 0.514625 0.511068 0.515539 0.511719 0.514625 0.512370 0.515539 0.513021 0.515539 0.513672 0.514625 0.514323 0.514625 0.514974 0.514625 0.515625 0.514625 0.516276 0.513711 0.515625 0.512797 0.515625 0.511883 0.514974 0.510969 0.515625 0.510055 0.514974 0.509141 0.514974 0.508227 0.514323 0.507313 0.513672 0.507313 0.513021 0.506399 0.512370 0.505484 0.512370 0.504570 0.511719 0.505484 0.511068 0.504570 0.510417 0.503656 0.510417 0.502742 0.509766 0.503656 0.509115 0.503656 0.508464 0.502742 0.507812 0.502742 0.507161 0.501828 0.506510 0.502742 0.505859 0.502742 0.505208 0.502742 0.504557 0.503656 0.503906 0.503656 0.503255 0.504570 0.502604 0.505484 0.501953 0.506399 0.501302 0.507313 0.500651 0.508227 0.500000 0.509141 0.499349 0.508227 0.498698 0.507313 0.498047 0.506399 0.497396 0.505484 0.496745 0.504570 0.496745 0.503656 0.496745 0.502742 0.496094 0.501828 0.496745 0.500914 0.496745 0.500000 0.497396 0.499086 0.496745 0.498172 0.496094 0.497258 0.496745 0.496344 0.497396 0.495430 0.498047 0.494516 0.498698 0.494516 0.499349 0.495430 0.500000 0.494516 0.500651 0.494516 0.501302 0.493601 0.501953 0.492687 0.502604 0.492687 0.503255 0.492687 0.503906 0.493601 0.504557 0.493601 0.505208 0.493601 0.505859 0.494516 0.506510 0.494516 0.507161 0.493601 0.507812 0.493601 0.508464 0.493601 0.509115 0.492687 0.509115 0.491773 0.509115 0.490859 0.509115 0.489945 0.508464 0.489945 0.507812 0.489031 0.507161 0.488117 0.507161 0.487203 0.506510 0.487203 0.505859 0.487203 0.505208 0.486289 0.504557 0.485375 0.503906 0.485375 0.503255 0.485375 0.502604 0.485375 0.501953 0.484461 0.501302 0.483547 0.501302 0.482633 0.500651 0.481718 0.500000 0.480804 0.499349 0.479890 0.498698 0.479890 0.498047 0.479890
0 0.216797 0.479890 0.216146 0.480804 0.215495 0.481718 0.215495 0.482633 0.215495 0.483547 0.216146 0.484461 0.216797 0.485375 0.216797 0.486289 0.217448 0.487203 0.217448 0.488117 0.218099 0.487203 0.218750 0.488117 0.219401 0.489031 0.220052 0.489945 0.220703 0.490859 0.220052 0.491773 0.219401 0.492687 0.218750 0.493601 0.218099 0.492687 0.217448 0.493601 0.216797 0.493601 0.216146 0.494516 0.215495 0.494516 0.215495 0.495430 0.214844 0.496344 0.214844 0.497258 0.215495 0.498172 0.215495 0.499086 0.216146 0.499086 0.216797 0.500000 0.217448 0.500914 0.218099 0.500914 0.218750 0.500914 0.219401 0.501828 0.220052 0.501828 0.220703 0.502742 0.221354 0.502742 0.222005 0.503656 0.222656 0.504570 0.223307 0.505484 0.223958 0.505484 0.224609 0.506399 0.225260 0.506399 0.225911 0.507313 0.226562 0.508227 0.227214 0.509141 0.227214 0.510055 0.227865 0.510969 0.227865 0.511883 0.227865 0.512797 0.228516 0.513711 0.228516 0.514625 0.228516 0.515539 0.229167 0.516453 0.229167 0.517367 0.229167 0.518282 0.228516 0.519196 0.229167 0.520110 0.228516 0.521024 0.228516 0.521938 0.229167 0.522852 0.229167 0.523766 0.229818 0.524680 0.229818 0.525594 0.229818 0.526508 0.229818 0.527422 0.230469 0.528336 0.230469 0.529250 0.230469 0.530165 0.230469 0.531079 0.230469 0.531993 0.229818 0.532907 0.230469 0.533821 0.229818 0.534735 0.229818 0.535649 0.229167 0.536563 0.229818 0.537477 0.229167 0.538391 0.229167 0.539305 0.229167 0.540219 0.229818 0.541133 0.229818 0.542048 0.229167 0.542962 0.228516 0.543876 0.228516 0.544790 0.228516 0.545704 0.227865 0.546618 0.228516 0.547532 0.227865 0.548446 0.227865 0.549360 0.228516 0.550274 0.228516 0.551188 0.228516 0.552102 0.229167 0.553016 0.229818 0.553931 0.229167 0.554845 0.229818 0.555759 0.229818 0.556673 0.229818 0.557587 0.230469 0.558501 0.231120 0.559415 0.231120 0.560329 0.231771 0.561243 0.231771 0.562157 0.231771 0.563071 0.231771 0.563985 0.231771 0.564899 0.232422 0.565814 0.231771 0.566728 0.231771 0.567642 0.231120 0.568556 0.230469 0.569470 0.229818 0.570384 0.229167 0.569470 0.228516 0.569470 0.227865 0.568556 0.227214 0.567642 0.227214 0.566728 0.226562 0.565814 0.225911 0.564899 0.225911 0.563985 0.225911 0.563071 0.225260 0.562157 0.225260 0.561243 0.224609 0.560329 0.223958 0.559415 0.223307 0.558501 0.223307 0.557587 0.222656 0.556673 0.222005 0.555759 0.221354 0.554845 0.221354 0.553931 0.220703 0.553016 0.220703 0.552102 0.220052 0.551188 0.220052 0.550274 0.220052 0.549360 0.220052 0.548446 0.219401 0.547532 0.219401 0.546618 0.219401 0.545704 0.219401 0.544790 0.219401 0.543876 0.219401 0.542962 0.219401 0.542048 0.219401 0.541133 0.219401 0.540219 0.218750 0.539305 0.218099 0.538391 0.218099 0.537477 0.217448 0.536563 0.216797 0.535649 0.216146 0.535649 0.215495 0.535649 0.214844 0.534735 0.214193 0.533821 0.213542 0.532907 0.212891 0.531993 0.212240 0.531079 0.211589 0.530165 0.210938 0.529250 0.210286 0.528336 0.209635 0.527422 0.209635 0.526508 0.208984 0.525594 0.208984 0.524680 0.208984 0.523766 0.208984 0.522852 0.208984 0.521938 0.208984 0.521024 0.208333 0.520110 0.208333 0.519196 0.207682 0.518282 0.207031 0.517367 0.207682 0.516453 0.207031 0.517367 0.206380 0.516453 0.205729 0.515539 0.206380 0.514625 0.205729 0.513711 0.205078 0.512797 0.205078 0.511883 0.204427 0.510969 0.204427 0.510055 0.204427 0.509141 0.203776 0.509141 0.203125 0.508227 0.202474 0.507313 0.201823 0.508227 0.201172 0.507313 0.200521 0.508227 0.199870 0.507313 0.199219 0.507313 0.198568 0.507313 0.197917 0.508227 0.197266 0.508227 0.196615 0.509141 0.195964 0.509141 0.195312 0.510055 0.194661 0.510969 0.195312 0.511883 0.194661 0.512797 0.194010 0.513711 0.194010 0.514625 0.193359 0.515539 0.194010 0.516453 0.194010 0.517367 0.194010 0.518282 0.194010 0.519196 0.193359 0.520110 0.194010 0.521024 0.194010 0.521938 0.193359 0.522852 0.193359 0.523766 0.194010 0.524680 0.194661 0.525594 0.195312 0.525594 0.195964 0.526508 0.196615 0.526508 0.197266 0.527422 0.197917 0.527422 0.198568 0.527422 0.199219 0.528336 0.199870 0.529250 0.199870 0.530165 0.199219 0.531079 0.199870 0.531993 0.199870 0.532907 0.199219 0.533821 0.199870 0.533821 0.200521 0.534735 0.201172 0.535649 0.201823 0.535649 0.202474 0.534735 0.203125 0.534735 0.203776 0.535649 0.204427 0.536563 0.204427 0.537477 0.203776 0.538391 0.203125 0.539305 0.203125 0.540219 0.202474 0.541133 0.201823 0.542048 0.201823 0.542962 0.202474 0.543876 0.202474 0.544790 0.202474 0.545704 0.203125 0.545704 0.203776 0.545704 0.204427 0.545704 0.205078 0.546618 0.205729 0.546618 0.206380 0.545704 0.207031 0.545704 0.207682 0.544790 0.208333 0.543876 0.208984 0.542962 0.209635 0.542962 0.210286 0.542962 0.210938 0.542048 0.211589 0.542962 0.212240 0.542962 0.212891 0.543876 0.213542 0.544790 0.212891 0.545704 0.212240 0.546618 0.212240 0.547532 0.211589 0.548446 0.212240 0.549360 0.211589 0.550274 0.212240 0.551188 0.212240 0.552102 0.212891 0.553016 0.213542 0.553931 0.214193 0.553016 0.214844 0.553931 0.215495 0.554845 0.216146 0.555759 0.216146 0.556673 0.216146 0.557587 0.216797 0.558501 0.217448 0.559415 0.216797 0.560329 0.217448 0.561243 0.218099 0.562157 0.218750 0.563071 0.219401 0.563985 0.219401 0.564899 0.220052 0.564899 0.220703 0.564899 0.221354 0.565814 0.222005 0.566728 0.222656 0.567642 0.223307 0.568556 0.222656 0.569470 0.223307 0.570384 0.222656 0.571298 0.223307 0.572212 0.223958 0.573126 0.224609 0.574040 0.225260 0.574040 0.225911 0.574040 0.226562 0.574954 0.227214 0.575868 0.227865 0.576782 0.228516 0.577697 0.229167 0.578611 0.229167 0.579525 0.228516 0.580439 0.229167 0.581353 0.229167 0.582267 0.229167 0.583181 0.229818 0.584095 0.229167 0.585009 0.229818 0.585923 0.229818 0.586837 0.230469 0.587751 0.230469 0.588665 0.229818 0.589580 0.229167 0.590494 0.228516 0.591408 0.228516 0.592322 0.227865 0.593236 0.227865 0.594150 0.228516 0.595064 0.227865 0.595978 0.227214 0.596892 0.226562 0.595978 0.225911 0.595064 0.225260 0.594150 0.224609 0.593236 0.224609 0.592322 0.223958 0.591408 0.223307 0.590494 0.222656 0.589580 0.222656 0.588665 0.222005 0.588665 0.221354 0.587751 0.220703 0.586837 0.220052 0.587751 0.219401 0.586837 0.218750 0.586837 0.218099 0.586837 0.217448 0.587751 0.216797 0.587751 0.216146 0.587751 0.216146 0.588665 0.216146 0.589580 0.216146 0.590494 0.215495 0.591408 0.215495 0.592322 0.215495 0.593236 0.216146 0.594150 0.216146 0.595064 0.216146 0.595978 0.216146 0.596892 0.216797 0.595978 0.217448 0.595978 0.218099 0.596892 0.218750 0.596892 0.219401 0.597806 0.220052 0.596892 0.220703 0.597806 0.221354 0.598720 0.222005 0.599634 0.222656 0.599634 0.223307 0.600548 0.223958 0.599634 0.224609 0.600548 0.225260 0.600548 0.225911 0.600548 0.226562 0.600548 0.227214 0.601463 0.227865 0.602377 0.228516 0.602377 0.229167 0.603291 0.229818 0.603291 0.230469 0.604205 0.231120 0.605119 0.231771 0.605119 0.232422 0.606033 0.233073 0.606947 0.233724 0.607861 0.233724 0.608775 0.233724 0.609689 0.233073 0.610603 0.233724 0.611517 0.233073 0.612431 0.233073 0.613346 0.233073 0.614260 0.233073 0.615174 0.233724 0.616088 0.234375 0.617002 0.235026 0.617916 0.235677 0.618830 0.236328 0.618830 0.236979 0.619744 0.237630 0.620658 0.236979 0.621572 0.236979 0.622486 0.236979 0.623400 0.237630 0.624314 0.236979 0.625229 0.237630 0.626143 0.236979 0.627057 0.237630 0.627971 0.237630 0.628885 0.236979 0.629799 0.237630 0.628885 0.238281 0.629799 0.238932 0.630713 0.238932 0.631627 0.239583 0.632541 0.238932 0.633455 0.239583 0.634369 0.240234 0.635283 0.240234 0.636197 0.240885 0.636197 0.241536 0.636197 0.242188 0.635283 0.242839 0.634369 0.243490 0.634369 0.244141 0.633455 0.244792 0.633455 0.245443 0.633455 0.246094 0.633455 0.246745 0.633455 0.247396 0.633455 0.248047 0.634369 0.248698 0.635283 0.249349 0.635283 0.250000 0.635283 0.250651 0.635283 0.251302 0.635283 0.251953 0.636197 0.252604 0.635283 0.253255 0.636197 0.253906 0.636197 0.254557 0.636197 0.255208 0.635283 0.255859 0.636197 0.256510 0.635283 0.257161 0.636197 0.257812 0.635283 0.258464 0.636197 0.258464 0.635283 0.259115 0.634369 0.259766 0.633455 0.260417 0.633455 0.259766 0.632541 0.260417 0.631627 0.260417 0.630713 0.259766 0.629799 0.259766 0.628885 0.259115 0.627971 0.258464 0.627057 0.257812 0.626143 0.257161 0.626143 0.256510 0.627057 0.255859 0.627057 0.255208 0.626143 0.254557 0.627057 0.253906 0.627971 0.253255 0.627971 0.252604 0.628885 0.251953 0.629799 0.251302 0.629799 0.250651 0.629799 0.250000 0.630713 0.249349 0.630713 0.248698 0.630713 0.248047 0.630713 0.247396 0.629799 0.246745 0.629799 0.246094 0.628885 0.245443 0.628885 0.244792 0.628885 0.244141 0.629799 0.243490 0.629799 0.242839 0.630713 0.242188 0.631627 0.241536 0.630713 0.240885 0.630713 0.240234 0.630713 0.239583 0.629799 0.238932 0.628885 0.239583 0.627971 0.239583 0.627057 0.239583 0.626143 0.239583 0.625229 0.240234 0.624314 0.239583 0.623400 0.240234 0.622486 0.240234 0.621572 0.240885 0.620658 0.240234 0.619744 0.240234 0.618830 0.240234 0.617916 0.240234 0.617002 0.240234 0.616088 0.239583 0.615174 0.238932 0.615174 0.238281 0.614260 0.237630 0.613346 0.236979 0.612431 0.236328 0.611517 0.236979 0.610603 0.236979 0.609689 0.236979 0.608775 0.237630 0.607861 0.238281 0.606947 0.238281 0.606033 0.238932 0.605119 0.238932 0.604205 0.239583 0.603291 0.240234 0.602377 0.240885 0.601463 0.241536 0.600548 0.242188 0.599634 0.242839 0.599634 0.242188 0.598720 0.242839 0.597806 0.243490 0.596892 0.243490 0.595978 0.244141 0.595064 0.244792 0.594150 0.245443 0.593236 0.246094 0.592322 0.246745 0.591408 0.247396 0.591408 0.248047 0.591408 0.248698 0.590494 0.249349 0.590494 0.249349 0.589580 0.250000 0.588665 0.250651 0.587751 0.251302 0.586837 0.251953 0.585923 0.252604 0.585923 0.251953 0.585009 0.252604 0.584095 0.252604 0.583181 0.251953 0.582267 0.251953 0.581353 0.251953 0.580439 0.251302 0.580439 0.250651 0.579525 0.250000 0.579525 0.249349 0.579525 0.248698 0.579525 0.248047 0.579525 0.247396 0.580439 0.246745 0.581353 0.246094 0.582267 0.246094 0.583181 0.245443 0.584095 0.245443 0.585009 0.244792 0.585923 0.244792 0.586837 0.244141 0.587751 0.243490 0.588665 0.242839 0.588665 0.242188 0.589580 0.241536 0.590494 0.240885 0.590494 0.240885 0.591408 0.240234 0.592322 0.240234 0.593236 0.239583 0.594150 0.239583 0.595064 0.239583 0.595978 0.238932 0.596892 0.239583 0.597806 0.238932 0.598720 0.238932 0.599634 0.238932 0.600548 0.238281 0.601463 0.237630 0.602377 0.236979 0.602377 0.236328 0.603291 0.235677 0.602377 0.235026 0.602377 0.234375 0.602377 0.233724 0.601463 0.233073 0.600548 0.232422 0.599634 0.231771 0.598720 0.231120 0.597806 0.231771 0.596892 0.231771 0.595978 0.232422 0.595064 0.233073 0.594150 0.233073 0.593236 0.233073 0.592322 0.233073 0.591408 0.233724 0.590494 0.233724 0.589580 0.233724 0.588665 0.233724 0.587751 0.234375 0.586837 0.233724 0.585923 0.234375 0.585009 0.233724 0.584095 0.233724 0.583181 0.233073 0.582267 0.233724 0.581353 0.234375 0.580439 0.235026 0.580439 0.235677 0.579525 0.236328 0.579525 0.236979 0.578611 0.237630 0.578611 0.238281 0.577697 0.238932 0.578611 0.239583 0.577697 0.240234 0.576782 0.240234 0.575868 0.240234 0.574954 0.239583 0.574040 0.239583 0.573126 0.238932 0.572212 0.238281 0.572212 0.237630 0.572212 0.236979 0.572212 0.236328 0.572212 0.235677 0.572212 0.235026 0.572212 0.234375 0.572212 0.233724 0.571298 0.233073 0.570384 0.232422 0.569470 0.233073 0.568556 0.233724 0.567642 0.234375 0.567642 0.235026 0.566728 0.235677 0.566728 0.236328 0.565814 0.236979 0.566728 0.237630 0.566728 0.238281 0.565814 0.238932 0.565814 0.238281 0.564899 0.238932 0.563985 0.239583 0.563071 0.240234 0.562157 0.240885 0.561243 0.241536 0.560329 0.242188 0.561243 0.242839 0.560329 0.243490 0.560329 0.244141 0.560329 0.244792 0.560329 0.245443 0.559415 0.246094 0.558501 0.246094 0.557587 0.246094 0.556673 0.246094 0.555759 0.246745 0.554845 0.246094 0.553931 0.246745 0.553016 0.246094 0.552102 0.245443 0.551188 0.244792 0.550274 0.244141 0.549360 0.243490 0.549360 0.242839 0.549360 0.242188 0.550274 0.241536 0.549360 0.240885 0.549360 0.240234 0.550274 0.239583 0.550274 0.238932 0.550274 0.238281 0.551188 0.237630 0.552102 0.237630 0.553016 0.236979 0.553931 0.236328 0.554845 0.235677 0.555759 0.235026 0.556673 0.234375 0.555759 0.233724 0.554845 0.233073 0.553931 0.233073 0.553016 0.233073 0.552102 0.232422 0.551188 0.233073 0.550274 0.233073 0.549360 0.233073 0.548446 0.233724 0.547532 0.233724 0.546618 0.233724 0.545704 0.233724 0.544790 0.233724 0.543876 0.234375 0.542962 0.233724 0.542048 0.234375 0.541133 0.235026 0.540219 0.235026 0.539305 0.235026 0.538391 0.235026 0.537477 0.235677 0.536563 0.236328 0.535649 0.236328 0.534735 0.236328 0.533821 0.236328 0.532907 0.236979 0.531993 0.236328 0.531079 0.236979 0.530165 0.237630 0.529250 0.238281 0.529250 0.238932 0.528336 0.238932 0.527422 0.239583 0.526508 0.240234 0.525594 0.240885 0.525594 0.240885 0.524680 0.241536 0.523766 0.242188 0.522852 0.242839 0.523766 0.243490 0.523766 0.244141 0.523766 0.244792 0.523766 0.245443 0.523766 0.246094 0.522852 0.246745 0.522852 0.247396 0.521938 0.248047 0.521024 0.248047 0.520110 0.247396 0.519196 0.247396 0.518282 0.248047 0.517367 0.248047 0.516453 0.247396 0.515539 0.246745 0.514625 0.246745 0.513711 0.246094 0.512797 0.245443 0.512797 0.244792 0.512797 0.244141 0.511883 0.243490 0.510969 0.242839 0.510969 0.242188 0.510969 0.241536 0.511883 0.240885 0.511883 0.240234 0.512797 0.239583 0.513711 0.238932 0.514625 0.238281 0.515539 0.237630 0.516453 0.236979 0.517367 0.236328 0.518282 0.235677 0.519196 0.235026 0.520110 0.234375 0.519196 0.233724 0.518282 0.233073 0.517367 0.233073 0.516453 0.233073 0.515539 0.232422 0.514625 0.233073 0.513711 0.233073 0.512797 0.233724 0.511883 0.234375 0.510969 0.235026 0.510969 0.235677 0.510055 0.236328 0.510055 0.236979 0.510055 0.237630 0.510055 0.238281 0.509141 0.238281 0.508227 0.238281 0.507313 0.237630 0.506399 0.236979 0.506399 0.236328 0.506399 0.235677 0.507313 0.235026 0.507313 0.234375 0.507313 0.233724 0.507313 0.233073 0.507313 0.232422 0.506399 0.231771 0.506399 0.231120 0.505484 0.230469 0.504570 0.230469 0.503656 0.229818 0.503656 0.229167 0.502742 0.228516 0.501828 0.227865 0.500914 0.227865 0.500000 0.227214 0.499086 0.226562 0.499086 0.225911 0.498172 0.225260 0.497258 0.224609 0.496344 0.223958 0.496344 0.223307 0.495430 0.222656 0.494516 0.222656 0.493601 0.222656 0.492687 0.223307 0.491773 0.223958 0.490859 0.224609 0.490859 0.225260 0.491773 0.225911 0.490859 0.226562 0.490859 0.227214 0.490859 0.227865 0.490859 0.228516 0.491773 0.229167 0.492687 0.229818 0.493601 0.230469 0.494516 0.231120 0.495430 0.231771 0.496344 0.231771 0.497258 0.232422 0.498172 0.232422 0.499086 0.232422 0.500000 0.233073 0.500914 0.233724 0.500914 0.234375 0.501828 0.235026 0.500914 0.235677 0.500000 0.236328 0.500000 0.236979 0.500000 0.237630 0.500000 0.238281 0.499086 0.238932 0.500000 0.239583 0.499086 0.240234 0.498172 0.240885 0.499086 0.241536 0.498172 0.242188 0.498172 0.242839 0.498172 0.243490 0.498172 0.244141 0.498172 0.244792 0.497258 0.245443 0.497258 0.246094 0.496344 0.246745 0.496344 0.247396 0.495430 0.248047 0.495430 0.248698 0.494516 0.249349 0.494516 0.250000 0.493601 0.250651 0.492687 0.251302 0.491773 0.251953 0.492687 0.252604 0.491773 0.253255 0.490859 0.253255 0.489945 0.253906 0.489031 0.254557 0.488117 0.253906 0.487203 0.254557 0.486289 0.253906 0.485375 0.253906 0.484461 0.253255 0.483547 0.252604 0.483547 0.251953 0.483547 0.251302 0.482633 0.250651 0.481718 0.250000 0.481718 0.249349 0.481718 0.248698 0.482633 0.248047 0.481718 0.247396 0.482633 0.246745 0.483547 0.246094 0.483547 0.245443 0.484461 0.244792 0.484461 0.244792 0.485375 0.244141 0.486289 0.243490 0.487203 0.242839 0.487203 0.242188 0.488117 0.241536 0.488117 0.240885 0.489031 0.240234 0.489031 0.240234 0.489945 0.239583 0.490859 0.238932 0.491773 0.239583 0.492687 0.238932 0.493601 0.238281 0.494516 0.237630 0.494516 0.236979 0.495430 0.236328 0.495430 0.235677 0.495430 0.235026 0.494516 0.234375 0.493601 0.234375 0.492687 0.234375 0.491773 0.234375 0.490859 0.235026 0.489945 0.235026 0.489031 0.235677 0.488117 0.236328 0.487203 0.235677 0.486289 0.236328 0.485375 0.235677 0.484461 0.235026 0.484461 0.234375 0.484461 0.233724 0.484461 0.233073 0.485375 0.232422 0.486289 0.231771 0.486289 0.231120 0.487203 0.230469 0.487203 0.229818 0.487203 0.229167 0.487203 0.228516 0.488117 0.227865 0.488117 0.227214 0.488117 0.226562 0.488117 0.225911 0.487203 0.225260 0.486289 0.225260 0.485375 0.224609 0.484461 0.223958 0.483547 0.223307 0.483547 0.222656 0.482633 0.222005 0.481718 0.221354 0.480804 0.220703 0.480804 0.220052 0.479890 0.219401 0.479890 0.218750 0.479890 0.218099 0.479890 0.217448 0.479890
0 0.948568 0.474406 0.947917 0.475320 0.947266 0.475320 0.946615 0.476234 0.946615 0.477148 0.946615 0.478062 0.945964 0.478976 0.945964 0.479890 0.945964 0.480804 0.945964 0.481718 0.945312 0.482633 0.945964 0.483547 0.946615 0.484461 0.945964 0.485375 0.946615 0.484461 0.947266 0.485375 0.947917 0.486289 0.948568 0.487203 0.949219 0.487203 0.949870 0.488117 0.950521 0.489031 0.951172 0.489945 0.951823 0.489945 0.952474 0.489945 0.953125 0.489945 0.953776 0.490859 0.954427 0.491773 0.955078 0.491773 0.955729 0.491773 0.956380 0.492687 0.957031 0.492687 0.957682 0.492687 0.958333 0.491773 0.958984 0.492687 0.959635 0.493601 0.960286 0.492687 0.960938 0.493601 0.961589 0.494516 0.961589 0.495430 0.962240 0.496344 0.961589 0.497258 0.961589 0.498172 0.961589 0.499086 0.961589 0.500000 0.961589 0.500914 0.962240 0.501828 0.962240 0.502742 0.962891 0.503656 0.962891 0.504570 0.962240 0.505484 0.962891 0.506399 0.962240 0.507313 0.961589 0.508227 0.960938 0.509141 0.960286 0.509141 0.959635 0.509141 0.958984 0.509141 0.958333 0.510055 0.957682 0.510055 0.957031 0.510055 0.956380 0.510969 0.956380 0.511883 0.956380 0.512797 0.956380 0.513711 0.956380 0.514625 0.957031 0.514625 0.957682 0.515539 0.958333 0.514625 0.958984 0.515539 0.959635 0.516453 0.960286 0.515539 0.960938 0.516453 0.961589 0.517367 0.961589 0.518282 0.961589 0.519196 0.961589 0.520110 0.961589 0.521024 0.960938 0.521938 0.961589 0.522852 0.961589 0.523766 0.962240 0.523766 0.962891 0.524680 0.963542 0.525594 0.963542 0.526508 0.964193 0.527422 0.964844 0.527422 0.965495 0.528336 0.966146 0.529250 0.966146 0.530165 0.966797 0.531079 0.966797 0.531993 0.967448 0.532907 0.967448 0.533821 0.966797 0.534735 0.966146 0.535649 0.966797 0.536563 0.967448 0.537477 0.968099 0.538391 0.968099 0.539305 0.967448 0.540219 0.968099 0.539305 0.968750 0.539305 0.969401 0.540219 0.970052 0.541133 0.970703 0.540219 0.971354 0.541133 0.971354 0.540219 0.972005 0.539305 0.972656 0.538391 0.972005 0.537477 0.972005 0.536563 0.972656 0.535649 0.973307 0.535649 0.973958 0.535649 0.974609 0.536563 0.975260 0.535649 0.975911 0.536563 0.976562 0.535649 0.977214 0.536563 0.977865 0.535649 0.978516 0.535649 0.979167 0.534735 0.979818 0.534735 0.980469 0.535649 0.981120 0.534735 0.981771 0.533821 0.981120 0.532907 0.981771 0.531993 0.982422 0.531079 0.983073 0.530165 0.983724 0.529250 0.983073 0.528336 0.982422 0.527422 0.982422 0.526508 0.981771 0.525594 0.981120 0.524680 0.980469 0.524680 0.979818 0.524680 0.979167 0.524680 0.978516 0.524680 0.977865 0.525594 0.977214 0.524680 0.977214 0.525594 0.976562 0.526508 0.975911 0.527422 0.975911 0.528336 0.975260 0.529250 0.974609 0.530165 0.974609 0.531079 0.974609 0.531993 0.973958 0.532907 0.973958 0.533821 0.973307 0.534735 0.972656 0.535649 0.972005 0.536563 0.971354 0.536563 0.970703 0.535649 0.970052 0.534735 0.970703 0.533821 0.970052 0.533821 0.969401 0.532907 0.968750 0.531993 0.969401 0.531079 0.970052 0.530165 0.969401 0.529250 0.969401 0.528336 0.968750 0.527422 0.968099 0.526508 0.968750 0.525594 0.969401 0.524680 0.970052 0.524680 0.970052 0.523766 0.970052 0.522852 0.970052 0.521938 0.970052 0.521024 0.970052 0.520110 0.969401 0.520110 0.968750 0.519196 0.968099 0.518282 0.967448 0.517367 0.966797 0.516453 0.967448 0.515539 0.968099 0.514625 0.968750 0.513711 0.969401 0.513711 0.970052 0.512797 0.970703 0.511883 0.971354 0.511883 0.971354 0.510969 0.971354 0.510055 0.972005 0.509141 0.971354 0.508227 0.970703 0.507313 0.970052 0.507313 0.969401 0.506399 0.968750 0.506399 0.968099 0.505484 0.967448 0.504570 0.966797 0.503656 0.966797 0.502742 0.967448 0.501828 0.968099 0.500914 0.968750 0.500000 0.969401 0.499086 0.970052 0.500000 0.970703 0.499086 0.970703 0.498172 0.971354 0.497258 0.971354 0.496344 0.970703 0.496344 0.970052 0.496344 0.969401 0.496344 0.968750 0.496344 0.968099 0.495430 0.967448 0.494516 0.966797 0.493601 0.966797 0.492687 0.967448 0.491773 0.968099 0.490859 0.968750 0.489945 0.969401 0.489945 0.970052 0.489031 0.970703 0.489031 0.971354 0.489031 0.972005 0.489031 0.972656 0.489031 0.973307 0.488117 0.973958 0.489031 0.974609 0.489031 0.975260 0.489031 0.975911 0.489945 0.976562 0.489031 0.977214 0.489031 0.977865 0.488117 0.978516 0.487203 0.979167 0.487203 0.979818 0.486289 0.980469 0.486289 0.981120 0.485375 0.981771 0.485375 0.982422 0.485375 0.983073 0.484461 0.983073 0.483547 0.983724 0.482633 0.983724 0.481718 0.983073 0.480804 0.983724 0.479890 0.983073 0.478976 0.982422 0.478062 0.982422 0.477148 0.981771 0.477148 0.981120 0.477148 0.980469 0.476234 0.979818 0.476234 0.979167 0.475320 0.978516 0.475320 0.977865 0.476234 0.977214 0.477148 0.976562 0.477148 0.975911 0.477148 0.975260 0.478062 0.974609 0.478976 0.973958 0.479890 0.973307 0.478976 0.973307 0.479890 0.972656 0.480804 0.972656 0.481718 0.972005 0.482633 0.971354 0.483547 0.970703 0.483547 0.970703 0.484461 0.970703 0.485375 0.970052 0.486289 0.969401 0.487203 0.968750 0.486289 0.968099 0.487203 0.967448 0.487203 0.966797 0.487203 0.966146 0.488117 0.965495 0.488117 0.964844 0.488117 0.964193 0.489031 0.963542 0.489945 0.962891 0.489945 0.962240 0.490859 0.961589 0.490859 0.960938 0.489945 0.960286 0.489945 0.959635 0.489031 0.958984 0.488117 0.958984 0.487203 0.958333 0.486289 0.958333 0.485375 0.957682 0.485375 0.957031 0.484461 0.956380 0.483547 0.955729 0.482633 0.955729 0.481718 0.955078 0.480804 0.954427 0.479890 0.955078 0.478976 0.954427 0.478976 0.953776 0.478062 0.953125 0.477148 0.953776 0.476234 0.953125 0.477148 0.952474 0.476234 0.951823 0.475320 0.951823 0.474406 0.951172 0.475320 0.950521 0.474406 0.949870 0.474406 0.949219 0.474406
0 0.503255 0.467093 0.502604 0.468007 0.501953 0.468007 0.501302 0.468007 0.500651 0.468921 0.500000 0.468921 0.499349 0.469835 0.498698 0.470750 0.498047 0.471664 0.498047 0.472578 0.498698 0.472578 0.499349 0.472578 0.500000 0.473492 0.500651 0.473492 0.501302 0.474406 0.501953 0.474406 0.502604 0.475320 0.503255 0.476234 0.503906 0.475320 0.503906 0.474406 0.504557 0.473492 0.505208 0.472578 0.505208 0.471664 0.505208 0.470750 0.505208 0.469835 0.505208 0.468921 0.504557 0.468921 0.503906 0.468007
0 0.466797 0.466179 0.466797 0.467093 0.466146 0.468007 0.466797 0.468921 0.466146 0.469835 0.466797 0.470750 0.467448 0.471664 0.467448 0.472578 0.468099 0.473492 0.468750 0.474406 0.468099 0.475320 0.468099 0.476234 0.468099 0.477148 0.468750 0.478062 0.469401 0.478976 0.470052 0.478976 0.470703 0.479890 0.471354 0.478976 0.472005 0.478062 0.472656 0.477148 0.472005 0.476234 0.471354 0.475320 0.471354 0.474406 0.470703 0.473492 0.471354 0.472578 0.471354 0.471664 0.470703 0.470750 0.471354 0.469835 0.471354 0.468921 0.470703 0.468007 0.470052 0.468007 0.469401 0.468007 0.468750 0.467093 0.468099 0.466179 0.467448 0.466179
0 0.457031 0.463437 0.456380 0.464351 0.455729 0.465265 0.455078 0.466179 0.454427 0.466179 0.453776 0.467093 0.453125 0.468007 0.452474 0.468007 0.451823 0.468007 0.451172 0.467093 0.450521 0.467093 0.449870 0.468007 0.449870 0.468921 0.449219 0.469835 0.449870 0.470750 0.449870 0.471664 0.450521 0.472578 0.451172 0.473492 0.451823 0.474406 0.451172 0.475320 0.450521 0.476234 0.449870 0.477148 0.449219 0.478062 0.448568 0.477148 0.447917 0.476234 0.447917 0.475320 0.447266 0.475320 0.446615 0.475320 0.445964 0.474406 0.445312 0.473492 0.444661 0.474406 0.444010 0.474406 0.443359 0.475320 0.443359 0.476234 0.443359 0.477148 0.443359 0.478062 0.443359 0.478976 0.443359 0.479890 0.442708 0.480804 0.443359 0.480804 0.444010 0.481718 0.444661 0.482633 0.445312 0.483547 0.445964 0.483547 0.446615 0.484461 0.447266 0.484461 0.447917 0.484461 0.448568 0.483547 0.449219 0.483547 0.449870 0.483547 0.450521 0.483547 0.451172 0.483547 0.451823 0.482633 0.452474 0.482633 0.453125 0.482633 0.453776 0.482633 0.454427 0.483547 0.455078 0.483547 0.455729 0.484461 0.456380 0.485375 0.456380 0.486289 0.457031 0.486289 0.457682 0.487203 0.458333 0.488117 0.458984 0.489031 0.459635 0.489945 0.459635 0.490859 0.458984 0.491773 0.458333 0.492687 0.457682 0.492687 0.457031 0.493601 0.457682 0.494516 0.457031 0.495430 0.456380 0.496344 0.456380 0.497258 0.455729 0.498172 0.455078 0.499086 0.454427 0.500000 0.455078 0.500914 0.455729 0.500914 0.456380 0.500914 0.457031 0.500914 0.457682 0.501828 0.458333 0.502742 0.458984 0.503656 0.458984 0.504570 0.458333 0.505484 0.458984 0.506399 0.458333 0.507313 0.458333 0.508227 0.457682 0.509141 0.457682 0.510055 0.457682 0.510969 0.458333 0.511883 0.458333 0.512797 0.458984 0.513711 0.459635 0.514625 0.460286 0.514625 0.460938 0.514625 0.461589 0.514625 0.462240 0.514625 0.462891 0.513711 0.463542 0.513711 0.462891 0.512797 0.463542 0.511883 0.462891 0.510969 0.463542 0.510055 0.462891 0.509141 0.462891 0.508227 0.462240 0.507313 0.462240 0.506399 0.462891 0.505484 0.462891 0.504570 0.463542 0.503656 0.463542 0.502742 0.462891 0.501828 0.462891 0.500914 0.462891 0.500000 0.462891 0.499086 0.462891 0.498172 0.462891 0.497258 0.462891 0.496344 0.462891 0.495430 0.462240 0.494516 0.462240 0.493601 0.462240 0.492687 0.462240 0.491773 0.462240 0.490859 0.461589 0.489945 0.461589 0.489031 0.462240 0.488117 0.462240 0.487203 0.461589 0.486289 0.462240 0.485375 0.461589 0.484461 0.460938 0.483547 0.460286 0.483547 0.459635 0.482633 0.458984 0.481718 0.458984 0.480804 0.458333 0.479890 0.458333 0.478976 0.458333 0.478062 0.458984 0.477148 0.459635 0.476234 0.459635 0.475320 0.459635 0.474406 0.460286 0.473492 0.460938 0.472578 0.460286 0.471664 0.460286 0.470750 0.460286 0.469835 0.459635 0.468921 0.460286 0.468007 0.460286 0.467093 0.460286 0.466179 0.460286 0.465265 0.459635 0.464351 0.458984 0.464351 0.458333 0.463437 0.457682 0.464351
0 0.501302 0.455210 0.500651 0.456124 0.500000 0.456124 0.499349 0.457038 0.498698 0.457952 0.498047 0.457952 0.497396 0.457952 0.496745 0.457952 0.496094 0.457952 0.495443 0.457952 0.494792 0.458867 0.494792 0.459781 0.494141 0.460695 0.494792 0.461609 0.495443 0.462523 0.496094 0.462523 0.496745 0.461609 0.497396 0.462523 0.498047 0.462523 0.498698 0.461609 0.499349 0.461609 0.500000 0.462523 0.500651 0.463437 0.501302 0.462523 0.501953 0.462523 0.502604 0.463437 0.503255 0.463437 0.503906 0.463437 0.503906 0.462523 0.504557 0.461609 0.505208 0.460695 0.505208 0.459781 0.505859 0.458867 0.505208 0.457952 0.505208 0.457038 0.504557 0.457038 0.503906 0.457038 0.503255 0.456124 0.502604 0.456124 0.501953 0.455210
0 0.205729 0.452468 0.205078 0.453382 0.204427 0.453382 0.203776 0.453382 0.203125 0.454296 0.202474 0.454296 0.201823 0.454296 0.201172 0.455210 0.200521 0.456124 0.199870 0.457038 0.199870 0.457952 0.199870 0.458867 0.199870 0.459781 0.199870 0.460695 0.199870 0.461609 0.200521 0.462523 0.201172 0.463437 0.201823 0.464351 0.201823 0.465265 0.202474 0.466179 0.203125 0.467093 0.203776 0.468007 0.204427 0.468007 0.205078 0.468921 0.205729 0.468921 0.206380 0.468921 0.207031 0.468921 0.207682 0.468921 0.208333 0.468007 0.208984 0.468007 0.209635 0.468007 0.210286 0.468007 0.210938 0.468007 0.211589 0.468007 0.212240 0.468921 0.212891 0.468921 0.213542 0.468921 0.214193 0.469835 0.214844 0.469835 0.215495 0.470750 0.216146 0.471664 0.216797 0.471664 0.217448 0.472578 0.218099 0.472578 0.218750 0.473492 0.219401 0.474406 0.220052 0.474406 0.220703 0.475320 0.221354 0.475320 0.222005 0.475320 0.222656 0.476234 0.223307 0.477148 0.223958 0.477148 0.224609 0.477148 0.225260 0.477148 0.225911 0.477148 0.226562 0.477148 0.227214 0.476234 0.227865 0.476234 0.228516 0.476234 0.227865 0.475320 0.227865 0.474406 0.227214 0.473492 0.227865 0.472578 0.227214 0.471664 0.227865 0.470750 0.228516 0.469835 0.229167 0.468921 0.228516 0.468007 0.229167 0.467093 0.229167 0.466179 0.229167 0.465265 0.228516 0.464351 0.228516 0.463437 0.228516 0.462523 0.228516 0.461609 0.227865 0.460695 0.227865 0.459781 0.227214 0.458867 0.226562 0.458867 0.225911 0.457952 0.225260 0.457952 0.224609 0.458867 0.223958 0.459781 0.223307 0.460695 0.223307 0.461609 0.223307 0.462523 0.223958 0.463437 0.223958 0.464351 0.224609 0.465265 0.224609 0.466179 0.223958 0.467093 0.223307 0.468007 0.222656 0.467093 0.222005 0.466179 0.221354 0.465265 0.220703 0.464351 0.220052 0.464351 0.219401 0.463437 0.218750 0.462523 0.218099 0.461609 0.217448 0.460695 0.216797 0.460695 0.216146 0.460695 0.215495 0.459781 0.214844 0.458867 0.214193 0.457952 0.213542 0.457952 0.212891 0.457038 0.212240 0.456124 0.212240 0.455210 0.211589 0.455210 0.210938 0.455210 0.210286 0.454296 0.209635 0.454296 0.208984 0.453382 0.208333 0.453382 0.207682 0.452468 0.207031 0.453382 0.206380 0.453382
0 0.976562 0.422303 0.975911 0.423218 0.975260 0.424132 0.974609 0.424132 0.974609 0.425046 0.973958 0.425960 0.973307 0.426874 0.973307 0.427788 0.972656 0.428702 0.972656 0.429616 0.972005 0.430530 0.972656 0.431444 0.972656 0.432358 0.972005 0.433272 0.972005 0.434186 0.972005 0.435101 0.972005 0.436015 0.972005 0.436929 0.972005 0.437843 0.972656 0.438757 0.972656 0.439671 0.972656 0.440585 0.972005 0.441499 0.972005 0.442413 0.971354 0.443327 0.970703 0.444241 0.970052 0.443327 0.969401 0.444241 0.969401 0.445155 0.968750 0.446069 0.968750 0.446984 0.969401 0.447898 0.968750 0.448812 0.969401 0.449726 0.970052 0.450640 0.970703 0.450640 0.971354 0.451554 0.972005 0.450640 0.972656 0.450640 0.973307 0.450640 0.973958 0.450640 0.974609 0.450640 0.975260 0.450640 0.975911 0.449726 0.976562 0.450640 0.977214 0.451554 0.977865 0.451554 0.978516 0.452468 0.978516 0.451554 0.979167 0.450640 0.979818 0.449726 0.980469 0.450640 0.980469 0.449726 0.980469 0.448812 0.981120 0.447898 0.981120 0.446984 0.980469 0.446069 0.980469 0.445155 0.980469 0.444241 0.980469 0.443327 0.981120 0.442413 0.981120 0.441499 0.981120 0.440585 0.981771 0.439671 0.981120 0.438757 0.981771 0.437843 0.981771 0.436929 0.981771 0.436015 0.981771 0.435101 0.981120 0.434186 0.981120 0.433272 0.981120 0.432358 0.980469 0.431444 0.981120 0.430530 0.981120 0.429616 0.981120 0.428702 0.980469 0.427788 0.980469 0.426874 0.981120 0.425960 0.980469 0.425046 0.979818 0.424132 0.979167 0.423218 0.979167 0.422303 0.978516 0.423218 0.977865 0.423218 0.977214 0.423218
0 0.498698 0.414077 0.498047 0.414991 0.497396 0.415905 0.496745 0.414991 0.496094 0.415905 0.495443 0.415905 0.494792 0.416819 0.494141 0.417733 0.493490 0.417733 0.492839 0.418647 0.492188 0.419561 0.492188 0.420475 0.491536 0.421389 0.491536 0.422303 0.491536 0.423218 0.491536 0.424132 0.490885 0.425046 0.490885 0.425960 0.491536 0.426874 0.491536 0.427788 0.490885 0.428702 0.490234 0.429616 0.489583 0.429616 0.488932 0.429616 0.488281 0.429616 0.488281 0.430530 0.487630 0.431444 0.486979 0.432358 0.486328 0.433272 0.485677 0.434186 0.485026 0.435101 0.484375 0.435101 0.483724 0.434186 0.483073 0.433272 0.482422 0.432358 0.483073 0.431444 0.482422 0.430530 0.483073 0.429616 0.483073 0.428702 0.483073 0.427788 0.483724 0.426874 0.483073 0.426874 0.482422 0.426874 0.481771 0.426874 0.481771 0.427788 0.481120 0.428702 0.480469 0.429616 0.479818 0.430530 0.479167 0.431444 0.478516 0.430530 0.477865 0.429616 0.477865 0.428702 0.477214 0.427788 0.477214 0.426874 0.477865 0.425960 0.477214 0.426874 0.476562 0.425960 0.475911 0.425046 0.475911 0.424132 0.475260 0.423218 0.474609 0.422303 0.473958 0.421389 0.473307 0.421389 0.472656 0.421389 0.472005 0.420475 0.471354 0.420475 0.471354 0.421389 0.470703 0.422303 0.470703 0.423218 0.471354 0.424132 0.471354 0.425046 0.471354 0.425960 0.472005 0.425960 0.472656 0.426874 0.473307 0.427788 0.473307 0.428702 0.472656 0.429616 0.472656 0.430530 0.472005 0.431444 0.472656 0.432358 0.472005 0.433272 0.472656 0.434186 0.472656 0.435101 0.473307 0.436015 0.473958 0.435101 0.474609 0.435101 0.475260 0.436015 0.475911 0.435101 0.476562 0.434186 0.477214 0.435101 0.477865 0.435101 0.478516 0.435101 0.479167 0.434186 0.479818 0.435101 0.480469 0.435101 0.481120 0.436015 0.481771 0.436929 0.482422 0.437843 0.483073 0.438757 0.482422 0.439671 0.481771 0.440585 0.481120 0.440585 0.480469 0.440585 0.479818 0.439671 0.479167 0.438757 0.478516 0.439671 0.477865 0.439671 0.477214 0.440585 0.477865 0.440585 0.478516 0.441499 0.479167 0.442413 0.479818 0.441499 0.480469 0.442413 0.481120 0.443327 0.481771 0.444241 0.482422 0.445155 0.481771 0.446069 0.482422 0.446984 0.482422 0.447898 0.483073 0.448812 0.482422 0.449726 0.482422 0.450640 0.482422 0.451554 0.481771 0.452468 0.482422 0.453382 0.481771 0.454296 0.481120 0.455210 0.480469 0.455210 0.479818 0.456124 0.479167 0.457038 0.478516 0.457038 0.478516 0.457952 0.478516 0.458867 0.479167 0.459781 0.479818 0.459781 0.480469 0.460695 0.481120 0.460695 0.481771 0.460695 0.482422 0.459781 0.483073 0.458867 0.483724 0.458867 0.483724 0.457952 0.484375 0.457038 0.483724 0.456124 0.484375 0.455210 0.484375 0.454296 0.485026 0.453382 0.484375 0.452468 0.485026 0.451554 0.485677 0.450640 0.486328 0.449726 0.486979 0.448812 0.487630 0.448812 0.488281 0.449726 0.488932 0.448812 0.489583 0.448812 0.490234 0.448812 0.490885 0.449726 0.491536 0.448812 0.492188 0.449726 0.492839 0.449726 0.493490 0.449726 0.494141 0.449726 0.494792 0.449726 0.495443 0.448812 0.496094 0.449726 0.496745 0.449726 0.496745 0.448812 0.497396 0.447898 0.497396 0.446984 0.496745 0.446069 0.496094 0.445155 0.495443 0.444241 0.494792 0.443327 0.494141 0.444241 0.493490 0.445155 0.492839 0.446069 0.492188 0.446069 0.491536 0.446069 0.490885 0.446069 0.490234 0.446069 0.489583 0.446069 0.488932 0.445155 0.488281 0.446069 0.487630 0.446069 0.486979 0.446984 0.486328 0.447898 0.485677 0.446984 0.485026 0.446069 0.484375 0.445155 0.483724 0.444241 0.483073 0.443327 0.483724 0.442413 0.483073 0.441499 0.483724 0.440585 0.484375 0.439671 0.485026 0.438757 0.485677 0.437843 0.486328 0.437843 0.486979 0.436929 0.487630 0.436015 0.488281 0.435101 0.488932 0.434186 0.489583 0.434186 0.490234 0.434186 0.490885 0.435101 0.491536 0.436015 0.492188 0.436929 0.492839 0.436015 0.493490 0.436015 0.494141 0.436015 0.494792 0.436929 0.495443 0.436929 0.496094 0.436015 0.496745 0.436015 0.496745 0.435101 0.497396 0.434186 0.497396 0.433272 0.498047 0.432358 0.498698 0.431444 0.499349 0.431444 0.499349 0.430530 0.499349 0.429616 0.499349 0.428702 0.499349 0.427788 0.498698 0.426874 0.498698 0.425960 0.498047 0.425046 0.498698 0.424132 0.498047 0.423218 0.498698 0.422303 0.498698 0.421389 0.499349 0.420475 0.500000 0.419561 0.500000 0.418647 0.500000 0.417733 0.500651 0.416819 0.500000 0.416819 0.499349 0.415905 0.498698 0.414991
0 0.953125 0.406764 0.952474 0.407678 0.951823 0.408592 0.951823 0.409506 0.952474 0.410420 0.952474 0.411335 0.951823 0.412249 0.951823 0.413163 0.951823 0.414077 0.952474 0.414991 0.952474 0.415905 0.951823 0.416819 0.952474 0.417733 0.953125 0.418647 0.952474 0.419561 0.953125 0.420475 0.953776 0.421389 0.954427 0.422303 0.955078 0.423218 0.955729 0.424132 0.955729 0.425046 0.955729 0.425960 0.955729 0.426874 0.956380 0.427788 0.957031 0.428702 0.957031 0.429616 0.957682 0.430530 0.957031 0.431444 0.956380 0.432358 0.955729 0.433272 0.955078 0.432358 0.954427 0.431444 0.953776 0.430530 0.953125 0.429616 0.952474 0.428702 0.952474 0.427788 0.951823 0.427788 0.951172 0.427788 0.950521 0.426874 0.949870 0.426874 0.949219 0.425960 0.948568 0.425960 0.947917 0.426874 0.947266 0.426874 0.946615 0.426874 0.946615 0.427788 0.945964 0.428702 0.945964 0.429616 0.946615 0.430530 0.947266 0.431444 0.946615 0.432358 0.947266 0.433272 0.947266 0.434186 0.947266 0.435101 0.947917 0.434186 0.948568 0.434186 0.949219 0.435101 0.949870 0.436015 0.950521 0.436929 0.951172 0.436929 0.951823 0.436929 0.952474 0.437843 0.953125 0.438757 0.953776 0.438757 0.954427 0.438757 0.955078 0.439671 0.955729 0.438757 0.956380 0.439671 0.957031 0.440585 0.957031 0.441499 0.957682 0.442413 0.958333 0.443327 0.958333 0.444241 0.958333 0.445155 0.958333 0.446069 0.958333 0.446984 0.958984 0.447898 0.958984 0.448812 0.958984 0.449726 0.959635 0.450640 0.959635 0.451554 0.960286 0.452468 0.960938 0.453382 0.961589 0.454296 0.961589 0.455210 0.962240 0.456124 0.962240 0.457038 0.961589 0.457952 0.960938 0.458867 0.960286 0.457952 0.959635 0.457038 0.958984 0.456124 0.958333 0.456124 0.957682 0.455210 0.957031 0.455210 0.956380 0.454296 0.955729 0.453382 0.955078 0.453382 0.954427 0.453382 0.953776 0.453382 0.953125 0.453382 0.953125 0.454296 0.952474 0.455210 0.952474 0.456124 0.952474 0.457038 0.953125 0.457952 0.953776 0.458867 0.954427 0.459781 0.955078 0.460695 0.955729 0.459781 0.956380 0.460695 0.957031 0.460695 0.957682 0.461609 0.958333 0.461609 0.958984 0.461609 0.959635 0.462523 0.960286 0.462523 0.960938 0.463437 0.961589 0.463437 0.962240 0.464351 0.962891 0.465265 0.962240 0.466179 0.962891 0.467093 0.962891 0.468007 0.962891 0.468921 0.962891 0.469835 0.962891 0.470750 0.962891 0.471664 0.962891 0.472578 0.962240 0.473492 0.961589 0.474406 0.960938 0.474406 0.960286 0.475320 0.959635 0.475320 0.958984 0.475320 0.958333 0.476234 0.958333 0.477148 0.958333 0.478062 0.958984 0.478976 0.958984 0.479890 0.959635 0.478976 0.960286 0.479890 0.960938 0.480804 0.961589 0.480804 0.962240 0.481718 0.962891 0.481718 0.963542 0.481718 0.964193 0.482633 0.964844 0.481718 0.965495 0.480804 0.966146 0.479890 0.966797 0.478976 0.967448 0.478976 0.968099 0.478062 0.968099 0.477148 0.968750 0.476234 0.968750 0.475320 0.968750 0.474406 0.968750 0.473492 0.969401 0.472578 0.969401 0.471664 0.968750 0.470750 0.968750 0.469835 0.968750 0.468921 0.968750 0.468007 0.968750 0.467093 0.968099 0.466179 0.968750 0.465265 0.969401 0.464351 0.970052 0.463437 0.970703 0.463437 0.971354 0.462523 0.972005 0.462523 0.972656 0.462523 0.973307 0.463437 0.973958 0.462523 0.974609 0.463437 0.975260 0.463437 0.975911 0.463437 0.976562 0.463437 0.977214 0.462523 0.977865 0.462523 0.978516 0.461609 0.979167 0.462523 0.978516 0.461609 0.979167 0.460695 0.979818 0.459781 0.980469 0.459781 0.979818 0.458867 0.979167 0.457952 0.979167 0.457038 0.978516 0.456124 0.977865 0.456124 0.977214 0.456124 0.976562 0.456124 0.975911 0.456124 0.975260 0.456124 0.974609 0.457038 0.973958 0.457952 0.973307 0.457038 0.972656 0.457952 0.972005 0.457952 0.971354 0.458867 0.970703 0.458867 0.970052 0.457952 0.969401 0.457952 0.968750 0.457038 0.968099 0.456124 0.968099 0.455210 0.967448 0.454296 0.967448 0.453382 0.966797 0.452468 0.966146 0.452468 0.965495 0.451554 0.964844 0.450640 0.964844 0.449726 0.964844 0.448812 0.964193 0.447898 0.964193 0.446984 0.964193 0.446069 0.964193 0.445155 0.963542 0.444241 0.964193 0.443327 0.963542 0.442413 0.963542 0.441499 0.962891 0.440585 0.962240 0.439671 0.962240 0.438757 0.962891 0.437843 0.963542 0.436929 0.963542 0.436015 0.964193 0.435101 0.964193 0.434186 0.964193 0.433272 0.964193 0.432358 0.964193 0.431444 0.964193 0.430530 0.963542 0.429616 0.963542 0.428702 0.963542 0.427788 0.962891 0.426874 0.963542 0.425960 0.962891 0.425046 0.962891 0.424132 0.962240 0.423218 0.962891 0.422303 0.962240 0.421389 0.961589 0.420475 0.960938 0.419561 0.961589 0.418647 0.960938 0.417733 0.960938 0.416819 0.960938 0.415905 0.960286 0.414991 0.959635 0.414077 0.959635 0.413163 0.958984 0.412249 0.958984 0.411335 0.958333 0.410420 0.957682 0.409506 0.957031 0.409506 0.956380 0.408592 0.955729 0.407678 0.955078 0.406764 0.954427 0.407678 0.953776 0.407678
0 0.513021 0.379342 0.512370 0.380256 0.511719 0.380256 0.511068 0.380256 0.510417 0.380256 0.509766 0.380256 0.509115 0.381170 0.508464 0.380256 0.507812 0.381170 0.507161 0.381170 0.506510 0.382084 0.505859 0.381170 0.505208 0.382084 0.504557 0.382998 0.503906 0.383912 0.503255 0.384826 0.502604 0.385740 0.501953 0.385740 0.501302 0.386654 0.500651 0.386654 0.500651 0.387569 0.501302 0.388483 0.500651 0.389397 0.500000 0.390311 0.499349 0.389397 0.500000 0.390311 0.499349 0.391225 0.498698 0.392139 0.498698 0.393053 0.498698 0.393967 0.499349 0.394881 0.498698 0.395795 0.499349 0.394881 0.500000 0.394881 0.500651 0.394881 0.501302 0.393967 0.501953 0.394881 0.501953 0.393967 0.502604 0.393053 0.502604 0.392139 0.503255 0.391225 0.503906 0.390311 0.504557 0.390311 0.505208 0.389397 0.505859 0.390311 0.506510 0.389397 0.507161 0.389397 0.507812 0.388483 0.508464 0.388483 0.509115 0.388483 0.509766 0.388483 0.510417 0.389397 0.511068 0.388483 0.511719 0.388483 0.512370 0.387569 0.513021 0.387569 0.513672 0.387569 0.514323 0.386654 0.514974 0.385740 0.515625 0.386654 0.515625 0.385740 0.514974 0.384826 0.515625 0.383912 0.515625 0.382998 0.515625 0.382084 0.516276 0.381170 0.515625 0.381170 0.514974 0.380256 0.514323 0.381170 0.513672 0.380256
0 0.472656 0.374771 0.472005 0.375686 0.471354 0.376600 0.470703 0.376600 0.471354 0.377514 0.470703 0.378428 0.471354 0.379342 0.470703 0.380256 0.470703 0.381170 0.470052 0.382084 0.469401 0.382998 0.468750 0.383912 0.468750 0.384826 0.469401 0.385740 0.468750 0.386654 0.469401 0.387569 0.470052 0.386654 0.470703 0.387569 0.471354 0.387569 0.472005 0.388483 0.472005 0.387569 0.472656 0.386654 0.473307 0.385740 0.473958 0.386654 0.474609 0.387569 0.474609 0.388483 0.473958 0.389397 0.474609 0.389397 0.475260 0.390311 0.475911 0.391225 0.475260 0.392139 0.475260 0.393053 0.474609 0.393967 0.473958 0.394881 0.473307 0.395795 0.472656 0.394881 0.472005 0.394881 0.471354 0.393967 0.470703 0.393967 0.470052 0.393053 0.469401 0.393053 0.468750 0.393053 0.468099 0.393053 0.467448 0.392139 0.466797 0.393053 0.466146 0.393053 0.465495 0.393053 0.464844 0.393967 0.464193 0.393053 0.464193 0.393967 0.463542 0.394881 0.462891 0.395795 0.462240 0.394881 0.461589 0.395795 0.460938 0.396709 0.460286 0.397623 0.460286 0.398537 0.460938 0.399452 0.460938 0.400366 0.461589 0.401280 0.462240 0.402194 0.462891 0.401280 0.463542 0.401280 0.464193 0.402194 0.464844 0.402194 0.465495 0.402194 0.466146 0.401280 0.466797 0.401280 0.467448 0.401280 0.468099 0.400366 0.468750 0.400366 0.469401 0.400366 0.470052 0.400366 0.470703 0.399452 0.471354 0.399452 0.472005 0.398537 0.472656 0.398537 0.473307 0.397623 0.473958 0.398537 0.474609 0.398537 0.475260 0.398537 0.475911 0.398537 0.476562 0.399452 0.477214 0.400366 0.477214 0.401280 0.477214 0.402194 0.477214 0.403108 0.476562 0.404022 0.475911 0.404936 0.476562 0.405850 0.475911 0.406764 0.475260 0.407678 0.474609 0.407678 0.473958 0.407678 0.473307 0.407678 0.472656 0.408592 0.472005 0.407678 0.471354 0.407678 0.470703 0.408592 0.470052 0.409506 0.469401 0.409506 0.470052 0.410420 0.470703 0.411335 0.470703 0.412249 0.471354 0.413163 0.472005 0.414077 0.472656 0.413163 0.473307 0.414077 0.473958 0.414077 0.474609 0.414077 0.475260 0.414077 0.475911 0.414077 0.476562 0.414991 0.477214 0.414991 0.477865 0.414991 0.478516 0.415905 0.479167 0.415905 0.479818 0.416819 0.480469 0.417733 0.479818 0.418647 0.480469 0.419561 0.480469 0.420475 0.481120 0.421389 0.481120 0.422303 0.481120 0.423218 0.481771 0.424132 0.481771 0.425046 0.482422 0.425046 0.483073 0.425046 0.483724 0.425046 0.483724 0.424132 0.483724 0.423218 0.483724 0.422303 0.483724 0.421389 0.483724 0.420475 0.483073 0.419561 0.483724 0.418647 0.483073 0.417733 0.483073 0.416819 0.482422 0.415905 0.481771 0.414991 0.481771 0.414077 0.481771 0.413163 0.481120 0.412249 0.480469 0.411335 0.479818 0.410420 0.479818 0.409506 0.479167 0.408592 0.479167 0.407678 0.479167 0.406764 0.479167 0.405850 0.479167 0.404936 0.479818 0.404022 0.479167 0.403108 0.479167 0.402194 0.479167 0.401280 0.478516 0.400366 0.479167 0.399452 0.479818 0.398537 0.480469 0.397623 0.481120 0.396709 0.481771 0.395795 0.482422 0.395795 0.482422 0.394881 0.481771 0.393967 0.482422 0.393053 0.481771 0.392139 0.481120 0.392139 0.480469 0.392139 0.479818 0.391225 0.479167 0.390311 0.478516 0.389397 0.478516 0.388483 0.477865 0.387569 0.477214 0.386654 0.476562 0.385740 0.477214 0.384826 0.477214 0.383912 0.477214 0.382998 0.477865 0.382084 0.478516 0.381170 0.479167 0.382084 0.479818 0.382084 0.480469 0.381170 0.480469 0.380256 0.481120 0.379342 0.481771 0.378428 0.482422 0.378428 0.481771 0.377514 0.482422 0.376600 0.482422 0.375686 0.481771 0.374771 0.481120 0.374771 0.480469 0.374771 0.479818 0.374771 0.479167 0.375686 0.478516 0.376600 0.477865 0.375686 0.477214 0.376600 0.476562 0.376600 0.475911 0.376600 0.475260 0.375686 0.474609 0.375686 0.473958 0.374771 0.473307 0.374771
0 0.682292 0.345521 0.682292 0.346435 0.681641 0.347349 0.680990 0.348263 0.680990 0.349177 0.680990 0.350091 0.680990 0.351005 0.680990 0.351920 0.681641 0.352834 0.681641 0.353748 0.682292 0.354662 0.682943 0.355576 0.682292 0.356490 0.681641 0.357404 0.680990 0.358318 0.680339 0.358318 0.679688 0.358318 0.679688 0.359232 0.679036 0.360146 0.679036 0.361060 0.679036 0.361974 0.679036 0.362888 0.679036 0.363803 0.679688 0.363803 0.680339 0.363803 0.680990 0.364717 0.681641 0.365631 0.682292 0.365631 0.682943 0.365631 0.683594 0.365631 0.684245 0.366545 0.684896 0.367459 0.684245 0.368373 0.683594 0.369287 0.682943 0.370201 0.682292 0.371115 0.681641 0.372029 0.682292 0.372943 0.682943 0.373857 0.682943 0.374771 0.683594 0.373857 0.684245 0.374771 0.684896 0.374771 0.685547 0.375686 0.686198 0.376600 0.686849 0.377514 0.686198 0.378428 0.685547 0.379342 0.684896 0.380256 0.684245 0.380256 0.684896 0.381170 0.685547 0.382084 0.684896 0.382998 0.684896 0.383912 0.684245 0.384826 0.683594 0.385740 0.682943 0.386654 0.682292 0.386654 0.682292 0.387569 0.681641 0.388483 0.681641 0.389397 0.681641 0.390311 0.682292 0.391225 0.682292 0.392139 0.682943 0.393053 0.683594 0.393053 0.684245 0.393053 0.684896 0.393053 0.685547 0.393967 0.686198 0.394881 0.686849 0.393967 0.687500 0.394881 0.688151 0.394881 0.688802 0.394881 0.689453 0.395795 0.690104 0.396709 0.690755 0.397623 0.690755 0.398537 0.690104 0.399452 0.689453 0.400366 0.689453 0.401280 0.689453 0.402194 0.688802 0.403108 0.689453 0.404022 0.690104 0.404936 0.690755 0.404022 0.691406 0.404936 0.692057 0.405850 0.692708 0.406764 0.693359 0.407678 0.694010 0.407678 0.694661 0.408592 0.695312 0.409506 0.695964 0.410420 0.696615 0.411335 0.697266 0.411335 0.697917 0.412249 0.698568 0.413163 0.697917 0.414077 0.698568 0.414991 0.699219 0.415905 0.699219 0.416819 0.699870 0.417733 0.700521 0.418647 0.700521 0.419561 0.700521 0.420475 0.701172 0.421389 0.701823 0.422303 0.702474 0.423218 0.702474 0.424132 0.703125 0.425046 0.703125 0.425960 0.703776 0.426874 0.703776 0.427788 0.704427 0.428702 0.704427 0.429616 0.705078 0.430530 0.705078 0.431444 0.705729 0.432358 0.706380 0.433272 0.707031 0.434186 0.707031 0.435101 0.707031 0.436015 0.707031 0.436929 0.707031 0.437843 0.707682 0.438757 0.707031 0.439671 0.707031 0.440585 0.707031 0.441499 0.707682 0.442413 0.707031 0.443327 0.707682 0.444241 0.707682 0.445155 0.707682 0.446069 0.707682 0.446984 0.708333 0.447898 0.708333 0.448812 0.707682 0.449726 0.707031 0.450640 0.706380 0.449726 0.705729 0.448812 0.705078 0.447898 0.705078 0.446984 0.704427 0.446069 0.703776 0.445155 0.703776 0.444241 0.703125 0.443327 0.702474 0.442413 0.703125 0.441499 0.702474 0.440585 0.701823 0.439671 0.701823 0.438757 0.701172 0.437843 0.700521 0.437843 0.699870 0.437843 0.699870 0.438757 0.699219 0.439671 0.699870 0.440585 0.699870 0.441499 0.699870 0.442413 0.699219 0.443327 0.698568 0.444241 0.697917 0.445155 0.697266 0.444241 0.696615 0.443327 0.695964 0.442413 0.695312 0.442413 0.694661 0.441499 0.694010 0.440585 0.693359 0.439671 0.692708 0.438757 0.692708 0.437843 0.692057 0.437843 0.691406 0.436929 0.690755 0.436015 0.690104 0.436015 0.689453 0.436015 0.688802 0.435101 0.688151 0.434186 0.687500 0.434186 0.686849 0.433272 0.686198 0.432358 0.686198 0.431444 0.685547 0.431444 0.684896 0.431444 0.684245 0.431444 0.683594 0.431444 0.682943 0.432358 0.682292 0.432358 0.681641 0.433272 0.680990 0.434186 0.680339 0.435101 0.679688 0.436015 0.679036 0.436015 0.678385 0.436929 0.677734 0.437843 0.677083 0.437843 0.677083 0.438757 0.676432 0.439671 0.675781 0.440585 0.675130 0.441499 0.675781 0.442413 0.675781 0.443327 0.675781 0.444241 0.676432 0.445155 0.677083 0.446069 0.677734 0.446069 0.678385 0.446984 0.679036 0.446984 0.679688 0.446984 0.680339 0.446069 0.680990 0.446984 0.681641 0.446069 0.682292 0.446984 0.682943 0.446069 0.683594 0.446069 0.684245 0.446984 0.684896 0.446069 0.685547 0.446984 0.686198 0.446984 0.686849 0.447898 0.687500 0.448812 0.688151 0.449726 0.688802 0.450640 0.689453 0.449726 0.690104 0.449726 0.690755 0.449726 0.691406 0.449726 0.692057 0.449726 0.692708 0.450640 0.693359 0.451554 0.694010 0.450640 0.694661 0.451554 0.695312 0.452468 0.695312 0.453382 0.695964 0.454296 0.696615 0.455210 0.697266 0.456124 0.697917 0.456124 0.698568 0.457038 0.699219 0.457038 0.699870 0.457952 0.700521 0.458867 0.701172 0.457952 0.701823 0.458867 0.702474 0.458867 0.703125 0.457952 0.703776 0.457952 0.704427 0.457952 0.705078 0.457952 0.705729 0.458867 0.706380 0.457952 0.707031 0.458867 0.707682 0.459781 0.707682 0.460695 0.708333 0.460695 0.708984 0.461609 0.709635 0.462523 0.710286 0.463437 0.710938 0.464351 0.711589 0.464351 0.712240 0.463437 0.712891 0.464351 0.713542 0.464351 0.714193 0.464351 0.714844 0.465265 0.715495 0.466179 0.715495 0.467093 0.716146 0.468007 0.716797 0.468921 0.717448 0.469835 0.718099 0.470750 0.718750 0.471664 0.719401 0.472578 0.720052 0.473492 0.720703 0.473492 0.721354 0.474406 0.722005 0.475320 0.722656 0.476234 0.723307 0.476234 0.723958 0.477148 0.724609 0.478062 0.725260 0.478976 0.725911 0.479890 0.726562 0.479890 0.727214 0.480804 0.727865 0.481718 0.727865 0.482633 0.728516 0.481718 0.729167 0.482633 0.729818 0.483547 0.730469 0.484461 0.731120 0.485375 0.731771 0.486289 0.732422 0.487203 0.733073 0.486289 0.733724 0.487203 0.734375 0.488117 0.735026 0.488117 0.735677 0.489031 0.736328 0.489945 0.736979 0.490859 0.737630 0.490859 0.738281 0.491773 0.738932 0.491773 0.739583 0.492687 0.740234 0.493601 0.740885 0.493601 0.741536 0.494516 0.742188 0.495430 0.741536 0.496344 0.742188 0.497258 0.742839 0.498172 0.742839 0.499086 0.742188 0.500000 0.741536 0.500914 0.740885 0.501828 0.740234 0.501828 0.739583 0.501828 0.738932 0.501828 0.738932 0.502742 0.738932 0.503656 0.738932 0.504570 0.739583 0.504570 0.740234 0.505484 0.740885 0.506399 0.741536 0.505484 0.742188 0.505484 0.742839 0.505484 0.743490 0.506399 0.744141 0.507313 0.744141 0.508227 0.743490 0.509141 0.742839 0.510055 0.742188 0.510055 0.741536 0.510055 0.740885 0.510055 0.740234 0.510055 0.739583 0.509141 0.738932 0.510055 0.738281 0.510055 0.737630 0.510969 0.736979 0.510969 0.736328 0.510969 0.735677 0.510055 0.735026 0.510055 0.734375 0.510969 0.733724 0.510055 0.733073 0.510969 0.732422 0.510969 0.731771 0.511883 0.731771 0.512797 0.731120 0.513711 0.731120 0.514625 0.731120 0.515539 0.731120 0.516453 0.731771 0.517367 0.732422 0.518282 0.733073 0.519196 0.733724 0.518282 0.734375 0.519196 0.735026 0.520110 0.735677 0.519196 0.736328 0.520110 0.736979 0.519196 0.737630 0.519196 0.738281 0.518282 0.738932 0.517367 0.739583 0.517367 0.740234 0.517367 0.740885 0.516453 0.741536 0.515539 0.742188 0.515539 0.742839 0.515539 0.743490 0.515539 0.744141 0.515539 0.744792 0.516453 0.745443 0.515539 0.746094 0.516453 0.746745 0.517367 0.746745 0.518282 0.747396 0.519196 0.748047 0.520110 0.748698 0.521024 0.748698 0.521938 0.748698 0.522852 0.748698 0.523766 0.748698 0.524680 0.748698 0.525594 0.748698 0.526508 0.749349 0.527422 0.750000 0.528336 0.750000 0.529250 0.750000 0.530165 0.750651 0.530165 0.751302 0.531079 0.751953 0.531993 0.752604 0.532907 0.752604 0.533821 0.753255 0.534735 0.753255 0.535649 0.753255 0.536563 0.753906 0.537477 0.753906 0.538391 0.753255 0.539305 0.752604 0.540219 0.751953 0.540219 0.751302 0.541133 0.750651 0.540219 0.750000 0.539305 0.749349 0.538391 0.748698 0.537477 0.748047 0.536563 0.747396 0.536563 0.746745 0.536563 0.746094 0.535649 0.745443 0.536563 0.744792 0.536563 0.744141 0.536563 0.743490 0.537477 0.743490 0.538391 0.743490 0.539305 0.743490 0.540219 0.744141 0.541133 0.744141 0.542048 0.744792 0.542962 0.745443 0.543876 0.745443 0.544790 0.746094 0.545704 0.746745 0.545704 0.747396 0.546618 0.748047 0.546618 0.748698 0.546618 0.749349 0.546618 0.750000 0.546618 0.750651 0.547532 0.751302 0.546618 0.751953 0.547532 0.752604 0.546618 0.753255 0.545704 0.753906 0.546618 0.754557 0.547532 0.755208 0.548446 0.755859 0.549360 0.755859 0.550274 0.756510 0.550274 0.757161 0.551188 0.757812 0.551188 0.758464 0.551188 0.757812 0.550274 0.757812 0.549360 0.757161 0.548446 0.756510 0.547532 0.755859 0.546618 0.755208 0.545704 0.755859 0.544790 0.755859 0.543876 0.756510 0.542962 0.756510 0.542048 0.755859 0.541133 0.756510 0.540219 0.756510 0.539305 0.757161 0.538391 0.756510 0.537477 0.756510 0.536563 0.755859 0.535649 0.755208 0.534735 0.755208 0.533821 0.755208 0.532907 0.755208 0.531993 0.755208 0.531079 0.755859 0.530165 0.755859 0.529250 0.755859 0.528336 0.755859 0.527422 0.755859 0.526508 0.756510 0.525594 0.757161 0.524680 0.757812 0.524680 0.757161 0.523766 0.757812 0.522852 0.757161 0.521938 0.757812 0.521024 0.757812 0.520110 0.757812 0.519196 0.758464 0.518282 0.757812 0.517367 0.758464 0.516453 0.757812 0.515539 0.758464 0.514625 0.759115 0.513711 0.759115 0.512797 0.759766 0.511883 0.759115 0.510969 0.759115 0.510055 0.759766 0.509141 0.759115 0.508227 0.759766 0.507313 0.760417 0.506399 0.759766 0.505484 0.759766 0.504570 0.760417 0.503656 0.761068 0.502742 0.761719 0.502742 0.762370 0.501828 0.763021 0.500914 0.763672 0.500000 0.764323 0.499086 0.764974 0.499086 0.765625 0.499086 0.766276 0.498172 0.766276 0.497258 0.766927 0.496344 0.767578 0.495430 0.767578 0.494516 0.767578 0.493601 0.768229 0.492687 0.768229 0.491773 0.768880 0.490859 0.769531 0.489945 0.769531 0.489031 0.768880 0.488117 0.768229 0.487203 0.767578 0.487203 0.766927 0.486289 0.766276 0.485375 0.765625 0.486289 0.764974 0.485375 0.764323 0.486289 0.763672 0.487203 0.763021 0.488117 0.763021 0.489031 0.763021 0.489945 0.763021 0.490859 0.762370 0.491773 0.761719 0.492687 0.761068 0.492687 0.760417 0.493601 0.759766 0.494516 0.759115 0.494516 0.758464 0.494516 0.757812 0.495430 0.757812 0.496344 0.757812 0.497258 0.757812 0.498172 0.757161 0.499086 0.757161 0.500000 0.757812 0.500914 0.757812 0.501828 0.757161 0.502742 0.757812 0.503656 0.757161 0.504570 0.756510 0.505484 0.757161 0.506399 0.757161 0.507313 0.756510 0.508227 0.755859 0.509141 0.755859 0.510055 0.755208 0.510969 0.755208 0.511883 0.755208 0.512797 0.755208 0.513711 0.754557 0.514625 0.753906 0.515539 0.754557 0.516453 0.753906 0.517367 0.754557 0.518282 0.753906 0.519196 0.754557 0.520110 0.754557 0.521024 0.753906 0.521938 0.753255 0.522852 0.752604 0.521938 0.751953 0.521024 0.751953 0.520110 0.751302 0.519196 0.750651 0.518282 0.750651 0.517367 0.751302 0.516453 0.750651 0.517367 0.750000 0.516453 0.749349 0.515539 0.749349 0.514625 0.748698 0.513711 0.748047 0.512797 0.748047 0.511883 0.747396 0.510969 0.747396 0.510055 0.746745 0.509141 0.746094 0.508227 0.746094 0.507313 0.746094 0.506399 0.746745 0.505484 0.746745 0.504570 0.747396 0.503656 0.746745 0.502742 0.746745 0.501828 0.747396 0.500914 0.747396 0.500000 0.746745 0.499086 0.746745 0.498172 0.746094 0.497258 0.745443 0.496344 0.745443 0.495430 0.746094 0.494516 0.745443 0.493601 0.744792 0.492687 0.744792 0.491773 0.745443 0.490859 0.746094 0.490859 0.746745 0.489945 0.746745 0.489031 0.747396 0.488117 0.747396 0.487203 0.747396 0.486289 0.748047 0.485375 0.747396 0.484461 0.748047 0.483547 0.748047 0.482633 0.748698 0.481718 0.749349 0.480804 0.748698 0.479890 0.748698 0.478976 0.749349 0.478062 0.749349 0.477148 0.750000 0.476234 0.750651 0.475320 0.750000 0.474406 0.750000 0.473492 0.750651 0.472578 0.750651 0.471664 0.750651 0.470750 0.751302 0.469835 0.751302 0.468921 0.750651 0.468007 0.751302 0.467093 0.751953 0.466179 0.752604 0.465265 0.752604 0.464351 0.752604 0.463437 0.753255 0.462523 0.753255 0.461609 0.753255 0.460695 0.752604 0.459781 0.753255 0.458867 0.753255 0.457952 0.753906 0.457038 0.753255 0.456124 0.753906 0.455210 0.754557 0.454296 0.754557 0.453382 0.753906 0.452468 0.753906 0.451554 0.754557 0.450640 0.753906 0.449726 0.753906 0.448812 0.753906 0.447898 0.753255 0.447898 0.752604 0.447898 0.751953 0.447898 0.751302 0.446984 0.750651 0.446984 0.750000 0.446984 0.749349 0.446069 0.748698 0.445155 0.748047 0.446069 0.747396 0.446069 0.746745 0.445155 0.746094 0.446069 0.745443 0.446984 0.744792 0.447898 0.744141 0.448812 0.744792 0.449726 0.744141 0.450640 0.744792 0.451554 0.745443 0.452468 0.745443 0.453382 0.746094 0.454296 0.746745 0.455210 0.746745 0.456124 0.746745 0.457038 0.746094 0.457952 0.745443 0.458867 0.745443 0.459781 0.744792 0.460695 0.744792 0.461609 0.744792 0.462523 0.744141 0.463437 0.743490 0.464351 0.744141 0.465265 0.744141 0.466179 0.744141 0.467093 0.743490 0.468007 0.744141 0.468921 0.744141 0.469835 0.744141 0.470750 0.744141 0.471664 0.744141 0.472578 0.744141 0.473492 0.743490 0.474406 0.742839 0.475320 0.743490 0.476234 0.742839 0.477148 0.743490 0.478062 0.743490 0.478976 0.743490 0.479890 0.744141 0.480804 0.744792 0.481718 0.744792 0.482633 0.744792 0.483547 0.744792 0.484461 0.745443 0.485375 0.744792 0.486289 0.745443 0.487203 0.744792 0.488117 0.745443 0.489031 0.746094 0.489945 0.745443 0.490859 0.744792 0.491773 0.744141 0.492687 0.743490 0.491773 0.742839 0.490859 0.742188 0.489945 0.742188 0.489031 0.742188 0.488117 0.741536 0.487203 0.742188 0.486289 0.741536 0.485375 0.741536 0.484461 0.741536 0.483547 0.740885 0.482633 0.740885 0.481718 0.740234 0.481718 0.739583 0.481718 0.738932 0.482633 0.738281 0.483547 0.737630 0.483547 0.736979 0.482633 0.736328 0.482633 0.735677 0.481718 0.735026 0.480804 0.735026 0.479890 0.735026 0.478976 0.735026 0.478062 0.735677 0.477148 0.735677 0.476234 0.736328 0.475320 0.735677 0.474406 0.735677 0.473492 0.735677 0.472578 0.735677 0.471664 0.735026 0.471664 0.734375 0.471664 0.733724 0.471664 0.733073 0.472578 0.732422 0.473492 0.731771 0.472578 0.731120 0.472578 0.730469 0.471664 0.729818 0.470750 0.729167 0.469835 0.728516 0.468921 0.727865 0.468007 0.727214 0.468007 0.726562 0.467093 0.725911 0.466179 0.725260 0.467093 0.724609 0.466179 0.723958 0.466179 0.723307 0.465265 0.722656 0.466179 0.722005 0.465265 0.721354 0.464351 0.720703 0.463437 0.720052 0.462523 0.720052 0.461609 0.719401 0.460695 0.718750 0.459781 0.719401 0.458867 0.719401 0.457952 0.720052 0.457038 0.719401 0.456124 0.720052 0.455210 0.720052 0.454296 0.720703 0.453382 0.720703 0.452468 0.720703 0.451554 0.720703 0.450640 0.721354 0.449726 0.721354 0.448812 0.721354 0.447898 0.722005 0.446984 0.721354 0.446069 0.722005 0.445155 0.722005 0.444241 0.722656 0.443327 0.722656 0.442413 0.722656 0.441499 0.723307 0.440585 0.723307 0.439671 0.723958 0.438757 0.723958 0.437843 0.724609 0.436929 0.724609 0.436015 0.724609 0.435101 0.725260 0.434186 0.724609 0.433272 0.725260 0.432358 0.724609 0.431444 0.725260 0.430530 0.724609 0.429616 0.724609 0.428702 0.723958 0.427788 0.723307 0.426874 0.722656 0.425960 0.722005 0.425960 0.721354 0.425960 0.720703 0.425960 0.720052 0.425960 0.719401 0.426874 0.718750 0.427788 0.718099 0.428702 0.718750 0.429616 0.718099 0.430530 0.717448 0.431444 0.717448 0.432358 0.717448 0.433272 0.717448 0.434186 0.717448 0.435101 0.718099 0.436015 0.717448 0.436929 0.717448 0.437843 0.717448 0.438757 0.716797 0.439671 0.716797 0.440585 0.717448 0.441499 0.716797 0.442413 0.716797 0.443327 0.716146 0.444241 0.716146 0.445155 0.716146 0.446069 0.716797 0.446984 0.716146 0.447898 0.716146 0.448812 0.716797 0.449726 0.716797 0.450640 0.716146 0.451554 0.716146 0.452468 0.716797 0.453382 0.716146 0.454296 0.715495 0.455210 0.714844 0.456124 0.714193 0.456124 0.713542 0.456124 0.712891 0.456124 0.712240 0.455210 0.711589 0.454296 0.710938 0.453382 0.710938 0.452468 0.711589 0.451554 0.710938 0.450640 0.710938 0.449726 0.710938 0.448812 0.711589 0.447898 0.711589 0.446984 0.710938 0.446069 0.710938 0.445155 0.711589 0.444241 0.710938 0.443327 0.710286 0.442413 0.710286 0.441499 0.710286 0.440585 0.710286 0.439671 0.709635 0.438757 0.709635 0.437843 0.710286 0.436929 0.710286 0.436015 0.710938 0.435101 0.710938 0.434186 0.711589 0.433272 0.711589 0.432358 0.712240 0.431444 0.712240 0.430530 0.712240 0.429616 0.712891 0.428702 0.712240 0.427788 0.712891 0.426874 0.712891 0.425960 0.712891 0.425046 0.713542 0.424132 0.712891 0.423218 0.712891 0.422303 0.712240 0.421389 0.711589 0.420475 0.710938 0.419561 0.710938 0.418647 0.710286 0.417733 0.709635 0.416819 0.709635 0.415905 0.710286 0.414991 0.709635 0.414991 0.708984 0.414077 0.708333 0.413163 0.708333 0.412249 0.707682 0.411335 0.707031 0.410420 0.707682 0.409506 0.707031 0.408592 0.707031 0.407678 0.707031 0.406764 0.707031 0.405850 0.706380 0.404936 0.706380 0.404022 0.705729 0.403108 0.705078 0.402194 0.705078 0.401280 0.704427 0.400366 0.703776 0.399452 0.703125 0.398537 0.703125 0.397623 0.702474 0.396709 0.701823 0.395795 0.701172 0.395795 0.700521 0.395795 0.699870 0.394881 0.699219 0.394881 0.698568 0.393967 0.697917 0.393053 0.697266 0.392139 0.697917 0.391225 0.698568 0.390311 0.699219 0.389397 0.699870 0.388483 0.700521 0.387569 0.701172 0.387569 0.701172 0.386654 0.701172 0.385740 0.700521 0.384826 0.701172 0.383912 0.700521 0.382998 0.699870 0.382084 0.699219 0.381170 0.698568 0.380256 0.698568 0.379342 0.697917 0.378428 0.697266 0.377514 0.697266 0.376600 0.696615 0.375686 0.696615 0.374771 0.696615 0.373857 0.696615 0.372943 0.695964 0.372029 0.695964 0.371115 0.695312 0.370201 0.695312 0.369287 0.695312 0.368373 0.694661 0.367459 0.694661 0.366545 0.694010 0.365631 0.694010 0.364717 0.694010 0.363803 0.694010 0.362888 0.693359 0.361974 0.692708 0.361060 0.692708 0.360146 0.693359 0.359232 0.692708 0.358318 0.692708 0.357404 0.692057 0.356490 0.691406 0.355576 0.692057 0.354662 0.691406 0.354662 0.690755 0.353748 0.690104 0.352834 0.689453 0.351920 0.689453 0.351005 0.688802 0.350091 0.688151 0.349177 0.687500 0.348263 0.686849 0.347349 0.686198 0.346435 0.685547 0.346435 0.684896 0.346435 0.684245 0.346435 0.683594 0.346435 0.682943 0.346435
0 0.484375 0.340951 0.483724 0.341865 0.483073 0.341865 0.482422 0.342779 0.481771 0.343693 0.481120 0.343693 0.481120 0.344607 0.480469 0.345521 0.480469 0.346435 0.480469 0.347349 0.480469 0.348263 0.479818 0.349177 0.479167 0.350091 0.478516 0.350091 0.477865 0.349177 0.477214 0.350091 0.476562 0.350091 0.475911 0.350091 0.475260 0.351005 0.474609 0.351005 0.473958 0.351920 0.473307 0.351005 0.472656 0.351005 0.472005 0.350091 0.471354 0.350091 0.470703 0.349177 0.470052 0.348263 0.470052 0.349177 0.469401 0.350091 0.468750 0.351005 0.469401 0.351920 0.469401 0.352834 0.470052 0.353748 0.470052 0.354662 0.470703 0.355576 0.471354 0.356490 0.472005 0.357404 0.472656 0.358318 0.472656 0.359232 0.472656 0.360146 0.473307 0.361060 0.473307 0.361974 0.473958 0.362888 0.473958 0.363803 0.473958 0.364717 0.473958 0.365631 0.473307 0.366545 0.472656 0.367459 0.472005 0.368373 0.471354 0.367459 0.470703 0.366545 0.470052 0.365631 0.469401 0.364717 0.468750 0.364717 0.468099 0.364717 0.467448 0.363803 0.466797 0.363803 0.466146 0.364717 0.465495 0.364717 0.464844 0.364717 0.464844 0.365631 0.464193 0.366545 0.464844 0.367459 0.464844 0.368373 0.464844 0.369287 0.465495 0.369287 0.466146 0.369287 0.466797 0.369287 0.467448 0.370201 0.468099 0.369287 0.468750 0.369287 0.469401 0.370201 0.470052 0.370201 0.470703 0.370201 0.471354 0.369287 0.472005 0.370201 0.472656 0.371115 0.473307 0.371115 0.473958 0.371115 0.474609 0.371115 0.475260 0.370201 0.475911 0.370201 0.476562 0.369287 0.477214 0.368373 0.477865 0.367459 0.478516 0.366545 0.477865 0.366545 0.477214 0.365631 0.476562 0.364717 0.476562 0.363803 0.477214 0.362888 0.476562 0.361974 0.476562 0.361060 0.477214 0.360146 0.476562 0.359232 0.475911 0.358318 0.475911 0.357404 0.476562 0.356490 0.477214 0.355576 0.476562 0.354662 0.477214 0.353748 0.477865 0.352834 0.478516 0.351920 0.479167 0.351920 0.479818 0.352834 0.480469 0.351920 0.481120 0.352834 0.481771 0.352834 0.482422 0.352834 0.483073 0.351920 0.483724 0.351005 0.484375 0.351005 0.485026 0.350091 0.485677 0.350091 0.486328 0.349177 0.486979 0.348263 0.486979 0.347349 0.487630 0.346435 0.486979 0.345521 0.487630 0.344607 0.487630 0.343693 0.486979 0.342779 0.486979 0.341865 0.486328 0.340951 0.485677 0.341865 0.485026 0.340951
0 0.519531 0.333638 0.518880 0.334552 0.518229 0.335466 0.518229 0.336380 0.517578 0.337294 0.516927 0.338208 0.516276 0.338208 0.516276 0.339122 0.516276 0.340037 0.516276 0.340951 0.515625 0.341865 0.516276 0.342779 0.516276 0.343693 0.516276 0.344607 0.515625 0.345521 0.515625 0.346435 0.515625 0.347349 0.514974 0.348263 0.514323 0.349177 0.514323 0.350091 0.513672 0.351005 0.513021 0.351920 0.513021 0.352834 0.512370 0.353748 0.512370 0.354662 0.511719 0.355576 0.511068 0.356490 0.510417 0.357404 0.509766 0.357404 0.509115 0.358318 0.508464 0.358318 0.507812 0.359232 0.507161 0.359232 0.506510 0.360146 0.505859 0.359232 0.505208 0.358318 0.504557 0.357404 0.505208 0.356490 0.505859 0.355576 0.505859 0.354662 0.506510 0.353748 0.506510 0.352834 0.506510 0.351920 0.506510 0.351005 0.507161 0.350091 0.507812 0.349177 0.507812 0.348263 0.507161 0.347349 0.507161 0.346435 0.507161 0.345521 0.506510 0.344607 0.505859 0.345521 0.505208 0.344607 0.504557 0.344607 0.503906 0.344607 0.503255 0.345521 0.502604 0.344607 0.502604 0.345521 0.501953 0.346435 0.501953 0.347349 0.501953 0.348263 0.501953 0.349177 0.501953 0.350091 0.501302 0.351005 0.501302 0.351920 0.501302 0.352834 0.501302 0.353748 0.501302 0.354662 0.501302 0.355576 0.501302 0.356490 0.500651 0.357404 0.500000 0.358318 0.499349 0.359232 0.498698 0.360146 0.498047 0.361060 0.498698 0.361974 0.498698 0.362888 0.498698 0.363803 0.499349 0.364717 0.499349 0.365631 0.500000 0.366545 0.500000 0.367459 0.500000 0.368373 0.500651 0.369287 0.500651 0.370201 0.500651 0.371115 0.500651 0.372029 0.500651 0.372943 0.500000 0.373857 0.499349 0.374771 0.498698 0.374771 0.498047 0.374771 0.497396 0.375686 0.496745 0.375686 0.496094 0.375686 0.496094 0.376600 0.495443 0.377514 0.496094 0.378428 0.496094 0.379342 0.496094 0.380256 0.496745 0.379342 0.497396 0.380256 0.498047 0.380256 0.498698 0.379342 0.499349 0.379342 0.499349 0.378428 0.499349 0.377514 0.500000 0.376600 0.500651 0.375686 0.501302 0.374771 0.501953 0.375686 0.502604 0.374771 0.503255 0.374771 0.503906 0.374771 0.503255 0.373857 0.503906 0.372943 0.503255 0.372029 0.502604 0.371115 0.502604 0.370201 0.502604 0.369287 0.502604 0.368373 0.503255 0.367459 0.503255 0.366545 0.503906 0.365631 0.504557 0.364717 0.505208 0.365631 0.505859 0.364717 0.506510 0.365631 0.507161 0.364717 0.507812 0.364717 0.508464 0.364717 0.509115 0.364717 0.509766 0.364717 0.510417 0.363803 0.511068 0.363803 0.511719 0.363803 0.512370 0.363803 0.513021 0.363803 0.513672 0.364717 0.514323 0.365631 0.514974 0.366545 0.515625 0.366545 0.516276 0.367459 0.516927 0.366545 0.517578 0.365631 0.518229 0.365631 0.518229 0.364717 0.518229 0.363803 0.518229 0.362888 0.517578 0.361974 0.516927 0.361060 0.517578 0.360146 0.518229 0.359232 0.518880 0.360146 0.519531 0.361060 0.520182 0.361974 0.520833 0.361060 0.521484 0.361974 0.522135 0.361974 0.522786 0.361974 0.523438 0.361974 0.524089 0.362888 0.524740 0.361974 0.525391 0.362888 0.526042 0.361974 0.526042 0.361060 0.526042 0.360146 0.526042 0.359232 0.526042 0.358318 0.526042 0.357404 0.525391 0.356490 0.524740 0.355576 0.524089 0.354662 0.523438 0.353748 0.522786 0.354662 0.522135 0.355576 0.521484 0.355576 0.520833 0.356490 0.520182 0.355576 0.519531 0.356490 0.518880 0.357404 0.518229 0.357404 0.517578 0.356490 0.516927 0.357404 0.516276 0.356490 0.515625 0.355576 0.515625 0.354662 0.515625 0.353748 0.516276 0.352834 0.516276 0.351920 0.516927 0.351005 0.517578 0.350091 0.518229 0.351005 0.518880 0.351005 0.519531 0.351005 0.520182 0.351005 0.520833 0.351005 0.521484 0.351920 0.522135 0.351920 0.522786 0.351005 0.523438 0.351005 0.524089 0.350091 0.523438 0.349177 0.523438 0.348263 0.523438 0.347349 0.523438 0.346435 0.524089 0.345521 0.524089 0.344607 0.524740 0.343693 0.524089 0.342779 0.524740 0.341865 0.525391 0.340951 0.525391 0.340037 0.526042 0.339122 0.525391 0.338208 0.525391 0.337294 0.525391 0.336380 0.525391 0.335466 0.524740 0.335466 0.524089 0.334552 0.523438 0.333638 0.522786 0.334552 0.522135 0.334552 0.521484 0.333638 0.520833 0.334552 0.520182 0.334552
0 0.442708 0.299817 0.442708 0.300731 0.442057 0.301645 0.441406 0.302559 0.440755 0.303473 0.440104 0.304388 0.439453 0.304388 0.438802 0.304388 0.438151 0.304388 0.437500 0.303473 0.436849 0.303473 0.436198 0.303473 0.435547 0.303473 0.434896 0.303473 0.434245 0.303473 0.433594 0.304388 0.432943 0.304388 0.433594 0.305302 0.433594 0.306216 0.433594 0.307130 0.433594 0.308044 0.434245 0.308044 0.434896 0.308044 0.435547 0.308044 0.436198 0.307130 0.436849 0.307130 0.437500 0.307130 0.438151 0.307130 0.438802 0.307130 0.439453 0.307130 0.440104 0.307130 0.440755 0.308044 0.441406 0.308958 0.442057 0.309872 0.442057 0.310786 0.442708 0.311700 0.442708 0.312614 0.442057 0.313528 0.442708 0.314442 0.443359 0.315356 0.443359 0.316271 0.443359 0.317185 0.444010 0.318099 0.444010 0.319013 0.443359 0.319927 0.442708 0.320841 0.442057 0.319927 0.441406 0.319013 0.440755 0.319013 0.440104 0.319013 0.439453 0.319927 0.438802 0.319013 0.438151 0.319927 0.437500 0.320841 0.436849 0.321755 0.436198 0.321755 0.435547 0.321755 0.434896 0.320841 0.434245 0.321755 0.433594 0.321755 0.432943 0.321755 0.432943 0.322669 0.432292 0.323583 0.432292 0.324497 0.431641 0.325411 0.431641 0.326325 0.431641 0.327239 0.430990 0.328154 0.430990 0.329068 0.431641 0.329982 0.431641 0.330896 0.430990 0.331810 0.431641 0.331810 0.432292 0.332724 0.432943 0.331810 0.433594 0.331810 0.434245 0.331810 0.434896 0.330896 0.435547 0.329982 0.436198 0.329982 0.436849 0.329982 0.436849 0.329068 0.437500 0.328154 0.437500 0.327239 0.438151 0.326325 0.438802 0.325411 0.439453 0.324497 0.440104 0.323583 0.440755 0.324497 0.441406 0.323583 0.442057 0.322669 0.442708 0.322669 0.442057 0.321755 0.442708 0.320841 0.443359 0.319927 0.444010 0.319013 0.444661 0.318099 0.445312 0.319013 0.445964 0.319927 0.445964 0.320841 0.446615 0.321755 0.447266 0.322669 0.447917 0.323583 0.448568 0.324497 0.448568 0.325411 0.448568 0.326325 0.447917 0.327239 0.447266 0.328154 0.446615 0.329068 0.445964 0.329982 0.445312 0.329982 0.444661 0.329982 0.444661 0.330896 0.444010 0.331810 0.444010 0.332724 0.444661 0.333638 0.444661 0.334552 0.445312 0.334552 0.445964 0.333638 0.446615 0.332724 0.447266 0.332724 0.447917 0.331810 0.447266 0.330896 0.447917 0.329982 0.448568 0.329068 0.449219 0.329982 0.449870 0.329982 0.450521 0.330896 0.451172 0.331810 0.451823 0.332724 0.451172 0.333638 0.451823 0.334552 0.452474 0.334552 0.453125 0.335466 0.453776 0.334552 0.454427 0.334552 0.455078 0.333638 0.455729 0.333638 0.456380 0.334552 0.457031 0.335466 0.457682 0.336380 0.457682 0.337294 0.457682 0.338208 0.458333 0.339122 0.458984 0.339122 0.459635 0.338208 0.460286 0.339122 0.460938 0.339122 0.461589 0.340037 0.462240 0.340951 0.462891 0.340037 0.463542 0.339122 0.463542 0.338208 0.462891 0.337294 0.463542 0.336380 0.462891 0.335466 0.462240 0.334552 0.461589 0.334552 0.460938 0.333638 0.460286 0.332724 0.459635 0.331810 0.460286 0.330896 0.459635 0.329982 0.460286 0.329068 0.459635 0.329068 0.458984 0.328154 0.458333 0.327239 0.457682 0.327239 0.457031 0.328154 0.456380 0.329068 0.455729 0.329982 0.455078 0.329068 0.454427 0.329068 0.453776 0.328154 0.453125 0.327239 0.452474 0.326325 0.451823 0.325411 0.451823 0.324497 0.451823 0.323583 0.451823 0.322669 0.451823 0.321755 0.451172 0.320841 0.451172 0.319927 0.450521 0.319927 0.449870 0.319927 0.449219 0.319927 0.448568 0.319013 0.447917 0.319013 0.447266 0.318099 0.446615 0.317185 0.446615 0.316271 0.445964 0.315356 0.446615 0.314442 0.445964 0.313528 0.445312 0.312614 0.445312 0.311700 0.445964 0.310786 0.445312 0.309872 0.445312 0.308958 0.445312 0.308044 0.445312 0.307130 0.445312 0.306216 0.445964 0.305302 0.445964 0.304388 0.445312 0.303473 0.445964 0.302559 0.445964 0.301645 0.445964 0.300731 0.445312 0.299817 0.444661 0.299817 0.444010 0.299817 0.443359 0.299817
0 0.779297 0.290676 0.778646 0.291590 0.777995 0.291590 0.777344 0.291590 0.776693 0.291590 0.776042 0.291590 0.775391 0.292505 0.774740 0.291590 0.774089 0.292505 0.774089 0.293419 0.773438 0.294333 0.772786 0.295247 0.772135 0.296161 0.772135 0.297075 0.771484 0.297989 0.770833 0.298903 0.770833 0.299817 0.770833 0.300731 0.770833 0.301645 0.770833 0.302559 0.771484 0.302559 0.772135 0.303473 0.772786 0.303473 0.773438 0.304388 0.774089 0.305302 0.774089 0.306216 0.774740 0.307130 0.774740 0.308044 0.774089 0.308958 0.773438 0.309872 0.772786 0.310786 0.772135 0.310786 0.771484 0.310786 0.770833 0.310786 0.770182 0.311700 0.769531 0.312614 0.768880 0.313528 0.768880 0.314442 0.769531 0.315356 0.770182 0.316271 0.770833 0.317185 0.770833 0.318099 0.771484 0.319013 0.771484 0.319927 0.771484 0.320841 0.771484 0.321755 0.771484 0.322669 0.772135 0.323583 0.772786 0.324497 0.773438 0.325411 0.773438 0.326325 0.774089 0.327239 0.774740 0.328154 0.774740 0.329068 0.774740 0.329982 0.775391 0.330896 0.775391 0.331810 0.775391 0.332724 0.775391 0.333638 0.775391 0.334552 0.775391 0.335466 0.776042 0.336380 0.775391 0.337294 0.776042 0.338208 0.775391 0.339122 0.775391 0.340037 0.775391 0.340951 0.776042 0.341865 0.776042 0.342779 0.776042 0.343693 0.776042 0.344607 0.776042 0.345521 0.776042 0.346435 0.775391 0.347349 0.774740 0.348263 0.774740 0.349177 0.774089 0.350091 0.774740 0.351005 0.774089 0.351920 0.773438 0.352834 0.773438 0.353748 0.772786 0.354662 0.772135 0.355576 0.771484 0.354662 0.770833 0.354662 0.770182 0.353748 0.769531 0.352834 0.769531 0.351920 0.769531 0.351005 0.768880 0.350091 0.768229 0.349177 0.768229 0.348263 0.767578 0.347349 0.767578 0.346435 0.766927 0.345521 0.766927 0.344607 0.766276 0.343693 0.766276 0.342779 0.765625 0.341865 0.764974 0.340951 0.764323 0.340037 0.764323 0.339122 0.763672 0.338208 0.763021 0.337294 0.762370 0.336380 0.761719 0.335466 0.761068 0.334552 0.760417 0.333638 0.759766 0.332724 0.759766 0.331810 0.759115 0.330896 0.758464 0.329982 0.757812 0.329068 0.757161 0.328154 0.756510 0.327239 0.756510 0.326325 0.756510 0.325411 0.755859 0.324497 0.755208 0.323583 0.754557 0.322669 0.754557 0.321755 0.754557 0.320841 0.753906 0.319927 0.753255 0.319013 0.753255 0.318099 0.752604 0.317185 0.751953 0.317185 0.751302 0.317185 0.750651 0.316271 0.750000 0.315356 0.749349 0.315356 0.748698 0.314442 0.748047 0.313528 0.747396 0.313528 0.746745 0.312614 0.746094 0.312614 0.745443 0.313528 0.745443 0.314442 0.744792 0.315356 0.744792 0.316271 0.744792 0.317185 0.744792 0.318099 0.744792 0.319013 0.745443 0.319927 0.746094 0.320841 0.746745 0.321755 0.746094 0.322669 0.746745 0.323583 0.747396 0.324497 0.748047 0.325411 0.748047 0.326325 0.748698 0.326325 0.749349 0.327239 0.750000 0.328154 0.750000 0.329068 0.750651 0.329982 0.750000 0.330896 0.750651 0.330896 0.751302 0.331810 0.751953 0.332724 0.752604 0.333638 0.753255 0.334552 0.753255 0.335466 0.753906 0.336380 0.753906 0.337294 0.754557 0.337294 0.755208 0.338208 0.755859 0.339122 0.755208 0.340037 0.755859 0.340037 0.756510 0.340951 0.757161 0.341865 0.757812 0.342779 0.758464 0.343693 0.759115 0.344607 0.759766 0.345521 0.759766 0.346435 0.759766 0.347349 0.760417 0.347349 0.761068 0.348263 0.761719 0.349177 0.761719 0.350091 0.762370 0.351005 0.763021 0.351920 0.763021 0.352834 0.763672 0.353748 0.764323 0.354662 0.764974 0.355576 0.765625 0.356490 0.766276 0.357404 0.766276 0.358318 0.766927 0.359232 0.767578 0.360146 0.768229 0.360146 0.768880 0.361060 0.769531 0.361974 0.769531 0.362888 0.770182 0.363803 0.770833 0.364717 0.771484 0.365631 0.771484 0.366545 0.772135 0.366545 0.772786 0.367459 0.773438 0.368373 0.774089 0.369287 0.774740 0.370201 0.774740 0.371115 0.775391 0.372029 0.776042 0.372943 0.775391 0.373857 0.775391 0.374771 0.775391 0.375686 0.774740 0.376600 0.774740 0.377514 0.775391 0.378428 0.775391 0.379342 0.776042 0.380256 0.776042 0.381170 0.776693 0.382084 0.777344 0.382998 0.777995 0.383912 0.778646 0.384826 0.779297 0.385740 0.779297 0.386654 0.779297 0.387569 0.778646 0.388483 0.778646 0.389397 0.777995 0.390311 0.777344 0.391225 0.777344 0.392139 0.776693 0.393053 0.777344 0.393967 0.776693 0.394881 0.777344 0.395795 0.777995 0.396709 0.778646 0.397623 0.779297 0.398537 0.779948 0.399452 0.779297 0.400366 0.778646 0.401280 0.777995 0.402194 0.777344 0.402194 0.776693 0.401280 0.776042 0.402194 0.775391 0.403108 0.774740 0.404022 0.775391 0.404936 0.774740 0.405850 0.775391 0.406764 0.776042 0.407678 0.776693 0.408592 0.777344 0.409506 0.777344 0.410420 0.776693 0.411335 0.776042 0.412249 0.775391 0.413163 0.774740 0.413163 0.774089 0.413163 0.773438 0.414077 0.772786 0.414991 0.772135 0.415905 0.772135 0.416819 0.771484 0.417733 0.772135 0.418647 0.772786 0.419561 0.773438 0.420475 0.773438 0.421389 0.774089 0.420475 0.774740 0.421389 0.775391 0.422303 0.776042 0.422303 0.776693 0.422303 0.777344 0.422303 0.777995 0.422303 0.778646 0.423218 0.779297 0.424132 0.779948 0.424132 0.780599 0.425046 0.781250 0.425960 0.781250 0.426874 0.781901 0.427788 0.782552 0.428702 0.783203 0.429616 0.783854 0.430530 0.783203 0.431444 0.782552 0.432358 0.782552 0.433272 0.781901 0.434186 0.781901 0.435101 0.781250 0.436015 0.781901 0.436929 0.781250 0.437843 0.781250 0.438757 0.781250 0.439671 0.781901 0.440585 0.781250 0.441499 0.781250 0.442413 0.781901 0.443327 0.781901 0.444241 0.781901 0.445155 0.782552 0.446069 0.781901 0.446984 0.781250 0.447898 0.781250 0.448812 0.781901 0.449726 0.781901 0.450640 0.781901 0.451554 0.781901 0.452468 0.782552 0.453382 0.781901 0.454296 0.782552 0.455210 0.782552 0.456124 0.782552 0.457038 0.782552 0.457952 0.782552 0.458867 0.782552 0.459781 0.782552 0.460695 0.782552 0.461609 0.782552 0.462523 0.782552 0.463437 0.783203 0.464351 0.782552 0.465265 0.782552 0.466179 0.782552 0.467093 0.782552 0.468007 0.782552 0.468921 0.782552 0.469835 0.781901 0.470750 0.781901 0.471664 0.781901 0.472578 0.781901 0.473492 0.781901 0.474406 0.781901 0.475320 0.781250 0.476234 0.781901 0.477148 0.781250 0.478062 0.781250 0.478976 0.780599 0.479890 0.780599 0.480804 0.779948 0.481718 0.779948 0.482633 0.779297 0.483547 0.778646 0.484461 0.777995 0.484461 0.777344 0.485375 0.776693 0.486289 0.777344 0.487203 0.776693 0.488117 0.777344 0.489031 0.777995 0.489945 0.777344 0.490859 0.777344 0.491773 0.777344 0.492687 0.777344 0.493601 0.777995 0.494516 0.777995 0.495430 0.777344 0.496344 0.776693 0.497258 0.776042 0.498172 0.775391 0.497258 0.774740 0.497258 0.774089 0.498172 0.773438 0.499086 0.774089 0.500000 0.773438 0.500914 0.774089 0.501828 0.774089 0.502742 0.773438 0.503656 0.774089 0.504570 0.774740 0.505484 0.775391 0.506399 0.775391 0.507313 0.775391 0.508227 0.776042 0.509141 0.776693 0.510055 0.777344 0.510969 0.777995 0.511883 0.777995 0.512797 0.777995 0.513711 0.778646 0.514625 0.778646 0.515539 0.778646 0.516453 0.779297 0.517367 0.779948 0.518282 0.780599 0.517367 0.781250 0.517367 0.781901 0.518282 0.782552 0.519196 0.781901 0.520110 0.782552 0.520110 0.783203 0.519196 0.783854 0.519196 0.784505 0.519196 0.785156 0.518282 0.785807 0.519196 0.785156 0.518282 0.785807 0.517367 0.785807 0.516453 0.785156 0.515539 0.785156 0.514625 0.785156 0.513711 0.784505 0.512797 0.784505 0.511883 0.784505 0.510969 0.783854 0.510055 0.783854 0.509141 0.783203 0.509141 0.782552 0.509141 0.781901 0.508227 0.781250 0.508227 0.780599 0.507313 0.779948 0.506399 0.779297 0.505484 0.778646 0.504570 0.777995 0.504570 0.777344 0.503656 0.776693 0.502742 0.776042 0.501828 0.775391 0.500914 0.776042 0.500000 0.776693 0.499086 0.777344 0.498172 0.777995 0.497258 0.778646 0.497258 0.779297 0.497258 0.779948 0.496344 0.780599 0.497258 0.781250 0.497258 0.781901 0.498172 0.782552 0.499086 0.783203 0.498172 0.783854 0.499086 0.784505 0.500000 0.785156 0.500000 0.785807 0.500000 0.786458 0.500000 0.787109 0.500000 0.787760 0.499086 0.788411 0.500000 0.789062 0.499086 0.788411 0.498172 0.789062 0.497258 0.789714 0.496344 0.790365 0.496344 0.791016 0.495430 0.791667 0.494516 0.792318 0.493601 0.792969 0.493601 0.793620 0.493601 0.794271 0.493601 0.794922 0.493601 0.795573 0.493601 0.796224 0.493601 0.796875 0.493601 0.797526 0.493601 0.798177 0.492687 0.798828 0.492687 0.798177 0.491773 0.798828 0.490859 0.798177 0.489945 0.798828 0.489031 0.798828 0.488117 0.798828 0.487203 0.798177 0.486289 0.797526 0.486289 0.796875 0.486289 0.796224 0.485375 0.795573 0.485375 0.794922 0.484461 0.794271 0.484461 0.793620 0.484461 0.792969 0.484461 0.792318 0.484461 0.791667 0.485375 0.791016 0.484461 0.790365 0.485375 0.789714 0.486289 0.789062 0.487203 0.788411 0.487203 0.787760 0.488117 0.787109 0.489031 0.786458 0.489945 0.785807 0.490859 0.785156 0.490859 0.784505 0.491773 0.783854 0.492687 0.783203 0.493601 0.782552 0.494516 0.781901 0.494516 0.781250 0.494516 0.780599 0.493601 0.779948 0.492687 0.779948 0.491773 0.780599 0.490859 0.779948 0.489945 0.780599 0.489031 0.781250 0.488117 0.781250 0.487203 0.781901 0.486289 0.782552 0.485375 0.782552 0.484461 0.783203 0.483547 0.783203 0.482633 0.783854 0.481718 0.784505 0.480804 0.784505 0.479890 0.785156 0.478976 0.785807 0.478062 0.786458 0.477148 0.787109 0.476234 0.787760 0.475320 0.788411 0.475320 0.789062 0.475320 0.789714 0.475320 0.790365 0.475320 0.791016 0.476234 0.791667 0.476234 0.792318 0.476234 0.792969 0.477148 0.793620 0.476234 0.794271 0.476234 0.794922 0.475320 0.795573 0.474406 0.796224 0.475320 0.796875 0.474406 0.796875 0.473492 0.797526 0.472578 0.796875 0.471664 0.797526 0.470750 0.796875 0.469835 0.796224 0.468921 0.796224 0.468007 0.795573 0.467093 0.794922 0.466179 0.794271 0.465265 0.794922 0.464351 0.794922 0.463437 0.794271 0.462523 0.793620 0.461609 0.792969 0.460695 0.792318 0.460695 0.791667 0.459781 0.791016 0.460695 0.790365 0.460695 0.789714 0.459781 0.789062 0.458867 0.788411 0.457952 0.788411 0.457038 0.789062 0.456124 0.789062 0.455210 0.789062 0.454296 0.789062 0.453382 0.788411 0.452468 0.789062 0.451554 0.789714 0.450640 0.790365 0.451554 0.791016 0.450640 0.791016 0.449726 0.791667 0.448812 0.791667 0.447898 0.791016 0.446984 0.790365 0.446069 0.790365 0.445155 0.789714 0.444241 0.790365 0.443327 0.791016 0.442413 0.791667 0.442413 0.792318 0.441499 0.792969 0.442413 0.793620 0.442413 0.794271 0.442413 0.794922 0.442413 0.795573 0.441499 0.796224 0.441499 0.796875 0.441499 0.797526 0.441499 0.798177 0.440585 0.798828 0.439671 0.799479 0.439671 0.800130 0.439671 0.800781 0.439671 0.800781 0.438757 0.801432 0.437843 0.802083 0.436929 0.801432 0.436015 0.801432 0.435101 0.800781 0.434186 0.800130 0.433272 0.799479 0.432358 0.798828 0.432358 0.798177 0.431444 0.797526 0.432358 0.796875 0.432358 0.796224 0.432358 0.795573 0.433272 0.794922 0.433272 0.794271 0.433272 0.793620 0.433272 0.792969 0.433272 0.792318 0.434186 0.791667 0.435101 0.791016 0.436015 0.791016 0.436929 0.790365 0.437843 0.789714 0.438757 0.789062 0.438757 0.788411 0.439671 0.787760 0.439671 0.787109 0.438757 0.786458 0.437843 0.786458 0.436929 0.786458 0.436015 0.787109 0.435101 0.787760 0.434186 0.788411 0.433272 0.789062 0.432358 0.789714 0.431444 0.789714 0.430530 0.790365 0.429616 0.791016 0.428702 0.791667 0.427788 0.792318 0.427788 0.792318 0.426874 0.792969 0.425960 0.793620 0.425046 0.793620 0.424132 0.793620 0.423218 0.794271 0.422303 0.794922 0.421389 0.795573 0.420475 0.796224 0.419561 0.796875 0.419561 0.797526 0.419561 0.798177 0.418647 0.798828 0.417733 0.798828 0.416819 0.799479 0.415905 0.800130 0.414991 0.800781 0.414991 0.801432 0.414991 0.802083 0.414991 0.802734 0.414991 0.803385 0.414991 0.804036 0.414991 0.804688 0.415905 0.805339 0.415905 0.805990 0.416819 0.806641 0.417733 0.806641 0.418647 0.807292 0.419561 0.807943 0.419561 0.808594 0.420475 0.809245 0.420475 0.809896 0.421389 0.810547 0.421389 0.811198 0.420475 0.811849 0.420475 0.812500 0.419561 0.813151 0.418647 0.813802 0.417733 0.814453 0.417733 0.814453 0.416819 0.814453 0.415905 0.815104 0.414991 0.815104 0.414077 0.815755 0.413163 0.815104 0.412249 0.814453 0.411335 0.813802 0.411335 0.813151 0.410420 0.812500 0.411335 0.811849 0.411335 0.811198 0.411335 0.810547 0.411335 0.809896 0.410420 0.809245 0.409506 0.809245 0.408592 0.809245 0.407678 0.809896 0.406764 0.810547 0.405850 0.811198 0.404936 0.811849 0.404936 0.812500 0.404022 0.813151 0.404022 0.813802 0.403108 0.814453 0.403108 0.815104 0.402194 0.815755 0.402194 0.816406 0.401280 0.817057 0.400366 0.817708 0.400366 0.818359 0.399452 0.819010 0.399452 0.819661 0.398537 0.820312 0.397623 0.820964 0.396709 0.821615 0.396709 0.822266 0.395795 0.822917 0.394881 0.823568 0.393967 0.824219 0.393967 0.824870 0.393053 0.825521 0.393053 0.826172 0.392139 0.826823 0.391225 0.827474 0.390311 0.828125 0.390311 0.828776 0.389397 0.829427 0.389397 0.830078 0.389397 0.830729 0.388483 0.831380 0.388483 0.832031 0.387569 0.832682 0.388483 0.833333 0.387569 0.833984 0.387569 0.834635 0.387569 0.835286 0.387569 0.835938 0.386654 0.836589 0.386654 0.835938 0.385740 0.836589 0.384826 0.836589 0.383912 0.836589 0.382998 0.837240 0.382084 0.837891 0.381170 0.838542 0.380256 0.839193 0.379342 0.839193 0.378428 0.839844 0.377514 0.840495 0.376600 0.841146 0.376600 0.841797 0.375686 0.842448 0.374771 0.843099 0.373857 0.843750 0.372943 0.844401 0.372943 0.845052 0.372029 0.845703 0.372029 0.846354 0.371115 0.847005 0.371115 0.847656 0.371115 0.848307 0.371115 0.848958 0.370201 0.849609 0.371115 0.850260 0.371115 0.850911 0.371115 0.851562 0.371115 0.852214 0.371115 0.851562 0.370201 0.851562 0.369287 0.852214 0.368373 0.852865 0.367459 0.852865 0.366545 0.852214 0.365631 0.851562 0.364717 0.852214 0.363803 0.852865 0.362888 0.853516 0.361974 0.854167 0.361060 0.854818 0.360146 0.855469 0.360146 0.856120 0.360146 0.856771 0.360146 0.857422 0.360146 0.858073 0.359232 0.858724 0.358318 0.859375 0.357404 0.860026 0.356490 0.860677 0.355576 0.861328 0.355576 0.860677 0.354662 0.860677 0.353748 0.861328 0.352834 0.861328 0.351920 0.861328 0.351005 0.860677 0.350091 0.860677 0.349177 0.860026 0.349177 0.859375 0.349177 0.858724 0.349177 0.858073 0.348263 0.857422 0.349177 0.856771 0.349177 0.856120 0.348263 0.855469 0.349177 0.854818 0.350091 0.854167 0.350091 0.853516 0.350091 0.852865 0.351005 0.852214 0.350091 0.851562 0.351005 0.850911 0.351005 0.850260 0.351920 0.849609 0.351920 0.848958 0.351005 0.848307 0.350091 0.847656 0.349177 0.847005 0.348263 0.846354 0.347349 0.845703 0.347349 0.845052 0.348263 0.844401 0.348263 0.844401 0.349177 0.843750 0.350091 0.843099 0.351005 0.842448 0.351920 0.841797 0.352834 0.842448 0.353748 0.842448 0.354662 0.843099 0.355576 0.843750 0.356490 0.843099 0.357404 0.843750 0.358318 0.843750 0.359232 0.843099 0.360146 0.842448 0.361060 0.842448 0.361974 0.841797 0.362888 0.841146 0.363803 0.840495 0.363803 0.839844 0.363803 0.839193 0.364717 0.838542 0.364717 0.837891 0.364717 0.837240 0.364717 0.837240 0.365631 0.836589 0.366545 0.835938 0.367459 0.835286 0.368373 0.834635 0.368373 0.833984 0.369287 0.833333 0.370201 0.832682 0.371115 0.832031 0.372029 0.831380 0.372029 0.830729 0.372943 0.830078 0.373857 0.829427 0.374771 0.828776 0.374771 0.828125 0.375686 0.827474 0.376600 0.826823 0.376600 0.826172 0.377514 0.825521 0.378428 0.824870 0.379342 0.824219 0.380256 0.823568 0.381170 0.822917 0.382084 0.822266 0.382998 0.821615 0.383912 0.820964 0.384826 0.820312 0.385740 0.819661 0.386654 0.819010 0.385740 0.818359 0.386654 0.817708 0.387569 0.817057 0.388483 0.816406 0.389397 0.815755 0.390311 0.815755 0.391225 0.815104 0.392139 0.814453 0.393053 0.813802 0.393053 0.813151 0.393053 0.813151 0.393967 0.812500 0.394881 0.811849 0.395795 0.811198 0.396709 0.810547 0.397623 0.809896 0.397623 0.809245 0.398537 0.809245 0.399452 0.808594 0.400366 0.808594 0.401280 0.807943 0.402194 0.807292 0.403108 0.806641 0.403108 0.805990 0.403108 0.805339 0.402194 0.804688 0.401280 0.805339 0.400366 0.804688 0.399452 0.804036 0.398537 0.804036 0.397623 0.803385 0.396709 0.802734 0.395795 0.802083 0.395795 0.801432 0.395795 0.800781 0.394881 0.800130 0.394881 0.799479 0.395795 0.798828 0.395795 0.799479 0.396709 0.798828 0.397623 0.798828 0.398537 0.798828 0.399452 0.799479 0.400366 0.798828 0.401280 0.799479 0.402194 0.799479 0.403108 0.799479 0.404022 0.799479 0.404936 0.798828 0.405850 0.798177 0.406764 0.797526 0.407678 0.796875 0.408592 0.796224 0.409506 0.795573 0.410420 0.794922 0.411335 0.794271 0.411335 0.793620 0.411335 0.792969 0.411335 0.792318 0.411335 0.791667 0.411335 0.791016 0.412249 0.790365 0.411335 0.791016 0.412249 0.790365 0.413163 0.790365 0.414077 0.790365 0.414991 0.790365 0.415905 0.791016 0.416819 0.790365 0.417733 0.791016 0.418647 0.791016 0.419561 0.791016 0.420475 0.791667 0.421389 0.791016 0.422303 0.790365 0.423218 0.789714 0.424132 0.789062 0.425046 0.788411 0.425960 0.787760 0.425960 0.787109 0.425046 0.786458 0.424132 0.785807 0.423218 0.785156 0.422303 0.784505 0.421389 0.784505 0.420475 0.783854 0.419561 0.783854 0.418647 0.783203 0.417733 0.783203 0.416819 0.783203 0.415905 0.783203 0.414991 0.783203 0.414077 0.783854 0.413163 0.783854 0.412249 0.783854 0.411335 0.784505 0.410420 0.784505 0.409506 0.785156 0.408592 0.785156 0.407678 0.785807 0.406764 0.785156 0.405850 0.785807 0.404936 0.785807 0.404022 0.785807 0.403108 0.786458 0.402194 0.787109 0.401280 0.787109 0.400366 0.787109 0.399452 0.787760 0.398537 0.787760 0.397623 0.788411 0.396709 0.788411 0.395795 0.789062 0.394881 0.789062 0.393967 0.789714 0.393053 0.790365 0.392139 0.791016 0.391225 0.791667 0.390311 0.792318 0.389397 0.792969 0.389397 0.793620 0.388483 0.794271 0.387569 0.794922 0.387569 0.794922 0.386654 0.795573 0.385740 0.795573 0.384826 0.794922 0.383912 0.794922 0.382998 0.794271 0.382084 0.793620 0.381170 0.792969 0.381170 0.792318 0.381170 0.791667 0.381170 0.791016 0.380256 0.790365 0.381170 0.789714 0.381170 0.789062 0.382084 0.789062 0.382998 0.788411 0.383912 0.789062 0.384826 0.788411 0.385740 0.787760 0.386654 0.787760 0.387569 0.787760 0.388483 0.787760 0.389397 0.787109 0.390311 0.787109 0.391225 0.786458 0.392139 0.785807 0.393053 0.785156 0.393053 0.784505 0.392139 0.783854 0.391225 0.783203 0.390311 0.783203 0.389397 0.783854 0.388483 0.783854 0.387569 0.783854 0.386654 0.783854 0.385740 0.783854 0.384826 0.783203 0.383912 0.783854 0.382998 0.783203 0.382084 0.783203 0.381170 0.783203 0.380256 0.783203 0.379342 0.782552 0.378428 0.781901 0.377514 0.781901 0.376600 0.781901 0.375686 0.782552 0.374771 0.782552 0.373857 0.783203 0.372943 0.783854 0.372029 0.784505 0.371115 0.785156 0.370201 0.785156 0.369287 0.785156 0.368373 0.785807 0.367459 0.785156 0.366545 0.785156 0.365631 0.785156 0.364717 0.784505 0.363803 0.784505 0.362888 0.784505 0.361974 0.784505 0.361060 0.785156 0.360146 0.785807 0.359232 0.786458 0.358318 0.787109 0.358318 0.787760 0.358318 0.788411 0.358318 0.789062 0.358318 0.788411 0.357404 0.789062 0.356490 0.789714 0.355576 0.789714 0.354662 0.789714 0.353748 0.789062 0.352834 0.789062 0.351920 0.788411 0.351920 0.787760 0.351920 0.787109 0.351920 0.786458 0.351005 0.785807 0.351920 0.785156 0.352834 0.784505 0.352834 0.783854 0.353748 0.783203 0.354662 0.782552 0.354662 0.781901 0.355576 0.781901 0.356490 0.781250 0.357404 0.781250 0.358318 0.780599 0.359232 0.780599 0.360146 0.779948 0.361060 0.779948 0.361974 0.779948 0.362888 0.779297 0.363803 0.778646 0.364717 0.777995 0.365631 0.777344 0.365631 0.776693 0.364717 0.776042 0.363803 0.775391 0.362888 0.775391 0.361974 0.775391 0.361060 0.776042 0.360146 0.775391 0.359232 0.775391 0.358318 0.776042 0.357404 0.776693 0.356490 0.777344 0.355576 0.777344 0.354662 0.777995 0.353748 0.778646 0.352834 0.779297 0.351920 0.779948 0.351005 0.780599 0.350091 0.781250 0.349177 0.781901 0.349177 0.782552 0.349177 0.781901 0.348263 0.782552 0.347349 0.782552 0.346435 0.782552 0.345521 0.783203 0.344607 0.782552 0.343693 0.781901 0.342779 0.781901 0.341865 0.781250 0.340951 0.781250 0.340037 0.781250 0.339122 0.780599 0.338208 0.781250 0.337294 0.781901 0.336380 0.782552 0.336380 0.783203 0.336380 0.783854 0.336380 0.784505 0.335466 0.785156 0.336380 0.785807 0.336380 0.786458 0.336380 0.787109 0.335466 0.787760 0.334552 0.788411 0.335466 0.789062 0.334552 0.789062 0.333638 0.789062 0.332724 0.789062 0.331810 0.789062 0.330896 0.789062 0.329982 0.789062 0.329068 0.788411 0.328154 0.787760 0.327239 0.787109 0.326325 0.786458 0.326325 0.785807 0.326325 0.785156 0.326325 0.784505 0.326325 0.783854 0.326325 0.783203 0.326325 0.782552 0.327239 0.781901 0.328154 0.781250 0.327239 0.780599 0.328154 0.779948 0.327239 0.779297 0.326325 0.779297 0.325411 0.779948 0.324497 0.780599 0.323583 0.781250 0.323583 0.781901 0.322669 0.782552 0.321755 0.782552 0.320841 0.782552 0.319927 0.781901 0.319927 0.781250 0.319013 0.780599 0.318099 0.779948 0.319013 0.779297 0.319927 0.778646 0.319013 0.777995 0.318099 0.777344 0.317185 0.777995 0.316271 0.778646 0.315356 0.779297 0.314442 0.779948 0.314442 0.780599 0.314442 0.781250 0.313528 0.781901 0.313528 0.782552 0.313528 0.783203 0.313528 0.783854 0.313528 0.784505 0.312614 0.785156 0.312614 0.785156 0.311700 0.785156 0.310786 0.785807 0.309872 0.785156 0.308958 0.785156 0.308044 0.785156 0.307130 0.784505 0.307130 0.783854 0.306216 0.783203 0.306216 0.782552 0.306216 0.781901 0.306216 0.781250 0.306216 0.780599 0.306216 0.779948 0.305302 0.779297 0.304388 0.779948 0.303473 0.780599 0.302559 0.781250 0.301645 0.781901 0.301645 0.782552 0.301645 0.783203 0.300731 0.783854 0.299817 0.784505 0.299817 0.783854 0.298903 0.783203 0.297989 0.783854 0.297075 0.784505 0.296161 0.783854 0.295247 0.783203 0.294333 0.783203 0.293419 0.782552 0.293419 0.781901 0.292505 0.781250 0.291590 0.780599 0.292505 0.779948 0.291590
0 0.411458 0.287020 0.410807 0.287934 0.410156 0.287934 0.409505 0.287934 0.409505 0.288848 0.408854 0.289762 0.408854 0.290676 0.408854 0.291590 0.409505 0.292505 0.409505 0.293419 0.408854 0.294333 0.409505 0.293419 0.410156 0.293419 0.410807 0.294333 0.411458 0.294333 0.412109 0.294333 0.412760 0.294333 0.413411 0.294333 0.414062 0.294333 0.414714 0.293419 0.415365 0.293419 0.416016 0.292505 0.416667 0.291590 0.417318 0.292505 0.417969 0.291590 0.418620 0.291590 0.419271 0.292505 0.419922 0.291590 0.420573 0.291590 0.421224 0.292505 0.421875 0.293419 0.422526 0.294333 0.423177 0.295247 0.423828 0.296161 0.424479 0.296161 0.425130 0.295247 0.425781 0.296161 0.426432 0.296161 0.426432 0.295247 0.427083 0.294333 0.427083 0.293419 0.427083 0.292505 0.427083 0.291590 0.426432 0.290676 0.425781 0.289762 0.425130 0.290676 0.424479 0.289762 0.423828 0.289762 0.423177 0.290676 0.422526 0.289762 0.421875 0.289762 0.421224 0.289762 0.420573 0.288848 0.419922 0.287934 0.419271 0.288848 0.418620 0.288848 0.417969 0.287934 0.417318 0.287934 0.416667 0.287934 0.416016 0.287020 0.415365 0.287020 0.414714 0.287934 0.414062 0.287934 0.413411 0.287934 0.412760 0.287934 0.412109 0.287934
0 0.500000 0.285192 0.500000 0.286106 0.499349 0.287020 0.498698 0.287934 0.499349 0.288848 0.499349 0.289762 0.499349 0.290676 0.499349 0.291590 0.499349 0.292505 0.500000 0.293419 0.500651 0.294333 0.500000 0.295247 0.500651 0.294333 0.501302 0.295247 0.501953 0.296161 0.502604 0.297075 0.502604 0.297989 0.503255 0.298903 0.503255 0.299817 0.503906 0.300731 0.504557 0.301645 0.504557 0.302559 0.504557 0.303473 0.504557 0.304388 0.504557 0.305302 0.505208 0.306216 0.505859 0.306216 0.506510 0.306216 0.507161 0.307130 0.507812 0.308044 0.508464 0.307130 0.509115 0.308044 0.509115 0.307130 0.509115 0.306216 0.509766 0.305302 0.509115 0.304388 0.509766 0.303473 0.510417 0.302559 0.509766 0.301645 0.509115 0.300731 0.508464 0.299817 0.509115 0.298903 0.509766 0.297989 0.509115 0.297075 0.508464 0.296161 0.509115 0.295247 0.508464 0.294333 0.507812 0.293419 0.508464 0.292505 0.507812 0.291590 0.507812 0.290676 0.507161 0.290676 0.506510 0.289762 0.505859 0.288848 0.505208 0.288848 0.504557 0.288848 0.503906 0.287934 0.503255 0.287934 0.502604 0.287020 0.501953 0.286106 0.502604 0.285192 0.501953 0.286106 0.501302 0.285192 0.500651 0.285192
0 0.469401 0.255941 0.469401 0.256856 0.468750 0.257770 0.468750 0.258684 0.468099 0.259598 0.468750 0.260512 0.468099 0.261426 0.468099 0.262340 0.468750 0.262340 0.469401 0.263254 0.470052 0.263254 0.470703 0.264168 0.471354 0.265082 0.471354 0.265996 0.472005 0.265996 0.472656 0.266910 0.473307 0.267824 0.473958 0.266910 0.474609 0.267824 0.475260 0.268739 0.475911 0.269653 0.476562 0.270567 0.477214 0.271481 0.477865 0.272395 0.478516 0.273309 0.479167 0.274223 0.479167 0.275137 0.479167 0.276051 0.479818 0.276965 0.480469 0.277879 0.480469 0.278793 0.481120 0.279707 0.481771 0.280622 0.481120 0.281536 0.481120 0.282450 0.480469 0.283364 0.479818 0.284278 0.479167 0.284278 0.478516 0.283364 0.477865 0.282450 0.477865 0.281536 0.477214 0.281536 0.476562 0.281536 0.475911 0.281536 0.475260 0.281536 0.474609 0.281536 0.473958 0.282450 0.473307 0.282450 0.473307 0.283364 0.472656 0.284278 0.473307 0.285192 0.473307 0.286106 0.473307 0.287020 0.473307 0.287934 0.473958 0.287020 0.474609 0.287020 0.475260 0.287934 0.475911 0.288848 0.476562 0.287934 0.477214 0.288848 0.477865 0.288848 0.478516 0.289762 0.479167 0.290676 0.479167 0.291590 0.479818 0.292505 0.480469 0.293419 0.481120 0.294333 0.481771 0.295247 0.481120 0.296161 0.481120 0.297075 0.481771 0.297989 0.481120 0.298903 0.481120 0.299817 0.481120 0.300731 0.481120 0.301645 0.481120 0.302559 0.481120 0.303473 0.480469 0.304388 0.481120 0.305302 0.480469 0.306216 0.481120 0.307130 0.480469 0.308044 0.480469 0.308958 0.481120 0.309872 0.480469 0.310786 0.479818 0.311700 0.479167 0.312614 0.478516 0.312614 0.477865 0.312614 0.477214 0.313528 0.476562 0.314442 0.475911 0.315356 0.475260 0.315356 0.474609 0.315356 0.473958 0.316271 0.473307 0.317185 0.472656 0.316271 0.472005 0.315356 0.472005 0.314442 0.471354 0.314442 0.470703 0.313528 0.470052 0.312614 0.470052 0.311700 0.469401 0.310786 0.470052 0.309872 0.469401 0.308958 0.470052 0.308044 0.469401 0.308044 0.468750 0.307130 0.468099 0.308044 0.467448 0.307130 0.466797 0.306216 0.466797 0.307130 0.466146 0.308044 0.465495 0.308958 0.466146 0.309872 0.466146 0.310786 0.466146 0.311700 0.465495 0.312614 0.465495 0.313528 0.466146 0.314442 0.466146 0.315356 0.466797 0.316271 0.467448 0.317185 0.467448 0.318099 0.468099 0.319013 0.468750 0.319927 0.468750 0.320841 0.468750 0.321755 0.468099 0.322669 0.467448 0.323583 0.467448 0.324497 0.466797 0.325411 0.466146 0.326325 0.465495 0.325411 0.466146 0.326325 0.465495 0.327239 0.465495 0.328154 0.465495 0.329068 0.466146 0.329068 0.466797 0.329068 0.467448 0.329068 0.468099 0.329982 0.468750 0.329068 0.469401 0.329068 0.470052 0.329068 0.470703 0.328154 0.470703 0.327239 0.470703 0.326325 0.471354 0.325411 0.472005 0.324497 0.472656 0.324497 0.473307 0.323583 0.473958 0.322669 0.474609 0.321755 0.475260 0.321755 0.475911 0.320841 0.476562 0.320841 0.477214 0.319927 0.477865 0.319013 0.478516 0.319013 0.478516 0.318099 0.478516 0.317185 0.479167 0.316271 0.479818 0.315356 0.480469 0.314442 0.481120 0.313528 0.481771 0.312614 0.482422 0.312614 0.483073 0.311700 0.483724 0.310786 0.484375 0.309872 0.485026 0.309872 0.485677 0.309872 0.486328 0.309872 0.486979 0.309872 0.487630 0.308958 0.488281 0.308044 0.488932 0.308044 0.489583 0.307130 0.490234 0.307130 0.490885 0.306216 0.491536 0.305302 0.492188 0.304388 0.492839 0.305302 0.492839 0.306216 0.493490 0.306216 0.494141 0.307130 0.494792 0.308044 0.495443 0.308958 0.496094 0.309872 0.496745 0.310786 0.496745 0.311700 0.496094 0.312614 0.496745 0.312614 0.497396 0.313528 0.498047 0.312614 0.498698 0.312614 0.499349 0.313528 0.500000 0.313528 0.500000 0.312614 0.500651 0.311700 0.500000 0.310786 0.500000 0.309872 0.500000 0.308958 0.499349 0.308044 0.498698 0.307130 0.499349 0.306216 0.498698 0.305302 0.498047 0.304388 0.497396 0.304388 0.496745 0.305302 0.496094 0.305302 0.495443 0.304388 0.494792 0.305302 0.494141 0.305302 0.493490 0.304388 0.492839 0.303473 0.492188 0.304388 0.491536 0.305302 0.490885 0.304388 0.490234 0.305302 0.489583 0.305302 0.488932 0.304388 0.488281 0.305302 0.487630 0.305302 0.486979 0.305302 0.486328 0.306216 0.485677 0.305302 0.485026 0.304388 0.485677 0.303473 0.485026 0.302559 0.485026 0.301645 0.485026 0.300731 0.484375 0.299817 0.485026 0.298903 0.484375 0.297989 0.483724 0.297075 0.483073 0.296161 0.483073 0.295247 0.482422 0.294333 0.481771 0.293419 0.482422 0.292505 0.481771 0.291590 0.482422 0.290676 0.482422 0.289762 0.483073 0.288848 0.483724 0.287934 0.484375 0.287020 0.484375 0.286106 0.485026 0.285192 0.485026 0.284278 0.484375 0.283364 0.484375 0.282450 0.484375 0.281536 0.483724 0.280622 0.483724 0.279707 0.483073 0.278793 0.483073 0.277879 0.483073 0.276965 0.482422 0.276051 0.483073 0.275137 0.482422 0.274223 0.482422 0.273309 0.481771 0.272395 0.481771 0.271481 0.481120 0.270567 0.480469 0.269653 0.479818 0.268739 0.479167 0.267824 0.479167 0.266910 0.478516 0.265996 0.477865 0.265082 0.477214 0.265996 0.476562 0.265082 0.475911 0.264168 0.475260 0.263254 0.474609 0.262340 0.473958 0.261426 0.473307 0.260512 0.472656 0.259598 0.472656 0.258684 0.472005 0.257770 0.472005 0.256856 0.471354 0.256856 0.470703 0.255941 0.470052 0.256856
0 0.204427 0.246801 0.203776 0.247715 0.203125 0.247715 0.202474 0.247715 0.201823 0.247715 0.201172 0.248629 0.201172 0.249543 0.200521 0.250457 0.200521 0.251371 0.201172 0.252285 0.200521 0.253199 0.199870 0.254113 0.199219 0.254113 0.198568 0.254113 0.197917 0.253199 0.197266 0.253199 0.196615 0.253199 0.195964 0.253199 0.195312 0.253199 0.194661 0.254113 0.194010 0.255027 0.193359 0.254113 0.192708 0.254113 0.192057 0.255027 0.191406 0.255027 0.190755 0.255027 0.190104 0.255027 0.189453 0.255027 0.188802 0.255027 0.188151 0.255941 0.187500 0.255941 0.186849 0.256856 0.186198 0.257770 0.186849 0.258684 0.186198 0.259598 0.186849 0.260512 0.186849 0.261426 0.187500 0.262340 0.187500 0.263254 0.187500 0.264168 0.187500 0.265082 0.188151 0.265996 0.188802 0.266910 0.188802 0.267824 0.189453 0.268739 0.190104 0.269653 0.190755 0.270567 0.191406 0.271481 0.192057 0.272395 0.192708 0.272395 0.193359 0.272395 0.194010 0.272395 0.194661 0.273309 0.195312 0.274223 0.195964 0.275137 0.196615 0.276051 0.196615 0.276965 0.197266 0.277879 0.197917 0.278793 0.198568 0.279707 0.199219 0.280622 0.199219 0.281536 0.199219 0.282450 0.199870 0.283364 0.199870 0.284278 0.199870 0.285192 0.199870 0.286106 0.199870 0.287020 0.199870 0.287934 0.199219 0.288848 0.199219 0.289762 0.198568 0.290676 0.198568 0.291590 0.198568 0.292505 0.198568 0.293419 0.198568 0.294333 0.198568 0.295247 0.199219 0.296161 0.199219 0.297075 0.199219 0.297989 0.199219 0.298903 0.199870 0.298903 0.200521 0.299817 0.201172 0.298903 0.201823 0.298903 0.202474 0.299817 0.203125 0.300731 0.203776 0.301645 0.203125 0.302559 0.202474 0.303473 0.201823 0.304388 0.202474 0.305302 0.202474 0.306216 0.202474 0.307130 0.202474 0.308044 0.203125 0.308958 0.203776 0.309872 0.204427 0.310786 0.205078 0.311700 0.205078 0.312614 0.205729 0.313528 0.205729 0.314442 0.205729 0.315356 0.205729 0.316271 0.205729 0.317185 0.205078 0.318099 0.205078 0.319013 0.204427 0.319927 0.203776 0.320841 0.203125 0.320841 0.202474 0.321755 0.201823 0.322669 0.201172 0.323583 0.201172 0.324497 0.201172 0.325411 0.200521 0.326325 0.200521 0.327239 0.199870 0.328154 0.199870 0.329068 0.200521 0.329982 0.200521 0.330896 0.200521 0.331810 0.201172 0.331810 0.201823 0.332724 0.202474 0.333638 0.203125 0.333638 0.203776 0.332724 0.204427 0.332724 0.205078 0.332724 0.205729 0.331810 0.206380 0.331810 0.207031 0.331810 0.207682 0.331810 0.207682 0.330896 0.208333 0.329982 0.208984 0.329068 0.209635 0.328154 0.210286 0.328154 0.210938 0.328154 0.211589 0.328154 0.212240 0.329068 0.212891 0.329982 0.213542 0.329068 0.214193 0.329982 0.214844 0.330896 0.215495 0.329982 0.216146 0.330896 0.216797 0.331810 0.217448 0.332724 0.216797 0.333638 0.216146 0.334552 0.215495 0.335466 0.214844 0.335466 0.214193 0.335466 0.213542 0.335466 0.212891 0.335466 0.212240 0.335466 0.211589 0.335466 0.210938 0.336380 0.210938 0.337294 0.210286 0.338208 0.210938 0.339122 0.211589 0.340037 0.211589 0.340951 0.212240 0.341865 0.212891 0.341865 0.213542 0.342779 0.214193 0.343693 0.214193 0.344607 0.214844 0.345521 0.214193 0.346435 0.214844 0.347349 0.214844 0.348263 0.214844 0.349177 0.214844 0.350091 0.214844 0.351005 0.214193 0.351920 0.214844 0.352834 0.214844 0.353748 0.214193 0.354662 0.214193 0.355576 0.214193 0.356490 0.214193 0.357404 0.214193 0.358318 0.214844 0.359232 0.214844 0.360146 0.214193 0.361060 0.214844 0.361974 0.214844 0.362888 0.214844 0.363803 0.214844 0.364717 0.214844 0.365631 0.214844 0.366545 0.214844 0.367459 0.215495 0.368373 0.215495 0.369287 0.214844 0.370201 0.215495 0.371115 0.214844 0.372029 0.215495 0.372943 0.214844 0.373857 0.215495 0.374771 0.215495 0.375686 0.215495 0.376600 0.216146 0.377514 0.216146 0.378428 0.216146 0.379342 0.216146 0.380256 0.216146 0.381170 0.216146 0.382084 0.216146 0.382998 0.216146 0.383912 0.216146 0.384826 0.216146 0.385740 0.216146 0.386654 0.216797 0.387569 0.216797 0.388483 0.216797 0.389397 0.216797 0.390311 0.216797 0.391225 0.216797 0.392139 0.217448 0.393053 0.217448 0.393967 0.216797 0.394881 0.216146 0.395795 0.215495 0.395795 0.214844 0.395795 0.214193 0.394881 0.213542 0.394881 0.212891 0.394881 0.212240 0.393967 0.211589 0.393053 0.210938 0.392139 0.210938 0.391225 0.210286 0.391225 0.209635 0.391225 0.208984 0.390311 0.208333 0.389397 0.207682 0.388483 0.207031 0.387569 0.207031 0.386654 0.207031 0.385740 0.207031 0.384826 0.206380 0.383912 0.205729 0.382998 0.205078 0.382084 0.205078 0.381170 0.204427 0.380256 0.203776 0.379342 0.203125 0.378428 0.202474 0.377514 0.201823 0.378428 0.201172 0.377514 0.200521 0.377514 0.199870 0.376600 0.199219 0.376600 0.198568 0.376600 0.197917 0.377514 0.197266 0.376600 0.197917 0.377514 0.197266 0.378428 0.196615 0.379342 0.195964 0.379342 0.196615 0.380256 0.195964 0.381170 0.196615 0.382084 0.195964 0.382998 0.196615 0.383912 0.195964 0.384826 0.195964 0.385740 0.195964 0.386654 0.195964 0.387569 0.195312 0.388483 0.195312 0.389397 0.195312 0.390311 0.194661 0.391225 0.194010 0.392139 0.194661 0.393053 0.194010 0.393967 0.194661 0.394881 0.194661 0.395795 0.195312 0.396709 0.194661 0.397623 0.195312 0.397623 0.195964 0.398537 0.196615 0.398537 0.197266 0.398537 0.197917 0.398537 0.198568 0.398537 0.199219 0.397623 0.199870 0.397623 0.200521 0.396709 0.201172 0.396709 0.201823 0.396709 0.202474 0.395795 0.203125 0.395795 0.203776 0.395795 0.204427 0.396709 0.205078 0.396709 0.205729 0.397623 0.206380 0.398537 0.207031 0.399452 0.207682 0.400366 0.208333 0.401280 0.208333 0.402194 0.208984 0.403108 0.208984 0.404022 0.209635 0.404936 0.210286 0.405850 0.210938 0.405850 0.211589 0.406764 0.212240 0.406764 0.212891 0.405850 0.213542 0.405850 0.214193 0.406764 0.214844 0.406764 0.215495 0.405850 0.216146 0.405850 0.216797 0.405850 0.217448 0.404936 0.218099 0.404936 0.218750 0.404936 0.219401 0.404022 0.220052 0.404022 0.220703 0.403108 0.221354 0.403108 0.222005 0.404022 0.222656 0.404022 0.223307 0.404936 0.223958 0.405850 0.224609 0.406764 0.224609 0.407678 0.223958 0.408592 0.224609 0.409506 0.224609 0.410420 0.224609 0.411335 0.224609 0.412249 0.224609 0.413163 0.224609 0.414077 0.225260 0.414991 0.224609 0.415905 0.225260 0.415905 0.225911 0.416819 0.226562 0.416819 0.227214 0.416819 0.227865 0.417733 0.228516 0.417733 0.229167 0.416819 0.229818 0.417733 0.230469 0.416819 0.231120 0.416819 0.231771 0.416819 0.232422 0.417733 0.233073 0.418647 0.233073 0.419561 0.233073 0.420475 0.232422 0.421389 0.231771 0.422303 0.231120 0.423218 0.230469 0.424132 0.230469 0.425046 0.229818 0.425960 0.230469 0.426874 0.230469 0.427788 0.231120 0.428702 0.231771 0.429616 0.232422 0.430530 0.231771 0.431444 0.231120 0.432358 0.230469 0.432358 0.229818 0.432358 0.229167 0.432358 0.229167 0.433272 0.229167 0.434186 0.228516 0.435101 0.228516 0.436015 0.228516 0.436929 0.229167 0.437843 0.228516 0.438757 0.227865 0.439671 0.227214 0.440585 0.227214 0.441499 0.226562 0.442413 0.226562 0.443327 0.227214 0.444241 0.227214 0.445155 0.227865 0.445155 0.228516 0.446069 0.229167 0.446984 0.229818 0.446984 0.230469 0.447898 0.231120 0.448812 0.231771 0.449726 0.232422 0.450640 0.233073 0.451554 0.232422 0.452468 0.233073 0.453382 0.232422 0.454296 0.232422 0.455210 0.231771 0.456124 0.231771 0.457038 0.231771 0.457952 0.231120 0.458867 0.231771 0.459781 0.231771 0.460695 0.232422 0.461609 0.232422 0.462523 0.233073 0.463437 0.232422 0.464351 0.233073 0.465265 0.233073 0.466179 0.233073 0.467093 0.233073 0.468007 0.233073 0.468921 0.233073 0.469835 0.233073 0.470750 0.233073 0.471664 0.233073 0.472578 0.233073 0.473492 0.233724 0.474406 0.234375 0.475320 0.235026 0.476234 0.235677 0.476234 0.236328 0.475320 0.236979 0.475320 0.237630 0.474406 0.238281 0.474406 0.238932 0.474406 0.239583 0.474406 0.240234 0.474406 0.240885 0.475320 0.241536 0.475320 0.242188 0.475320 0.242839 0.474406 0.243490 0.474406 0.244141 0.474406 0.244792 0.474406 0.245443 0.473492 0.246094 0.473492 0.246094 0.472578 0.246745 0.471664 0.247396 0.470750 0.246745 0.469835 0.246745 0.468921 0.246745 0.468007 0.246745 0.467093 0.246094 0.466179 0.245443 0.465265 0.245443 0.464351 0.244792 0.464351 0.244141 0.464351 0.243490 0.463437 0.242839 0.463437 0.242188 0.464351 0.241536 0.464351 0.240885 0.465265 0.240234 0.466179 0.239583 0.466179 0.238932 0.467093 0.238281 0.466179 0.237630 0.466179 0.236979 0.465265 0.236328 0.464351 0.235677 0.463437 0.235026 0.462523 0.235677 0.461609 0.236328 0.460695 0.236979 0.459781 0.237630 0.459781 0.238281 0.458867 0.238932 0.457952 0.239583 0.457038 0.240234 0.456124 0.240234 0.455210 0.240234 0.454296 0.240234 0.453382 0.240234 0.452468 0.239583 0.451554 0.239583 0.450640 0.239583 0.449726 0.239583 0.448812 0.239583 0.447898 0.239583 0.446984 0.239583 0.446069 0.240234 0.445155 0.240885 0.444241 0.240885 0.443327 0.240885 0.442413 0.240885 0.441499 0.240885 0.440585 0.240885 0.439671 0.240885 0.438757 0.241536 0.437843 0.240885 0.436929 0.240234 0.436015 0.240234 0.435101 0.239583 0.434186 0.238932 0.433272 0.238932 0.432358 0.238281 0.431444 0.238932 0.430530 0.239583 0.429616 0.240234 0.429616 0.240885 0.429616 0.241536 0.429616 0.242188 0.429616 0.242839 0.429616 0.243490 0.429616 0.244141 0.428702 0.244141 0.427788 0.244792 0.426874 0.245443 0.425960 0.244792 0.425046 0.244141 0.425046 0.243490 0.424132 0.242839 0.424132 0.242188 0.424132 0.241536 0.423218 0.240885 0.422303 0.240885 0.421389 0.240234 0.420475 0.240234 0.419561 0.240234 0.418647 0.239583 0.417733 0.238932 0.416819 0.238281 0.415905 0.237630 0.414991 0.237630 0.414077 0.237630 0.413163 0.237630 0.412249 0.238281 0.411335 0.238932 0.410420 0.239583 0.409506 0.240234 0.408592 0.240885 0.407678 0.241536 0.407678 0.242188 0.407678 0.242839 0.408592 0.243490 0.408592 0.244141 0.408592 0.244792 0.409506 0.245443 0.408592 0.246094 0.408592 0.246745 0.409506 0.247396 0.408592 0.248047 0.407678 0.248698 0.406764 0.249349 0.405850 0.250000 0.405850 0.250000 0.404936 0.250651 0.404022 0.251302 0.403108 0.251953 0.403108 0.252604 0.403108 0.253255 0.402194 0.253906 0.401280 0.254557 0.400366 0.255208 0.399452 0.255859 0.399452 0.255859 0.398537 0.255859 0.397623 0.255859 0.396709 0.255208 0.395795 0.254557 0.394881 0.254557 0.393967 0.254557 0.393053 0.254557 0.392139 0.255208 0.391225 0.255208 0.390311 0.255859 0.389397 0.255859 0.388483 0.255859 0.387569 0.255859 0.386654 0.255859 0.385740 0.256510 0.384826 0.257161 0.383912 0.257812 0.383912 0.258464 0.382998 0.259115 0.382084 0.259766 0.381170 0.260417 0.381170 0.260417 0.380256 0.261068 0.379342 0.261719 0.378428 0.262370 0.377514 0.263021 0.378428 0.263672 0.379342 0.264323 0.379342 0.264974 0.379342 0.265625 0.378428 0.266276 0.378428 0.266927 0.378428 0.267578 0.378428 0.268229 0.378428 0.268880 0.378428 0.269531 0.378428 0.270182 0.378428 0.270833 0.379342 0.271484 0.380256 0.272135 0.381170 0.272786 0.380256 0.273438 0.381170 0.274089 0.382084 0.274089 0.381170 0.274089 0.380256 0.274740 0.379342 0.275391 0.378428 0.276042 0.379342 0.275391 0.378428 0.276042 0.377514 0.276042 0.376600 0.275391 0.375686 0.275391 0.374771 0.274740 0.373857 0.274089 0.372943 0.274089 0.372029 0.273438 0.371115 0.273438 0.370201 0.272786 0.369287 0.272135 0.368373 0.271484 0.367459 0.270833 0.367459 0.270182 0.366545 0.269531 0.367459 0.268880 0.367459 0.268229 0.368373 0.267578 0.368373 0.266927 0.369287 0.266276 0.369287 0.265625 0.369287 0.264974 0.369287 0.264323 0.368373 0.263672 0.367459 0.263672 0.366545 0.264323 0.365631 0.264323 0.364717 0.264974 0.363803 0.265625 0.362888 0.266276 0.362888 0.266927 0.361974 0.267578 0.361060 0.268229 0.360146 0.268880 0.360146 0.269531 0.360146 0.270182 0.360146 0.270833 0.361060 0.271484 0.361974 0.272135 0.362888 0.272786 0.363803 0.272786 0.364717 0.273438 0.364717 0.274089 0.365631 0.274740 0.366545 0.275391 0.367459 0.276042 0.366545 0.276693 0.366545 0.277344 0.366545 0.277995 0.366545 0.278646 0.365631 0.279297 0.365631 0.279948 0.364717 0.280599 0.364717 0.281250 0.364717 0.281250 0.363803 0.281250 0.362888 0.281901 0.361974 0.281901 0.361060 0.281250 0.360146 0.280599 0.359232 0.279948 0.358318 0.279297 0.357404 0.278646 0.356490 0.277995 0.355576 0.277344 0.354662 0.277344 0.353748 0.277995 0.352834 0.278646 0.351920 0.279297 0.351005 0.279948 0.350091 0.280599 0.349177 0.281250 0.348263 0.281250 0.347349 0.281901 0.346435 0.282552 0.345521 0.282552 0.344607 0.283203 0.343693 0.283854 0.342779 0.284505 0.342779 0.285156 0.342779 0.285807 0.341865 0.286458 0.341865 0.286458 0.340951 0.287109 0.340037 0.287760 0.339122 0.288411 0.340037 0.288411 0.339122 0.289062 0.338208 0.288411 0.337294 0.288411 0.336380 0.288411 0.335466 0.289062 0.334552 0.288411 0.334552 0.287760 0.333638 0.287109 0.332724 0.286458 0.332724 0.285807 0.331810 0.285156 0.330896 0.284505 0.329982 0.283854 0.329068 0.283203 0.328154 0.282552 0.328154 0.281901 0.328154 0.281250 0.327239 0.280599 0.327239 0.279948 0.327239 0.279297 0.327239 0.278646 0.327239 0.277995 0.328154 0.277344 0.329068 0.276693 0.329982 0.276693 0.330896 0.276042 0.331810 0.276042 0.332724 0.276042 0.333638 0.276042 0.334552 0.276042 0.335466 0.276042 0.336380 0.276042 0.337294 0.276042 0.338208 0.275391 0.339122 0.275391 0.340037 0.275391 0.340951 0.274740 0.341865 0.274089 0.342779 0.273438 0.343693 0.272786 0.342779 0.272786 0.343693 0.272135 0.344607 0.271484 0.345521 0.270833 0.346435 0.270182 0.347349 0.269531 0.348263 0.268880 0.349177 0.268229 0.349177 0.267578 0.349177 0.266927 0.349177 0.266276 0.350091 0.265625 0.350091 0.265625 0.351005 0.264974 0.351920 0.264323 0.352834 0.264974 0.353748 0.264323 0.354662 0.263672 0.355576 0.263672 0.356490 0.263672 0.357404 0.263021 0.358318 0.262370 0.359232 0.261719 0.359232 0.261068 0.360146 0.260417 0.361060 0.259766 0.361060 0.259115 0.361974 0.259766 0.362888 0.259115 0.363803 0.259115 0.364717 0.259766 0.365631 0.259115 0.366545 0.259766 0.367459 0.259766 0.368373 0.259766 0.369287 0.259115 0.370201 0.259766 0.371115 0.259115 0.372029 0.258464 0.372943 0.257812 0.373857 0.257161 0.374771 0.256510 0.374771 0.255859 0.375686 0.255208 0.375686 0.254557 0.376600 0.253906 0.376600 0.253255 0.375686 0.252604 0.374771 0.252604 0.373857 0.253255 0.372943 0.253255 0.372029 0.253906 0.371115 0.253906 0.370201 0.253906 0.369287 0.254557 0.368373 0.254557 0.367459 0.255208 0.366545 0.255208 0.365631 0.255208 0.364717 0.255859 0.363803 0.255859 0.362888 0.255859 0.361974 0.256510 0.361060 0.256510 0.360146 0.256510 0.359232 0.256510 0.358318 0.257161 0.357404 0.257161 0.356490 0.257161 0.355576 0.257161 0.354662 0.257161 0.353748 0.256510 0.352834 0.256510 0.351920 0.255859 0.351920 0.255208 0.351920 0.254557 0.351920 0.253906 0.351005 0.253255 0.351005 0.252604 0.351920 0.251953 0.351005 0.251302 0.351920 0.250651 0.351005 0.250000 0.351920 0.249349 0.352834 0.248698 0.353748 0.248698 0.354662 0.248698 0.355576 0.248047 0.356490 0.248698 0.357404 0.248698 0.358318 0.248698 0.359232 0.248047 0.360146 0.248698 0.361060 0.248698 0.361974 0.249349 0.362888 0.249349 0.363803 0.249349 0.364717 0.249349 0.365631 0.248698 0.366545 0.248698 0.367459 0.248047 0.368373 0.247396 0.369287 0.247396 0.370201 0.247396 0.371115 0.247396 0.372029 0.248047 0.372943 0.248698 0.373857 0.249349 0.374771 0.249349 0.375686 0.249349 0.376600 0.250000 0.377514 0.250000 0.378428 0.250651 0.379342 0.250000 0.380256 0.250651 0.381170 0.250651 0.382084 0.250651 0.382998 0.250000 0.383912 0.250000 0.384826 0.249349 0.385740 0.248698 0.386654 0.248698 0.387569 0.248047 0.388483 0.247396 0.389397 0.247396 0.390311 0.248047 0.391225 0.247396 0.392139 0.247396 0.393053 0.247396 0.393967 0.247396 0.394881 0.247396 0.395795 0.246745 0.396709 0.246745 0.397623 0.246094 0.398537 0.245443 0.399452 0.244792 0.400366 0.244141 0.399452 0.243490 0.399452 0.242839 0.398537 0.242188 0.397623 0.242188 0.396709 0.242188 0.395795 0.242188 0.394881 0.242188 0.393967 0.242188 0.393053 0.242188 0.392139 0.242188 0.391225 0.242188 0.390311 0.242188 0.389397 0.242839 0.388483 0.242839 0.387569 0.243490 0.386654 0.243490 0.385740 0.243490 0.384826 0.244141 0.383912 0.244141 0.382998 0.244792 0.382084 0.244792 0.381170 0.244792 0.380256 0.244792 0.379342 0.244792 0.378428 0.244141 0.377514 0.244792 0.376600 0.244141 0.375686 0.243490 0.374771 0.243490 0.373857 0.242839 0.372943 0.242188 0.372943 0.241536 0.372943 0.240885 0.372943 0.240234 0.372029 0.239583 0.372943 0.238932 0.373857 0.238281 0.373857 0.237630 0.373857 0.236979 0.373857 0.236328 0.374771 0.235677 0.375686 0.235026 0.376600 0.234375 0.377514 0.234375 0.378428 0.234375 0.379342 0.235026 0.380256 0.235677 0.381170 0.236328 0.382084 0.236328 0.382998 0.236328 0.383912 0.236979 0.384826 0.236979 0.385740 0.237630 0.386654 0.238281 0.387569 0.238281 0.388483 0.238932 0.389397 0.238932 0.390311 0.239583 0.391225 0.239583 0.392139 0.239583 0.393053 0.239583 0.393967 0.239583 0.394881 0.239583 0.395795 0.240234 0.396709 0.240234 0.397623 0.240234 0.398537 0.239583 0.399452 0.238932 0.400366 0.238281 0.401280 0.237630 0.401280 0.236979 0.401280 0.236328 0.401280 0.235677 0.402194 0.235677 0.403108 0.235026 0.404022 0.235677 0.404936 0.235026 0.405850 0.235026 0.406764 0.235026 0.407678 0.235026 0.408592 0.235026 0.409506 0.234375 0.410420 0.233724 0.411335 0.233073 0.411335 0.232422 0.411335 0.231771 0.410420 0.231120 0.409506 0.230469 0.408592 0.230469 0.407678 0.229818 0.406764 0.229818 0.405850 0.229167 0.404936 0.228516 0.404022 0.227865 0.403108 0.227865 0.402194 0.228516 0.401280 0.229167 0.400366 0.229818 0.399452 0.230469 0.399452 0.231120 0.399452 0.231771 0.398537 0.232422 0.397623 0.233073 0.396709 0.233073 0.395795 0.233073 0.394881 0.233724 0.393967 0.233724 0.393053 0.233724 0.392139 0.233724 0.391225 0.233073 0.390311 0.233073 0.389397 0.232422 0.390311 0.231771 0.389397 0.231120 0.389397 0.230469 0.389397 0.229818 0.389397 0.229167 0.390311 0.228516 0.391225 0.227865 0.391225 0.227214 0.391225 0.226562 0.392139 0.225911 0.393053 0.225260 0.393967 0.224609 0.393967 0.223958 0.394881 0.223307 0.395795 0.222656 0.396709 0.222005 0.395795 0.221354 0.394881 0.220703 0.393967 0.220703 0.393053 0.220703 0.392139 0.220703 0.391225 0.220703 0.390311 0.221354 0.389397 0.222005 0.388483 0.222005 0.387569 0.222005 0.386654 0.222005 0.385740 0.222005 0.384826 0.222656 0.383912 0.222005 0.382998 0.222656 0.382084 0.222005 0.381170 0.222656 0.380256 0.222005 0.379342 0.222656 0.378428 0.222656 0.377514 0.222656 0.376600 0.222005 0.375686 0.222656 0.374771 0.222005 0.373857 0.222656 0.372943 0.222656 0.372029 0.222656 0.371115 0.222656 0.370201 0.222656 0.369287 0.222656 0.368373 0.223307 0.367459 0.222656 0.366545 0.223307 0.365631 0.222656 0.364717 0.222656 0.363803 0.223307 0.362888 0.222656 0.361974 0.222005 0.361060 0.222656 0.360146 0.222656 0.359232 0.223307 0.358318 0.222656 0.357404 0.222656 0.356490 0.223307 0.355576 0.223307 0.354662 0.222656 0.353748 0.223307 0.352834 0.223307 0.351920 0.222656 0.351005 0.222005 0.350091 0.222005 0.349177 0.222656 0.348263 0.222005 0.347349 0.222005 0.346435 0.222005 0.345521 0.222005 0.344607 0.222005 0.343693 0.222656 0.342779 0.222005 0.341865 0.222005 0.340951 0.221354 0.340037 0.221354 0.339122 0.222005 0.338208 0.221354 0.337294 0.222005 0.336380 0.222656 0.335466 0.223307 0.334552 0.223958 0.333638 0.224609 0.333638 0.225260 0.334552 0.225911 0.334552 0.226562 0.335466 0.227214 0.334552 0.227865 0.334552 0.228516 0.334552 0.229167 0.333638 0.229818 0.334552 0.230469 0.333638 0.231120 0.332724 0.231120 0.331810 0.231771 0.330896 0.232422 0.329982 0.232422 0.329068 0.232422 0.328154 0.231771 0.327239 0.231120 0.326325 0.230469 0.325411 0.230469 0.324497 0.229818 0.323583 0.229818 0.322669 0.230469 0.321755 0.229818 0.320841 0.229818 0.319927 0.229167 0.319927 0.228516 0.319927 0.227865 0.319013 0.227214 0.319013 0.226562 0.318099 0.225911 0.318099 0.225260 0.318099 0.224609 0.318099 0.223958 0.318099 0.223307 0.319013 0.223307 0.319927 0.222656 0.320841 0.222005 0.321755 0.221354 0.322669 0.220703 0.323583 0.220052 0.324497 0.219401 0.324497 0.218750 0.324497 0.218099 0.324497 0.217448 0.323583 0.216797 0.323583 0.216146 0.322669 0.215495 0.322669 0.214844 0.322669 0.214193 0.321755 0.213542 0.321755 0.212891 0.320841 0.212240 0.319927 0.212240 0.319013 0.212891 0.318099 0.213542 0.317185 0.214193 0.317185 0.214844 0.317185 0.215495 0.317185 0.216146 0.317185 0.216797 0.317185 0.217448 0.317185 0.217448 0.316271 0.218099 0.315356 0.217448 0.314442 0.217448 0.313528 0.217448 0.312614 0.216797 0.311700 0.216797 0.310786 0.216797 0.309872 0.216146 0.308958 0.216146 0.308044 0.215495 0.307130 0.215495 0.306216 0.215495 0.305302 0.215495 0.304388 0.216146 0.303473 0.215495 0.302559 0.216146 0.301645 0.216146 0.300731 0.216146 0.299817 0.216797 0.298903 0.216797 0.297989 0.216797 0.297075 0.216797 0.296161 0.216146 0.295247 0.216146 0.294333 0.215495 0.294333 0.214844 0.293419 0.214193 0.292505 0.214193 0.291590 0.213542 0.290676 0.214193 0.289762 0.213542 0.288848 0.214193 0.287934 0.214193 0.287020 0.213542 0.286106 0.213542 0.285192 0.212891 0.284278 0.212240 0.283364 0.212240 0.282450 0.211589 0.281536 0.211589 0.280622 0.212240 0.279707 0.212240 0.278793 0.212240 0.277879 0.212891 0.276965 0.213542 0.276051 0.214193 0.276051 0.214844 0.276051 0.215495 0.276051 0.216146 0.276051 0.216797 0.276051 0.217448 0.275137 0.218099 0.274223 0.217448 0.273309 0.218099 0.272395 0.218099 0.271481 0.218750 0.270567 0.219401 0.269653 0.218750 0.268739 0.218750 0.267824 0.219401 0.266910 0.219401 0.265996 0.219401 0.265082 0.218750 0.264168 0.218750 0.263254 0.218750 0.262340 0.218750 0.261426 0.218099 0.261426 0.217448 0.261426 0.216797 0.261426 0.216146 0.260512 0.215495 0.259598 0.214844 0.260512 0.214193 0.261426 0.213542 0.260512 0.212891 0.260512 0.212240 0.259598 0.211589 0.258684 0.212240 0.257770 0.211589 0.256856 0.212240 0.255941 0.212240 0.255027 0.211589 0.254113 0.210938 0.253199 0.210286 0.252285 0.209635 0.251371 0.208984 0.250457 0.208333 0.249543 0.207682 0.248629 0.207031 0.247715 0.206380 0.246801 0.205729 0.247715 0.205078 0.247715
0 0.494792 0.238574 0.494141 0.239488 0.494141 0.240402 0.493490 0.241316 0.494141 0.242230 0.493490 0.243144 0.493490 0.244059 0.492839 0.244973 0.492188 0.245887 0.491536 0.245887 0.490885 0.245887 0.490234 0.245887 0.489583 0.244973 0.488932 0.244059 0.488281 0.244059 0.487630 0.243144 0.486979 0.244059 0.486328 0.244059 0.485677 0.243144 0.485026 0.243144 0.484375 0.243144 0.483724 0.243144 0.483073 0.243144 0.482422 0.243144 0.481771 0.242230 0.481120 0.242230 0.480469 0.242230 0.479818 0.242230 0.479167 0.243144 0.478516 0.244059 0.479167 0.244973 0.479167 0.245887 0.479818 0.246801 0.479818 0.247715 0.479167 0.248629 0.479818 0.247715 0.480469 0.248629 0.481120 0.248629 0.481771 0.248629 0.482422 0.248629 0.483073 0.248629 0.483724 0.248629 0.484375 0.249543 0.485026 0.249543 0.485677 0.249543 0.486328 0.249543 0.486979 0.248629 0.487630 0.247715 0.488281 0.247715 0.488932 0.248629 0.489583 0.249543 0.490234 0.250457 0.489583 0.251371 0.488932 0.252285 0.488932 0.253199 0.488932 0.254113 0.488932 0.255027 0.488932 0.255941 0.488281 0.256856 0.488281 0.257770 0.487630 0.258684 0.486979 0.259598 0.486979 0.260512 0.486979 0.261426 0.487630 0.262340 0.486979 0.263254 0.486328 0.264168 0.486979 0.265082 0.487630 0.265082 0.488281 0.265082 0.488932 0.264168 0.489583 0.263254 0.490234 0.263254 0.490885 0.262340 0.491536 0.261426 0.492188 0.260512 0.492839 0.259598 0.493490 0.260512 0.494141 0.259598 0.494792 0.259598 0.495443 0.259598 0.496094 0.259598 0.496745 0.258684 0.497396 0.258684 0.496745 0.257770 0.496745 0.256856 0.496094 0.255941 0.495443 0.255941 0.494792 0.255027 0.494141 0.255027 0.493490 0.255027 0.492839 0.254113 0.492188 0.253199 0.492188 0.252285 0.492188 0.251371 0.492839 0.250457 0.493490 0.249543 0.494141 0.248629 0.494792 0.247715 0.495443 0.247715 0.496094 0.246801 0.496745 0.247715 0.496745 0.246801 0.496745 0.245887 0.496745 0.244973 0.497396 0.244059 0.497396 0.243144 0.497396 0.242230 0.497396 0.241316 0.497396 0.240402 0.497396 0.239488 0.496745 0.238574 0.496094 0.238574 0.495443 0.238574
0 0.401693 0.237660 0.401042 0.238574 0.400391 0.238574 0.399740 0.239488 0.399740 0.240402 0.399089 0.241316 0.399740 0.242230 0.399740 0.243144 0.400391 0.244059 0.400391 0.244973 0.400391 0.245887 0.401042 0.245887 0.401693 0.246801 0.402344 0.246801 0.402995 0.247715 0.403646 0.248629 0.403646 0.249543 0.404297 0.249543 0.404948 0.250457 0.405599 0.251371 0.406250 0.251371 0.406901 0.252285 0.407552 0.253199 0.408203 0.254113 0.408854 0.255027 0.408203 0.255941 0.408854 0.256856 0.408854 0.257770 0.408854 0.258684 0.408854 0.259598 0.408854 0.260512 0.408854 0.261426 0.409505 0.262340 0.409505 0.263254 0.409505 0.264168 0.408854 0.265082 0.408203 0.265996 0.407552 0.266910 0.406901 0.265996 0.406250 0.265082 0.405599 0.264168 0.404948 0.264168 0.404297 0.263254 0.403646 0.262340 0.402995 0.263254 0.402344 0.263254 0.401693 0.263254 0.401042 0.262340 0.400391 0.261426 0.400391 0.260512 0.400391 0.259598 0.400391 0.258684 0.399740 0.257770 0.400391 0.256856 0.399740 0.255941 0.399740 0.255027 0.399740 0.254113 0.399089 0.253199 0.398438 0.252285 0.397786 0.253199 0.397135 0.253199 0.396484 0.253199 0.395833 0.254113 0.395833 0.255027 0.395833 0.255941 0.395182 0.256856 0.394531 0.257770 0.393880 0.257770 0.393229 0.257770 0.392578 0.256856 0.391927 0.256856 0.391276 0.257770 0.390625 0.257770 0.389974 0.257770 0.389323 0.256856 0.389974 0.257770 0.389974 0.258684 0.389323 0.259598 0.388672 0.260512 0.388021 0.260512 0.387370 0.261426 0.386719 0.260512 0.386068 0.261426 0.385417 0.261426 0.384766 0.262340 0.384115 0.263254 0.383464 0.264168 0.382812 0.264168 0.382161 0.265082 0.382161 0.265996 0.382812 0.266910 0.382812 0.267824 0.383464 0.268739 0.384115 0.268739 0.384766 0.268739 0.385417 0.269653 0.386068 0.268739 0.386719 0.268739 0.387370 0.268739 0.388021 0.267824 0.388672 0.267824 0.389323 0.267824 0.389974 0.268739 0.390625 0.267824 0.391276 0.267824 0.391927 0.266910 0.392578 0.266910 0.393229 0.266910 0.393880 0.267824 0.394531 0.268739 0.395182 0.267824 0.395833 0.267824 0.396484 0.268739 0.397135 0.269653 0.397786 0.269653 0.398438 0.270567 0.399089 0.271481 0.399740 0.271481 0.400391 0.271481 0.401042 0.271481 0.401693 0.272395 0.402344 0.271481 0.402995 0.270567 0.403646 0.270567 0.404297 0.270567 0.404948 0.269653 0.405599 0.269653 0.406250 0.269653 0.406901 0.270567 0.407552 0.270567 0.408203 0.269653 0.408854 0.269653 0.409505 0.268739 0.410156 0.268739 0.410807 0.268739 0.411458 0.267824 0.412109 0.268739 0.412760 0.268739 0.413411 0.268739 0.414062 0.267824 0.413411 0.266910 0.413411 0.265996 0.412760 0.265082 0.412760 0.264168 0.412109 0.263254 0.412109 0.262340 0.412109 0.261426 0.412109 0.260512 0.411458 0.259598 0.412109 0.258684 0.412760 0.257770 0.413411 0.257770 0.414062 0.257770 0.414714 0.257770 0.415365 0.256856 0.416016 0.255941 0.416667 0.255941 0.417318 0.255027 0.417969 0.255941 0.418620 0.255941 0.419271 0.256856 0.418620 0.257770 0.417969 0.257770 0.417318 0.258684 0.416667 0.258684 0.417318 0.259598 0.417318 0.260512 0.417969 0.261426 0.417969 0.262340 0.417318 0.263254 0.417969 0.264168 0.417318 0.265082 0.417969 0.265996 0.417969 0.266910 0.417969 0.267824 0.418620 0.267824 0.419271 0.268739 0.419922 0.269653 0.419922 0.270567 0.420573 0.271481 0.420573 0.272395 0.421224 0.272395 0.421875 0.273309 0.422526 0.274223 0.423177 0.273309 0.423828 0.273309 0.424479 0.273309 0.425130 0.273309 0.425781 0.273309 0.426432 0.273309 0.426432 0.272395 0.426432 0.271481 0.425781 0.270567 0.425130 0.269653 0.425130 0.268739 0.425781 0.267824 0.426432 0.266910 0.426432 0.265996 0.425781 0.265082 0.425130 0.265082 0.424479 0.265082 0.423828 0.264168 0.423177 0.265082 0.422526 0.265996 0.421875 0.266910 0.421224 0.266910 0.420573 0.265996 0.419922 0.265082 0.420573 0.264168 0.419922 0.263254 0.419271 0.262340 0.419271 0.261426 0.419271 0.260512 0.419271 0.259598 0.419271 0.258684 0.418620 0.257770 0.419271 0.256856 0.419922 0.255941 0.420573 0.255027 0.421224 0.254113 0.421875 0.253199 0.421224 0.252285 0.420573 0.251371 0.420573 0.250457 0.421224 0.249543 0.420573 0.248629 0.420573 0.247715 0.419922 0.246801 0.420573 0.245887 0.420573 0.244973 0.421224 0.244059 0.420573 0.243144 0.419922 0.242230 0.419922 0.241316 0.419271 0.240402 0.418620 0.239488 0.417969 0.239488 0.417318 0.238574 0.416667 0.239488 0.416016 0.240402 0.415365 0.239488 0.416016 0.240402 0.415365 0.241316 0.414714 0.242230 0.415365 0.243144 0.414714 0.244059 0.415365 0.244973 0.415365 0.245887 0.415365 0.246801 0.416016 0.247715 0.416016 0.248629 0.416016 0.249543 0.416667 0.250457 0.416667 0.251371 0.417318 0.252285 0.417318 0.253199 0.417969 0.254113 0.417318 0.255027 0.416667 0.255941 0.416016 0.255941 0.415365 0.255027 0.414714 0.254113 0.414062 0.254113 0.413411 0.253199 0.412760 0.252285 0.413411 0.251371 0.412760 0.250457 0.412109 0.249543 0.411458 0.248629 0.410807 0.247715 0.410807 0.246801 0.410156 0.247715 0.409505 0.246801 0.408854 0.246801 0.408203 0.245887 0.407552 0.244973 0.406901 0.244059 0.406250 0.243144 0.405599 0.242230 0.406250 0.241316 0.405599 0.242230 0.404948 0.241316 0.404297 0.240402 0.403646 0.239488 0.402995 0.238574 0.402344 0.237660
0 0.440755 0.230347 0.440104 0.231261 0.439453 0.231261 0.438802 0.231261 0.438802 0.232176 0.438802 0.233090 0.438151 0.234004 0.437500 0.234918 0.437500 0.235832 0.436849 0.236746 0.436849 0.237660 0.436849 0.238574 0.436198 0.239488 0.436849 0.240402 0.436198 0.241316 0.436198 0.242230 0.436849 0.243144 0.436849 0.244059 0.436849 0.244973 0.436849 0.245887 0.436849 0.246801 0.437500 0.247715 0.438151 0.248629 0.437500 0.249543 0.437500 0.250457 0.438151 0.251371 0.437500 0.252285 0.436849 0.253199 0.436849 0.254113 0.437500 0.255027 0.436849 0.255941 0.436849 0.256856 0.436198 0.257770 0.436849 0.258684 0.436198 0.259598 0.436198 0.260512 0.435547 0.261426 0.434896 0.262340 0.435547 0.263254 0.435547 0.264168 0.435547 0.265082 0.434896 0.265996 0.434896 0.266910 0.434896 0.267824 0.434245 0.268739 0.434245 0.269653 0.433594 0.270567 0.434245 0.271481 0.434245 0.272395 0.434245 0.273309 0.433594 0.274223 0.432943 0.275137 0.432292 0.275137 0.431641 0.276051 0.430990 0.275137 0.430339 0.275137 0.429688 0.275137 0.429036 0.274223 0.428385 0.275137 0.427734 0.275137 0.427083 0.276051 0.427734 0.275137 0.428385 0.276051 0.429036 0.276965 0.429036 0.277879 0.429688 0.278793 0.429688 0.279707 0.430339 0.280622 0.430339 0.281536 0.430339 0.282450 0.429688 0.283364 0.429036 0.284278 0.429036 0.285192 0.429036 0.286106 0.429036 0.287020 0.429688 0.287934 0.429688 0.288848 0.430339 0.288848 0.430990 0.289762 0.431641 0.289762 0.432292 0.289762 0.432943 0.290676 0.433594 0.291590 0.433594 0.292505 0.434245 0.293419 0.434245 0.294333 0.434896 0.294333 0.435547 0.295247 0.436198 0.296161 0.436849 0.296161 0.437500 0.296161 0.438151 0.296161 0.437500 0.295247 0.437500 0.294333 0.437500 0.293419 0.436849 0.292505 0.436198 0.291590 0.435547 0.290676 0.435547 0.289762 0.436198 0.288848 0.436849 0.287934 0.436849 0.287020 0.436849 0.286106 0.437500 0.285192 0.437500 0.284278 0.436849 0.283364 0.436198 0.282450 0.436198 0.281536 0.435547 0.280622 0.434896 0.279707 0.434245 0.278793 0.434896 0.277879 0.434896 0.276965 0.434896 0.276051 0.434896 0.275137 0.434896 0.274223 0.435547 0.273309 0.436198 0.272395 0.436849 0.271481 0.437500 0.270567 0.438151 0.269653 0.438802 0.269653 0.438151 0.268739 0.438151 0.267824 0.438151 0.266910 0.438802 0.265996 0.438151 0.265082 0.438802 0.264168 0.438802 0.263254 0.439453 0.262340 0.440104 0.261426 0.440755 0.261426 0.440755 0.260512 0.440755 0.259598 0.441406 0.258684 0.441406 0.257770 0.441406 0.256856 0.442057 0.255941 0.442708 0.255027 0.442057 0.254113 0.442057 0.253199 0.442057 0.252285 0.442057 0.251371 0.442708 0.250457 0.442708 0.249543 0.443359 0.248629 0.442708 0.247715 0.443359 0.246801 0.442708 0.245887 0.442708 0.244973 0.443359 0.244059 0.442708 0.243144 0.443359 0.242230 0.443359 0.241316 0.443359 0.240402 0.444010 0.239488 0.444010 0.238574 0.444661 0.237660 0.444661 0.236746 0.444010 0.235832 0.444010 0.234918 0.443359 0.234004 0.442708 0.233090 0.442057 0.232176 0.441406 0.231261
0 0.479167 0.208410 0.478516 0.209324 0.477865 0.210238 0.478516 0.211152 0.478516 0.212066 0.478516 0.212980 0.478516 0.213894 0.477865 0.214808 0.477214 0.215722 0.476562 0.216636 0.475911 0.215722 0.476562 0.216636 0.476562 0.217550 0.477214 0.218464 0.477214 0.219378 0.477214 0.220293 0.477865 0.221207 0.477865 0.222121 0.477865 0.223035 0.478516 0.222121 0.479167 0.222121 0.479818 0.223035 0.480469 0.223035 0.481120 0.222121 0.481771 0.222121 0.482422 0.223035 0.483073 0.222121 0.483724 0.223035 0.484375 0.223035 0.485026 0.223949 0.485677 0.224863 0.486328 0.223949 0.486979 0.223949 0.487630 0.224863 0.488281 0.224863 0.488932 0.224863 0.489583 0.225777 0.490234 0.224863 0.490885 0.225777 0.491536 0.225777 0.492188 0.226691 0.492839 0.225777 0.493490 0.225777 0.494141 0.226691 0.494792 0.227605 0.494792 0.228519 0.495443 0.229433 0.495443 0.230347 0.496094 0.230347 0.496745 0.229433 0.497396 0.229433 0.496745 0.228519 0.497396 0.227605 0.497396 0.226691 0.498047 0.225777 0.497396 0.224863 0.496745 0.223949 0.496745 0.223035 0.496094 0.222121 0.495443 0.223035 0.494792 0.222121 0.494141 0.221207 0.493490 0.222121 0.492839 0.221207 0.492839 0.222121 0.492188 0.223035 0.491536 0.223949 0.490885 0.223035 0.490234 0.223035 0.489583 0.222121 0.488932 0.221207 0.488281 0.222121 0.487630 0.221207 0.486979 0.220293 0.487630 0.219378 0.486979 0.220293 0.486328 0.220293 0.485677 0.219378 0.485026 0.218464 0.485677 0.217550 0.485026 0.216636 0.484375 0.215722 0.484375 0.214808 0.483724 0.213894 0.483073 0.212980 0.483073 0.212066 0.483073 0.211152 0.483073 0.210238 0.482422 0.210238 0.481771 0.209324 0.481120 0.209324 0.480469 0.209324 0.479818 0.209324
0 0.487630 0.198355 0.488281 0.199269 0.487630 0.200183 0.486979 0.201097 0.486979 0.202011 0.486979 0.202925 0.486328 0.203839 0.486979 0.204753 0.486979 0.205667 0.486979 0.206581 0.486979 0.207495 0.487630 0.208410 0.486979 0.209324 0.487630 0.210238 0.488281 0.210238 0.488932 0.211152 0.489583 0.211152 0.489583 0.210238 0.488932 0.209324 0.489583 0.208410 0.489583 0.207495 0.489583 0.206581 0.489583 0.205667 0.489583 0.204753 0.489583 0.203839 0.489583 0.202925 0.489583 0.202011 0.490234 0.201097 0.490234 0.200183 0.489583 0.199269 0.489583 0.198355 0.488932 0.198355 0.488281 0.198355
0 0.531250 0.197441 0.531250 0.198355 0.530599 0.199269 0.530599 0.200183 0.530599 0.201097 0.529948 0.202011 0.529297 0.202925 0.528646 0.202925 0.527995 0.203839 0.527344 0.202925 0.526693 0.202011 0.526693 0.202925 0.526042 0.203839 0.526042 0.204753 0.526042 0.205667 0.526042 0.206581 0.525391 0.207495 0.524740 0.208410 0.524089 0.209324 0.524740 0.210238 0.524089 0.211152 0.523438 0.212066 0.522786 0.212066 0.522135 0.212980 0.521484 0.213894 0.520833 0.212980 0.520182 0.213894 0.519531 0.213894 0.518880 0.213894 0.518229 0.213894 0.517578 0.213894 0.516927 0.213894 0.516276 0.213894 0.515625 0.212980 0.514974 0.212066 0.514323 0.211152 0.513672 0.211152 0.513021 0.210238 0.512370 0.211152 0.512370 0.212066 0.513021 0.212980 0.513021 0.213894 0.512370 0.214808 0.511719 0.215722 0.511068 0.215722 0.511719 0.216636 0.511068 0.217550 0.510417 0.218464 0.509766 0.218464 0.509766 0.219378 0.510417 0.220293 0.510417 0.221207 0.510417 0.222121 0.511068 0.223035 0.511719 0.223949 0.511068 0.224863 0.510417 0.225777 0.509766 0.225777 0.509115 0.226691 0.508464 0.226691 0.507812 0.225777 0.507161 0.224863 0.506510 0.223949 0.506510 0.223035 0.507161 0.222121 0.507812 0.221207 0.507812 0.220293 0.508464 0.219378 0.507812 0.218464 0.507161 0.217550 0.506510 0.218464 0.505859 0.217550 0.505208 0.218464 0.504557 0.219378 0.504557 0.220293 0.504557 0.221207 0.505208 0.222121 0.504557 0.223035 0.505208 0.223949 0.505208 0.224863 0.504557 0.225777 0.504557 0.226691 0.504557 0.227605 0.503906 0.228519 0.503255 0.229433 0.502604 0.230347 0.501953 0.231261 0.501302 0.232176 0.500651 0.232176 0.500651 0.233090 0.500651 0.234004 0.500651 0.234918 0.501302 0.235832 0.501302 0.236746 0.501953 0.236746 0.502604 0.237660 0.503255 0.238574 0.503906 0.238574 0.504557 0.237660 0.505208 0.236746 0.505859 0.235832 0.506510 0.236746 0.507161 0.235832 0.507812 0.234918 0.508464 0.234004 0.509115 0.234004 0.509766 0.233090 0.510417 0.232176 0.511068 0.233090 0.511719 0.234004 0.511719 0.234918 0.512370 0.235832 0.513021 0.236746 0.513672 0.236746 0.514323 0.236746 0.514974 0.236746 0.515625 0.237660 0.516276 0.238574 0.516276 0.239488 0.516927 0.240402 0.517578 0.241316 0.516927 0.242230 0.517578 0.243144 0.518229 0.244059 0.518229 0.244973 0.518880 0.245887 0.518880 0.246801 0.519531 0.246801 0.520182 0.246801 0.520833 0.246801 0.521484 0.245887 0.522135 0.246801 0.522786 0.245887 0.523438 0.244973 0.524089 0.244973 0.523438 0.244059 0.523438 0.243144 0.524089 0.242230 0.524089 0.241316 0.524740 0.240402 0.524089 0.239488 0.524740 0.238574 0.524089 0.239488 0.523438 0.238574 0.522786 0.237660 0.523438 0.236746 0.523438 0.235832 0.522786 0.234918 0.523438 0.234004 0.522786 0.234004 0.522135 0.233090 0.521484 0.232176 0.520833 0.232176 0.520182 0.233090 0.519531 0.233090 0.519531 0.234004 0.518880 0.234918 0.518229 0.235832 0.517578 0.235832 0.516927 0.234918 0.516276 0.234004 0.515625 0.233090 0.514974 0.232176 0.514323 0.231261 0.513672 0.230347 0.513672 0.229433 0.514323 0.228519 0.513672 0.227605 0.513021 0.226691 0.513021 0.225777 0.513021 0.224863 0.513672 0.223949 0.513021 0.223035 0.513672 0.222121 0.513672 0.221207 0.513021 0.220293 0.512370 0.219378 0.513021 0.218464 0.513672 0.217550 0.514323 0.216636 0.514974 0.215722 0.515625 0.216636 0.516276 0.217550 0.516276 0.218464 0.516927 0.218464 0.517578 0.217550 0.518229 0.217550 0.518880 0.218464 0.519531 0.217550 0.520182 0.216636 0.520833 0.215722 0.521484 0.216636 0.522135 0.217550 0.522786 0.217550 0.523438 0.218464 0.524089 0.218464 0.524740 0.219378 0.525391 0.220293 0.524740 0.221207 0.525391 0.220293 0.526042 0.220293 0.526693 0.221207 0.527344 0.221207 0.527344 0.220293 0.527995 0.219378 0.528646 0.218464 0.529297 0.217550 0.528646 0.216636 0.528646 0.215722 0.528646 0.214808 0.527995 0.213894 0.527344 0.212980 0.527995 0.212066 0.527344 0.211152 0.527344 0.210238 0.527995 0.209324 0.528646 0.208410 0.529297 0.208410 0.529948 0.207495 0.530599 0.206581 0.531250 0.205667 0.531901 0.205667 0.532552 0.205667 0.533203 0.206581 0.533854 0.206581 0.534505 0.207495 0.535156 0.208410 0.535807 0.208410 0.536458 0.207495 0.537109 0.208410 0.537760 0.208410 0.538411 0.209324 0.539062 0.210238 0.539714 0.209324 0.540365 0.209324 0.541016 0.210238 0.541667 0.210238 0.542318 0.210238 0.542969 0.210238 0.543620 0.211152 0.543620 0.210238 0.544271 0.209324 0.544922 0.208410 0.545573 0.207495 0.546224 0.206581 0.545573 0.205667 0.544922 0.204753 0.544922 0.203839 0.544271 0.203839 0.543620 0.202925 0.542969 0.202011 0.542318 0.202925 0.541667 0.202011 0.541016 0.201097 0.540365 0.200183 0.539714 0.199269 0.539062 0.198355 0.539714 0.197441 0.539062 0.198355 0.538411 0.198355 0.537760 0.198355 0.537109 0.197441 0.536458 0.198355 0.535807 0.199269 0.535156 0.199269 0.534505 0.200183 0.533854 0.199269 0.533203 0.198355 0.532552 0.198355 0.531901 0.197441
0 0.445964 0.159963 0.445312 0.160878 0.444661 0.161792 0.444010 0.162706 0.443359 0.162706 0.443359 0.163620 0.442708 0.164534 0.442057 0.165448 0.441406 0.165448 0.442057 0.166362 0.442057 0.167276 0.442057 0.168190 0.442057 0.169104 0.442708 0.169104 0.443359 0.168190 0.444010 0.168190 0.444661 0.168190 0.445312 0.169104 0.445964 0.169104 0.446615 0.170018 0.447266 0.170932 0.446615 0.171846 0.447266 0.172761 0.447917 0.173675 0.448568 0.172761 0.449219 0.172761 0.449870 0.173675 0.450521 0.172761 0.451172 0.172761 0.451823 0.171846 0.452474 0.171846 0.453125 0.171846 0.453776 0.172761 0.454427 0.171846 0.455078 0.172761 0.455729 0.171846 0.456380 0.171846 0.457031 0.170932 0.457682 0.171846 0.458333 0.171846 0.458984 0.172761 0.459635 0.173675 0.460286 0.174589 0.460286 0.175503 0.460938 0.176417 0.461589 0.177331 0.461589 0.178245 0.460938 0.179159 0.461589 0.180073 0.460938 0.180987 0.460938 0.181901 0.460938 0.182815 0.460286 0.183729 0.460286 0.184644 0.460938 0.183729 0.461589 0.184644 0.462240 0.183729 0.462891 0.182815 0.463542 0.182815 0.464193 0.182815 0.464844 0.181901 0.465495 0.180987 0.466146 0.181901 0.466146 0.180987 0.466146 0.180073 0.466797 0.179159 0.466797 0.178245 0.466797 0.177331 0.467448 0.176417 0.468099 0.175503 0.468750 0.176417 0.469401 0.177331 0.470052 0.177331 0.470703 0.177331 0.471354 0.176417 0.472005 0.176417 0.472656 0.177331 0.473307 0.178245 0.473958 0.179159 0.474609 0.180073 0.473958 0.180987 0.474609 0.180987 0.475260 0.181901 0.475911 0.182815 0.475260 0.183729 0.475911 0.184644 0.475260 0.185558 0.474609 0.186472 0.473958 0.186472 0.473307 0.187386 0.472656 0.188300 0.472005 0.189214 0.472005 0.190128 0.471354 0.191042 0.472005 0.191042 0.472656 0.191956 0.473307 0.191956 0.473958 0.191042 0.474609 0.191042 0.475260 0.190128 0.475911 0.190128 0.476562 0.190128 0.477214 0.189214 0.477865 0.190128 0.478516 0.189214 0.479167 0.189214 0.479818 0.190128 0.480469 0.190128 0.481120 0.191042 0.481771 0.191042 0.482422 0.191042 0.483073 0.191956 0.483724 0.191956 0.484375 0.191956 0.485026 0.191042 0.485677 0.191042 0.486328 0.191956 0.486979 0.192870 0.486979 0.193784 0.487630 0.194698 0.487630 0.195612 0.487630 0.196527 0.488281 0.196527 0.488932 0.196527 0.489583 0.196527 0.489583 0.195612 0.490234 0.194698 0.490234 0.193784 0.490234 0.192870 0.489583 0.191956 0.490234 0.191042 0.490234 0.190128 0.490234 0.189214 0.490885 0.188300 0.491536 0.187386 0.492188 0.188300 0.492839 0.187386 0.493490 0.186472 0.494141 0.186472 0.494792 0.186472 0.495443 0.185558 0.496094 0.184644 0.496094 0.183729 0.495443 0.182815 0.495443 0.181901 0.495443 0.180987 0.494792 0.180073 0.494792 0.179159 0.494792 0.178245 0.494792 0.177331 0.494141 0.177331 0.493490 0.176417 0.492839 0.175503 0.492188 0.176417 0.491536 0.176417 0.490885 0.177331 0.491536 0.178245 0.491536 0.179159 0.491536 0.180073 0.490885 0.180987 0.490234 0.181901 0.490885 0.182815 0.490885 0.183729 0.491536 0.184644 0.490885 0.185558 0.490885 0.186472 0.490234 0.187386 0.489583 0.188300 0.488932 0.188300 0.488281 0.188300 0.487630 0.188300 0.486979 0.187386 0.486328 0.188300 0.485677 0.187386 0.485026 0.186472 0.484375 0.187386 0.483724 0.186472 0.483073 0.186472 0.482422 0.186472 0.481771 0.186472 0.481120 0.185558 0.480469 0.184644 0.479818 0.183729 0.479167 0.182815 0.479167 0.181901 0.478516 0.180987 0.477865 0.180073 0.477865 0.179159 0.477214 0.180073 0.476562 0.179159 0.475911 0.180073 0.475260 0.180073 0.474609 0.180073 0.473958 0.179159 0.473958 0.178245 0.473307 0.178245 0.472656 0.177331 0.472005 0.176417 0.471354 0.175503 0.471354 0.174589 0.470703 0.174589 0.470052 0.174589 0.469401 0.173675 0.468750 0.172761 0.468099 0.173675 0.467448 0.174589 0.466797 0.174589 0.466146 0.175503 0.465495 0.175503 0.464844 0.174589 0.464193 0.173675 0.464193 0.172761 0.463542 0.171846 0.463542 0.170932 0.462891 0.170018 0.462891 0.169104 0.462240 0.168190 0.461589 0.167276 0.460938 0.167276 0.460286 0.167276 0.459635 0.167276 0.458984 0.167276 0.458333 0.168190 0.457682 0.167276 0.457031 0.166362 0.456380 0.166362 0.455729 0.166362 0.455078 0.165448 0.454427 0.165448 0.453776 0.165448 0.453125 0.166362 0.452474 0.165448 0.451823 0.164534 0.451172 0.164534 0.450521 0.164534 0.449870 0.163620 0.449219 0.162706 0.449219 0.161792 0.448568 0.161792 0.447917 0.161792 0.447266 0.160878 0.446615 0.159963
0 0.496745 0.151737 0.496094 0.152651 0.495443 0.152651 0.494792 0.153565 0.494141 0.153565 0.493490 0.154479 0.493490 0.155393 0.493490 0.156307 0.493490 0.157221 0.494141 0.158135 0.494141 0.159049 0.494792 0.159049 0.495443 0.159963 0.496094 0.160878 0.496745 0.159963 0.497396 0.160878 0.498047 0.159963 0.498698 0.159049 0.499349 0.159049 0.500000 0.158135 0.500651 0.158135 0.500000 0.157221 0.499349 0.156307 0.499349 0.155393 0.498698 0.154479 0.498047 0.153565 0.497396 0.152651
0 0.521484 0.147166 0.520833 0.148080 0.520182 0.148080 0.520182 0.148995 0.519531 0.149909 0.519531 0.150823 0.518880 0.151737 0.518880 0.152651 0.518229 0.153565 0.518880 0.154479 0.518880 0.155393 0.519531 0.156307 0.518880 0.157221 0.519531 0.158135 0.519531 0.159049 0.520182 0.159963 0.519531 0.160878 0.520182 0.161792 0.519531 0.162706 0.519531 0.163620 0.520182 0.164534 0.520182 0.165448 0.520182 0.166362 0.519531 0.167276 0.519531 0.168190 0.519531 0.169104 0.519531 0.170018 0.519531 0.170932 0.518880 0.171846 0.518229 0.172761 0.517578 0.172761 0.516927 0.172761 0.516276 0.171846 0.515625 0.171846 0.514974 0.171846 0.514323 0.172761 0.513672 0.173675 0.513021 0.174589 0.512370 0.174589 0.513021 0.175503 0.513021 0.176417 0.513021 0.177331 0.513021 0.178245 0.512370 0.179159 0.511719 0.180073 0.511068 0.180987 0.510417 0.181901 0.509766 0.182815 0.509115 0.182815 0.508464 0.183729 0.507812 0.184644 0.507161 0.185558 0.506510 0.185558 0.507161 0.186472 0.506510 0.187386 0.505859 0.188300 0.506510 0.189214 0.505859 0.190128 0.505208 0.191042 0.504557 0.191956 0.505208 0.192870 0.504557 0.193784 0.505208 0.194698 0.504557 0.195612 0.504557 0.196527 0.505208 0.195612 0.505859 0.196527 0.506510 0.197441 0.506510 0.196527 0.507161 0.195612 0.507812 0.194698 0.507812 0.193784 0.508464 0.192870 0.508464 0.191956 0.509115 0.191042 0.509766 0.190128 0.510417 0.189214 0.511068 0.189214 0.510417 0.188300 0.511068 0.187386 0.511719 0.186472 0.512370 0.185558 0.513021 0.184644 0.513021 0.183729 0.513672 0.182815 0.514323 0.181901 0.514974 0.180987 0.514974 0.180073 0.515625 0.179159 0.516276 0.178245 0.516927 0.179159 0.517578 0.178245 0.518229 0.177331 0.518880 0.178245 0.519531 0.177331 0.520182 0.176417 0.520833 0.177331 0.521484 0.178245 0.522135 0.177331 0.522786 0.176417 0.522786 0.175503 0.522786 0.174589 0.522786 0.173675 0.523438 0.172761 0.524089 0.171846 0.524740 0.170932 0.525391 0.171846 0.526042 0.172761 0.526693 0.171846 0.527344 0.171846 0.527995 0.172761 0.528646 0.171846 0.529297 0.171846 0.529948 0.172761 0.530599 0.172761 0.531250 0.172761 0.531901 0.173675 0.532552 0.173675 0.533203 0.173675 0.533854 0.174589 0.534505 0.174589 0.535156 0.175503 0.535807 0.176417 0.536458 0.177331 0.537109 0.177331 0.537760 0.177331 0.538411 0.177331 0.539062 0.177331 0.539062 0.176417 0.539714 0.175503 0.539714 0.174589 0.539062 0.173675 0.539062 0.172761 0.538411 0.171846 0.537760 0.170932 0.537760 0.170018 0.537109 0.170018 0.536458 0.170018 0.535807 0.170932 0.535156 0.170018 0.534505 0.169104 0.534505 0.168190 0.533854 0.168190 0.533203 0.168190 0.532552 0.169104 0.531901 0.170018 0.531250 0.169104 0.530599 0.169104 0.529948 0.170018 0.529297 0.169104 0.528646 0.170018 0.527995 0.169104 0.527344 0.168190 0.527995 0.167276 0.527995 0.166362 0.527995 0.165448 0.528646 0.164534 0.529297 0.163620 0.528646 0.162706 0.527995 0.163620 0.527344 0.164534 0.526693 0.165448 0.526042 0.164534 0.525391 0.165448 0.525391 0.166362 0.525391 0.167276 0.525391 0.168190 0.524740 0.169104 0.525391 0.170018 0.524740 0.170932 0.524089 0.171846 0.523438 0.170932 0.522786 0.170018 0.523438 0.169104 0.522786 0.169104 0.522135 0.168190 0.521484 0.167276 0.521484 0.166362 0.521484 0.165448 0.522135 0.164534 0.522135 0.163620 0.522786 0.162706 0.522786 0.161792 0.523438 0.160878 0.523438 0.159963 0.523438 0.159049 0.523438 0.158135 0.522786 0.157221 0.523438 0.156307 0.524089 0.155393 0.524089 0.154479 0.524089 0.153565 0.524089 0.152651 0.524089 0.151737 0.524089 0.150823 0.524089 0.149909 0.524089 0.148995 0.523438 0.148080 0.522786 0.147166 0.522135 0.148080
0 0.472656 0.145338 0.472005 0.146252 0.471354 0.146252 0.470703 0.147166 0.470052 0.147166 0.470703 0.148080 0.470703 0.148995 0.470703 0.149909 0.471354 0.150823 0.470703 0.151737 0.470052 0.152651 0.469401 0.153565 0.468750 0.153565 0.468750 0.154479 0.468099 0.155393 0.468750 0.155393 0.469401 0.156307 0.470052 0.157221 0.470703 0.156307 0.471354 0.157221 0.472005 0.158135 0.472656 0.159049 0.472656 0.159963 0.473307 0.160878 0.473958 0.161792 0.474609 0.162706 0.475260 0.161792 0.475911 0.161792 0.476562 0.162706 0.477214 0.162706 0.477865 0.163620 0.478516 0.164534 0.479167 0.165448 0.479818 0.166362 0.480469 0.165448 0.481120 0.165448 0.481771 0.166362 0.482422 0.167276 0.481771 0.168190 0.481771 0.169104 0.482422 0.170018 0.483073 0.170932 0.482422 0.171846 0.483073 0.170932 0.483724 0.170932 0.484375 0.170018 0.485026 0.170018 0.485677 0.170932 0.486328 0.170018 0.486979 0.169104 0.487630 0.168190 0.487630 0.167276 0.487630 0.166362 0.488281 0.165448 0.487630 0.164534 0.488281 0.163620 0.488932 0.162706 0.488281 0.163620 0.487630 0.163620 0.486979 0.162706 0.486328 0.161792 0.486328 0.160878 0.485677 0.159963 0.486328 0.160878 0.485677 0.161792 0.485026 0.162706 0.484375 0.162706 0.483724 0.163620 0.483724 0.164534 0.483073 0.165448 0.482422 0.166362 0.481771 0.166362 0.481120 0.165448 0.481120 0.164534 0.481120 0.163620 0.480469 0.162706 0.481120 0.161792 0.481120 0.160878 0.480469 0.159963 0.479818 0.159963 0.479167 0.159049 0.478516 0.158135 0.477865 0.159049 0.477214 0.158135 0.476562 0.159049 0.475911 0.159963 0.475260 0.159049 0.474609 0.158135 0.474609 0.157221 0.473958 0.156307 0.473958 0.155393 0.474609 0.154479 0.475260 0.153565 0.475260 0.152651 0.475911 0.151737 0.476562 0.150823 0.475911 0.149909 0.475911 0.148995 0.475911 0.148080 0.475260 0.148080 0.474609 0.147166 0.473958 0.146252 0.473958 0.145338 0.473307 0.146252
0 0.454427 0.115174 0.453776 0.116088 0.453125 0.116088 0.452474 0.117002 0.451823 0.117002 0.451823 0.117916 0.451172 0.118830 0.450521 0.119744 0.451172 0.120658 0.451172 0.121572 0.451172 0.122486 0.451823 0.123400 0.452474 0.124314 0.452474 0.125229 0.453125 0.125229 0.453776 0.126143 0.454427 0.127057 0.455078 0.127971 0.455729 0.128885 0.455078 0.129799 0.455078 0.130713 0.455729 0.131627 0.456380 0.132541 0.457031 0.133455 0.457682 0.132541 0.458333 0.132541 0.458984 0.132541 0.459635 0.133455 0.460286 0.134369 0.460938 0.134369 0.461589 0.135283 0.462240 0.135283 0.462891 0.135283 0.463542 0.136197 0.464193 0.137112 0.464844 0.138026 0.464844 0.138940 0.464193 0.139854 0.464193 0.140768 0.464844 0.139854 0.465495 0.140768 0.466146 0.141682 0.466797 0.140768 0.467448 0.139854 0.468099 0.139854 0.468750 0.140768 0.469401 0.140768 0.470052 0.139854 0.470703 0.139854 0.471354 0.138940 0.472005 0.138940 0.471354 0.138026 0.472005 0.137112 0.472656 0.136197 0.473307 0.135283 0.473958 0.134369 0.474609 0.135283 0.475260 0.134369 0.475911 0.133455 0.476562 0.132541 0.477214 0.131627 0.477865 0.131627 0.478516 0.131627 0.479167 0.130713 0.479818 0.129799 0.480469 0.129799 0.479818 0.128885 0.480469 0.127971 0.481120 0.127057 0.481120 0.126143 0.480469 0.125229 0.479818 0.124314 0.479818 0.123400 0.479167 0.124314 0.478516 0.123400 0.477865 0.124314 0.477214 0.124314 0.477865 0.125229 0.477214 0.126143 0.476562 0.127057 0.475911 0.127971 0.475260 0.127971 0.475911 0.128885 0.475260 0.129799 0.474609 0.130713 0.473958 0.130713 0.473307 0.131627 0.473307 0.132541 0.472656 0.133455 0.472005 0.134369 0.471354 0.135283 0.470703 0.134369 0.470052 0.135283 0.469401 0.136197 0.468750 0.135283 0.468099 0.134369 0.467448 0.133455 0.467448 0.132541 0.466797 0.131627 0.467448 0.130713 0.466797 0.129799 0.467448 0.128885 0.468099 0.127971 0.467448 0.127057 0.466797 0.127057 0.466146 0.127057 0.465495 0.127971 0.464844 0.127971 0.464193 0.128885 0.463542 0.128885 0.462891 0.129799 0.462240 0.130713 0.461589 0.130713 0.460938 0.131627 0.460286 0.130713 0.459635 0.129799 0.458984 0.128885 0.458333 0.127971 0.457682 0.127057 0.458333 0.126143 0.458984 0.125229 0.458333 0.124314 0.458333 0.123400 0.458333 0.122486 0.457682 0.121572 0.457031 0.120658 0.457031 0.119744 0.457031 0.118830 0.457031 0.117916 0.456380 0.117002 0.455729 0.116088 0.455078 0.115174
0 0.434896 0.110603 0.434896 0.111517 0.434896 0.112431 0.434245 0.113346 0.434245 0.114260 0.434245 0.115174 0.433594 0.116088 0.432943 0.117002 0.432292 0.116088 0.431641 0.116088 0.430990 0.116088 0.430339 0.117002 0.429688 0.117002 0.429036 0.117002 0.429036 0.117916 0.429036 0.118830 0.429036 0.119744 0.429688 0.119744 0.430339 0.120658 0.430990 0.121572 0.431641 0.122486 0.432292 0.122486 0.432943 0.123400 0.433594 0.123400 0.434245 0.123400 0.434896 0.122486 0.435547 0.122486 0.436198 0.122486 0.436849 0.121572 0.437500 0.121572 0.438151 0.120658 0.438802 0.120658 0.439453 0.120658 0.440104 0.121572 0.440755 0.120658 0.441406 0.121572 0.442057 0.122486 0.442708 0.123400 0.442708 0.124314 0.443359 0.125229 0.443359 0.126143 0.442708 0.127057 0.442057 0.127971 0.441406 0.127971 0.440755 0.128885 0.440104 0.129799 0.440104 0.130713 0.440104 0.131627 0.439453 0.132541 0.439453 0.133455 0.439453 0.134369 0.439453 0.135283 0.440104 0.135283 0.440755 0.136197 0.441406 0.136197 0.442057 0.137112 0.442708 0.136197 0.443359 0.137112 0.444010 0.138026 0.444661 0.138026 0.445312 0.138940 0.445964 0.139854 0.446615 0.139854 0.447266 0.140768 0.447917 0.139854 0.448568 0.138940 0.449219 0.138940 0.449219 0.138026 0.449870 0.137112 0.450521 0.136197 0.451172 0.135283 0.451172 0.134369 0.451823 0.133455 0.451823 0.132541 0.452474 0.131627 0.451823 0.130713 0.451823 0.129799 0.451172 0.128885 0.450521 0.127971 0.450521 0.127057 0.449870 0.127057 0.449219 0.126143 0.448568 0.126143 0.447917 0.125229 0.447266 0.124314 0.446615 0.123400 0.445964 0.122486 0.445312 0.121572 0.444661 0.120658 0.444661 0.119744 0.444661 0.118830 0.444661 0.117916 0.445312 0.117002 0.444661 0.117002 0.444010 0.116088 0.443359 0.116088 0.443359 0.117002 0.443359 0.117916 0.442708 0.118830 0.442057 0.119744 0.441406 0.120658 0.440755 0.120658 0.440104 0.121572 0.439453 0.120658 0.438802 0.119744 0.439453 0.118830 0.440104 0.117916 0.439453 0.117002 0.439453 0.116088 0.438802 0.115174 0.439453 0.114260 0.438802 0.113346 0.438151 0.112431 0.438151 0.111517 0.437500 0.111517 0.436849 0.110603 0.436198 0.110603 0.435547 0.110603
0 0.483724 0.108775 0.483724 0.109689 0.483724 0.110603 0.483724 0.111517 0.483724 0.112431 0.483724 0.113346 0.483724 0.114260 0.484375 0.114260 0.485026 0.115174 0.485677 0.114260 0.486328 0.114260 0.486979 0.114260 0.487630 0.114260 0.488281 0.114260 0.488932 0.114260 0.489583 0.115174 0.490234 0.114260 0.490885 0.114260 0.491536 0.113346 0.490885 0.112431 0.490885 0.111517 0.490234 0.110603 0.489583 0.110603 0.488932 0.109689 0.488281 0.108775 0.487630 0.108775 0.486979 0.109689 0.486328 0.108775 0.485677 0.108775 0.485026 0.109689 0.484375 0.108775
0 0.502604 0.096892 0.502604 0.097806 0.501953 0.098720 0.502604 0.099634 0.502604 0.100548 0.502604 0.101463 0.502604 0.102377 0.503255 0.103291 0.502604 0.104205 0.502604 0.105119 0.502604 0.106033 0.501953 0.106947 0.502604 0.107861 0.503255 0.108775 0.503906 0.109689 0.504557 0.110603 0.505208 0.110603 0.505208 0.109689 0.505859 0.108775 0.505859 0.107861 0.505859 0.106947 0.506510 0.106033 0.505859 0.105119 0.505859 0.104205 0.506510 0.103291 0.506510 0.102377 0.506510 0.101463 0.505859 0.100548 0.505859 0.099634 0.505208 0.098720 0.505208 0.097806 0.504557 0.097806 0.503906 0.097806 0.503255 0.097806
0 0.480469 0.083181 0.479818 0.084095 0.479167 0.084095 0.478516 0.084095 0.477865 0.085009 0.477214 0.085923 0.477214 0.086837 0.477865 0.087751 0.477214 0.088665 0.477865 0.088665 0.478516 0.089580 0.479167 0.089580 0.479818 0.088665 0.480469 0.088665 0.481120 0.087751 0.481771 0.088665 0.482422 0.089580 0.482422 0.090494 0.483073 0.091408 0.483073 0.092322 0.483073 0.093236 0.483724 0.092322 0.484375 0.093236 0.485026 0.094150 0.485677 0.094150 0.486328 0.094150 0.486979 0.094150 0.487630 0.093236 0.488281 0.094150 0.488281 0.093236 0.487630 0.092322 0.487630 0.091408 0.486979 0.090494 0.486979 0.089580 0.486328 0.088665 0.485677 0.088665 0.485026 0.087751 0.484375 0.087751 0.483724 0.086837 0.483073 0.085923 0.483073 0.085009 0.482422 0.084095 0.481771 0.083181 0.481120 0.083181
0 0.529948 0.072212 0.529297 0.073126 0.528646 0.073126 0.527995 0.073126 0.527344 0.074040 0.526693 0.074954 0.526042 0.075868 0.525391 0.076782 0.524740 0.077697 0.524740 0.078611 0.524089 0.079525 0.524089 0.080439 0.524089 0.081353 0.523438 0.082267 0.523438 0.083181 0.523438 0.084095 0.523438 0.085009 0.522786 0.085923 0.522135 0.086837 0.521484 0.087751 0.521484 0.088665 0.520833 0.089580 0.520182 0.090494 0.519531 0.091408 0.519531 0.092322 0.518880 0.093236 0.518880 0.094150 0.518229 0.095064 0.517578 0.095978 0.516927 0.095978 0.516276 0.096892 0.515625 0.096892 0.514974 0.096892 0.514323 0.095978 0.513672 0.095064 0.513021 0.095978 0.512370 0.095064 0.511719 0.095978 0.511068 0.096892 0.510417 0.097806 0.509766 0.097806 0.510417 0.098720 0.510417 0.099634 0.511068 0.100548 0.511719 0.100548 0.512370 0.101463 0.513021 0.101463 0.513672 0.100548 0.514323 0.100548 0.514974 0.099634 0.515625 0.098720 0.516276 0.098720 0.516927 0.099634 0.517578 0.100548 0.517578 0.101463 0.518229 0.101463 0.518880 0.102377 0.519531 0.103291 0.520182 0.102377 0.520833 0.101463 0.521484 0.100548 0.522135 0.099634 0.522135 0.098720 0.522135 0.097806 0.522135 0.096892 0.522135 0.095978 0.522786 0.095064 0.523438 0.094150 0.524089 0.093236 0.524089 0.092322 0.524740 0.091408 0.525391 0.090494 0.526042 0.090494 0.526693 0.090494 0.527344 0.090494 0.527995 0.090494 0.528646 0.089580 0.529297 0.089580 0.529948 0.090494 0.530599 0.089580 0.531250 0.088665 0.531901 0.088665 0.532552 0.088665 0.533203 0.087751 0.533854 0.088665 0.534505 0.088665 0.535156 0.088665 0.535807 0.088665 0.536458 0.088665 0.537109 0.088665 0.537760 0.087751 0.538411 0.087751 0.537760 0.086837 0.538411 0.085923 0.539062 0.085009 0.539714 0.084095 0.540365 0.083181 0.541016 0.082267 0.541667 0.081353 0.541667 0.080439 0.541016 0.079525 0.541016 0.078611 0.541667 0.077697 0.541016 0.078611 0.540365 0.078611 0.539714 0.078611 0.539062 0.077697 0.538411 0.078611 0.537760 0.078611 0.537109 0.078611 0.536458 0.078611 0.536458 0.079525 0.536458 0.080439 0.536458 0.081353 0.535807 0.082267 0.535156 0.083181 0.534505 0.084095 0.533854 0.084095 0.533203 0.085009 0.532552 0.085009 0.531901 0.084095 0.531250 0.085009 0.530599 0.085009 0.529948 0.085009 0.529297 0.084095 0.528646 0.083181 0.527995 0.082267 0.528646 0.081353 0.529297 0.080439 0.529948 0.079525 0.530599 0.079525 0.531250 0.079525 0.531250 0.078611 0.531250 0.077697 0.531250 0.076782 0.531250 0.075868 0.531250 0.074954 0.530599 0.074040 0.531250 0.073126 0.530599 0.072212
0 0.592448 0.069470 0.591797 0.070384 0.591146 0.070384 0.590495 0.070384 0.589844 0.071298 0.589193 0.070384 0.589844 0.071298 0.589844 0.072212 0.589844 0.073126 0.589193 0.074040 0.589193 0.074954 0.589844 0.075868 0.589193 0.076782 0.589844 0.077697 0.589844 0.078611 0.589844 0.079525 0.589193 0.080439 0.588542 0.081353 0.587891 0.082267 0.587240 0.082267 0.586589 0.082267 0.585938 0.081353 0.585286 0.080439 0.584635 0.081353 0.583984 0.081353 0.584635 0.082267 0.583984 0.083181 0.583984 0.084095 0.583984 0.085009 0.584635 0.085923 0.585286 0.086837 0.585286 0.087751 0.585286 0.088665 0.585286 0.089580 0.584635 0.090494 0.584635 0.091408 0.583984 0.092322 0.583333 0.093236 0.583333 0.094150 0.582682 0.095064 0.582682 0.095978 0.582031 0.096892 0.582682 0.097806 0.582031 0.098720 0.581380 0.099634 0.581380 0.100548 0.580729 0.101463 0.580078 0.102377 0.580729 0.103291 0.580729 0.104205 0.580078 0.105119 0.579427 0.106033 0.579427 0.106947 0.578776 0.107861 0.578776 0.108775 0.578776 0.109689 0.578125 0.110603 0.578776 0.111517 0.578125 0.112431 0.577474 0.113346 0.576823 0.112431 0.576172 0.111517 0.575521 0.111517 0.574870 0.111517 0.574219 0.111517 0.574219 0.112431 0.574219 0.113346 0.574219 0.114260 0.574219 0.115174 0.573568 0.116088 0.574219 0.117002 0.574219 0.117916 0.574870 0.118830 0.574870 0.119744 0.574870 0.120658 0.574870 0.121572 0.575521 0.122486 0.574870 0.123400 0.574870 0.124314 0.574219 0.125229 0.573568 0.126143 0.572917 0.127057 0.572266 0.127971 0.571615 0.128885 0.570964 0.128885 0.570312 0.128885 0.569661 0.128885 0.569010 0.127971 0.568359 0.128885 0.567708 0.128885 0.567057 0.128885 0.566406 0.127971 0.565755 0.127057 0.565755 0.126143 0.565755 0.125229 0.566406 0.124314 0.567057 0.123400 0.566406 0.122486 0.567057 0.121572 0.567708 0.120658 0.567057 0.119744 0.567708 0.118830 0.567708 0.117916 0.567708 0.117002 0.567057 0.116088 0.566406 0.115174 0.566406 0.114260 0.565755 0.114260 0.565104 0.114260 0.564453 0.113346 0.563802 0.114260 0.563151 0.114260 0.563151 0.115174 0.562500 0.116088 0.562500 0.117002 0.562500 0.117916 0.562500 0.118830 0.561849 0.119744 0.562500 0.120658 0.563151 0.121572 0.563151 0.122486 0.563151 0.123400 0.562500 0.124314 0.563151 0.125229 0.563151 0.126143 0.563151 0.127057 0.563151 0.127971 0.563151 0.128885 0.562500 0.129799 0.561849 0.130713 0.561849 0.131627 0.561198 0.132541 0.560547 0.133455 0.559896 0.134369 0.559245 0.135283 0.558594 0.134369 0.557943 0.135283 0.557292 0.134369 0.556641 0.134369 0.555990 0.135283 0.555339 0.134369 0.554688 0.134369 0.554036 0.135283 0.553385 0.135283 0.552734 0.136197 0.552083 0.136197 0.551432 0.135283 0.550781 0.136197 0.550130 0.135283 0.549479 0.136197 0.548828 0.136197 0.548177 0.135283 0.547526 0.136197 0.546875 0.137112 0.546224 0.138026 0.545573 0.138026 0.544922 0.138026 0.544271 0.138940 0.543620 0.138940 0.542969 0.139854 0.542318 0.140768 0.541667 0.141682 0.541016 0.140768 0.541667 0.141682 0.541016 0.142596 0.540365 0.143510 0.540365 0.144424 0.540365 0.145338 0.539714 0.146252 0.540365 0.146252 0.541016 0.147166 0.541667 0.148080 0.542318 0.148995 0.542318 0.149909 0.542969 0.150823 0.543620 0.151737 0.544271 0.152651 0.544922 0.153565 0.545573 0.152651 0.546224 0.153565 0.546875 0.153565 0.547526 0.153565 0.548177 0.154479 0.548828 0.154479 0.549479 0.154479 0.550130 0.154479 0.550781 0.153565 0.550781 0.152651 0.551432 0.151737 0.550781 0.150823 0.550130 0.149909 0.550130 0.148995 0.549479 0.149909 0.548828 0.148995 0.548177 0.148080 0.547526 0.148080 0.546875 0.148080 0.546224 0.147166 0.545573 0.146252 0.544922 0.145338 0.545573 0.144424 0.546224 0.143510 0.546875 0.144424 0.546224 0.143510 0.546875 0.142596 0.547526 0.141682 0.548177 0.141682 0.548828 0.142596 0.549479 0.141682 0.550130 0.141682 0.550781 0.141682 0.551432 0.140768 0.552083 0.141682 0.552734 0.141682 0.553385 0.140768 0.554036 0.141682 0.554688 0.141682 0.555339 0.142596 0.555990 0.141682 0.556641 0.141682 0.557292 0.141682 0.557943 0.141682 0.558594 0.141682 0.559245 0.142596 0.559896 0.143510 0.560547 0.144424 0.561198 0.145338 0.561849 0.144424 0.562500 0.144424 0.562500 0.143510 0.563151 0.142596 0.563151 0.141682 0.563151 0.140768 0.563151 0.139854 0.562500 0.138940 0.562500 0.138026 0.562500 0.137112 0.562500 0.136197 0.561849 0.135283 0.562500 0.134369 0.563151 0.133455 0.563802 0.133455 0.564453 0.132541 0.565104 0.132541 0.565755 0.133455 0.566406 0.134369 0.567057 0.134369 0.567708 0.133455 0.568359 0.133455 0.569010 0.132541 0.569661 0.131627 0.570312 0.131627 0.570964 0.130713 0.571615 0.130713 0.572266 0.131627 0.572917 0.132541 0.573568 0.133455 0.574219 0.134369 0.574870 0.135283 0.575521 0.135283 0.576172 0.136197 0.576823 0.135283 0.577474 0.135283 0.578125 0.135283 0.578125 0.134369 0.578776 0.133455 0.578776 0.132541 0.578125 0.131627 0.578776 0.130713 0.578776 0.129799 0.578125 0.128885 0.578776 0.127971 0.579427 0.127057 0.580078 0.126143 0.580729 0.125229 0.581380 0.125229 0.582031 0.126143 0.582682 0.127057 0.582682 0.127971 0.583333 0.127971 0.583984 0.128885 0.584635 0.128885 0.585286 0.129799 0.585938 0.129799 0.586589 0.129799 0.587240 0.129799 0.587891 0.130713 0.588542 0.129799 0.589193 0.128885 0.589844 0.127971 0.590495 0.127971 0.591146 0.127971 0.591797 0.127971 0.591146 0.127057 0.591797 0.126143 0.592448 0.125229 0.593099 0.124314 0.593750 0.125229 0.594401 0.124314 0.595052 0.125229 0.595703 0.125229 0.596354 0.125229 0.597005 0.124314 0.597656 0.125229 0.598307 0.125229 0.598958 0.126143 0.599609 0.126143 0.600260 0.126143 0.600911 0.125229 0.601562 0.125229 0.602214 0.124314 0.602214 0.123400 0.602214 0.122486 0.602214 0.121572 0.602865 0.120658 0.602214 0.119744 0.601562 0.118830 0.600911 0.117916 0.600260 0.118830 0.599609 0.117916 0.598958 0.118830 0.598307 0.118830 0.597656 0.117916 0.597005 0.117002 0.596354 0.117002 0.595703 0.117002 0.595052 0.117002 0.594401 0.117916 0.595052 0.118830 0.594401 0.119744 0.593750 0.120658 0.593099 0.121572 0.592448 0.122486 0.591797 0.122486 0.591146 0.121572 0.590495 0.121572 0.589844 0.121572 0.589193 0.122486 0.588542 0.122486 0.587891 0.122486 0.587240 0.123400 0.586589 0.123400 0.585938 0.124314 0.585286 0.124314 0.584635 0.123400 0.583984 0.122486 0.583333 0.121572 0.582682 0.120658 0.582682 0.119744 0.582682 0.118830 0.582682 0.117916 0.582031 0.117002 0.582031 0.116088 0.582031 0.115174 0.582031 0.114260 0.581380 0.113346 0.582031 0.112431 0.582682 0.111517 0.583333 0.110603 0.583984 0.109689 0.583333 0.108775 0.583984 0.107861 0.584635 0.106947 0.583984 0.106033 0.583333 0.105119 0.583984 0.104205 0.584635 0.103291 0.585286 0.102377 0.585286 0.101463 0.585938 0.100548 0.585938 0.099634 0.586589 0.098720 0.587240 0.097806 0.587240 0.096892 0.587891 0.095978 0.588542 0.095064 0.587891 0.094150 0.588542 0.093236 0.587891 0.092322 0.588542 0.091408 0.588542 0.090494 0.589193 0.089580 0.589844 0.088665 0.590495 0.087751 0.591146 0.087751 0.591797 0.087751 0.592448 0.086837 0.593099 0.085923 0.593750 0.085923 0.594401 0.085923 0.595052 0.086837 0.594401 0.085923 0.595052 0.085009 0.595703 0.084095 0.596354 0.083181 0.597005 0.082267 0.597656 0.081353 0.598307 0.080439 0.598958 0.079525 0.599609 0.079525 0.600260 0.078611 0.600260 0.077697 0.600260 0.076782 0.600260 0.075868 0.600911 0.074954 0.600911 0.074040 0.600260 0.074040 0.599609 0.073126 0.598958 0.073126 0.598307 0.072212 0.597656 0.072212 0.597005 0.071298 0.596354 0.071298 0.595703 0.071298 0.595052 0.070384 0.594401 0.070384 0.593750 0.069470 0.593099 0.070384
0 0.475260 0.069470 0.474609 0.070384 0.473958 0.070384 0.473307 0.070384 0.472656 0.071298 0.472005 0.072212 0.471354 0.072212 0.470703 0.071298 0.470052 0.071298 0.469401 0.071298 0.468750 0.070384 0.468099 0.071298 0.467448 0.071298 0.466797 0.072212 0.466146 0.073126 0.465495 0.073126 0.464844 0.074040 0.464193 0.073126 0.463542 0.072212 0.462891 0.072212 0.462240 0.072212 0.461589 0.071298 0.460938 0.072212 0.460286 0.072212 0.459635 0.072212 0.458984 0.072212 0.458333 0.071298 0.457682 0.070384 0.457031 0.071298 0.456380 0.072212 0.455729 0.073126 0.455078 0.073126 0.454427 0.074040 0.453776 0.073126 0.454427 0.074040 0.453776 0.074954 0.453776 0.075868 0.453125 0.076782 0.453125 0.077697 0.453776 0.078611 0.454427 0.078611 0.455078 0.078611 0.455729 0.079525 0.456380 0.078611 0.457031 0.077697 0.457682 0.077697 0.458333 0.078611 0.458984 0.079525 0.458333 0.080439 0.458984 0.081353 0.458333 0.080439 0.458984 0.079525 0.459635 0.078611 0.460286 0.078611 0.460938 0.077697 0.461589 0.078611 0.462240 0.078611 0.462891 0.079525 0.463542 0.078611 0.464193 0.078611 0.464844 0.079525 0.464844 0.078611 0.465495 0.077697 0.466146 0.076782 0.466797 0.077697 0.467448 0.076782 0.468099 0.076782 0.468750 0.076782 0.469401 0.076782 0.470052 0.076782 0.470703 0.077697 0.471354 0.076782 0.472005 0.075868 0.472656 0.074954 0.473307 0.074954 0.473958 0.075868 0.474609 0.074954 0.475260 0.074954 0.475911 0.074954 0.476562 0.074954 0.477214 0.074040 0.477865 0.074040 0.478516 0.074040 0.479167 0.074954 0.479818 0.074954 0.480469 0.075868 0.481120 0.076782 0.481771 0.075868 0.482422 0.076782 0.483073 0.077697 0.483724 0.077697 0.483724 0.076782 0.484375 0.075868 0.483724 0.074954 0.483724 0.074040 0.483073 0.073126 0.482422 0.072212 0.481771 0.072212 0.481120 0.073126 0.480469 0.072212 0.479818 0.071298 0.479167 0.072212 0.478516 0.071298 0.477865 0.070384 0.477214 0.071298 0.476562 0.071298 0.475911 0.070384
0 0.496745 0.067642 0.496094 0.068556 0.495443 0.069470 0.494792 0.068556 0.494141 0.069470 0.493490 0.069470 0.492839 0.069470 0.492188 0.068556 0.491536 0.069470 0.490885 0.070384 0.491536 0.071298 0.490885 0.072212 0.491536 0.073126 0.492188 0.074040 0.492839 0.074954 0.493490 0.075868 0.494141 0.076782 0.494141 0.077697 0.494141 0.078611 0.494141 0.079525 0.494792 0.080439 0.495443 0.081353 0.496094 0.081353 0.496745 0.081353 0.497396 0.080439 0.497396 0.079525 0.496745 0.078611 0.496745 0.077697 0.496094 0.076782 0.495443 0.075868 0.496094 0.074954 0.496094 0.074040 0.496094 0.073126 0.496745 0.072212 0.497396 0.071298 0.498047 0.070384 0.498698 0.069470 0.498047 0.068556 0.497396 0.068556
0 0.508464 0.052102 0.507812 0.053016 0.507161 0.053016 0.506510 0.053931 0.506510 0.054845 0.506510 0.055759 0.505859 0.056673 0.505859 0.057587 0.505208 0.058501 0.504557 0.059415 0.503906 0.059415 0.503255 0.059415 0.502604 0.060329 0.501953 0.060329 0.502604 0.061243 0.501953 0.062157 0.501953 0.063071 0.501953 0.063985 0.501302 0.064899 0.501953 0.065814 0.501302 0.066728 0.501953 0.065814 0.502604 0.064899 0.503255 0.064899 0.503906 0.064899 0.504557 0.064899 0.505208 0.064899 0.505859 0.065814 0.506510 0.066728 0.507161 0.066728 0.507812 0.066728 0.508464 0.067642 0.509115 0.067642 0.509766 0.066728 0.509766 0.065814 0.509766 0.064899 0.510417 0.063985 0.511068 0.063071 0.511719 0.062157 0.512370 0.061243 0.512370 0.060329 0.512370 0.059415 0.512370 0.058501 0.511719 0.057587 0.512370 0.056673 0.511719 0.055759 0.511719 0.054845 0.511719 0.053931 0.511719 0.053016 0.511068 0.053016 0.510417 0.052102 0.509766 0.052102 0.509115 0.052102
0 0.447266 0.038391 0.446615 0.039305 0.445964 0.039305 0.445312 0.039305 0.444661 0.039305 0.444010 0.040219 0.443359 0.041133 0.442708 0.042048 0.442057 0.042048 0.441406 0.042962 0.440755 0.042962 0.440104 0.042048 0.439453 0.042962 0.438802 0.042048 0.438151 0.042048 0.437500 0.041133 0.436849 0.041133 0.436198 0.041133 0.435547 0.042048 0.434896 0.042048 0.434896 0.042962 0.434896 0.043876 0.435547 0.044790 0.436198 0.045704 0.435547 0.046618 0.436198 0.045704 0.436849 0.046618 0.437500 0.046618 0.438151 0.046618 0.438802 0.047532 0.439453 0.046618 0.440104 0.047532 0.440755 0.047532 0.441406 0.047532 0.442057 0.047532 0.442708 0.046618 0.443359 0.046618 0.444010 0.045704 0.444661 0.046618 0.445312 0.045704 0.445964 0.044790 0.446615 0.043876 0.447266 0.043876 0.447917 0.042962 0.448568 0.042962 0.449219 0.042962 0.449870 0.042962 0.450521 0.042048 0.451172 0.042048 0.451823 0.042962 0.452474 0.042962 0.453125 0.042962 0.453125 0.042048 0.452474 0.041133 0.453125 0.040219 0.452474 0.040219 0.451823 0.039305 0.451172 0.038391 0.450521 0.038391 0.449870 0.038391 0.449219 0.038391 0.448568 0.038391 0.447917 0.038391
0 0.458984 0.027422 0.458984 0.028336 0.458984 0.029250 0.458984 0.030165 0.458984 0.031079 0.458984 0.031993 0.458984 0.032907 0.459635 0.033821 0.460286 0.034735 0.460938 0.033821 0.461589 0.034735 0.462240 0.034735 0.462891 0.034735 0.463542 0.035649 0.464193 0.036563 0.464193 0.037477 0.464844 0.038391 0.464844 0.039305 0.465495 0.040219 0.466146 0.041133 0.465495 0.042048 0.466146 0.041133 0.466797 0.042048 0.467448 0.042048 0.468099 0.042962 0.468750 0.042962 0.469401 0.043876 0.470052 0.044790 0.470703 0.043876 0.471354 0.044790 0.472005 0.045704 0.471354 0.046618 0.472005 0.047532 0.472656 0.047532 0.473307 0.047532 0.473958 0.048446 0.474609 0.049360 0.473958 0.050274 0.474609 0.051188 0.475260 0.052102 0.475911 0.052102 0.476562 0.053016 0.477214 0.053931 0.476562 0.054845 0.477214 0.055759 0.477865 0.056673 0.477865 0.057587 0.478516 0.058501 0.479167 0.059415 0.479818 0.059415 0.480469 0.058501 0.481120 0.058501 0.481120 0.057587 0.481120 0.056673 0.481771 0.055759 0.481771 0.054845 0.481120 0.053931 0.480469 0.053016 0.479818 0.053016 0.479167 0.053016 0.478516 0.052102 0.477865 0.051188 0.477214 0.050274 0.477865 0.049360 0.477865 0.048446 0.477214 0.048446 0.476562 0.047532 0.475911 0.046618 0.475911 0.045704 0.475260 0.044790 0.475911 0.043876 0.475260 0.044790 0.474609 0.043876 0.473958 0.042962 0.473307 0.042962 0.472656 0.042048 0.472005 0.041133 0.471354 0.041133 0.470703 0.042048 0.470052 0.041133 0.469401 0.040219 0.470052 0.039305 0.469401 0.038391 0.469401 0.037477 0.468750 0.037477 0.468099 0.037477 0.467448 0.036563 0.466797 0.035649 0.466797 0.034735 0.466146 0.033821 0.466797 0.032907 0.466146 0.031993 0.466146 0.031079 0.465495 0.031079 0.464844 0.030165 0.464193 0.031079 0.463542 0.031079 0.462891 0.031079 0.462240 0.030165 0.461589 0.029250 0.460938 0.028336 0.460286 0.028336 0.459635 0.027422
0 0.404297 0.017367 0.403646 0.018282 0.402995 0.019196 0.402344 0.020110 0.401693 0.021024 0.402344 0.021938 0.402995 0.022852 0.402344 0.023766 0.402995 0.023766 0.403646 0.024680 0.404297 0.024680 0.404948 0.025594 0.405599 0.026508 0.404948 0.027422 0.404297 0.028336 0.403646 0.028336 0.402995 0.029250 0.402344 0.029250 0.401693 0.030165 0.401042 0.029250 0.400391 0.028336 0.399740 0.028336 0.399089 0.027422 0.398438 0.026508 0.397786 0.025594 0.397786 0.024680 0.397135 0.023766 0.396484 0.024680 0.395833 0.024680 0.395182 0.023766 0.394531 0.022852 0.394531 0.021938 0.393880 0.021024 0.393229 0.020110 0.392578 0.020110 0.391927 0.020110 0.391276 0.020110 0.390625 0.019196 0.389974 0.019196 0.389323 0.019196 0.388672 0.020110 0.388021 0.019196 0.387370 0.020110 0.386719 0.020110 0.386719 0.021024 0.386719 0.021938 0.386719 0.022852 0.386068 0.023766 0.386068 0.024680 0.386719 0.024680 0.387370 0.025594 0.388021 0.025594 0.388672 0.026508 0.389323 0.027422 0.389974 0.026508 0.390625 0.027422 0.391276 0.028336 0.391276 0.029250 0.391927 0.030165 0.391276 0.031079 0.391927 0.030165 0.392578 0.030165 0.393229 0.030165 0.393880 0.030165 0.394531 0.031079 0.395182 0.030165 0.395833 0.031079 0.396484 0.030165 0.397135 0.029250 0.397786 0.030165 0.398438 0.030165 0.399089 0.031079 0.399740 0.030165 0.400391 0.031079 0.401042 0.031079 0.401693 0.031079 0.401693 0.030165 0.402344 0.029250 0.402995 0.030165 0.403646 0.031079 0.404297 0.031993 0.404948 0.031993 0.405599 0.031993 0.406250 0.032907 0.406901 0.033821 0.406901 0.034735 0.406901 0.033821 0.406250 0.032907 0.406901 0.031993 0.407552 0.031079 0.408203 0.031079 0.408854 0.030165 0.409505 0.029250 0.410156 0.030165 0.409505 0.029250 0.410156 0.028336 0.410807 0.027422 0.411458 0.028336 0.411458 0.027422 0.410807 0.026508 0.410156 0.025594 0.409505 0.024680 0.408854 0.023766 0.408203 0.022852 0.408203 0.021938 0.408203 0.021024 0.407552 0.021024 0.406901 0.020110 0.406250 0.019196 0.406250 0.018282 0.406250 0.017367 0.405599 0.017367 0.404948 0.018282
0 0.422526 0.005484 0.421875 0.006399 0.421224 0.007313 0.420573 0.007313 0.420573 0.008227 0.420573 0.009141 0.420573 0.010055 0.419922 0.010969 0.419271 0.011883 0.419922 0.012797 0.420573 0.013711 0.421224 0.014625 0.421875 0.015539 0.422526 0.016453 0.423177 0.016453 0.423828 0.017367 0.424479 0.018282 0.425130 0.019196 0.425781 0.020110 0.426432 0.021024 0.427083 0.021938 0.427734 0.022852 0.428385 0.023766 0.427734 0.024680 0.428385 0.025594 0.429036 0.026508 0.429688 0.027422 0.429688 0.028336 0.430339 0.029250 0.430990 0.028336 0.431641 0.028336 0.432292 0.028336 0.432943 0.028336 0.433594 0.028336 0.434245 0.028336 0.434896 0.027422 0.435547 0.028336 0.435547 0.027422 0.436198 0.026508 0.436198 0.025594 0.435547 0.024680 0.434896 0.023766 0.434245 0.023766 0.433594 0.023766 0.432943 0.022852 0.432292 0.023766 0.431641 0.024680 0.430990 0.023766 0.430339 0.022852 0.429688 0.021938 0.429688 0.021024 0.429036 0.020110 0.429036 0.019196 0.428385 0.018282 0.427734 0.017367 0.428385 0.016453 0.427734 0.015539 0.428385 0.014625 0.429036 0.013711 0.429688 0.013711 0.429688 0.012797 0.430339 0.011883 0.430990 0.012797 0.431641 0.013711 0.432292 0.014625 0.432943 0.015539 0.432943 0.016453 0.433594 0.017367 0.434245 0.016453 0.434896 0.017367 0.435547 0.018282 0.436198 0.017367 0.436849 0.016453 0.437500 0.017367 0.438151 0.018282 0.438802 0.017367 0.439453 0.018282 0.440104 0.018282 0.440755 0.019196 0.441406 0.020110 0.442057 0.021024 0.442708 0.021938 0.442708 0.022852 0.442057 0.023766 0.441406 0.024680 0.440755 0.024680 0.440755 0.025594 0.440755 0.026508 0.441406 0.026508 0.442057 0.027422 0.442708 0.027422 0.443359 0.027422 0.444010 0.028336 0.444661 0.028336 0.445312 0.028336 0.445964 0.029250 0.446615 0.030165 0.447266 0.030165 0.447917 0.031079 0.448568 0.031993 0.449219 0.031993 0.449870 0.032907 0.450521 0.032907 0.451172 0.032907 0.451823 0.032907 0.451823 0.031993 0.452474 0.031079 0.451823 0.030165 0.451172 0.029250 0.451823 0.028336 0.451172 0.029250 0.450521 0.029250 0.449870 0.028336 0.449219 0.027422 0.449870 0.026508 0.449219 0.025594 0.448568 0.024680 0.447917 0.023766 0.447266 0.022852 0.447266 0.021938 0.446615 0.021024 0.446615 0.020110 0.445964 0.019196 0.445964 0.018282 0.445312 0.019196 0.444661 0.018282 0.444010 0.017367 0.443359 0.017367 0.442708 0.018282 0.442057 0.017367 0.441406 0.017367 0.440755 0.016453 0.440104 0.015539 0.439453 0.014625 0.438802 0.014625 0.438151 0.013711 0.437500 0.013711 0.436849 0.012797 0.436198 0.011883 0.435547 0.011883 0.434896 0.012797 0.434245 0.011883 0.433594 0.011883 0.432943 0.011883 0.432292 0.010969 0.431641 0.011883 0.430990 0.012797 0.430339 0.011883 0.429688 0.012797 0.429036 0.011883 0.428385 0.010969 0.428385 0.010055 0.427734 0.009141 0.427083 0.009141 0.426432 0.009141 0.425781 0.009141 0.425130 0.010055 0.424479 0.009141 0.423828 0.008227 0.423828 0.007313 0.424479 0.006399 0.423828 0.007313 0.423177 0.006399
0 0.510417 0.000914 0.511068 0.001828 0.511068 0.002742 0.511719 0.003656 0.512370 0.004570 0.512370 0.005484 0.511719 0.006399 0.511068 0.007313 0.510417 0.008227 0.509766 0.007313 0.509115 0.008227 0.508464 0.009141 0.507812 0.010055 0.507161 0.010055 0.506510 0.010969 0.505859 0.010055 0.505208 0.009141 0.504557 0.008227 0.503906 0.007313 0.503255 0.006399 0.502604 0.006399 0.501953 0.005484 0.501302 0.004570 0.501953 0.005484 0.501953 0.006399 0.501302 0.007313 0.501302 0.008227 0.500651 0.009141 0.501302 0.010055 0.501953 0.010969 0.502604 0.010969 0.503255 0.011883 0.503906 0.012797 0.503255 0.013711 0.503906 0.014625 0.503255 0.015539 0.502604 0.016453 0.501953 0.017367 0.502604 0.018282 0.501953 0.019196 0.501302 0.020110 0.500651 0.020110 0.500000 0.021024 0.499349 0.021938 0.499349 0.022852 0.498698 0.023766 0.498698 0.024680 0.498698 0.025594 0.498698 0.026508 0.499349 0.025594 0.500000 0.025594 0.500651 0.025594 0.501302 0.024680 0.501302 0.023766 0.501953 0.022852 0.501302 0.021938 0.501953 0.021024 0.502604 0.020110 0.503255 0.020110 0.503906 0.021024 0.504557 0.021024 0.505208 0.021024 0.505859 0.021938 0.506510 0.021024 0.507161 0.021938 0.507812 0.022852 0.507812 0.021938 0.508464 0.021024 0.509115 0.020110 0.509766 0.021024 0.510417 0.021024 0.511068 0.021024 0.511719 0.021024 0.512370 0.021938 0.513021 0.022852 0.513672 0.022852 0.514323 0.023766 0.514323 0.022852 0.514974 0.021938 0.514974 0.021024 0.514323 0.020110 0.514323 0.019196 0.513672 0.019196 0.513021 0.018282 0.512370 0.018282 0.511719 0.019196 0.511068 0.018282 0.510417 0.017367 0.509766 0.016453 0.509766 0.015539 0.509766 0.014625 0.510417 0.013711 0.511068 0.012797 0.511719 0.011883 0.512370 0.010969 0.513021 0.010055 0.513672 0.009141 0.514323 0.008227 0.514974 0.007313 0.514974 0.006399 0.514974 0.005484 0.515625 0.004570 0.516276 0.003656 0.516927 0.002742 0.516276 0.001828 0.516276 0.000914 0.515625 0.000914 0.514974 0.000914 0.514323 0.000914 0.513672 0.000914 0.513021 0.000914 0.512370 0.000914 0.511719 0.000914 0.511068 0.000914
0 0.467448 0.000914 0.468099 0.000914 0.468750 0.001828 0.469401 0.002742 0.469401 0.003656 0.468750 0.004570 0.468750 0.005484 0.469401 0.006399 0.469401 0.007313 0.470052 0.008227 0.470703 0.009141 0.471354 0.010055 0.472005 0.010969 0.472005 0.011883 0.472656 0.012797 0.473307 0.013711 0.473958 0.014625 0.473958 0.015539 0.474609 0.016453 0.475260 0.017367 0.475260 0.018282 0.475911 0.019196 0.476562 0.020110 0.477214 0.021024 0.477214 0.020110 0.477865 0.019196 0.478516 0.018282 0.479167 0.018282 0.478516 0.017367 0.478516 0.016453 0.479167 0.015539 0.479167 0.014625 0.478516 0.013711 0.478516 0.012797 0.478516 0.011883 0.478516 0.010969 0.479167 0.010055 0.478516 0.010055 0.477865 0.009141 0.477214 0.008227 0.477214 0.007313 0.476562 0.007313 0.475911 0.008227 0.475260 0.008227 0.474609 0.007313 0.473958 0.007313 0.473307 0.006399 0.472656 0.005484 0.472005 0.004570 0.472656 0.003656 0.472005 0.002742 0.471354 0.001828 0.471354 0.000914 0.470703 0.000914 0.470052 0.000914 0.469401 0.000914 0.468750 0.000914 0.468099 0.000914
